path,reason,size,category,references
05_src/traffic_simulation/calibration/__pycache__/__init__.cpython-311.pyc,reproducible bytecode; source exists,232,C/D,1
05_src/traffic_simulation/calibration/__pycache__/fetch_jartic.cpython-311.pyc,reproducible bytecode; source exists,22347,C/D,1
05_src/traffic_simulation/calibration/__pycache__/prepare_jartic.cpython-311.pyc,reproducible bytecode; source exists,28326,C/D,1
05_src/traffic_simulation/calibration/__pycache__/__init__.cpython-313.pyc,reproducible bytecode; source exists,221,C/D,1
05_src/traffic_simulation/calibration/__pycache__/road_census_sumo_pipeline.cpython-313.pyc,reproducible bytecode; source exists,64624,C/D,1
05_src/traffic_simulation/calibration/__pycache__/extract_osm_sumo_edge_attributes_normalized.cpython-313.pyc,reproducible bytecode; source exists,39601,C/D,1
05_src/traffic_simulation/calibration/__pycache__/investigate_route1_opposite_carriageway_boundary.cpython-313.pyc,reproducible bytecode; source exists,42698,C/D,1
05_src/traffic_simulation/calibration/__pycache__/analyze_marouter_getkpaths_trace.cpython-313.pyc,reproducible bytecode; source exists,28452,C/D,1
05_src/traffic_simulation/calibration/__pycache__/analyze_marouter_getkpaths_trace.cpython-311.pyc,reproducible bytecode; source exists,37519,C/D,1
05_src/traffic_simulation/calibration/__pycache__/assess_tokyo_pt_external_through_driver_integration.cpython-311.pyc,reproducible bytecode; source exists,9443,C/D,1
05_src/traffic_simulation/calibration/__pycache__/build_canonical_calibration_detectors.cpython-311.pyc,reproducible bytecode; source exists,25432,C/D,1
05_src/traffic_simulation/calibration/__pycache__/build_road_census_sumo_rebaseline.cpython-311.pyc,reproducible bytecode; source exists,25749,C/D,1
05_src/traffic_simulation/calibration/__pycache__/calibrate_ota_general_traffic.cpython-311.pyc,reproducible bytecode; source exists,29061,C/D,1
05_src/traffic_simulation/calibration/__pycache__/calibrate_ota_small_zone_general_traffic.cpython-311.pyc,reproducible bytecode; source exists,26972,C/D,1
05_src/traffic_simulation/calibration/__pycache__/compare_ota_spatial_support_experiments.cpython-311.pyc,reproducible bytecode; source exists,8913,C/D,1
05_src/traffic_simulation/calibration/__pycache__/compare_tokyo_pt_small_zone_driver_support.cpython-311.pyc,reproducible bytecode; source exists,9980,C/D,1
05_src/traffic_simulation/calibration/__pycache__/diagnose_marouter_route_generation.cpython-311.pyc,reproducible bytecode; source exists,46442,C/D,1
05_src/traffic_simulation/calibration/__pycache__/diagnose_ota_external_through_prior.cpython-311.pyc,reproducible bytecode; source exists,30573,C/D,1
05_src/traffic_simulation/calibration/__pycache__/diagnose_ota_initial_demand_spatial_support.cpython-311.pyc,reproducible bytecode; source exists,23397,C/D,1
05_src/traffic_simulation/calibration/__pycache__/extract_osm_sumo_edge_attributes_normalized.cpython-311.pyc,reproducible bytecode; source exists,49833,C/D,1
05_src/traffic_simulation/calibration/__pycache__/fetch_tokyo_pt_od.cpython-311.pyc,reproducible bytecode; source exists,5488,C/D,1
05_src/traffic_simulation/calibration/__pycache__/finalize_external_observation_mapping.cpython-311.pyc,reproducible bytecode; source exists,81894,C/D,1
05_src/traffic_simulation/calibration/__pycache__/finalize_external_observation_mapping_candidates.cpython-311.pyc,reproducible bytecode; source exists,35008,C/D,1
05_src/traffic_simulation/calibration/__pycache__/finalize_lane_direction_assumption_review.cpython-311.pyc,reproducible bytecode; source exists,28745,C/D,1
05_src/traffic_simulation/calibration/__pycache__/finalize_road_census_sumo_mapping.cpython-311.pyc,reproducible bytecode; source exists,44138,C/D,1
05_src/traffic_simulation/calibration/__pycache__/finalize_traffic_comparison_cross_section_review.cpython-311.pyc,reproducible bytecode; source exists,25883,C/D,1
05_src/traffic_simulation/calibration/__pycache__/fix_ota_sumo_measurement_locations.cpython-311.pyc,reproducible bytecode; source exists,49152,C/D,1
05_src/traffic_simulation/calibration/__pycache__/formalize_external_observation_inventory.cpython-311.pyc,reproducible bytecode; source exists,41001,C/D,1
05_src/traffic_simulation/calibration/__pycache__/formalize_partial_edge_mapping.cpython-311.pyc,reproducible bytecode; source exists,41233,C/D,1
05_src/traffic_simulation/calibration/__pycache__/inventory_final_mapping_manual_review.cpython-311.pyc,reproducible bytecode; source exists,44025,C/D,1
05_src/traffic_simulation/calibration/__pycache__/inventory_research_assumptions.cpython-311.pyc,reproducible bytecode; source exists,31722,C/D,1
05_src/traffic_simulation/calibration/__pycache__/investigate_external_observation_directions.cpython-311.pyc,reproducible bytecode; source exists,55588,C/D,1
05_src/traffic_simulation/calibration/__pycache__/investigate_external_observation_reverse_gaps.cpython-311.pyc,reproducible bytecode; source exists,47861,C/D,1
05_src/traffic_simulation/calibration/__pycache__/investigate_route1_opposite_carriageway_boundary.cpython-311.pyc,reproducible bytecode; source exists,50452,C/D,1
05_src/traffic_simulation/calibration/__pycache__/investigate_route316_directions.cpython-311.pyc,reproducible bytecode; source exists,59081,C/D,1
05_src/traffic_simulation/calibration/__pycache__/normalize_road_census_section_attributes.cpython-311.pyc,reproducible bytecode; source exists,30296,C/D,1
05_src/traffic_simulation/calibration/__pycache__/prepare_ota_official_traffic_calibration.cpython-311.pyc,reproducible bytecode; source exists,52939,C/D,1
05_src/traffic_simulation/calibration/__pycache__/prepare_tokyo_pt_external_through_driver_od.cpython-311.pyc,reproducible bytecode; source exists,26893,C/D,1
05_src/traffic_simulation/calibration/__pycache__/prepare_tokyo_pt_small_zone_driving_od.cpython-311.pyc,reproducible bytecode; source exists,24754,C/D,1
05_src/traffic_simulation/calibration/__pycache__/prepare_tokyo_pt_sumo_od.cpython-311.pyc,reproducible bytecode; source exists,30204,C/D,1
05_src/traffic_simulation/calibration/__pycache__/refine_lane_direction_assumptions.cpython-311.pyc,reproducible bytecode; source exists,27073,C/D,1
05_src/traffic_simulation/calibration/__pycache__/refine_speed_assumptions.cpython-311.pyc,reproducible bytecode; source exists,23598,C/D,1
05_src/traffic_simulation/calibration/__pycache__/refine_traffic_comparison_cross_sections.cpython-311.pyc,reproducible bytecode; source exists,26891,C/D,1
05_src/traffic_simulation/calibration/__pycache__/review_external_observation_opposite_carriageway_adoption.cpython-311.pyc,reproducible bytecode; source exists,40003,C/D,1
05_src/traffic_simulation/calibration/__pycache__/review_route316_opposite_carriageway_adoption.cpython-311.pyc,reproducible bytecode; source exists,42155,C/D,1
05_src/traffic_simulation/calibration/__pycache__/review_traffic_comparison_data_availability.cpython-311.pyc,reproducible bytecode; source exists,28633,C/D,1
05_src/traffic_simulation/calibration/__pycache__/road_census_sumo_pipeline.cpython-311.pyc,reproducible bytecode; source exists,76886,C/D,1
05_src/traffic_simulation/demand/__pycache__/__init__.cpython-311.pyc,reproducible bytecode; source exists,235,C/D,1
05_src/traffic_simulation/demand/__pycache__/prepare_baseline_demand.cpython-311.pyc,reproducible bytecode; source exists,42977,C/D,1
05_src/traffic_simulation/demand/__pycache__/finalize_evrp_r09_v18_manifest.cpython-313.pyc,reproducible bytecode; source exists,2344,C/D,1
05_src/traffic_simulation/demand/__pycache__/generate_evrp_r04_demand_weights.cpython-313.pyc,reproducible bytecode; source exists,18053,C/D,1
05_src/traffic_simulation/demand/__pycache__/generate_evrp_r05_pps_sampling.cpython-313.pyc,reproducible bytecode; source exists,11647,C/D,1
05_src/traffic_simulation/demand/__pycache__/generate_evrp_r06_customer_demand.cpython-313.pyc,reproducible bytecode; source exists,10458,C/D,1
05_src/traffic_simulation/demand/__pycache__/generate_evrp_r07_time_windows.cpython-313.pyc,reproducible bytecode; source exists,12012,C/D,1
05_src/traffic_simulation/demand/__pycache__/generate_evrp_r08_service_times.cpython-313.pyc,reproducible bytecode; source exists,8772,C/D,1
05_src/traffic_simulation/demand/__pycache__/generate_evrp_r09_depot.cpython-313.pyc,reproducible bytecode; source exists,12879,C/D,1
05_src/traffic_simulation/demand/__pycache__/generate_evrp_r10_ev.cpython-313.pyc,reproducible bytecode; source exists,7036,C/D,1
05_src/traffic_simulation/demand/__pycache__/validate_candidate_delivery_locations.cpython-313.pyc,reproducible bytecode; source exists,9133,C/D,1
05_src/traffic_simulation/demand/__pycache__/validate_evrp_r05_pps_sampling.cpython-313.pyc,reproducible bytecode; source exists,7671,C/D,1
05_src/traffic_simulation/demand/__pycache__/validate_evrp_r06_customer_demand.cpython-313.pyc,reproducible bytecode; source exists,6023,C/D,1
05_src/traffic_simulation/demand/__pycache__/validate_evrp_r07_time_windows.cpython-313.pyc,reproducible bytecode; source exists,6246,C/D,1
05_src/traffic_simulation/demand/__pycache__/validate_evrp_r08_service_times.cpython-313.pyc,reproducible bytecode; source exists,4809,C/D,1
05_src/traffic_simulation/demand/__pycache__/validate_evrp_r09_depot.cpython-313.pyc,reproducible bytecode; source exists,5031,C/D,1
05_src/traffic_simulation/demand/__pycache__/validate_evrp_r09_depot_v18.cpython-313.pyc,reproducible bytecode; source exists,5700,C/D,1
05_src/traffic_simulation/demand/__pycache__/validate_evrp_r10_ev.cpython-313.pyc,reproducible bytecode; source exists,6678,C/D,1
05_src/traffic_simulation/demand/__pycache__/finalize_evrp_r09_v18_manifest.cpython-311.pyc,reproducible bytecode; source exists,2747,C/D,1
05_src/traffic_simulation/demand/__pycache__/generate_evrp_r04_demand_weights.cpython-311.pyc,reproducible bytecode; source exists,21314,C/D,1
05_src/traffic_simulation/demand/__pycache__/generate_evrp_r05_pps_sampling.cpython-311.pyc,reproducible bytecode; source exists,14182,C/D,1
05_src/traffic_simulation/demand/__pycache__/generate_evrp_r06_customer_demand.cpython-311.pyc,reproducible bytecode; source exists,12378,C/D,1
05_src/traffic_simulation/demand/__pycache__/generate_evrp_r07_time_windows.cpython-311.pyc,reproducible bytecode; source exists,14414,C/D,1
05_src/traffic_simulation/demand/__pycache__/generate_evrp_r08_service_times.cpython-311.pyc,reproducible bytecode; source exists,10336,C/D,1
05_src/traffic_simulation/demand/__pycache__/generate_evrp_r09_depot.cpython-311.pyc,reproducible bytecode; source exists,15852,C/D,1
05_src/traffic_simulation/demand/__pycache__/generate_evrp_r10_ev.cpython-311.pyc,reproducible bytecode; source exists,8148,C/D,1
05_src/traffic_simulation/demand/__pycache__/validate_candidate_delivery_locations.cpython-311.pyc,reproducible bytecode; source exists,10729,C/D,1
05_src/traffic_simulation/demand/__pycache__/validate_evrp_r05_pps_sampling.cpython-311.pyc,reproducible bytecode; source exists,9547,C/D,1
05_src/traffic_simulation/demand/__pycache__/validate_evrp_r06_customer_demand.cpython-311.pyc,reproducible bytecode; source exists,7154,C/D,1
05_src/traffic_simulation/demand/__pycache__/validate_evrp_r07_time_windows.cpython-311.pyc,reproducible bytecode; source exists,7446,C/D,1
05_src/traffic_simulation/demand/__pycache__/validate_evrp_r08_service_times.cpython-311.pyc,reproducible bytecode; source exists,5602,C/D,1
05_src/traffic_simulation/demand/__pycache__/validate_evrp_r09_depot.cpython-311.pyc,reproducible bytecode; source exists,5914,C/D,1
05_src/traffic_simulation/demand/__pycache__/validate_evrp_r09_depot_v18.cpython-311.pyc,reproducible bytecode; source exists,6454,C/D,1
05_src/traffic_simulation/demand/__pycache__/validate_evrp_r10_ev.cpython-311.pyc,reproducible bytecode; source exists,7649,C/D,1
05_src/traffic_simulation/network/__pycache__/__init__.cpython-311.pyc,reproducible bytecode; source exists,239,C/D,1
05_src/traffic_simulation/network/__pycache__/analyze_osm_attributes.cpython-311.pyc,reproducible bytecode; source exists,22956,C/D,1
05_src/traffic_simulation/network/__pycache__/approved_attribute_resolution_policy.cpython-311.pyc,reproducible bytecode; source exists,11497,C/D,1
05_src/traffic_simulation/network/__pycache__/validate_attribute_classification.cpython-311.pyc,reproducible bytecode; source exists,78556,C/D,1
05_src/traffic_simulation/network/__pycache__/attribute_resolution_state_v17.cpython-311.pyc,reproducible bytecode; source exists,20360,C/D,1
05_src/traffic_simulation/network/__pycache__/build_sumo_network.cpython-311.pyc,reproducible bytecode; source exists,40679,C/D,1
05_src/traffic_simulation/network/__pycache__/study_areas.cpython-311.pyc,reproducible bytecode; source exists,34337,C/D,1
05_src/traffic_simulation/network/__pycache__/classify_attribute_criticality.cpython-311.pyc,reproducible bytecode; source exists,20076,C/D,1
05_src/traffic_simulation/network/__pycache__/resolve_osm_attributes.cpython-311.pyc,reproducible bytecode; source exists,110349,C/D,1
05_src/traffic_simulation/network/__pycache__/generate_attribute_classification_predicates.cpython-311.pyc,reproducible bytecode; source exists,34617,C/D,1
05_src/traffic_simulation/network/__pycache__/directed_segments_v17.cpython-311.pyc,reproducible bytecode; source exists,35593,C/D,1
05_src/traffic_simulation/network/__pycache__/compare_phase13_psv_probe.cpython-311.pyc,reproducible bytecode; source exists,29319,C/D,1
05_src/traffic_simulation/network/__pycache__/conditional_access_v17.cpython-311.pyc,reproducible bytecode; source exists,43688,C/D,1
05_src/traffic_simulation/network/__pycache__/scenario_context_v17.cpython-311.pyc,reproducible bytecode; source exists,13230,C/D,1
05_src/traffic_simulation/network/__pycache__/evidence_resolution_v17.cpython-311.pyc,reproducible bytecode; source exists,18888,C/D,1
05_src/traffic_simulation/network/__pycache__/fetch_osm.cpython-311.pyc,reproducible bytecode; source exists,41992,C/D,1
05_src/traffic_simulation/network/__pycache__/final_permission_v17.cpython-311.pyc,reproducible bytecode; source exists,21900,C/D,1
05_src/traffic_simulation/network/__pycache__/formal_blocker_governance_v17.cpython-311.pyc,reproducible bytecode; source exists,16430,C/D,1
05_src/traffic_simulation/network/__pycache__/speed_resolution_v17.cpython-311.pyc,reproducible bytecode; source exists,35155,C/D,1
05_src/traffic_simulation/network/__pycache__/validate_v17_phase12_output_contract.cpython-311.pyc,reproducible bytecode; source exists,11202,C/D,1
05_src/traffic_simulation/network/__pycache__/validate_v17_phase12_run_completion.cpython-311.pyc,reproducible bytecode; source exists,51621,C/D,1
05_src/traffic_simulation/network/__pycache__/validate_v17_phase13_input_lock.cpython-311.pyc,reproducible bytecode; source exists,5844,C/D,1
05_src/traffic_simulation/network/__pycache__/resolve_attribute_values.cpython-311.pyc,reproducible bytecode; source exists,22485,C/D,1
05_src/traffic_simulation/network/__pycache__/classify_resolver_exceptions.cpython-311.pyc,reproducible bytecode; source exists,13096,C/D,1
05_src/traffic_simulation/network/__pycache__/resolver_integration_v17.cpython-311.pyc,reproducible bytecode; source exists,13857,C/D,1
05_src/traffic_simulation/network/__pycache__/summarize_resolver_dry_run.cpython-311.pyc,reproducible bytecode; source exists,17243,C/D,1
05_src/traffic_simulation/network/__pycache__/validate_sumo_network_config.cpython-311.pyc,reproducible bytecode; source exists,24714,C/D,1
05_src/traffic_simulation/network/__pycache__/build_urban_lastmile_vehicle_tables_v1.cpython-311.pyc,reproducible bytecode; source exists,17638,C/D,1
05_src/traffic_simulation/network/__pycache__/validate_urban_lastmile_vehicle_population_v1.cpython-311.pyc,reproducible bytecode; source exists,12912,C/D,1
05_src/traffic_simulation/network/__pycache__/analyze_lane_evidence_options.cpython-311.pyc,source absent; preserve orphan bytecode,7035,C/D,0
05_src/traffic_simulation/network/__pycache__/revalidate_current_formal_network_acceptance_v2.cpython-311.pyc,source absent; preserve orphan bytecode,7047,C/D,0
05_src/traffic_simulation/network/__pycache__/validate_formal_lane_evidence_policy.cpython-313.pyc,source absent; preserve orphan bytecode,19923,C/D,0
05_src/traffic_simulation/network/__pycache__/apply_formal_lane_deterministic_rules_candidate.cpython-313.pyc,source absent; preserve orphan bytecode,10072,C/D,0
05_src/traffic_simulation/network/__pycache__/evaluate_lane_imputation_v18_candidate.cpython-311.pyc,source absent; preserve orphan bytecode,44590,C/D,0
05_src/traffic_simulation/network/__pycache__/validate_v17_phase8_final_permission.cpython-311.pyc,reproducible bytecode; source exists,12528,C/D,1
05_src/traffic_simulation/network/__pycache__/validate_v17_phase7_conditional_access.cpython-311.pyc,reproducible bytecode; source exists,16356,C/D,1
05_src/traffic_simulation/network/__pycache__/validate_v17_phase6_static_access.cpython-311.pyc,reproducible bytecode; source exists,13714,C/D,1
05_src/traffic_simulation/network/__pycache__/validate_v17_phase4_directed_segments.cpython-311.pyc,reproducible bytecode; source exists,11121,C/D,1
05_src/traffic_simulation/network/__pycache__/validate_v17_phase3_state_migration.cpython-311.pyc,reproducible bytecode; source exists,12123,C/D,1
05_src/traffic_simulation/network/__pycache__/review_connection_junction_tls_candidate.cpython-311.pyc,source absent; preserve orphan bytecode,22215,C/D,0
05_src/traffic_simulation/network/__pycache__/permission_materializer_v17.cpython-311.pyc,source absent; preserve orphan bytecode,32286,C/D,0
05_src/traffic_simulation/network/__pycache__/export_phase12_permission_expectations_v2.cpython-313.pyc,source absent; preserve orphan bytecode,37482,C/D,0
05_src/traffic_simulation/network/__pycache__/export_phase12_permission_expectations_v2.cpython-311.pyc,source absent; preserve orphan bytecode,43532,C/D,0
05_src/traffic_simulation/network/__pycache__/validate_v17_phase9_speed_resolution.cpython-311.pyc,reproducible bytecode; source exists,12716,C/D,1
05_src/traffic_simulation/network/__pycache__/validate_v17_formal_blocker_policy.cpython-311.pyc,reproducible bytecode; source exists,8955,C/D,1
05_src/traffic_simulation/network/__pycache__/validate_v17_phase10_evidence_resolution.cpython-311.pyc,reproducible bytecode; source exists,14946,C/D,1
05_src/traffic_simulation/network/__pycache__/__init__.cpython-313.pyc,reproducible bytecode; source exists,228,C/D,1
05_src/traffic_simulation/network/__pycache__/validate_v17_phase5_directional_lanes.cpython-313.pyc,reproducible bytecode; source exists,10147,C/D,1
05_src/traffic_simulation/network/__pycache__/validate_v17_phase6_static_access.cpython-313.pyc,reproducible bytecode; source exists,11394,C/D,1
05_src/traffic_simulation/network/__pycache__/validate_v17_phase7_conditional_access.cpython-313.pyc,reproducible bytecode; source exists,13745,C/D,1
05_src/traffic_simulation/network/__pycache__/validate_v17_phase8_final_permission.cpython-313.pyc,reproducible bytecode; source exists,10363,C/D,1
05_src/traffic_simulation/network/__pycache__/validate_v17_phase9_speed_resolution.cpython-313.pyc,reproducible bytecode; source exists,10513,C/D,1
05_src/traffic_simulation/network/__pycache__/validate_v17_phase10_evidence_resolution.cpython-313.pyc,reproducible bytecode; source exists,12832,C/D,1
05_src/traffic_simulation/network/__pycache__/validate_v17_phase11_resolver_integration.cpython-313.pyc,reproducible bytecode; source exists,8798,C/D,1
05_src/traffic_simulation/network/__pycache__/validate_v17_phase12_output_contract.cpython-313.pyc,reproducible bytecode; source exists,9504,C/D,1
05_src/traffic_simulation/network/__pycache__/validate_v17_phase11_resolver_integration.cpython-311.pyc,reproducible bytecode; source exists,11018,C/D,1
05_src/traffic_simulation/network/__pycache__/execute_v17_phase12_full_population.cpython-313.pyc,reproducible bytecode; source exists,51684,C/D,1
05_src/traffic_simulation/network/__pycache__/directional_lanes_v17.cpython-313.pyc,reproducible bytecode; source exists,32679,C/D,1
05_src/traffic_simulation/network/__pycache__/audit_network_xml_geometry.cpython-313.pyc,reproducible bytecode; source exists,6848,C/D,1
05_src/traffic_simulation/network/__pycache__/repair_network_geometry_lengths.cpython-313.pyc,reproducible bytecode; source exists,9178,C/D,1
05_src/traffic_simulation/network/__pycache__/validate_geometry_length_reacceptance.cpython-313.pyc,reproducible bytecode; source exists,16561,C/D,1
05_src/traffic_simulation/network/__pycache__/accept_three_tier_network_run.cpython-311.pyc,reproducible bytecode; source exists,13969,C/D,1
05_src/traffic_simulation/network/__pycache__/analyze_three_tier_failure_cohort.cpython-311.pyc,reproducible bytecode; source exists,6454,C/D,1
05_src/traffic_simulation/network/__pycache__/apply_three_tier_routeable_mapping_fix.cpython-311.pyc,reproducible bytecode; source exists,1665,C/D,1
05_src/traffic_simulation/network/__pycache__/audit_network_xml_geometry.cpython-311.pyc,reproducible bytecode; source exists,8015,C/D,1
05_src/traffic_simulation/network/__pycache__/catalog_phase13_x1_official_sources.cpython-311.pyc,reproducible bytecode; source exists,10714,C/D,1
05_src/traffic_simulation/network/__pycache__/compare_phase13_foot_use_sidepath_probe.cpython-311.pyc,reproducible bytecode; source exists,23133,C/D,1
05_src/traffic_simulation/network/__pycache__/compare_phase13_horse_probe.cpython-311.pyc,reproducible bytecode; source exists,26941,C/D,1
05_src/traffic_simulation/network/__pycache__/compare_phase13_lanes2_formal_probe.cpython-311.pyc,reproducible bytecode; source exists,24073,C/D,1
05_src/traffic_simulation/network/__pycache__/compare_phase13_missing_lane_simulation_fallback.cpython-311.pyc,reproducible bytecode; source exists,11605,C/D,1
05_src/traffic_simulation/network/__pycache__/compare_phase13_motorcar_probe.cpython-311.pyc,reproducible bytecode; source exists,14291,C/D,1
05_src/traffic_simulation/network/__pycache__/compare_phase13_oneway_road_lane_vector_probe.cpython-311.pyc,reproducible bytecode; source exists,23472,C/D,1
05_src/traffic_simulation/network/__pycache__/compare_phase13_shared_single_lane_probe.cpython-311.pyc,reproducible bytecode; source exists,20334,C/D,1
05_src/traffic_simulation/network/__pycache__/compare_phase13_use_sidepath_probe.cpython-311.pyc,reproducible bytecode; source exists,22339,C/D,1
05_src/traffic_simulation/network/__pycache__/directional_lanes_v17.cpython-311.pyc,reproducible bytecode; source exists,37336,C/D,1
05_src/traffic_simulation/network/__pycache__/execute_phase13_missing_lane_simulation_fallback.cpython-311.pyc,reproducible bytecode; source exists,11628,C/D,1
05_src/traffic_simulation/network/__pycache__/execute_three_tier_completion.cpython-311.pyc,reproducible bytecode; source exists,17428,C/D,1
05_src/traffic_simulation/network/__pycache__/execute_three_tier_completion_streaming.cpython-311.pyc,reproducible bytecode; source exists,19939,C/D,1
05_src/traffic_simulation/network/__pycache__/execute_v17_phase12_full_population.cpython-311.pyc,reproducible bytecode; source exists,62974,C/D,1
05_src/traffic_simulation/network/__pycache__/execute_v17_phase12_successor_full_population.cpython-311.pyc,reproducible bytecode; source exists,31277,C/D,1
05_src/traffic_simulation/network/__pycache__/extract_phase13_vehicle_ontology_records.cpython-311.pyc,reproducible bytecode; source exists,18361,C/D,1
05_src/traffic_simulation/network/__pycache__/finalize_three_tier_acceptance.cpython-311.pyc,reproducible bytecode; source exists,4325,C/D,1
05_src/traffic_simulation/network/__pycache__/finalize_three_tier_postchecks.cpython-311.pyc,reproducible bytecode; source exists,6694,C/D,1
05_src/traffic_simulation/network/__pycache__/investigate_phase13_x1_official_evidence.cpython-311.pyc,reproducible bytecode; source exists,25731,C/D,1
05_src/traffic_simulation/network/__pycache__/investigate_phase13_x1_temporal_review.cpython-311.pyc,reproducible bytecode; source exists,21205,C/D,1
05_src/traffic_simulation/network/__pycache__/investigate_v17_directional_lane_blockers.cpython-311.pyc,reproducible bytecode; source exists,20554,C/D,1
05_src/traffic_simulation/network/__pycache__/investigate_v17_relation_mapping_blockers.cpython-311.pyc,reproducible bytecode; source exists,19185,C/D,1
05_src/traffic_simulation/network/__pycache__/match_phase13_x1_mlit_r3.cpython-311.pyc,reproducible bytecode; source exists,20057,C/D,1
05_src/traffic_simulation/network/__pycache__/oneway_materialization_v17.cpython-311.pyc,reproducible bytecode; source exists,13917,C/D,1
05_src/traffic_simulation/network/__pycache__/project_v17_phase12_blockers.cpython-311.pyc,reproducible bytecode; source exists,33100,C/D,1
05_src/traffic_simulation/network/__pycache__/repair_network_geometry_lengths.cpython-311.pyc,reproducible bytecode; source exists,10163,C/D,1
05_src/traffic_simulation/network/__pycache__/review_three_tier_route_failures.cpython-311.pyc,reproducible bytecode; source exists,5521,C/D,1
05_src/traffic_simulation/network/__pycache__/run_v16_attribute_resolution.cpython-311.pyc,reproducible bytecode; source exists,17120,C/D,1
05_src/traffic_simulation/network/__pycache__/simulation_lane_fallback_v17.cpython-311.pyc,reproducible bytecode; source exists,22216,C/D,1
05_src/traffic_simulation/network/__pycache__/static_access_v17.cpython-311.pyc,reproducible bytecode; source exists,35674,C/D,1
05_src/traffic_simulation/network/__pycache__/validate_current_markdown_index.cpython-311.pyc,reproducible bytecode; source exists,26174,C/D,1
05_src/traffic_simulation/network/__pycache__/validate_current_network_completion_authority.cpython-311.pyc,reproducible bytecode; source exists,3812,C/D,1
05_src/traffic_simulation/network/__pycache__/validate_existing_phase12_run.cpython-311.pyc,reproducible bytecode; source exists,8712,C/D,1
05_src/traffic_simulation/network/__pycache__/validate_formal_completion_three_tier_registry.cpython-311.pyc,reproducible bytecode; source exists,3711,C/D,1
05_src/traffic_simulation/network/__pycache__/validate_geometry_length_reacceptance.cpython-311.pyc,reproducible bytecode; source exists,20623,C/D,1
05_src/traffic_simulation/network/__pycache__/validate_network_completion_pipeline.cpython-311.pyc,reproducible bytecode; source exists,2410,C/D,1
05_src/traffic_simulation/network/__pycache__/validate_research_map_portal.cpython-311.pyc,reproducible bytecode; source exists,13291,C/D,1
05_src/traffic_simulation/network/__pycache__/validate_research_pipeline_reference.cpython-311.pyc,reproducible bytecode; source exists,9424,C/D,1
05_src/traffic_simulation/network/__pycache__/validate_research_repository_index.cpython-311.pyc,reproducible bytecode; source exists,4906,C/D,1
05_src/traffic_simulation/network/__pycache__/validate_three_tier_completion.cpython-311.pyc,reproducible bytecode; source exists,5400,C/D,1
05_src/traffic_simulation/network/__pycache__/validate_three_tier_routeability_fix.cpython-311.pyc,reproducible bytecode; source exists,5310,C/D,1
05_src/traffic_simulation/network/__pycache__/validate_v17_fixture_oracle.cpython-311.pyc,reproducible bytecode; source exists,18045,C/D,1
05_src/traffic_simulation/network/__pycache__/validate_v17_network_completion_policy.cpython-311.pyc,reproducible bytecode; source exists,16202,C/D,1
05_src/traffic_simulation/network/__pycache__/validate_v17_phase12_profile_difference_contract.cpython-311.pyc,reproducible bytecode; source exists,9683,C/D,1
05_src/traffic_simulation/network/__pycache__/validate_v17_phase12_successor_run.cpython-311.pyc,reproducible bytecode; source exists,36435,C/D,1
05_src/traffic_simulation/network/__pycache__/validate_v17_phase1_authority.cpython-311.pyc,reproducible bytecode; source exists,20654,C/D,1
05_src/traffic_simulation/network/__pycache__/validate_v17_phase5_directional_lanes.cpython-311.pyc,reproducible bytecode; source exists,12176,C/D,1
05_src/traffic_simulation/simulation/__pycache__/__init__.cpython-311.pyc,reproducible bytecode; source exists,224,C/D,1
05_src/traffic_simulation/validation/__pycache__/__init__.cpython-311.pyc,reproducible bytecode; source exists,240,C/D,1
05_src/traffic_simulation/validation/__pycache__/test_analyze_osm_attributes.cpython-311-pytest-8.3.3.pyc,reproducible bytecode; source exists,20944,C/D,1
05_src/traffic_simulation/validation/__pycache__/test_approved_attribute_resolution_policy.cpython-311-pytest-8.3.3.pyc,reproducible bytecode; source exists,22700,C/D,1
05_src/traffic_simulation/validation/__pycache__/test_assess_tokyo_pt_external_through_driver_integration.cpython-311-pytest-8.3.3.pyc,reproducible bytecode; source exists,5747,C/D,1
05_src/traffic_simulation/validation/__pycache__/test_attribute_classification_production_fixtures.cpython-311-pytest-8.3.3.pyc,reproducible bytecode; source exists,66466,C/D,1
05_src/traffic_simulation/validation/__pycache__/build_attribute_classification_fixture_collection.cpython-311.pyc,reproducible bytecode; source exists,25059,C/D,1
05_src/traffic_simulation/validation/__pycache__/test_attribute_classification_schemas.cpython-311-pytest-8.3.3.pyc,reproducible bytecode; source exists,23304,C/D,1
05_src/traffic_simulation/validation/__pycache__/test_attribute_classification_semantics.cpython-311-pytest-8.3.3.pyc,reproducible bytecode; source exists,57625,C/D,1
05_src/traffic_simulation/validation/__pycache__/test_attribute_resolution_state_v17.cpython-311-pytest-8.3.3.pyc,reproducible bytecode; source exists,23701,C/D,1
05_src/traffic_simulation/validation/__pycache__/test_build_sumo_network.cpython-311-pytest-8.3.3.pyc,reproducible bytecode; source exists,16364,C/D,1
05_src/traffic_simulation/validation/__pycache__/test_calibrate_ota_general_traffic.cpython-311-pytest-8.3.3.pyc,reproducible bytecode; source exists,19597,C/D,1
05_src/traffic_simulation/validation/__pycache__/test_calibrate_ota_small_zone_general_traffic.cpython-311-pytest-8.3.3.pyc,reproducible bytecode; source exists,13358,C/D,1
05_src/traffic_simulation/validation/__pycache__/test_classify_attribute_criticality.cpython-311-pytest-8.3.3.pyc,reproducible bytecode; source exists,27843,C/D,1
05_src/traffic_simulation/validation/__pycache__/test_generate_attribute_classification_predicates.cpython-311-pytest-8.3.3.pyc,reproducible bytecode; source exists,31222,C/D,1
05_src/traffic_simulation/validation/__pycache__/test_compare_ota_spatial_support_experiments.cpython-311-pytest-8.3.3.pyc,reproducible bytecode; source exists,3318,C/D,1
05_src/traffic_simulation/validation/__pycache__/test_compare_phase13_foot_use_sidepath_probe.cpython-311-pytest-8.3.3.pyc,reproducible bytecode; source exists,7292,C/D,1
05_src/traffic_simulation/validation/__pycache__/test_compare_phase13_lanes2_formal_probe.cpython-311-pytest-8.3.3.pyc,reproducible bytecode; source exists,14786,C/D,1
05_src/traffic_simulation/validation/__pycache__/test_compare_phase13_oneway_road_lane_vector_probe.cpython-311-pytest-8.3.3.pyc,reproducible bytecode; source exists,12534,C/D,1
05_src/traffic_simulation/validation/__pycache__/test_compare_phase13_psv_probe.cpython-311-pytest-8.3.3.pyc,reproducible bytecode; source exists,22833,C/D,1
05_src/traffic_simulation/validation/__pycache__/test_compare_phase13_shared_single_lane_probe.cpython-311-pytest-8.3.3.pyc,reproducible bytecode; source exists,9703,C/D,1
05_src/traffic_simulation/validation/__pycache__/test_compare_phase13_use_sidepath_probe.cpython-311-pytest-8.3.3.pyc,reproducible bytecode; source exists,10715,C/D,1
05_src/traffic_simulation/validation/__pycache__/test_compare_tokyo_pt_small_zone_driver_support.cpython-311-pytest-8.3.3.pyc,reproducible bytecode; source exists,3647,C/D,1
05_src/traffic_simulation/validation/__pycache__/test_conditional_access_v17.cpython-311-pytest-8.3.3.pyc,reproducible bytecode; source exists,29580,C/D,1
05_src/traffic_simulation/validation/__pycache__/test_diagnose_ota_external_through_prior.cpython-311-pytest-8.3.3.pyc,reproducible bytecode; source exists,15384,C/D,1
05_src/traffic_simulation/validation/__pycache__/test_diagnose_ota_initial_demand_spatial_support.cpython-311-pytest-8.3.3.pyc,reproducible bytecode; source exists,4579,C/D,1
05_src/traffic_simulation/validation/__pycache__/test_directed_segments_v17.cpython-311-pytest-8.3.3.pyc,reproducible bytecode; source exists,29131,C/D,1
05_src/traffic_simulation/validation/__pycache__/test_directional_lanes_v17.cpython-311-pytest-8.3.3.pyc,reproducible bytecode; source exists,54046,C/D,1
05_src/traffic_simulation/validation/__pycache__/test_evidence_resolution_v17.cpython-311-pytest-8.3.3.pyc,reproducible bytecode; source exists,26385,C/D,1
05_src/traffic_simulation/validation/__pycache__/test_fetch_jartic.cpython-311-pytest-8.3.3.pyc,reproducible bytecode; source exists,32722,C/D,1
05_src/traffic_simulation/validation/__pycache__/test_fetch_osm.cpython-311-pytest-8.3.3.pyc,reproducible bytecode; source exists,68324,C/D,1
05_src/traffic_simulation/validation/__pycache__/test_fetch_tokyo_pt_od.cpython-311-pytest-8.3.3.pyc,reproducible bytecode; source exists,7775,C/D,1
05_src/traffic_simulation/validation/__pycache__/test_final_permission_v17.cpython-311-pytest-8.3.3.pyc,reproducible bytecode; source exists,27748,C/D,1
05_src/traffic_simulation/validation/__pycache__/test_fix_ota_sumo_measurement_locations.cpython-311-pytest-8.3.3.pyc,reproducible bytecode; source exists,14545,C/D,1
05_src/traffic_simulation/validation/__pycache__/test_formal_blocker_governance_v17.cpython-311-pytest-8.3.3.pyc,reproducible bytecode; source exists,19216,C/D,1
05_src/traffic_simulation/validation/__pycache__/test_japanese_specifications.cpython-311-pytest-8.3.3.pyc,reproducible bytecode; source exists,11647,C/D,1
05_src/traffic_simulation/validation/__pycache__/test_paths.cpython-311-pytest-8.3.3.pyc,reproducible bytecode; source exists,12903,C/D,1
05_src/traffic_simulation/validation/__pycache__/test_phase12_output_contract_v17.cpython-311-pytest-8.3.3.pyc,reproducible bytecode; source exists,31720,C/D,1
05_src/traffic_simulation/validation/__pycache__/test_phase12_run_completion_v17.cpython-311-pytest-8.3.3.pyc,reproducible bytecode; source exists,29152,C/D,1
05_src/traffic_simulation/validation/__pycache__/test_phase13_access_hierarchy_specificity_v17.cpython-311-pytest-8.3.3.pyc,reproducible bytecode; source exists,19155,C/D,1
05_src/traffic_simulation/validation/__pycache__/test_phase13_foot_use_sidepath_v17.cpython-311-pytest-8.3.3.pyc,reproducible bytecode; source exists,27139,C/D,1
05_src/traffic_simulation/validation/__pycache__/test_phase13_horse_vehicle_ontology_decision_v17.cpython-311-pytest-8.3.3.pyc,reproducible bytecode; source exists,40035,C/D,1
05_src/traffic_simulation/validation/__pycache__/test_phase13_input_lock_v17.cpython-311-pytest-8.3.3.pyc,reproducible bytecode; source exists,2998,C/D,1
05_src/traffic_simulation/validation/__pycache__/test_phase13_lane_count_from_road_lane_vector_decision_v17.cpython-311-pytest-8.3.3.pyc,reproducible bytecode; source exists,10969,C/D,1
05_src/traffic_simulation/validation/__pycache__/test_phase13_missing_lane_simulation_fallback_v17.cpython-311-pytest-8.3.3.pyc,reproducible bytecode; source exists,43777,C/D,1
05_src/traffic_simulation/validation/__pycache__/test_phase13_motorcar_vehicle_ontology_decision_v17.cpython-311-pytest-8.3.3.pyc,reproducible bytecode; source exists,35344,C/D,1
05_src/traffic_simulation/validation/__pycache__/test_phase13_oneway_sumo_materialization_v17.cpython-311-pytest-8.3.3.pyc,reproducible bytecode; source exists,21166,C/D,1
05_src/traffic_simulation/validation/__pycache__/test_phase13_private_authorization_context_resolution_v17.cpython-311-pytest-8.3.3.pyc,reproducible bytecode; source exists,28491,C/D,1
05_src/traffic_simulation/validation/__pycache__/test_phase13_psv_vehicle_ontology_decision_v17.cpython-311-pytest-8.3.3.pyc,reproducible bytecode; source exists,26382,C/D,1
05_src/traffic_simulation/validation/__pycache__/test_phase13_shared_single_lane_source_resolution_v17.cpython-311-pytest-8.3.3.pyc,reproducible bytecode; source exists,38239,C/D,1
05_src/traffic_simulation/validation/__pycache__/test_phase13_use_sidepath_semantics_v17.cpython-311-pytest-8.3.3.pyc,reproducible bytecode; source exists,31752,C/D,1
05_src/traffic_simulation/validation/__pycache__/test_prepare_baseline_demand.cpython-311-pytest-8.3.3.pyc,reproducible bytecode; source exists,39849,C/D,1
05_src/traffic_simulation/validation/__pycache__/test_prepare_jartic.cpython-311-pytest-8.3.3.pyc,reproducible bytecode; source exists,39562,C/D,1
05_src/traffic_simulation/validation/__pycache__/test_prepare_ota_official_traffic_calibration.cpython-311-pytest-8.3.3.pyc,reproducible bytecode; source exists,7873,C/D,1
05_src/traffic_simulation/validation/__pycache__/test_prepare_tokyo_pt_external_through_driver_od.cpython-311-pytest-8.3.3.pyc,reproducible bytecode; source exists,19555,C/D,1
05_src/traffic_simulation/validation/__pycache__/test_prepare_tokyo_pt_small_zone_driving_od.cpython-311-pytest-8.3.3.pyc,reproducible bytecode; source exists,23701,C/D,1
05_src/traffic_simulation/validation/__pycache__/test_prepare_tokyo_pt_sumo_od.cpython-311-pytest-8.3.3.pyc,reproducible bytecode; source exists,25838,C/D,1
05_src/traffic_simulation/validation/__pycache__/test_render_baseline_demand.cpython-311-pytest-8.3.3.pyc,reproducible bytecode; source exists,14544,C/D,1
05_src/traffic_simulation/validation/__pycache__/test_render_osm_relation_sample.cpython-311-pytest-8.3.3.pyc,reproducible bytecode; source exists,6304,C/D,1
05_src/traffic_simulation/validation/__pycache__/test_research_stage.cpython-311-pytest-8.3.3.pyc,reproducible bytecode; source exists,12785,C/D,1
05_src/traffic_simulation/validation/__pycache__/test_resolve_attribute_values.cpython-311-pytest-8.3.3.pyc,reproducible bytecode; source exists,21063,C/D,1
05_src/traffic_simulation/validation/__pycache__/test_resolve_osm_attributes.cpython-311-pytest-8.3.3.pyc,reproducible bytecode; source exists,160195,C/D,1
05_src/traffic_simulation/validation/__pycache__/test_resolver_exception_classifier.cpython-311-pytest-8.3.3.pyc,reproducible bytecode; source exists,12134,C/D,1
05_src/traffic_simulation/validation/__pycache__/test_resolver_exception_decision_table.cpython-311-pytest-8.3.3.pyc,reproducible bytecode; source exists,22417,C/D,1
05_src/traffic_simulation/validation/__pycache__/test_resolver_integration_v17.cpython-311-pytest-8.3.3.pyc,reproducible bytecode; source exists,15275,C/D,1
05_src/traffic_simulation/validation/__pycache__/test_scenario_context_v17.cpython-311-pytest-8.3.3.pyc,reproducible bytecode; source exists,16604,C/D,1
05_src/traffic_simulation/validation/__pycache__/test_speed_resolution_v17.cpython-311-pytest-8.3.3.pyc,reproducible bytecode; source exists,28893,C/D,1
05_src/traffic_simulation/validation/__pycache__/test_static_access_v17.cpython-311-pytest-8.3.3.pyc,reproducible bytecode; source exists,64979,C/D,1
05_src/traffic_simulation/validation/__pycache__/test_study_areas.cpython-311-pytest-8.3.3.pyc,reproducible bytecode; source exists,38766,C/D,1
05_src/traffic_simulation/validation/__pycache__/test_summarize_resolver_dry_run.cpython-311-pytest-8.3.3.pyc,reproducible bytecode; source exists,7687,C/D,1
05_src/traffic_simulation/validation/__pycache__/test_sumo_typemap.cpython-311-pytest-8.3.3.pyc,reproducible bytecode; source exists,219072,C/D,1
05_src/traffic_simulation/validation/__pycache__/test_urban_lastmile_vehicle_population_v1.cpython-311-pytest-8.3.3.pyc,reproducible bytecode; source exists,13562,C/D,1
05_src/traffic_simulation/validation/__pycache__/test_urban_lastmile_vehicle_tables_v1.cpython-311-pytest-8.3.3.pyc,reproducible bytecode; source exists,10382,C/D,1
05_src/traffic_simulation/validation/__pycache__/test_v17_fixture_oracle.cpython-311-pytest-8.3.3.pyc,reproducible bytecode; source exists,22210,C/D,1
05_src/traffic_simulation/validation/__pycache__/test_v17_phase1_authority.cpython-311-pytest-8.3.3.pyc,reproducible bytecode; source exists,10103,C/D,1
05_src/traffic_simulation/validation/__pycache__/test_validate_sumo_network_config.cpython-311-pytest-8.3.3.pyc,reproducible bytecode; source exists,14975,C/D,1
05_src/traffic_simulation/validation/__pycache__/test_road_census_sumo_pipeline.cpython-311-pytest-8.3.3.pyc,reproducible bytecode; source exists,42073,C/D,1
05_src/traffic_simulation/validation/__pycache__/test_inventory_final_mapping_manual_review.cpython-311-pytest-8.3.3.pyc,reproducible bytecode; source exists,10590,C/D,1
05_src/traffic_simulation/validation/__pycache__/test_normalize_road_census_section_attributes.cpython-311-pytest-8.3.3.pyc,reproducible bytecode; source exists,12066,C/D,1
05_src/traffic_simulation/validation/__pycache__/test_extract_osm_sumo_edge_attributes_normalized.cpython-311-pytest-8.3.3.pyc,reproducible bytecode; source exists,7636,C/D,1
05_src/traffic_simulation/validation/__pycache__/test_inventory_research_assumptions.cpython-311-pytest-8.3.3.pyc,reproducible bytecode; source exists,6876,C/D,1
05_src/traffic_simulation/validation/__pycache__/test_refine_lane_direction_assumptions.cpython-311-pytest-8.3.3.pyc,reproducible bytecode; source exists,8708,C/D,1
05_src/traffic_simulation/validation/__pycache__/test_refine_speed_assumptions.cpython-311-pytest-8.3.3.pyc,reproducible bytecode; source exists,7845,C/D,1
05_src/traffic_simulation/validation/__pycache__/test_refine_traffic_comparison_cross_sections.cpython-311-pytest-8.3.3.pyc,reproducible bytecode; source exists,7754,C/D,1
05_src/traffic_simulation/validation/__pycache__/test_finalize_lane_direction_assumption_review.cpython-311-pytest-8.3.3.pyc,reproducible bytecode; source exists,7767,C/D,1
05_src/traffic_simulation/validation/__pycache__/test_finalize_traffic_comparison_cross_section_review.cpython-311-pytest-8.3.3.pyc,reproducible bytecode; source exists,9216,C/D,1
05_src/traffic_simulation/validation/__pycache__/test_review_traffic_comparison_data_availability.cpython-311-pytest-8.3.3.pyc,reproducible bytecode; source exists,11938,C/D,1
05_src/traffic_simulation/validation/__pycache__/test_finalize_external_observation_mapping_candidates.cpython-311-pytest-8.3.3.pyc,reproducible bytecode; source exists,16847,C/D,1
05_src/traffic_simulation/validation/__pycache__/test_finalize_external_observation_mapping.cpython-311-pytest-8.3.3.pyc,reproducible bytecode; source exists,45652,C/D,1
05_src/traffic_simulation/validation/__pycache__/test_build_road_census_sumo_rebaseline.cpython-311-pytest-8.3.3.pyc,reproducible bytecode; source exists,15022,C/D,1
05_src/traffic_simulation/validation/__pycache__/test_analyze_osm_attributes.cpython-311.pyc,reproducible bytecode; source exists,7531,C/D,1
05_src/traffic_simulation/validation/__pycache__/test_approved_attribute_resolution_policy.cpython-311.pyc,reproducible bytecode; source exists,11130,C/D,1
05_src/traffic_simulation/validation/__pycache__/test_attribute_classification_production_fixtures.cpython-311.pyc,reproducible bytecode; source exists,22692,C/D,1
05_src/traffic_simulation/validation/__pycache__/test_attribute_classification_schemas.cpython-311.pyc,reproducible bytecode; source exists,20498,C/D,1
05_src/traffic_simulation/validation/__pycache__/test_attribute_classification_semantics.cpython-311.pyc,reproducible bytecode; source exists,33297,C/D,1
05_src/traffic_simulation/validation/__pycache__/test_attribute_resolution_state_v17.cpython-311.pyc,reproducible bytecode; source exists,13286,C/D,1
05_src/traffic_simulation/validation/__pycache__/test_build_sumo_network.cpython-311.pyc,reproducible bytecode; source exists,10713,C/D,1
05_src/traffic_simulation/validation/__pycache__/test_classify_attribute_criticality.cpython-311.pyc,reproducible bytecode; source exists,12642,C/D,1
05_src/traffic_simulation/validation/__pycache__/test_generate_attribute_classification_predicates.cpython-311.pyc,reproducible bytecode; source exists,16012,C/D,1
05_src/traffic_simulation/validation/__pycache__/test_conditional_access_v17.cpython-311.pyc,reproducible bytecode; source exists,10405,C/D,1
05_src/traffic_simulation/validation/__pycache__/test_directed_segments_v17.cpython-311.pyc,reproducible bytecode; source exists,11893,C/D,1
05_src/traffic_simulation/validation/__pycache__/test_evidence_resolution_v17.cpython-311.pyc,reproducible bytecode; source exists,12944,C/D,1
05_src/traffic_simulation/validation/__pycache__/test_fetch_jartic.cpython-311.pyc,reproducible bytecode; source exists,16409,C/D,1
05_src/traffic_simulation/validation/__pycache__/test_fetch_osm.cpython-311.pyc,reproducible bytecode; source exists,32204,C/D,1
05_src/traffic_simulation/validation/__pycache__/test_final_permission_v17.cpython-311.pyc,reproducible bytecode; source exists,10303,C/D,1
05_src/traffic_simulation/validation/__pycache__/test_formal_blocker_governance_v17.cpython-311.pyc,reproducible bytecode; source exists,12646,C/D,1
05_src/traffic_simulation/validation/__pycache__/test_japanese_specifications.cpython-311.pyc,reproducible bytecode; source exists,3255,C/D,1
05_src/traffic_simulation/validation/__pycache__/test_paths.cpython-311.pyc,reproducible bytecode; source exists,3149,C/D,1
05_src/traffic_simulation/validation/__pycache__/test_phase12_output_contract_v17.cpython-311.pyc,reproducible bytecode; source exists,18235,C/D,1
05_src/traffic_simulation/validation/__pycache__/test_phase12_run_completion_v17.cpython-311.pyc,reproducible bytecode; source exists,19428,C/D,1
05_src/traffic_simulation/validation/__pycache__/test_phase13_input_lock_v17.cpython-311.pyc,reproducible bytecode; source exists,2018,C/D,1
05_src/traffic_simulation/validation/__pycache__/test_phase13_motorcar_vehicle_ontology_decision_v17.cpython-311.pyc,reproducible bytecode; source exists,11201,C/D,1
05_src/traffic_simulation/validation/__pycache__/test_phase13_psv_vehicle_ontology_decision_v17.cpython-311.pyc,reproducible bytecode; source exists,7955,C/D,1
05_src/traffic_simulation/validation/__pycache__/test_prepare_baseline_demand.cpython-311.pyc,reproducible bytecode; source exists,15560,C/D,1
05_src/traffic_simulation/validation/__pycache__/test_prepare_jartic.cpython-311.pyc,reproducible bytecode; source exists,15823,C/D,1
05_src/traffic_simulation/validation/__pycache__/test_render_baseline_demand.cpython-311.pyc,reproducible bytecode; source exists,7691,C/D,1
05_src/traffic_simulation/validation/__pycache__/test_render_osm_relation_sample.cpython-311.pyc,reproducible bytecode; source exists,3128,C/D,1
05_src/traffic_simulation/validation/__pycache__/test_research_stage.cpython-311.pyc,reproducible bytecode; source exists,5357,C/D,1
05_src/traffic_simulation/validation/__pycache__/test_resolve_attribute_values.cpython-311.pyc,reproducible bytecode; source exists,9634,C/D,1
05_src/traffic_simulation/validation/__pycache__/test_resolve_osm_attributes.cpython-311.pyc,reproducible bytecode; source exists,67266,C/D,1
05_src/traffic_simulation/validation/__pycache__/test_resolver_exception_classifier.cpython-311.pyc,reproducible bytecode; source exists,6603,C/D,1
05_src/traffic_simulation/validation/__pycache__/test_resolver_exception_decision_table.cpython-311.pyc,reproducible bytecode; source exists,6777,C/D,1
05_src/traffic_simulation/validation/__pycache__/test_resolver_integration_v17.cpython-311.pyc,reproducible bytecode; source exists,9211,C/D,1
05_src/traffic_simulation/validation/__pycache__/test_scenario_context_v17.cpython-311.pyc,reproducible bytecode; source exists,6565,C/D,1
05_src/traffic_simulation/validation/__pycache__/test_speed_resolution_v17.cpython-311.pyc,reproducible bytecode; source exists,12031,C/D,1
05_src/traffic_simulation/validation/__pycache__/test_study_areas.cpython-311.pyc,reproducible bytecode; source exists,18807,C/D,1
05_src/traffic_simulation/validation/__pycache__/test_summarize_resolver_dry_run.cpython-311.pyc,reproducible bytecode; source exists,4525,C/D,1
05_src/traffic_simulation/validation/__pycache__/test_sumo_typemap.cpython-311.pyc,reproducible bytecode; source exists,58845,C/D,1
05_src/traffic_simulation/validation/__pycache__/test_urban_lastmile_vehicle_population_v1.cpython-311.pyc,reproducible bytecode; source exists,5058,C/D,1
05_src/traffic_simulation/validation/__pycache__/test_urban_lastmile_vehicle_tables_v1.cpython-311.pyc,reproducible bytecode; source exists,3329,C/D,1
05_src/traffic_simulation/validation/__pycache__/test_validate_sumo_network_config.cpython-311.pyc,reproducible bytecode; source exists,12710,C/D,1
05_src/traffic_simulation/validation/__pycache__/test_investigate_external_observation_directions.cpython-311-pytest-8.3.3.pyc,reproducible bytecode; source exists,33269,C/D,1
05_src/traffic_simulation/validation/__pycache__/test_investigate_external_observation_reverse_gaps.cpython-311-pytest-8.3.3.pyc,reproducible bytecode; source exists,31394,C/D,1
05_src/traffic_simulation/validation/__pycache__/test_review_external_observation_opposite_carriageway_adoption.cpython-311-pytest-8.3.3.pyc,reproducible bytecode; source exists,35925,C/D,1
05_src/traffic_simulation/validation/__pycache__/test_investigate_route1_opposite_carriageway_boundary.cpython-311-pytest-8.3.3.pyc,reproducible bytecode; source exists,41822,C/D,1
05_src/traffic_simulation/validation/__pycache__/test_formalize_partial_edge_mapping.cpython-311-pytest-8.3.3.pyc,reproducible bytecode; source exists,53770,C/D,1
05_src/traffic_simulation/validation/__pycache__/test_investigate_route316_directions.cpython-311-pytest-8.3.3.pyc,reproducible bytecode; source exists,74453,C/D,1
05_src/traffic_simulation/validation/__pycache__/test_review_route316_opposite_carriageway_adoption.cpython-311-pytest-8.3.3.pyc,reproducible bytecode; source exists,44178,C/D,1
05_src/traffic_simulation/validation/__pycache__/test_formalize_external_observation_inventory.cpython-311-pytest-8.3.3.pyc,reproducible bytecode; source exists,52505,C/D,1
05_src/traffic_simulation/validation/__pycache__/test_build_canonical_calibration_detectors.cpython-311-pytest-8.3.3.pyc,reproducible bytecode; source exists,25861,C/D,1
05_src/traffic_simulation/validation/__pycache__/test_diagnose_marouter_route_generation.cpython-311-pytest-8.3.3.pyc,reproducible bytecode; source exists,21100,C/D,1
05_src/traffic_simulation/validation/__pycache__/test_analyze_marouter_getkpaths_trace.cpython-311-pytest-8.3.3.pyc,reproducible bytecode; source exists,14142,C/D,1
05_src/traffic_simulation/validation/__pycache__/test_build_sumo_network_visualization.cpython-311-pytest-8.3.3.pyc,source absent; preserve orphan bytecode,9414,C/D,0
05_src/traffic_simulation/validation/__pycache__/test_prepare_sumo_network_visualization.cpython-311-pytest-8.3.3.pyc,source absent; preserve orphan bytecode,22777,C/D,0
05_src/traffic_simulation/validation/__pycache__/test_formal_lane_evidence_policy.cpython-311-pytest-8.3.3.pyc,source absent; preserve orphan bytecode,9505,C/D,0
05_src/traffic_simulation/validation/__pycache__/test_formal_lane_evidence_policy.cpython-313.pyc,source absent; preserve orphan bytecode,3132,C/D,0
05_src/traffic_simulation/validation/__pycache__/test_formal_lane_deterministic_rules_candidate.cpython-311-pytest-8.3.3.pyc,source absent; preserve orphan bytecode,12908,C/D,0
05_src/traffic_simulation/validation/__pycache__/test_step5_no_evidence_strategy.cpython-311-pytest-8.3.3.pyc,source absent; preserve orphan bytecode,8142,C/D,0
05_src/traffic_simulation/validation/__pycache__/test_lane_imputation_v18_candidate.cpython-311-pytest-8.3.3.pyc,source absent; preserve orphan bytecode,24854,C/D,0
05_src/traffic_simulation/validation/__pycache__/test_connection_junction_tls_candidate_review.cpython-311-pytest-8.3.3.pyc,source absent; preserve orphan bytecode,7956,C/D,0
05_src/traffic_simulation/validation/__pycache__/test_permission_materializer_v17.cpython-311-pytest-8.3.3.pyc,source absent; preserve orphan bytecode,32251,C/D,0
05_src/traffic_simulation/validation/__pycache__/test_permission_materializer_v17.cpython-311.pyc,source absent; preserve orphan bytecode,17892,C/D,0
05_src/traffic_simulation/validation/__pycache__/test_export_phase12_permission_expectations_v2.cpython-311-pytest-8.3.3.pyc,source absent; preserve orphan bytecode,16498,C/D,0
05_src/traffic_simulation/validation/__pycache__/test_phase12_successor_profile_difference_v17.cpython-311-pytest-8.3.3.pyc,reproducible bytecode; source exists,32727,C/D,1
05_src/traffic_simulation/validation/__pycache__/test_phase12_blocker_projection_v17.cpython-311-pytest-8.3.3.pyc,reproducible bytecode; source exists,14875,C/D,1
05_src/traffic_simulation/validation/__pycache__/test_network_completion_policy_v17.cpython-311-pytest-8.3.3.pyc,reproducible bytecode; source exists,9054,C/D,1
05_src/traffic_simulation/validation/__pycache__/test_three_tier_completion.cpython-311-pytest-8.3.3.pyc,reproducible bytecode; source exists,8489,C/D,1
05_src/traffic_simulation/validation/__pycache__/test_validate_research_portal_registry.cpython-311-pytest-8.3.3.pyc,reproducible bytecode; source exists,66663,C/D,1
05_src/traffic_simulation/validation/__pycache__/test_research_portal_network_scale.cpython-311-pytest-8.3.3.pyc,reproducible bytecode; source exists,12094,C/D,1
05_src/traffic_simulation/validation/__pycache__/test_research_portal_public_view.cpython-311-pytest-8.3.3.pyc,reproducible bytecode; source exists,16834,C/D,1
05_src/traffic_simulation/validation/__pycache__/test_render_current_map.cpython-311-pytest-8.3.3.pyc,reproducible bytecode; source exists,18813,C/D,1
05_src/traffic_simulation/validation/__pycache__/test_render_current_map.cpython-313.pyc,reproducible bytecode; source exists,6506,C/D,1
05_src/traffic_simulation/validation/__pycache__/test_r20_route_ordering_exact.cpython-313.pyc,reproducible bytecode; source exists,14567,C/D,1
05_src/traffic_simulation/validation/__pycache__/test_r20_lambda_bound.cpython-311-pytest-8.3.3.pyc,reproducible bytecode; source exists,7387,C/D,1
05_src/traffic_simulation/validation/__pycache__/test_r20_lambda_margin.cpython-311-pytest-8.3.3.pyc,reproducible bytecode; source exists,5256,C/D,1
05_src/traffic_simulation/validation/__pycache__/test_r20_lambda_tolerance_rule.cpython-311-pytest-8.3.3.pyc,reproducible bytecode; source exists,7081,C/D,1
05_src/traffic_simulation/validation/__pycache__/test_r20_route_ordering_exact.cpython-311-pytest-8.3.3.pyc,reproducible bytecode; source exists,50172,C/D,1
05_src/traffic_simulation/validation/__pycache__/test_r20_routing_adapter.cpython-311-pytest-8.3.3.pyc,reproducible bytecode; source exists,38092,C/D,1
05_src/traffic_simulation/validation/__pycache__/test_r21_qubo_validation.cpython-311-pytest-8.3.3.pyc,reproducible bytecode; source exists,13952,C/D,1
05_src/traffic_simulation/validation/__pycache__/test_r22_ising_conversion.cpython-311-pytest-8.3.3.pyc,reproducible bytecode; source exists,29325,C/D,1
05_src/traffic_simulation/validation/__pycache__/test_r23_qaoa_aer.cpython-311-pytest-8.3.3.pyc,reproducible bytecode; source exists,31215,C/D,1
05_src/traffic_simulation/validation/__pycache__/test_analyze_marouter_getkpaths_trace.cpython-311.pyc,reproducible bytecode; source exists,4897,C/D,1
05_src/traffic_simulation/validation/__pycache__/test_assess_tokyo_pt_external_through_driver_integration.cpython-311.pyc,reproducible bytecode; source exists,2820,C/D,1
05_src/traffic_simulation/validation/__pycache__/test_build_canonical_calibration_detectors.cpython-311.pyc,reproducible bytecode; source exists,9815,C/D,1
05_src/traffic_simulation/validation/__pycache__/test_build_road_census_sumo_rebaseline.cpython-311.pyc,reproducible bytecode; source exists,4147,C/D,1
05_src/traffic_simulation/validation/__pycache__/test_calibrate_ota_general_traffic.cpython-311.pyc,reproducible bytecode; source exists,7368,C/D,1
05_src/traffic_simulation/validation/__pycache__/test_calibrate_ota_small_zone_general_traffic.cpython-311.pyc,reproducible bytecode; source exists,4736,C/D,1
05_src/traffic_simulation/validation/__pycache__/test_compare_ota_spatial_support_experiments.cpython-311.pyc,reproducible bytecode; source exists,1422,C/D,1
05_src/traffic_simulation/validation/__pycache__/test_compare_phase13_foot_use_sidepath_probe.cpython-311.pyc,reproducible bytecode; source exists,3280,C/D,1
05_src/traffic_simulation/validation/__pycache__/test_compare_phase13_lanes2_formal_probe.cpython-311.pyc,reproducible bytecode; source exists,5952,C/D,1
05_src/traffic_simulation/validation/__pycache__/test_compare_phase13_oneway_road_lane_vector_probe.cpython-311.pyc,reproducible bytecode; source exists,5616,C/D,1
05_src/traffic_simulation/validation/__pycache__/test_compare_phase13_psv_probe.cpython-311.pyc,reproducible bytecode; source exists,14173,C/D,1
05_src/traffic_simulation/validation/__pycache__/test_compare_phase13_shared_single_lane_probe.cpython-311.pyc,reproducible bytecode; source exists,3423,C/D,1
05_src/traffic_simulation/validation/__pycache__/test_compare_phase13_use_sidepath_probe.cpython-311.pyc,reproducible bytecode; source exists,3920,C/D,1
05_src/traffic_simulation/validation/__pycache__/test_compare_tokyo_pt_small_zone_driver_support.cpython-311.pyc,reproducible bytecode; source exists,1468,C/D,1
05_src/traffic_simulation/validation/__pycache__/test_diagnose_marouter_route_generation.cpython-311.pyc,reproducible bytecode; source exists,7974,C/D,1
05_src/traffic_simulation/validation/__pycache__/test_diagnose_ota_external_through_prior.cpython-311.pyc,reproducible bytecode; source exists,4816,C/D,1
05_src/traffic_simulation/validation/__pycache__/test_diagnose_ota_initial_demand_spatial_support.cpython-311.pyc,reproducible bytecode; source exists,2429,C/D,1
05_src/traffic_simulation/validation/__pycache__/test_directional_lanes_v17.cpython-311.pyc,reproducible bytecode; source exists,22499,C/D,1
05_src/traffic_simulation/validation/__pycache__/test_extract_osm_sumo_edge_attributes_normalized.cpython-311.pyc,reproducible bytecode; source exists,3352,C/D,1
05_src/traffic_simulation/validation/__pycache__/test_fetch_tokyo_pt_od.cpython-311.pyc,reproducible bytecode; source exists,1724,C/D,1
05_src/traffic_simulation/validation/__pycache__/test_finalize_external_observation_mapping.cpython-311.pyc,reproducible bytecode; source exists,16955,C/D,1
05_src/traffic_simulation/validation/__pycache__/test_finalize_external_observation_mapping_candidates.cpython-311.pyc,reproducible bytecode; source exists,7031,C/D,1
05_src/traffic_simulation/validation/__pycache__/test_finalize_lane_direction_assumption_review.cpython-311.pyc,reproducible bytecode; source exists,3447,C/D,1
05_src/traffic_simulation/validation/__pycache__/test_finalize_traffic_comparison_cross_section_review.cpython-311.pyc,reproducible bytecode; source exists,4395,C/D,1
05_src/traffic_simulation/validation/__pycache__/test_fix_ota_sumo_measurement_locations.cpython-311.pyc,reproducible bytecode; source exists,3834,C/D,1
05_src/traffic_simulation/validation/__pycache__/test_formalize_external_observation_inventory.cpython-311.pyc,reproducible bytecode; source exists,21804,C/D,1
05_src/traffic_simulation/validation/__pycache__/test_formalize_partial_edge_mapping.cpython-311.pyc,reproducible bytecode; source exists,17875,C/D,1
05_src/traffic_simulation/validation/__pycache__/test_inventory_final_mapping_manual_review.cpython-311.pyc,reproducible bytecode; source exists,3887,C/D,1
05_src/traffic_simulation/validation/__pycache__/test_inventory_research_assumptions.cpython-311.pyc,reproducible bytecode; source exists,3671,C/D,1
05_src/traffic_simulation/validation/__pycache__/test_investigate_external_observation_directions.cpython-311.pyc,reproducible bytecode; source exists,11795,C/D,1
05_src/traffic_simulation/validation/__pycache__/test_investigate_external_observation_reverse_gaps.cpython-311.pyc,reproducible bytecode; source exists,13242,C/D,1
05_src/traffic_simulation/validation/__pycache__/test_investigate_route1_opposite_carriageway_boundary.cpython-311.pyc,reproducible bytecode; source exists,13790,C/D,1
05_src/traffic_simulation/validation/__pycache__/test_investigate_route316_directions.cpython-311.pyc,reproducible bytecode; source exists,29996,C/D,1
05_src/traffic_simulation/validation/__pycache__/test_network_completion_policy_v17.cpython-311.pyc,reproducible bytecode; source exists,7501,C/D,1
05_src/traffic_simulation/validation/__pycache__/test_normalize_road_census_section_attributes.cpython-311.pyc,reproducible bytecode; source exists,4552,C/D,1
05_src/traffic_simulation/validation/__pycache__/test_phase12_blocker_projection_v17.cpython-311.pyc,reproducible bytecode; source exists,11613,C/D,1
05_src/traffic_simulation/validation/__pycache__/test_phase12_successor_profile_difference_v17.cpython-311.pyc,reproducible bytecode; source exists,16898,C/D,1
05_src/traffic_simulation/validation/__pycache__/test_phase13_access_hierarchy_specificity_v17.cpython-311.pyc,reproducible bytecode; source exists,8403,C/D,1
05_src/traffic_simulation/validation/__pycache__/test_phase13_foot_use_sidepath_v17.cpython-311.pyc,reproducible bytecode; source exists,9712,C/D,1
05_src/traffic_simulation/validation/__pycache__/test_phase13_horse_vehicle_ontology_decision_v17.cpython-311.pyc,reproducible bytecode; source exists,11580,C/D,1
05_src/traffic_simulation/validation/__pycache__/test_phase13_lane_count_from_road_lane_vector_decision_v17.cpython-311.pyc,reproducible bytecode; source exists,4281,C/D,1
05_src/traffic_simulation/validation/__pycache__/test_phase13_missing_lane_simulation_fallback_v17.cpython-311.pyc,reproducible bytecode; source exists,15065,C/D,1
05_src/traffic_simulation/validation/__pycache__/test_phase13_oneway_sumo_materialization_v17.cpython-311.pyc,reproducible bytecode; source exists,8159,C/D,1
05_src/traffic_simulation/validation/__pycache__/test_phase13_private_authorization_context_resolution_v17.cpython-311.pyc,reproducible bytecode; source exists,8132,C/D,1
05_src/traffic_simulation/validation/__pycache__/test_phase13_shared_single_lane_source_resolution_v17.cpython-311.pyc,reproducible bytecode; source exists,12894,C/D,1
05_src/traffic_simulation/validation/__pycache__/test_phase13_use_sidepath_semantics_v17.cpython-311.pyc,reproducible bytecode; source exists,12435,C/D,1
05_src/traffic_simulation/validation/__pycache__/test_prepare_ota_official_traffic_calibration.cpython-311.pyc,reproducible bytecode; source exists,2176,C/D,1
05_src/traffic_simulation/validation/__pycache__/test_prepare_tokyo_pt_external_through_driver_od.cpython-311.pyc,reproducible bytecode; source exists,6279,C/D,1
05_src/traffic_simulation/validation/__pycache__/test_prepare_tokyo_pt_small_zone_driving_od.cpython-311.pyc,reproducible bytecode; source exists,7178,C/D,1
05_src/traffic_simulation/validation/__pycache__/test_prepare_tokyo_pt_sumo_od.cpython-311.pyc,reproducible bytecode; source exists,6604,C/D,1
05_src/traffic_simulation/validation/__pycache__/test_r20_lambda_bound.cpython-311.pyc,reproducible bytecode; source exists,3395,C/D,1
05_src/traffic_simulation/validation/__pycache__/test_r20_lambda_margin.cpython-311.pyc,reproducible bytecode; source exists,2369,C/D,1
05_src/traffic_simulation/validation/__pycache__/test_r20_lambda_tolerance_rule.cpython-311.pyc,reproducible bytecode; source exists,2373,C/D,1
05_src/traffic_simulation/validation/__pycache__/test_r20_route_ordering_exact.cpython-311.pyc,reproducible bytecode; source exists,17817,C/D,1
05_src/traffic_simulation/validation/__pycache__/test_r20_routing_adapter.cpython-311.pyc,reproducible bytecode; source exists,16720,C/D,1
05_src/traffic_simulation/validation/__pycache__/test_r21_qubo_validation.cpython-311.pyc,reproducible bytecode; source exists,8993,C/D,1
05_src/traffic_simulation/validation/__pycache__/test_r22_ising_conversion.cpython-311.pyc,reproducible bytecode; source exists,11726,C/D,1
05_src/traffic_simulation/validation/__pycache__/test_r23_qaoa_aer.cpython-311.pyc,reproducible bytecode; source exists,9762,C/D,1
05_src/traffic_simulation/validation/__pycache__/test_refine_lane_direction_assumptions.cpython-311.pyc,reproducible bytecode; source exists,3908,C/D,1
05_src/traffic_simulation/validation/__pycache__/test_refine_speed_assumptions.cpython-311.pyc,reproducible bytecode; source exists,3462,C/D,1
05_src/traffic_simulation/validation/__pycache__/test_refine_traffic_comparison_cross_sections.cpython-311.pyc,reproducible bytecode; source exists,3077,C/D,1
05_src/traffic_simulation/validation/__pycache__/test_render_current_map.cpython-311.pyc,reproducible bytecode; source exists,7497,C/D,1
05_src/traffic_simulation/validation/__pycache__/test_research_portal_network_scale.cpython-311.pyc,reproducible bytecode; source exists,4642,C/D,1
05_src/traffic_simulation/validation/__pycache__/test_research_portal_public_view.cpython-311.pyc,reproducible bytecode; source exists,7083,C/D,1
05_src/traffic_simulation/validation/__pycache__/test_review_external_observation_opposite_carriageway_adoption.cpython-311.pyc,reproducible bytecode; source exists,12398,C/D,1
05_src/traffic_simulation/validation/__pycache__/test_review_route316_opposite_carriageway_adoption.cpython-311.pyc,reproducible bytecode; source exists,20344,C/D,1
05_src/traffic_simulation/validation/__pycache__/test_review_traffic_comparison_data_availability.cpython-311.pyc,reproducible bytecode; source exists,3167,C/D,1
05_src/traffic_simulation/validation/__pycache__/test_road_census_sumo_pipeline.cpython-311.pyc,reproducible bytecode; source exists,17789,C/D,1
05_src/traffic_simulation/validation/__pycache__/test_static_access_v17.cpython-311.pyc,reproducible bytecode; source exists,27059,C/D,1
05_src/traffic_simulation/validation/__pycache__/test_three_tier_completion.cpython-311.pyc,reproducible bytecode; source exists,3525,C/D,1
05_src/traffic_simulation/validation/__pycache__/test_v17_fixture_oracle.cpython-311.pyc,reproducible bytecode; source exists,9308,C/D,1
05_src/traffic_simulation/validation/__pycache__/test_v17_phase1_authority.cpython-311.pyc,reproducible bytecode; source exists,7748,C/D,1
05_src/traffic_simulation/validation/__pycache__/test_validate_research_portal_registry.cpython-311.pyc,reproducible bytecode; source exists,39013,C/D,1
05_src/traffic_simulation/validation/__pycache__/validate_external_observation_final_inventory.cpython-311.pyc,reproducible bytecode; source exists,8163,C/D,1
05_src/traffic_simulation/validation/__pycache__/validate_fleet_interpretation_evidence.cpython-311.pyc,reproducible bytecode; source exists,6886,C/D,1
05_src/traffic_simulation/validation/__pycache__/validate_route316_opposite_carriageway_adoption.cpython-311.pyc,reproducible bytecode; source exists,6851,C/D,1
05_src/traffic_simulation/validation/__pycache__/test_r23_qaoa_aer.cpython-313.pyc,reproducible bytecode; source exists,8262,C/D,1
05_src/traffic_simulation/validation/__pycache__/test_r23_qaoa_aer.cpython-311-pytest-9.1.1.pyc,reproducible bytecode; source exists,30888,C/D,1
05_src/traffic_simulation/validation/__pycache__/test_r23_implementation_contract.cpython-311-pytest-9.1.1.pyc,reproducible bytecode; source exists,19950,C/D,1
05_src/traffic_simulation/validation/__pycache__/test_r23_experiment_b_implementation.cpython-313.pyc,reproducible bytecode; source exists,8039,C/D,1
05_src/traffic_simulation/validation/__pycache__/test_r23_formal_instance_loader.cpython-311.pyc,reproducible bytecode; source exists,4263,C/D,1
05_src/traffic_simulation/validation/__pycache__/test_r23_formal_instance_loader.cpython-311-pytest-9.1.1.pyc,reproducible bytecode; source exists,9989,C/D,1
05_src/traffic_simulation/validation/__pycache__/test_r23_experiment_b_implementation.cpython-311.pyc,reproducible bytecode; source exists,9139,C/D,1
05_src/traffic_simulation/validation/__pycache__/test_r23_experiment_b_implementation.cpython-311-pytest-9.1.1.pyc,reproducible bytecode; source exists,36269,C/D,1
05_src/traffic_simulation/validation/__pycache__/test_r23_experiment_b_implementation.cpython-311-pytest-8.3.3.pyc,reproducible bytecode; source exists,36581,C/D,1
05_src/traffic_simulation/validation/__pycache__/test_r23_implementation_contract.cpython-311-pytest-8.3.3.pyc,reproducible bytecode; source exists,20105,C/D,1
05_src/traffic_simulation/validation/__pycache__/test_r23_optimized_metrics_v4_contract.cpython-311-pytest-8.3.3.pyc,reproducible bytecode; source exists,6595,C/D,1
05_src/traffic_simulation/validation/__pycache__/test_r23_optimized_metrics_v4_contract.cpython-313.pyc,reproducible bytecode; source exists,3729,C/D,1
05_src/traffic_simulation/validation/__pycache__/test_r23_optimized_metrics_v4_contract.cpython-311.pyc,reproducible bytecode; source exists,4264,C/D,1
05_src/traffic_simulation/validation/__pycache__/test_r24_qubo.cpython-311.pyc,source absent; preserve orphan bytecode,5651,C/D,0
05_src/traffic_simulation/validation/__pycache__/test_r24_direct_qubo.cpython-311.pyc,source absent; preserve orphan bytecode,14284,C/D,0
05_src/traffic_simulation/validation/__pycache__/test_r24_direct_qubo_bnb.cpython-311.pyc,source absent; preserve orphan bytecode,10439,C/D,0
05_src/traffic_simulation/validation/__pycache__/test_r24_required_input_guards.cpython-311.pyc,source absent; preserve orphan bytecode,14781,C/D,0
05_src/traffic_simulation/visualization/__pycache__/__init__.cpython-311.pyc,reproducible bytecode; source exists,266,C/D,1
05_src/traffic_simulation/visualization/__pycache__/render_study_area.cpython-311.pyc,reproducible bytecode; source exists,60883,C/D,1
05_src/traffic_simulation/visualization/__pycache__/render_osm_relation_sample.cpython-311.pyc,reproducible bytecode; source exists,23520,C/D,1
05_src/traffic_simulation/visualization/__pycache__/prepare_sumo_network_visualization.cpython-311.pyc,source absent; preserve orphan bytecode,28119,C/D,0
05_src/traffic_simulation/visualization/__pycache__/render_current_map.cpython-313.pyc,reproducible bytecode; source exists,20401,C/D,1
05_src/traffic_simulation/visualization/__pycache__/render_current_map.cpython-311.pyc,reproducible bytecode; source exists,24482,C/D,1
05_src/traffic_simulation/__pycache__/__init__.cpython-311.pyc,reproducible bytecode; source exists,237,C/D,1
05_src/traffic_simulation/__pycache__/paths.cpython-311.pyc,reproducible bytecode; source exists,3933,C/D,1
05_src/traffic_simulation/__pycache__/__init__.cpython-313.pyc,reproducible bytecode; source exists,226,C/D,1
05_src/traffic_simulation/__pycache__/validate_research_portal_registry.cpython-313.pyc,reproducible bytecode; source exists,44734,C/D,1
05_src/traffic_simulation/__pycache__/research_stage.cpython-311.pyc,reproducible bytecode; source exists,18816,C/D,1
05_src/traffic_simulation/__pycache__/build_sumo_network_visualization.cpython-311.pyc,source absent; preserve orphan bytecode,19676,C/D,0
05_src/traffic_simulation/__pycache__/research_stage.cpython-313.pyc,reproducible bytecode; source exists,16578,C/D,1
05_src/traffic_simulation/__pycache__/validate_research_portal_registry.cpython-311.pyc,reproducible bytecode; source exists,36924,C/D,1
05_src/traffic_simulation/evrp_r11_charging/__pycache__/define_charging_stations.cpython-313.pyc,reproducible bytecode; source exists,12034,C/D,1
05_src/traffic_simulation/evrp_r11_charging/__pycache__/investigate_ota_primary_station.cpython-313.pyc,reproducible bytecode; source exists,14270,C/D,1
05_src/traffic_simulation/evrp_r11_charging/__pycache__/define_charging_stations.cpython-311.pyc,reproducible bytecode; source exists,13940,C/D,1
05_src/traffic_simulation/evrp_r11_charging/__pycache__/investigate_ota_primary_station.cpython-311.pyc,reproducible bytecode; source exists,16914,C/D,1
05_src/traffic_simulation/evrp_r12_routing/__pycache__/define_routing_specification.cpython-313.pyc,reproducible bytecode; source exists,16973,C/D,1
05_src/traffic_simulation/evrp_r12_routing/__pycache__/validate_routing_specification_v18.cpython-313.pyc,reproducible bytecode; source exists,10272,C/D,1
05_src/traffic_simulation/evrp_r12_routing/__pycache__/define_routing_specification.cpython-311.pyc,reproducible bytecode; source exists,20749,C/D,1
05_src/traffic_simulation/evrp_r12_routing/__pycache__/validate_routing_specification_v18.cpython-311.pyc,reproducible bytecode; source exists,12631,C/D,1
05_src/traffic_simulation/evrp_r13_routing/__pycache__/compute_routing.cpython-313.pyc,reproducible bytecode; source exists,16094,C/D,1
05_src/traffic_simulation/evrp_r13_routing/__pycache__/validate_routing_basic.cpython-313.pyc,reproducible bytecode; source exists,11052,C/D,1
05_src/traffic_simulation/evrp_r13_routing/__pycache__/validate_routing_fixture.cpython-313.pyc,reproducible bytecode; source exists,7306,C/D,1
05_src/traffic_simulation/evrp_r13_routing/__pycache__/validate_routing_results.cpython-313.pyc,reproducible bytecode; source exists,12077,C/D,1
05_src/traffic_simulation/evrp_r13_routing/__pycache__/compute_routing.cpython-311.pyc,reproducible bytecode; source exists,19110,C/D,1
05_src/traffic_simulation/evrp_r13_routing/__pycache__/validate_routing_basic.cpython-311.pyc,reproducible bytecode; source exists,13618,C/D,1
05_src/traffic_simulation/evrp_r13_routing/__pycache__/validate_routing_fixture.cpython-311.pyc,reproducible bytecode; source exists,8454,C/D,1
05_src/traffic_simulation/evrp_r13_routing/__pycache__/validate_routing_results.cpython-311.pyc,reproducible bytecode; source exists,14811,C/D,1
05_src/traffic_simulation/evrp_r14_routing_validation/__pycache__/investigate_root_cause.cpython-313.pyc,reproducible bytecode; source exists,16969,C/D,1
05_src/traffic_simulation/evrp_r14_routing_validation/__pycache__/validate_routing.cpython-313.pyc,reproducible bytecode; source exists,45307,C/D,1
05_src/traffic_simulation/evrp_r14_routing_validation/__pycache__/validate_v18_route_geometry.cpython-313.pyc,reproducible bytecode; source exists,6837,C/D,1
05_src/traffic_simulation/evrp_r14_routing_validation/__pycache__/investigate_root_cause.cpython-311.pyc,reproducible bytecode; source exists,21355,C/D,1
05_src/traffic_simulation/evrp_r14_routing_validation/__pycache__/validate_routing.cpython-311.pyc,reproducible bytecode; source exists,56348,C/D,1
05_src/traffic_simulation/evrp_r14_routing_validation/__pycache__/validate_v18_route_geometry.cpython-311.pyc,reproducible bytecode; source exists,7966,C/D,1
05_src/traffic_simulation/evrp_r15_instance/__pycache__/build_common_instance.cpython-313.pyc,reproducible bytecode; source exists,19745,C/D,1
05_src/traffic_simulation/evrp_r15_instance/__pycache__/propagate_current_authority.cpython-313.pyc,reproducible bytecode; source exists,5239,C/D,1
05_src/traffic_simulation/evrp_r15_instance/__pycache__/validate_common_instance.cpython-313.pyc,reproducible bytecode; source exists,12157,C/D,1
05_src/traffic_simulation/evrp_r15_instance/__pycache__/build_common_instance.cpython-311.pyc,reproducible bytecode; source exists,23280,C/D,1
05_src/traffic_simulation/evrp_r15_instance/__pycache__/propagate_current_authority.cpython-311.pyc,reproducible bytecode; source exists,5924,C/D,1
05_src/traffic_simulation/evrp_r15_instance/__pycache__/validate_common_instance.cpython-311.pyc,reproducible bytecode; source exists,14695,C/D,1
05_src/traffic_simulation/evrp_r16_constraints/__pycache__/build_constraint_spec.cpython-313.pyc,reproducible bytecode; source exists,12429,C/D,1
05_src/traffic_simulation/evrp_r16_constraints/__pycache__/validate_constraint_spec.cpython-313.pyc,reproducible bytecode; source exists,4669,C/D,1
05_src/traffic_simulation/evrp_r16_constraints/__pycache__/build_constraint_spec.cpython-311.pyc,reproducible bytecode; source exists,13498,C/D,1
05_src/traffic_simulation/evrp_r16_constraints/__pycache__/validate_constraint_spec.cpython-311.pyc,reproducible bytecode; source exists,5400,C/D,1
05_src/traffic_simulation/evrp_r17_ortools/__pycache__/build_formulation_spec.cpython-313.pyc,reproducible bytecode; source exists,9997,C/D,1
05_src/traffic_simulation/evrp_r17_ortools/__pycache__/validate_formulation_spec.cpython-313.pyc,reproducible bytecode; source exists,4624,C/D,1
05_src/traffic_simulation/evrp_r17_ortools/__pycache__/write_dependency_manifest.cpython-313.pyc,reproducible bytecode; source exists,3175,C/D,1
05_src/traffic_simulation/evrp_r17_ortools/__pycache__/build_formulation_spec.cpython-311.pyc,reproducible bytecode; source exists,10606,C/D,1
05_src/traffic_simulation/evrp_r17_ortools/__pycache__/validate_formulation_spec.cpython-311.pyc,reproducible bytecode; source exists,5333,C/D,1
05_src/traffic_simulation/evrp_r17_ortools/__pycache__/write_dependency_manifest.cpython-311.pyc,reproducible bytecode; source exists,3528,C/D,1
05_src/traffic_simulation/evrp_r18_execution/__pycache__/run_ortools_execution.cpython-313.pyc,reproducible bytecode; source exists,45983,C/D,1
05_src/traffic_simulation/evrp_r18_execution/__pycache__/run_ortools_execution.cpython-311.pyc,reproducible bytecode; source exists,60341,C/D,1
05_src/traffic_simulation/evrp_r17_cpsat_standalone/__pycache__/run_integer_model_smoke_tests.cpython-313.pyc,reproducible bytecode; source exists,22647,C/D,1
05_src/traffic_simulation/evrp_r17_cpsat_standalone/__pycache__/run_integer_model_smoke_tests_v2.cpython-313.pyc,reproducible bytecode; source exists,20066,C/D,1
05_src/traffic_simulation/evrp_r17_cpsat_standalone/__pycache__/run_relaxed_diagnostics_and_gate_review.cpython-313.pyc,reproducible bytecode; source exists,13422,C/D,1
05_src/traffic_simulation/evrp_r17_cpsat_standalone/__pycache__/run_integer_model_smoke_tests.cpython-311.pyc,reproducible bytecode; source exists,30664,C/D,1
05_src/traffic_simulation/evrp_r17_cpsat_standalone/__pycache__/run_integer_model_smoke_tests_v2.cpython-311.pyc,reproducible bytecode; source exists,27267,C/D,1
05_src/traffic_simulation/evrp_r17_cpsat_standalone/__pycache__/run_relaxed_diagnostics_and_gate_review.cpython-311.pyc,reproducible bytecode; source exists,17521,C/D,1
05_src/traffic_simulation/evrp_r19_validation/__pycache__/validate_cpsat_solution.cpython-313.pyc,reproducible bytecode; source exists,22103,C/D,1
05_src/traffic_simulation/evrp_r19_validation/__pycache__/validate_cpsat_solution.cpython-311.pyc,reproducible bytecode; source exists,26907,C/D,1
05_src/traffic_simulation/evrp_r20_qubo_formulation/__pycache__/build_r20_spec.cpython-313.pyc,reproducible bytecode; source exists,16147,C/D,1
05_src/traffic_simulation/evrp_r20_qubo_formulation/__pycache__/build_r20_spec.cpython-311.pyc,reproducible bytecode; source exists,18132,C/D,1
05_src/traffic_simulation/temporary_quantum_diagnostic/__pycache__/run_diagnostic.cpython-313.pyc,reproducible bytecode; source exists,11522,C/D,1
05_src/traffic_simulation/temporary_quantum_diagnostic/__pycache__/run_diagnostic.cpython-311.pyc,reproducible bytecode; source exists,13268,C/D,1
05_src/traffic_simulation/r20_route_ordering/__pycache__/analyze_lambda_bound.cpython-313.pyc,reproducible bytecode; source exists,10410,C/D,1
05_src/traffic_simulation/r20_route_ordering/__pycache__/analyze_lambda_margin.cpython-313.pyc,reproducible bytecode; source exists,29916,C/D,1
05_src/traffic_simulation/r20_route_ordering/__pycache__/analyze_lambda_tolerance_rule.cpython-313.pyc,reproducible bytecode; source exists,22527,C/D,1
05_src/traffic_simulation/r20_route_ordering/__pycache__/run_real_data_validation.cpython-313.pyc,reproducible bytecode; source exists,11933,C/D,1
05_src/traffic_simulation/r20_route_ordering/__pycache__/run_validation.cpython-313.pyc,reproducible bytecode; source exists,13853,C/D,1
05_src/traffic_simulation/r20_route_ordering/__pycache__/__init__.cpython-311.pyc,reproducible bytecode; source exists,1424,C/D,1
05_src/traffic_simulation/r20_route_ordering/__pycache__/core.cpython-311.pyc,reproducible bytecode; source exists,37735,C/D,1
05_src/traffic_simulation/r20_route_ordering/__pycache__/routing_adapter.cpython-311.pyc,reproducible bytecode; source exists,22065,C/D,1
05_src/traffic_simulation/r20_route_ordering/__pycache__/analyze_lambda_bound.cpython-311.pyc,reproducible bytecode; source exists,12910,C/D,1
05_src/traffic_simulation/r20_route_ordering/__pycache__/analyze_lambda_margin.cpython-311.pyc,reproducible bytecode; source exists,35720,C/D,1
05_src/traffic_simulation/r20_route_ordering/__pycache__/analyze_lambda_tolerance_rule.cpython-311.pyc,reproducible bytecode; source exists,27492,C/D,1
05_src/traffic_simulation/r20_route_ordering/__pycache__/run_validation.cpython-311.pyc,reproducible bytecode; source exists,16845,C/D,1
05_src/traffic_simulation/r20_route_ordering/__pycache__/run_real_data_validation.cpython-311.pyc,reproducible bytecode; source exists,14193,C/D,1
05_src/traffic_simulation/r20_route_ordering/__pycache__/__init__.cpython-313.pyc,reproducible bytecode; source exists,1170,C/D,1
05_src/traffic_simulation/r20_route_ordering/__pycache__/core.cpython-313.pyc,reproducible bytecode; source exists,29668,C/D,1
05_src/traffic_simulation/r20_route_ordering/__pycache__/routing_adapter.cpython-313.pyc,reproducible bytecode; source exists,18117,C/D,1
05_src/traffic_simulation/r20_route_ordering/__pycache__/validate_formal_lambda.cpython-311.pyc,reproducible bytecode; source exists,27819,C/D,1
05_src/traffic_simulation/r20_route_ordering/__pycache__/freeze_r23_instance_authority.cpython-311.pyc,reproducible bytecode; source exists,28210,C/D,1
05_src/traffic_simulation/r20_route_ordering/__pycache__/write_r23_authority_set_manifests.cpython-311.pyc,reproducible bytecode; source exists,3727,C/D,1
05_src/traffic_simulation/r20_route_ordering/__pycache__/link_r23_authorization_artifact.cpython-311.pyc,reproducible bytecode; source exists,2000,C/D,1
05_src/traffic_simulation/r21_qubo_validation/__pycache__/__init__.cpython-313.pyc,reproducible bytecode; source exists,740,C/D,1
05_src/traffic_simulation/r21_qubo_validation/__pycache__/artifact.cpython-313.pyc,reproducible bytecode; source exists,2816,C/D,1
05_src/traffic_simulation/r21_qubo_validation/__pycache__/schema.cpython-313.pyc,reproducible bytecode; source exists,10307,C/D,1
05_src/traffic_simulation/r21_qubo_validation/__pycache__/runner.cpython-313.pyc,reproducible bytecode; source exists,11431,C/D,1
05_src/traffic_simulation/r21_qubo_validation/__pycache__/__init__.cpython-311.pyc,reproducible bytecode; source exists,853,C/D,1
05_src/traffic_simulation/r21_qubo_validation/__pycache__/artifact.cpython-311.pyc,reproducible bytecode; source exists,3459,C/D,1
05_src/traffic_simulation/r21_qubo_validation/__pycache__/schema.cpython-311.pyc,reproducible bytecode; source exists,12247,C/D,1
05_src/traffic_simulation/r21_qubo_validation/__pycache__/runner.cpython-311.pyc,reproducible bytecode; source exists,13441,C/D,1
05_src/traffic_simulation/r22_ising_conversion/__pycache__/__init__.cpython-313.pyc,reproducible bytecode; source exists,1005,C/D,1
05_src/traffic_simulation/r22_ising_conversion/__pycache__/artifact.cpython-313.pyc,reproducible bytecode; source exists,2751,C/D,1
05_src/traffic_simulation/r22_ising_conversion/__pycache__/schema.cpython-313.pyc,reproducible bytecode; source exists,11543,C/D,1
05_src/traffic_simulation/r22_ising_conversion/__pycache__/converter.cpython-313.pyc,reproducible bytecode; source exists,6566,C/D,1
05_src/traffic_simulation/r22_ising_conversion/__pycache__/validator.cpython-313.pyc,reproducible bytecode; source exists,13028,C/D,1
05_src/traffic_simulation/r22_ising_conversion/__pycache__/__init__.cpython-311.pyc,reproducible bytecode; source exists,1180,C/D,1
05_src/traffic_simulation/r22_ising_conversion/__pycache__/artifact.cpython-311.pyc,reproducible bytecode; source exists,3408,C/D,1
05_src/traffic_simulation/r22_ising_conversion/__pycache__/schema.cpython-311.pyc,reproducible bytecode; source exists,13751,C/D,1
05_src/traffic_simulation/r22_ising_conversion/__pycache__/converter.cpython-311.pyc,reproducible bytecode; source exists,7680,C/D,1
05_src/traffic_simulation/r22_ising_conversion/__pycache__/validator.cpython-311.pyc,reproducible bytecode; source exists,15024,C/D,1
05_src/traffic_simulation/r23_qaoa_aer/__pycache__/__init__.cpython-311.pyc,reproducible bytecode; source exists,613,C/D,1
05_src/traffic_simulation/r23_qaoa_aer/__pycache__/hamiltonian.cpython-311.pyc,reproducible bytecode; source exists,4988,C/D,1
05_src/traffic_simulation/r23_qaoa_aer/__pycache__/artifact.cpython-311.pyc,reproducible bytecode; source exists,11925,C/D,1
05_src/traffic_simulation/r23_qaoa_aer/__pycache__/initialization.cpython-311.pyc,reproducible bytecode; source exists,3328,C/D,1
05_src/traffic_simulation/r23_qaoa_aer/__pycache__/__init__.cpython-313.pyc,reproducible bytecode; source exists,508,C/D,1
05_src/traffic_simulation/r23_qaoa_aer/__pycache__/artifact.cpython-313.pyc,reproducible bytecode; source exists,10032,C/D,1
05_src/traffic_simulation/r23_qaoa_aer/__pycache__/schema.cpython-311.pyc,reproducible bytecode; source exists,30641,C/D,1
05_src/traffic_simulation/r23_qaoa_aer/__pycache__/metrics.cpython-311.pyc,reproducible bytecode; source exists,9076,C/D,1
05_src/traffic_simulation/r23_qaoa_aer/__pycache__/hamiltonian.cpython-313.pyc,reproducible bytecode; source exists,4242,C/D,1
05_src/traffic_simulation/r23_qaoa_aer/__pycache__/initialization.cpython-313.pyc,reproducible bytecode; source exists,2957,C/D,1
05_src/traffic_simulation/r23_qaoa_aer/__pycache__/metrics.cpython-313.pyc,reproducible bytecode; source exists,7823,C/D,1
05_src/traffic_simulation/r23_qaoa_aer/__pycache__/qaoa.cpython-313.pyc,reproducible bytecode; source exists,21307,C/D,1
05_src/traffic_simulation/r23_qaoa_aer/__pycache__/schema.cpython-313.pyc,reproducible bytecode; source exists,26400,C/D,1
05_src/traffic_simulation/r23_qaoa_aer/__pycache__/optimizers.cpython-313.pyc,reproducible bytecode; source exists,4557,C/D,1
05_src/traffic_simulation/r23_qaoa_aer/__pycache__/optimizers.cpython-311.pyc,reproducible bytecode; source exists,5226,C/D,1
05_src/traffic_simulation/r23_qaoa_aer/__pycache__/optimized_metrics_v4.cpython-313.pyc,reproducible bytecode; source exists,7875,C/D,1
05_src/traffic_simulation/r23_qaoa_aer/__pycache__/qaoa.cpython-311.pyc,reproducible bytecode; source exists,25668,C/D,1
05_src/traffic_simulation/r23_qaoa_aer/__pycache__/optimized_metrics_v4.cpython-311.pyc,reproducible bytecode; source exists,11168,C/D,1
05_src/traffic_simulation/r23_n5_scaling/__pycache__/run_n5_scaling.cpython-311.pyc,reproducible bytecode; source exists,20476,C/D,1
05_src/traffic_simulation/r24_classical_reference/__pycache__/__init__.cpython-311.pyc,reproducible bytecode; source exists,237,C/D,1
05_src/traffic_simulation/r24_classical_reference/__pycache__/run_r24_classical_benchmark.cpython-311.pyc,source absent; preserve orphan bytecode,45127,C/D,0
05_src/traffic_simulation/r24_analysis/__pycache__/__init__.cpython-311.pyc,source absent; preserve orphan bytecode,261,C/D,0
05_src/traffic_simulation/r24_analysis/__pycache__/common.cpython-311.pyc,source absent; preserve orphan bytecode,7756,C/D,0
05_src/traffic_simulation/r24_analysis/__pycache__/closeout.cpython-311.pyc,source absent; preserve orphan bytecode,15557,C/D,0
05_src/traffic_simulation/r24_analysis/__pycache__/visualize.cpython-311.pyc,source absent; preserve orphan bytecode,17316,C/D,0
05_src/traffic_simulation/r24_analysis/__pycache__/qubo.cpython-311.pyc,source absent; preserve orphan bytecode,22239,C/D,0
05_src/traffic_simulation/r24_analysis/__pycache__/build_notebooks.cpython-311.pyc,source absent; preserve orphan bytecode,13427,C/D,0
05_src/traffic_simulation/r24_analysis/__pycache__/finalize.cpython-311.pyc,source absent; preserve orphan bytecode,9835,C/D,0
05_src/traffic_simulation/r24_direct_qubo/__pycache__/__init__.cpython-311.pyc,reproducible bytecode; source exists,267,C/D,1
05_src/traffic_simulation/r24_direct_qubo/__pycache__/provenance.cpython-311.pyc,source absent; preserve orphan bytecode,4451,C/D,0
05_src/traffic_simulation/r24_direct_qubo/__pycache__/model.cpython-311.pyc,reproducible bytecode; source exists,21946,C/D,1
05_src/traffic_simulation/r24_direct_qubo/__pycache__/build_notebook.cpython-311.pyc,source absent; preserve orphan bytecode,11549,C/D,0
05_src/traffic_simulation/r24_direct_qubo/__pycache__/visualize.cpython-311.pyc,source absent; preserve orphan bytecode,13239,C/D,0
05_src/traffic_simulation/r24_direct_qubo/__pycache__/finalize.cpython-311.pyc,source absent; preserve orphan bytecode,9050,C/D,0
05_src/traffic_simulation/r24_direct_qubo/__pycache__/run_validation.cpython-311.pyc,source absent; preserve orphan bytecode,23381,C/D,0
05_src/traffic_simulation/r24_direct_qubo_bnb/__pycache__/__init__.cpython-311.pyc,source absent; preserve orphan bytecode,276,C/D,0
05_src/traffic_simulation/r24_direct_qubo_bnb/__pycache__/provenance.cpython-311.pyc,source absent; preserve orphan bytecode,3770,C/D,0
05_src/traffic_simulation/r24_direct_qubo_bnb/__pycache__/select_cases.cpython-311.pyc,source absent; preserve orphan bytecode,8409,C/D,0
05_src/traffic_simulation/r24_direct_qubo_bnb/__pycache__/run_validation.cpython-311.pyc,source absent; preserve orphan bytecode,19382,C/D,0
05_src/traffic_simulation/r24_direct_qubo_bnb/__pycache__/exact_model.cpython-311.pyc,source absent; preserve orphan bytecode,24285,C/D,0
05_src/traffic_simulation/r24_direct_qubo_bnb/__pycache__/search.cpython-311.pyc,source absent; preserve orphan bytecode,9590,C/D,0
05_src/traffic_simulation/r24_direct_qubo_bnb/__pycache__/certificate.cpython-311.pyc,source absent; preserve orphan bytecode,8534,C/D,0
05_src/traffic_simulation/r24_direct_qubo_bnb/__pycache__/visualize.cpython-311.pyc,source absent; preserve orphan bytecode,19428,C/D,0
05_src/traffic_simulation/r24_direct_qubo_bnb/__pycache__/build_notebook.cpython-311.pyc,source absent; preserve orphan bytecode,13090,C/D,0
05_src/traffic_simulation/r24_direct_qubo_bnb/__pycache__/finalize.cpython-311.pyc,source absent; preserve orphan bytecode,10199,C/D,0
05_src/traffic_simulation/r24_qaoa_smoke/__pycache__/adapter.cpython-311.pyc,source absent; preserve orphan bytecode,21062,C/D,0
05_src/traffic_simulation/r24_qaoa_resource_gate_redesign/__pycache__/test_gates.cpython-311.pyc,source absent; preserve orphan bytecode,15933,C/D,0
05_src/traffic_simulation/r24_direct_qubo_penalty_landscape_review/__pycache__/analyze.cpython-313.pyc,source absent; preserve orphan bytecode,81210,C/D,0
05_src/traffic_simulation/r24_direct_qubo_penalty_landscape_review/__pycache__/run_review.cpython-313.pyc,source absent; preserve orphan bytecode,9549,C/D,0
05_src/traffic_simulation/r24_direct_qubo_penalty_landscape_review/__pycache__/analyze.cpython-311.pyc,source absent; preserve orphan bytecode,98756,C/D,0
05_src/traffic_simulation/r24_qaoa_depth_comparison/__pycache__/report.cpython-313.pyc,source absent; preserve orphan bytecode,40650,C/D,0
05_src/traffic_simulation/r24_qaoa_mixer_candidate_analysis/__pycache__/analyze.cpython-311.pyc,source absent; preserve orphan bytecode,82721,C/D,0
05_src/traffic_simulation/r24_qaoa_hybrid_mixer_implementation_preflight/__pycache__/common.cpython-311.pyc,source absent; preserve orphan bytecode,3248,C/D,0
05_src/traffic_simulation/r24_qaoa_hybrid_mixer_implementation_preflight/__pycache__/operator_impl.cpython-311.pyc,source absent; preserve orphan bytecode,10836,C/D,0
05_src/traffic_simulation/r24_qaoa_hybrid_mixer_implementation_preflight/__pycache__/initial_tests.cpython-313.pyc,source absent; preserve orphan bytecode,17492,C/D,0
05_src/traffic_simulation/r24_qaoa_hybrid_mixer_implementation_preflight/__pycache__/operator_impl.cpython-313.pyc,source absent; preserve orphan bytecode,9294,C/D,0
05_src/traffic_simulation/r24_qaoa_hybrid_mixer_implementation_preflight/__pycache__/circuit_tests.cpython-311.pyc,source absent; preserve orphan bytecode,27680,C/D,0
05_src/traffic_simulation/r24_qaoa_hybrid_mixer_implementation_preflight/__pycache__/freeze_contract.cpython-311.pyc,source absent; preserve orphan bytecode,7979,C/D,0
05_src/traffic_simulation/r24_qaoa_standard_x_vs_hybrid_comparison/__pycache__/run.cpython-311.pyc,source absent; preserve orphan bytecode,45172,C/D,0
05_src/traffic_simulation/r24_qaoa_initial_state_mixer_ablation/__pycache__/audit.cpython-311.pyc,source absent; preserve orphan bytecode,40730,C/D,0
05_src/traffic_simulation/r24_qaoa_ablation_worker/__pycache__/spec.cpython-311.pyc,source absent; preserve orphan bytecode,12395,C/D,0
05_src/traffic_simulation/r24_qaoa_ablation_worker/__pycache__/ledger.cpython-311.pyc,source absent; preserve orphan bytecode,37335,C/D,0
05_src/traffic_simulation/r24_qaoa_ablation_worker/__pycache__/worker.cpython-311.pyc,source absent; preserve orphan bytecode,45732,C/D,0
05_src/traffic_simulation/r24_qaoa_ablation_worker/__pycache__/test_worker.cpython-311.pyc,source absent; preserve orphan bytecode,55842,C/D,0
05_src/traffic_simulation/r24_qaoa_ablation_worker/__pycache__/test_reservation_claim.cpython-311.pyc,source absent; preserve orphan bytecode,29450,C/D,0
05_src/traffic_simulation/r24_qaoa_initial_state_cross_condition_worker/__pycache__/execution.cpython-311.pyc,source absent; preserve orphan bytecode,26450,C/D,0
05_src/traffic_simulation/r24_qaoa_initial_state_cross_condition_worker/__pycache__/results.cpython-311.pyc,source absent; preserve orphan bytecode,11852,C/D,0
05_src/traffic_simulation/r24_qaoa_initial_state_cross_condition_worker/__pycache__/contract.cpython-311.pyc,source absent; preserve orphan bytecode,12581,C/D,0
05_src/traffic_simulation/r24_qaoa_initial_state_cross_condition_worker/__pycache__/test_cross_worker.cpython-311.pyc,source absent; preserve orphan bytecode,56820,C/D,0
05_src/traffic_simulation/r24_qaoa_initial_state_cross_condition_worker/__pycache__/worker.cpython-311.pyc,source absent; preserve orphan bytecode,30227,C/D,0
05_src/traffic_simulation/r24_vrptw/__pycache__/__init__.cpython-311.pyc,reproducible bytecode; source exists,461,C/D,1
05_src/traffic_simulation/r24_vrptw/__pycache__/instance.cpython-311.pyc,reproducible bytecode; source exists,10702,C/D,1
05_src/traffic_simulation/r24_vrptw/__pycache__/validator.cpython-311.pyc,reproducible bytecode; source exists,11572,C/D,1
05_src/traffic_simulation/r24_vrptw_quantum_encoding_preflight/__pycache__/model.cpython-311.pyc,reproducible bytecode; source exists,17551,C/D,1
05_src/traffic_simulation/r24_vrptw_qaoa_worker/__pycache__/adapter.cpython-311.pyc,reproducible bytecode; source exists,16608,C/D,1
05_src/traffic_simulation/r24_vrptw_qaoa_worker/__pycache__/results.cpython-311.pyc,reproducible bytecode; source exists,24250,C/D,1
05_src/traffic_simulation/r24_vrptw_qaoa_runtime_sanity/__pycache__/validation.cpython-311.pyc,source absent; preserve orphan bytecode,4688,C/D,0
05_src/traffic_simulation/r24_vrptw_qaoa_runtime_sanity/__pycache__/test_sanity.cpython-311.pyc,source absent; preserve orphan bytecode,11026,C/D,0
05_src/traffic_simulation/r24_vrptw_qaoa_runtime_sanity/__pycache__/driver.cpython-311.pyc,source absent; preserve orphan bytecode,36357,C/D,0
05_src/traffic_simulation/r24_vrptw_qaoa_runtime_sanity/__pycache__/finalize.cpython-311.pyc,source absent; preserve orphan bytecode,17664,C/D,0
05_src/traffic_simulation/r24_vrptw_qaoa_batch_01/__pycache__/driver.cpython-311.pyc,source absent; preserve orphan bytecode,30849,C/D,0
05_src/traffic_simulation/r24_vrptw_qaoa_batch_01/__pycache__/test_batch.cpython-311.pyc,source absent; preserve orphan bytecode,8697,C/D,0
05_src/traffic_simulation/r24_vrptw_qaoa_batch_01/__pycache__/analysis.cpython-311.pyc,source absent; preserve orphan bytecode,23625,C/D,0
05_src/traffic_simulation/r24_vrptw_qaoa_batch_01/__pycache__/finalize.cpython-311.pyc,source absent; preserve orphan bytecode,15232,C/D,0
05_src/traffic_simulation/r24_vrptw_qaoa_batch_02/__pycache__/driver.cpython-311.pyc,source absent; preserve orphan bytecode,32655,C/D,0
05_src/traffic_simulation/r24_vrptw_qaoa_batch_02/__pycache__/test_batch.cpython-311.pyc,source absent; preserve orphan bytecode,8705,C/D,0
05_src/traffic_simulation/r24_vrptw_qaoa_batch_02/__pycache__/analysis.cpython-311.pyc,source absent; preserve orphan bytecode,24192,C/D,0
05_src/traffic_simulation/r24_vrptw_qaoa_batch_02/__pycache__/finalize.cpython-311.pyc,source absent; preserve orphan bytecode,16726,C/D,0
05_src/traffic_simulation/r24_vrptw_qaoa_batch_02/__pycache__/comparison.cpython-311.pyc,source absent; preserve orphan bytecode,4470,C/D,0
05_src/traffic_simulation/r24_vrptw_qaoa_batch_03/__pycache__/driver.cpython-311.pyc,source absent; preserve orphan bytecode,33363,C/D,0
05_src/traffic_simulation/r24_vrptw_qaoa_batch_03/__pycache__/test_batch.cpython-311.pyc,source absent; preserve orphan bytecode,9467,C/D,0
05_src/traffic_simulation/r24_vrptw_qaoa_batch_03/__pycache__/analysis.cpython-311.pyc,source absent; preserve orphan bytecode,24201,C/D,0
05_src/traffic_simulation/r24_vrptw_qaoa_batch_03/__pycache__/input_audit.cpython-311.pyc,source absent; preserve orphan bytecode,7872,C/D,0
05_src/traffic_simulation/r24_vrptw_qaoa_batch_03/__pycache__/finalize.cpython-311.pyc,source absent; preserve orphan bytecode,16862,C/D,0
05_src/traffic_simulation/r24_vrptw_qaoa_batch_03/__pycache__/comparison.cpython-311.pyc,source absent; preserve orphan bytecode,6272,C/D,0
05_src/traffic_simulation/r24_vrptw_qaoa_batch_04/__pycache__/driver.cpython-311.pyc,source absent; preserve orphan bytecode,33355,C/D,0
05_src/traffic_simulation/r24_vrptw_qaoa_batch_04/__pycache__/test_batch.cpython-311.pyc,source absent; preserve orphan bytecode,9850,C/D,0
05_src/traffic_simulation/r24_vrptw_qaoa_batch_04/__pycache__/analysis.cpython-311.pyc,source absent; preserve orphan bytecode,24282,C/D,0
05_src/traffic_simulation/r24_vrptw_qaoa_batch_04/__pycache__/input_audit.cpython-311.pyc,source absent; preserve orphan bytecode,9032,C/D,0
05_src/traffic_simulation/r24_vrptw_qaoa_batch_04/__pycache__/finalize.cpython-311.pyc,source absent; preserve orphan bytecode,17219,C/D,0
05_src/traffic_simulation/r24_vrptw_qaoa_batch_04/__pycache__/comparison.cpython-311.pyc,source absent; preserve orphan bytecode,6582,C/D,0
05_src/traffic_simulation/r24_vrptw_qaoa_batch_05/__pycache__/driver.cpython-311.pyc,source absent; preserve orphan bytecode,33355,C/D,0
05_src/traffic_simulation/r24_vrptw_qaoa_batch_05/__pycache__/test_batch.cpython-311.pyc,source absent; preserve orphan bytecode,9866,C/D,0
05_src/traffic_simulation/r24_vrptw_qaoa_batch_05/__pycache__/analysis.cpython-311.pyc,source absent; preserve orphan bytecode,24278,C/D,0
05_src/traffic_simulation/r24_vrptw_qaoa_batch_05/__pycache__/input_audit.cpython-311.pyc,source absent; preserve orphan bytecode,10868,C/D,0
05_src/traffic_simulation/r24_vrptw_qaoa_batch_05/__pycache__/finalize.cpython-311.pyc,source absent; preserve orphan bytecode,17289,C/D,0
05_src/traffic_simulation/r24_vrptw_qaoa_batch_05/__pycache__/comparison.cpython-311.pyc,source absent; preserve orphan bytecode,8994,C/D,0
05_src/traffic_simulation/r24_vrptw_qaoa_batch_06/__pycache__/driver.cpython-311.pyc,source absent; preserve orphan bytecode,33543,C/D,0
05_src/traffic_simulation/r24_vrptw_qaoa_batch_06/__pycache__/test_batch.cpython-311.pyc,source absent; preserve orphan bytecode,9847,C/D,0
05_src/traffic_simulation/r24_vrptw_qaoa_batch_06/__pycache__/analysis.cpython-311.pyc,source absent; preserve orphan bytecode,24286,C/D,0
05_src/traffic_simulation/r24_vrptw_qaoa_batch_06/__pycache__/input_audit.cpython-311.pyc,source absent; preserve orphan bytecode,10315,C/D,0
05_src/traffic_simulation/r24_vrptw_qaoa_batch_06/__pycache__/control_audit.cpython-311.pyc,source absent; preserve orphan bytecode,4668,C/D,0
05_src/traffic_simulation/r24_vrptw_qaoa_batch_06/__pycache__/finalize.cpython-311.pyc,source absent; preserve orphan bytecode,17120,C/D,0
05_src/traffic_simulation/r24_vrptw_qaoa_batch_06/__pycache__/comparison.cpython-311.pyc,source absent; preserve orphan bytecode,10012,C/D,0
05_src/traffic_simulation/r24_vrptw_qaoa_batch_07/__pycache__/driver.cpython-311.pyc,source absent; preserve orphan bytecode,33557,C/D,0
05_src/traffic_simulation/r24_vrptw_qaoa_batch_07/__pycache__/test_batch.cpython-311.pyc,source absent; preserve orphan bytecode,9848,C/D,0
05_src/traffic_simulation/r24_vrptw_qaoa_batch_07/__pycache__/analysis.cpython-311.pyc,source absent; preserve orphan bytecode,24286,C/D,0
05_src/traffic_simulation/r24_vrptw_qaoa_batch_07/__pycache__/input_audit.cpython-311.pyc,source absent; preserve orphan bytecode,10314,C/D,0
05_src/traffic_simulation/r24_vrptw_qaoa_batch_07/__pycache__/control_audit.cpython-311.pyc,source absent; preserve orphan bytecode,4859,C/D,0
05_src/traffic_simulation/r24_vrptw_qaoa_batch_07/__pycache__/finalize.cpython-311.pyc,source absent; preserve orphan bytecode,17681,C/D,0
05_src/traffic_simulation/r24_vrptw_qaoa_batch_07/__pycache__/comparison.cpython-311.pyc,source absent; preserve orphan bytecode,10111,C/D,0
05_src/traffic_simulation/r24_vrptw_qaoa_batch_07/__pycache__/inventory.cpython-311.pyc,source absent; preserve orphan bytecode,6844,C/D,0
05_src/traffic_simulation/r24_vrptw_qaoa_study_synthesis/__pycache__/core.cpython-311.pyc,source absent; preserve orphan bytecode,28367,C/D,0
05_src/traffic_simulation/r24_vrptw_qaoa_study_synthesis/__pycache__/aggregate.cpython-311.pyc,source absent; preserve orphan bytecode,23638,C/D,0
05_src/traffic_simulation/r24_vrptw_qaoa_study_synthesis/__pycache__/test_synthesis.cpython-311.pyc,source absent; preserve orphan bytecode,9748,C/D,0
05_src/traffic_simulation/r24_vrptw_qaoa_study_synthesis/__pycache__/report.cpython-311.pyc,source absent; preserve orphan bytecode,37203,C/D,0
05_src/traffic_simulation/r24_vrptw_qaoa_study_synthesis/__pycache__/figures.cpython-311.pyc,source absent; preserve orphan bytecode,21257,C/D,0
05_src/traffic_simulation/r24_vrptw_qaoa_study_synthesis/__pycache__/final_audit.cpython-311.pyc,source absent; preserve orphan bytecode,17638,C/D,0
05_src/traffic_simulation/r24_vrptw_road_network_routes/__pycache__/inventory.cpython-311.pyc,source absent; preserve orphan bytecode,13115,C/D,0
05_src/traffic_simulation/r24_vrptw_road_network_routes/__pycache__/common.cpython-311.pyc,source absent; preserve orphan bytecode,6657,C/D,0
05_src/traffic_simulation/r24_vrptw_road_network_routes/__pycache__/materialize.cpython-311.pyc,source absent; preserve orphan bytecode,36143,C/D,0
05_src/traffic_simulation/r24_vrptw_road_network_routes/__pycache__/test_routes.cpython-311.pyc,source absent; preserve orphan bytecode,12316,C/D,0
05_src/traffic_simulation/r24_vrptw_road_network_routes/__pycache__/visualize.cpython-311.pyc,source absent; preserve orphan bytecode,29599,C/D,0
05_src/traffic_simulation/r24_vrptw_road_network_routes/__pycache__/publish.cpython-311.pyc,source absent; preserve orphan bytecode,24162,C/D,0
05_src/traffic_simulation/r24_vrptw_road_network_routes/__pycache__/final_audit.cpython-311.pyc,source absent; preserve orphan bytecode,18765,C/D,0
05_src/traffic_simulation/r24_vrptw_structured_initial_state/__pycache__/inventory.cpython-311.pyc,source absent; preserve orphan bytecode,5224,C/D,0
05_src/traffic_simulation/r24_vrptw_structured_initial_state/__pycache__/common.cpython-311.pyc,reproducible bytecode; source exists,5014,C/D,1
05_src/traffic_simulation/r24_vrptw_structured_initial_state/__pycache__/validate.cpython-311.pyc,reproducible bytecode; source exists,37055,C/D,1
05_src/traffic_simulation/r24_vrptw_structured_initial_state/__pycache__/construction.cpython-311.pyc,reproducible bytecode; source exists,5732,C/D,1
05_src/traffic_simulation/r24_vrptw_structured_initial_state/__pycache__/assemble.cpython-311.pyc,source absent; preserve orphan bytecode,22309,C/D,0
05_src/traffic_simulation/r24_vrptw_structured_initial_state/__pycache__/publish.cpython-311.pyc,source absent; preserve orphan bytecode,33145,C/D,0
05_src/traffic_simulation/r24_vrptw_structured_initial_state/__pycache__/finalize.cpython-311.pyc,source absent; preserve orphan bytecode,22067,C/D,0
05_src/traffic_simulation/r24_vrptw_uniform_vs_structured_comparison_spec/__pycache__/design.cpython-311.pyc,source absent; preserve orphan bytecode,27208,C/D,0
05_src/traffic_simulation/r24_vrptw_uniform_vs_structured_comparison_spec/__pycache__/publish.cpython-311.pyc,source absent; preserve orphan bytecode,23501,C/D,0
05_src/traffic_simulation/r24_vrptw_uniform_vs_structured_comparison_spec/__pycache__/policy.cpython-311.pyc,source absent; preserve orphan bytecode,27232,C/D,0
05_src/traffic_simulation/r24_vrptw_uniform_vs_structured_comparison_spec/__pycache__/tests.cpython-311.pyc,source absent; preserve orphan bytecode,30673,C/D,0
05_src/traffic_simulation/r24_vrptw_uniform_vs_structured_comparison_spec/__pycache__/finalize.cpython-311.pyc,source absent; preserve orphan bytecode,13773,C/D,0
05_src/traffic_simulation/r24_vrptw_structured_initial_state_audit/__pycache__/audit.cpython-311.pyc,reproducible bytecode; source exists,34343,C/D,36
05_src/traffic_simulation/r24_vrptw_structured_initial_state_audit/__pycache__/publish.cpython-311.pyc,source absent; preserve orphan bytecode,24961,C/D,0
05_src/traffic_simulation/r24_vrptw_structured_initial_state_audit/__pycache__/tests.cpython-311.pyc,reproducible bytecode; source exists,17046,C/D,1
05_src/traffic_simulation/r24_vrptw_structured_initial_state_audit/__pycache__/finalize.cpython-311.pyc,source absent; preserve orphan bytecode,14303,C/D,0
05_src/traffic_simulation/r24_vrptw_structured_worker/__pycache__/results.cpython-311.pyc,reproducible bytecode; source exists,1236,C/D,1
05_src/traffic_simulation/r24_vrptw_direct_build_preflight/__pycache__/audit.cpython-311.pyc,reproducible bytecode; source exists,21633,C/D,36
05_src/traffic_simulation/r24_vrptw_direct_build_preflight/__pycache__/test_direct.cpython-311.pyc,reproducible bytecode; source exists,28905,C/D,1
05_src/household_parcel/tests/__pycache__/test_model.cpython-311-pytest-8.3.3.pyc,source absent; preserve orphan bytecode,10327,C/D,0
05_src/household_parcel/tests/__pycache__/test_pipelines.cpython-311-pytest-8.3.3.pyc,source absent; preserve orphan bytecode,39025,C/D,0
05_src/household_parcel/tests/__pycache__/test_receipt_experience_sensitivity.cpython-311-pytest-8.3.3.pyc,source absent; preserve orphan bytecode,27221,C/D,0
05_src/household_parcel/__pycache__/__init__.cpython-311.pyc,source absent; preserve orphan bytecode,385,C/D,0
05_src/household_parcel/__pycache__/loader.cpython-311.pyc,source absent; preserve orphan bytecode,14671,C/D,0
05_src/household_parcel/__pycache__/generate_example.cpython-311.pyc,source absent; preserve orphan bytecode,1074,C/D,0
05_src/household_parcel/__pycache__/model.cpython-311.pyc,source absent; preserve orphan bytecode,14822,C/D,0
05_src/household_parcel/__pycache__/validate_generation.cpython-311.pyc,source absent; preserve orphan bytecode,6276,C/D,0
05_src/household_parcel/__pycache__/normalize.cpython-311.pyc,source absent; preserve orphan bytecode,7844,C/D,0
05_src/household_parcel/__pycache__/additional.cpython-311.pyc,source absent; preserve orphan bytecode,13591,C/D,0
05_src/household_parcel/__pycache__/pipelines.cpython-313.pyc,source absent; preserve orphan bytecode,21445,C/D,0
05_src/household_parcel/__pycache__/validate_pipelines.cpython-311.pyc,source absent; preserve orphan bytecode,4992,C/D,0
05_src/household_parcel/__pycache__/prepare_chocho_building_join.cpython-311.pyc,source absent; preserve orphan bytecode,29974,C/D,0
05_src/household_parcel/__pycache__/pipelines.cpython-311.pyc,source absent; preserve orphan bytecode,44356,C/D,0
05_src/household_parcel/__pycache__/analyze_receipt_experience_sensitivity.cpython-311.pyc,source absent; preserve orphan bytecode,22964,C/D,0
05_src/external_statistics/__pycache__/prepare_external_statistics.cpython-311.pyc,source absent; preserve orphan bytecode,11462,C/D,0
05_src/optimization/tests/__pycache__/test_specifications.cpython-311-pytest-8.3.3.pyc,source absent; preserve orphan bytecode,5957,C/D,0
05_src/optimization/tests/__pycache__/test_common_delivery_instance.cpython-311-pytest-8.3.3.pyc,source absent; preserve orphan bytecode,5281,C/D,0
05_src/optimization/__pycache__/common_delivery_instance.cpython-311.pyc,source absent; preserve orphan bytecode,10060,C/D,0
05_src/research_cli/__pycache__/__init__.cpython-311.pyc,reproducible bytecode; source exists,276,C/D,1
05_src/research_cli/__pycache__/__main__.cpython-311.pyc,reproducible bytecode; source exists,286,C/D,1
05_src/research_cli/__pycache__/cli.cpython-311.pyc,reproducible bytecode; source exists,12907,C/D,1
05_src/research_cli/__pycache__/core.cpython-311.pyc,reproducible bytecode; source exists,15469,C/D,1
05_src/research_cli/__pycache__/evaluate.cpython-311.pyc,reproducible bytecode; source exists,1343,C/D,1
05_src/research_cli/__pycache__/instance.cpython-311.pyc,reproducible bytecode; source exists,2125,C/D,1
05_src/research_cli/__pycache__/network.cpython-311.pyc,reproducible bytecode; source exists,6233,C/D,1
05_src/research_cli/__pycache__/optimization.cpython-311.pyc,reproducible bytecode; source exists,1618,C/D,1
05_src/research_cli/__pycache__/pipeline.cpython-311.pyc,reproducible bytecode; source exists,5113,C/D,1
05_src/research_cli/__pycache__/routing.cpython-311.pyc,reproducible bytecode; source exists,3653,C/D,1
05_src/research_cli/__pycache__/quantum.cpython-311.pyc,reproducible bytecode; source exists,2258,C/D,1
05_src/research_cli/__pycache__/simulation.cpython-311.pyc,reproducible bytecode; source exists,1527,C/D,1
05_src/research_cli/__pycache__/catalog.cpython-311.pyc,reproducible bytecode; source exists,9068,C/D,1
05_src/research_cli/__pycache__/demand.cpython-311.pyc,reproducible bytecode; source exists,4025,C/D,1
05_src/research_cli/__pycache__/portal.cpython-311.pyc,reproducible bytecode; source exists,6816,C/D,1
05_src/research_cli/__pycache__/inspection.cpython-311.pyc,reproducible bytecode; source exists,4764,C/D,1
05_src/research_cli/tests/__pycache__/test_cli.cpython-311.pyc,reproducible bytecode; source exists,1964,C/D,1
05_src/research_cli/tests/__pycache__/test_cli.cpython-311-pytest-8.3.3.pyc,reproducible bytecode; source exists,6499,C/D,1
legacy/non_sumo_route_proxy_analysis/reproducibility/tests/__pycache__/test_audit.cpython-311-pytest-8.3.3.pyc,reproducible bytecode; source exists,17036,C/D,1
reproducibility/outputs/traffic_simulation/attribute_resolution_v17/phase13_20260823_lane_assumption_delivery_sensitivity_pilot/__pycache__/make_common_trips.cpython-311.pyc,reproducible bytecode; source exists,6845,C/D,5
reproducibility/outputs/traffic_simulation/attribute_resolution_v17/phase13_20260823_lane_assumption_delivery_sensitivity_pilot/__pycache__/run_experiment.cpython-311.pyc,reproducible bytecode; source exists,23562,C/D,5
reproducibility/outputs/traffic_simulation/attribute_resolution_v17/phase13_20260823_standard_sumo_vs_v17_reachability/__pycache__/analyze_reachability.cpython-311.pyc,reproducible bytecode; source exists,21493,C/D,5
reproducibility/outputs/traffic_simulation/attribute_resolution_v17/phase13_20260823_standard_sumo_vs_v17_reachability/__pycache__/map_delivery_endpoints.cpython-311.pyc,reproducible bytecode; source exists,5498,C/D,5
reproducibility/outputs/traffic_simulation/attribute_resolution_v17/phase13_20260823_standard_sumo_vs_v17_reachability/__pycache__/run_direction_counterfactual.cpython-311.pyc,reproducible bytecode; source exists,8471,C/D,5
reproducibility/outputs/traffic_simulation/attribute_resolution_v17/phase13_20260823_standard_sumo_vs_v17_reachability/__pycache__/run_reachability.cpython-311.pyc,reproducible bytecode; source exists,7402,C/D,5
reproducibility/outputs/traffic_simulation/attribute_resolution_v17/phase13_20260823_v17_oneway_materialization_tdd/__pycache__/run_full_population_acceptance.cpython-311.pyc,reproducible bytecode; source exists,13550,C/D,5
reproducibility/outputs/traffic_simulation/attribute_resolution_v17/phase13_20260824_sumo_network_integration_audit/__pycache__/audit_networks.cpython-311.pyc,reproducible bytecode; source exists,27910,C/D,5
reproducibility/outputs/traffic_simulation/attribute_resolution_v17/phase13_20260903_missing_lane_policy_research/__pycache__/analyze_missing_lane_policy.cpython-313.pyc,reproducible bytecode; source exists,28318,C/D,5
reproducibility/outputs/traffic_simulation/calibration/20260823_ota_small_zone_driver_calibration_sue_v3/.pytest_cache/.gitignore,regenerable pytest cache,37,C/D,35
reproducibility/outputs/traffic_simulation/calibration/20260823_ota_small_zone_driver_calibration_sue_v3/.pytest_cache/CACHEDIR.TAG,regenerable pytest cache,191,C/D,35
reproducibility/outputs/traffic_simulation/calibration/20260823_ota_small_zone_driver_calibration_sue_v3/.pytest_cache/README.md,regenerable pytest cache,302,C/D,36
reproducibility/outputs/traffic_simulation/calibration/20260823_ota_small_zone_driver_calibration_sue_v3/.pytest_cache/v/cache/nodeids,regenerable pytest cache,2,C/D,35
reproducibility/outputs/traffic_simulation/calibration/20260823_ota_small_zone_driver_calibration_sue_v3/.pytest_cache/v/cache/stepwise,regenerable pytest cache,2,C/D,35
reproducibility/outputs/traffic_simulation/r24_qaoa_initial_state_cross_condition_reproducibility/20260920_v1/scientific_batch_02/__pycache__/batch_driver.cpython-311.pyc,reproducible bytecode; source exists,24331,C/D,39
reproducibility/outputs/traffic_simulation/r24_qaoa_initial_state_cross_condition_reproducibility/20260920_v1/scientific_batch_02/__pycache__/aggregate_batch.cpython-311.pyc,reproducible bytecode; source exists,22324,C/D,39
reproducibility/outputs/traffic_simulation/r24_qaoa_initial_state_cross_condition_reproducibility/20260920_v1/scientific_batch_02/__pycache__/r02_comparison.cpython-311.pyc,reproducible bytecode; source exists,24277,C/D,39
reproducibility/outputs/traffic_simulation/r24_qaoa_initial_state_cross_condition_reproducibility/20260920_v1/scientific_batch_03/__pycache__/batch_driver.cpython-311.pyc,reproducible bytecode; source exists,24628,C/D,39
reproducibility/outputs/traffic_simulation/r24_qaoa_initial_state_cross_condition_reproducibility/20260920_v1/scientific_batch_03/__pycache__/aggregate_batch.cpython-311.pyc,reproducible bytecode; source exists,22279,C/D,39
reproducibility/outputs/traffic_simulation/r24_qaoa_initial_state_cross_condition_reproducibility/20260920_v1/scientific_batch_03/__pycache__/intermediate.cpython-311.pyc,reproducible bytecode; source exists,11394,C/D,38
reproducibility/outputs/traffic_simulation/r24_qaoa_initial_state_cross_condition_reproducibility/20260920_v1/scientific_batch_04/__pycache__/batch_driver.cpython-311.pyc,reproducible bytecode; source exists,25236,C/D,39
reproducibility/outputs/traffic_simulation/r24_qaoa_initial_state_cross_condition_reproducibility/20260920_v1/scientific_batch_04/__pycache__/aggregate_batch.cpython-311.pyc,reproducible bytecode; source exists,22396,C/D,39
reproducibility/outputs/traffic_simulation/r24_qaoa_initial_state_cross_condition_reproducibility/20260920_v1/scientific_batch_04/__pycache__/r03_comparison.cpython-311.pyc,reproducible bytecode; source exists,24448,C/D,37
reproducibility/outputs/traffic_simulation/r24_qaoa_initial_state_cross_condition_reproducibility/20260920_v1/scientific_batch_04/__pycache__/descriptive.cpython-311.pyc,reproducible bytecode; source exists,5290,C/D,37
reproducibility/outputs/traffic_simulation/r24_qaoa_initial_state_cross_condition_reproducibility/20260920_v1/final_cross_condition_audit/__pycache__/audit.cpython-311.pyc,reproducible bytecode; source exists,19100,C/D,36
reproducibility/outputs/traffic_simulation/r24_vrptw_structured_initial_state/20260922_v6_ledger_lock_preflight/__pycache__/finish.cpython-311.pyc,reproducible bytecode; source exists,12867,C/D,0
reproducibility/tools/__pycache__/r23_n5_scaling_evidence_review.cpython-313.pyc,reproducible bytecode; source exists,10278,C/D,1
reproducibility/tools/__pycache__/r23_n5_runtime_optimization_code_audit.cpython-313.pyc,reproducible bytecode; source exists,19663,C/D,1
reproducibility/archive/traffic_simulation/r23/provenance/r23_n5_provenance_clean_run_and_formal_benchmark/20260913_v1/__pycache__/clean_runner.cpython-311.pyc,reproducible bytecode; source exists,15960,C/D,7
.pytest_cache/README.md,regenerable pytest cache,302,C/D,36
.pytest_cache/.gitignore,regenerable pytest cache,37,C/D,35
.pytest_cache/CACHEDIR.TAG,regenerable pytest cache,191,C/D,35
.pytest_cache/v/cache/nodeids,regenerable pytest cache,174097,C/D,35
.pytest_cache/v/cache/stepwise,regenerable pytest cache,2,C/D,35
.pytest_cache/v/cache/lastfailed,regenerable pytest cache,1017,C/D,1
research_portal/__pycache__/serve.cpython-313.pyc,reproducible bytecode; source exists,15501,C/D,1
research_portal/__pycache__/serve.cpython-311.pyc,reproducible bytecode; source exists,27505,C/D,1
tools/__pycache__/rebuild_current_research_model.cpython-313.pyc,reproducible bytecode; source exists,26393,C/D,1
tools/__pycache__/revise_research_model_xlsx.cpython-313.pyc,reproducible bytecode; source exists,16581,C/D,1
tools/__pycache__/validate_r23_experiment_b_implementation.cpython-313.pyc,reproducible bytecode; source exists,8083,C/D,1
tools/__pycache__/execute_r23_experiment_b1.cpython-311.pyc,reproducible bytecode; source exists,17139,C/D,1
tools/__pycache__/review_r23_experiment_b1.cpython-311.pyc,reproducible bytecode; source exists,58392,C/D,1
tools/__pycache__/review_r23_experiment_b1.cpython-313.pyc,reproducible bytecode; source exists,46619,C/D,1
tools/__pycache__/authorize_r23_experiment_b2.cpython-313.pyc,reproducible bytecode; source exists,23237,C/D,1
tools/__pycache__/execute_r23_experiment_b2.cpython-313.pyc,reproducible bytecode; source exists,16669,C/D,1
tools/__pycache__/finalize_r23_experiment_b2_failure.cpython-313.pyc,reproducible bytecode; source exists,10866,C/D,1
tools/__pycache__/review_r23_experiment_b2_nelder_mead.cpython-313.pyc,reproducible bytecode; source exists,15568,C/D,1
tools/__pycache__/build_r23_experiment_b2_reexecution_authority.cpython-313.pyc,reproducible bytecode; source exists,18908,C/D,1
tools/__pycache__/execute_r23_experiment_b2_reexecution.cpython-313.pyc,reproducible bytecode; source exists,16452,C/D,1
tools/__pycache__/finalize_r23_experiment_b2_reexecution.cpython-313.pyc,reproducible bytecode; source exists,16442,C/D,1
