file,reads,writes,imported_by,used_in_presentation,required_for_reproduction,decision
/Users/tstakuma/Desktop/github/research/.mypy_cache/3.11/@plugins_snapshot.json,,,,pending exact asset match,likely,quarantine
/Users/tstakuma/Desktop/github/research/.mypy_cache/3.11/__future__.data.json,/opt/anaconda3/lib/python3.11/site-packages/mypy/typeshed/stdlib/__future__.pyi,,,pending exact asset match,likely,quarantine
/Users/tstakuma/Desktop/github/research/.mypy_cache/3.11/__future__.meta.json,/opt/anaconda3/lib/python3.11/site-packages/mypy/typeshed/stdlib/__future__.pyi,,,pending exact asset match,likely,quarantine
/Users/tstakuma/Desktop/github/research/.mypy_cache/3.11/_ast.data.json,_ast.Py; /opt/anaconda3/lib/python3.11/site-packages/mypy/typeshed/stdlib/_ast.pyi,,,pending exact asset match,likely,quarantine
/Users/tstakuma/Desktop/github/research/.mypy_cache/3.11/_ast.meta.json,/opt/anaconda3/lib/python3.11/site-packages/mypy/typeshed/stdlib/_ast.pyi,,,pending exact asset match,likely,quarantine
/Users/tstakuma/Desktop/github/research/.mypy_cache/3.11/_codecs.data.json,/opt/anaconda3/lib/python3.11/site-packages/mypy/typeshed/stdlib/_codecs.pyi,,,pending exact asset match,likely,quarantine
/Users/tstakuma/Desktop/github/research/.mypy_cache/3.11/_codecs.meta.json,/opt/anaconda3/lib/python3.11/site-packages/mypy/typeshed/stdlib/_codecs.pyi,,,pending exact asset match,likely,quarantine
/Users/tstakuma/Desktop/github/research/.mypy_cache/3.11/_collections_abc.data.json,/opt/anaconda3/lib/python3.11/site-packages/mypy/typeshed/stdlib/_collections_abc.pyi,,,pending exact asset match,likely,quarantine
/Users/tstakuma/Desktop/github/research/.mypy_cache/3.11/_collections_abc.meta.json,/opt/anaconda3/lib/python3.11/site-packages/mypy/typeshed/stdlib/_collections_abc.pyi,,,pending exact asset match,likely,quarantine
/Users/tstakuma/Desktop/github/research/.mypy_cache/3.11/_csv.data.json,/opt/anaconda3/lib/python3.11/site-packages/mypy/typeshed/stdlib/_csv.pyi,,,pending exact asset match,likely,quarantine
/Users/tstakuma/Desktop/github/research/.mypy_cache/3.11/_csv.meta.json,/opt/anaconda3/lib/python3.11/site-packages/mypy/typeshed/stdlib/_csv.pyi,,,pending exact asset match,likely,quarantine
/Users/tstakuma/Desktop/github/research/.mypy_cache/3.11/_ctypes.data.json,/opt/anaconda3/lib/python3.11/site-packages/mypy/typeshed/stdlib/_ctypes.pyi,,,pending exact asset match,likely,quarantine
/Users/tstakuma/Desktop/github/research/.mypy_cache/3.11/_ctypes.meta.json,/opt/anaconda3/lib/python3.11/site-packages/mypy/typeshed/stdlib/_ctypes.pyi,,,pending exact asset match,likely,quarantine
/Users/tstakuma/Desktop/github/research/.mypy_cache/3.11/_decimal.data.json,/opt/anaconda3/lib/python3.11/site-packages/mypy/typeshed/stdlib/_decimal.pyi,,,pending exact asset match,likely,quarantine
/Users/tstakuma/Desktop/github/research/.mypy_cache/3.11/_decimal.meta.json,/opt/anaconda3/lib/python3.11/site-packages/mypy/typeshed/stdlib/_decimal.pyi,,,pending exact asset match,likely,quarantine
/Users/tstakuma/Desktop/github/research/.mypy_cache/3.11/_operator.data.json,/opt/anaconda3/lib/python3.11/site-packages/mypy/typeshed/stdlib/_operator.pyi,,,pending exact asset match,likely,quarantine
/Users/tstakuma/Desktop/github/research/.mypy_cache/3.11/_operator.meta.json,/opt/anaconda3/lib/python3.11/site-packages/mypy/typeshed/stdlib/_operator.pyi,,,pending exact asset match,likely,quarantine
/Users/tstakuma/Desktop/github/research/.mypy_cache/3.11/_random.data.json,/opt/anaconda3/lib/python3.11/site-packages/mypy/typeshed/stdlib/_random.pyi,,,pending exact asset match,likely,quarantine
/Users/tstakuma/Desktop/github/research/.mypy_cache/3.11/_random.meta.json,/opt/anaconda3/lib/python3.11/site-packages/mypy/typeshed/stdlib/_random.pyi,,,pending exact asset match,likely,quarantine
/Users/tstakuma/Desktop/github/research/.mypy_cache/3.11/_socket.data.json,/opt/anaconda3/lib/python3.11/site-packages/mypy/typeshed/stdlib/_socket.pyi,,,pending exact asset match,likely,quarantine
/Users/tstakuma/Desktop/github/research/.mypy_cache/3.11/_socket.meta.json,/opt/anaconda3/lib/python3.11/site-packages/mypy/typeshed/stdlib/_socket.pyi,,,pending exact asset match,likely,quarantine
/Users/tstakuma/Desktop/github/research/.mypy_cache/3.11/_stat.data.json,/opt/anaconda3/lib/python3.11/site-packages/mypy/typeshed/stdlib/_stat.pyi,,,pending exact asset match,likely,quarantine
/Users/tstakuma/Desktop/github/research/.mypy_cache/3.11/_stat.meta.json,/opt/anaconda3/lib/python3.11/site-packages/mypy/typeshed/stdlib/_stat.pyi,,,pending exact asset match,likely,quarantine
/Users/tstakuma/Desktop/github/research/.mypy_cache/3.11/_thread.data.json,/opt/anaconda3/lib/python3.11/site-packages/mypy/typeshed/stdlib/_thread.pyi,,,pending exact asset match,likely,quarantine
/Users/tstakuma/Desktop/github/research/.mypy_cache/3.11/_thread.meta.json,/opt/anaconda3/lib/python3.11/site-packages/mypy/typeshed/stdlib/_thread.pyi,,,pending exact asset match,likely,quarantine
/Users/tstakuma/Desktop/github/research/.mypy_cache/3.11/_typeshed/__init__.data.json,/opt/anaconda3/lib/python3.11/site-packages/mypy/typeshed/stdlib/_typeshed/__init__.pyi,,,pending exact asset match,likely,quarantine
/Users/tstakuma/Desktop/github/research/.mypy_cache/3.11/_typeshed/__init__.meta.json,/opt/anaconda3/lib/python3.11/site-packages/mypy/typeshed/stdlib/_typeshed/__init__.pyi,,,pending exact asset match,likely,quarantine
/Users/tstakuma/Desktop/github/research/.mypy_cache/3.11/_warnings.data.json,/opt/anaconda3/lib/python3.11/site-packages/mypy/typeshed/stdlib/_warnings.pyi,,,pending exact asset match,likely,quarantine
/Users/tstakuma/Desktop/github/research/.mypy_cache/3.11/_warnings.meta.json,/opt/anaconda3/lib/python3.11/site-packages/mypy/typeshed/stdlib/_warnings.pyi,,,pending exact asset match,likely,quarantine
/Users/tstakuma/Desktop/github/research/.mypy_cache/3.11/_weakref.data.json,/opt/anaconda3/lib/python3.11/site-packages/mypy/typeshed/stdlib/_weakref.pyi,,,pending exact asset match,likely,quarantine
/Users/tstakuma/Desktop/github/research/.mypy_cache/3.11/_weakref.meta.json,/opt/anaconda3/lib/python3.11/site-packages/mypy/typeshed/stdlib/_weakref.pyi,,,pending exact asset match,likely,quarantine
/Users/tstakuma/Desktop/github/research/.mypy_cache/3.11/_weakrefset.data.json,/opt/anaconda3/lib/python3.11/site-packages/mypy/typeshed/stdlib/_weakrefset.pyi,,,pending exact asset match,likely,quarantine
/Users/tstakuma/Desktop/github/research/.mypy_cache/3.11/_weakrefset.meta.json,/opt/anaconda3/lib/python3.11/site-packages/mypy/typeshed/stdlib/_weakrefset.pyi,,,pending exact asset match,likely,quarantine
/Users/tstakuma/Desktop/github/research/.mypy_cache/3.11/abc.data.json,/opt/anaconda3/lib/python3.11/site-packages/mypy/typeshed/stdlib/abc.pyi,,,pending exact asset match,likely,quarantine
/Users/tstakuma/Desktop/github/research/.mypy_cache/3.11/abc.meta.json,/opt/anaconda3/lib/python3.11/site-packages/mypy/typeshed/stdlib/abc.pyi,,,pending exact asset match,likely,quarantine
/Users/tstakuma/Desktop/github/research/.mypy_cache/3.11/array.data.json,/opt/anaconda3/lib/python3.11/site-packages/mypy/typeshed/stdlib/array.pyi,,,pending exact asset match,likely,quarantine
/Users/tstakuma/Desktop/github/research/.mypy_cache/3.11/array.meta.json,/opt/anaconda3/lib/python3.11/site-packages/mypy/typeshed/stdlib/array.pyi,,,pending exact asset match,likely,quarantine
/Users/tstakuma/Desktop/github/research/.mypy_cache/3.11/ast.data.json,_ast.Py; /opt/anaconda3/lib/python3.11/site-packages/mypy/typeshed/stdlib/ast.pyi,,,pending exact asset match,likely,quarantine
/Users/tstakuma/Desktop/github/research/.mypy_cache/3.11/ast.meta.json,/opt/anaconda3/lib/python3.11/site-packages/mypy/typeshed/stdlib/ast.pyi,,,pending exact asset match,likely,quarantine
/Users/tstakuma/Desktop/github/research/.mypy_cache/3.11/asyncio/__init__.data.json,/opt/anaconda3/lib/python3.11/site-packages/mypy/typeshed/stdlib/asyncio/__init__.pyi,,,pending exact asset match,likely,quarantine
/Users/tstakuma/Desktop/github/research/.mypy_cache/3.11/asyncio/__init__.meta.json,/opt/anaconda3/lib/python3.11/site-packages/mypy/typeshed/stdlib/asyncio/__init__.pyi,,,pending exact asset match,likely,quarantine
/Users/tstakuma/Desktop/github/research/.mypy_cache/3.11/asyncio/base_events.data.json,/opt/anaconda3/lib/python3.11/site-packages/mypy/typeshed/stdlib/asyncio/base_events.pyi,,,pending exact asset match,likely,quarantine
/Users/tstakuma/Desktop/github/research/.mypy_cache/3.11/asyncio/base_events.meta.json,/opt/anaconda3/lib/python3.11/site-packages/mypy/typeshed/stdlib/asyncio/base_events.pyi,,,pending exact asset match,likely,quarantine
/Users/tstakuma/Desktop/github/research/.mypy_cache/3.11/asyncio/coroutines.data.json,/opt/anaconda3/lib/python3.11/site-packages/mypy/typeshed/stdlib/asyncio/coroutines.pyi,,,pending exact asset match,likely,quarantine
/Users/tstakuma/Desktop/github/research/.mypy_cache/3.11/asyncio/coroutines.meta.json,/opt/anaconda3/lib/python3.11/site-packages/mypy/typeshed/stdlib/asyncio/coroutines.pyi,,,pending exact asset match,likely,quarantine
/Users/tstakuma/Desktop/github/research/.mypy_cache/3.11/asyncio/events.data.json,/opt/anaconda3/lib/python3.11/site-packages/mypy/typeshed/stdlib/asyncio/events.pyi,,,pending exact asset match,likely,quarantine
/Users/tstakuma/Desktop/github/research/.mypy_cache/3.11/asyncio/events.meta.json,/opt/anaconda3/lib/python3.11/site-packages/mypy/typeshed/stdlib/asyncio/events.pyi,,,pending exact asset match,likely,quarantine
/Users/tstakuma/Desktop/github/research/.mypy_cache/3.11/asyncio/exceptions.data.json,/opt/anaconda3/lib/python3.11/site-packages/mypy/typeshed/stdlib/asyncio/exceptions.pyi,,,pending exact asset match,likely,quarantine
/Users/tstakuma/Desktop/github/research/.mypy_cache/3.11/asyncio/exceptions.meta.json,/opt/anaconda3/lib/python3.11/site-packages/mypy/typeshed/stdlib/asyncio/exceptions.pyi,,,pending exact asset match,likely,quarantine
/Users/tstakuma/Desktop/github/research/.mypy_cache/3.11/asyncio/futures.data.json,/opt/anaconda3/lib/python3.11/site-packages/mypy/typeshed/stdlib/asyncio/futures.pyi,,,pending exact asset match,likely,quarantine
/Users/tstakuma/Desktop/github/research/.mypy_cache/3.11/asyncio/futures.meta.json,/opt/anaconda3/lib/python3.11/site-packages/mypy/typeshed/stdlib/asyncio/futures.pyi,,,pending exact asset match,likely,quarantine
/Users/tstakuma/Desktop/github/research/.mypy_cache/3.11/asyncio/locks.data.json,/opt/anaconda3/lib/python3.11/site-packages/mypy/typeshed/stdlib/asyncio/locks.pyi,,,pending exact asset match,likely,quarantine
/Users/tstakuma/Desktop/github/research/.mypy_cache/3.11/asyncio/locks.meta.json,/opt/anaconda3/lib/python3.11/site-packages/mypy/typeshed/stdlib/asyncio/locks.pyi,,,pending exact asset match,likely,quarantine
/Users/tstakuma/Desktop/github/research/.mypy_cache/3.11/asyncio/mixins.data.json,/opt/anaconda3/lib/python3.11/site-packages/mypy/typeshed/stdlib/asyncio/mixins.pyi,,,pending exact asset match,likely,quarantine
/Users/tstakuma/Desktop/github/research/.mypy_cache/3.11/asyncio/mixins.meta.json,/opt/anaconda3/lib/python3.11/site-packages/mypy/typeshed/stdlib/asyncio/mixins.pyi,,,pending exact asset match,likely,quarantine
/Users/tstakuma/Desktop/github/research/.mypy_cache/3.11/asyncio/protocols.data.json,/opt/anaconda3/lib/python3.11/site-packages/mypy/typeshed/stdlib/asyncio/protocols.pyi,,,pending exact asset match,likely,quarantine
/Users/tstakuma/Desktop/github/research/.mypy_cache/3.11/asyncio/protocols.meta.json,/opt/anaconda3/lib/python3.11/site-packages/mypy/typeshed/stdlib/asyncio/protocols.pyi,,,pending exact asset match,likely,quarantine
/Users/tstakuma/Desktop/github/research/.mypy_cache/3.11/asyncio/queues.data.json,/opt/anaconda3/lib/python3.11/site-packages/mypy/typeshed/stdlib/asyncio/queues.pyi,,,pending exact asset match,likely,quarantine
/Users/tstakuma/Desktop/github/research/.mypy_cache/3.11/asyncio/queues.meta.json,/opt/anaconda3/lib/python3.11/site-packages/mypy/typeshed/stdlib/asyncio/queues.pyi,,,pending exact asset match,likely,quarantine
/Users/tstakuma/Desktop/github/research/.mypy_cache/3.11/asyncio/runners.data.json,/opt/anaconda3/lib/python3.11/site-packages/mypy/typeshed/stdlib/asyncio/runners.pyi,,,pending exact asset match,likely,quarantine
/Users/tstakuma/Desktop/github/research/.mypy_cache/3.11/asyncio/runners.meta.json,/opt/anaconda3/lib/python3.11/site-packages/mypy/typeshed/stdlib/asyncio/runners.pyi,,,pending exact asset match,likely,quarantine
/Users/tstakuma/Desktop/github/research/.mypy_cache/3.11/asyncio/selector_events.data.json,/opt/anaconda3/lib/python3.11/site-packages/mypy/typeshed/stdlib/asyncio/selector_events.pyi,,,pending exact asset match,likely,quarantine
/Users/tstakuma/Desktop/github/research/.mypy_cache/3.11/asyncio/selector_events.meta.json,/opt/anaconda3/lib/python3.11/site-packages/mypy/typeshed/stdlib/asyncio/selector_events.pyi,,,pending exact asset match,likely,quarantine
/Users/tstakuma/Desktop/github/research/.mypy_cache/3.11/asyncio/streams.data.json,/opt/anaconda3/lib/python3.11/site-packages/mypy/typeshed/stdlib/asyncio/streams.pyi,,,pending exact asset match,likely,quarantine
/Users/tstakuma/Desktop/github/research/.mypy_cache/3.11/asyncio/streams.meta.json,/opt/anaconda3/lib/python3.11/site-packages/mypy/typeshed/stdlib/asyncio/streams.pyi,,,pending exact asset match,likely,quarantine
/Users/tstakuma/Desktop/github/research/.mypy_cache/3.11/asyncio/subprocess.data.json,/opt/anaconda3/lib/python3.11/site-packages/mypy/typeshed/stdlib/asyncio/subprocess.pyi,,,pending exact asset match,likely,quarantine
/Users/tstakuma/Desktop/github/research/.mypy_cache/3.11/asyncio/subprocess.meta.json,/opt/anaconda3/lib/python3.11/site-packages/mypy/typeshed/stdlib/asyncio/subprocess.pyi,,,pending exact asset match,likely,quarantine
/Users/tstakuma/Desktop/github/research/.mypy_cache/3.11/asyncio/taskgroups.data.json,/opt/anaconda3/lib/python3.11/site-packages/mypy/typeshed/stdlib/asyncio/taskgroups.pyi,,,pending exact asset match,likely,quarantine
/Users/tstakuma/Desktop/github/research/.mypy_cache/3.11/asyncio/taskgroups.meta.json,/opt/anaconda3/lib/python3.11/site-packages/mypy/typeshed/stdlib/asyncio/taskgroups.pyi,,,pending exact asset match,likely,quarantine
/Users/tstakuma/Desktop/github/research/.mypy_cache/3.11/asyncio/tasks.data.json,/opt/anaconda3/lib/python3.11/site-packages/mypy/typeshed/stdlib/asyncio/tasks.pyi,,,pending exact asset match,likely,quarantine
/Users/tstakuma/Desktop/github/research/.mypy_cache/3.11/asyncio/tasks.meta.json,/opt/anaconda3/lib/python3.11/site-packages/mypy/typeshed/stdlib/asyncio/tasks.pyi,,,pending exact asset match,likely,quarantine
/Users/tstakuma/Desktop/github/research/.mypy_cache/3.11/asyncio/threads.data.json,/opt/anaconda3/lib/python3.11/site-packages/mypy/typeshed/stdlib/asyncio/threads.pyi,,,pending exact asset match,likely,quarantine
/Users/tstakuma/Desktop/github/research/.mypy_cache/3.11/asyncio/threads.meta.json,/opt/anaconda3/lib/python3.11/site-packages/mypy/typeshed/stdlib/asyncio/threads.pyi,,,pending exact asset match,likely,quarantine
/Users/tstakuma/Desktop/github/research/.mypy_cache/3.11/asyncio/timeouts.data.json,/opt/anaconda3/lib/python3.11/site-packages/mypy/typeshed/stdlib/asyncio/timeouts.pyi,,,pending exact asset match,likely,quarantine
/Users/tstakuma/Desktop/github/research/.mypy_cache/3.11/asyncio/timeouts.meta.json,/opt/anaconda3/lib/python3.11/site-packages/mypy/typeshed/stdlib/asyncio/timeouts.pyi,,,pending exact asset match,likely,quarantine
/Users/tstakuma/Desktop/github/research/.mypy_cache/3.11/asyncio/transports.data.json,/opt/anaconda3/lib/python3.11/site-packages/mypy/typeshed/stdlib/asyncio/transports.pyi,,,pending exact asset match,likely,quarantine
/Users/tstakuma/Desktop/github/research/.mypy_cache/3.11/asyncio/transports.meta.json,/opt/anaconda3/lib/python3.11/site-packages/mypy/typeshed/stdlib/asyncio/transports.pyi,,,pending exact asset match,likely,quarantine
/Users/tstakuma/Desktop/github/research/.mypy_cache/3.11/asyncio/unix_events.data.json,/opt/anaconda3/lib/python3.11/site-packages/mypy/typeshed/stdlib/asyncio/unix_events.pyi,,,pending exact asset match,likely,quarantine
/Users/tstakuma/Desktop/github/research/.mypy_cache/3.11/asyncio/unix_events.meta.json,/opt/anaconda3/lib/python3.11/site-packages/mypy/typeshed/stdlib/asyncio/unix_events.pyi,,,pending exact asset match,likely,quarantine
/Users/tstakuma/Desktop/github/research/.mypy_cache/3.11/bdb.data.json,/opt/anaconda3/lib/python3.11/site-packages/mypy/typeshed/stdlib/bdb.pyi,,,pending exact asset match,likely,quarantine
/Users/tstakuma/Desktop/github/research/.mypy_cache/3.11/bdb.meta.json,/opt/anaconda3/lib/python3.11/site-packages/mypy/typeshed/stdlib/bdb.pyi,,,pending exact asset match,likely,quarantine
/Users/tstakuma/Desktop/github/research/.mypy_cache/3.11/builtins.data.json,/opt/anaconda3/lib/python3.11/site-packages/mypy/typeshed/stdlib/builtins.pyi,,,pending exact asset match,likely,quarantine
/Users/tstakuma/Desktop/github/research/.mypy_cache/3.11/builtins.meta.json,/opt/anaconda3/lib/python3.11/site-packages/mypy/typeshed/stdlib/builtins.pyi,,,pending exact asset match,likely,quarantine
/Users/tstakuma/Desktop/github/research/.mypy_cache/3.11/cmd.data.json,/opt/anaconda3/lib/python3.11/site-packages/mypy/typeshed/stdlib/cmd.pyi,,,pending exact asset match,likely,quarantine
/Users/tstakuma/Desktop/github/research/.mypy_cache/3.11/cmd.meta.json,/opt/anaconda3/lib/python3.11/site-packages/mypy/typeshed/stdlib/cmd.pyi,,,pending exact asset match,likely,quarantine
/Users/tstakuma/Desktop/github/research/.mypy_cache/3.11/codecs.data.json,/opt/anaconda3/lib/python3.11/site-packages/mypy/typeshed/stdlib/codecs.pyi,,,pending exact asset match,likely,quarantine
/Users/tstakuma/Desktop/github/research/.mypy_cache/3.11/codecs.meta.json,/opt/anaconda3/lib/python3.11/site-packages/mypy/typeshed/stdlib/codecs.pyi,,,pending exact asset match,likely,quarantine
/Users/tstakuma/Desktop/github/research/.mypy_cache/3.11/collections/__init__.data.json,/opt/anaconda3/lib/python3.11/site-packages/mypy/typeshed/stdlib/collections/__init__.pyi,,,pending exact asset match,likely,quarantine
/Users/tstakuma/Desktop/github/research/.mypy_cache/3.11/collections/__init__.meta.json,/opt/anaconda3/lib/python3.11/site-packages/mypy/typeshed/stdlib/collections/__init__.pyi,,,pending exact asset match,likely,quarantine
/Users/tstakuma/Desktop/github/research/.mypy_cache/3.11/collections/abc.data.json,/opt/anaconda3/lib/python3.11/site-packages/mypy/typeshed/stdlib/collections/abc.pyi,,,pending exact asset match,likely,quarantine
/Users/tstakuma/Desktop/github/research/.mypy_cache/3.11/collections/abc.meta.json,/opt/anaconda3/lib/python3.11/site-packages/mypy/typeshed/stdlib/collections/abc.pyi,,,pending exact asset match,likely,quarantine
/Users/tstakuma/Desktop/github/research/.mypy_cache/3.11/concurrent/__init__.data.json,/opt/anaconda3/lib/python3.11/site-packages/mypy/typeshed/stdlib/concurrent/__init__.pyi,,,pending exact asset match,likely,quarantine
/Users/tstakuma/Desktop/github/research/.mypy_cache/3.11/concurrent/__init__.meta.json,/opt/anaconda3/lib/python3.11/site-packages/mypy/typeshed/stdlib/concurrent/__init__.pyi,,,pending exact asset match,likely,quarantine
/Users/tstakuma/Desktop/github/research/.mypy_cache/3.11/concurrent/futures/__init__.data.json,/opt/anaconda3/lib/python3.11/site-packages/mypy/typeshed/stdlib/concurrent/futures/__init__.pyi,,,pending exact asset match,likely,quarantine
/Users/tstakuma/Desktop/github/research/.mypy_cache/3.11/concurrent/futures/__init__.meta.json,/opt/anaconda3/lib/python3.11/site-packages/mypy/typeshed/stdlib/concurrent/futures/__init__.pyi,,,pending exact asset match,likely,quarantine
/Users/tstakuma/Desktop/github/research/.mypy_cache/3.11/concurrent/futures/_base.data.json,/opt/anaconda3/lib/python3.11/site-packages/mypy/typeshed/stdlib/concurrent/futures/_base.pyi,,,pending exact asset match,likely,quarantine
/Users/tstakuma/Desktop/github/research/.mypy_cache/3.11/concurrent/futures/_base.meta.json,/opt/anaconda3/lib/python3.11/site-packages/mypy/typeshed/stdlib/concurrent/futures/_base.pyi,,,pending exact asset match,likely,quarantine
/Users/tstakuma/Desktop/github/research/.mypy_cache/3.11/concurrent/futures/process.data.json,/opt/anaconda3/lib/python3.11/site-packages/mypy/typeshed/stdlib/concurrent/futures/process.pyi,,,pending exact asset match,likely,quarantine
/Users/tstakuma/Desktop/github/research/.mypy_cache/3.11/concurrent/futures/process.meta.json,/opt/anaconda3/lib/python3.11/site-packages/mypy/typeshed/stdlib/concurrent/futures/process.pyi,,,pending exact asset match,likely,quarantine
/Users/tstakuma/Desktop/github/research/.mypy_cache/3.11/concurrent/futures/thread.data.json,/opt/anaconda3/lib/python3.11/site-packages/mypy/typeshed/stdlib/concurrent/futures/thread.pyi,,,pending exact asset match,likely,quarantine
/Users/tstakuma/Desktop/github/research/.mypy_cache/3.11/concurrent/futures/thread.meta.json,/opt/anaconda3/lib/python3.11/site-packages/mypy/typeshed/stdlib/concurrent/futures/thread.pyi,,,pending exact asset match,likely,quarantine
/Users/tstakuma/Desktop/github/research/.mypy_cache/3.11/contextlib.data.json,/opt/anaconda3/lib/python3.11/site-packages/mypy/typeshed/stdlib/contextlib.pyi,,,pending exact asset match,likely,quarantine
/Users/tstakuma/Desktop/github/research/.mypy_cache/3.11/contextlib.meta.json,/opt/anaconda3/lib/python3.11/site-packages/mypy/typeshed/stdlib/contextlib.pyi,,,pending exact asset match,likely,quarantine
/Users/tstakuma/Desktop/github/research/.mypy_cache/3.11/contextvars.data.json,/opt/anaconda3/lib/python3.11/site-packages/mypy/typeshed/stdlib/contextvars.pyi,,,pending exact asset match,likely,quarantine
/Users/tstakuma/Desktop/github/research/.mypy_cache/3.11/contextvars.meta.json,/opt/anaconda3/lib/python3.11/site-packages/mypy/typeshed/stdlib/contextvars.pyi,,,pending exact asset match,likely,quarantine
/Users/tstakuma/Desktop/github/research/.mypy_cache/3.11/copy.data.json,copy.Py; /opt/anaconda3/lib/python3.11/site-packages/mypy/typeshed/stdlib/copy.pyi,,,pending exact asset match,likely,quarantine
/Users/tstakuma/Desktop/github/research/.mypy_cache/3.11/copy.meta.json,/opt/anaconda3/lib/python3.11/site-packages/mypy/typeshed/stdlib/copy.pyi,,,pending exact asset match,likely,quarantine
/Users/tstakuma/Desktop/github/research/.mypy_cache/3.11/copyreg.data.json,copyreg.pickle; /opt/anaconda3/lib/python3.11/site-packages/mypy/typeshed/stdlib/copyreg.pyi,,,pending exact asset match,likely,quarantine
/Users/tstakuma/Desktop/github/research/.mypy_cache/3.11/copyreg.meta.json,/opt/anaconda3/lib/python3.11/site-packages/mypy/typeshed/stdlib/copyreg.pyi,,,pending exact asset match,likely,quarantine
/Users/tstakuma/Desktop/github/research/.mypy_cache/3.11/csv.data.json,/opt/anaconda3/lib/python3.11/site-packages/mypy/typeshed/stdlib/csv.pyi,,,pending exact asset match,likely,quarantine
/Users/tstakuma/Desktop/github/research/.mypy_cache/3.11/csv.meta.json,/opt/anaconda3/lib/python3.11/site-packages/mypy/typeshed/stdlib/csv.pyi,,,pending exact asset match,likely,quarantine
/Users/tstakuma/Desktop/github/research/.mypy_cache/3.11/ctypes/__init__.data.json,ctypes.PY; ctypes.Py; ctypes.py; /opt/anaconda3/lib/python3.11/site-packages/mypy/typeshed/stdlib/ctypes/__init__.pyi,,,pending exact asset match,likely,quarantine
/Users/tstakuma/Desktop/github/research/.mypy_cache/3.11/ctypes/__init__.meta.json,/opt/anaconda3/lib/python3.11/site-packages/mypy/typeshed/stdlib/ctypes/__init__.pyi,,,pending exact asset match,likely,quarantine
/Users/tstakuma/Desktop/github/research/.mypy_cache/3.11/dataclasses.data.json,/opt/anaconda3/lib/python3.11/site-packages/mypy/typeshed/stdlib/dataclasses.pyi,,,pending exact asset match,likely,quarantine
/Users/tstakuma/Desktop/github/research/.mypy_cache/3.11/dataclasses.meta.json,/opt/anaconda3/lib/python3.11/site-packages/mypy/typeshed/stdlib/dataclasses.pyi,,,pending exact asset match,likely,quarantine
/Users/tstakuma/Desktop/github/research/.mypy_cache/3.11/datetime.data.json,/opt/anaconda3/lib/python3.11/site-packages/mypy/typeshed/stdlib/datetime.pyi,,,pending exact asset match,likely,quarantine
/Users/tstakuma/Desktop/github/research/.mypy_cache/3.11/datetime.meta.json,/opt/anaconda3/lib/python3.11/site-packages/mypy/typeshed/stdlib/datetime.pyi,,,pending exact asset match,likely,quarantine
/Users/tstakuma/Desktop/github/research/.mypy_cache/3.11/decimal.data.json,/opt/anaconda3/lib/python3.11/site-packages/mypy/typeshed/stdlib/decimal.pyi,,,pending exact asset match,likely,quarantine
/Users/tstakuma/Desktop/github/research/.mypy_cache/3.11/decimal.meta.json,/opt/anaconda3/lib/python3.11/site-packages/mypy/typeshed/stdlib/decimal.pyi,,,pending exact asset match,likely,quarantine
/Users/tstakuma/Desktop/github/research/.mypy_cache/3.11/dis.data.json,/opt/anaconda3/lib/python3.11/site-packages/mypy/typeshed/stdlib/dis.pyi,,,pending exact asset match,likely,quarantine
/Users/tstakuma/Desktop/github/research/.mypy_cache/3.11/dis.meta.json,/opt/anaconda3/lib/python3.11/site-packages/mypy/typeshed/stdlib/dis.pyi,,,pending exact asset match,likely,quarantine
/Users/tstakuma/Desktop/github/research/.mypy_cache/3.11/email/__init__.data.json,/opt/anaconda3/lib/python3.11/site-packages/mypy/typeshed/stdlib/email/__init__.pyi,,,pending exact asset match,likely,quarantine
/Users/tstakuma/Desktop/github/research/.mypy_cache/3.11/email/__init__.meta.json,/opt/anaconda3/lib/python3.11/site-packages/mypy/typeshed/stdlib/email/__init__.pyi,,,pending exact asset match,likely,quarantine
/Users/tstakuma/Desktop/github/research/.mypy_cache/3.11/email/charset.data.json,/opt/anaconda3/lib/python3.11/site-packages/mypy/typeshed/stdlib/email/charset.pyi,,,pending exact asset match,likely,quarantine
/Users/tstakuma/Desktop/github/research/.mypy_cache/3.11/email/charset.meta.json,/opt/anaconda3/lib/python3.11/site-packages/mypy/typeshed/stdlib/email/charset.pyi,,,pending exact asset match,likely,quarantine
/Users/tstakuma/Desktop/github/research/.mypy_cache/3.11/email/contentmanager.data.json,/opt/anaconda3/lib/python3.11/site-packages/mypy/typeshed/stdlib/email/contentmanager.pyi,,,pending exact asset match,likely,quarantine
/Users/tstakuma/Desktop/github/research/.mypy_cache/3.11/email/contentmanager.meta.json,/opt/anaconda3/lib/python3.11/site-packages/mypy/typeshed/stdlib/email/contentmanager.pyi,,,pending exact asset match,likely,quarantine
/Users/tstakuma/Desktop/github/research/.mypy_cache/3.11/email/errors.data.json,/opt/anaconda3/lib/python3.11/site-packages/mypy/typeshed/stdlib/email/errors.pyi,,,pending exact asset match,likely,quarantine
/Users/tstakuma/Desktop/github/research/.mypy_cache/3.11/email/errors.meta.json,/opt/anaconda3/lib/python3.11/site-packages/mypy/typeshed/stdlib/email/errors.pyi,,,pending exact asset match,likely,quarantine
/Users/tstakuma/Desktop/github/research/.mypy_cache/3.11/email/header.data.json,/opt/anaconda3/lib/python3.11/site-packages/mypy/typeshed/stdlib/email/header.pyi,,,pending exact asset match,likely,quarantine
/Users/tstakuma/Desktop/github/research/.mypy_cache/3.11/email/header.meta.json,/opt/anaconda3/lib/python3.11/site-packages/mypy/typeshed/stdlib/email/header.pyi,,,pending exact asset match,likely,quarantine
/Users/tstakuma/Desktop/github/research/.mypy_cache/3.11/email/message.data.json,/opt/anaconda3/lib/python3.11/site-packages/mypy/typeshed/stdlib/email/message.pyi,,,pending exact asset match,likely,quarantine
/Users/tstakuma/Desktop/github/research/.mypy_cache/3.11/email/message.meta.json,/opt/anaconda3/lib/python3.11/site-packages/mypy/typeshed/stdlib/email/message.pyi,,,pending exact asset match,likely,quarantine
/Users/tstakuma/Desktop/github/research/.mypy_cache/3.11/email/policy.data.json,/opt/anaconda3/lib/python3.11/site-packages/mypy/typeshed/stdlib/email/policy.pyi,,,pending exact asset match,likely,quarantine
/Users/tstakuma/Desktop/github/research/.mypy_cache/3.11/email/policy.meta.json,/opt/anaconda3/lib/python3.11/site-packages/mypy/typeshed/stdlib/email/policy.pyi,,,pending exact asset match,likely,quarantine
/Users/tstakuma/Desktop/github/research/.mypy_cache/3.11/enum.data.json,enum.pickle; /opt/anaconda3/lib/python3.11/site-packages/mypy/typeshed/stdlib/enum.pyi,,,pending exact asset match,likely,quarantine
/Users/tstakuma/Desktop/github/research/.mypy_cache/3.11/enum.meta.json,/opt/anaconda3/lib/python3.11/site-packages/mypy/typeshed/stdlib/enum.pyi,,,pending exact asset match,likely,quarantine
/Users/tstakuma/Desktop/github/research/.mypy_cache/3.11/errno.data.json,/opt/anaconda3/lib/python3.11/site-packages/mypy/typeshed/stdlib/errno.pyi,,,pending exact asset match,likely,quarantine
/Users/tstakuma/Desktop/github/research/.mypy_cache/3.11/errno.meta.json,/opt/anaconda3/lib/python3.11/site-packages/mypy/typeshed/stdlib/errno.pyi,,,pending exact asset match,likely,quarantine
/Users/tstakuma/Desktop/github/research/.mypy_cache/3.11/fnmatch.data.json,/opt/anaconda3/lib/python3.11/site-packages/mypy/typeshed/stdlib/fnmatch.pyi,,,pending exact asset match,likely,quarantine
/Users/tstakuma/Desktop/github/research/.mypy_cache/3.11/fnmatch.meta.json,/opt/anaconda3/lib/python3.11/site-packages/mypy/typeshed/stdlib/fnmatch.pyi,,,pending exact asset match,likely,quarantine
/Users/tstakuma/Desktop/github/research/.mypy_cache/3.11/fractions.data.json,/opt/anaconda3/lib/python3.11/site-packages/mypy/typeshed/stdlib/fractions.pyi,,,pending exact asset match,likely,quarantine
/Users/tstakuma/Desktop/github/research/.mypy_cache/3.11/fractions.meta.json,/opt/anaconda3/lib/python3.11/site-packages/mypy/typeshed/stdlib/fractions.pyi,,,pending exact asset match,likely,quarantine
/Users/tstakuma/Desktop/github/research/.mypy_cache/3.11/functools.data.json,/opt/anaconda3/lib/python3.11/site-packages/mypy/typeshed/stdlib/functools.pyi,,,pending exact asset match,likely,quarantine
/Users/tstakuma/Desktop/github/research/.mypy_cache/3.11/functools.meta.json,/opt/anaconda3/lib/python3.11/site-packages/mypy/typeshed/stdlib/functools.pyi,,,pending exact asset match,likely,quarantine
/Users/tstakuma/Desktop/github/research/.mypy_cache/3.11/genericpath.data.json,/opt/anaconda3/lib/python3.11/site-packages/mypy/typeshed/stdlib/genericpath.pyi,,,pending exact asset match,likely,quarantine
/Users/tstakuma/Desktop/github/research/.mypy_cache/3.11/genericpath.meta.json,/opt/anaconda3/lib/python3.11/site-packages/mypy/typeshed/stdlib/genericpath.pyi,,,pending exact asset match,likely,quarantine
/Users/tstakuma/Desktop/github/research/.mypy_cache/3.11/gettext.data.json,/opt/anaconda3/lib/python3.11/site-packages/mypy/typeshed/stdlib/gettext.pyi,,,pending exact asset match,likely,quarantine
/Users/tstakuma/Desktop/github/research/.mypy_cache/3.11/gettext.meta.json,/opt/anaconda3/lib/python3.11/site-packages/mypy/typeshed/stdlib/gettext.pyi,,,pending exact asset match,likely,quarantine
/Users/tstakuma/Desktop/github/research/.mypy_cache/3.11/hashlib.data.json,/opt/anaconda3/lib/python3.11/site-packages/mypy/typeshed/stdlib/hashlib.pyi,,,pending exact asset match,likely,quarantine
/Users/tstakuma/Desktop/github/research/.mypy_cache/3.11/hashlib.meta.json,/opt/anaconda3/lib/python3.11/site-packages/mypy/typeshed/stdlib/hashlib.pyi,,,pending exact asset match,likely,quarantine
/Users/tstakuma/Desktop/github/research/.mypy_cache/3.11/html/__init__.data.json,/opt/anaconda3/lib/python3.11/site-packages/mypy/typeshed/stdlib/html/__init__.pyi,,,pending exact asset match,likely,quarantine
/Users/tstakuma/Desktop/github/research/.mypy_cache/3.11/html/__init__.meta.json,/opt/anaconda3/lib/python3.11/site-packages/mypy/typeshed/stdlib/html/__init__.pyi,,,pending exact asset match,likely,quarantine
/Users/tstakuma/Desktop/github/research/.mypy_cache/3.11/html/entities.data.json,/opt/anaconda3/lib/python3.11/site-packages/mypy/typeshed/stdlib/html/entities.pyi,,,pending exact asset match,likely,quarantine
/Users/tstakuma/Desktop/github/research/.mypy_cache/3.11/html/entities.meta.json,/opt/anaconda3/lib/python3.11/site-packages/mypy/typeshed/stdlib/html/entities.pyi,,,pending exact asset match,likely,quarantine
/Users/tstakuma/Desktop/github/research/.mypy_cache/3.11/importlib/__init__.data.json,/opt/anaconda3/lib/python3.11/site-packages/mypy/typeshed/stdlib/importlib/__init__.pyi,,,pending exact asset match,likely,quarantine
/Users/tstakuma/Desktop/github/research/.mypy_cache/3.11/importlib/__init__.meta.json,/opt/anaconda3/lib/python3.11/site-packages/mypy/typeshed/stdlib/importlib/__init__.pyi,,,pending exact asset match,likely,quarantine
/Users/tstakuma/Desktop/github/research/.mypy_cache/3.11/importlib/abc.data.json,/opt/anaconda3/lib/python3.11/site-packages/mypy/typeshed/stdlib/importlib/abc.pyi,,,pending exact asset match,likely,quarantine
/Users/tstakuma/Desktop/github/research/.mypy_cache/3.11/importlib/abc.meta.json,/opt/anaconda3/lib/python3.11/site-packages/mypy/typeshed/stdlib/importlib/abc.pyi,,,pending exact asset match,likely,quarantine
/Users/tstakuma/Desktop/github/research/.mypy_cache/3.11/importlib/machinery.data.json,/opt/anaconda3/lib/python3.11/site-packages/mypy/typeshed/stdlib/importlib/machinery.pyi,,,pending exact asset match,likely,quarantine
/Users/tstakuma/Desktop/github/research/.mypy_cache/3.11/importlib/machinery.meta.json,/opt/anaconda3/lib/python3.11/site-packages/mypy/typeshed/stdlib/importlib/machinery.pyi,,,pending exact asset match,likely,quarantine
/Users/tstakuma/Desktop/github/research/.mypy_cache/3.11/importlib/metadata/__init__.data.json,/opt/anaconda3/lib/python3.11/site-packages/mypy/typeshed/stdlib/importlib/metadata/__init__.pyi,,,pending exact asset match,likely,quarantine
/Users/tstakuma/Desktop/github/research/.mypy_cache/3.11/importlib/metadata/__init__.meta.json,/opt/anaconda3/lib/python3.11/site-packages/mypy/typeshed/stdlib/importlib/metadata/__init__.pyi,,,pending exact asset match,likely,quarantine
/Users/tstakuma/Desktop/github/research/.mypy_cache/3.11/importlib/metadata/_meta.data.json,importlib.metadata._meta.PackageMetadata.json; /opt/anaconda3/lib/python3.11/site-packages/mypy/typeshed/stdlib/importlib/metadata/_meta.pyi,importlib.metadata._meta.PackageMetadata.json,,pending exact asset match,likely,quarantine
/Users/tstakuma/Desktop/github/research/.mypy_cache/3.11/importlib/metadata/_meta.meta.json,/opt/anaconda3/lib/python3.11/site-packages/mypy/typeshed/stdlib/importlib/metadata/_meta.pyi,,,pending exact asset match,likely,quarantine
/Users/tstakuma/Desktop/github/research/.mypy_cache/3.11/importlib/readers.data.json,/opt/anaconda3/lib/python3.11/site-packages/mypy/typeshed/stdlib/importlib/readers.pyi,,,pending exact asset match,likely,quarantine
/Users/tstakuma/Desktop/github/research/.mypy_cache/3.11/importlib/readers.meta.json,/opt/anaconda3/lib/python3.11/site-packages/mypy/typeshed/stdlib/importlib/readers.pyi,,,pending exact asset match,likely,quarantine
/Users/tstakuma/Desktop/github/research/.mypy_cache/3.11/importlib/resources/__init__.data.json,/opt/anaconda3/lib/python3.11/site-packages/mypy/typeshed/stdlib/importlib/resources/__init__.pyi,,,pending exact asset match,likely,quarantine
/Users/tstakuma/Desktop/github/research/.mypy_cache/3.11/importlib/resources/__init__.meta.json,/opt/anaconda3/lib/python3.11/site-packages/mypy/typeshed/stdlib/importlib/resources/__init__.pyi,,,pending exact asset match,likely,quarantine
/Users/tstakuma/Desktop/github/research/.mypy_cache/3.11/importlib/resources/abc.data.json,/opt/anaconda3/lib/python3.11/site-packages/mypy/typeshed/stdlib/importlib/resources/abc.pyi,,,pending exact asset match,likely,quarantine
/Users/tstakuma/Desktop/github/research/.mypy_cache/3.11/importlib/resources/abc.meta.json,/opt/anaconda3/lib/python3.11/site-packages/mypy/typeshed/stdlib/importlib/resources/abc.pyi,,,pending exact asset match,likely,quarantine
/Users/tstakuma/Desktop/github/research/.mypy_cache/3.11/importlib/util.data.json,/opt/anaconda3/lib/python3.11/site-packages/mypy/typeshed/stdlib/importlib/util.pyi,,,pending exact asset match,likely,quarantine
/Users/tstakuma/Desktop/github/research/.mypy_cache/3.11/importlib/util.meta.json,/opt/anaconda3/lib/python3.11/site-packages/mypy/typeshed/stdlib/importlib/util.pyi,,,pending exact asset match,likely,quarantine
/Users/tstakuma/Desktop/github/research/.mypy_cache/3.11/inspect.data.json,/opt/anaconda3/lib/python3.11/site-packages/mypy/typeshed/stdlib/inspect.pyi,,,pending exact asset match,likely,quarantine
/Users/tstakuma/Desktop/github/research/.mypy_cache/3.11/inspect.meta.json,/opt/anaconda3/lib/python3.11/site-packages/mypy/typeshed/stdlib/inspect.pyi,,,pending exact asset match,likely,quarantine
/Users/tstakuma/Desktop/github/research/.mypy_cache/3.11/io.data.json,/opt/anaconda3/lib/python3.11/site-packages/mypy/typeshed/stdlib/io.pyi,,,pending exact asset match,likely,quarantine
/Users/tstakuma/Desktop/github/research/.mypy_cache/3.11/io.meta.json,/opt/anaconda3/lib/python3.11/site-packages/mypy/typeshed/stdlib/io.pyi,,,pending exact asset match,likely,quarantine
/Users/tstakuma/Desktop/github/research/.mypy_cache/3.11/itertools.data.json,/opt/anaconda3/lib/python3.11/site-packages/mypy/typeshed/stdlib/itertools.pyi,,,pending exact asset match,likely,quarantine
/Users/tstakuma/Desktop/github/research/.mypy_cache/3.11/itertools.meta.json,/opt/anaconda3/lib/python3.11/site-packages/mypy/typeshed/stdlib/itertools.pyi,,,pending exact asset match,likely,quarantine
/Users/tstakuma/Desktop/github/research/.mypy_cache/3.11/jinja2/__init__.data.json,/opt/anaconda3/lib/python3.11/site-packages/jinja2/__init__.py,,,pending exact asset match,likely,quarantine
/Users/tstakuma/Desktop/github/research/.mypy_cache/3.11/jinja2/__init__.meta.json,/opt/anaconda3/lib/python3.11/site-packages/jinja2/__init__.py,,,pending exact asset match,likely,quarantine
/Users/tstakuma/Desktop/github/research/.mypy_cache/3.11/jinja2/_identifier.data.json,/opt/anaconda3/lib/python3.11/site-packages/jinja2/_identifier.py,,,pending exact asset match,likely,quarantine
/Users/tstakuma/Desktop/github/research/.mypy_cache/3.11/jinja2/_identifier.meta.json,/opt/anaconda3/lib/python3.11/site-packages/jinja2/_identifier.py,,,pending exact asset match,likely,quarantine
/Users/tstakuma/Desktop/github/research/.mypy_cache/3.11/jinja2/async_utils.data.json,/opt/anaconda3/lib/python3.11/site-packages/jinja2/async_utils.py,,,pending exact asset match,likely,quarantine
/Users/tstakuma/Desktop/github/research/.mypy_cache/3.11/jinja2/async_utils.meta.json,/opt/anaconda3/lib/python3.11/site-packages/jinja2/async_utils.py,,,pending exact asset match,likely,quarantine
/Users/tstakuma/Desktop/github/research/.mypy_cache/3.11/jinja2/bccache.data.json,/opt/anaconda3/lib/python3.11/site-packages/jinja2/bccache.py,,,pending exact asset match,likely,quarantine
/Users/tstakuma/Desktop/github/research/.mypy_cache/3.11/jinja2/bccache.meta.json,/opt/anaconda3/lib/python3.11/site-packages/jinja2/bccache.py,,,pending exact asset match,likely,quarantine
/Users/tstakuma/Desktop/github/research/.mypy_cache/3.11/jinja2/compiler.data.json,/opt/anaconda3/lib/python3.11/site-packages/jinja2/compiler.py,,,pending exact asset match,likely,quarantine
/Users/tstakuma/Desktop/github/research/.mypy_cache/3.11/jinja2/compiler.meta.json,/opt/anaconda3/lib/python3.11/site-packages/jinja2/compiler.py,,,pending exact asset match,likely,quarantine
/Users/tstakuma/Desktop/github/research/.mypy_cache/3.11/jinja2/debug.data.json,/opt/anaconda3/lib/python3.11/site-packages/jinja2/debug.py,,,pending exact asset match,likely,quarantine
/Users/tstakuma/Desktop/github/research/.mypy_cache/3.11/jinja2/debug.meta.json,/opt/anaconda3/lib/python3.11/site-packages/jinja2/debug.py,,,pending exact asset match,likely,quarantine
/Users/tstakuma/Desktop/github/research/.mypy_cache/3.11/jinja2/defaults.data.json,/opt/anaconda3/lib/python3.11/site-packages/jinja2/defaults.py,,,pending exact asset match,likely,quarantine
/Users/tstakuma/Desktop/github/research/.mypy_cache/3.11/jinja2/defaults.meta.json,/opt/anaconda3/lib/python3.11/site-packages/jinja2/defaults.py,,,pending exact asset match,likely,quarantine
/Users/tstakuma/Desktop/github/research/.mypy_cache/3.11/jinja2/environment.data.json,/opt/anaconda3/lib/python3.11/site-packages/jinja2/environment.py,,,pending exact asset match,likely,quarantine
/Users/tstakuma/Desktop/github/research/.mypy_cache/3.11/jinja2/environment.meta.json,/opt/anaconda3/lib/python3.11/site-packages/jinja2/environment.py,,,pending exact asset match,likely,quarantine
/Users/tstakuma/Desktop/github/research/.mypy_cache/3.11/jinja2/exceptions.data.json,/opt/anaconda3/lib/python3.11/site-packages/jinja2/exceptions.py,,,pending exact asset match,likely,quarantine
/Users/tstakuma/Desktop/github/research/.mypy_cache/3.11/jinja2/exceptions.meta.json,/opt/anaconda3/lib/python3.11/site-packages/jinja2/exceptions.py,,,pending exact asset match,likely,quarantine
/Users/tstakuma/Desktop/github/research/.mypy_cache/3.11/jinja2/ext.data.json,/opt/anaconda3/lib/python3.11/site-packages/jinja2/ext.py,,,pending exact asset match,likely,quarantine
/Users/tstakuma/Desktop/github/research/.mypy_cache/3.11/jinja2/ext.meta.json,/opt/anaconda3/lib/python3.11/site-packages/jinja2/ext.py,,,pending exact asset match,likely,quarantine
/Users/tstakuma/Desktop/github/research/.mypy_cache/3.11/jinja2/filters.data.json,/opt/anaconda3/lib/python3.11/site-packages/jinja2/filters.py,,,pending exact asset match,likely,quarantine
/Users/tstakuma/Desktop/github/research/.mypy_cache/3.11/jinja2/filters.meta.json,/opt/anaconda3/lib/python3.11/site-packages/jinja2/filters.py,,,pending exact asset match,likely,quarantine
/Users/tstakuma/Desktop/github/research/.mypy_cache/3.11/jinja2/idtracking.data.json,/opt/anaconda3/lib/python3.11/site-packages/jinja2/idtracking.py,,,pending exact asset match,likely,quarantine
/Users/tstakuma/Desktop/github/research/.mypy_cache/3.11/jinja2/idtracking.meta.json,/opt/anaconda3/lib/python3.11/site-packages/jinja2/idtracking.py,,,pending exact asset match,likely,quarantine
/Users/tstakuma/Desktop/github/research/.mypy_cache/3.11/jinja2/lexer.data.json,/opt/anaconda3/lib/python3.11/site-packages/jinja2/lexer.py,,,pending exact asset match,likely,quarantine
/Users/tstakuma/Desktop/github/research/.mypy_cache/3.11/jinja2/lexer.meta.json,/opt/anaconda3/lib/python3.11/site-packages/jinja2/lexer.py,,,pending exact asset match,likely,quarantine
/Users/tstakuma/Desktop/github/research/.mypy_cache/3.11/jinja2/loaders.data.json,/opt/anaconda3/lib/python3.11/site-packages/jinja2/loaders.py,,,pending exact asset match,likely,quarantine
/Users/tstakuma/Desktop/github/research/.mypy_cache/3.11/jinja2/loaders.meta.json,/opt/anaconda3/lib/python3.11/site-packages/jinja2/loaders.py,,,pending exact asset match,likely,quarantine
/Users/tstakuma/Desktop/github/research/.mypy_cache/3.11/jinja2/nodes.data.json,/opt/anaconda3/lib/python3.11/site-packages/jinja2/nodes.py,,,pending exact asset match,likely,quarantine
/Users/tstakuma/Desktop/github/research/.mypy_cache/3.11/jinja2/nodes.meta.json,/opt/anaconda3/lib/python3.11/site-packages/jinja2/nodes.py,,,pending exact asset match,likely,quarantine
/Users/tstakuma/Desktop/github/research/.mypy_cache/3.11/jinja2/optimizer.data.json,/opt/anaconda3/lib/python3.11/site-packages/jinja2/optimizer.py,,,pending exact asset match,likely,quarantine
/Users/tstakuma/Desktop/github/research/.mypy_cache/3.11/jinja2/optimizer.meta.json,/opt/anaconda3/lib/python3.11/site-packages/jinja2/optimizer.py,,,pending exact asset match,likely,quarantine
/Users/tstakuma/Desktop/github/research/.mypy_cache/3.11/jinja2/parser.data.json,/opt/anaconda3/lib/python3.11/site-packages/jinja2/parser.py,,,pending exact asset match,likely,quarantine
/Users/tstakuma/Desktop/github/research/.mypy_cache/3.11/jinja2/parser.meta.json,/opt/anaconda3/lib/python3.11/site-packages/jinja2/parser.py,,,pending exact asset match,likely,quarantine
/Users/tstakuma/Desktop/github/research/.mypy_cache/3.11/jinja2/runtime.data.json,/opt/anaconda3/lib/python3.11/site-packages/jinja2/runtime.py,,,pending exact asset match,likely,quarantine
/Users/tstakuma/Desktop/github/research/.mypy_cache/3.11/jinja2/runtime.meta.json,/opt/anaconda3/lib/python3.11/site-packages/jinja2/runtime.py,,,pending exact asset match,likely,quarantine
/Users/tstakuma/Desktop/github/research/.mypy_cache/3.11/jinja2/sandbox.data.json,/opt/anaconda3/lib/python3.11/site-packages/jinja2/sandbox.py,,,pending exact asset match,likely,quarantine
/Users/tstakuma/Desktop/github/research/.mypy_cache/3.11/jinja2/sandbox.meta.json,/opt/anaconda3/lib/python3.11/site-packages/jinja2/sandbox.py,,,pending exact asset match,likely,quarantine
/Users/tstakuma/Desktop/github/research/.mypy_cache/3.11/jinja2/tests.data.json,/opt/anaconda3/lib/python3.11/site-packages/jinja2/tests.py,,,pending exact asset match,likely,quarantine
/Users/tstakuma/Desktop/github/research/.mypy_cache/3.11/jinja2/tests.meta.json,/opt/anaconda3/lib/python3.11/site-packages/jinja2/tests.py,,,pending exact asset match,likely,quarantine
/Users/tstakuma/Desktop/github/research/.mypy_cache/3.11/jinja2/utils.data.json,/opt/anaconda3/lib/python3.11/site-packages/jinja2/utils.py,,,pending exact asset match,likely,quarantine
/Users/tstakuma/Desktop/github/research/.mypy_cache/3.11/jinja2/utils.meta.json,/opt/anaconda3/lib/python3.11/site-packages/jinja2/utils.py,,,pending exact asset match,likely,quarantine
/Users/tstakuma/Desktop/github/research/.mypy_cache/3.11/jinja2/visitor.data.json,/opt/anaconda3/lib/python3.11/site-packages/jinja2/visitor.py,,,pending exact asset match,likely,quarantine
/Users/tstakuma/Desktop/github/research/.mypy_cache/3.11/jinja2/visitor.meta.json,/opt/anaconda3/lib/python3.11/site-packages/jinja2/visitor.py,,,pending exact asset match,likely,quarantine
/Users/tstakuma/Desktop/github/research/.mypy_cache/3.11/json/__init__.data.json,json.decoder.JSON; json.encoder.JSON; /opt/anaconda3/lib/python3.11/site-packages/mypy/typeshed/stdlib/json/__init__.pyi,json.decoder.JSON; json.encoder.JSON,,pending exact asset match,likely,quarantine
/Users/tstakuma/Desktop/github/research/.mypy_cache/3.11/json/__init__.meta.json,/opt/anaconda3/lib/python3.11/site-packages/mypy/typeshed/stdlib/json/__init__.pyi,,,pending exact asset match,likely,quarantine
/Users/tstakuma/Desktop/github/research/.mypy_cache/3.11/json/decoder.data.json,json.decoder.JSON; /opt/anaconda3/lib/python3.11/site-packages/mypy/typeshed/stdlib/json/decoder.pyi,json.decoder.JSON,,pending exact asset match,likely,quarantine
/Users/tstakuma/Desktop/github/research/.mypy_cache/3.11/json/decoder.meta.json,/opt/anaconda3/lib/python3.11/site-packages/mypy/typeshed/stdlib/json/decoder.pyi,,,pending exact asset match,likely,quarantine
/Users/tstakuma/Desktop/github/research/.mypy_cache/3.11/json/encoder.data.json,json.encoder.JSON; json.encoder.py; /opt/anaconda3/lib/python3.11/site-packages/mypy/typeshed/stdlib/json/encoder.pyi,json.encoder.JSON,,pending exact asset match,likely,quarantine
/Users/tstakuma/Desktop/github/research/.mypy_cache/3.11/json/encoder.meta.json,/opt/anaconda3/lib/python3.11/site-packages/mypy/typeshed/stdlib/json/encoder.pyi,,,pending exact asset match,likely,quarantine
/Users/tstakuma/Desktop/github/research/.mypy_cache/3.11/keyword.data.json,/opt/anaconda3/lib/python3.11/site-packages/mypy/typeshed/stdlib/keyword.pyi,,,pending exact asset match,likely,quarantine
/Users/tstakuma/Desktop/github/research/.mypy_cache/3.11/keyword.meta.json,/opt/anaconda3/lib/python3.11/site-packages/mypy/typeshed/stdlib/keyword.pyi,,,pending exact asset match,likely,quarantine
/Users/tstakuma/Desktop/github/research/.mypy_cache/3.11/logging/__init__.data.json,/opt/anaconda3/lib/python3.11/site-packages/mypy/typeshed/stdlib/logging/__init__.pyi,,,pending exact asset match,likely,quarantine
/Users/tstakuma/Desktop/github/research/.mypy_cache/3.11/logging/__init__.meta.json,/opt/anaconda3/lib/python3.11/site-packages/mypy/typeshed/stdlib/logging/__init__.pyi,,,pending exact asset match,likely,quarantine
/Users/tstakuma/Desktop/github/research/.mypy_cache/3.11/markupsafe/__init__.data.json,/opt/anaconda3/lib/python3.11/site-packages/markupsafe/__init__.py,,,pending exact asset match,likely,quarantine
/Users/tstakuma/Desktop/github/research/.mypy_cache/3.11/markupsafe/__init__.meta.json,/opt/anaconda3/lib/python3.11/site-packages/markupsafe/__init__.py,,,pending exact asset match,likely,quarantine
/Users/tstakuma/Desktop/github/research/.mypy_cache/3.11/markupsafe/_native.data.json,/opt/anaconda3/lib/python3.11/site-packages/markupsafe/_native.py,,,pending exact asset match,likely,quarantine
/Users/tstakuma/Desktop/github/research/.mypy_cache/3.11/markupsafe/_native.meta.json,/opt/anaconda3/lib/python3.11/site-packages/markupsafe/_native.py,,,pending exact asset match,likely,quarantine
/Users/tstakuma/Desktop/github/research/.mypy_cache/3.11/markupsafe/_speedups.data.json,/opt/anaconda3/lib/python3.11/site-packages/markupsafe/_speedups.pyi,,,pending exact asset match,likely,quarantine
/Users/tstakuma/Desktop/github/research/.mypy_cache/3.11/markupsafe/_speedups.meta.json,/opt/anaconda3/lib/python3.11/site-packages/markupsafe/_speedups.pyi,,,pending exact asset match,likely,quarantine
/Users/tstakuma/Desktop/github/research/.mypy_cache/3.11/marshal.data.json,/opt/anaconda3/lib/python3.11/site-packages/mypy/typeshed/stdlib/marshal.pyi,,,pending exact asset match,likely,quarantine
/Users/tstakuma/Desktop/github/research/.mypy_cache/3.11/marshal.meta.json,/opt/anaconda3/lib/python3.11/site-packages/mypy/typeshed/stdlib/marshal.pyi,,,pending exact asset match,likely,quarantine
/Users/tstakuma/Desktop/github/research/.mypy_cache/3.11/math.data.json,/opt/anaconda3/lib/python3.11/site-packages/mypy/typeshed/stdlib/math.pyi,,,pending exact asset match,likely,quarantine
/Users/tstakuma/Desktop/github/research/.mypy_cache/3.11/math.meta.json,/opt/anaconda3/lib/python3.11/site-packages/mypy/typeshed/stdlib/math.pyi,,,pending exact asset match,likely,quarantine
/Users/tstakuma/Desktop/github/research/.mypy_cache/3.11/matplotlib/__init__.data.json,/opt/anaconda3/lib/python3.11/site-packages/matplotlib/__init__.pyi,,,pending exact asset match,likely,quarantine
/Users/tstakuma/Desktop/github/research/.mypy_cache/3.11/matplotlib/__init__.meta.json,/opt/anaconda3/lib/python3.11/site-packages/matplotlib/__init__.pyi,,,pending exact asset match,likely,quarantine
/Users/tstakuma/Desktop/github/research/.mypy_cache/3.11/matplotlib/_afm.data.json,/opt/anaconda3/lib/python3.11/site-packages/matplotlib/_afm.py,,,pending exact asset match,likely,quarantine
/Users/tstakuma/Desktop/github/research/.mypy_cache/3.11/matplotlib/_afm.meta.json,/opt/anaconda3/lib/python3.11/site-packages/matplotlib/_afm.py,,,pending exact asset match,likely,quarantine
/Users/tstakuma/Desktop/github/research/.mypy_cache/3.11/matplotlib/_api/__init__.data.json,/opt/anaconda3/lib/python3.11/site-packages/matplotlib/_api/__init__.pyi,,,pending exact asset match,likely,quarantine
/Users/tstakuma/Desktop/github/research/.mypy_cache/3.11/matplotlib/_api/__init__.meta.json,/opt/anaconda3/lib/python3.11/site-packages/matplotlib/_api/__init__.pyi,,,pending exact asset match,likely,quarantine
/Users/tstakuma/Desktop/github/research/.mypy_cache/3.11/matplotlib/_api/deprecation.data.json,/opt/anaconda3/lib/python3.11/site-packages/matplotlib/_api/deprecation.pyi,,,pending exact asset match,likely,quarantine
/Users/tstakuma/Desktop/github/research/.mypy_cache/3.11/matplotlib/_api/deprecation.meta.json,/opt/anaconda3/lib/python3.11/site-packages/matplotlib/_api/deprecation.pyi,,,pending exact asset match,likely,quarantine
/Users/tstakuma/Desktop/github/research/.mypy_cache/3.11/matplotlib/_docstring.data.json,/opt/anaconda3/lib/python3.11/site-packages/matplotlib/_docstring.pyi,,,pending exact asset match,likely,quarantine
/Users/tstakuma/Desktop/github/research/.mypy_cache/3.11/matplotlib/_docstring.meta.json,/opt/anaconda3/lib/python3.11/site-packages/matplotlib/_docstring.pyi,,,pending exact asset match,likely,quarantine
/Users/tstakuma/Desktop/github/research/.mypy_cache/3.11/matplotlib/_enums.data.json,/opt/anaconda3/lib/python3.11/site-packages/matplotlib/_enums.pyi,,,pending exact asset match,likely,quarantine
/Users/tstakuma/Desktop/github/research/.mypy_cache/3.11/matplotlib/_enums.meta.json,/opt/anaconda3/lib/python3.11/site-packages/matplotlib/_enums.pyi,,,pending exact asset match,likely,quarantine
/Users/tstakuma/Desktop/github/research/.mypy_cache/3.11/matplotlib/_mathtext.data.json,pyparsing.py; /opt/anaconda3/lib/python3.11/site-packages/matplotlib/_mathtext.py,,,pending exact asset match,likely,quarantine
/Users/tstakuma/Desktop/github/research/.mypy_cache/3.11/matplotlib/_mathtext.meta.json,/opt/anaconda3/lib/python3.11/site-packages/matplotlib/_mathtext.py,,,pending exact asset match,likely,quarantine
/Users/tstakuma/Desktop/github/research/.mypy_cache/3.11/matplotlib/_mathtext_data.data.json,/opt/anaconda3/lib/python3.11/site-packages/matplotlib/_mathtext_data.py,,,pending exact asset match,likely,quarantine
/Users/tstakuma/Desktop/github/research/.mypy_cache/3.11/matplotlib/_mathtext_data.meta.json,/opt/anaconda3/lib/python3.11/site-packages/matplotlib/_mathtext_data.py,,,pending exact asset match,likely,quarantine
/Users/tstakuma/Desktop/github/research/.mypy_cache/3.11/matplotlib/_pylab_helpers.data.json,/opt/anaconda3/lib/python3.11/site-packages/matplotlib/_pylab_helpers.pyi,,,pending exact asset match,likely,quarantine
/Users/tstakuma/Desktop/github/research/.mypy_cache/3.11/matplotlib/_pylab_helpers.meta.json,/opt/anaconda3/lib/python3.11/site-packages/matplotlib/_pylab_helpers.pyi,,,pending exact asset match,likely,quarantine
/Users/tstakuma/Desktop/github/research/.mypy_cache/3.11/matplotlib/_tri.data.json,/opt/anaconda3/lib/python3.11/site-packages/matplotlib/_tri.pyi,,,pending exact asset match,likely,quarantine
/Users/tstakuma/Desktop/github/research/.mypy_cache/3.11/matplotlib/_tri.meta.json,/opt/anaconda3/lib/python3.11/site-packages/matplotlib/_tri.pyi,,,pending exact asset match,likely,quarantine
/Users/tstakuma/Desktop/github/research/.mypy_cache/3.11/matplotlib/artist.data.json,/opt/anaconda3/lib/python3.11/site-packages/matplotlib/artist.pyi,,,pending exact asset match,likely,quarantine
/Users/tstakuma/Desktop/github/research/.mypy_cache/3.11/matplotlib/artist.meta.json,/opt/anaconda3/lib/python3.11/site-packages/matplotlib/artist.pyi,,,pending exact asset match,likely,quarantine
/Users/tstakuma/Desktop/github/research/.mypy_cache/3.11/matplotlib/axes/__init__.data.json,/opt/anaconda3/lib/python3.11/site-packages/matplotlib/axes/__init__.pyi,,,pending exact asset match,likely,quarantine
/Users/tstakuma/Desktop/github/research/.mypy_cache/3.11/matplotlib/axes/__init__.meta.json,/opt/anaconda3/lib/python3.11/site-packages/matplotlib/axes/__init__.pyi,,,pending exact asset match,likely,quarantine
/Users/tstakuma/Desktop/github/research/.mypy_cache/3.11/matplotlib/axes/_axes.data.json,/opt/anaconda3/lib/python3.11/site-packages/matplotlib/axes/_axes.pyi,,,pending exact asset match,likely,quarantine
/Users/tstakuma/Desktop/github/research/.mypy_cache/3.11/matplotlib/axes/_axes.meta.json,/opt/anaconda3/lib/python3.11/site-packages/matplotlib/axes/_axes.pyi,,,pending exact asset match,likely,quarantine
/Users/tstakuma/Desktop/github/research/.mypy_cache/3.11/matplotlib/axes/_base.data.json,/opt/anaconda3/lib/python3.11/site-packages/matplotlib/axes/_base.pyi,,,pending exact asset match,likely,quarantine
/Users/tstakuma/Desktop/github/research/.mypy_cache/3.11/matplotlib/axes/_base.meta.json,/opt/anaconda3/lib/python3.11/site-packages/matplotlib/axes/_base.pyi,,,pending exact asset match,likely,quarantine
/Users/tstakuma/Desktop/github/research/.mypy_cache/3.11/matplotlib/axes/_secondary_axes.data.json,/opt/anaconda3/lib/python3.11/site-packages/matplotlib/axes/_secondary_axes.pyi,,,pending exact asset match,likely,quarantine
/Users/tstakuma/Desktop/github/research/.mypy_cache/3.11/matplotlib/axes/_secondary_axes.meta.json,/opt/anaconda3/lib/python3.11/site-packages/matplotlib/axes/_secondary_axes.pyi,,,pending exact asset match,likely,quarantine
/Users/tstakuma/Desktop/github/research/.mypy_cache/3.11/matplotlib/axis.data.json,/opt/anaconda3/lib/python3.11/site-packages/matplotlib/axis.pyi,,,pending exact asset match,likely,quarantine
/Users/tstakuma/Desktop/github/research/.mypy_cache/3.11/matplotlib/axis.meta.json,/opt/anaconda3/lib/python3.11/site-packages/matplotlib/axis.pyi,,,pending exact asset match,likely,quarantine
/Users/tstakuma/Desktop/github/research/.mypy_cache/3.11/matplotlib/backend_bases.data.json,matplotlib.backend_bases.FigureManagerBase.py; /zoom; /opt/anaconda3/lib/python3.11/site-packages/matplotlib/backend_bases.pyi,,,pending exact asset match,likely,quarantine
/Users/tstakuma/Desktop/github/research/.mypy_cache/3.11/matplotlib/backend_bases.meta.json,/opt/anaconda3/lib/python3.11/site-packages/matplotlib/backend_bases.pyi,,,pending exact asset match,likely,quarantine
/Users/tstakuma/Desktop/github/research/.mypy_cache/3.11/matplotlib/backend_managers.data.json,/opt/anaconda3/lib/python3.11/site-packages/matplotlib/backend_managers.pyi,,,pending exact asset match,likely,quarantine
/Users/tstakuma/Desktop/github/research/.mypy_cache/3.11/matplotlib/backend_managers.meta.json,/opt/anaconda3/lib/python3.11/site-packages/matplotlib/backend_managers.pyi,,,pending exact asset match,likely,quarantine
/Users/tstakuma/Desktop/github/research/.mypy_cache/3.11/matplotlib/backend_tools.data.json,/opt/anaconda3/lib/python3.11/site-packages/matplotlib/backend_tools.pyi,,,pending exact asset match,likely,quarantine
/Users/tstakuma/Desktop/github/research/.mypy_cache/3.11/matplotlib/backend_tools.meta.json,/opt/anaconda3/lib/python3.11/site-packages/matplotlib/backend_tools.pyi,,,pending exact asset match,likely,quarantine
/Users/tstakuma/Desktop/github/research/.mypy_cache/3.11/matplotlib/backends/__init__.data.json,/opt/anaconda3/lib/python3.11/site-packages/matplotlib/backends/__init__.py,,,pending exact asset match,likely,quarantine
/Users/tstakuma/Desktop/github/research/.mypy_cache/3.11/matplotlib/backends/__init__.meta.json,/opt/anaconda3/lib/python3.11/site-packages/matplotlib/backends/__init__.py,,,pending exact asset match,likely,quarantine
/Users/tstakuma/Desktop/github/research/.mypy_cache/3.11/matplotlib/backends/registry.data.json,/opt/anaconda3/lib/python3.11/site-packages/matplotlib/backends/registry.py,,,pending exact asset match,likely,quarantine
/Users/tstakuma/Desktop/github/research/.mypy_cache/3.11/matplotlib/backends/registry.meta.json,/opt/anaconda3/lib/python3.11/site-packages/matplotlib/backends/registry.py,,,pending exact asset match,likely,quarantine
/Users/tstakuma/Desktop/github/research/.mypy_cache/3.11/matplotlib/bezier.data.json,/opt/anaconda3/lib/python3.11/site-packages/matplotlib/bezier.pyi,,,pending exact asset match,likely,quarantine
/Users/tstakuma/Desktop/github/research/.mypy_cache/3.11/matplotlib/bezier.meta.json,/opt/anaconda3/lib/python3.11/site-packages/matplotlib/bezier.pyi,,,pending exact asset match,likely,quarantine
/Users/tstakuma/Desktop/github/research/.mypy_cache/3.11/matplotlib/cbook.data.json,/opt/anaconda3/lib/python3.11/site-packages/matplotlib/cbook.pyi,,,pending exact asset match,likely,quarantine
/Users/tstakuma/Desktop/github/research/.mypy_cache/3.11/matplotlib/cbook.meta.json,/opt/anaconda3/lib/python3.11/site-packages/matplotlib/cbook.pyi,,,pending exact asset match,likely,quarantine
/Users/tstakuma/Desktop/github/research/.mypy_cache/3.11/matplotlib/cm.data.json,/opt/anaconda3/lib/python3.11/site-packages/matplotlib/cm.pyi,,,pending exact asset match,likely,quarantine
/Users/tstakuma/Desktop/github/research/.mypy_cache/3.11/matplotlib/cm.meta.json,/opt/anaconda3/lib/python3.11/site-packages/matplotlib/cm.pyi,,,pending exact asset match,likely,quarantine
/Users/tstakuma/Desktop/github/research/.mypy_cache/3.11/matplotlib/collections.data.json,/opt/anaconda3/lib/python3.11/site-packages/matplotlib/collections.pyi,,,pending exact asset match,likely,quarantine
/Users/tstakuma/Desktop/github/research/.mypy_cache/3.11/matplotlib/collections.meta.json,/opt/anaconda3/lib/python3.11/site-packages/matplotlib/collections.pyi,,,pending exact asset match,likely,quarantine
/Users/tstakuma/Desktop/github/research/.mypy_cache/3.11/matplotlib/colorbar.data.json,/opt/anaconda3/lib/python3.11/site-packages/matplotlib/colorbar.pyi,,,pending exact asset match,likely,quarantine
/Users/tstakuma/Desktop/github/research/.mypy_cache/3.11/matplotlib/colorbar.meta.json,/opt/anaconda3/lib/python3.11/site-packages/matplotlib/colorbar.pyi,,,pending exact asset match,likely,quarantine
/Users/tstakuma/Desktop/github/research/.mypy_cache/3.11/matplotlib/colorizer.data.json,/opt/anaconda3/lib/python3.11/site-packages/matplotlib/colorizer.pyi,,,pending exact asset match,likely,quarantine
/Users/tstakuma/Desktop/github/research/.mypy_cache/3.11/matplotlib/colorizer.meta.json,/opt/anaconda3/lib/python3.11/site-packages/matplotlib/colorizer.pyi,,,pending exact asset match,likely,quarantine
/Users/tstakuma/Desktop/github/research/.mypy_cache/3.11/matplotlib/colors.data.json,/opt/anaconda3/lib/python3.11/site-packages/matplotlib/colors.pyi,,,pending exact asset match,likely,quarantine
/Users/tstakuma/Desktop/github/research/.mypy_cache/3.11/matplotlib/colors.meta.json,/opt/anaconda3/lib/python3.11/site-packages/matplotlib/colors.pyi,,,pending exact asset match,likely,quarantine
/Users/tstakuma/Desktop/github/research/.mypy_cache/3.11/matplotlib/container.data.json,/opt/anaconda3/lib/python3.11/site-packages/matplotlib/container.pyi,,,pending exact asset match,likely,quarantine
/Users/tstakuma/Desktop/github/research/.mypy_cache/3.11/matplotlib/container.meta.json,/opt/anaconda3/lib/python3.11/site-packages/matplotlib/container.pyi,,,pending exact asset match,likely,quarantine
/Users/tstakuma/Desktop/github/research/.mypy_cache/3.11/matplotlib/contour.data.json,/opt/anaconda3/lib/python3.11/site-packages/matplotlib/contour.pyi,,,pending exact asset match,likely,quarantine
/Users/tstakuma/Desktop/github/research/.mypy_cache/3.11/matplotlib/contour.meta.json,/opt/anaconda3/lib/python3.11/site-packages/matplotlib/contour.pyi,,,pending exact asset match,likely,quarantine
/Users/tstakuma/Desktop/github/research/.mypy_cache/3.11/matplotlib/figure.data.json,/opt/anaconda3/lib/python3.11/site-packages/matplotlib/figure.pyi,,,pending exact asset match,likely,quarantine
/Users/tstakuma/Desktop/github/research/.mypy_cache/3.11/matplotlib/figure.meta.json,/opt/anaconda3/lib/python3.11/site-packages/matplotlib/figure.pyi,,,pending exact asset match,likely,quarantine
/Users/tstakuma/Desktop/github/research/.mypy_cache/3.11/matplotlib/font_manager.data.json,matplotlib.font_manager.json; /opt/anaconda3/lib/python3.11/site-packages/matplotlib/font_manager.pyi,matplotlib.font_manager.json,,pending exact asset match,likely,quarantine
/Users/tstakuma/Desktop/github/research/.mypy_cache/3.11/matplotlib/font_manager.meta.json,/opt/anaconda3/lib/python3.11/site-packages/matplotlib/font_manager.pyi,,,pending exact asset match,likely,quarantine
/Users/tstakuma/Desktop/github/research/.mypy_cache/3.11/matplotlib/ft2font.data.json,/2; /opt/anaconda3/lib/python3.11/site-packages/matplotlib/ft2font.pyi,,,pending exact asset match,likely,quarantine
/Users/tstakuma/Desktop/github/research/.mypy_cache/3.11/matplotlib/ft2font.meta.json,/opt/anaconda3/lib/python3.11/site-packages/matplotlib/ft2font.pyi,,,pending exact asset match,likely,quarantine
/Users/tstakuma/Desktop/github/research/.mypy_cache/3.11/matplotlib/gridspec.data.json,/opt/anaconda3/lib/python3.11/site-packages/matplotlib/gridspec.pyi,,,pending exact asset match,likely,quarantine
/Users/tstakuma/Desktop/github/research/.mypy_cache/3.11/matplotlib/gridspec.meta.json,/opt/anaconda3/lib/python3.11/site-packages/matplotlib/gridspec.pyi,,,pending exact asset match,likely,quarantine
/Users/tstakuma/Desktop/github/research/.mypy_cache/3.11/matplotlib/image.data.json,/opt/anaconda3/lib/python3.11/site-packages/matplotlib/image.pyi,,,pending exact asset match,likely,quarantine
/Users/tstakuma/Desktop/github/research/.mypy_cache/3.11/matplotlib/image.meta.json,/opt/anaconda3/lib/python3.11/site-packages/matplotlib/image.pyi,,,pending exact asset match,likely,quarantine
/Users/tstakuma/Desktop/github/research/.mypy_cache/3.11/matplotlib/inset.data.json,/opt/anaconda3/lib/python3.11/site-packages/matplotlib/inset.pyi,,,pending exact asset match,likely,quarantine
/Users/tstakuma/Desktop/github/research/.mypy_cache/3.11/matplotlib/inset.meta.json,/opt/anaconda3/lib/python3.11/site-packages/matplotlib/inset.pyi,,,pending exact asset match,likely,quarantine
/Users/tstakuma/Desktop/github/research/.mypy_cache/3.11/matplotlib/layout_engine.data.json,/opt/anaconda3/lib/python3.11/site-packages/matplotlib/layout_engine.pyi,,,pending exact asset match,likely,quarantine
/Users/tstakuma/Desktop/github/research/.mypy_cache/3.11/matplotlib/layout_engine.meta.json,/opt/anaconda3/lib/python3.11/site-packages/matplotlib/layout_engine.pyi,,,pending exact asset match,likely,quarantine
/Users/tstakuma/Desktop/github/research/.mypy_cache/3.11/matplotlib/legend.data.json,/opt/anaconda3/lib/python3.11/site-packages/matplotlib/legend.pyi,,,pending exact asset match,likely,quarantine
/Users/tstakuma/Desktop/github/research/.mypy_cache/3.11/matplotlib/legend.meta.json,/opt/anaconda3/lib/python3.11/site-packages/matplotlib/legend.pyi,,,pending exact asset match,likely,quarantine
/Users/tstakuma/Desktop/github/research/.mypy_cache/3.11/matplotlib/legend_handler.data.json,/opt/anaconda3/lib/python3.11/site-packages/matplotlib/legend_handler.pyi,,,pending exact asset match,likely,quarantine
/Users/tstakuma/Desktop/github/research/.mypy_cache/3.11/matplotlib/legend_handler.meta.json,/opt/anaconda3/lib/python3.11/site-packages/matplotlib/legend_handler.pyi,,,pending exact asset match,likely,quarantine
/Users/tstakuma/Desktop/github/research/.mypy_cache/3.11/matplotlib/lines.data.json,/opt/anaconda3/lib/python3.11/site-packages/matplotlib/lines.pyi,,,pending exact asset match,likely,quarantine
/Users/tstakuma/Desktop/github/research/.mypy_cache/3.11/matplotlib/lines.meta.json,/opt/anaconda3/lib/python3.11/site-packages/matplotlib/lines.pyi,,,pending exact asset match,likely,quarantine
/Users/tstakuma/Desktop/github/research/.mypy_cache/3.11/matplotlib/markers.data.json,/opt/anaconda3/lib/python3.11/site-packages/matplotlib/markers.pyi,,,pending exact asset match,likely,quarantine
/Users/tstakuma/Desktop/github/research/.mypy_cache/3.11/matplotlib/markers.meta.json,/opt/anaconda3/lib/python3.11/site-packages/matplotlib/markers.pyi,,,pending exact asset match,likely,quarantine
/Users/tstakuma/Desktop/github/research/.mypy_cache/3.11/matplotlib/mathtext.data.json,/opt/anaconda3/lib/python3.11/site-packages/matplotlib/mathtext.pyi,,,pending exact asset match,likely,quarantine
/Users/tstakuma/Desktop/github/research/.mypy_cache/3.11/matplotlib/mathtext.meta.json,/opt/anaconda3/lib/python3.11/site-packages/matplotlib/mathtext.pyi,,,pending exact asset match,likely,quarantine
/Users/tstakuma/Desktop/github/research/.mypy_cache/3.11/matplotlib/mlab.data.json,/opt/anaconda3/lib/python3.11/site-packages/matplotlib/mlab.pyi,,,pending exact asset match,likely,quarantine
/Users/tstakuma/Desktop/github/research/.mypy_cache/3.11/matplotlib/mlab.meta.json,/opt/anaconda3/lib/python3.11/site-packages/matplotlib/mlab.pyi,,,pending exact asset match,likely,quarantine
/Users/tstakuma/Desktop/github/research/.mypy_cache/3.11/matplotlib/offsetbox.data.json,/opt/anaconda3/lib/python3.11/site-packages/matplotlib/offsetbox.pyi,,,pending exact asset match,likely,quarantine
/Users/tstakuma/Desktop/github/research/.mypy_cache/3.11/matplotlib/offsetbox.meta.json,/opt/anaconda3/lib/python3.11/site-packages/matplotlib/offsetbox.pyi,,,pending exact asset match,likely,quarantine
/Users/tstakuma/Desktop/github/research/.mypy_cache/3.11/matplotlib/patches.data.json,/opt/anaconda3/lib/python3.11/site-packages/matplotlib/patches.pyi,,,pending exact asset match,likely,quarantine
/Users/tstakuma/Desktop/github/research/.mypy_cache/3.11/matplotlib/patches.meta.json,/opt/anaconda3/lib/python3.11/site-packages/matplotlib/patches.pyi,,,pending exact asset match,likely,quarantine
/Users/tstakuma/Desktop/github/research/.mypy_cache/3.11/matplotlib/path.data.json,/opt/anaconda3/lib/python3.11/site-packages/matplotlib/path.pyi,,,pending exact asset match,likely,quarantine
/Users/tstakuma/Desktop/github/research/.mypy_cache/3.11/matplotlib/path.meta.json,/opt/anaconda3/lib/python3.11/site-packages/matplotlib/path.pyi,,,pending exact asset match,likely,quarantine
/Users/tstakuma/Desktop/github/research/.mypy_cache/3.11/matplotlib/patheffects.data.json,/opt/anaconda3/lib/python3.11/site-packages/matplotlib/patheffects.pyi,,,pending exact asset match,likely,quarantine
/Users/tstakuma/Desktop/github/research/.mypy_cache/3.11/matplotlib/patheffects.meta.json,/opt/anaconda3/lib/python3.11/site-packages/matplotlib/patheffects.pyi,,,pending exact asset match,likely,quarantine
/Users/tstakuma/Desktop/github/research/.mypy_cache/3.11/matplotlib/projections/__init__.data.json,/opt/anaconda3/lib/python3.11/site-packages/matplotlib/projections/__init__.pyi,,,pending exact asset match,likely,quarantine
/Users/tstakuma/Desktop/github/research/.mypy_cache/3.11/matplotlib/projections/__init__.meta.json,/opt/anaconda3/lib/python3.11/site-packages/matplotlib/projections/__init__.pyi,,,pending exact asset match,likely,quarantine
/Users/tstakuma/Desktop/github/research/.mypy_cache/3.11/matplotlib/projections/geo.data.json,/opt/anaconda3/lib/python3.11/site-packages/matplotlib/projections/geo.pyi,,,pending exact asset match,likely,quarantine
/Users/tstakuma/Desktop/github/research/.mypy_cache/3.11/matplotlib/projections/geo.meta.json,/opt/anaconda3/lib/python3.11/site-packages/matplotlib/projections/geo.pyi,,,pending exact asset match,likely,quarantine
/Users/tstakuma/Desktop/github/research/.mypy_cache/3.11/matplotlib/projections/polar.data.json,/opt/anaconda3/lib/python3.11/site-packages/matplotlib/projections/polar.pyi,,,pending exact asset match,likely,quarantine
/Users/tstakuma/Desktop/github/research/.mypy_cache/3.11/matplotlib/projections/polar.meta.json,/opt/anaconda3/lib/python3.11/site-packages/matplotlib/projections/polar.pyi,,,pending exact asset match,likely,quarantine
/Users/tstakuma/Desktop/github/research/.mypy_cache/3.11/matplotlib/pyplot.data.json,matplotlib.py; /opt/anaconda3/lib/python3.11/site-packages/matplotlib/pyplot.py,,,pending exact asset match,likely,quarantine
/Users/tstakuma/Desktop/github/research/.mypy_cache/3.11/matplotlib/pyplot.meta.json,matplotlib.py; /opt/anaconda3/lib/python3.11/site-packages/matplotlib/pyplot.py,,,pending exact asset match,likely,quarantine
/Users/tstakuma/Desktop/github/research/.mypy_cache/3.11/matplotlib/quiver.data.json,/opt/anaconda3/lib/python3.11/site-packages/matplotlib/quiver.pyi,,,pending exact asset match,likely,quarantine
/Users/tstakuma/Desktop/github/research/.mypy_cache/3.11/matplotlib/quiver.meta.json,/opt/anaconda3/lib/python3.11/site-packages/matplotlib/quiver.pyi,,,pending exact asset match,likely,quarantine
/Users/tstakuma/Desktop/github/research/.mypy_cache/3.11/matplotlib/rcsetup.data.json,/opt/anaconda3/lib/python3.11/site-packages/matplotlib/rcsetup.pyi,,,pending exact asset match,likely,quarantine
/Users/tstakuma/Desktop/github/research/.mypy_cache/3.11/matplotlib/rcsetup.meta.json,/opt/anaconda3/lib/python3.11/site-packages/matplotlib/rcsetup.pyi,,,pending exact asset match,likely,quarantine
/Users/tstakuma/Desktop/github/research/.mypy_cache/3.11/matplotlib/scale.data.json,/opt/anaconda3/lib/python3.11/site-packages/matplotlib/scale.pyi,,,pending exact asset match,likely,quarantine
/Users/tstakuma/Desktop/github/research/.mypy_cache/3.11/matplotlib/scale.meta.json,/opt/anaconda3/lib/python3.11/site-packages/matplotlib/scale.pyi,,,pending exact asset match,likely,quarantine
/Users/tstakuma/Desktop/github/research/.mypy_cache/3.11/matplotlib/spines.data.json,/opt/anaconda3/lib/python3.11/site-packages/matplotlib/spines.pyi,,,pending exact asset match,likely,quarantine
/Users/tstakuma/Desktop/github/research/.mypy_cache/3.11/matplotlib/spines.meta.json,/opt/anaconda3/lib/python3.11/site-packages/matplotlib/spines.pyi,,,pending exact asset match,likely,quarantine
/Users/tstakuma/Desktop/github/research/.mypy_cache/3.11/matplotlib/stackplot.data.json,/opt/anaconda3/lib/python3.11/site-packages/matplotlib/stackplot.pyi,,,pending exact asset match,likely,quarantine
/Users/tstakuma/Desktop/github/research/.mypy_cache/3.11/matplotlib/stackplot.meta.json,/opt/anaconda3/lib/python3.11/site-packages/matplotlib/stackplot.pyi,,,pending exact asset match,likely,quarantine
/Users/tstakuma/Desktop/github/research/.mypy_cache/3.11/matplotlib/streamplot.data.json,/opt/anaconda3/lib/python3.11/site-packages/matplotlib/streamplot.pyi,,,pending exact asset match,likely,quarantine
/Users/tstakuma/Desktop/github/research/.mypy_cache/3.11/matplotlib/streamplot.meta.json,/opt/anaconda3/lib/python3.11/site-packages/matplotlib/streamplot.pyi,,,pending exact asset match,likely,quarantine
/Users/tstakuma/Desktop/github/research/.mypy_cache/3.11/matplotlib/style/__init__.data.json,/opt/anaconda3/lib/python3.11/site-packages/matplotlib/style/__init__.py,,,pending exact asset match,likely,quarantine
/Users/tstakuma/Desktop/github/research/.mypy_cache/3.11/matplotlib/style/__init__.meta.json,/opt/anaconda3/lib/python3.11/site-packages/matplotlib/style/__init__.py,,,pending exact asset match,likely,quarantine
/Users/tstakuma/Desktop/github/research/.mypy_cache/3.11/matplotlib/style/core.data.json,/opt/anaconda3/lib/python3.11/site-packages/matplotlib/style/core.pyi,,,pending exact asset match,likely,quarantine
/Users/tstakuma/Desktop/github/research/.mypy_cache/3.11/matplotlib/style/core.meta.json,/opt/anaconda3/lib/python3.11/site-packages/matplotlib/style/core.pyi,,,pending exact asset match,likely,quarantine
/Users/tstakuma/Desktop/github/research/.mypy_cache/3.11/matplotlib/table.data.json,/opt/anaconda3/lib/python3.11/site-packages/matplotlib/table.pyi,,,pending exact asset match,likely,quarantine
/Users/tstakuma/Desktop/github/research/.mypy_cache/3.11/matplotlib/table.meta.json,/opt/anaconda3/lib/python3.11/site-packages/matplotlib/table.pyi,,,pending exact asset match,likely,quarantine
/Users/tstakuma/Desktop/github/research/.mypy_cache/3.11/matplotlib/texmanager.data.json,/opt/anaconda3/lib/python3.11/site-packages/matplotlib/texmanager.pyi,,,pending exact asset match,likely,quarantine
/Users/tstakuma/Desktop/github/research/.mypy_cache/3.11/matplotlib/texmanager.meta.json,/opt/anaconda3/lib/python3.11/site-packages/matplotlib/texmanager.pyi,,,pending exact asset match,likely,quarantine
/Users/tstakuma/Desktop/github/research/.mypy_cache/3.11/matplotlib/text.data.json,/opt/anaconda3/lib/python3.11/site-packages/matplotlib/text.pyi,,,pending exact asset match,likely,quarantine
/Users/tstakuma/Desktop/github/research/.mypy_cache/3.11/matplotlib/text.meta.json,/opt/anaconda3/lib/python3.11/site-packages/matplotlib/text.pyi,,,pending exact asset match,likely,quarantine
/Users/tstakuma/Desktop/github/research/.mypy_cache/3.11/matplotlib/textpath.data.json,/opt/anaconda3/lib/python3.11/site-packages/matplotlib/textpath.pyi,,,pending exact asset match,likely,quarantine
/Users/tstakuma/Desktop/github/research/.mypy_cache/3.11/matplotlib/textpath.meta.json,/opt/anaconda3/lib/python3.11/site-packages/matplotlib/textpath.pyi,,,pending exact asset match,likely,quarantine
/Users/tstakuma/Desktop/github/research/.mypy_cache/3.11/matplotlib/ticker.data.json,/opt/anaconda3/lib/python3.11/site-packages/matplotlib/ticker.pyi,,,pending exact asset match,likely,quarantine
/Users/tstakuma/Desktop/github/research/.mypy_cache/3.11/matplotlib/ticker.meta.json,/opt/anaconda3/lib/python3.11/site-packages/matplotlib/ticker.pyi,,,pending exact asset match,likely,quarantine
/Users/tstakuma/Desktop/github/research/.mypy_cache/3.11/matplotlib/transforms.data.json,/opt/anaconda3/lib/python3.11/site-packages/matplotlib/transforms.pyi,,,pending exact asset match,likely,quarantine
/Users/tstakuma/Desktop/github/research/.mypy_cache/3.11/matplotlib/transforms.meta.json,/opt/anaconda3/lib/python3.11/site-packages/matplotlib/transforms.pyi,,,pending exact asset match,likely,quarantine
/Users/tstakuma/Desktop/github/research/.mypy_cache/3.11/matplotlib/tri/__init__.data.json,/opt/anaconda3/lib/python3.11/site-packages/matplotlib/tri/__init__.py,,,pending exact asset match,likely,quarantine
/Users/tstakuma/Desktop/github/research/.mypy_cache/3.11/matplotlib/tri/__init__.meta.json,/opt/anaconda3/lib/python3.11/site-packages/matplotlib/tri/__init__.py,,,pending exact asset match,likely,quarantine
/Users/tstakuma/Desktop/github/research/.mypy_cache/3.11/matplotlib/tri/_triangulation.data.json,/opt/anaconda3/lib/python3.11/site-packages/matplotlib/tri/_triangulation.pyi,,,pending exact asset match,likely,quarantine
/Users/tstakuma/Desktop/github/research/.mypy_cache/3.11/matplotlib/tri/_triangulation.meta.json,/opt/anaconda3/lib/python3.11/site-packages/matplotlib/tri/_triangulation.pyi,,,pending exact asset match,likely,quarantine
/Users/tstakuma/Desktop/github/research/.mypy_cache/3.11/matplotlib/tri/_tricontour.data.json,/opt/anaconda3/lib/python3.11/site-packages/matplotlib/tri/_tricontour.pyi,,,pending exact asset match,likely,quarantine
/Users/tstakuma/Desktop/github/research/.mypy_cache/3.11/matplotlib/tri/_tricontour.meta.json,/opt/anaconda3/lib/python3.11/site-packages/matplotlib/tri/_tricontour.pyi,,,pending exact asset match,likely,quarantine
/Users/tstakuma/Desktop/github/research/.mypy_cache/3.11/matplotlib/tri/_trifinder.data.json,/opt/anaconda3/lib/python3.11/site-packages/matplotlib/tri/_trifinder.pyi,,,pending exact asset match,likely,quarantine
/Users/tstakuma/Desktop/github/research/.mypy_cache/3.11/matplotlib/tri/_trifinder.meta.json,/opt/anaconda3/lib/python3.11/site-packages/matplotlib/tri/_trifinder.pyi,,,pending exact asset match,likely,quarantine
/Users/tstakuma/Desktop/github/research/.mypy_cache/3.11/matplotlib/tri/_triinterpolate.data.json,/opt/anaconda3/lib/python3.11/site-packages/matplotlib/tri/_triinterpolate.pyi,,,pending exact asset match,likely,quarantine
/Users/tstakuma/Desktop/github/research/.mypy_cache/3.11/matplotlib/tri/_triinterpolate.meta.json,/opt/anaconda3/lib/python3.11/site-packages/matplotlib/tri/_triinterpolate.pyi,,,pending exact asset match,likely,quarantine
/Users/tstakuma/Desktop/github/research/.mypy_cache/3.11/matplotlib/tri/_tripcolor.data.json,/opt/anaconda3/lib/python3.11/site-packages/matplotlib/tri/_tripcolor.pyi,,,pending exact asset match,likely,quarantine
/Users/tstakuma/Desktop/github/research/.mypy_cache/3.11/matplotlib/tri/_tripcolor.meta.json,/opt/anaconda3/lib/python3.11/site-packages/matplotlib/tri/_tripcolor.pyi,,,pending exact asset match,likely,quarantine
/Users/tstakuma/Desktop/github/research/.mypy_cache/3.11/matplotlib/tri/_triplot.data.json,/opt/anaconda3/lib/python3.11/site-packages/matplotlib/tri/_triplot.pyi,,,pending exact asset match,likely,quarantine
/Users/tstakuma/Desktop/github/research/.mypy_cache/3.11/matplotlib/tri/_triplot.meta.json,/opt/anaconda3/lib/python3.11/site-packages/matplotlib/tri/_triplot.pyi,,,pending exact asset match,likely,quarantine
/Users/tstakuma/Desktop/github/research/.mypy_cache/3.11/matplotlib/tri/_trirefine.data.json,/opt/anaconda3/lib/python3.11/site-packages/matplotlib/tri/_trirefine.pyi,,,pending exact asset match,likely,quarantine
/Users/tstakuma/Desktop/github/research/.mypy_cache/3.11/matplotlib/tri/_trirefine.meta.json,/opt/anaconda3/lib/python3.11/site-packages/matplotlib/tri/_trirefine.pyi,,,pending exact asset match,likely,quarantine
/Users/tstakuma/Desktop/github/research/.mypy_cache/3.11/matplotlib/tri/_tritools.data.json,/opt/anaconda3/lib/python3.11/site-packages/matplotlib/tri/_tritools.pyi,,,pending exact asset match,likely,quarantine
/Users/tstakuma/Desktop/github/research/.mypy_cache/3.11/matplotlib/tri/_tritools.meta.json,/opt/anaconda3/lib/python3.11/site-packages/matplotlib/tri/_tritools.pyi,,,pending exact asset match,likely,quarantine
/Users/tstakuma/Desktop/github/research/.mypy_cache/3.11/matplotlib/typing.data.json,/opt/anaconda3/lib/python3.11/site-packages/matplotlib/typing.py,,,pending exact asset match,likely,quarantine
/Users/tstakuma/Desktop/github/research/.mypy_cache/3.11/matplotlib/typing.meta.json,/opt/anaconda3/lib/python3.11/site-packages/matplotlib/typing.py,,,pending exact asset match,likely,quarantine
/Users/tstakuma/Desktop/github/research/.mypy_cache/3.11/matplotlib/units.data.json,/opt/anaconda3/lib/python3.11/site-packages/matplotlib/units.py,,,pending exact asset match,likely,quarantine
/Users/tstakuma/Desktop/github/research/.mypy_cache/3.11/matplotlib/units.meta.json,/opt/anaconda3/lib/python3.11/site-packages/matplotlib/units.py,,,pending exact asset match,likely,quarantine
/Users/tstakuma/Desktop/github/research/.mypy_cache/3.11/matplotlib/widgets.data.json,/opt/anaconda3/lib/python3.11/site-packages/matplotlib/widgets.pyi,,,pending exact asset match,likely,quarantine
/Users/tstakuma/Desktop/github/research/.mypy_cache/3.11/matplotlib/widgets.meta.json,/opt/anaconda3/lib/python3.11/site-packages/matplotlib/widgets.pyi,,,pending exact asset match,likely,quarantine
/Users/tstakuma/Desktop/github/research/.mypy_cache/3.11/mmap.data.json,/opt/anaconda3/lib/python3.11/site-packages/mypy/typeshed/stdlib/mmap.pyi,,,pending exact asset match,likely,quarantine
/Users/tstakuma/Desktop/github/research/.mypy_cache/3.11/mmap.meta.json,/opt/anaconda3/lib/python3.11/site-packages/mypy/typeshed/stdlib/mmap.pyi,,,pending exact asset match,likely,quarantine
/Users/tstakuma/Desktop/github/research/.mypy_cache/3.11/multiprocessing/__init__.data.json,/opt/anaconda3/lib/python3.11/site-packages/mypy/typeshed/stdlib/multiprocessing/__init__.pyi,,,pending exact asset match,likely,quarantine
/Users/tstakuma/Desktop/github/research/.mypy_cache/3.11/multiprocessing/__init__.meta.json,/opt/anaconda3/lib/python3.11/site-packages/mypy/typeshed/stdlib/multiprocessing/__init__.pyi,,,pending exact asset match,likely,quarantine
/Users/tstakuma/Desktop/github/research/.mypy_cache/3.11/multiprocessing/connection.data.json,/opt/anaconda3/lib/python3.11/site-packages/mypy/typeshed/stdlib/multiprocessing/connection.pyi,,,pending exact asset match,likely,quarantine
/Users/tstakuma/Desktop/github/research/.mypy_cache/3.11/multiprocessing/connection.meta.json,/opt/anaconda3/lib/python3.11/site-packages/mypy/typeshed/stdlib/multiprocessing/connection.pyi,,,pending exact asset match,likely,quarantine
/Users/tstakuma/Desktop/github/research/.mypy_cache/3.11/multiprocessing/context.data.json,/opt/anaconda3/lib/python3.11/site-packages/mypy/typeshed/stdlib/multiprocessing/context.pyi,,,pending exact asset match,likely,quarantine
/Users/tstakuma/Desktop/github/research/.mypy_cache/3.11/multiprocessing/context.meta.json,/opt/anaconda3/lib/python3.11/site-packages/mypy/typeshed/stdlib/multiprocessing/context.pyi,,,pending exact asset match,likely,quarantine
/Users/tstakuma/Desktop/github/research/.mypy_cache/3.11/multiprocessing/managers.data.json,/opt/anaconda3/lib/python3.11/site-packages/mypy/typeshed/stdlib/multiprocessing/managers.pyi,,,pending exact asset match,likely,quarantine
/Users/tstakuma/Desktop/github/research/.mypy_cache/3.11/multiprocessing/managers.meta.json,/opt/anaconda3/lib/python3.11/site-packages/mypy/typeshed/stdlib/multiprocessing/managers.pyi,,,pending exact asset match,likely,quarantine
/Users/tstakuma/Desktop/github/research/.mypy_cache/3.11/multiprocessing/pool.data.json,/opt/anaconda3/lib/python3.11/site-packages/mypy/typeshed/stdlib/multiprocessing/pool.pyi,,,pending exact asset match,likely,quarantine
/Users/tstakuma/Desktop/github/research/.mypy_cache/3.11/multiprocessing/pool.meta.json,/opt/anaconda3/lib/python3.11/site-packages/mypy/typeshed/stdlib/multiprocessing/pool.pyi,,,pending exact asset match,likely,quarantine
/Users/tstakuma/Desktop/github/research/.mypy_cache/3.11/multiprocessing/popen_fork.data.json,/opt/anaconda3/lib/python3.11/site-packages/mypy/typeshed/stdlib/multiprocessing/popen_fork.pyi,,,pending exact asset match,likely,quarantine
/Users/tstakuma/Desktop/github/research/.mypy_cache/3.11/multiprocessing/popen_fork.meta.json,/opt/anaconda3/lib/python3.11/site-packages/mypy/typeshed/stdlib/multiprocessing/popen_fork.pyi,,,pending exact asset match,likely,quarantine
/Users/tstakuma/Desktop/github/research/.mypy_cache/3.11/multiprocessing/popen_forkserver.data.json,/opt/anaconda3/lib/python3.11/site-packages/mypy/typeshed/stdlib/multiprocessing/popen_forkserver.pyi,,,pending exact asset match,likely,quarantine
/Users/tstakuma/Desktop/github/research/.mypy_cache/3.11/multiprocessing/popen_forkserver.meta.json,/opt/anaconda3/lib/python3.11/site-packages/mypy/typeshed/stdlib/multiprocessing/popen_forkserver.pyi,,,pending exact asset match,likely,quarantine
/Users/tstakuma/Desktop/github/research/.mypy_cache/3.11/multiprocessing/popen_spawn_posix.data.json,/opt/anaconda3/lib/python3.11/site-packages/mypy/typeshed/stdlib/multiprocessing/popen_spawn_posix.pyi,,,pending exact asset match,likely,quarantine
/Users/tstakuma/Desktop/github/research/.mypy_cache/3.11/multiprocessing/popen_spawn_posix.meta.json,/opt/anaconda3/lib/python3.11/site-packages/mypy/typeshed/stdlib/multiprocessing/popen_spawn_posix.pyi,,,pending exact asset match,likely,quarantine
/Users/tstakuma/Desktop/github/research/.mypy_cache/3.11/multiprocessing/popen_spawn_win32.data.json,/opt/anaconda3/lib/python3.11/site-packages/mypy/typeshed/stdlib/multiprocessing/popen_spawn_win32.pyi,,,pending exact asset match,likely,quarantine
/Users/tstakuma/Desktop/github/research/.mypy_cache/3.11/multiprocessing/popen_spawn_win32.meta.json,/opt/anaconda3/lib/python3.11/site-packages/mypy/typeshed/stdlib/multiprocessing/popen_spawn_win32.pyi,,,pending exact asset match,likely,quarantine
/Users/tstakuma/Desktop/github/research/.mypy_cache/3.11/multiprocessing/process.data.json,/opt/anaconda3/lib/python3.11/site-packages/mypy/typeshed/stdlib/multiprocessing/process.pyi,,,pending exact asset match,likely,quarantine
/Users/tstakuma/Desktop/github/research/.mypy_cache/3.11/multiprocessing/process.meta.json,/opt/anaconda3/lib/python3.11/site-packages/mypy/typeshed/stdlib/multiprocessing/process.pyi,,,pending exact asset match,likely,quarantine
/Users/tstakuma/Desktop/github/research/.mypy_cache/3.11/multiprocessing/queues.data.json,/opt/anaconda3/lib/python3.11/site-packages/mypy/typeshed/stdlib/multiprocessing/queues.pyi,,,pending exact asset match,likely,quarantine
/Users/tstakuma/Desktop/github/research/.mypy_cache/3.11/multiprocessing/queues.meta.json,/opt/anaconda3/lib/python3.11/site-packages/mypy/typeshed/stdlib/multiprocessing/queues.pyi,,,pending exact asset match,likely,quarantine
/Users/tstakuma/Desktop/github/research/.mypy_cache/3.11/multiprocessing/reduction.data.json,pickle.Pickle; /opt/anaconda3/lib/python3.11/site-packages/mypy/typeshed/stdlib/multiprocessing/reduction.pyi,,,pending exact asset match,likely,quarantine
/Users/tstakuma/Desktop/github/research/.mypy_cache/3.11/multiprocessing/reduction.meta.json,/opt/anaconda3/lib/python3.11/site-packages/mypy/typeshed/stdlib/multiprocessing/reduction.pyi,,,pending exact asset match,likely,quarantine
/Users/tstakuma/Desktop/github/research/.mypy_cache/3.11/multiprocessing/shared_memory.data.json,/opt/anaconda3/lib/python3.11/site-packages/mypy/typeshed/stdlib/multiprocessing/shared_memory.pyi,,,pending exact asset match,likely,quarantine
/Users/tstakuma/Desktop/github/research/.mypy_cache/3.11/multiprocessing/shared_memory.meta.json,/opt/anaconda3/lib/python3.11/site-packages/mypy/typeshed/stdlib/multiprocessing/shared_memory.pyi,,,pending exact asset match,likely,quarantine
/Users/tstakuma/Desktop/github/research/.mypy_cache/3.11/multiprocessing/sharedctypes.data.json,/opt/anaconda3/lib/python3.11/site-packages/mypy/typeshed/stdlib/multiprocessing/sharedctypes.pyi,,,pending exact asset match,likely,quarantine
/Users/tstakuma/Desktop/github/research/.mypy_cache/3.11/multiprocessing/sharedctypes.meta.json,/opt/anaconda3/lib/python3.11/site-packages/mypy/typeshed/stdlib/multiprocessing/sharedctypes.pyi,,,pending exact asset match,likely,quarantine
/Users/tstakuma/Desktop/github/research/.mypy_cache/3.11/multiprocessing/spawn.data.json,/opt/anaconda3/lib/python3.11/site-packages/mypy/typeshed/stdlib/multiprocessing/spawn.pyi,,,pending exact asset match,likely,quarantine
/Users/tstakuma/Desktop/github/research/.mypy_cache/3.11/multiprocessing/spawn.meta.json,/opt/anaconda3/lib/python3.11/site-packages/mypy/typeshed/stdlib/multiprocessing/spawn.pyi,,,pending exact asset match,likely,quarantine
/Users/tstakuma/Desktop/github/research/.mypy_cache/3.11/multiprocessing/synchronize.data.json,/opt/anaconda3/lib/python3.11/site-packages/mypy/typeshed/stdlib/multiprocessing/synchronize.pyi,,,pending exact asset match,likely,quarantine
/Users/tstakuma/Desktop/github/research/.mypy_cache/3.11/multiprocessing/synchronize.meta.json,/opt/anaconda3/lib/python3.11/site-packages/mypy/typeshed/stdlib/multiprocessing/synchronize.pyi,,,pending exact asset match,likely,quarantine
/Users/tstakuma/Desktop/github/research/.mypy_cache/3.11/multiprocessing/util.data.json,/opt/anaconda3/lib/python3.11/site-packages/mypy/typeshed/stdlib/multiprocessing/util.pyi,,,pending exact asset match,likely,quarantine
/Users/tstakuma/Desktop/github/research/.mypy_cache/3.11/multiprocessing/util.meta.json,/opt/anaconda3/lib/python3.11/site-packages/mypy/typeshed/stdlib/multiprocessing/util.pyi,,,pending exact asset match,likely,quarantine
/Users/tstakuma/Desktop/github/research/.mypy_cache/3.11/numbers.data.json,/opt/anaconda3/lib/python3.11/site-packages/mypy/typeshed/stdlib/numbers.pyi,,,pending exact asset match,likely,quarantine
/Users/tstakuma/Desktop/github/research/.mypy_cache/3.11/numbers.meta.json,/opt/anaconda3/lib/python3.11/site-packages/mypy/typeshed/stdlib/numbers.pyi,,,pending exact asset match,likely,quarantine
/Users/tstakuma/Desktop/github/research/.mypy_cache/3.11/numpy/__init__.data.json,numpy._pytesttester.Py; ctypes.py; numpy.vectorize.py; /opt/anaconda3/lib/python3.11/site-packages/numpy/__init__.pyi,,,pending exact asset match,likely,quarantine
/Users/tstakuma/Desktop/github/research/.mypy_cache/3.11/numpy/__init__.meta.json,/opt/anaconda3/lib/python3.11/site-packages/numpy/__init__.pyi,,,pending exact asset match,likely,quarantine
/Users/tstakuma/Desktop/github/research/.mypy_cache/3.11/numpy/_pytesttester.data.json,numpy._pytesttester.Py; /opt/anaconda3/lib/python3.11/site-packages/numpy/_pytesttester.pyi,,,pending exact asset match,likely,quarantine
/Users/tstakuma/Desktop/github/research/.mypy_cache/3.11/numpy/_pytesttester.meta.json,/opt/anaconda3/lib/python3.11/site-packages/numpy/_pytesttester.pyi,,,pending exact asset match,likely,quarantine
/Users/tstakuma/Desktop/github/research/.mypy_cache/3.11/numpy/_typing/__init__.data.json,/opt/anaconda3/lib/python3.11/site-packages/numpy/_typing/__init__.py,,,pending exact asset match,likely,quarantine
/Users/tstakuma/Desktop/github/research/.mypy_cache/3.11/numpy/_typing/__init__.meta.json,/opt/anaconda3/lib/python3.11/site-packages/numpy/_typing/__init__.py,,,pending exact asset match,likely,quarantine
/Users/tstakuma/Desktop/github/research/.mypy_cache/3.11/numpy/_typing/_add_docstring.data.json,/opt/anaconda3/lib/python3.11/site-packages/numpy/_typing/_add_docstring.py,,,pending exact asset match,likely,quarantine
/Users/tstakuma/Desktop/github/research/.mypy_cache/3.11/numpy/_typing/_add_docstring.meta.json,/opt/anaconda3/lib/python3.11/site-packages/numpy/_typing/_add_docstring.py,,,pending exact asset match,likely,quarantine
/Users/tstakuma/Desktop/github/research/.mypy_cache/3.11/numpy/_typing/_array_like.data.json,/opt/anaconda3/lib/python3.11/site-packages/numpy/_typing/_array_like.py,,,pending exact asset match,likely,quarantine
/Users/tstakuma/Desktop/github/research/.mypy_cache/3.11/numpy/_typing/_array_like.meta.json,/opt/anaconda3/lib/python3.11/site-packages/numpy/_typing/_array_like.py,,,pending exact asset match,likely,quarantine
/Users/tstakuma/Desktop/github/research/.mypy_cache/3.11/numpy/_typing/_callable.data.json,/opt/anaconda3/lib/python3.11/site-packages/numpy/_typing/_callable.pyi,,,pending exact asset match,likely,quarantine
/Users/tstakuma/Desktop/github/research/.mypy_cache/3.11/numpy/_typing/_callable.meta.json,/opt/anaconda3/lib/python3.11/site-packages/numpy/_typing/_callable.pyi,,,pending exact asset match,likely,quarantine
/Users/tstakuma/Desktop/github/research/.mypy_cache/3.11/numpy/_typing/_char_codes.data.json,/opt/anaconda3/lib/python3.11/site-packages/numpy/_typing/_char_codes.py,,,pending exact asset match,likely,quarantine
/Users/tstakuma/Desktop/github/research/.mypy_cache/3.11/numpy/_typing/_char_codes.meta.json,/opt/anaconda3/lib/python3.11/site-packages/numpy/_typing/_char_codes.py,,,pending exact asset match,likely,quarantine
/Users/tstakuma/Desktop/github/research/.mypy_cache/3.11/numpy/_typing/_dtype_like.data.json,/opt/anaconda3/lib/python3.11/site-packages/numpy/_typing/_dtype_like.py,,,pending exact asset match,likely,quarantine
/Users/tstakuma/Desktop/github/research/.mypy_cache/3.11/numpy/_typing/_dtype_like.meta.json,/opt/anaconda3/lib/python3.11/site-packages/numpy/_typing/_dtype_like.py,,,pending exact asset match,likely,quarantine
/Users/tstakuma/Desktop/github/research/.mypy_cache/3.11/numpy/_typing/_extended_precision.data.json,/opt/anaconda3/lib/python3.11/site-packages/numpy/_typing/_extended_precision.py,,,pending exact asset match,likely,quarantine
/Users/tstakuma/Desktop/github/research/.mypy_cache/3.11/numpy/_typing/_extended_precision.meta.json,/opt/anaconda3/lib/python3.11/site-packages/numpy/_typing/_extended_precision.py,,,pending exact asset match,likely,quarantine
/Users/tstakuma/Desktop/github/research/.mypy_cache/3.11/numpy/_typing/_nbit.data.json,/opt/anaconda3/lib/python3.11/site-packages/numpy/_typing/_nbit.py,,,pending exact asset match,likely,quarantine
/Users/tstakuma/Desktop/github/research/.mypy_cache/3.11/numpy/_typing/_nbit.meta.json,/opt/anaconda3/lib/python3.11/site-packages/numpy/_typing/_nbit.py,,,pending exact asset match,likely,quarantine
/Users/tstakuma/Desktop/github/research/.mypy_cache/3.11/numpy/_typing/_nested_sequence.data.json,/opt/anaconda3/lib/python3.11/site-packages/numpy/_typing/_nested_sequence.py,,,pending exact asset match,likely,quarantine
/Users/tstakuma/Desktop/github/research/.mypy_cache/3.11/numpy/_typing/_nested_sequence.meta.json,/opt/anaconda3/lib/python3.11/site-packages/numpy/_typing/_nested_sequence.py,,,pending exact asset match,likely,quarantine
/Users/tstakuma/Desktop/github/research/.mypy_cache/3.11/numpy/_typing/_scalars.data.json,/opt/anaconda3/lib/python3.11/site-packages/numpy/_typing/_scalars.py,,,pending exact asset match,likely,quarantine
/Users/tstakuma/Desktop/github/research/.mypy_cache/3.11/numpy/_typing/_scalars.meta.json,/opt/anaconda3/lib/python3.11/site-packages/numpy/_typing/_scalars.py,,,pending exact asset match,likely,quarantine
/Users/tstakuma/Desktop/github/research/.mypy_cache/3.11/numpy/_typing/_shape.data.json,/opt/anaconda3/lib/python3.11/site-packages/numpy/_typing/_shape.py,,,pending exact asset match,likely,quarantine
/Users/tstakuma/Desktop/github/research/.mypy_cache/3.11/numpy/_typing/_shape.meta.json,/opt/anaconda3/lib/python3.11/site-packages/numpy/_typing/_shape.py,,,pending exact asset match,likely,quarantine
/Users/tstakuma/Desktop/github/research/.mypy_cache/3.11/numpy/_typing/_ufunc.data.json,/opt/anaconda3/lib/python3.11/site-packages/numpy/_typing/_ufunc.pyi,,,pending exact asset match,likely,quarantine
/Users/tstakuma/Desktop/github/research/.mypy_cache/3.11/numpy/_typing/_ufunc.meta.json,/opt/anaconda3/lib/python3.11/site-packages/numpy/_typing/_ufunc.pyi,,,pending exact asset match,likely,quarantine
/Users/tstakuma/Desktop/github/research/.mypy_cache/3.11/numpy/_utils/__init__.data.json,/opt/anaconda3/lib/python3.11/site-packages/numpy/_utils/__init__.py,,,pending exact asset match,likely,quarantine
/Users/tstakuma/Desktop/github/research/.mypy_cache/3.11/numpy/_utils/__init__.meta.json,/opt/anaconda3/lib/python3.11/site-packages/numpy/_utils/__init__.py,,,pending exact asset match,likely,quarantine
/Users/tstakuma/Desktop/github/research/.mypy_cache/3.11/numpy/_utils/_convertions.data.json,/opt/anaconda3/lib/python3.11/site-packages/numpy/_utils/_convertions.py,,,pending exact asset match,likely,quarantine
/Users/tstakuma/Desktop/github/research/.mypy_cache/3.11/numpy/_utils/_convertions.meta.json,/opt/anaconda3/lib/python3.11/site-packages/numpy/_utils/_convertions.py,,,pending exact asset match,likely,quarantine
/Users/tstakuma/Desktop/github/research/.mypy_cache/3.11/numpy/core/__init__.data.json,/opt/anaconda3/lib/python3.11/site-packages/numpy/core/__init__.pyi,,,pending exact asset match,likely,quarantine
/Users/tstakuma/Desktop/github/research/.mypy_cache/3.11/numpy/core/__init__.meta.json,/opt/anaconda3/lib/python3.11/site-packages/numpy/core/__init__.pyi,,,pending exact asset match,likely,quarantine
/Users/tstakuma/Desktop/github/research/.mypy_cache/3.11/numpy/core/_asarray.data.json,/opt/anaconda3/lib/python3.11/site-packages/numpy/core/_asarray.pyi,,,pending exact asset match,likely,quarantine
/Users/tstakuma/Desktop/github/research/.mypy_cache/3.11/numpy/core/_asarray.meta.json,/opt/anaconda3/lib/python3.11/site-packages/numpy/core/_asarray.pyi,,,pending exact asset match,likely,quarantine
/Users/tstakuma/Desktop/github/research/.mypy_cache/3.11/numpy/core/_internal.data.json,/opt/anaconda3/lib/python3.11/site-packages/numpy/core/_internal.pyi,,,pending exact asset match,likely,quarantine
/Users/tstakuma/Desktop/github/research/.mypy_cache/3.11/numpy/core/_internal.meta.json,/opt/anaconda3/lib/python3.11/site-packages/numpy/core/_internal.pyi,,,pending exact asset match,likely,quarantine
/Users/tstakuma/Desktop/github/research/.mypy_cache/3.11/numpy/core/_type_aliases.data.json,/opt/anaconda3/lib/python3.11/site-packages/numpy/core/_type_aliases.pyi,,,pending exact asset match,likely,quarantine
/Users/tstakuma/Desktop/github/research/.mypy_cache/3.11/numpy/core/_type_aliases.meta.json,/opt/anaconda3/lib/python3.11/site-packages/numpy/core/_type_aliases.pyi,,,pending exact asset match,likely,quarantine
/Users/tstakuma/Desktop/github/research/.mypy_cache/3.11/numpy/core/_ufunc_config.data.json,/opt/anaconda3/lib/python3.11/site-packages/numpy/core/_ufunc_config.pyi,,,pending exact asset match,likely,quarantine
/Users/tstakuma/Desktop/github/research/.mypy_cache/3.11/numpy/core/_ufunc_config.meta.json,/opt/anaconda3/lib/python3.11/site-packages/numpy/core/_ufunc_config.pyi,,,pending exact asset match,likely,quarantine
/Users/tstakuma/Desktop/github/research/.mypy_cache/3.11/numpy/core/arrayprint.data.json,/opt/anaconda3/lib/python3.11/site-packages/numpy/core/arrayprint.pyi,,,pending exact asset match,likely,quarantine
/Users/tstakuma/Desktop/github/research/.mypy_cache/3.11/numpy/core/arrayprint.meta.json,/opt/anaconda3/lib/python3.11/site-packages/numpy/core/arrayprint.pyi,,,pending exact asset match,likely,quarantine
/Users/tstakuma/Desktop/github/research/.mypy_cache/3.11/numpy/core/defchararray.data.json,/opt/anaconda3/lib/python3.11/site-packages/numpy/core/defchararray.pyi,,,pending exact asset match,likely,quarantine
/Users/tstakuma/Desktop/github/research/.mypy_cache/3.11/numpy/core/defchararray.meta.json,/opt/anaconda3/lib/python3.11/site-packages/numpy/core/defchararray.pyi,,,pending exact asset match,likely,quarantine
/Users/tstakuma/Desktop/github/research/.mypy_cache/3.11/numpy/core/einsumfunc.data.json,/opt/anaconda3/lib/python3.11/site-packages/numpy/core/einsumfunc.pyi,,,pending exact asset match,likely,quarantine
/Users/tstakuma/Desktop/github/research/.mypy_cache/3.11/numpy/core/einsumfunc.meta.json,/opt/anaconda3/lib/python3.11/site-packages/numpy/core/einsumfunc.pyi,,,pending exact asset match,likely,quarantine
/Users/tstakuma/Desktop/github/research/.mypy_cache/3.11/numpy/core/fromnumeric.data.json,/opt/anaconda3/lib/python3.11/site-packages/numpy/core/fromnumeric.pyi,,,pending exact asset match,likely,quarantine
/Users/tstakuma/Desktop/github/research/.mypy_cache/3.11/numpy/core/fromnumeric.meta.json,/opt/anaconda3/lib/python3.11/site-packages/numpy/core/fromnumeric.pyi,,,pending exact asset match,likely,quarantine
/Users/tstakuma/Desktop/github/research/.mypy_cache/3.11/numpy/core/function_base.data.json,/opt/anaconda3/lib/python3.11/site-packages/numpy/core/function_base.pyi,,,pending exact asset match,likely,quarantine
/Users/tstakuma/Desktop/github/research/.mypy_cache/3.11/numpy/core/function_base.meta.json,/opt/anaconda3/lib/python3.11/site-packages/numpy/core/function_base.pyi,,,pending exact asset match,likely,quarantine
/Users/tstakuma/Desktop/github/research/.mypy_cache/3.11/numpy/core/multiarray.data.json,/opt/anaconda3/lib/python3.11/site-packages/numpy/core/multiarray.pyi,,,pending exact asset match,likely,quarantine
/Users/tstakuma/Desktop/github/research/.mypy_cache/3.11/numpy/core/multiarray.meta.json,/opt/anaconda3/lib/python3.11/site-packages/numpy/core/multiarray.pyi,,,pending exact asset match,likely,quarantine
/Users/tstakuma/Desktop/github/research/.mypy_cache/3.11/numpy/core/numeric.data.json,/opt/anaconda3/lib/python3.11/site-packages/numpy/core/numeric.pyi,,,pending exact asset match,likely,quarantine
/Users/tstakuma/Desktop/github/research/.mypy_cache/3.11/numpy/core/numeric.meta.json,/opt/anaconda3/lib/python3.11/site-packages/numpy/core/numeric.pyi,,,pending exact asset match,likely,quarantine
/Users/tstakuma/Desktop/github/research/.mypy_cache/3.11/numpy/core/numerictypes.data.json,/opt/anaconda3/lib/python3.11/site-packages/numpy/core/numerictypes.pyi,,,pending exact asset match,likely,quarantine
/Users/tstakuma/Desktop/github/research/.mypy_cache/3.11/numpy/core/numerictypes.meta.json,/opt/anaconda3/lib/python3.11/site-packages/numpy/core/numerictypes.pyi,,,pending exact asset match,likely,quarantine
/Users/tstakuma/Desktop/github/research/.mypy_cache/3.11/numpy/core/records.data.json,/opt/anaconda3/lib/python3.11/site-packages/numpy/core/records.pyi,,,pending exact asset match,likely,quarantine
/Users/tstakuma/Desktop/github/research/.mypy_cache/3.11/numpy/core/records.meta.json,/opt/anaconda3/lib/python3.11/site-packages/numpy/core/records.pyi,,,pending exact asset match,likely,quarantine
/Users/tstakuma/Desktop/github/research/.mypy_cache/3.11/numpy/core/shape_base.data.json,/opt/anaconda3/lib/python3.11/site-packages/numpy/core/shape_base.pyi,,,pending exact asset match,likely,quarantine
/Users/tstakuma/Desktop/github/research/.mypy_cache/3.11/numpy/core/shape_base.meta.json,/opt/anaconda3/lib/python3.11/site-packages/numpy/core/shape_base.pyi,,,pending exact asset match,likely,quarantine
/Users/tstakuma/Desktop/github/research/.mypy_cache/3.11/numpy/core/umath.data.json,/opt/anaconda3/lib/python3.11/site-packages/numpy/core/umath.py,,,pending exact asset match,likely,quarantine
/Users/tstakuma/Desktop/github/research/.mypy_cache/3.11/numpy/core/umath.meta.json,/opt/anaconda3/lib/python3.11/site-packages/numpy/core/umath.py,,,pending exact asset match,likely,quarantine
/Users/tstakuma/Desktop/github/research/.mypy_cache/3.11/numpy/ctypeslib.data.json,/opt/anaconda3/lib/python3.11/site-packages/numpy/ctypeslib.pyi,,,pending exact asset match,likely,quarantine
/Users/tstakuma/Desktop/github/research/.mypy_cache/3.11/numpy/ctypeslib.meta.json,/opt/anaconda3/lib/python3.11/site-packages/numpy/ctypeslib.pyi,,,pending exact asset match,likely,quarantine
/Users/tstakuma/Desktop/github/research/.mypy_cache/3.11/numpy/dtypes.data.json,/opt/anaconda3/lib/python3.11/site-packages/numpy/dtypes.pyi,,,pending exact asset match,likely,quarantine
/Users/tstakuma/Desktop/github/research/.mypy_cache/3.11/numpy/dtypes.meta.json,/opt/anaconda3/lib/python3.11/site-packages/numpy/dtypes.pyi,,,pending exact asset match,likely,quarantine
/Users/tstakuma/Desktop/github/research/.mypy_cache/3.11/numpy/exceptions.data.json,/opt/anaconda3/lib/python3.11/site-packages/numpy/exceptions.pyi,,,pending exact asset match,likely,quarantine
/Users/tstakuma/Desktop/github/research/.mypy_cache/3.11/numpy/exceptions.meta.json,/opt/anaconda3/lib/python3.11/site-packages/numpy/exceptions.pyi,,,pending exact asset match,likely,quarantine
/Users/tstakuma/Desktop/github/research/.mypy_cache/3.11/numpy/fft/__init__.data.json,numpy._pytesttester.Py; /opt/anaconda3/lib/python3.11/site-packages/numpy/fft/__init__.pyi,,,pending exact asset match,likely,quarantine
/Users/tstakuma/Desktop/github/research/.mypy_cache/3.11/numpy/fft/__init__.meta.json,/opt/anaconda3/lib/python3.11/site-packages/numpy/fft/__init__.pyi,,,pending exact asset match,likely,quarantine
/Users/tstakuma/Desktop/github/research/.mypy_cache/3.11/numpy/fft/_pocketfft.data.json,/opt/anaconda3/lib/python3.11/site-packages/numpy/fft/_pocketfft.pyi,,,pending exact asset match,likely,quarantine
/Users/tstakuma/Desktop/github/research/.mypy_cache/3.11/numpy/fft/_pocketfft.meta.json,/opt/anaconda3/lib/python3.11/site-packages/numpy/fft/_pocketfft.pyi,,,pending exact asset match,likely,quarantine
/Users/tstakuma/Desktop/github/research/.mypy_cache/3.11/numpy/fft/helper.data.json,/opt/anaconda3/lib/python3.11/site-packages/numpy/fft/helper.pyi,,,pending exact asset match,likely,quarantine
/Users/tstakuma/Desktop/github/research/.mypy_cache/3.11/numpy/fft/helper.meta.json,/opt/anaconda3/lib/python3.11/site-packages/numpy/fft/helper.pyi,,,pending exact asset match,likely,quarantine
/Users/tstakuma/Desktop/github/research/.mypy_cache/3.11/numpy/lib/__init__.data.json,numpy._pytesttester.Py; /opt/anaconda3/lib/python3.11/site-packages/numpy/lib/__init__.pyi,,,pending exact asset match,likely,quarantine
/Users/tstakuma/Desktop/github/research/.mypy_cache/3.11/numpy/lib/__init__.meta.json,/opt/anaconda3/lib/python3.11/site-packages/numpy/lib/__init__.pyi,,,pending exact asset match,likely,quarantine
/Users/tstakuma/Desktop/github/research/.mypy_cache/3.11/numpy/lib/_version.data.json,/opt/anaconda3/lib/python3.11/site-packages/numpy/lib/_version.pyi,,,pending exact asset match,likely,quarantine
/Users/tstakuma/Desktop/github/research/.mypy_cache/3.11/numpy/lib/_version.meta.json,/opt/anaconda3/lib/python3.11/site-packages/numpy/lib/_version.pyi,,,pending exact asset match,likely,quarantine
/Users/tstakuma/Desktop/github/research/.mypy_cache/3.11/numpy/lib/arraypad.data.json,/opt/anaconda3/lib/python3.11/site-packages/numpy/lib/arraypad.pyi,,,pending exact asset match,likely,quarantine
/Users/tstakuma/Desktop/github/research/.mypy_cache/3.11/numpy/lib/arraypad.meta.json,/opt/anaconda3/lib/python3.11/site-packages/numpy/lib/arraypad.pyi,,,pending exact asset match,likely,quarantine
/Users/tstakuma/Desktop/github/research/.mypy_cache/3.11/numpy/lib/arraysetops.data.json,/opt/anaconda3/lib/python3.11/site-packages/numpy/lib/arraysetops.pyi,,,pending exact asset match,likely,quarantine
/Users/tstakuma/Desktop/github/research/.mypy_cache/3.11/numpy/lib/arraysetops.meta.json,/opt/anaconda3/lib/python3.11/site-packages/numpy/lib/arraysetops.pyi,,,pending exact asset match,likely,quarantine
/Users/tstakuma/Desktop/github/research/.mypy_cache/3.11/numpy/lib/arrayterator.data.json,/opt/anaconda3/lib/python3.11/site-packages/numpy/lib/arrayterator.pyi,,,pending exact asset match,likely,quarantine
/Users/tstakuma/Desktop/github/research/.mypy_cache/3.11/numpy/lib/arrayterator.meta.json,/opt/anaconda3/lib/python3.11/site-packages/numpy/lib/arrayterator.pyi,,,pending exact asset match,likely,quarantine
/Users/tstakuma/Desktop/github/research/.mypy_cache/3.11/numpy/lib/format.data.json,/opt/anaconda3/lib/python3.11/site-packages/numpy/lib/format.pyi,,,pending exact asset match,likely,quarantine
/Users/tstakuma/Desktop/github/research/.mypy_cache/3.11/numpy/lib/format.meta.json,/opt/anaconda3/lib/python3.11/site-packages/numpy/lib/format.pyi,,,pending exact asset match,likely,quarantine
/Users/tstakuma/Desktop/github/research/.mypy_cache/3.11/numpy/lib/function_base.data.json,/opt/anaconda3/lib/python3.11/site-packages/numpy/lib/function_base.pyi,,,pending exact asset match,likely,quarantine
/Users/tstakuma/Desktop/github/research/.mypy_cache/3.11/numpy/lib/function_base.meta.json,/opt/anaconda3/lib/python3.11/site-packages/numpy/lib/function_base.pyi,,,pending exact asset match,likely,quarantine
/Users/tstakuma/Desktop/github/research/.mypy_cache/3.11/numpy/lib/histograms.data.json,/opt/anaconda3/lib/python3.11/site-packages/numpy/lib/histograms.pyi,,,pending exact asset match,likely,quarantine
/Users/tstakuma/Desktop/github/research/.mypy_cache/3.11/numpy/lib/histograms.meta.json,/opt/anaconda3/lib/python3.11/site-packages/numpy/lib/histograms.pyi,,,pending exact asset match,likely,quarantine
/Users/tstakuma/Desktop/github/research/.mypy_cache/3.11/numpy/lib/index_tricks.data.json,/opt/anaconda3/lib/python3.11/site-packages/numpy/lib/index_tricks.pyi,,,pending exact asset match,likely,quarantine
/Users/tstakuma/Desktop/github/research/.mypy_cache/3.11/numpy/lib/index_tricks.meta.json,/opt/anaconda3/lib/python3.11/site-packages/numpy/lib/index_tricks.pyi,,,pending exact asset match,likely,quarantine
/Users/tstakuma/Desktop/github/research/.mypy_cache/3.11/numpy/lib/mixins.data.json,/opt/anaconda3/lib/python3.11/site-packages/numpy/lib/mixins.pyi,,,pending exact asset match,likely,quarantine
/Users/tstakuma/Desktop/github/research/.mypy_cache/3.11/numpy/lib/mixins.meta.json,/opt/anaconda3/lib/python3.11/site-packages/numpy/lib/mixins.pyi,,,pending exact asset match,likely,quarantine
/Users/tstakuma/Desktop/github/research/.mypy_cache/3.11/numpy/lib/nanfunctions.data.json,/opt/anaconda3/lib/python3.11/site-packages/numpy/lib/nanfunctions.pyi,,,pending exact asset match,likely,quarantine
/Users/tstakuma/Desktop/github/research/.mypy_cache/3.11/numpy/lib/nanfunctions.meta.json,/opt/anaconda3/lib/python3.11/site-packages/numpy/lib/nanfunctions.pyi,,,pending exact asset match,likely,quarantine
/Users/tstakuma/Desktop/github/research/.mypy_cache/3.11/numpy/lib/npyio.data.json,numpy.lib.npyio.NpzFile.pickle; /opt/anaconda3/lib/python3.11/site-packages/numpy/lib/npyio.pyi,,,pending exact asset match,likely,quarantine
/Users/tstakuma/Desktop/github/research/.mypy_cache/3.11/numpy/lib/npyio.meta.json,/opt/anaconda3/lib/python3.11/site-packages/numpy/lib/npyio.pyi,,,pending exact asset match,likely,quarantine
/Users/tstakuma/Desktop/github/research/.mypy_cache/3.11/numpy/lib/polynomial.data.json,/opt/anaconda3/lib/python3.11/site-packages/numpy/lib/polynomial.pyi,,,pending exact asset match,likely,quarantine
/Users/tstakuma/Desktop/github/research/.mypy_cache/3.11/numpy/lib/polynomial.meta.json,/opt/anaconda3/lib/python3.11/site-packages/numpy/lib/polynomial.pyi,,,pending exact asset match,likely,quarantine
/Users/tstakuma/Desktop/github/research/.mypy_cache/3.11/numpy/lib/scimath.data.json,/opt/anaconda3/lib/python3.11/site-packages/numpy/lib/scimath.pyi,,,pending exact asset match,likely,quarantine
/Users/tstakuma/Desktop/github/research/.mypy_cache/3.11/numpy/lib/scimath.meta.json,/opt/anaconda3/lib/python3.11/site-packages/numpy/lib/scimath.pyi,,,pending exact asset match,likely,quarantine
/Users/tstakuma/Desktop/github/research/.mypy_cache/3.11/numpy/lib/shape_base.data.json,/opt/anaconda3/lib/python3.11/site-packages/numpy/lib/shape_base.pyi,,,pending exact asset match,likely,quarantine
/Users/tstakuma/Desktop/github/research/.mypy_cache/3.11/numpy/lib/shape_base.meta.json,/opt/anaconda3/lib/python3.11/site-packages/numpy/lib/shape_base.pyi,,,pending exact asset match,likely,quarantine
/Users/tstakuma/Desktop/github/research/.mypy_cache/3.11/numpy/lib/stride_tricks.data.json,/opt/anaconda3/lib/python3.11/site-packages/numpy/lib/stride_tricks.pyi,,,pending exact asset match,likely,quarantine
/Users/tstakuma/Desktop/github/research/.mypy_cache/3.11/numpy/lib/stride_tricks.meta.json,/opt/anaconda3/lib/python3.11/site-packages/numpy/lib/stride_tricks.pyi,,,pending exact asset match,likely,quarantine
/Users/tstakuma/Desktop/github/research/.mypy_cache/3.11/numpy/lib/twodim_base.data.json,/opt/anaconda3/lib/python3.11/site-packages/numpy/lib/twodim_base.pyi,,,pending exact asset match,likely,quarantine
/Users/tstakuma/Desktop/github/research/.mypy_cache/3.11/numpy/lib/twodim_base.meta.json,/opt/anaconda3/lib/python3.11/site-packages/numpy/lib/twodim_base.pyi,,,pending exact asset match,likely,quarantine
/Users/tstakuma/Desktop/github/research/.mypy_cache/3.11/numpy/lib/type_check.data.json,/opt/anaconda3/lib/python3.11/site-packages/numpy/lib/type_check.pyi,,,pending exact asset match,likely,quarantine
/Users/tstakuma/Desktop/github/research/.mypy_cache/3.11/numpy/lib/type_check.meta.json,/opt/anaconda3/lib/python3.11/site-packages/numpy/lib/type_check.pyi,,,pending exact asset match,likely,quarantine
/Users/tstakuma/Desktop/github/research/.mypy_cache/3.11/numpy/lib/ufunclike.data.json,/opt/anaconda3/lib/python3.11/site-packages/numpy/lib/ufunclike.pyi,,,pending exact asset match,likely,quarantine
/Users/tstakuma/Desktop/github/research/.mypy_cache/3.11/numpy/lib/ufunclike.meta.json,/opt/anaconda3/lib/python3.11/site-packages/numpy/lib/ufunclike.pyi,,,pending exact asset match,likely,quarantine
/Users/tstakuma/Desktop/github/research/.mypy_cache/3.11/numpy/lib/utils.data.json,/opt/anaconda3/lib/python3.11/site-packages/numpy/lib/utils.pyi,,,pending exact asset match,likely,quarantine
/Users/tstakuma/Desktop/github/research/.mypy_cache/3.11/numpy/lib/utils.meta.json,/opt/anaconda3/lib/python3.11/site-packages/numpy/lib/utils.pyi,,,pending exact asset match,likely,quarantine
/Users/tstakuma/Desktop/github/research/.mypy_cache/3.11/numpy/linalg/__init__.data.json,numpy._pytesttester.Py; /opt/anaconda3/lib/python3.11/site-packages/numpy/linalg/__init__.pyi,,,pending exact asset match,likely,quarantine
/Users/tstakuma/Desktop/github/research/.mypy_cache/3.11/numpy/linalg/__init__.meta.json,/opt/anaconda3/lib/python3.11/site-packages/numpy/linalg/__init__.pyi,,,pending exact asset match,likely,quarantine
/Users/tstakuma/Desktop/github/research/.mypy_cache/3.11/numpy/linalg/linalg.data.json,/opt/anaconda3/lib/python3.11/site-packages/numpy/linalg/linalg.pyi,,,pending exact asset match,likely,quarantine
/Users/tstakuma/Desktop/github/research/.mypy_cache/3.11/numpy/linalg/linalg.meta.json,/opt/anaconda3/lib/python3.11/site-packages/numpy/linalg/linalg.pyi,,,pending exact asset match,likely,quarantine
/Users/tstakuma/Desktop/github/research/.mypy_cache/3.11/numpy/ma/__init__.data.json,numpy._pytesttester.Py; /opt/anaconda3/lib/python3.11/site-packages/numpy/ma/__init__.pyi,,,pending exact asset match,likely,quarantine
/Users/tstakuma/Desktop/github/research/.mypy_cache/3.11/numpy/ma/__init__.meta.json,/opt/anaconda3/lib/python3.11/site-packages/numpy/ma/__init__.pyi,,,pending exact asset match,likely,quarantine
/Users/tstakuma/Desktop/github/research/.mypy_cache/3.11/numpy/ma/core.data.json,/opt/anaconda3/lib/python3.11/site-packages/numpy/ma/core.pyi,,,pending exact asset match,likely,quarantine
/Users/tstakuma/Desktop/github/research/.mypy_cache/3.11/numpy/ma/core.meta.json,/opt/anaconda3/lib/python3.11/site-packages/numpy/ma/core.pyi,,,pending exact asset match,likely,quarantine
/Users/tstakuma/Desktop/github/research/.mypy_cache/3.11/numpy/ma/extras.data.json,/opt/anaconda3/lib/python3.11/site-packages/numpy/ma/extras.pyi,,,pending exact asset match,likely,quarantine
/Users/tstakuma/Desktop/github/research/.mypy_cache/3.11/numpy/ma/extras.meta.json,/opt/anaconda3/lib/python3.11/site-packages/numpy/ma/extras.pyi,,,pending exact asset match,likely,quarantine
/Users/tstakuma/Desktop/github/research/.mypy_cache/3.11/numpy/ma/mrecords.data.json,/opt/anaconda3/lib/python3.11/site-packages/numpy/ma/mrecords.pyi,,,pending exact asset match,likely,quarantine
/Users/tstakuma/Desktop/github/research/.mypy_cache/3.11/numpy/ma/mrecords.meta.json,/opt/anaconda3/lib/python3.11/site-packages/numpy/ma/mrecords.pyi,,,pending exact asset match,likely,quarantine
/Users/tstakuma/Desktop/github/research/.mypy_cache/3.11/numpy/matrixlib/__init__.data.json,numpy._pytesttester.Py; /opt/anaconda3/lib/python3.11/site-packages/numpy/matrixlib/__init__.pyi,,,pending exact asset match,likely,quarantine
/Users/tstakuma/Desktop/github/research/.mypy_cache/3.11/numpy/matrixlib/__init__.meta.json,/opt/anaconda3/lib/python3.11/site-packages/numpy/matrixlib/__init__.pyi,,,pending exact asset match,likely,quarantine
/Users/tstakuma/Desktop/github/research/.mypy_cache/3.11/numpy/matrixlib/defmatrix.data.json,/opt/anaconda3/lib/python3.11/site-packages/numpy/matrixlib/defmatrix.pyi,,,pending exact asset match,likely,quarantine
/Users/tstakuma/Desktop/github/research/.mypy_cache/3.11/numpy/matrixlib/defmatrix.meta.json,/opt/anaconda3/lib/python3.11/site-packages/numpy/matrixlib/defmatrix.pyi,,,pending exact asset match,likely,quarantine
/Users/tstakuma/Desktop/github/research/.mypy_cache/3.11/numpy/polynomial/__init__.data.json,numpy._pytesttester.Py; /opt/anaconda3/lib/python3.11/site-packages/numpy/polynomial/__init__.pyi,,,pending exact asset match,likely,quarantine
/Users/tstakuma/Desktop/github/research/.mypy_cache/3.11/numpy/polynomial/__init__.meta.json,/opt/anaconda3/lib/python3.11/site-packages/numpy/polynomial/__init__.pyi,,,pending exact asset match,likely,quarantine
/Users/tstakuma/Desktop/github/research/.mypy_cache/3.11/numpy/polynomial/_polybase.data.json,/opt/anaconda3/lib/python3.11/site-packages/numpy/polynomial/_polybase.pyi,,,pending exact asset match,likely,quarantine
/Users/tstakuma/Desktop/github/research/.mypy_cache/3.11/numpy/polynomial/_polybase.meta.json,/opt/anaconda3/lib/python3.11/site-packages/numpy/polynomial/_polybase.pyi,,,pending exact asset match,likely,quarantine
/Users/tstakuma/Desktop/github/research/.mypy_cache/3.11/numpy/polynomial/chebyshev.data.json,/opt/anaconda3/lib/python3.11/site-packages/numpy/polynomial/chebyshev.pyi,,,pending exact asset match,likely,quarantine
/Users/tstakuma/Desktop/github/research/.mypy_cache/3.11/numpy/polynomial/chebyshev.meta.json,/opt/anaconda3/lib/python3.11/site-packages/numpy/polynomial/chebyshev.pyi,,,pending exact asset match,likely,quarantine
/Users/tstakuma/Desktop/github/research/.mypy_cache/3.11/numpy/polynomial/hermite.data.json,/opt/anaconda3/lib/python3.11/site-packages/numpy/polynomial/hermite.pyi,,,pending exact asset match,likely,quarantine
/Users/tstakuma/Desktop/github/research/.mypy_cache/3.11/numpy/polynomial/hermite.meta.json,/opt/anaconda3/lib/python3.11/site-packages/numpy/polynomial/hermite.pyi,,,pending exact asset match,likely,quarantine
/Users/tstakuma/Desktop/github/research/.mypy_cache/3.11/numpy/polynomial/hermite_e.data.json,/opt/anaconda3/lib/python3.11/site-packages/numpy/polynomial/hermite_e.pyi,,,pending exact asset match,likely,quarantine
/Users/tstakuma/Desktop/github/research/.mypy_cache/3.11/numpy/polynomial/hermite_e.meta.json,/opt/anaconda3/lib/python3.11/site-packages/numpy/polynomial/hermite_e.pyi,,,pending exact asset match,likely,quarantine
/Users/tstakuma/Desktop/github/research/.mypy_cache/3.11/numpy/polynomial/laguerre.data.json,/opt/anaconda3/lib/python3.11/site-packages/numpy/polynomial/laguerre.pyi,,,pending exact asset match,likely,quarantine
/Users/tstakuma/Desktop/github/research/.mypy_cache/3.11/numpy/polynomial/laguerre.meta.json,/opt/anaconda3/lib/python3.11/site-packages/numpy/polynomial/laguerre.pyi,,,pending exact asset match,likely,quarantine
/Users/tstakuma/Desktop/github/research/.mypy_cache/3.11/numpy/polynomial/legendre.data.json,/opt/anaconda3/lib/python3.11/site-packages/numpy/polynomial/legendre.pyi,,,pending exact asset match,likely,quarantine
/Users/tstakuma/Desktop/github/research/.mypy_cache/3.11/numpy/polynomial/legendre.meta.json,/opt/anaconda3/lib/python3.11/site-packages/numpy/polynomial/legendre.pyi,,,pending exact asset match,likely,quarantine
/Users/tstakuma/Desktop/github/research/.mypy_cache/3.11/numpy/polynomial/polynomial.data.json,/opt/anaconda3/lib/python3.11/site-packages/numpy/polynomial/polynomial.pyi,,,pending exact asset match,likely,quarantine
/Users/tstakuma/Desktop/github/research/.mypy_cache/3.11/numpy/polynomial/polynomial.meta.json,/opt/anaconda3/lib/python3.11/site-packages/numpy/polynomial/polynomial.pyi,,,pending exact asset match,likely,quarantine
/Users/tstakuma/Desktop/github/research/.mypy_cache/3.11/numpy/polynomial/polyutils.data.json,/opt/anaconda3/lib/python3.11/site-packages/numpy/polynomial/polyutils.pyi,,,pending exact asset match,likely,quarantine
/Users/tstakuma/Desktop/github/research/.mypy_cache/3.11/numpy/polynomial/polyutils.meta.json,/opt/anaconda3/lib/python3.11/site-packages/numpy/polynomial/polyutils.pyi,,,pending exact asset match,likely,quarantine
/Users/tstakuma/Desktop/github/research/.mypy_cache/3.11/numpy/random/__init__.data.json,numpy._pytesttester.Py; /opt/anaconda3/lib/python3.11/site-packages/numpy/random/__init__.pyi,,,pending exact asset match,likely,quarantine
/Users/tstakuma/Desktop/github/research/.mypy_cache/3.11/numpy/random/__init__.meta.json,/opt/anaconda3/lib/python3.11/site-packages/numpy/random/__init__.pyi,,,pending exact asset match,likely,quarantine
/Users/tstakuma/Desktop/github/research/.mypy_cache/3.11/numpy/random/_generator.data.json,/opt/anaconda3/lib/python3.11/site-packages/numpy/random/_generator.pyi,,,pending exact asset match,likely,quarantine
/Users/tstakuma/Desktop/github/research/.mypy_cache/3.11/numpy/random/_generator.meta.json,/opt/anaconda3/lib/python3.11/site-packages/numpy/random/_generator.pyi,,,pending exact asset match,likely,quarantine
/Users/tstakuma/Desktop/github/research/.mypy_cache/3.11/numpy/random/_mt19937.data.json,/opt/anaconda3/lib/python3.11/site-packages/numpy/random/_mt19937.pyi,,,pending exact asset match,likely,quarantine
/Users/tstakuma/Desktop/github/research/.mypy_cache/3.11/numpy/random/_mt19937.meta.json,/opt/anaconda3/lib/python3.11/site-packages/numpy/random/_mt19937.pyi,,,pending exact asset match,likely,quarantine
/Users/tstakuma/Desktop/github/research/.mypy_cache/3.11/numpy/random/_pcg64.data.json,/opt/anaconda3/lib/python3.11/site-packages/numpy/random/_pcg64.pyi,,,pending exact asset match,likely,quarantine
/Users/tstakuma/Desktop/github/research/.mypy_cache/3.11/numpy/random/_pcg64.meta.json,/opt/anaconda3/lib/python3.11/site-packages/numpy/random/_pcg64.pyi,,,pending exact asset match,likely,quarantine
/Users/tstakuma/Desktop/github/research/.mypy_cache/3.11/numpy/random/_philox.data.json,/opt/anaconda3/lib/python3.11/site-packages/numpy/random/_philox.pyi,,,pending exact asset match,likely,quarantine
/Users/tstakuma/Desktop/github/research/.mypy_cache/3.11/numpy/random/_philox.meta.json,/opt/anaconda3/lib/python3.11/site-packages/numpy/random/_philox.pyi,,,pending exact asset match,likely,quarantine
/Users/tstakuma/Desktop/github/research/.mypy_cache/3.11/numpy/random/_sfc64.data.json,/opt/anaconda3/lib/python3.11/site-packages/numpy/random/_sfc64.pyi,,,pending exact asset match,likely,quarantine
/Users/tstakuma/Desktop/github/research/.mypy_cache/3.11/numpy/random/_sfc64.meta.json,/opt/anaconda3/lib/python3.11/site-packages/numpy/random/_sfc64.pyi,,,pending exact asset match,likely,quarantine
/Users/tstakuma/Desktop/github/research/.mypy_cache/3.11/numpy/random/bit_generator.data.json,/opt/anaconda3/lib/python3.11/site-packages/numpy/random/bit_generator.pyi,,,pending exact asset match,likely,quarantine
/Users/tstakuma/Desktop/github/research/.mypy_cache/3.11/numpy/random/bit_generator.meta.json,/opt/anaconda3/lib/python3.11/site-packages/numpy/random/bit_generator.pyi,,,pending exact asset match,likely,quarantine
/Users/tstakuma/Desktop/github/research/.mypy_cache/3.11/numpy/random/mtrand.data.json,/opt/anaconda3/lib/python3.11/site-packages/numpy/random/mtrand.pyi,,,pending exact asset match,likely,quarantine
/Users/tstakuma/Desktop/github/research/.mypy_cache/3.11/numpy/random/mtrand.meta.json,/opt/anaconda3/lib/python3.11/site-packages/numpy/random/mtrand.pyi,,,pending exact asset match,likely,quarantine
/Users/tstakuma/Desktop/github/research/.mypy_cache/3.11/numpy/testing/__init__.data.json,numpy._pytesttester.Py; /opt/anaconda3/lib/python3.11/site-packages/numpy/testing/__init__.pyi,,,pending exact asset match,likely,quarantine
/Users/tstakuma/Desktop/github/research/.mypy_cache/3.11/numpy/testing/__init__.meta.json,/opt/anaconda3/lib/python3.11/site-packages/numpy/testing/__init__.pyi,,,pending exact asset match,likely,quarantine
/Users/tstakuma/Desktop/github/research/.mypy_cache/3.11/numpy/testing/_private/__init__.data.json,/opt/anaconda3/lib/python3.11/site-packages/numpy/testing/_private/__init__.py,,,pending exact asset match,likely,quarantine
/Users/tstakuma/Desktop/github/research/.mypy_cache/3.11/numpy/testing/_private/__init__.meta.json,/opt/anaconda3/lib/python3.11/site-packages/numpy/testing/_private/__init__.py,,,pending exact asset match,likely,quarantine
/Users/tstakuma/Desktop/github/research/.mypy_cache/3.11/numpy/testing/_private/utils.data.json,/opt/anaconda3/lib/python3.11/site-packages/numpy/testing/_private/utils.pyi,,,pending exact asset match,likely,quarantine
/Users/tstakuma/Desktop/github/research/.mypy_cache/3.11/numpy/testing/_private/utils.meta.json,/opt/anaconda3/lib/python3.11/site-packages/numpy/testing/_private/utils.pyi,,,pending exact asset match,likely,quarantine
/Users/tstakuma/Desktop/github/research/.mypy_cache/3.11/numpy/typing/__init__.data.json,numpy._pytesttester.Py; /opt/anaconda3/lib/python3.11/site-packages/numpy/typing/__init__.py,,,pending exact asset match,likely,quarantine
/Users/tstakuma/Desktop/github/research/.mypy_cache/3.11/numpy/typing/__init__.meta.json,/opt/anaconda3/lib/python3.11/site-packages/numpy/typing/__init__.py,,,pending exact asset match,likely,quarantine
/Users/tstakuma/Desktop/github/research/.mypy_cache/3.11/numpy/version.data.json,/opt/anaconda3/lib/python3.11/site-packages/numpy/version.py,,,pending exact asset match,likely,quarantine
/Users/tstakuma/Desktop/github/research/.mypy_cache/3.11/numpy/version.meta.json,/opt/anaconda3/lib/python3.11/site-packages/numpy/version.py,,,pending exact asset match,likely,quarantine
/Users/tstakuma/Desktop/github/research/.mypy_cache/3.11/opcode.data.json,/opt/anaconda3/lib/python3.11/site-packages/mypy/typeshed/stdlib/opcode.pyi,,,pending exact asset match,likely,quarantine
/Users/tstakuma/Desktop/github/research/.mypy_cache/3.11/opcode.meta.json,/opt/anaconda3/lib/python3.11/site-packages/mypy/typeshed/stdlib/opcode.pyi,,,pending exact asset match,likely,quarantine
/Users/tstakuma/Desktop/github/research/.mypy_cache/3.11/operator.data.json,/opt/anaconda3/lib/python3.11/site-packages/mypy/typeshed/stdlib/operator.pyi,,,pending exact asset match,likely,quarantine
/Users/tstakuma/Desktop/github/research/.mypy_cache/3.11/operator.meta.json,/opt/anaconda3/lib/python3.11/site-packages/mypy/typeshed/stdlib/operator.pyi,,,pending exact asset match,likely,quarantine
/Users/tstakuma/Desktop/github/research/.mypy_cache/3.11/os/__init__.data.json,/opt/anaconda3/lib/python3.11/site-packages/mypy/typeshed/stdlib/os/__init__.pyi,,,pending exact asset match,likely,quarantine
/Users/tstakuma/Desktop/github/research/.mypy_cache/3.11/os/__init__.meta.json,/opt/anaconda3/lib/python3.11/site-packages/mypy/typeshed/stdlib/os/__init__.pyi,,,pending exact asset match,likely,quarantine
/Users/tstakuma/Desktop/github/research/.mypy_cache/3.11/os/path.data.json,/opt/anaconda3/lib/python3.11/site-packages/mypy/typeshed/stdlib/os/path.pyi,,,pending exact asset match,likely,quarantine
/Users/tstakuma/Desktop/github/research/.mypy_cache/3.11/os/path.meta.json,/opt/anaconda3/lib/python3.11/site-packages/mypy/typeshed/stdlib/os/path.pyi,,,pending exact asset match,likely,quarantine
/Users/tstakuma/Desktop/github/research/.mypy_cache/3.11/packaging/__init__.data.json,/Users/tstakuma/.local/lib/python3.11/site-packages/packaging/__init__.py,,,pending exact asset match,likely,quarantine
/Users/tstakuma/Desktop/github/research/.mypy_cache/3.11/packaging/__init__.meta.json,/Users/tstakuma/.local/lib/python3.11/site-packages/packaging/__init__.py,,,pending exact asset match,likely,quarantine
/Users/tstakuma/Desktop/github/research/.mypy_cache/3.11/packaging/_structures.data.json,/Users/tstakuma/.local/lib/python3.11/site-packages/packaging/_structures.py,,,pending exact asset match,likely,quarantine
/Users/tstakuma/Desktop/github/research/.mypy_cache/3.11/packaging/_structures.meta.json,/Users/tstakuma/.local/lib/python3.11/site-packages/packaging/_structures.py,,,pending exact asset match,likely,quarantine
/Users/tstakuma/Desktop/github/research/.mypy_cache/3.11/packaging/version.data.json,/Users/tstakuma/.local/lib/python3.11/site-packages/packaging/version.py,,,pending exact asset match,likely,quarantine
/Users/tstakuma/Desktop/github/research/.mypy_cache/3.11/packaging/version.meta.json,/Users/tstakuma/.local/lib/python3.11/site-packages/packaging/version.py,,,pending exact asset match,likely,quarantine
/Users/tstakuma/Desktop/github/research/.mypy_cache/3.11/pathlib.data.json,/opt/anaconda3/lib/python3.11/site-packages/mypy/typeshed/stdlib/pathlib.pyi,,,pending exact asset match,likely,quarantine
/Users/tstakuma/Desktop/github/research/.mypy_cache/3.11/pathlib.meta.json,/opt/anaconda3/lib/python3.11/site-packages/mypy/typeshed/stdlib/pathlib.pyi,,,pending exact asset match,likely,quarantine
/Users/tstakuma/Desktop/github/research/.mypy_cache/3.11/pdb.data.json,/opt/anaconda3/lib/python3.11/site-packages/mypy/typeshed/stdlib/pdb.pyi,,,pending exact asset match,likely,quarantine
/Users/tstakuma/Desktop/github/research/.mypy_cache/3.11/pdb.meta.json,/opt/anaconda3/lib/python3.11/site-packages/mypy/typeshed/stdlib/pdb.pyi,,,pending exact asset match,likely,quarantine
/Users/tstakuma/Desktop/github/research/.mypy_cache/3.11/pickle.data.json,pickle.Pickle; /opt/anaconda3/lib/python3.11/site-packages/mypy/typeshed/stdlib/pickle.pyi,,,pending exact asset match,likely,quarantine
/Users/tstakuma/Desktop/github/research/.mypy_cache/3.11/pickle.meta.json,/opt/anaconda3/lib/python3.11/site-packages/mypy/typeshed/stdlib/pickle.pyi,,,pending exact asset match,likely,quarantine
/Users/tstakuma/Desktop/github/research/.mypy_cache/3.11/posixpath.data.json,/opt/anaconda3/lib/python3.11/site-packages/mypy/typeshed/stdlib/posixpath.pyi,,,pending exact asset match,likely,quarantine
/Users/tstakuma/Desktop/github/research/.mypy_cache/3.11/posixpath.meta.json,/opt/anaconda3/lib/python3.11/site-packages/mypy/typeshed/stdlib/posixpath.pyi,,,pending exact asset match,likely,quarantine
/Users/tstakuma/Desktop/github/research/.mypy_cache/3.11/pprint.data.json,/opt/anaconda3/lib/python3.11/site-packages/mypy/typeshed/stdlib/pprint.pyi,,,pending exact asset match,likely,quarantine
/Users/tstakuma/Desktop/github/research/.mypy_cache/3.11/pprint.meta.json,/opt/anaconda3/lib/python3.11/site-packages/mypy/typeshed/stdlib/pprint.pyi,,,pending exact asset match,likely,quarantine
/Users/tstakuma/Desktop/github/research/.mypy_cache/3.11/pyparsing/__init__.data.json,pyparsing.common.py; pyparsing.unicode.py; pyparsing.py; pyparsing.testing.py; pyparsing.helpers.py; /opt/anaconda3/lib/python3.11/site-packages/pyparsing/__init__.py,,,pending exact asset match,likely,quarantine
/Users/tstakuma/Desktop/github/research/.mypy_cache/3.11/pyparsing/__init__.meta.json,/opt/anaconda3/lib/python3.11/site-packages/pyparsing/__init__.py,,,pending exact asset match,likely,quarantine
/Users/tstakuma/Desktop/github/research/.mypy_cache/3.11/pyparsing/actions.data.json,/opt/anaconda3/lib/python3.11/site-packages/pyparsing/actions.py,,,pending exact asset match,likely,quarantine
/Users/tstakuma/Desktop/github/research/.mypy_cache/3.11/pyparsing/actions.meta.json,/opt/anaconda3/lib/python3.11/site-packages/pyparsing/actions.py,,,pending exact asset match,likely,quarantine
/Users/tstakuma/Desktop/github/research/.mypy_cache/3.11/pyparsing/common.data.json,pyparsing.unicode.py; pyparsing.common.py; /opt/anaconda3/lib/python3.11/site-packages/pyparsing/common.py,,,pending exact asset match,likely,quarantine
/Users/tstakuma/Desktop/github/research/.mypy_cache/3.11/pyparsing/common.meta.json,/opt/anaconda3/lib/python3.11/site-packages/pyparsing/common.py,,,pending exact asset match,likely,quarantine
/Users/tstakuma/Desktop/github/research/.mypy_cache/3.11/pyparsing/core.data.json,pyparsing.unicode.py; /opt/anaconda3/lib/python3.11/site-packages/pyparsing/core.py,,,pending exact asset match,likely,quarantine
/Users/tstakuma/Desktop/github/research/.mypy_cache/3.11/pyparsing/core.meta.json,/opt/anaconda3/lib/python3.11/site-packages/pyparsing/core.py,,,pending exact asset match,likely,quarantine
/Users/tstakuma/Desktop/github/research/.mypy_cache/3.11/pyparsing/diagram/__init__.data.json,/opt/anaconda3/lib/python3.11/site-packages/pyparsing/diagram/__init__.py,,,pending exact asset match,likely,quarantine
/Users/tstakuma/Desktop/github/research/.mypy_cache/3.11/pyparsing/diagram/__init__.meta.json,/opt/anaconda3/lib/python3.11/site-packages/pyparsing/diagram/__init__.py,,,pending exact asset match,likely,quarantine
/Users/tstakuma/Desktop/github/research/.mypy_cache/3.11/pyparsing/exceptions.data.json,pyparsing.unicode.py; /opt/anaconda3/lib/python3.11/site-packages/pyparsing/exceptions.py,,,pending exact asset match,likely,quarantine
/Users/tstakuma/Desktop/github/research/.mypy_cache/3.11/pyparsing/exceptions.meta.json,/opt/anaconda3/lib/python3.11/site-packages/pyparsing/exceptions.py,,,pending exact asset match,likely,quarantine
/Users/tstakuma/Desktop/github/research/.mypy_cache/3.11/pyparsing/helpers.data.json,pyparsing.unicode.py; pyparsing.helpers.py; /opt/anaconda3/lib/python3.11/site-packages/pyparsing/helpers.py,,,pending exact asset match,likely,quarantine
/Users/tstakuma/Desktop/github/research/.mypy_cache/3.11/pyparsing/helpers.meta.json,/opt/anaconda3/lib/python3.11/site-packages/pyparsing/helpers.py,,,pending exact asset match,likely,quarantine
/Users/tstakuma/Desktop/github/research/.mypy_cache/3.11/pyparsing/results.data.json,/opt/anaconda3/lib/python3.11/site-packages/pyparsing/results.py,,,pending exact asset match,likely,quarantine
/Users/tstakuma/Desktop/github/research/.mypy_cache/3.11/pyparsing/results.meta.json,/opt/anaconda3/lib/python3.11/site-packages/pyparsing/results.py,,,pending exact asset match,likely,quarantine
/Users/tstakuma/Desktop/github/research/.mypy_cache/3.11/pyparsing/testing.data.json,pyparsing.testing.py; /opt/anaconda3/lib/python3.11/site-packages/pyparsing/testing.py,,,pending exact asset match,likely,quarantine
/Users/tstakuma/Desktop/github/research/.mypy_cache/3.11/pyparsing/testing.meta.json,/opt/anaconda3/lib/python3.11/site-packages/pyparsing/testing.py,,,pending exact asset match,likely,quarantine
/Users/tstakuma/Desktop/github/research/.mypy_cache/3.11/pyparsing/unicode.data.json,pyparsing.unicode.py; /opt/anaconda3/lib/python3.11/site-packages/pyparsing/unicode.py,,,pending exact asset match,likely,quarantine
/Users/tstakuma/Desktop/github/research/.mypy_cache/3.11/pyparsing/unicode.meta.json,/opt/anaconda3/lib/python3.11/site-packages/pyparsing/unicode.py,,,pending exact asset match,likely,quarantine
/Users/tstakuma/Desktop/github/research/.mypy_cache/3.11/pyparsing/util.data.json,/opt/anaconda3/lib/python3.11/site-packages/pyparsing/util.py,,,pending exact asset match,likely,quarantine
/Users/tstakuma/Desktop/github/research/.mypy_cache/3.11/pyparsing/util.meta.json,/opt/anaconda3/lib/python3.11/site-packages/pyparsing/util.py,,,pending exact asset match,likely,quarantine
/Users/tstakuma/Desktop/github/research/.mypy_cache/3.11/queue.data.json,/opt/anaconda3/lib/python3.11/site-packages/mypy/typeshed/stdlib/queue.pyi,,,pending exact asset match,likely,quarantine
/Users/tstakuma/Desktop/github/research/.mypy_cache/3.11/queue.meta.json,/opt/anaconda3/lib/python3.11/site-packages/mypy/typeshed/stdlib/queue.pyi,,,pending exact asset match,likely,quarantine
/Users/tstakuma/Desktop/github/research/.mypy_cache/3.11/random.data.json,/opt/anaconda3/lib/python3.11/site-packages/mypy/typeshed/stdlib/random.pyi,,,pending exact asset match,likely,quarantine
/Users/tstakuma/Desktop/github/research/.mypy_cache/3.11/random.meta.json,/opt/anaconda3/lib/python3.11/site-packages/mypy/typeshed/stdlib/random.pyi,,,pending exact asset match,likely,quarantine
/Users/tstakuma/Desktop/github/research/.mypy_cache/3.11/re.data.json,/opt/anaconda3/lib/python3.11/site-packages/mypy/typeshed/stdlib/re.pyi,,,pending exact asset match,likely,quarantine
/Users/tstakuma/Desktop/github/research/.mypy_cache/3.11/re.meta.json,/opt/anaconda3/lib/python3.11/site-packages/mypy/typeshed/stdlib/re.pyi,,,pending exact asset match,likely,quarantine
/Users/tstakuma/Desktop/github/research/.mypy_cache/3.11/selectors.data.json,/opt/anaconda3/lib/python3.11/site-packages/mypy/typeshed/stdlib/selectors.pyi,,,pending exact asset match,likely,quarantine
/Users/tstakuma/Desktop/github/research/.mypy_cache/3.11/selectors.meta.json,/opt/anaconda3/lib/python3.11/site-packages/mypy/typeshed/stdlib/selectors.pyi,,,pending exact asset match,likely,quarantine
/Users/tstakuma/Desktop/github/research/.mypy_cache/3.11/signal.data.json,/opt/anaconda3/lib/python3.11/site-packages/mypy/typeshed/stdlib/signal.pyi,,,pending exact asset match,likely,quarantine
/Users/tstakuma/Desktop/github/research/.mypy_cache/3.11/signal.meta.json,/opt/anaconda3/lib/python3.11/site-packages/mypy/typeshed/stdlib/signal.pyi,,,pending exact asset match,likely,quarantine
/Users/tstakuma/Desktop/github/research/.mypy_cache/3.11/socket.data.json,/opt/anaconda3/lib/python3.11/site-packages/mypy/typeshed/stdlib/socket.pyi,,,pending exact asset match,likely,quarantine
/Users/tstakuma/Desktop/github/research/.mypy_cache/3.11/socket.meta.json,/opt/anaconda3/lib/python3.11/site-packages/mypy/typeshed/stdlib/socket.pyi,,,pending exact asset match,likely,quarantine
/Users/tstakuma/Desktop/github/research/.mypy_cache/3.11/sre_compile.data.json,/opt/anaconda3/lib/python3.11/site-packages/mypy/typeshed/stdlib/sre_compile.pyi,,,pending exact asset match,likely,quarantine
/Users/tstakuma/Desktop/github/research/.mypy_cache/3.11/sre_compile.meta.json,/opt/anaconda3/lib/python3.11/site-packages/mypy/typeshed/stdlib/sre_compile.pyi,,,pending exact asset match,likely,quarantine
/Users/tstakuma/Desktop/github/research/.mypy_cache/3.11/sre_constants.data.json,/opt/anaconda3/lib/python3.11/site-packages/mypy/typeshed/stdlib/sre_constants.pyi,,,pending exact asset match,likely,quarantine
/Users/tstakuma/Desktop/github/research/.mypy_cache/3.11/sre_constants.meta.json,/opt/anaconda3/lib/python3.11/site-packages/mypy/typeshed/stdlib/sre_constants.pyi,,,pending exact asset match,likely,quarantine
/Users/tstakuma/Desktop/github/research/.mypy_cache/3.11/sre_parse.data.json,/opt/anaconda3/lib/python3.11/site-packages/mypy/typeshed/stdlib/sre_parse.pyi,,,pending exact asset match,likely,quarantine
/Users/tstakuma/Desktop/github/research/.mypy_cache/3.11/sre_parse.meta.json,/opt/anaconda3/lib/python3.11/site-packages/mypy/typeshed/stdlib/sre_parse.pyi,,,pending exact asset match,likely,quarantine
/Users/tstakuma/Desktop/github/research/.mypy_cache/3.11/ssl.data.json,/opt/anaconda3/lib/python3.11/site-packages/mypy/typeshed/stdlib/ssl.pyi,,,pending exact asset match,likely,quarantine
/Users/tstakuma/Desktop/github/research/.mypy_cache/3.11/ssl.meta.json,/opt/anaconda3/lib/python3.11/site-packages/mypy/typeshed/stdlib/ssl.pyi,,,pending exact asset match,likely,quarantine
/Users/tstakuma/Desktop/github/research/.mypy_cache/3.11/stat.data.json,/opt/anaconda3/lib/python3.11/site-packages/mypy/typeshed/stdlib/stat.pyi,,,pending exact asset match,likely,quarantine
/Users/tstakuma/Desktop/github/research/.mypy_cache/3.11/stat.meta.json,/opt/anaconda3/lib/python3.11/site-packages/mypy/typeshed/stdlib/stat.pyi,,,pending exact asset match,likely,quarantine
/Users/tstakuma/Desktop/github/research/.mypy_cache/3.11/string.data.json,/opt/anaconda3/lib/python3.11/site-packages/mypy/typeshed/stdlib/string.pyi,,,pending exact asset match,likely,quarantine
/Users/tstakuma/Desktop/github/research/.mypy_cache/3.11/string.meta.json,/opt/anaconda3/lib/python3.11/site-packages/mypy/typeshed/stdlib/string.pyi,,,pending exact asset match,likely,quarantine
/Users/tstakuma/Desktop/github/research/.mypy_cache/3.11/subprocess.data.json,/opt/anaconda3/lib/python3.11/site-packages/mypy/typeshed/stdlib/subprocess.pyi,,,pending exact asset match,likely,quarantine
/Users/tstakuma/Desktop/github/research/.mypy_cache/3.11/subprocess.meta.json,/opt/anaconda3/lib/python3.11/site-packages/mypy/typeshed/stdlib/subprocess.pyi,,,pending exact asset match,likely,quarantine
/Users/tstakuma/Desktop/github/research/.mypy_cache/3.11/sys/__init__.data.json,sys.py; /opt/anaconda3/lib/python3.11/site-packages/mypy/typeshed/stdlib/sys/__init__.pyi,,,pending exact asset match,likely,quarantine
/Users/tstakuma/Desktop/github/research/.mypy_cache/3.11/sys/__init__.meta.json,/opt/anaconda3/lib/python3.11/site-packages/mypy/typeshed/stdlib/sys/__init__.pyi,,,pending exact asset match,likely,quarantine
/Users/tstakuma/Desktop/github/research/.mypy_cache/3.11/table_rendering_utils.data.json,matplotlib.py; scripts/table_rendering_utils.py,,003_20260712_usage_map.csv; 010_20260712_code_data_dependency_map.csv,pending exact asset match,likely,quarantine
/Users/tstakuma/Desktop/github/research/.mypy_cache/3.11/table_rendering_utils.meta.json,matplotlib.py; scripts/table_rendering_utils.py,,003_20260712_usage_map.csv; 010_20260712_code_data_dependency_map.csv,pending exact asset match,likely,quarantine
/Users/tstakuma/Desktop/github/research/.mypy_cache/3.11/tempfile.data.json,/opt/anaconda3/lib/python3.11/site-packages/mypy/typeshed/stdlib/tempfile.pyi,,,pending exact asset match,likely,quarantine
/Users/tstakuma/Desktop/github/research/.mypy_cache/3.11/tempfile.meta.json,/opt/anaconda3/lib/python3.11/site-packages/mypy/typeshed/stdlib/tempfile.pyi,,,pending exact asset match,likely,quarantine
/Users/tstakuma/Desktop/github/research/.mypy_cache/3.11/textwrap.data.json,/opt/anaconda3/lib/python3.11/site-packages/mypy/typeshed/stdlib/textwrap.pyi,,,pending exact asset match,likely,quarantine
/Users/tstakuma/Desktop/github/research/.mypy_cache/3.11/textwrap.meta.json,/opt/anaconda3/lib/python3.11/site-packages/mypy/typeshed/stdlib/textwrap.pyi,,,pending exact asset match,likely,quarantine
/Users/tstakuma/Desktop/github/research/.mypy_cache/3.11/threading.data.json,/opt/anaconda3/lib/python3.11/site-packages/mypy/typeshed/stdlib/threading.pyi,,,pending exact asset match,likely,quarantine
/Users/tstakuma/Desktop/github/research/.mypy_cache/3.11/threading.meta.json,/opt/anaconda3/lib/python3.11/site-packages/mypy/typeshed/stdlib/threading.pyi,,,pending exact asset match,likely,quarantine
/Users/tstakuma/Desktop/github/research/.mypy_cache/3.11/time.data.json,/opt/anaconda3/lib/python3.11/site-packages/mypy/typeshed/stdlib/time.pyi,,,pending exact asset match,likely,quarantine
/Users/tstakuma/Desktop/github/research/.mypy_cache/3.11/time.meta.json,/opt/anaconda3/lib/python3.11/site-packages/mypy/typeshed/stdlib/time.pyi,,,pending exact asset match,likely,quarantine
/Users/tstakuma/Desktop/github/research/.mypy_cache/3.11/traceback.data.json,/opt/anaconda3/lib/python3.11/site-packages/mypy/typeshed/stdlib/traceback.pyi,,,pending exact asset match,likely,quarantine
/Users/tstakuma/Desktop/github/research/.mypy_cache/3.11/traceback.meta.json,/opt/anaconda3/lib/python3.11/site-packages/mypy/typeshed/stdlib/traceback.pyi,,,pending exact asset match,likely,quarantine
/Users/tstakuma/Desktop/github/research/.mypy_cache/3.11/types.data.json,/opt/anaconda3/lib/python3.11/site-packages/mypy/typeshed/stdlib/types.pyi,,,pending exact asset match,likely,quarantine
/Users/tstakuma/Desktop/github/research/.mypy_cache/3.11/types.meta.json,/opt/anaconda3/lib/python3.11/site-packages/mypy/typeshed/stdlib/types.pyi,,,pending exact asset match,likely,quarantine
/Users/tstakuma/Desktop/github/research/.mypy_cache/3.11/typing.data.json,/opt/anaconda3/lib/python3.11/site-packages/mypy/typeshed/stdlib/typing.pyi,,,pending exact asset match,likely,quarantine
/Users/tstakuma/Desktop/github/research/.mypy_cache/3.11/typing.meta.json,/opt/anaconda3/lib/python3.11/site-packages/mypy/typeshed/stdlib/typing.pyi,,,pending exact asset match,likely,quarantine
/Users/tstakuma/Desktop/github/research/.mypy_cache/3.11/typing_extensions.data.json,/opt/anaconda3/lib/python3.11/site-packages/mypy/typeshed/stdlib/typing_extensions.pyi,,,pending exact asset match,likely,quarantine
/Users/tstakuma/Desktop/github/research/.mypy_cache/3.11/typing_extensions.meta.json,/opt/anaconda3/lib/python3.11/site-packages/mypy/typeshed/stdlib/typing_extensions.pyi,,,pending exact asset match,likely,quarantine
/Users/tstakuma/Desktop/github/research/.mypy_cache/3.11/unicodedata.data.json,/opt/anaconda3/lib/python3.11/site-packages/mypy/typeshed/stdlib/unicodedata.pyi,,,pending exact asset match,likely,quarantine
/Users/tstakuma/Desktop/github/research/.mypy_cache/3.11/unicodedata.meta.json,/opt/anaconda3/lib/python3.11/site-packages/mypy/typeshed/stdlib/unicodedata.pyi,,,pending exact asset match,likely,quarantine
/Users/tstakuma/Desktop/github/research/.mypy_cache/3.11/unittest/__init__.data.json,/opt/anaconda3/lib/python3.11/site-packages/mypy/typeshed/stdlib/unittest/__init__.pyi,,,pending exact asset match,likely,quarantine
/Users/tstakuma/Desktop/github/research/.mypy_cache/3.11/unittest/__init__.meta.json,/opt/anaconda3/lib/python3.11/site-packages/mypy/typeshed/stdlib/unittest/__init__.pyi,,,pending exact asset match,likely,quarantine
/Users/tstakuma/Desktop/github/research/.mypy_cache/3.11/unittest/_log.data.json,/opt/anaconda3/lib/python3.11/site-packages/mypy/typeshed/stdlib/unittest/_log.pyi,,,pending exact asset match,likely,quarantine
/Users/tstakuma/Desktop/github/research/.mypy_cache/3.11/unittest/_log.meta.json,/opt/anaconda3/lib/python3.11/site-packages/mypy/typeshed/stdlib/unittest/_log.pyi,,,pending exact asset match,likely,quarantine
/Users/tstakuma/Desktop/github/research/.mypy_cache/3.11/unittest/async_case.data.json,/opt/anaconda3/lib/python3.11/site-packages/mypy/typeshed/stdlib/unittest/async_case.pyi,,,pending exact asset match,likely,quarantine
/Users/tstakuma/Desktop/github/research/.mypy_cache/3.11/unittest/async_case.meta.json,/opt/anaconda3/lib/python3.11/site-packages/mypy/typeshed/stdlib/unittest/async_case.pyi,,,pending exact asset match,likely,quarantine
/Users/tstakuma/Desktop/github/research/.mypy_cache/3.11/unittest/case.data.json,/opt/anaconda3/lib/python3.11/site-packages/mypy/typeshed/stdlib/unittest/case.pyi,,,pending exact asset match,likely,quarantine
/Users/tstakuma/Desktop/github/research/.mypy_cache/3.11/unittest/case.meta.json,/opt/anaconda3/lib/python3.11/site-packages/mypy/typeshed/stdlib/unittest/case.pyi,,,pending exact asset match,likely,quarantine
/Users/tstakuma/Desktop/github/research/.mypy_cache/3.11/unittest/loader.data.json,/opt/anaconda3/lib/python3.11/site-packages/mypy/typeshed/stdlib/unittest/loader.pyi,,,pending exact asset match,likely,quarantine
/Users/tstakuma/Desktop/github/research/.mypy_cache/3.11/unittest/loader.meta.json,/opt/anaconda3/lib/python3.11/site-packages/mypy/typeshed/stdlib/unittest/loader.pyi,,,pending exact asset match,likely,quarantine
/Users/tstakuma/Desktop/github/research/.mypy_cache/3.11/unittest/main.data.json,/opt/anaconda3/lib/python3.11/site-packages/mypy/typeshed/stdlib/unittest/main.pyi,,,pending exact asset match,likely,quarantine
/Users/tstakuma/Desktop/github/research/.mypy_cache/3.11/unittest/main.meta.json,/opt/anaconda3/lib/python3.11/site-packages/mypy/typeshed/stdlib/unittest/main.pyi,,,pending exact asset match,likely,quarantine
/Users/tstakuma/Desktop/github/research/.mypy_cache/3.11/unittest/result.data.json,/opt/anaconda3/lib/python3.11/site-packages/mypy/typeshed/stdlib/unittest/result.pyi,,,pending exact asset match,likely,quarantine
/Users/tstakuma/Desktop/github/research/.mypy_cache/3.11/unittest/result.meta.json,/opt/anaconda3/lib/python3.11/site-packages/mypy/typeshed/stdlib/unittest/result.pyi,,,pending exact asset match,likely,quarantine
/Users/tstakuma/Desktop/github/research/.mypy_cache/3.11/unittest/runner.data.json,/opt/anaconda3/lib/python3.11/site-packages/mypy/typeshed/stdlib/unittest/runner.pyi,,,pending exact asset match,likely,quarantine
/Users/tstakuma/Desktop/github/research/.mypy_cache/3.11/unittest/runner.meta.json,/opt/anaconda3/lib/python3.11/site-packages/mypy/typeshed/stdlib/unittest/runner.pyi,,,pending exact asset match,likely,quarantine
/Users/tstakuma/Desktop/github/research/.mypy_cache/3.11/unittest/signals.data.json,/opt/anaconda3/lib/python3.11/site-packages/mypy/typeshed/stdlib/unittest/signals.pyi,,,pending exact asset match,likely,quarantine
/Users/tstakuma/Desktop/github/research/.mypy_cache/3.11/unittest/signals.meta.json,/opt/anaconda3/lib/python3.11/site-packages/mypy/typeshed/stdlib/unittest/signals.pyi,,,pending exact asset match,likely,quarantine
/Users/tstakuma/Desktop/github/research/.mypy_cache/3.11/unittest/suite.data.json,/opt/anaconda3/lib/python3.11/site-packages/mypy/typeshed/stdlib/unittest/suite.pyi,,,pending exact asset match,likely,quarantine
/Users/tstakuma/Desktop/github/research/.mypy_cache/3.11/unittest/suite.meta.json,/opt/anaconda3/lib/python3.11/site-packages/mypy/typeshed/stdlib/unittest/suite.pyi,,,pending exact asset match,likely,quarantine
/Users/tstakuma/Desktop/github/research/.mypy_cache/3.11/urllib/__init__.data.json,/opt/anaconda3/lib/python3.11/site-packages/mypy/typeshed/stdlib/urllib/__init__.pyi,,,pending exact asset match,likely,quarantine
/Users/tstakuma/Desktop/github/research/.mypy_cache/3.11/urllib/__init__.meta.json,/opt/anaconda3/lib/python3.11/site-packages/mypy/typeshed/stdlib/urllib/__init__.pyi,,,pending exact asset match,likely,quarantine
/Users/tstakuma/Desktop/github/research/.mypy_cache/3.11/urllib/parse.data.json,/opt/anaconda3/lib/python3.11/site-packages/mypy/typeshed/stdlib/urllib/parse.pyi,,,pending exact asset match,likely,quarantine
/Users/tstakuma/Desktop/github/research/.mypy_cache/3.11/urllib/parse.meta.json,/opt/anaconda3/lib/python3.11/site-packages/mypy/typeshed/stdlib/urllib/parse.pyi,,,pending exact asset match,likely,quarantine
/Users/tstakuma/Desktop/github/research/.mypy_cache/3.11/validation_utils.data.json,validation_utils.CSV; scripts/validation_utils.py,validation_utils.CSV,003_20260712_usage_map.csv; 010_20260712_code_data_dependency_map.csv,pending exact asset match,likely,quarantine
/Users/tstakuma/Desktop/github/research/.mypy_cache/3.11/validation_utils.meta.json,scripts/validation_utils.py,,003_20260712_usage_map.csv; 010_20260712_code_data_dependency_map.csv,pending exact asset match,likely,quarantine
/Users/tstakuma/Desktop/github/research/.mypy_cache/3.11/warnings.data.json,/opt/anaconda3/lib/python3.11/site-packages/mypy/typeshed/stdlib/warnings.pyi,,,pending exact asset match,likely,quarantine
/Users/tstakuma/Desktop/github/research/.mypy_cache/3.11/warnings.meta.json,/opt/anaconda3/lib/python3.11/site-packages/mypy/typeshed/stdlib/warnings.pyi,,,pending exact asset match,likely,quarantine
/Users/tstakuma/Desktop/github/research/.mypy_cache/3.11/weakref.data.json,/opt/anaconda3/lib/python3.11/site-packages/mypy/typeshed/stdlib/weakref.pyi,,,pending exact asset match,likely,quarantine
/Users/tstakuma/Desktop/github/research/.mypy_cache/3.11/weakref.meta.json,/opt/anaconda3/lib/python3.11/site-packages/mypy/typeshed/stdlib/weakref.pyi,,,pending exact asset match,likely,quarantine
/Users/tstakuma/Desktop/github/research/.mypy_cache/3.11/zipfile.data.json,zipfile.Py; /opt/anaconda3/lib/python3.11/site-packages/mypy/typeshed/stdlib/zipfile.pyi,,,pending exact asset match,likely,quarantine
/Users/tstakuma/Desktop/github/research/.mypy_cache/3.11/zipfile.meta.json,/opt/anaconda3/lib/python3.11/site-packages/mypy/typeshed/stdlib/zipfile.pyi,,,pending exact asset match,likely,quarantine
/Users/tstakuma/Desktop/github/research/.mypy_cache/3.11/zipimport.data.json,/opt/anaconda3/lib/python3.11/site-packages/mypy/typeshed/stdlib/zipimport.pyi,,,pending exact asset match,likely,quarantine
/Users/tstakuma/Desktop/github/research/.mypy_cache/3.11/zipimport.meta.json,/opt/anaconda3/lib/python3.11/site-packages/mypy/typeshed/stdlib/zipimport.pyi,,,pending exact asset match,likely,quarantine
/Users/tstakuma/Desktop/github/research/.vscode/settings.json,,,,pending exact asset match,likely,retain_and_reorganize
/Users/tstakuma/Desktop/github/research/.vscode/tasks.json,/.venv/bin/python; scripts/run_step1_to_step6.py; scripts/validate_step1_inputs.py; scripts/make_baseline_outputs.py,,,pending exact asset match,likely,retain_and_reorganize
/Users/tstakuma/Desktop/github/research/backup/20260711_before_constraint_gap_refactor/notebooks/tokyo_evrp_scenario_to_charging_pathway.ipynb,fetch_open_charge_map_tokyo.py; make_tokyo_evrp_scenario_inputs.py; make_evrp_feasibility_sensitivity_analysis.py; make_evrp_scenario_story_visuals.py; make_monte_carlo_evrp_visualizations.py; make_simulation_derived_charging_pathway.py; /charger結果から; /Users/tstakuma/Desktop/github/research\n; /Users/tstakuma/Desktop/github/research; /raw; /processed/*.csvを再生成するか。\n; outputs/stage_layer_table_d/srl_qrl_width_definition_registry.csv; /html; /style; /th; /tr; /thead; /td; /Ising/HOBO; /tbody; /table; /div; /plain; /capacity; /truck; /SOC; /dispatch; /fleet-operation; /CVRP/EVRP; /data; literature/circuit_resources.csv; 0  literature/circuit_resources.csv; /stage_layer_table_d/s; /SRL/width; scripts/make_presentation_figure_1.py; Read literature/circuit_resources.csv; /01_quantum_vrp_evidence/figur; scripts/make_qrl_wise_srl_score_table.py; Generate qrl_wise_srl_score_summary.csv; /md; scripts/make_qrl_srl_table_figure.py; 1              scripts/make_presentation_figure_1.py; 2              scripts/make_presentation_figure_1.py; 3           scripts/make_qrl_wise_srl_score_table.py; 4               scripts/make_qrl_srl_table_figure.py; 1  Read literature/circuit_resources.csv; 3  Generate qrl_wise_srl_score_summary.csv; /QRL・width定義と量子VRP文献evidence生成をPythonセル内で確認する。\n; srl_qrl_width_definition_registry.csv; /full-stack; /depot; /grid; /depth/resource; /logical; literature/quantum_readiness_evidence.csv; /L/theoretical; /target; literature/social_quantum_readiness_alignment.csv; /introduction; /depth; /direct; /resource; /QAOA; /QAOA-style; /P2; outputs/stage_layer_table_d/figure_1_width_extraction_audit.csv; /除外する行を確認する。\n; quantum_readiness_evidence.csv; social_quantum_readiness_alignment.csv; circuit_resources.csv; figure_1_width_extraction_audit.csv; 0     scripts/make_presentation_figure_1.py; 1  scripts/make_qrl_wise_srl_score_table.py; 2      scripts/make_qrl_srl_table_figure.py; /markdown; /opt/anaconda3/bin/python /Users/tstakuma/Desktop/github/research/scripts/make_presentation_figure_1.py; /Users/tstakuma/Desktop/github/research/figures/01_quantum_vrp_evidence/figure_1_width_by_instance.png\n; /Users/tstakuma/Desktop/github/research/figures/01_quantum_vrp_evidence/figure_1_presentation_plot_data.csv\n; /opt/anaconda3/bin/python /Users/tstakuma/Desktop/github/research/scripts/make_qrl_wise_srl_score_table.py; /Users/tstakuma/Desktop/github/research/outputs/stage_layer_table_d/srl_qrl_placement_from_figure_1_data.csv\n; /Users/tstakuma/Desktop/github/research/outputs/stage_layer_table_d/qrl_wise_srl_score_summary.csv\n; /Users/tstakuma/Desktop/github/research/outputs/stage_layer_table_d/qrl_wise_srl_score_summary.md\n; /opt/anaconda3/bin/python /Users/tstakuma/Desktop/github/research/scripts/make_qrl_srl_table_figure.py; /Users/tstakuma/Desktop/github/research/figures/01_quantum_vrp_evidence/qrl_srl_score_summary_table.png\n; /stage_layer_table_d/figure_1_width_ext; /01_quantum_vrp_evidence/figure_1_prese; /01_quantum_vrp_evidence/figure_1_width; 0                   literature/circuit_resources.csv; /locations; /png; figures/01_quantum_vrp_evidence/figure_1_presentation_plot_data.csv; figure_1_presentation_plot_data.csv; qrl_wise_srl_score_summary.csv; /processed/open_charge_map_tokyo_boundary_; data/processed/tokyo_logistics_hub_candidates.csv; data/processed/ev_truck_specs_scenario.csv; /processed/tokyo_freight_flow_census_summa; /processed/estat_tokyo_mesh_population_sum; /processed/estat_tokyo_mesh_population_cel; 2  data/processed/tokyo_logistics_hub_candidates.csv; 3         data/processed/ev_truck_specs_scenario.csv; data/processed/open_charge_map_tokyo_boundary_clipped_connections.csv; data/processed/open_charge_map_tokyo_boundary_clipped_stations.csv; data/processed/tokyo_freight_flow_census_summary.csv; data/processed/estat_tokyo_mesh_population_summary.csv; data/processed/estat_tokyo_mesh_population_cells.csv; /opt/anaconda3/bin/python /Users/tstakuma/Desktop/github/research/scripts/make_tokyo_evrp_scenario_inputs.py; /Users/tstakuma/Desktop/github/research/outputs/use_case_scenario/charger_screening_rules.csv\n; /Users/tstakuma/Desktop/github/research/outputs/use_case_scenario/scenario_available_chargers.csv\n; /Users/tstakuma/Desktop/github/research/outputs/use_case_scenario/depot_selection_rules.csv\n; /Users/tstakuma/Desktop/github/research/outputs/use_case_scenario/scenario_depots.csv\n; /Users/tstakuma/Desktop/github/research/outputs/use_case_scenario/synthetic_customer_node_rules.csv\n; /Users/tstakuma/Desktop/github/research/outputs/use_case_scenario/vehicle_scenario_rules.csv\n; /Users/tstakuma/Desktop/github/research/outputs/use_case_scenario/tokyo_evrp_scenario_design.csv\n; /opt/anaconda3/lib/python3.11/site-packages/pandas/core/computation/expressions.py:22; /opt/anaconda3/lib/python3.11/site-packages/pandas/core/arrays/masked.py:56; /use_case_scenario/charger_screening_ru; /use_case_scenario/scenario_available_c; /use_case_scenario/depot_selection_rule; outputs/use_case_scenario/scenario_depots.csv; /use_case_scenario/synthetic_customer_n; /use_case_scenario/vehicle_scenario_rul; /use_case_scenario/tokyo_evrp_scenario_; 3      outputs/use_case_scenario/scenario_depots.csv; scripts/make_tokyo_evrp_scenario_inputs.py; charger_screening_rules.csv; scenario_available_chargers.csv; depot_selection_rules.csv; scenario_depots.csv; synthetic_customer_node_rules.csv; vehicle_scenario_rules.csv; tokyo_evrp_scenario_design.csv; outputs/use_case_scenario/tokyo_evrp_scenario_design.csv; /p; 0              25  scenario_depots.csv; 1              50  scenario_depots.csv; 2             100  scenario_depots.csv; 0  scenario_available_chargers.csv; 1  scenario_available_chargers.csv; 2  scenario_available_chargers.csv; outputs/use_case_scenario/scenario_available_chargers.csv; outputs/use_case_scenario/vehicle_scenario_rules.csv; /opt/anaconda3/bin/python /Users/tstakuma/Desktop/github/research/scripts/make_evrp_feasibility_sensitivity_analysis.py; /Users/tstakuma/Desktop/github/research/scripts/make_evrp_scenario_story_visuals.py\; /opt/anaconda3/lib/python3.11/site-packages/pandas/io/parsers/readers.py\; /opt/anaconda3/lib/python3.11/site-packages/pandas/io/parsers/c_parser_wrapper.py\; pandas/_libs/parsers.py; /Users/tstakuma/Desktop/github/research/scripts/make_evrp_feasibility_sensitivity_analysis.py\; /opt/anaconda3/lib/python3.11/subprocess.py\; /opt/anaconda3/bin/python; /Users/tstakuma/Desktop/github/research/scripts/make_evrp_scenario_story_visuals.py; /Users/tstakuma/Desktop/github/research/scripts/make_evrp_feasibility_sensitivity_analysis.py; 43mscripts/make_evrp_feasibility_sensitivity_analysis.py; 33mscenario_customers_seeded.csv; 33mscenario_customers.csv; 33mconstraint_unmet_rates.csv; 32m/opt/anaconda3/lib/python3.11/subprocess.py; scripts/make_evrp_feasibility_sensitivity_analysis.py; scenario_customers_seeded.csv; scenario_customers.csv; tokyo_evrp_distance_proxy_by_customer.csv; tokyo_evrp_route_proxy_results.csv; feasibility_results_by_seed.csv; feasibility_summary_by_scenario.csv; scenario_instances.csv; route_results.csv; constraint_results.csv; constraint_unmet_rates.csv; outputs/evrp_scenarios/scenario_instances.csv; outputs/evrp_scenarios/route_results.csv; outputs/use_case_scenario/feasibility_results_by_seed.csv; /opt/anaconda3/bin/python /Users/tstakuma/Desktop/github/research/scripts/make_evrp_scenario_story_visuals.py; /Users/tstakuma/Desktop/github/research/figures/03_tokyo_evrp_scenario/evrp_scenario_snapshot_medium_seed1_ja.png\n; /Users/tstakuma/Desktop/github/research/figures/03_tokyo_evrp_scenario/evrp_scenario_size_examples_ja.png\n; /Users/tstakuma/Desktop/github/research/figures/03_tokyo_evrp_scenario/evrp_monte_carlo_scenario_matrix_ja.png\n; /Users/tstakuma/Desktop/github/research/outputs/use_case_scenario/evrp_scenario_story_visualizations_summary.md\n; /03_tokyo_evrp_scenario/evrp_scenario_s; /03_tokyo_evrp_scenario/evrp_monte_carl; scripts/make_evrp_scenario_story_visuals.py; /opt/anaconda3/bin/python /Users/tstakuma/Desktop/github/research/scripts/make_monte_carlo_evrp_visualizations.py; /Users/tstakuma/Desktop/github/research/figures/05_monte_carlo_uncertainty/monte_carlo_evrp_design_overview_ja.png\n; /Users/tstakuma/Desktop/github/research/figures/05_monte_carlo_uncertainty/monte_carlo_unmet_rate_mean_ci_ja.png\n; /Users/tstakuma/Desktop/github/research/figures/05_monte_carlo_uncertainty/monte_carlo_unmet_rate_distribution_ja.png\n; /Users/tstakuma/Desktop/github/research/figures/05_monte_carlo_uncertainty/monte_carlo_evrp_quantum_gap_table_ja.png\n; /Users/tstakuma/Desktop/github/research/outputs/use_case_scenario/monte_carlo_evrp_gap_summary_external.csv\n; /use_case_scenario/monte_carlo_evrp_gap; /use_case_scenario/monte_carlo_unmet_ra; /05_monte_carlo_uncertainty/monte_carlo; outputs/use_case_scenario/monte_carlo_evrp_gap_summary_external.csv; scripts/make_monte_carlo_evrp_visualizations.py; monte_carlo_evrp_gap_summary_external.csv; monte_carlo_unmet_rates_long.csv; /charger結果からcharging; /charger; /opt/anaconda3/bin/python /Users/tstakuma/Desktop/github/research/scripts/make_simulation_derived_charging_pathway.py; /Users/tstakuma/Desktop/github/research/outputs/use_case_scenario/simulation_derived_charging_pathway\n; /use_case_scenario/simulation_derived_c; /02_requirement_mapping/simulation_deri; scripts/make_simulation_derived_charging_pathway.py; 01_route_branch_variables.csv; 02_charger_branch_variables.csv; 03_potential_charging_event_results.csv; 04_potential_charging_event_summary.csv; 05_charger_condition_paired_transitions.csv; 06_selected_charger_paired_changes.csv; 07_charger_side_output_changes.csv; 08_supplemental_charging_energy_proxy_results.csv; 09_simulation_derived_edges.csv; 10_model_boundary_notes.csv; outputs/use_case_scenario/simulation_derived_charging_pathway/04_potential_charging_event_summary.csv; /\u001b[49m\u001b[43m; 43m04_potential_charging_event_summary.csv; 33m07_charger_side_output_changes.csv; 33m09_simulation_derived_edges.csv; 32m/opt/anaconda3/lib/python3.11/site-packages/pandas/io/parsers/readers.py; 32m/opt/anaconda3/lib/python3.11/site-packages/pandas/io/parsers/c_parser_wrapper.py; 32mpandas/_libs/parsers.py; /charger結果から導いた; /use_case_scenario/scenario_customers_s; 2       outputs/evrp_scenarios/scenario_instances.csv; 3            outputs/evrp_scenarios/route_results.csv; /charger結果を作り、potential; /x-python,outputs/stage_layer_table_d/srl_qrl_width_definition_registry.csv; literature/circuit_resources.csv; 0  literature/circuit_resources.csv; Read literature/circuit_resources.csv; Generate qrl_wise_srl_score_summary.csv; Generate qrl_srl_score_summary_table.png; 1  Read literature/circuit_resources.csv; 3  Generate qrl_wise_srl_score_summary.csv; 4          Generate qrl_srl_score_summary_table.png; srl_qrl_width_definition_registry.csv; Generate figures/01_quantum_vrp_evidence/figure_1_width_by_instance.png; literature/quantum_readiness_evidence.csv; literature/social_quantum_readiness_alignment.csv; outputs/stage_layer_table_d/figure_1_width_extraction_audit.csv; quantum_readiness_evidence.csv; social_quantum_readiness_alignment.csv; circuit_resources.csv; figure_1_width_extraction_audit.csv; 0                   literature/circuit_resources.csv; figures/01_quantum_vrp_evidence/figure_1_presentation_plot_data.csv; figures/01_quantum_vrp_evidence/figure_1_width_by_instance.png; figure_1_presentation_plot_data.csv; qrl_wise_srl_score_summary.csv; figure_1_width_by_instance.png; data/processed/tokyo_logistics_hub_candidates.csv; data/processed/ev_truck_specs_scenario.csv; 2  data/processed/tokyo_logistics_hub_candidates.csv; 3         data/processed/ev_truck_specs_scenario.csv; data/processed/open_charge_map_tokyo_boundary_clipped_connections.csv; data/processed/open_charge_map_tokyo_boundary_clipped_stations.csv; data/processed/tokyo_freight_flow_census_summary.csv; data/processed/estat_tokyo_mesh_population_summary.csv; data/processed/estat_tokyo_mesh_population_cells.csv; outputs/use_case_scenario/scenario_depots.csv; 3      outputs/use_case_scenario/scenario_depots.csv; charger_screening_rules.csv; scenario_available_chargers.csv; depot_selection_rules.csv; scenario_depots.csv; synthetic_customer_node_rules.csv; vehicle_scenario_rules.csv; tokyo_evrp_scenario_design.csv; outputs/use_case_scenario/tokyo_evrp_scenario_design.csv; 0              25  scenario_depots.csv; 1              50  scenario_depots.csv; 2             100  scenario_depots.csv; 0  scenario_available_chargers.csv; 1  scenario_available_chargers.csv; 2  scenario_available_chargers.csv; outputs/use_case_scenario/scenario_available_chargers.csv; outputs/use_case_scenario/vehicle_scenario_rules.csv; 33mscenario_customers_seeded.csv; 33mscenario_customers.csv; 33mconstraint_unmet_rates.csv; scenario_customers_seeded.csv; scenario_customers.csv; tokyo_evrp_distance_proxy_by_customer.csv; tokyo_evrp_route_proxy_results.csv; feasibility_results_by_seed.csv; feasibility_summary_by_scenario.csv; scenario_instances.csv; route_results.csv; constraint_results.csv; constraint_unmet_rates.csv; outputs/evrp_scenarios/scenario_instances.csv; outputs/evrp_scenarios/route_results.csv; outputs/use_case_scenario/feasibility_results_by_seed.csv; figures/03_tokyo_evrp_scenario/evrp_scenario_size_examples_ja.png; figures/03_tokyo_evrp_scenario/evrp_scenario_snapshot_medium_seed1_ja.png; figures/03_tokyo_evrp_scenario/evrp_monte_carlo_scenario_matrix_ja.png; evrp_scenario_size_examples_ja.png; evrp_scenario_snapshot_medium_seed1_ja.png; evrp_monte_carlo_scenario_matrix_ja.png; outputs/use_case_scenario/monte_carlo_evrp_gap_summary_external.csv; figures/05_monte_carlo_uncertainty/monte_carlo_unmet_rate_mean_ci_ja.png; figures/05_monte_carlo_uncertainty/monte_carlo_evrp_quantum_gap_table_ja.png; monte_carlo_evrp_gap_summary_external.csv; monte_carlo_unmet_rates_long.csv; monte_carlo_evrp_design_overview_ja.png; monte_carlo_unmet_rate_mean_ci_ja.png; monte_carlo_unmet_rate_distribution_ja.png; monte_carlo_evrp_quantum_gap_table_ja.png; Wrote figures to /Users/tstakuma/Desktop/github/research/figures/02_requirement_mapping/simulation_derived_charging_pathway_ja.png; 01_route_branch_variables.csv; 02_charger_branch_variables.csv; 03_potential_charging_event_results.csv; 04_potential_charging_event_summary.csv; 05_charger_condition_paired_transitions.csv; 06_selected_charger_paired_changes.csv; 07_charger_side_output_changes.csv; 08_supplemental_charging_energy_proxy_results.csv; 09_simulation_derived_edges.csv; 10_model_boundary_notes.csv; simulation_derived_charging_pathway_ja.png; outputs/use_case_scenario/simulation_derived_charging_pathway/04_potential_charging_event_summary.csv; 43m04_potential_charging_event_summary.csv; 33m07_charger_side_output_changes.csv; 33m09_simulation_derived_edges.csv; 2       outputs/evrp_scenarios/scenario_instances.csv; 3            outputs/evrp_scenarios/route_results.csv,003_20260712_usage_map.csv; 010_20260712_code_data_dependency_map.csv,pending exact asset match,likely,retain_and_reorganize
/Users/tstakuma/Desktop/github/research/backup/20260711_before_constraint_gap_refactor/scripts/make_evidence_based_propagation_network.py,import matplotlib.py; updated_future_wheels_node_scoring.csv; monte_carlo_evrp_gap_summary_external.csv; bottleneck_to_evidence_gap_matrix.csv; evidence_based_propagation_aggregation_rules.csv; evidence_based_propagation_nodes.csv; evidence_based_propagation_edges.csv; evidence_based_propagation_path_summary.csv; future_wheels_display_nodes.csv; future_wheels_requirements.csv; future_wheels_node_evidence.csv; future_wheels_edge_evidence.csv; future_wheels_label_revision.csv; future_wheels_edge_reclassification.csv; future_wheels_event_probability_results.csv; future_wheels_continuous_effect_results.csv; future_wheels_evidence_plausibility.csv; future_wheels_estimability_gaps.csv; proposed_plausibility_mapping.csv; route_results.csv; scenario_instances.csv; evidence_based_propagation_network_ja.svg; /System/Library/Fonts/ヒラギノ角ゴシック; /System/Library/Fonts/Supplemental/Arial; /usr/share/fonts/opentype/noto/NotoSansCJK-Regular.ttc; /end; scripts/make_evrp_feasibility_sensitivity_analysis.py; /off-peak; /grid; /provisional; /high`; /change; /2; /gap/methodological; /new; /replaced,updated_future_wheels_node_scoring.csv; monte_carlo_evrp_gap_summary_external.csv; bottleneck_to_evidence_gap_matrix.csv; evidence_based_propagation_aggregation_rules.csv; evidence_based_propagation_nodes.csv; evidence_based_propagation_edges.csv; evidence_based_propagation_path_summary.csv; future_wheels_display_nodes.csv; future_wheels_requirements.csv; future_wheels_node_evidence.csv; future_wheels_edge_evidence.csv; future_wheels_label_revision.csv; future_wheels_edge_reclassification.csv; future_wheels_event_probability_results.csv; future_wheels_continuous_effect_results.csv; future_wheels_evidence_plausibility.csv; future_wheels_estimability_gaps.csv; proposed_plausibility_mapping.csv; route_results.csv; scenario_instances.csv; evidence_based_propagation_network_ja.png,003_20260712_usage_map.csv; 010_20260712_code_data_dependency_map.csv; backup/20260711_before_constraint_gap_refactor/scripts/make_simulation_derived_charging_pathway.py; deprecated_outputs/charging_pathway_legacy/explanation_package/quantum_evrp_explanation_package/07_executed_python_code/make_simulation_derived_charging_pathway.py; deprecated_outputs/charging_pathway_legacy/explanation_package/quantum_evrp_explanation_package/08_simulation_derived_outputs/09_simulation_derived_edges.csv; deprecated_outputs/charging_pathway_legacy/explanation_package/quantum_evrp_explanation_package/08_simulation_derived_outputs/11_simulation_derived_pathway_report.md; deprecated_outputs/charging_pathway_legacy/outputs/simulation_derived_charging_pathway/09_simulation_derived_edges.csv; deprecated_outputs/charging_pathway_legacy/outputs/simulation_derived_charging_pathway/11_simulation_derived_pathway_report.md; deprecated_outputs/charging_pathway_legacy/outputs/simulation_derived_charging_pathway/13_data_driven_pathway_edges.csv,pending exact asset match,likely,retain_and_reorganize
/Users/tstakuma/Desktop/github/research/backup/20260711_before_constraint_gap_refactor/scripts/make_evrp_feasibility_sensitivity_analysis.py,import matplotlib.py; estat_tokyo_mesh_population_cells.csv; open_charge_map_tokyo_boundary_clipped_connections.csv; scenario_depots.csv; vehicle_scenario_rules.csv; tokyo_evrp_scenario_design.csv; quantum_evrp_gap_score.csv; evrp_requirement_gap_evidence_table.csv; /evrp_scenarios; /4th; /=; /partial-F; /SOC; /end; /not; scenario_instances.csv; route_results.csv; constraint_results.csv; constraint_unmet_rates.csv; /raw/estat/tokyo_mesh/tblT001101H13.zip; data/processed/estat_tokyo_mesh_population_cells.csv; data/raw/charging_infrastructure/open_charge_map/tokyo/open_charge_map_tokyo_detailed_2026-07-05.json; data/processed/open_charge_map_tokyo_boundary_clipped_connections.csv; /raw/logistics/mlit_logistics_hubs/P31-13_13.zip; data/processed/tokyo_logistics_hub_candidates.csv; /Geofabrik; /raw/osm/tokyo/kanto-260703-free.shp.zip; data/processed/osm_tokyo_road_network_summary.csv; /raw/vehicle_specs/official_sources; outputs/use_case_scenario/vehicle_scenario_rules.csv; /raw/evrp_benchmarks; outputs/use_case_scenario/evrp_benchmark_instance_fields.csv; figures/01_quantum_vrp_evidence/figure_1_presentation_plot_data.csv; scenario_customers_seeded.csv; feasibility_results_by_seed.csv; feasibility_summary_by_scenario.csv; bottleneck_to_evidence_gap_matrix.csv; make_evrp_scenario_story_visuals.py; scenario_customers.csv; charger_sensitivity_scenarios.csv; tokyo_evrp_distance_proxy_by_customer.csv; feasibility_customer_results_by_seed.csv; tokyo_evrp_route_proxy_results.csv; feasibility_effect_sizes.csv; feasibility_anova_results.csv; feasibility_regression_coefficients.csv; tokyo_open_data_coverage_summary.csv; problem_structure_growth_score.csv; benchmark_design_implications.csv; source_data_inventory.csv,estat_tokyo_mesh_population_cells.csv; open_charge_map_tokyo_boundary_clipped_connections.csv; scenario_depots.csv; vehicle_scenario_rules.csv; tokyo_evrp_scenario_design.csv; quantum_evrp_gap_score.csv; evrp_requirement_gap_evidence_table.csv; scenario_instances.csv; route_results.csv; constraint_results.csv; constraint_unmet_rates.csv; data/processed/estat_tokyo_mesh_population_cells.csv; data/raw/charging_infrastructure/open_charge_map/tokyo/open_charge_map_tokyo_detailed_2026-07-05.json; data/processed/open_charge_map_tokyo_boundary_clipped_connections.csv; data/processed/tokyo_logistics_hub_candidates.csv; data/processed/osm_tokyo_road_network_summary.csv; outputs/use_case_scenario/vehicle_scenario_rules.csv; outputs/use_case_scenario/evrp_benchmark_instance_fields.csv; figures/01_quantum_vrp_evidence/figure_1_presentation_plot_data.csv; feasibility_sensitivity_heatmap.png; feasibility_component_decomposition.png; feasibility_robustness_errorbar.png; problem_structure_growth_proxy.png; bottleneck_to_evidence_gap_matrix.png; bottleneck_evidence_quadrant_plot.png; scenario_customers_seeded.csv; feasibility_results_by_seed.csv; feasibility_summary_by_scenario.csv; bottleneck_to_evidence_gap_matrix.csv; figures/04_evrp_feasibility/feasibility_sensitivity_heatmap.png; figures/04_evrp_feasibility/feasibility_component_decomposition.png; figures/04_evrp_feasibility/feasibility_robustness_errorbar.png; figures/04_evrp_feasibility/problem_structure_growth_proxy.png; figures/04_evrp_feasibility/bottleneck_to_evidence_gap_matrix.png; figures/04_evrp_feasibility/bottleneck_evidence_quadrant_plot.png; evrp_scenario_snapshot_medium_seed1_ja.png; evrp_scenario_size_examples_ja.png; evrp_monte_carlo_scenario_matrix_ja.png; scenario_customers.csv; charger_sensitivity_scenarios.csv; tokyo_evrp_distance_proxy_by_customer.csv; feasibility_customer_results_by_seed.csv; tokyo_evrp_route_proxy_results.csv; feasibility_effect_sizes.csv; feasibility_anova_results.csv; feasibility_regression_coefficients.csv; tokyo_open_data_coverage_summary.csv; problem_structure_growth_score.csv; benchmark_design_implications.csv; source_data_inventory.csv,003_20260712_usage_map.csv; 010_20260712_code_data_dependency_map.csv; backup/20260711_before_constraint_gap_refactor/notebooks/tokyo_evrp_scenario_to_charging_pathway.ipynb; backup/20260711_before_constraint_gap_refactor/scripts/make_evidence_based_propagation_network.py; backup/20260711_before_constraint_gap_refactor/scripts/make_simulation_derived_charging_pathway.py; deprecated_outputs/charging_pathway_legacy/explanation_package/quantum_evrp_explanation_package/07_executed_python_code/make_simulation_derived_charging_pathway.py; deprecated_outputs/charging_pathway_legacy/explanation_package/quantum_evrp_explanation_package/08_simulation_derived_outputs/01_route_branch_variables.csv; deprecated_outputs/charging_pathway_legacy/explanation_package/quantum_evrp_explanation_package/08_simulation_derived_outputs/02_charger_branch_variables.csv; deprecated_outputs/charging_pathway_legacy/explanation_package/quantum_evrp_explanation_package/08_simulation_derived_outputs/09_simulation_derived_edges.csv; deprecated_outputs/charging_pathway_legacy/explanation_package/quantum_evrp_explanation_package/08_simulation_derived_outputs/10_model_boundary_notes.csv; deprecated_outputs/charging_pathway_legacy/explanation_package/quantum_evrp_explanation_package/08_simulation_derived_outputs/11_simulation_derived_pathway_report.md; deprecated_outputs/charging_pathway_legacy/outputs/simulation_derived_charging_pathway/01_route_branch_variables.csv; deprecated_outputs/charging_pathway_legacy/outputs/simulation_derived_charging_pathway/02_charger_branch_variables.csv; deprecated_outputs/charging_pathway_legacy/outputs/simulation_derived_charging_pathway/09_simulation_derived_edges.csv; deprecated_outputs/charging_pathway_legacy/outputs/simulation_derived_charging_pathway/10_model_boundary_notes.csv; deprecated_outputs/charging_pathway_legacy/outputs/simulation_derived_charging_pathway/11_simulation_derived_pathway_report.md; deprecated_outputs/charging_pathway_legacy/outputs/simulation_derived_charging_pathway/12_data_driven_pathway_nodes.csv; deprecated_outputs/charging_pathway_legacy/outputs/simulation_derived_charging_pathway/13_data_driven_pathway_edges.csv; deprecated_outputs/legacy_evrp_outputs/evrp_scenarios/regeneration_summary.md; deprecated_outputs/legacy_evrp_outputs/use_case_scenario/data_source_api_rule_registry.csv; deprecated_outputs/legacy_evrp_outputs/use_case_scenario/network_feasibility_audit/01_simulation_input_inventory.csv; deprecated_outputs/legacy_evrp_outputs/use_case_scenario/network_feasibility_audit/11_charger_route_propagation_audit.md; deprecated_outputs/legacy_evrp_outputs/use_case_scenario/pipeline_csv_generation_usage_map.csv; outputs/slide_revision/citation_audit.md,pending exact asset match,likely,retain_and_reorganize
/Users/tstakuma/Desktop/github/research/backup/20260711_before_constraint_gap_refactor/scripts/make_evrp_scenario_story_visuals.py,import matplotlib.py; scenario_customers_seeded.csv; scenario_depots.csv; charger_sensitivity_scenarios.csv; tokyo_evrp_scenario_design.csv; tokyo_evrp_route_proxy_results.csv; estat_tokyo_mesh_population_cells.csv; /=; //{BOUNDARY_ZIP}!N03-20240101_13.shp; /車両グループ; evrp_scenario_snapshot_medium_seed1_ja.svg; evrp_scenario_size_examples_ja.svg; evrp_monte_carlo_scenario_matrix_ja.svg; /medium/large,scenario_customers_seeded.csv; scenario_depots.csv; charger_sensitivity_scenarios.csv; tokyo_evrp_scenario_design.csv; tokyo_evrp_route_proxy_results.csv; estat_tokyo_mesh_population_cells.csv; evrp_scenario_snapshot_medium_seed1_ja.png; evrp_scenario_size_examples_ja.png; evrp_monte_carlo_scenario_matrix_ja.png; figures/03_tokyo_evrp_scenario/evrp_scenario_snapshot_medium_seed1_ja.png; figures/03_tokyo_evrp_scenario/evrp_scenario_size_examples_ja.png; figures/03_tokyo_evrp_scenario/evrp_monte_carlo_scenario_matrix_ja.png,003_20260712_usage_map.csv; 010_20260712_code_data_dependency_map.csv; backup/20260711_before_constraint_gap_refactor/notebooks/tokyo_evrp_scenario_to_charging_pathway.ipynb; backup/20260711_before_constraint_gap_refactor/scripts/make_evrp_feasibility_sensitivity_analysis.py; deprecated_outputs/charging_pathway_legacy/explanation_package/quantum_evrp_explanation_package/07_executed_python_code/make_evrp_feasibility_sensitivity_analysis.py; deprecated_outputs/legacy_evrp_outputs/evrp_scenarios/regeneration_summary.md; deprecated_outputs/legacy_evrp_outputs/use_case_scenario/pipeline_csv_generation_usage_map.csv; outputs/slide_revision/rendered_slides/slide-14.layout.json,pending exact asset match,likely,retain_and_reorganize
/Users/tstakuma/Desktop/github/research/backup/20260711_before_constraint_gap_refactor/scripts/make_monte_carlo_evrp_visualizations.py,import matplotlib.py; feasibility_results_by_seed.csv; bottleneck_to_evidence_gap_matrix.csv; tokyo_evrp_route_proxy_results.csv; /qubits報告に\n各制約が含まれるかを分類; monte_carlo_unmet_rates_long.csv; monte_carlo_evrp_gap_summary_external.csv,feasibility_results_by_seed.csv; bottleneck_to_evidence_gap_matrix.csv; tokyo_evrp_route_proxy_results.csv; monte_carlo_evrp_design_overview_ja.png; monte_carlo_unmet_rate_mean_ci_ja.png; monte_carlo_unmet_rate_distribution_ja.png; monte_carlo_evrp_quantum_gap_table_ja.png; figures/05_monte_carlo_uncertainty/monte_carlo_evrp_design_overview_ja.png; figures/05_monte_carlo_uncertainty/monte_carlo_unmet_rate_mean_ci_ja.png; figures/05_monte_carlo_uncertainty/monte_carlo_unmet_rate_distribution_ja.png; figures/05_monte_carlo_uncertainty/monte_carlo_evrp_quantum_gap_table_ja.png; monte_carlo_unmet_rates_long.csv; monte_carlo_evrp_gap_summary_external.csv,003_20260712_usage_map.csv; 010_20260712_code_data_dependency_map.csv; backup/20260711_before_constraint_gap_refactor/notebooks/tokyo_evrp_scenario_to_charging_pathway.ipynb; deprecated_outputs/legacy_evrp_outputs/use_case_scenario/data_source_api_rule_registry.csv; deprecated_outputs/legacy_evrp_outputs/use_case_scenario/pipeline_csv_generation_usage_map.csv; outputs/slide_revision/citation_audit.md; outputs/slide_revision/rendered_slides/slide-12.layout.json; outputs/slide_revision/rendered_slides/slide-19.layout.json,pending exact asset match,likely,retain_and_reorganize
/Users/tstakuma/Desktop/github/research/backup/20260711_before_constraint_gap_refactor/scripts/make_simulation_derived_charging_pathway.py,import matplotlib.py; route_results.csv; tokyo_evrp_route_proxy_results.csv; scenario_instances.csv; outputs/evrp_scenarios/scenario_instances.csv; scripts/make_evrp_feasibility_sensitivity_analysis.py; /longitude; outputs/use_case_scenario/tokyo_evrp_distance_proxy_by_customer.csv; /lon; outputs/evrp_scenarios/route_results.csv; /h; derived in scripts/make_simulation_derived_charging_pathway.py; scripts/make_simulation_derived_charging_pathway.py; outputs/use_case_scenario/tokyo_evrp_route_proxy_results.csv; outputs/use_case_scenario/simulation_derived_charging_pathway/03_potential_charging_event_results.csv; /share; outputs/use_case_scenario/simulation_derived_charging_pathway/08_supplemental_charging_energy_proxy_results.csv; /depot; /selected; /km; scripts/make_evidence_based_propagation_network.py; /end; /time; simulation_derived_charging_pathway_ja.svg; /\nroute; 01_route_branch_variables.csv; 02_charger_branch_variables.csv; 03_potential_charging_event_results.csv; 04_potential_charging_event_summary.csv; 05_charger_condition_paired_transitions.csv; 06_selected_charger_paired_changes.csv; 07_charger_side_output_changes.csv; 08_supplemental_charging_energy_proxy_results.csv; 09_simulation_derived_edges.csv; 10_model_boundary_notes.csv; 12_data_driven_pathway_nodes.csv; 13_data_driven_pathway_edges.csv; figures/02_requirement_mapping/simulation_derived_charging_pathway_ja.svg; /model; python3 scripts/make_simulation_derived_charging_pathway.py,route_results.csv; tokyo_evrp_route_proxy_results.csv; scenario_instances.csv; outputs/evrp_scenarios/scenario_instances.csv; outputs/use_case_scenario/tokyo_evrp_distance_proxy_by_customer.csv; outputs/evrp_scenarios/route_results.csv; outputs/use_case_scenario/tokyo_evrp_route_proxy_results.csv; outputs/use_case_scenario/simulation_derived_charging_pathway/03_potential_charging_event_results.csv; outputs/use_case_scenario/simulation_derived_charging_pathway/08_supplemental_charging_energy_proxy_results.csv; simulation_derived_charging_pathway_ja.png; 01_route_branch_variables.csv; 02_charger_branch_variables.csv; 03_potential_charging_event_results.csv; 04_potential_charging_event_summary.csv; 05_charger_condition_paired_transitions.csv; 06_selected_charger_paired_changes.csv; 07_charger_side_output_changes.csv; 08_supplemental_charging_energy_proxy_results.csv; 09_simulation_derived_edges.csv; 10_model_boundary_notes.csv; 12_data_driven_pathway_nodes.csv; 13_data_driven_pathway_edges.csv; figures/02_requirement_mapping/simulation_derived_charging_pathway_ja.png,003_20260712_usage_map.csv; 010_20260712_code_data_dependency_map.csv; backup/20260711_before_constraint_gap_refactor/notebooks/tokyo_evrp_scenario_to_charging_pathway.ipynb; backup/20260711_before_constraint_gap_refactor/scripts/make_simulation_derived_charging_pathway.py; deprecated_outputs/charging_pathway_legacy/explanation_package/quantum_evrp_explanation_package/07_executed_python_code/make_simulation_derived_charging_pathway.py; deprecated_outputs/charging_pathway_legacy/explanation_package/quantum_evrp_explanation_package/08_simulation_derived_outputs/01_route_branch_variables.csv; deprecated_outputs/charging_pathway_legacy/explanation_package/quantum_evrp_explanation_package/08_simulation_derived_outputs/02_charger_branch_variables.csv; deprecated_outputs/charging_pathway_legacy/explanation_package/quantum_evrp_explanation_package/08_simulation_derived_outputs/09_simulation_derived_edges.csv; deprecated_outputs/charging_pathway_legacy/explanation_package/quantum_evrp_explanation_package/08_simulation_derived_outputs/10_model_boundary_notes.csv; deprecated_outputs/charging_pathway_legacy/explanation_package/quantum_evrp_explanation_package/08_simulation_derived_outputs/11_simulation_derived_pathway_report.md; deprecated_outputs/charging_pathway_legacy/outputs/simulation_derived_charging_pathway/01_route_branch_variables.csv; deprecated_outputs/charging_pathway_legacy/outputs/simulation_derived_charging_pathway/02_charger_branch_variables.csv; deprecated_outputs/charging_pathway_legacy/outputs/simulation_derived_charging_pathway/09_simulation_derived_edges.csv; deprecated_outputs/charging_pathway_legacy/outputs/simulation_derived_charging_pathway/10_model_boundary_notes.csv; deprecated_outputs/charging_pathway_legacy/outputs/simulation_derived_charging_pathway/11_simulation_derived_pathway_report.md; deprecated_outputs/charging_pathway_legacy/outputs/simulation_derived_charging_pathway/12_data_driven_pathway_nodes.csv; deprecated_outputs/charging_pathway_legacy/outputs/simulation_derived_charging_pathway/13_data_driven_pathway_edges.csv; deprecated_outputs/legacy_evrp_outputs/use_case_scenario/data_source_api_rule_registry.csv; deprecated_outputs/legacy_evrp_outputs/use_case_scenario/pipeline_csv_generation_usage_map.csv; outputs/slide_revision/citation_audit.md; outputs/slide_revision/rendered_slides/slide-15.layout.json; outputs/slide_revision/rendered_slides/slide-19.layout.json,pending exact asset match,likely,retain_and_reorganize
/Users/tstakuma/Desktop/github/research/backup/20260711_before_constraint_gap_refactor/scripts/make_tokyo_evrp_scenario_inputs.py,/use_case_scenario; /processed; open_charge_map_tokyo_boundary_clipped_connections.csv; open_charge_map_tokyo_boundary_clipped_stations.csv; tokyo_logistics_hub_candidates.csv; ev_truck_specs_scenario.csv; tokyo_freight_flow_census_summary.csv; estat_tokyo_mesh_population_summary.csv; /warehouse; /parcel; /depot; /cargo; /afternoon/all-day; /ELF/Dutro; scenario_depots.csv; scenario_available_chargers.csv; vehicle_scenario_rules.csv; charger_screening_rules.csv; depot_selection_rules.csv; synthetic_customer_node_rules.csv; tokyo_evrp_scenario_design.csv,open_charge_map_tokyo_boundary_clipped_connections.csv; open_charge_map_tokyo_boundary_clipped_stations.csv; tokyo_logistics_hub_candidates.csv; ev_truck_specs_scenario.csv; tokyo_freight_flow_census_summary.csv; estat_tokyo_mesh_population_summary.csv; scenario_depots.csv; scenario_available_chargers.csv; vehicle_scenario_rules.csv; charger_screening_rules.csv; depot_selection_rules.csv; synthetic_customer_node_rules.csv; tokyo_evrp_scenario_design.csv,003_20260712_usage_map.csv; 010_20260712_code_data_dependency_map.csv; backup/20260711_before_constraint_gap_refactor/notebooks/tokyo_evrp_scenario_to_charging_pathway.ipynb; deprecated_outputs/legacy_evrp_outputs/use_case_scenario/data_source_api_rule_registry.csv; deprecated_outputs/legacy_evrp_outputs/use_case_scenario/pipeline_csv_generation_usage_map.csv; deprecated_outputs/legacy_evrp_outputs/use_case_scenario/tokyo_evrp_scenario_design_generation_trace.csv; outputs/slide_revision/citation_audit.md; outputs/slide_revision/rendered_slides/slide-19.layout.json,pending exact asset match,likely,retain_and_reorganize
/Users/tstakuma/Desktop/github/research/data/raw/charging_infrastructure/open_charge_map/tokyo/open_charge_map_tokyo_2026-07-04.json,/駐車有料充電無料）; http://www.westin-tokyo.co.jp; http://tokyo.grand.hyatt.com; https://www.mori-trust.co.jp/shop/shiroyama_tt/index.html; https://www.mori-trust.co.jp/shop/tora_2t/; http://www.mori-trust.co.jp/office/areashinagawa/gotenyama_tt.html; http://www.palacehoteltokyo.com/; http://www.kabuki-za.co.jp/guide/parking.html; http://www.mori-trust.co.jp/office/areamarunouchi/marunouchi_north.html; http://carstations.com/14258; http://www.hiltontokyobay.jp/; http://www.eat-walk.com/awfarm/; /無料; /無料）; /29～1/3,,003_20260712_usage_map.csv; data/processed/open_charge_map_tokyo_summary.csv,pending exact asset match,likely,retain_and_reorganize
/Users/tstakuma/Desktop/github/research/data/raw/charging_infrastructure/open_charge_map/tokyo/open_charge_map_tokyo_detailed_2026-07-05.json,http://www.chademo.com; /Imported; http://openchargemap.org; http://www.teslamotors.com; http://www.oplaadpalen.nl/; http://creativecommons.org/licenses/by-nc-sa/3.0/; http://www.stadtwerke-clausthal.de/; /駐車有料充電無料）; http://www.westin-tokyo.co.jp; https://www.gravatar.com/avatar/4f41c40c6897d509979025dc9db1715a?s=80&d=robohash; https://media.openchargemap.io/images/JP/OCM55006/OCM-55006.orig.2015103011391303.jpg; https://media.openchargemap.io/images/JP/OCM55006/OCM-55006.thmb.2015103011391303.jpg; http://tokyo.grand.hyatt.com; https://www.mori-trust.co.jp/shop/shiroyama_tt/index.html; https://www.mori-trust.co.jp/shop/tora_2t/; http://www.mori-trust.co.jp/office/areashinagawa/gotenyama_tt.html; http://www.palacehoteltokyo.com/; http://www.kabuki-za.co.jp/guide/parking.html; /X; http://www.mori-trust.co.jp/office/areamarunouchi/marunouchi_north.html; http://carstations.com/14258; http://www.hiltontokyobay.jp/; http://www.eat-walk.com/awfarm/; /無料; /無料）; /29～1/3; /kwh; http://www.brickandwood.jp/; http://awa-umi.com/; http://www.potiron-no-mori.com/,,003_20260712_usage_map.csv; 010_20260712_code_data_dependency_map.csv; backup/20260711_before_constraint_gap_refactor/scripts/make_evrp_feasibility_sensitivity_analysis.py; data/processed/open_charge_map_tokyo_boundary_clipped_summary.csv; deprecated_outputs/charging_pathway_legacy/explanation_package/quantum_evrp_explanation_package/07_executed_python_code/make_evrp_feasibility_sensitivity_analysis.py; deprecated_outputs/legacy_evrp_outputs/use_case_scenario/source_data_inventory.csv,pending exact asset match,likely,retain_and_reorganize
/Users/tstakuma/Desktop/github/research/data/raw/smart_city/traffic/jartic/tokyo/jartic_tokyo_traffic_1h_202607042200.json,https://api.jartic-open-traffic.org/geoserver?service=WFS&version=2.0.0&request=GetFeature&typeNames=t_travospublic_measure_1h&srsName=EPSG%3A4326&outputFormat=application%2Fjson&exceptions=application%2Fjson&cql_filter=%E9%81%93%E8%B7%AF%E7%A8%AE%E5%88%A5%3D3+AND+%E6%99%82%E9%96%93%E3%82%B3%E3%83%BC%E3%83%89%3D202607042200+AND+BBOX%28%E3%82%B8%E3%82%AA%E3%83%A1%E3%83%88%E3%83%AA%2C139.1%2C35.45%2C140.0%2C35.95%2C%27EPSG%3A4326%27%29,,003_20260712_usage_map.csv; data/processed/jartic_tokyo_traffic_summary.csv,pending exact asset match,likely,retain_and_reorganize
/Users/tstakuma/Desktop/github/research/data/raw/world_bank_lpi/japan_lpi_infrastructure_worldbank_api_2026-07-04.json,,,,pending exact asset match,likely,retain_and_reorganize
/Users/tstakuma/Desktop/github/research/data/raw/world_bank_lpi/japan_lpi_timeliness_worldbank_api_2026-07-04.json,,,,pending exact asset match,likely,retain_and_reorganize
/Users/tstakuma/Desktop/github/research/deprecated_outputs/charging_pathway_legacy/explanation_package/quantum_evrp_explanation_package/01_literature_notes/bench-2021-lubinski.json,literature/pdf_derived/pdfs/bench-2021-lubinski.pdf; /pdf_derived/text/bench-2021-lubinski.txt; /Author; /CreationDate; /Creator; /Keywords; /ModDate; /PTEX.Fullbanner; /Producer; /Subject; /Title; /Trapped; /False,literature/pdf_derived/pdfs/bench-2021-lubinski.pdf,003_20260712_usage_map.csv; literature/pdf_derived/extraction_report.csv,pending exact asset match,likely,retain_and_reorganize
/Users/tstakuma/Desktop/github/research/deprecated_outputs/charging_pathway_legacy/explanation_package/quantum_evrp_explanation_package/01_literature_notes/bench-2023-lubinski-optimization.json,literature/pdf_derived/pdfs/bench-2023-lubinski-optimization.pdf; /pdf_derived/text/bench-2023-lubinski-optimization.txt; /Author; /CreationDate; /Creator; /Keywords; /ModDate; /PTEX.Fullbanner; /Producer; /Subject; /Title; /Trapped; /False,literature/pdf_derived/pdfs/bench-2023-lubinski-optimization.pdf,003_20260712_usage_map.csv; literature/pdf_derived/extraction_report.csv,pending exact asset match,likely,retain_and_reorganize
/Users/tstakuma/Desktop/github/research/deprecated_outputs/charging_pathway_legacy/explanation_package/quantum_evrp_explanation_package/01_literature_notes/bench-2024-lubinski.json,literature/pdf_derived/pdfs/bench-2024-lubinski.pdf; /pdf_derived/text/bench-2024-lubinski.txt; /Author; /CreationDate; /Creator; /Keywords; /ModDate; /PTEX.Fullbanner; /Producer; /Subject; /Title; /Trapped; /False,literature/pdf_derived/pdfs/bench-2024-lubinski.pdf,003_20260712_usage_map.csv; literature/pdf_derived/extraction_report.csv,pending exact asset match,likely,retain_and_reorganize
/Users/tstakuma/Desktop/github/research/deprecated_outputs/charging_pathway_legacy/explanation_package/quantum_evrp_explanation_package/01_literature_notes/cvrp-2025-onah-utility.json,literature/pdf_derived/pdfs/cvrp-2025-onah-utility.pdf; /pdf_derived/text/cvrp-2025-onah-utility.txt; /Author; /Creator; /DOI; https://doi.org/10.48550/arXiv.2509.11469; /License; http://creativecommons.org/licenses/by/4.0/; /PTEX.Fullbanner; /Producer; /Title; /Trapped; /False; /arXivID; https://arxiv.org/abs/2509.11469v2,literature/pdf_derived/pdfs/cvrp-2025-onah-utility.pdf,003_20260712_usage_map.csv; literature/pdf_derived/extraction_report.csv,pending exact asset match,likely,retain_and_reorganize
/Users/tstakuma/Desktop/github/research/deprecated_outputs/charging_pathway_legacy/explanation_package/quantum_evrp_explanation_package/01_literature_notes/utility-2023-herrmann.json,literature/pdf_derived/pdfs/utility-2023-herrmann.pdf; /pdf_derived/text/utility-2023-herrmann.txt; /Author; /CreationDate; /Creator; /Keywords; /ModDate; /PTEX.Fullbanner; /Producer; /Subject; /Title; /Trapped; /False,literature/pdf_derived/pdfs/utility-2023-herrmann.pdf,003_20260712_usage_map.csv; literature/pdf_derived/extraction_report.csv,pending exact asset match,likely,retain_and_reorganize
/Users/tstakuma/Desktop/github/research/deprecated_outputs/charging_pathway_legacy/explanation_package/quantum_evrp_explanation_package/07_executed_python_code/analyze_evrp_benchmark_instances.py,figure_1_presentation_plot_data.csv; evrp_benchmark_instance_fields.csv; evrp_benchmark_instance_summary.csv; evrp_vs_quantum_vrp_scale_comparison.csv; /([^/; /Goeke; /locations/cities; /raw/evrp_benchmarks/e-cvrp_benchmark_instances`; /raw/evrp_benchmarks/e-vrptw_mendeley_schneider/evrptw_instances`,figure_1_presentation_plot_data.csv; evrp_benchmark_instance_fields.csv; evrp_benchmark_instance_summary.csv; evrp_vs_quantum_vrp_scale_comparison.csv,003_20260712_usage_map.csv,pending exact asset match,likely,retain_and_reorganize
/Users/tstakuma/Desktop/github/research/deprecated_outputs/charging_pathway_legacy/explanation_package/quantum_evrp_explanation_package/07_executed_python_code/fetch_open_charge_map_tokyo.py,socio_technical_variables.csv; /raw/boundary/mlit_n03_tokyo/N03-20240101_13_GML.zip; open_charge_map_tokyo_stations.csv; open_charge_map_tokyo_summary.csv; open_charge_map_tokyo_boundary_clipped_stations.csv; open_charge_map_tokyo_boundary_clipped_connections.csv; open_charge_map_tokyo_boundary_clipped_summary.csv; https://api.openchargemap.io/v3/poi; /1.0; //{TOKYO_BOUNDARY_ZIP}!N03-20240101_13.geojson; /status; https://www.openchargemap.org/develop/api,socio_technical_variables.csv; open_charge_map_tokyo_stations.csv; open_charge_map_tokyo_summary.csv; open_charge_map_tokyo_boundary_clipped_stations.csv; open_charge_map_tokyo_boundary_clipped_connections.csv; open_charge_map_tokyo_boundary_clipped_summary.csv,003_20260712_usage_map.csv; backup/20260711_before_constraint_gap_refactor/notebooks/tokyo_evrp_scenario_to_charging_pathway.ipynb; deprecated_outputs/legacy_evrp_outputs/use_case_scenario/data_source_api_rule_registry.csv; deprecated_outputs/legacy_evrp_outputs/use_case_scenario/pipeline_csv_generation_usage_map.csv,pending exact asset match,likely,retain_and_reorganize
/Users/tstakuma/Desktop/github/research/deprecated_outputs/charging_pathway_legacy/explanation_package/quantum_evrp_explanation_package/07_executed_python_code/make_evrp_feasibility_sensitivity_analysis.py,import matplotlib.py; estat_tokyo_mesh_population_cells.csv; open_charge_map_tokyo_boundary_clipped_connections.csv; scenario_depots.csv; vehicle_scenario_rules.csv; tokyo_evrp_scenario_design.csv; quantum_evrp_gap_score.csv; evrp_requirement_gap_evidence_table.csv; /evrp_scenarios; /4th; /=; /partial-F; /SOC; /end; /not; scenario_instances.csv; route_results.csv; constraint_results.csv; constraint_unmet_rates.csv; /raw/estat/tokyo_mesh/tblT001101H13.zip; data/processed/estat_tokyo_mesh_population_cells.csv; data/raw/charging_infrastructure/open_charge_map/tokyo/open_charge_map_tokyo_detailed_2026-07-05.json; data/processed/open_charge_map_tokyo_boundary_clipped_connections.csv; /raw/logistics/mlit_logistics_hubs/P31-13_13.zip; data/processed/tokyo_logistics_hub_candidates.csv; /Geofabrik; /raw/osm/tokyo/kanto-260703-free.shp.zip; data/processed/osm_tokyo_road_network_summary.csv; /raw/vehicle_specs/official_sources; outputs/use_case_scenario/vehicle_scenario_rules.csv; /raw/evrp_benchmarks; outputs/use_case_scenario/evrp_benchmark_instance_fields.csv; figures/01_quantum_vrp_evidence/figure_1_presentation_plot_data.csv; scenario_customers_seeded.csv; feasibility_results_by_seed.csv; feasibility_summary_by_scenario.csv; bottleneck_to_evidence_gap_matrix.csv; make_evrp_scenario_story_visuals.py; scenario_customers.csv; charger_sensitivity_scenarios.csv; tokyo_evrp_distance_proxy_by_customer.csv; feasibility_customer_results_by_seed.csv; tokyo_evrp_route_proxy_results.csv; feasibility_effect_sizes.csv; feasibility_anova_results.csv; feasibility_regression_coefficients.csv; tokyo_open_data_coverage_summary.csv; problem_structure_growth_score.csv; benchmark_design_implications.csv; source_data_inventory.csv,estat_tokyo_mesh_population_cells.csv; open_charge_map_tokyo_boundary_clipped_connections.csv; scenario_depots.csv; vehicle_scenario_rules.csv; tokyo_evrp_scenario_design.csv; quantum_evrp_gap_score.csv; evrp_requirement_gap_evidence_table.csv; scenario_instances.csv; route_results.csv; constraint_results.csv; constraint_unmet_rates.csv; data/processed/estat_tokyo_mesh_population_cells.csv; data/raw/charging_infrastructure/open_charge_map/tokyo/open_charge_map_tokyo_detailed_2026-07-05.json; data/processed/open_charge_map_tokyo_boundary_clipped_connections.csv; data/processed/tokyo_logistics_hub_candidates.csv; data/processed/osm_tokyo_road_network_summary.csv; outputs/use_case_scenario/vehicle_scenario_rules.csv; outputs/use_case_scenario/evrp_benchmark_instance_fields.csv; figures/01_quantum_vrp_evidence/figure_1_presentation_plot_data.csv; feasibility_sensitivity_heatmap.png; feasibility_component_decomposition.png; feasibility_robustness_errorbar.png; problem_structure_growth_proxy.png; bottleneck_to_evidence_gap_matrix.png; bottleneck_evidence_quadrant_plot.png; scenario_customers_seeded.csv; feasibility_results_by_seed.csv; feasibility_summary_by_scenario.csv; bottleneck_to_evidence_gap_matrix.csv; figures/04_evrp_feasibility/feasibility_sensitivity_heatmap.png; figures/04_evrp_feasibility/feasibility_component_decomposition.png; figures/04_evrp_feasibility/feasibility_robustness_errorbar.png; figures/04_evrp_feasibility/problem_structure_growth_proxy.png; figures/04_evrp_feasibility/bottleneck_to_evidence_gap_matrix.png; figures/04_evrp_feasibility/bottleneck_evidence_quadrant_plot.png; evrp_scenario_snapshot_medium_seed1_ja.png; evrp_scenario_size_examples_ja.png; evrp_monte_carlo_scenario_matrix_ja.png; scenario_customers.csv; charger_sensitivity_scenarios.csv; tokyo_evrp_distance_proxy_by_customer.csv; feasibility_customer_results_by_seed.csv; tokyo_evrp_route_proxy_results.csv; feasibility_effect_sizes.csv; feasibility_anova_results.csv; feasibility_regression_coefficients.csv; tokyo_open_data_coverage_summary.csv; problem_structure_growth_score.csv; benchmark_design_implications.csv; source_data_inventory.csv,003_20260712_usage_map.csv; 010_20260712_code_data_dependency_map.csv; backup/20260711_before_constraint_gap_refactor/notebooks/tokyo_evrp_scenario_to_charging_pathway.ipynb; backup/20260711_before_constraint_gap_refactor/scripts/make_evidence_based_propagation_network.py; backup/20260711_before_constraint_gap_refactor/scripts/make_simulation_derived_charging_pathway.py; deprecated_outputs/charging_pathway_legacy/explanation_package/quantum_evrp_explanation_package/07_executed_python_code/make_simulation_derived_charging_pathway.py; deprecated_outputs/charging_pathway_legacy/explanation_package/quantum_evrp_explanation_package/08_simulation_derived_outputs/01_route_branch_variables.csv; deprecated_outputs/charging_pathway_legacy/explanation_package/quantum_evrp_explanation_package/08_simulation_derived_outputs/02_charger_branch_variables.csv; deprecated_outputs/charging_pathway_legacy/explanation_package/quantum_evrp_explanation_package/08_simulation_derived_outputs/09_simulation_derived_edges.csv; deprecated_outputs/charging_pathway_legacy/explanation_package/quantum_evrp_explanation_package/08_simulation_derived_outputs/10_model_boundary_notes.csv; deprecated_outputs/charging_pathway_legacy/explanation_package/quantum_evrp_explanation_package/08_simulation_derived_outputs/11_simulation_derived_pathway_report.md; deprecated_outputs/charging_pathway_legacy/outputs/simulation_derived_charging_pathway/01_route_branch_variables.csv; deprecated_outputs/charging_pathway_legacy/outputs/simulation_derived_charging_pathway/02_charger_branch_variables.csv; deprecated_outputs/charging_pathway_legacy/outputs/simulation_derived_charging_pathway/09_simulation_derived_edges.csv; deprecated_outputs/charging_pathway_legacy/outputs/simulation_derived_charging_pathway/10_model_boundary_notes.csv; deprecated_outputs/charging_pathway_legacy/outputs/simulation_derived_charging_pathway/11_simulation_derived_pathway_report.md; deprecated_outputs/charging_pathway_legacy/outputs/simulation_derived_charging_pathway/12_data_driven_pathway_nodes.csv; deprecated_outputs/charging_pathway_legacy/outputs/simulation_derived_charging_pathway/13_data_driven_pathway_edges.csv; deprecated_outputs/legacy_evrp_outputs/evrp_scenarios/regeneration_summary.md; deprecated_outputs/legacy_evrp_outputs/use_case_scenario/data_source_api_rule_registry.csv; deprecated_outputs/legacy_evrp_outputs/use_case_scenario/network_feasibility_audit/01_simulation_input_inventory.csv; deprecated_outputs/legacy_evrp_outputs/use_case_scenario/network_feasibility_audit/11_charger_route_propagation_audit.md; deprecated_outputs/legacy_evrp_outputs/use_case_scenario/pipeline_csv_generation_usage_map.csv; outputs/slide_revision/citation_audit.md,pending exact asset match,likely,retain_and_reorganize
/Users/tstakuma/Desktop/github/research/deprecated_outputs/charging_pathway_legacy/explanation_package/quantum_evrp_explanation_package/07_executed_python_code/make_evrp_requirement_gap_analysis.py,import matplotlib.py; /use_case_scenario; figure_1_presentation_plot_data.csv; tokyo_evrp_quantum_requirement_map.csv; evrp_benchmark_instance_fields.csv; tokyo_evrp_scenario_design.csv; scenario_available_chargers.csv; scenario_depots.csv; vehicle_scenario_rules.csv; /locations; Scenario vehicle count in tokyo_evrp_scenario_design.csv; /trucks; /vehicle; Vehicle battery/range scenarios and usable-range factor in vehicle_scenario_rules.csv; /SOC; /range; /fuel; /width; P31 logistics facilities screened into scenario_depots.csv; /cost; /Goeke; /proxy; /historical; /CVRP/VRPTW/HVRP; /hardware-aware; /indirect/static-only; /Public; /Direct; /traffic; evrp_requirement_gap_evidence_table.csv; static_vs_dynamic_readiness_table.csv; quantum_evrp_gap_score.csv,figure_1_presentation_plot_data.csv; tokyo_evrp_quantum_requirement_map.csv; evrp_benchmark_instance_fields.csv; tokyo_evrp_scenario_design.csv; scenario_available_chargers.csv; scenario_depots.csv; vehicle_scenario_rules.csv; Scenario vehicle count in tokyo_evrp_scenario_design.csv; Vehicle battery/range scenarios and usable-range factor in vehicle_scenario_rules.csv; P31 logistics facilities screened into scenario_depots.csv; tokyo_static_evrp_requirement_coverage.png; evrp_requirement_gap_evidence_table.csv; static_vs_dynamic_readiness_table.csv; quantum_evrp_gap_score.csv; figures/02_requirement_mapping/tokyo_static_evrp_requirement_coverage.png,003_20260712_usage_map.csv,pending exact asset match,likely,retain_and_reorganize
/Users/tstakuma/Desktop/github/research/deprecated_outputs/charging_pathway_legacy/explanation_package/quantum_evrp_explanation_package/07_executed_python_code/make_evrp_scenario_story_visuals.py,import matplotlib.py; scenario_customers_seeded.csv; scenario_depots.csv; charger_sensitivity_scenarios.csv; tokyo_evrp_scenario_design.csv; tokyo_evrp_route_proxy_results.csv; estat_tokyo_mesh_population_cells.csv; /=; //{BOUNDARY_ZIP}!N03-20240101_13.shp; /車両グループ; evrp_scenario_snapshot_medium_seed1_ja.svg; evrp_scenario_size_examples_ja.svg; evrp_monte_carlo_scenario_matrix_ja.svg; /medium/large,scenario_customers_seeded.csv; scenario_depots.csv; charger_sensitivity_scenarios.csv; tokyo_evrp_scenario_design.csv; tokyo_evrp_route_proxy_results.csv; estat_tokyo_mesh_population_cells.csv; evrp_scenario_snapshot_medium_seed1_ja.png; evrp_scenario_size_examples_ja.png; evrp_monte_carlo_scenario_matrix_ja.png; figures/03_tokyo_evrp_scenario/evrp_scenario_snapshot_medium_seed1_ja.png; figures/03_tokyo_evrp_scenario/evrp_scenario_size_examples_ja.png; figures/03_tokyo_evrp_scenario/evrp_monte_carlo_scenario_matrix_ja.png,003_20260712_usage_map.csv; 010_20260712_code_data_dependency_map.csv; backup/20260711_before_constraint_gap_refactor/notebooks/tokyo_evrp_scenario_to_charging_pathway.ipynb; backup/20260711_before_constraint_gap_refactor/scripts/make_evrp_feasibility_sensitivity_analysis.py; deprecated_outputs/charging_pathway_legacy/explanation_package/quantum_evrp_explanation_package/07_executed_python_code/make_evrp_feasibility_sensitivity_analysis.py; deprecated_outputs/legacy_evrp_outputs/evrp_scenarios/regeneration_summary.md; deprecated_outputs/legacy_evrp_outputs/use_case_scenario/pipeline_csv_generation_usage_map.csv; outputs/slide_revision/rendered_slides/slide-14.layout.json,pending exact asset match,likely,retain_and_reorganize
/Users/tstakuma/Desktop/github/research/deprecated_outputs/charging_pathway_legacy/explanation_package/quantum_evrp_explanation_package/07_executed_python_code/make_monte_carlo_evrp_visualizations.py,import matplotlib.py; feasibility_results_by_seed.csv; bottleneck_to_evidence_gap_matrix.csv; tokyo_evrp_route_proxy_results.csv; /qubits報告に\n各制約が含まれるかを分類; monte_carlo_unmet_rates_long.csv; monte_carlo_evrp_gap_summary_external.csv,feasibility_results_by_seed.csv; bottleneck_to_evidence_gap_matrix.csv; tokyo_evrp_route_proxy_results.csv; monte_carlo_evrp_design_overview_ja.png; monte_carlo_unmet_rate_mean_ci_ja.png; monte_carlo_unmet_rate_distribution_ja.png; monte_carlo_evrp_quantum_gap_table_ja.png; figures/05_monte_carlo_uncertainty/monte_carlo_evrp_design_overview_ja.png; figures/05_monte_carlo_uncertainty/monte_carlo_unmet_rate_mean_ci_ja.png; figures/05_monte_carlo_uncertainty/monte_carlo_unmet_rate_distribution_ja.png; figures/05_monte_carlo_uncertainty/monte_carlo_evrp_quantum_gap_table_ja.png; monte_carlo_unmet_rates_long.csv; monte_carlo_evrp_gap_summary_external.csv,003_20260712_usage_map.csv; 010_20260712_code_data_dependency_map.csv; backup/20260711_before_constraint_gap_refactor/notebooks/tokyo_evrp_scenario_to_charging_pathway.ipynb; deprecated_outputs/legacy_evrp_outputs/use_case_scenario/data_source_api_rule_registry.csv; deprecated_outputs/legacy_evrp_outputs/use_case_scenario/pipeline_csv_generation_usage_map.csv; outputs/slide_revision/citation_audit.md; outputs/slide_revision/rendered_slides/slide-12.layout.json; outputs/slide_revision/rendered_slides/slide-19.layout.json,pending exact asset match,likely,retain_and_reorganize
/Users/tstakuma/Desktop/github/research/deprecated_outputs/charging_pathway_legacy/explanation_package/quantum_evrp_explanation_package/07_executed_python_code/make_presentation_figure_1.py,import matplotlib.py; circuit_resources.csv; social_quantum_readiness_alignment.csv; /truck; /qubits; figure_1_presentation_plot_data.csv,circuit_resources.csv; social_quantum_readiness_alignment.csv; figure_1_width_by_instance.png; figure_1_presentation_plot_data.csv,003_20260712_usage_map.csv; 010_20260712_code_data_dependency_map.csv; README.md; backup/20260711_before_constraint_gap_refactor/notebooks/tokyo_evrp_scenario_to_charging_pathway.ipynb; backup/20260711_before_constraint_gap_refactor/root_files/README.md; deprecated_outputs/charging_pathway_legacy/explanation_package/quantum_evrp_explanation_package/README.md; literature/11_circuit_resource_extraction.md; literature/57_srl_qrl_matrix_scoring_workflow.md; notebooks/literature_to_figures_workflow.ipynb; outputs/slide_revision/citation_audit.md; outputs/slide_revision/rendered_slides/slide-05.layout.json; outputs/slide_revision/rendered_slides/slide-19.layout.json,pending exact asset match,likely,retain_and_reorganize
/Users/tstakuma/Desktop/github/research/deprecated_outputs/charging_pathway_legacy/explanation_package/quantum_evrp_explanation_package/07_executed_python_code/make_qrl_srl_table_figure.py,import matplotlib.py; qrl_wise_srl_score_summary.csv,qrl_wise_srl_score_summary.csv; qrl_srl_score_summary_table.png,003_20260712_usage_map.csv; 010_20260712_code_data_dependency_map.csv; backup/20260711_before_constraint_gap_refactor/notebooks/tokyo_evrp_scenario_to_charging_pathway.ipynb,pending exact asset match,likely,retain_and_reorganize
/Users/tstakuma/Desktop/github/research/deprecated_outputs/charging_pathway_legacy/explanation_package/quantum_evrp_explanation_package/07_executed_python_code/make_qrl_wise_srl_score_table.py,figure_1_presentation_plot_data.csv; srl_qrl_placement_from_figure_1_data.csv; qrl_wise_srl_score_summary.csv; /locations; /3; /3`; /location; /grid制約、動的再最適化を直接含む問題インスタンスではない。そのため、hardware-aware; /logistics実運用に近いことは区別して読む必要がある。; /resource-estimation文脈で使われるベンチマークで、200; /direct; /logistics側のSRL3-SRL4要求と、量子側の既存証拠にはギャップがある; /depot; /depot制約は、車両経路だけでなく運用可能性を制約する。; /runtime要求が生じる。,figure_1_presentation_plot_data.csv; srl_qrl_placement_from_figure_1_data.csv; qrl_wise_srl_score_summary.csv; figure_1_srl_qrl_matrix.png,003_20260712_usage_map.csv; 010_20260712_code_data_dependency_map.csv; README.md; backup/20260711_before_constraint_gap_refactor/notebooks/tokyo_evrp_scenario_to_charging_pathway.ipynb; backup/20260711_before_constraint_gap_refactor/root_files/README.md; literature/57_srl_qrl_matrix_scoring_workflow.md; outputs/slide_revision/citation_audit.md; outputs/slide_revision/rendered_slides/slide-07.layout.json; outputs/slide_revision/rendered_slides/slide-19.layout.json,pending exact asset match,likely,retain_and_reorganize
/Users/tstakuma/Desktop/github/research/deprecated_outputs/charging_pathway_legacy/explanation_package/quantum_evrp_explanation_package/07_executed_python_code/make_simulation_derived_charging_pathway.py,import matplotlib.py; route_results.csv; tokyo_evrp_route_proxy_results.csv; scenario_instances.csv; outputs/evrp_scenarios/scenario_instances.csv; scripts/make_evrp_feasibility_sensitivity_analysis.py; /longitude; outputs/use_case_scenario/tokyo_evrp_distance_proxy_by_customer.csv; /lon; outputs/evrp_scenarios/route_results.csv; /h; derived in scripts/make_simulation_derived_charging_pathway.py; scripts/make_simulation_derived_charging_pathway.py; outputs/use_case_scenario/tokyo_evrp_route_proxy_results.csv; outputs/use_case_scenario/simulation_derived_charging_pathway/03_potential_charging_event_results.csv; /share; outputs/use_case_scenario/simulation_derived_charging_pathway/08_supplemental_charging_energy_proxy_results.csv; /depot; /selected; /km; scripts/make_evidence_based_propagation_network.py; /end; /time; simulation_derived_charging_pathway_ja.svg; /model; 01_route_branch_variables.csv; 02_charger_branch_variables.csv; 03_potential_charging_event_results.csv; 04_potential_charging_event_summary.csv; 05_charger_condition_paired_transitions.csv; 06_selected_charger_paired_changes.csv; 07_charger_side_output_changes.csv; 08_supplemental_charging_energy_proxy_results.csv; 09_simulation_derived_edges.csv; 10_model_boundary_notes.csv; figures/02_requirement_mapping/simulation_derived_charging_pathway_ja.svg; python3 scripts/make_simulation_derived_charging_pathway.py,route_results.csv; tokyo_evrp_route_proxy_results.csv; scenario_instances.csv; outputs/evrp_scenarios/scenario_instances.csv; outputs/use_case_scenario/tokyo_evrp_distance_proxy_by_customer.csv; outputs/evrp_scenarios/route_results.csv; outputs/use_case_scenario/tokyo_evrp_route_proxy_results.csv; outputs/use_case_scenario/simulation_derived_charging_pathway/03_potential_charging_event_results.csv; outputs/use_case_scenario/simulation_derived_charging_pathway/08_supplemental_charging_energy_proxy_results.csv; simulation_derived_charging_pathway_ja.png; 01_route_branch_variables.csv; 02_charger_branch_variables.csv; 03_potential_charging_event_results.csv; 04_potential_charging_event_summary.csv; 05_charger_condition_paired_transitions.csv; 06_selected_charger_paired_changes.csv; 07_charger_side_output_changes.csv; 08_supplemental_charging_energy_proxy_results.csv; 09_simulation_derived_edges.csv; 10_model_boundary_notes.csv; figures/02_requirement_mapping/simulation_derived_charging_pathway_ja.png,003_20260712_usage_map.csv; 010_20260712_code_data_dependency_map.csv; backup/20260711_before_constraint_gap_refactor/notebooks/tokyo_evrp_scenario_to_charging_pathway.ipynb; backup/20260711_before_constraint_gap_refactor/scripts/make_simulation_derived_charging_pathway.py; deprecated_outputs/charging_pathway_legacy/explanation_package/quantum_evrp_explanation_package/07_executed_python_code/make_simulation_derived_charging_pathway.py; deprecated_outputs/charging_pathway_legacy/explanation_package/quantum_evrp_explanation_package/08_simulation_derived_outputs/01_route_branch_variables.csv; deprecated_outputs/charging_pathway_legacy/explanation_package/quantum_evrp_explanation_package/08_simulation_derived_outputs/02_charger_branch_variables.csv; deprecated_outputs/charging_pathway_legacy/explanation_package/quantum_evrp_explanation_package/08_simulation_derived_outputs/09_simulation_derived_edges.csv; deprecated_outputs/charging_pathway_legacy/explanation_package/quantum_evrp_explanation_package/08_simulation_derived_outputs/10_model_boundary_notes.csv; deprecated_outputs/charging_pathway_legacy/explanation_package/quantum_evrp_explanation_package/08_simulation_derived_outputs/11_simulation_derived_pathway_report.md; deprecated_outputs/charging_pathway_legacy/outputs/simulation_derived_charging_pathway/01_route_branch_variables.csv; deprecated_outputs/charging_pathway_legacy/outputs/simulation_derived_charging_pathway/02_charger_branch_variables.csv; deprecated_outputs/charging_pathway_legacy/outputs/simulation_derived_charging_pathway/09_simulation_derived_edges.csv; deprecated_outputs/charging_pathway_legacy/outputs/simulation_derived_charging_pathway/10_model_boundary_notes.csv; deprecated_outputs/charging_pathway_legacy/outputs/simulation_derived_charging_pathway/11_simulation_derived_pathway_report.md; deprecated_outputs/charging_pathway_legacy/outputs/simulation_derived_charging_pathway/12_data_driven_pathway_nodes.csv; deprecated_outputs/charging_pathway_legacy/outputs/simulation_derived_charging_pathway/13_data_driven_pathway_edges.csv; deprecated_outputs/legacy_evrp_outputs/use_case_scenario/data_source_api_rule_registry.csv; deprecated_outputs/legacy_evrp_outputs/use_case_scenario/pipeline_csv_generation_usage_map.csv; outputs/slide_revision/citation_audit.md; outputs/slide_revision/rendered_slides/slide-15.layout.json; outputs/slide_revision/rendered_slides/slide-19.layout.json,pending exact asset match,likely,retain_and_reorganize
/Users/tstakuma/Desktop/github/research/deprecated_outputs/charging_pathway_legacy/explanation_package/quantum_evrp_explanation_package/07_executed_python_code/make_srl_qrl_methodology_design.py,import matplotlib.py; /System/Library/Fonts/ヒラギノ角ゴシック; /System/Library/Fonts/Supplemental/Arial; /QRL; /CVRP; /logistics; /grid; /workflow; /SRL; social_stage_sources.csv; technical_stage_sources.csv; social_stage_variable_extraction.csv; technical_stage_variable_extraction.csv; social_quantum_readiness_alignment.csv; quantum_readiness_evidence.csv; /depth/backend,srl_qrl_methodology_design.png; social_stage_sources.csv; technical_stage_sources.csv; social_stage_variable_extraction.csv; technical_stage_variable_extraction.csv; social_quantum_readiness_alignment.csv; quantum_readiness_evidence.csv,003_20260712_usage_map.csv; README.md; backup/20260711_before_constraint_gap_refactor/root_files/README.md,pending exact asset match,likely,retain_and_reorganize
/Users/tstakuma/Desktop/github/research/deprecated_outputs/charging_pathway_legacy/explanation_package/quantum_evrp_explanation_package/07_executed_python_code/make_tokyo_evrp_quantum_requirement_map.py,socio_technical_variables.csv; evrp_benchmark_instance_summary.csv; evrp_vs_quantum_vrp_scale_comparison.csv; tokyo_evrp_quantum_requirement_map.csv; /Goeke; /locations; /evaluated; /qubits; /status; /E-CVRP; /cargo; /resource; /power; /SOC; /fuel; /width; /end; /cost; /travel-time; /depth,socio_technical_variables.csv; evrp_benchmark_instance_summary.csv; evrp_vs_quantum_vrp_scale_comparison.csv; tokyo_evrp_quantum_requirement_map.csv,003_20260712_usage_map.csv,pending exact asset match,likely,retain_and_reorganize
/Users/tstakuma/Desktop/github/research/deprecated_outputs/charging_pathway_legacy/explanation_package/quantum_evrp_explanation_package/07_executed_python_code/make_tokyo_evrp_quantum_requirement_map_ja.py,tokyo_evrp_quantum_requirement_map.csv; tokyo_evrp_quantum_requirement_map_ja.csv; /Goeke; /km2、Tokyo人口14047594人、OSM道路網。これらはsynthetic; /locations。Golden_5は200; /qubitsを報告することが多く、EVRP; /statusは不完全な可能性があり、bounding-boxに周辺市が入る可能性がある。; /E-CVRPを分けるため。; /cargoは直接得られていない。車種またはbenchmark仮定が必要。; /resource; /power; /SOC; /km2、road; /widthを報告する一方で、EV; /cost; /travel-time; /5、GTFS; /SOCと結合していない。; /depthだけでなく、EVRP; /SOC、depot、Tokyo固有の配送時間帯はscenario,tokyo_evrp_quantum_requirement_map.csv; tokyo_evrp_quantum_requirement_map_ja.csv,003_20260712_usage_map.csv,pending exact asset match,likely,retain_and_reorganize
/Users/tstakuma/Desktop/github/research/deprecated_outputs/charging_pathway_legacy/explanation_package/quantum_evrp_explanation_package/07_executed_python_code/make_tokyo_evrp_scenario_inputs.py,/use_case_scenario; /processed; open_charge_map_tokyo_boundary_clipped_connections.csv; open_charge_map_tokyo_boundary_clipped_stations.csv; tokyo_logistics_hub_candidates.csv; ev_truck_specs_scenario.csv; tokyo_freight_flow_census_summary.csv; estat_tokyo_mesh_population_summary.csv; /warehouse; /parcel; /depot; /cargo; /afternoon/all-day; /ELF/Dutro; scenario_depots.csv; scenario_available_chargers.csv; vehicle_scenario_rules.csv; charger_screening_rules.csv; depot_selection_rules.csv; synthetic_customer_node_rules.csv; tokyo_evrp_scenario_design.csv,open_charge_map_tokyo_boundary_clipped_connections.csv; open_charge_map_tokyo_boundary_clipped_stations.csv; tokyo_logistics_hub_candidates.csv; ev_truck_specs_scenario.csv; tokyo_freight_flow_census_summary.csv; estat_tokyo_mesh_population_summary.csv; scenario_depots.csv; scenario_available_chargers.csv; vehicle_scenario_rules.csv; charger_screening_rules.csv; depot_selection_rules.csv; synthetic_customer_node_rules.csv; tokyo_evrp_scenario_design.csv,003_20260712_usage_map.csv; 010_20260712_code_data_dependency_map.csv; backup/20260711_before_constraint_gap_refactor/notebooks/tokyo_evrp_scenario_to_charging_pathway.ipynb; deprecated_outputs/legacy_evrp_outputs/use_case_scenario/data_source_api_rule_registry.csv; deprecated_outputs/legacy_evrp_outputs/use_case_scenario/pipeline_csv_generation_usage_map.csv; deprecated_outputs/legacy_evrp_outputs/use_case_scenario/tokyo_evrp_scenario_design_generation_trace.csv; outputs/slide_revision/citation_audit.md; outputs/slide_revision/rendered_slides/slide-19.layout.json,pending exact asset match,likely,retain_and_reorganize
/Users/tstakuma/Desktop/github/research/deprecated_outputs/charging_pathway_legacy/explanation_package/quantum_evrp_explanation_package/07_executed_python_code/process_ev_vehicle_specs.py,/raw/vehicle_specs/official_sources; /processed; data/raw/vehicle_specs/ev_vehicle_specs_sources.csv; ev_truck_specs_scenario.csv; ev_truck_specs_summary.csv; literature/use_case_scenario/open_data_source_inventory.csv; data/processed/socio_technical_variables.csv; https://www.mitsubishi-fuso.com/ja/news-main/press-release/2023/03/09/%E9%9B%BB%E6%B0%97%E5%B0%8F%E5%9E%8B%E3%83%88%E3%83%A9%E3%83%83%E3%82%AF%E3%80%8Cecanter%E3%80%8D%E6%96%B0%E5%9E%8B%E3%83%A2%E3%83%87%E3%83%AB%E3%82%92%E7%99%BA%E5%A3%B2/; https://www.mitsubishi-fuso.com/ja/news-main/press-release/2023/09/12/%E9%9B%BB%E6%B0%97%E5%B0%8F%E5%9E%8B%E3%83%88%E3%83%A9%E3%83%83%E3%82%AF%E3%80%8Cecanter%E3%80%8D%E6%96%B0%E5%9E%8B%E3%83%A2%E3%83%87%E3%83%AB%E7%B4%84900%E5%8F%B0%E3%82%92%E3%83%A4%E3%83%9E%E3%83%88/; https://www.isuzu.co.jp/product/elf/ev/; https://www.hino.co.jp/corp/news/2024/20240918-003755.html; https://toyota.jp/pages/contents/pixisvan/002_b_001/pdf/pixisvan_spec_202606.pdf; toyota_pixisvan_bev_spec_202606.pdf; /h; /spec; /range; /NMR; /1.0; see data/raw/vehicle_specs/ev_vehicle_specs_sources.csv; /raw/vehicle_specs/official_sources/; /pdf; /PDF; data/processed/ev_truck_specs_scenario.csv,data/raw/vehicle_specs/ev_vehicle_specs_sources.csv; ev_truck_specs_scenario.csv; ev_truck_specs_summary.csv; literature/use_case_scenario/open_data_source_inventory.csv; data/processed/socio_technical_variables.csv; https://toyota.jp/pages/contents/pixisvan/002_b_001/pdf/pixisvan_spec_202606.pdf; toyota_pixisvan_bev_spec_202606.pdf; see data/raw/vehicle_specs/ev_vehicle_specs_sources.csv; data/processed/ev_truck_specs_scenario.csv,003_20260712_usage_map.csv; deprecated_outputs/legacy_evrp_outputs/use_case_scenario/data_source_api_rule_registry.csv; deprecated_outputs/legacy_evrp_outputs/use_case_scenario/pipeline_csv_generation_usage_map.csv,pending exact asset match,likely,retain_and_reorganize
/Users/tstakuma/Desktop/github/research/deprecated_outputs/charging_pathway_legacy/explanation_package/quantum_evrp_explanation_package/07_executed_python_code/process_mlit_logistics_hubs.py,/raw/logistics/mlit_logistics_hubs/P31-13_13.zip; /processed/_tmp_p31; data/processed/tokyo_logistics_hub_candidates.csv; data/processed/tokyo_logistics_hub_summary.csv; data/processed/tokyo_logistics_hub_by_type.csv; literature/use_case_scenario/open_data_source_inventory.csv; data/processed/socio_technical_variables.csv; outputs/use_case_scenario/future_wheels_pre_analysis_action_status.csv; /P31-13_13_e.shp; /latitude; /depot; https://nlftp.mlit.go.jp/ksj/gml/datalist/KsjTmplt-P31.html; /warehouse,data/processed/tokyo_logistics_hub_candidates.csv; data/processed/tokyo_logistics_hub_summary.csv; data/processed/tokyo_logistics_hub_by_type.csv; literature/use_case_scenario/open_data_source_inventory.csv; data/processed/socio_technical_variables.csv; outputs/use_case_scenario/future_wheels_pre_analysis_action_status.csv,003_20260712_usage_map.csv; deprecated_outputs/legacy_evrp_outputs/use_case_scenario/pipeline_csv_generation_usage_map.csv,pending exact asset match,likely,retain_and_reorganize
/Users/tstakuma/Desktop/github/research/deprecated_outputs/charging_pathway_legacy/explanation_package/quantum_evrp_explanation_package/07_executed_python_code/process_tokyo_public_data_inputs.py,/raw/boundary/mlit_n03_tokyo/N03-20240101_13_GML.zip; /raw/estat/tokyo_mesh/tblT001101H13.zip; /raw/smart_city/traffic/tokyo_metropolitan_police/02_cyousakekka_csv.zip; data/raw/smart_city/traffic/mlit_road_census_tokyo/zkntrf13.csv; /processed; literature/use_case_scenario/open_data_source_inventory.csv; data/processed/socio_technical_variables.csv; outputs/use_case_scenario/future_wheels_pre_analysis_action_status.csv; tokyo_boundary_n03_summary.csv; tokyo_boundary_n03_municipalities.csv; /N03-20240101_13.geojson; estat_tokyo_mesh_population_cells.csv; estat_tokyo_mesh_population_summary.csv; tokyo_police_traffic_stats_inventory.csv; tokyo_police_traffic_border_hourly_all_vehicles.csv; tokyo_police_traffic_stats_summary.csv; 2-2-15jikanbetu_ryuusyutunyuu_zensya.csv; mlit_road_census_tokyo_traffic_summary.csv; mlit_road_census_tokyo_traffic_by_vehicle_class.csv; https://nlftp.mlit.go.jp/ksj/gml/datalist/KsjTmplt-N03-2024.html; https://www.e-stat.go.jp/gis/statmap-search?page=1&toukeiCode=00200521&type=1; https://catalog.data.metro.tokyo.lg.jp/dataset/t000022d0000000035; https://www.mlit.go.jp/road/census/r3/; from 2-2-15jikanbetu_ryuusyutunyuu_zensya.csv; values across rows in zkntrf13.csv,data/raw/smart_city/traffic/mlit_road_census_tokyo/zkntrf13.csv; literature/use_case_scenario/open_data_source_inventory.csv; data/processed/socio_technical_variables.csv; outputs/use_case_scenario/future_wheels_pre_analysis_action_status.csv; tokyo_boundary_n03_summary.csv; tokyo_boundary_n03_municipalities.csv; estat_tokyo_mesh_population_cells.csv; estat_tokyo_mesh_population_summary.csv; tokyo_police_traffic_stats_inventory.csv; tokyo_police_traffic_border_hourly_all_vehicles.csv; tokyo_police_traffic_stats_summary.csv; 2-2-15jikanbetu_ryuusyutunyuu_zensya.csv; mlit_road_census_tokyo_traffic_summary.csv; mlit_road_census_tokyo_traffic_by_vehicle_class.csv; from 2-2-15jikanbetu_ryuusyutunyuu_zensya.csv; values across rows in zkntrf13.csv,003_20260712_usage_map.csv; deprecated_outputs/legacy_evrp_outputs/use_case_scenario/data_source_api_rule_registry.csv; deprecated_outputs/legacy_evrp_outputs/use_case_scenario/pipeline_csv_generation_usage_map.csv,pending exact asset match,likely,retain_and_reorganize
/Users/tstakuma/Desktop/github/research/future_design_analysis_methods/exercises/ai/01_systems_thinking.ipynb,nimport matplotlib.py; jp_font.py; /均衡ループの本数を注記する。; /暖色; /寒色\nfor; /B; /出力品質↓,,003_20260712_usage_map.csv; 010_20260712_code_data_dependency_map.csv; future_design_analysis_methods/methods/01_systems_thinking.md,pending exact asset match,likely,retain_and_reorganize
/Users/tstakuma/Desktop/github/research/future_design_analysis_methods/exercises/ai/02_morphological_analysis.ipynb,nimport matplotlib.py; jp_font.py; /{total}; /A,,003_20260712_usage_map.csv; 010_20260712_code_data_dependency_map.csv; future_design_analysis_methods/methods/02_morphological_analysis.md,pending exact asset match,likely,retain_and_reorganize
/Users/tstakuma/Desktop/github/research/future_design_analysis_methods/exercises/ai/03_delphi_method.ipynb,nimport matplotlib.py; jp_font.py,,003_20260712_usage_map.csv; 010_20260712_code_data_dependency_map.csv; future_design_analysis_methods/methods/03_delphi_method.md,pending exact asset match,likely,retain_and_reorganize
/Users/tstakuma/Desktop/github/research/future_design_analysis_methods/exercises/ai/04_backcasting.ipynb,nimport matplotlib.py; jp_font.py; /年; /年\; /yr; /最大）がどう変わるかを比較表にまとめよ。,,003_20260712_usage_map.csv; 010_20260712_code_data_dependency_map.csv; future_design_analysis_methods/methods/04_backcasting.md,pending exact asset match,likely,retain_and_reorganize
/Users/tstakuma/Desktop/github/research/future_design_analysis_methods/exercises/ai/05_fmea.ipynb,/O/D; nimport matplotlib.py; jp_font.py; /脱獄による安全機構の回避\; /before; /O/D（MITIGATED）を各モードに与えて再採点し、対策前後の,,003_20260712_usage_map.csv; 010_20260712_code_data_dependency_map.csv; future_design_analysis_methods/methods/05_fmea.md,pending exact asset match,likely,retain_and_reorganize
/Users/tstakuma/Desktop/github/research/future_design_analysis_methods/exercises/ai/06_futures_wheel.ipynb,nimport matplotlib.py; jp_font.py; /T/E/En/P）\n; /color; /技術/経済/環境/政治）を属性として追加し、分類別に「効果数」と「期待インパクト合計」を集計せよ。どの次元の枝が薄いか（網羅性の欠落）を点検できるようにする。\n**課題B**,,003_20260712_usage_map.csv; 010_20260712_code_data_dependency_map.csv; future_design_analysis_methods/methods/06_futures_wheel.md,pending exact asset match,likely,retain_and_reorganize
/Users/tstakuma/Desktop/github/research/future_design_analysis_methods/exercises/ai/07_simulation_modeling.ipynb,nimport matplotlib.py; jp_font.py; /n_trials*100:.1f}%\; /高位に振り、他は基準値に固定して; /高位を振る。\n#; /高位の振れ幅（基準値からの割合）\n\nparam_ranges; /高位に振り、2040年の累積採用企業数の変化を測る。他のパラメータは基準値に固定する（一要因感度分析）。; /基準/高位」に振り、2040年採用率の変化幅を棒で並べたトルネード図を作成せよ。どちらの係数が結果を支配するかを可視化する（感度分析）。\n\n**課題B**,,003_20260712_usage_map.csv; 010_20260712_code_data_dependency_map.csv; future_design_analysis_methods/methods/07_simulation_modeling.md,pending exact asset match,likely,retain_and_reorganize
/Users/tstakuma/Desktop/github/research/future_design_analysis_methods/exercises/ai/08_social_network_analysis.ipynb,nimport matplotlib.py; jp_font.py; /人材流動/共同研究/依存関係）を表す無向隣接行列を構築する。; /人材流動/共同研究/依存）の無向隣接行列を返す。\; /大学/クラウド\n; /導入企業\n; /color,,003_20260712_usage_map.csv; 010_20260712_code_data_dependency_map.csv; future_design_analysis_methods/methods/08_social_network_analysis.md,pending exact asset match,likely,retain_and_reorganize
/Users/tstakuma/Desktop/github/research/future_design_analysis_methods/exercises/ai/09_systems_engineering.ipynb,/オンプレLLM/ファインチューニング/RAG構成）を5つの基準で比較し、さらに重みを; nimport matplotlib.py; jp_font.py; /-20%,,003_20260712_usage_map.csv; 010_20260712_code_data_dependency_map.csv; future_design_analysis_methods/methods/09_systems_engineering.md,pending exact asset match,likely,retain_and_reorganize
/Users/tstakuma/Desktop/github/research/future_design_analysis_methods/exercises/ai/10_trend_analysis.ipynb,nimport matplotlib.py; jp_font.py; /(1+exp(-b*(t-t0,,003_20260712_usage_map.csv; 010_20260712_code_data_dependency_map.csv; future_design_analysis_methods/methods/10_trend_analysis.md,pending exact asset match,likely,retain_and_reorganize
/Users/tstakuma/Desktop/github/research/future_design_analysis_methods/exercises/ai/11_scenario_planning.ipynb,nimport matplotlib.py; jp_font.py,,003_20260712_usage_map.csv; 010_20260712_code_data_dependency_map.csv; future_design_analysis_methods/methods/11_scenario_planning.md,pending exact asset match,likely,retain_and_reorganize
/Users/tstakuma/Desktop/github/research/future_design_analysis_methods/exercises/ai/12_cross_impact_analysis.ipynb,nimport matplotlib.py; jp_font.py; /不発生を抽選し、発生したらその事象から出るクロスインパクトを未確定事象すべてに適用する、という手続きを繰り返す。; /1; /押し下げたかが一目で分かる。; /2,,003_20260712_usage_map.csv; 010_20260712_code_data_dependency_map.csv; future_design_analysis_methods/methods/12_cross_impact_analysis.md,pending exact asset match,likely,retain_and_reorganize
/Users/tstakuma/Desktop/github/research/future_design_analysis_methods/exercises/ai/13_technology_assessment.ipynb,nimport matplotlib.py; jp_font.py; /Copyright\; /雇用重視の重み配分を用意し、総合評価とジニ係数がどう変わるかを比較し、価値判断が結論を左右する度合いを論ぜよ。\n\n**課題B**; /著作権ライセンス制度/来歴表示の義務化など）を、特定ステークホルダーのネット便益に加点する効果としてモデル化し、分配公平性（ジニ係数の低下）の観点から政策オプションを比較せよ。,,003_20260712_usage_map.csv; 010_20260712_code_data_dependency_map.csv; future_design_analysis_methods/methods/13_technology_assessment.md,pending exact asset match,likely,retain_and_reorganize
/Users/tstakuma/Desktop/github/research/future_design_analysis_methods/exercises/ai/14_causal_layered_analysis.ipynb,nimport matplotlib.py; jp_font.py; /14_causal_layered_analysis.md`; /メタファーを意図的に別の隠喩へ置換することにある。myth; /代替フレーミングを4層対比で可視化する; /worldview; /worldview/myth; /データ独占\n; /myth; /進歩; /計算; /{len(AMBIGUOUS_DISCOURSE; /system/myth,,003_20260712_usage_map.csv; 010_20260712_code_data_dependency_map.csv; future_design_analysis_methods/methods/14_causal_layered_analysis.md,pending exact asset match,likely,retain_and_reorganize
/Users/tstakuma/Desktop/github/research/future_design_analysis_methods/exercises/ai/15_life_cycle_assessment.ipynb,nimport matplotlib.py; jp_font.py; /アクセラレータ製造の配分\n; /kWh,,003_20260712_usage_map.csv; 010_20260712_code_data_dependency_map.csv; future_design_analysis_methods/methods/15_life_cycle_assessment.md,pending exact asset match,likely,retain_and_reorganize
/Users/tstakuma/Desktop/github/research/future_design_analysis_methods/exercises/quantum_computing/01_systems_thinking.ipynb,nimport matplotlib.py; jp_font.py; /月; /年; /QPU時間; /月\; /年\; /QPU時間\; /均衡ループの本数を注記する。; /暖色; /寒色\nfor; /B寄与を直接比較できる。B寄与がR寄与を初めて上回る年をドミナンス交代年とするが、係数によっては交代しない。その場合も「現在の制約ループは成長を逆転させるほど強くない」という分析結果になる。; /Bリンクの残存寄与\nax2.plot(YEARS,,003_20260712_usage_map.csv; 010_20260712_code_data_dependency_map.csv; future_design_analysis_methods/methods/01_systems_thinking.md,pending exact asset match,likely,retain_and_reorganize
/Users/tstakuma/Desktop/github/research/future_design_analysis_methods/exercises/quantum_computing/02_morphological_analysis.ipynb,nimport matplotlib.py; jp_font.py; /{total}; /A,,003_20260712_usage_map.csv; 010_20260712_code_data_dependency_map.csv; future_design_analysis_methods/methods/02_morphological_analysis.md,pending exact asset match,likely,retain_and_reorganize
/Users/tstakuma/Desktop/github/research/future_design_analysis_methods/exercises/quantum_computing/03_delphi_method.ipynb,/plain; import matplotlib.py; jp_font.py; /png; /x-python,,003_20260712_usage_map.csv; 010_20260712_code_data_dependency_map.csv; future_design_analysis_methods/methods/03_delphi_method.md,pending exact asset match,likely,retain_and_reorganize
/Users/tstakuma/Desktop/github/research/future_design_analysis_methods/exercises/quantum_computing/04_backcasting.ipynb,nimport matplotlib.py; jp_font.py; /年; /年\; /yr; /最大）がどう変わるかを比較表にまとめよ。,,003_20260712_usage_map.csv; 010_20260712_code_data_dependency_map.csv; future_design_analysis_methods/methods/04_backcasting.md,pending exact asset match,likely,retain_and_reorganize
/Users/tstakuma/Desktop/github/research/future_design_analysis_methods/exercises/quantum_computing/05_fmea.ipynb,/O/D; nimport matplotlib.py; jp_font.py; /before; /O/D（MITIGATED）を各モードに与えて再採点し、対策前後のRPN,,003_20260712_usage_map.csv; 010_20260712_code_data_dependency_map.csv; future_design_analysis_methods/methods/05_fmea.md,pending exact asset match,likely,retain_and_reorganize
/Users/tstakuma/Desktop/github/research/future_design_analysis_methods/exercises/quantum_computing/06_futures_wheel.ipynb,nimport matplotlib.py; jp_font.py; /T/E/En/P）\n; /color; /技術/経済/環境/政治）を属性として追加し、分類別に「効果数」と「期待インパクト合計」を集計せよ。どの次元の枝が薄いか（網羅性の欠落）を点検できるようにする。\n**課題B**,,003_20260712_usage_map.csv; 010_20260712_code_data_dependency_map.csv; future_design_analysis_methods/methods/06_futures_wheel.md,pending exact asset match,likely,retain_and_reorganize
/Users/tstakuma/Desktop/github/research/future_design_analysis_methods/exercises/quantum_computing/07_simulation_modeling.ipynb,nimport matplotlib.py; jp_font.py; /n_trials*100:.1f}%\; /高位に振り、他は基準値に固定して; /高位を振る。\n#; /高位の振れ幅（基準値からの割合）\n\nparam_ranges; /高位に振り、2040年の累積採用企業数の変化を測る。他のパラメータは基準値に固定する（一要因感度分析）。; /基準/高位」に振り、2040年採用率の変化幅を棒で並べたトルネード図を作成せよ。どちらの係数が結果を支配するかを可視化する（感度分析）。\n\n**課題B**,,003_20260712_usage_map.csv; 010_20260712_code_data_dependency_map.csv; future_design_analysis_methods/methods/07_simulation_modeling.md,pending exact asset match,likely,retain_and_reorganize
/Users/tstakuma/Desktop/github/research/future_design_analysis_methods/exercises/quantum_computing/08_social_network_analysis.ipynb,nimport matplotlib.py; jp_font.py; /人材流動/サプライ）を表す無向隣接行列を構築する。; /人材流動/サプライ）の無向隣接行列を返す。\; /大学\n; /政府\n; /color,,003_20260712_usage_map.csv; 010_20260712_code_data_dependency_map.csv; future_design_analysis_methods/methods/08_social_network_analysis.md,pending exact asset match,likely,retain_and_reorganize
/Users/tstakuma/Desktop/github/research/future_design_analysis_methods/exercises/quantum_computing/09_systems_engineering.ipynb,/オンプレ/ハイブリッド）を5つの基準で比較し、さらに重みを; nimport matplotlib.py; jp_font.py; /-20%,,003_20260712_usage_map.csv; 010_20260712_code_data_dependency_map.csv; future_design_analysis_methods/methods/09_systems_engineering.md,pending exact asset match,likely,retain_and_reorganize
/Users/tstakuma/Desktop/github/research/future_design_analysis_methods/exercises/quantum_computing/10_trend_analysis.ipynb,nimport matplotlib.py; jp_font.py; /(1+exp(-b*(t-t0,,003_20260712_usage_map.csv; 010_20260712_code_data_dependency_map.csv; future_design_analysis_methods/methods/10_trend_analysis.md,pending exact asset match,likely,retain_and_reorganize
/Users/tstakuma/Desktop/github/research/future_design_analysis_methods/exercises/quantum_computing/11_scenario_planning.ipynb,nimport matplotlib.py; jp_font.py,,003_20260712_usage_map.csv; 010_20260712_code_data_dependency_map.csv; future_design_analysis_methods/methods/11_scenario_planning.md,pending exact asset match,likely,retain_and_reorganize
/Users/tstakuma/Desktop/github/research/future_design_analysis_methods/exercises/quantum_computing/12_cross_impact_analysis.ipynb,nimport matplotlib.py; jp_font.py; /不発生を抽選し、発生したらその事象から出るクロスインパクトを未確定事象すべてに適用する、という手続きを繰り返す。; /1; /押し下げたかが一目で分かる。; /2,,003_20260712_usage_map.csv; 010_20260712_code_data_dependency_map.csv; future_design_analysis_methods/methods/12_cross_impact_analysis.md,pending exact asset match,likely,retain_and_reorganize
/Users/tstakuma/Desktop/github/research/future_design_analysis_methods/exercises/quantum_computing/13_technology_assessment.ipynb,nimport matplotlib.py; jp_font.py; /公平性重視の重み配分を用意し、総合評価とジニ係数がどう変わるかを比較し、価値判断が結論を左右する度合いを論ぜよ。\n\n**課題B**; /PQC国際協調/ハイプ抑制の情報開示など）を、特定ステークホルダーのネット便益に加点する効果としてモデル化し、分配公平性（ジニ係数の低下）の観点から政策オプションを比較せよ。,,003_20260712_usage_map.csv; 010_20260712_code_data_dependency_map.csv; future_design_analysis_methods/methods/13_technology_assessment.md,pending exact asset match,likely,retain_and_reorganize
/Users/tstakuma/Desktop/github/research/future_design_analysis_methods/exercises/quantum_computing/14_causal_layered_analysis.ipynb,nimport matplotlib.py; jp_font.py; /14_causal_layered_analysis.md`; /メタファーを意図的に別の隠喩へ置換することにある。myth; /代替フレーミングを4層対比で可視化する; /worldview; /worldview/myth; /myth; /進歩; /競争原理; /{len(AMBIGUOUS_DISCOURSE; /system/myth,,003_20260712_usage_map.csv; 010_20260712_code_data_dependency_map.csv; future_design_analysis_methods/methods/14_causal_layered_analysis.md,pending exact asset match,likely,retain_and_reorganize
/Users/tstakuma/Desktop/github/research/future_design_analysis_methods/exercises/quantum_computing/15_life_cycle_assessment.ipynb,nimport matplotlib.py; jp_font.py; /kWh,,003_20260712_usage_map.csv; 010_20260712_code_data_dependency_map.csv; future_design_analysis_methods/methods/15_life_cycle_assessment.md,pending exact asset match,likely,retain_and_reorganize
/Users/tstakuma/Desktop/github/research/future_design_analysis_methods/jp_font.py,/**/*.ipynb）の冒頭セルから次のように利用する; /fonts/DroidSansFallbackFull.ttf``; import matplotlib.py,,003_20260712_usage_map.csv; 010_20260712_code_data_dependency_map.csv; future_design_analysis_methods/exercises/ai/01_systems_thinking.ipynb; future_design_analysis_methods/exercises/ai/02_morphological_analysis.ipynb; future_design_analysis_methods/exercises/ai/03_delphi_method.ipynb; future_design_analysis_methods/exercises/ai/04_backcasting.ipynb; future_design_analysis_methods/exercises/ai/05_fmea.ipynb; future_design_analysis_methods/exercises/ai/06_futures_wheel.ipynb; future_design_analysis_methods/exercises/ai/07_simulation_modeling.ipynb; future_design_analysis_methods/exercises/ai/08_social_network_analysis.ipynb; future_design_analysis_methods/exercises/ai/09_systems_engineering.ipynb; future_design_analysis_methods/exercises/ai/10_trend_analysis.ipynb; future_design_analysis_methods/exercises/ai/11_scenario_planning.ipynb; future_design_analysis_methods/exercises/ai/12_cross_impact_analysis.ipynb; future_design_analysis_methods/exercises/ai/13_technology_assessment.ipynb; future_design_analysis_methods/exercises/ai/14_causal_layered_analysis.ipynb; future_design_analysis_methods/exercises/ai/15_life_cycle_assessment.ipynb; future_design_analysis_methods/exercises/quantum_computing/01_systems_thinking.ipynb; future_design_analysis_methods/exercises/quantum_computing/02_morphological_analysis.ipynb; future_design_analysis_methods/exercises/quantum_computing/03_delphi_method.ipynb; future_design_analysis_methods/exercises/quantum_computing/04_backcasting.ipynb; future_design_analysis_methods/exercises/quantum_computing/05_fmea.ipynb; future_design_analysis_methods/exercises/quantum_computing/06_futures_wheel.ipynb; future_design_analysis_methods/exercises/quantum_computing/07_simulation_modeling.ipynb; future_design_analysis_methods/exercises/quantum_computing/08_social_network_analysis.ipynb; future_design_analysis_methods/exercises/quantum_computing/09_systems_engineering.ipynb; future_design_analysis_methods/exercises/quantum_computing/10_trend_analysis.ipynb; future_design_analysis_methods/exercises/quantum_computing/11_scenario_planning.ipynb; future_design_analysis_methods/exercises/quantum_computing/12_cross_impact_analysis.ipynb; future_design_analysis_methods/exercises/quantum_computing/13_technology_assessment.ipynb; future_design_analysis_methods/exercises/quantum_computing/14_causal_layered_analysis.ipynb; future_design_analysis_methods/exercises/quantum_computing/15_life_cycle_assessment.ipynb,pending exact asset match,likely,retain_and_reorganize
/Users/tstakuma/Desktop/github/research/literature/pdf_derived/metadata/bench-2021-lubinski.json,literature/pdf_derived/pdfs/bench-2021-lubinski.pdf; /pdf_derived/text/bench-2021-lubinski.txt; /Author; /CreationDate; /Creator; /Keywords; /ModDate; /PTEX.Fullbanner; /Producer; /Subject; /Title; /Trapped; /False,literature/pdf_derived/pdfs/bench-2021-lubinski.pdf,003_20260712_usage_map.csv; literature/pdf_derived/extraction_report.csv,pending exact asset match,likely,retain_and_reorganize
/Users/tstakuma/Desktop/github/research/literature/pdf_derived/metadata/bench-2023-lubinski-optimization.json,literature/pdf_derived/pdfs/bench-2023-lubinski-optimization.pdf; /pdf_derived/text/bench-2023-lubinski-optimization.txt; /Author; /CreationDate; /Creator; /Keywords; /ModDate; /PTEX.Fullbanner; /Producer; /Subject; /Title; /Trapped; /False,literature/pdf_derived/pdfs/bench-2023-lubinski-optimization.pdf,003_20260712_usage_map.csv; literature/pdf_derived/extraction_report.csv,pending exact asset match,likely,retain_and_reorganize
/Users/tstakuma/Desktop/github/research/literature/pdf_derived/metadata/bench-2024-lubinski.json,literature/pdf_derived/pdfs/bench-2024-lubinski.pdf; /pdf_derived/text/bench-2024-lubinski.txt; /Author; /CreationDate; /Creator; /Keywords; /ModDate; /PTEX.Fullbanner; /Producer; /Subject; /Title; /Trapped; /False,literature/pdf_derived/pdfs/bench-2024-lubinski.pdf,003_20260712_usage_map.csv; literature/pdf_derived/extraction_report.csv,pending exact asset match,likely,retain_and_reorganize
/Users/tstakuma/Desktop/github/research/literature/pdf_derived/metadata/cvrp-2023-palackal.json,literature/pdf_derived/pdfs/cvrp-2023-palackal.pdf; /pdf_derived/text/cvrp-2023-palackal.txt; /Author; /CreationDate; /Creator; /Keywords; /ModDate; /PTEX.Fullbanner; /Producer; /Subject; /Title; /Trapped; /False,literature/pdf_derived/pdfs/cvrp-2023-palackal.pdf,003_20260712_usage_map.csv; literature/pdf_derived/extraction_report.csv,pending exact asset match,likely,retain_and_reorganize
/Users/tstakuma/Desktop/github/research/literature/pdf_derived/metadata/cvrp-2023-xie.json,literature/pdf_derived/pdfs/cvrp-2023-xie.pdf; /pdf_derived/text/cvrp-2023-xie.txt; /Author; /CreationDate; /Creator; /Keywords; /ModDate; /PTEX.Fullbanner; /Producer; /Subject; /Title; /Trapped; /False,literature/pdf_derived/pdfs/cvrp-2023-xie.pdf,003_20260712_usage_map.csv; literature/pdf_derived/extraction_report.csv,pending exact asset match,likely,retain_and_reorganize
/Users/tstakuma/Desktop/github/research/literature/pdf_derived/metadata/cvrp-2025-onah-utility.json,literature/pdf_derived/pdfs/cvrp-2025-onah-utility.pdf; /pdf_derived/text/cvrp-2025-onah-utility.txt; /Author; /Creator; /DOI; https://doi.org/10.48550/arXiv.2509.11469; /License; http://creativecommons.org/licenses/by/4.0/; /PTEX.Fullbanner; /Producer; /Title; /Trapped; /False; /arXivID; https://arxiv.org/abs/2509.11469v2,literature/pdf_derived/pdfs/cvrp-2025-onah-utility.pdf,003_20260712_usage_map.csv; literature/pdf_derived/extraction_report.csv,pending exact asset match,likely,retain_and_reorganize
/Users/tstakuma/Desktop/github/research/literature/pdf_derived/metadata/encoding-2022-glos.json,literature/pdf_derived/pdfs/encoding-2022-glos.pdf; /pdf_derived/text/encoding-2022-glos.txt; /Keywords; /Creator; /ModDate; /CreationDate; /Subject; /s41534-022-00546-y; /Producer; /Author; /Title,literature/pdf_derived/pdfs/encoding-2022-glos.pdf,003_20260712_usage_map.csv; literature/pdf_derived/extraction_report.csv,pending exact asset match,likely,retain_and_reorganize
/Users/tstakuma/Desktop/github/research/literature/pdf_derived/metadata/hvrp-2024-fitzek.json,literature/pdf_derived/pdfs/hvrp-2024-fitzek.pdf; /pdf_derived/text/hvrp-2024-fitzek.txt; /CrossMarkDomains[1; /Creator; /ModDate; /Trapped; /False; /CreationDate; /CrossmarkMajorVersionDate; /Producer; /doi; /s41598-024-76967-w; /CrossMarkDomains[2; /CrossmarkDomainExclusive,literature/pdf_derived/pdfs/hvrp-2024-fitzek.pdf,003_20260712_usage_map.csv; literature/pdf_derived/extraction_report.csv,pending exact asset match,likely,retain_and_reorganize
/Users/tstakuma/Desktop/github/research/literature/pdf_derived/metadata/logistics-2024-phillipson.json,literature/pdf_derived/pdfs/logistics-2024-phillipson.pdf; /pdf_derived/text/logistics-2024-phillipson.txt; /Author; /CreationDate; /Creator; /Keywords; /ModDate; /PTEX.Fullbanner; /Producer; /Subject; /Title; /Trapped; /False,literature/pdf_derived/pdfs/logistics-2024-phillipson.pdf,003_20260712_usage_map.csv; literature/pdf_derived/extraction_report.csv,pending exact asset match,likely,retain_and_reorganize
/Users/tstakuma/Desktop/github/research/literature/pdf_derived/metadata/nisq-2018-preskill.json,literature/pdf_derived/pdfs/nisq-2018-preskill.pdf; /pdf_derived/text/nisq-2018-preskill.txt; /Author; /CreationDate; /Creator; /06/14; http://quantum-journal.org; /Keywords; /ModDate; /PTEX.Fullbanner; /Producer; /Subject; /Title; /Trapped; /False,literature/pdf_derived/pdfs/nisq-2018-preskill.pdf,003_20260712_usage_map.csv; literature/pdf_derived/extraction_report.csv,pending exact asset match,likely,retain_and_reorganize
/Users/tstakuma/Desktop/github/research/literature/pdf_derived/metadata/qaoa-2014-farhi.json,literature/pdf_derived/pdfs/qaoa-2014-farhi.pdf; /pdf_derived/text/qaoa-2014-farhi.txt; /Producer; /CreationDate; /ModDate; /Creator; /Title; /Subject; /Author; /Keywords,literature/pdf_derived/pdfs/qaoa-2014-farhi.pdf,003_20260712_usage_map.csv; literature/pdf_derived/extraction_report.csv,pending exact asset match,likely,retain_and_reorganize
/Users/tstakuma/Desktop/github/research/literature/pdf_derived/metadata/resource-2022-beverland-practical-advantage.json,literature/pdf_derived/pdfs/resource-2022-beverland-practical-advantage.pdf; /pdf_derived/text/resource-2022-beverland-practical-advantage.txt; /Author; /CreationDate; /Creator; /Keywords; /ModDate; /PTEX.Fullbanner; /Producer; /Subject; /Title; /Trapped; /False,literature/pdf_derived/pdfs/resource-2022-beverland-practical-advantage.pdf,003_20260712_usage_map.csv; literature/pdf_derived/extraction_report.csv,pending exact asset match,likely,retain_and_reorganize
/Users/tstakuma/Desktop/github/research/literature/pdf_derived/metadata/utility-2023-herrmann.json,literature/pdf_derived/pdfs/utility-2023-herrmann.pdf; /pdf_derived/text/utility-2023-herrmann.txt; /Author; /CreationDate; /Creator; /Keywords; /ModDate; /PTEX.Fullbanner; /Producer; /Subject; /Title; /Trapped; /False,literature/pdf_derived/pdfs/utility-2023-herrmann.pdf,003_20260712_usage_map.csv; literature/pdf_derived/extraction_report.csv,pending exact asset match,likely,retain_and_reorganize
/Users/tstakuma/Desktop/github/research/literature/pdf_derived/metadata/vqa-2021-cerezo.json,literature/pdf_derived/pdfs/vqa-2021-cerezo.pdf; /pdf_derived/text/vqa-2021-cerezo.txt; /Author; /CreationDate; /Creator; /Keywords; /ModDate; /PTEX.Fullbanner; /Producer; /Subject; /Title; /Trapped; /False,literature/pdf_derived/pdfs/vqa-2021-cerezo.pdf,003_20260712_usage_map.csv; literature/pdf_derived/extraction_report.csv,pending exact asset match,likely,retain_and_reorganize
/Users/tstakuma/Desktop/github/research/literature/pdf_derived/metadata/vrp-2020-azad.json,literature/pdf_derived/pdfs/vrp-2020-azad.pdf; /pdf_derived/text/vrp-2020-azad.txt; /Producer; /CreationDate; /ModDate; /Creator; /Title; /Subject; /Author; /Keywords,literature/pdf_derived/pdfs/vrp-2020-azad.pdf,003_20260712_usage_map.csv; literature/pdf_derived/extraction_report.csv,pending exact asset match,likely,retain_and_reorganize
/Users/tstakuma/Desktop/github/research/literature/pdf_derived/metadata/vrp-2025-azfar-arxiv.json,literature/pdf_derived/pdfs/vrp-2025-azfar-arxiv.pdf; /pdf_derived/text/vrp-2025-azfar-arxiv.txt; /Author; /CreationDate; /Creator; /DOI; https://doi.org/10.48550/arXiv.2505.01614; /Keywords; /License; http://creativecommons.org/licenses/by/4.0/; /ModDate; /PTEX.Fullbanner; /Producer; /Subject; /Title; /Trapped; /False; /arXivID; https://arxiv.org/abs/2505.01614v3,literature/pdf_derived/pdfs/vrp-2025-azfar-arxiv.pdf,003_20260712_usage_map.csv; literature/pdf_derived/extraction_report.csv,pending exact asset match,likely,retain_and_reorganize
/Users/tstakuma/Desktop/github/research/literature/pdf_derived/metadata/vrptw-2023-leonidas.json,literature/pdf_derived/pdfs/vrptw-2023-leonidas.pdf; /pdf_derived/text/vrptw-2023-leonidas.txt; /Author; /CreationDate; /Creator; /Keywords; /ModDate; /PTEX.Fullbanner; /Producer; /Subject; /Title; /Trapped; /False,literature/pdf_derived/pdfs/vrptw-2023-leonidas.pdf,003_20260712_usage_map.csv; literature/pdf_derived/extraction_report.csv,pending exact asset match,likely,retain_and_reorganize
/Users/tstakuma/Desktop/github/research/notebooks/literature_to_figures_workflow.ipynb,circuit_resources.csv; literature/circuit_resources.csv; /12_circuit_resource_sources.md`\n; scripts/make_presentation_figure_1.py; scripts/make_presentation_figure_2_arl23.py; figures/figure_1_presentation_plot_data.csv; figures/figure_2_arl2_arl3_plot_data.csv; figure_1_presentation_plot_data.csv; figure_2_arl2_arl3_plot_data.csv; make_presentation_figure_1.py; make_presentation_figure_2_arl23.py; /CVRP個別インスタンスの実験値ではない。; npapers in circuit_resources.csv; /layer; /method`; /layer表記を可視化用にそろえた値であり、異なるdepth定義を完全に正規化したものではない。\n; /CVRPで実用的優位を持つことを示すものではない。; /12_circuit_resource_sources.md`; /evidence情報から本研究内で再分類する。; .venv/bin/python scripts/make_presentation_figure_1.py; /QRL3-likeのうち; /method\; /QRL3-likeの行に限定して; .venv/bin/python scripts/make_presentation_figure_2_arl23.py; /depth/encoding/backend等を抽出\n; /evidence; /QRL3-like行に限定してFigure; /x-python,circuit_resources.csv; literature/circuit_resources.csv; figures/figure_1_presentation_plot_data.csv; figures/figure_2_arl2_arl3_plot_data.csv; figure_1_presentation_plot_data.csv; figure_2_arl2_arl3_plot_data.csv; npapers in circuit_resources.csv; figures/figure_1_width_by_validation_stage_presentation.png; figures/figure_1_width_by_instance.png; figures/figure_2_width_depth_arl2_arl3_presentation.png,003_20260712_usage_map.csv; 010_20260712_code_data_dependency_map.csv,pending exact asset match,likely,retain_and_reorganize
/Users/tstakuma/Desktop/github/research/notebooks/tokyo_synthetic_evrp_constraint_gap_analysis.ipynb,/route-proxy/constraint-gap分析として研究境界を明示する。\n; /invalid; /markdown; /plain; /stderrを保存する。\n; /time-consuming; /package; /html; /style; /th; /tr; /thead; /td; /tbody; /table; /div; /Users/tstakuma/Desktop/github/research\n; /logs\; /stderr; /\; /vehicle; /evidence; /zero-byte/header-only/bad; /type/keyを区別できる。\n; /processed/estat_tokyo_mesh_population_cel; /processed/open_charge_map_tokyo_boundary_; /processed/evrp_constraint_gap_inputs/depo; /processed/evrp_constraint_gap_inputs/vehi; /processed/evrp_constraint_gap_inputs/quan; data/processed/estat_tokyo_mesh_population_cells.csv; data/processed/open_charge_map_tokyo_boundary_clipped_connections.csv; data/processed/evrp_constraint_gap_inputs/depot_candidates_public_proxy_snapshot.csv; data/processed/evrp_constraint_gap_inputs/vehicle_specs_public_source_snapshot.csv; data/processed/evrp_constraint_gap_inputs/quantum_vrp_evidence_registry.csv; /data/**`、`outputs/tables/csv/**`、analysis; /opt/anaconda3/lib/python3.11/site-packages/pandas/core/computation/expressions.py:22; /opt/anaconda3/lib/python3.11/site-packages/pandas/core/arrays/masked.py:56; outputs/validation/analysis_output_manifest.csv; scripts/run_tokyo_synthetic_evrp_analysis.py; outputs/data/scenario/open_data_preprocessing_status.csv; /vehicle、およびcharger; outputs/data/scenario/scenario_configurations.csv; /serviceはdiscrete-uniform; outputs/data/scenario/synthetic_customers.csv; outputs/data/scenario/monte_carlo_randomization_registry.csv; /road-adjusted/network; /route、proxy; /SOC最適化、道路上の実経路。\n; /SOC; outputs/data/route_proxy/route_proxy_results.csv; outputs/data/route_proxy/route_distance_summary.csv; /denominatorと未評価項目を分離する。\n; /durationは適格routeだけを分母にする。\n; /time; /detour; /detour_time_min; outputs/data/constraints/constraint_summary.csv; outputs/data/constraints/payload_diagnostics.csv; outputs/data/constraints/time_constraint_diagnostics.csv; /case-weighted; outputs/validation/statistical_validation.csv; outputs/data/constraints/sensitivity_summary.csv; /duration; /not; /p; outputs/data/charger_access/charger_condition_definitions.csv; outputs/data/charger_access/route_charger_access_results.csv; /performance; /qubit; /hardware; /simulation; /hardwa; /resource; /ambiguous; outputs/data/quantum_gap/quantum_vrp_evidence.csv; outputs/tables/csv/table_03_quantum_vrp_gap.csv; /SVGでのみ表示整形する。\n; /PNG/SVG; /slide; /SVG/source-data; outputs/tables/csv/table_01_scenario_design.csv; /tables/csv/table_02_constraint_unmet_v; /tables/csv/table_04_integrated_researc; /tables/csv/table_05_constraint_interpr; 0    outputs/tables/csv/table_01_scenario_design.csv; /tables/csv/table_02_constraint_unmet_v...\n; 2    outputs/tables/csv/table_03_quantum_vrp_gap.csv; /tables/csv/table_04_integrated_researc...\n; /tables/csv/table_05_constraint_interpr...\n; outputs/validation/render_output_manifest.csv; scripts/render_tokyo_synthetic_evrp_outputs.py; /tables/csv\; /figures/png\; outputs/tables/csv/table_04_integrated_research_summary.csv; /limitations; /proxy; outputs/tables/csv/table_05_constraint_interpretation_full.csv; outputs/data/scenario/assumptions_and_limitations.csv; /render; /size/mtime/CSV; /failure、current; /logs/analysis_csv_generation.stdout.log; /logs/analysis_csv_generation.stderr.log; /opt/anaconda3/lib/python3.11/site-packages/pa; /logs/csv_driven_rendering.stdout.log; /logs/csv_driven_rendering.stderr.log; /data\; /tables\; /figures\; /validation\; outputs/validation/final_output_manifest.csv; /tables/png\; /tables/svg\; /figures/svg\; /figures/source_data\; /**/*\; outputs/validation/research_integrity_checks.csv; outputs/validation/notebook_execution_status.csv; outputs/validation/final_validation_summary.csv; /x-python,data/processed/estat_tokyo_mesh_population_cells.csv; data/processed/open_charge_map_tokyo_boundary_clipped_connections.csv; data/processed/evrp_constraint_gap_inputs/depot_candidates_public_proxy_snapshot.csv; data/processed/evrp_constraint_gap_inputs/vehicle_specs_public_source_snapshot.csv; data/processed/evrp_constraint_gap_inputs/quantum_vrp_evidence_registry.csv; outputs/validation/analysis_output_manifest.csv; outputs/data/scenario/open_data_preprocessing_status.csv; outputs/data/scenario/scenario_configurations.csv; outputs/data/scenario/synthetic_customers.csv; outputs/data/scenario/monte_carlo_randomization_registry.csv; outputs/data/route_proxy/route_proxy_results.csv; outputs/data/route_proxy/route_distance_summary.csv; outputs/data/constraints/constraint_summary.csv; outputs/data/constraints/payload_diagnostics.csv; outputs/data/constraints/time_constraint_diagnostics.csv; outputs/validation/statistical_validation.csv; outputs/data/constraints/sensitivity_summary.csv; outputs/data/charger_access/charger_condition_definitions.csv; outputs/data/charger_access/route_charger_access_results.csv; outputs/data/quantum_gap/quantum_vrp_evidence.csv; outputs/tables/csv/table_03_quantum_vrp_gap.csv; outputs/tables/csv/table_01_scenario_design.csv; 0    outputs/tables/csv/table_01_scenario_design.csv; 2    outputs/tables/csv/table_03_quantum_vrp_gap.csv; outputs/validation/render_output_manifest.csv; outputs/tables/csv/table_04_integrated_research_summary.csv; outputs/tables/csv/table_05_constraint_interpretation_full.csv; outputs/data/scenario/assumptions_and_limitations.csv; outputs/validation/final_output_manifest.csv; outputs/validation/research_integrity_checks.csv; outputs/validation/notebook_execution_status.csv; outputs/validation/final_validation_summary.csv,003_20260712_usage_map.csv; 010_20260712_code_data_dependency_map.csv; CHANGELOG.md; README.md; data/processed/evrp_constraint_gap_inputs/README.md; outputs/figures/circuit_width/README_reported_circuit_width_figure.md; scripts/build_tokyo_synthetic_evrp_notebook.py,pending exact asset match,likely,retain_and_reorganize
/Users/tstakuma/Desktop/github/research/outputs/figures/circuit_width/make_reported_circuit_width_figure.py,/usr/bin/env; import matplotlib.py; reported_circuit_width_plot_data.csv; reported_circuit_width_source_audit.csv; /direct; /VQE; /bar/right-margin; //; /SVG,reported_circuit_width_plot_data.csv; reported_circuit_width_source_audit.csv,003_20260712_usage_map.csv; outputs/figures/circuit_width/README_reported_circuit_width_figure.md,pending exact asset match,likely,retain_and_reorganize
/Users/tstakuma/Desktop/github/research/outputs/presentation_revision/revised_preview/slide-01.layout.json,/v4; /b09gcd; /54zidony; /udg7adsj; /nyd0z610; /cvixczed; /5gbq1ory; /upwb2hwf; /nap4r65w; /c7u54zid; /presentation_revision/from_technical_success_to_unseen_impacts_slide_revision_plan.md; /1orytsvu,,,pending exact asset match,likely,retain_and_reorganize
/Users/tstakuma/Desktop/github/research/outputs/presentation_revision/revised_preview/slide-02.layout.json,/v4; /c80ps8; /2hwfyxob; /94fu18jq; /kjm1cfa9; /ra5gbq1o; /2p8nqxs7; /9gr2p8nq; /gvy90je9; /re1w7mp0; /2t83itgf; /sneloj2t; /l87ed8ba; /ahoza1gv; /32lszqtc; /szqtcj6t; /lkjm1cfa; /at47y1kr; /3ex0nuxc; /w3m94fu1; /loj2t83i; /p8nqxs72; /0nuxc3yl; /72x4nap4; /ih4byhgn; /pkzupwb2; /0z61032l; /7ed8bat4; /itgfmlkj; /pwb2hwfy; /0bi9s36h; /ulwval87,,,pending exact asset match,likely,retain_and_reorganize
/Users/tstakuma/Desktop/github/research/outputs/presentation_revision/revised_preview/slide-03.layout.json,/v4; /knxicu; /0fepkzup; /bulwval8; /i9s36hcr; /tovahoza; /032lszqt; /bi9s36hc; /ixczed8v; /tcj6tova; /0rqd4vmt; /p0bi9s36; /il0rqd4v; /b6xkf6dc; /32lszqtc; /ahoza1gv; /l87ed8ba; /sneloj2t; /3ex0nuxc,,,pending exact asset match,likely,retain_and_reorganize
/Users/tstakuma/Desktop/github/research/outputs/presentation_revision/revised_preview/slide-04.layout.json,/v4; /9oquck; /u54zidon; /5sneloj2; /cbulwval; /neloj2t8; /ytsvu9kn; /5kb6xkf6; /czed8v6p; /n29gr2p8; /yhgn29gr; /kb6xkf6d; /9w3m94fu; /25kb6xkf; /rqd4vmtw; /kzupwb2h; /9knih4by; /2t83itgf,,,pending exact asset match,likely,retain_and_reorganize
/Users/tstakuma/Desktop/github/research/outputs/presentation_revision/revised_preview/slide-05.layout.json,/v4; /dty8t0; /h0fepkzu; /a9w3m94f; /zupwb2hw; /png; /hcrmhk3q; /al87ed8b; /z61032ls; /oza1gvy9; /hk3q5o7q; /hgn29gr2; /direct\nencoding; /direct; /svu9knih; /za1gvy90; /ap4r65wj; /hoza1gvy; /s36hcrmh; figures/01_quantum_vrp_evidence/figure_1_presentation_plot_data.csv; /zidonyd0,figures/01_quantum_vrp_evidence/figure_1_presentation_plot_data.csv,003_20260712_usage_map.csv; 010_20260712_code_data_dependency_map.csv,pending exact asset match,likely,retain_and_reorganize
/Users/tstakuma/Desktop/github/research/outputs/presentation_revision/revised_preview/slide-06.layout.json,/v4; /ec4vd4; /kb6xkf6d; /rqd4vmtw; /25kb6xkf; /9knih4by; /kzupwb2h; /re1w7mp0; /2t83itgf; /9gr2p8nq; /gvy90je9; /yd0z6103; /rytsvu9k; /gfmlkjm1; /90je9cvi; /y1kre1w7; /rmhk3q5o; /g7adsji5; /9s36hcrm; /yxobm58z; /nih4byhg; /3m94fu18; /a5gbq1or; /lszqtcj6; /s72x4nap; /3ylc7u54; /adsji5sn; /h4byhgn2; /sji5snel; /za1gvy90; /ap4r65wj,,,pending exact asset match,likely,retain_and_reorganize
/Users/tstakuma/Desktop/github/research/outputs/presentation_revision/revised_preview/slide-07.layout.json,/v4; /vjvscd; /65wjudg7; /hwfyxobm; /obm58z25; /mlkjm1cf; /png; /6xkf6dcb; /hk3q5o7q; /oza1gvy9; /z61032ls; /al87ed8b; /k3q5o7qp; /donyd0z6; /2x4nap4r; /vixczed8; /kre1w7mp; /dcbulwva; /6psfil0r; /val87ed8; /knih4byh; /d8bat47y; /d4vmtwra; /oj2t83it; /vy90je9c; /6dcbulwv; /dsji5sne; /o7qpg3ex; /vmtwra5g; /61032lsz; /dg7adsji; /ovahoza1; /yxobm58z; outputs/stage_layer_table_d/qrl_wise_srl_score_summary.csv; /nih4byhg,outputs/stage_layer_table_d/qrl_wise_srl_score_summary.csv,003_20260712_usage_map.csv; 010_20260712_code_data_dependency_map.csv,pending exact asset match,likely,retain_and_reorganize
/Users/tstakuma/Desktop/github/research/outputs/presentation_revision/revised_preview/slide-08.layout.json,/v4; /qf8o51; /ulwval87; /1cfa9w3m; /crmhk3q5; /a1gvy90j; /png; /uxc3ylc7; /1kre1w7m; /c3ylc7u5; /jqh0fepk; /q5o7qpg3; /kzupwb2h; /9knih4by; /2t83itgf; /re1w7mp0; /kb6xkf6d; /9w3m94fu; /25kb6xkf; /rqd4vmtw; /kjm1cfa9; /94fu18jq; outputs/use_case_scenario/evrp_benchmark_requirement_table.csv; /d0z61032,outputs/use_case_scenario/evrp_benchmark_requirement_table.csv,003_20260712_usage_map.csv; 010_20260712_code_data_dependency_map.csv,pending exact asset match,likely,retain_and_reorganize
/Users/tstakuma/Desktop/github/research/outputs/presentation_revision/revised_preview/slide-09.layout.json,/v4; /57h45y; /8bat47y1; /jqh0fepk; /q5o7qpg3; /18jqh0fe; /8nqxs72x; /j2t83itg; /qh0fepkz; /1cfa9w3m; /\nstage; /crmhk3q5; /2t83itgf; /re1w7mp0; /kzupwb2h; /9knih4by; /25kb6xkf; /rqd4vmtw; /kb6xkf6d; /9w3m94fu; /2hwfyxob; /r2p8nqxs; /1w7mp0bi; /ji5snelo; /uxc3ylc7; /4vmtwra5; /tgfmlkjm; /mp0bi9s3; /bat47y1k; /47y1kre1; /tsvu9kni; /m1cfa9w3; figure_1_presentation_plot_data.csv; /bm58z25k; /4byhgn29; /twra5gbq; /5o7qpg3e; tokyo_evrp_scenario_design.csv; /g3ex0nux; /nih4byhg; /yxobm58z; /9cvixcze; monte_carlo_evrp_gap_summary_external.csv; /gr2p8nqx; /r65wjudg; /ylc7u54z; /90je9cvi; /gfmlkjm1; /a1gvy90j,figure_1_presentation_plot_data.csv; tokyo_evrp_scenario_design.csv; monte_carlo_evrp_gap_summary_external.csv; simulation_derived_charging_pathway_ja.png,003_20260712_usage_map.csv,pending exact asset match,likely,retain_and_reorganize
/Users/tstakuma/Desktop/github/research/outputs/presentation_revision/revised_preview/slide-10.layout.json,/v4; /2n87ny; /ylc7u54z; /9cvixcze; /gr2p8nqx; /nih4byhg; /yxobm58z; /5o7qpg3e; /g3ex0nux; /rmhk3q5o; /y1kre1w7; /kjm1cfa9; /94fu18jq; /2hwfyxob; /r2p8nqxs; /gvy90je9; /9gr2p8nq; /2p8nqxs7; /ra5gbq1o; /SRL; /kzupwb2h; /9knih4by; /d8v6psfi; /onyd0z61; /z25kb6xk; /6hcrmhk3; /dg7adsji; /ovahoza1; /vahoza1g; /6tovahoz; /dsji5sne; /o7qpg3ex; /g7adsji5; /9s36hcrm; /yd0z6103; /rytsvu9k; /gfmlkjm1; /90je9cvi; /r65wjudg; /bi9s36hc; /ixczed8v; /tovahoza; /032lszqt; /bulwval8; /i9s36hcr; /p0bi9s36; /0fepkzup; /byhgn29g; /idonyd0z; /wb2hwfyx; /lwval87e; /e9cvixcz; /3q5o7qpg; /w3m94fu1; /loj2t83i; /ex0nuxc3; /3itgfmlk; /szqtcj6t; /lkjm1cfa,,,pending exact asset match,likely,retain_and_reorganize
/Users/tstakuma/Desktop/github/research/outputs/presentation_revision/revised_preview/slide-11.layout.json,/v4; /gsyhgo; /18jqh0fe; /qh0fepkz; /j2t83itg; /8bat47y1; /1w7mp0bi; /q5o7qpg3; /jqh0fepk; /c3ylc7u5; /1kre1w7m; /5o7qpg3e; /g3ex0nux; /nih4byhg; /yxobm58z; /9cvixcze; /gr2p8nqx; /r65wjudg; /ylc7u54z; /90je9cvi; /gfmlkjm1; /gn29gr2p; /58z25kb6; /yhgn29gr; /n29gr2p8; /gbq1oryt; /5wjudg7a; /y90je9cv; /nuxc3ylc; /cbulwval; /5sneloj2; /vu9knih4; /29gr2p8n; /d0z61032; /kf6dcbul; /v6psfil0; /2lszqtcj; /d8bat47y; /knih4byh; /val87ed8; /6psfil0r; /2t83itgf; /re1w7mp0; /kzupwb2h; /9knih4by; /25kb6xkf; /rqd4vmtw; /kb6xkf6d; /9w3m94fu; /2hwfyxob; /r2p8nqxs; /1gvy90je; /8z25kb6x; /je9cvixc; /qtcj6tov; /xs72x4na; /87ed8bat; /fmlkjm1c; /q1orytsv; /x4nap4r6; outputs/use_case_scenario/tokyo_evrp_scenario_design.csv; /8jqh0fep,outputs/use_case_scenario/tokyo_evrp_scenario_design.csv,003_20260712_usage_map.csv,pending exact asset match,likely,retain_and_reorganize
/Users/tstakuma/Desktop/github/research/outputs/presentation_revision/revised_preview/slide-12.layout.json,/v4; /3y3cel; /32lszqtc; /sneloj2t; /l87ed8ba; /at47y1kr; /3ex0nuxc; /szqtcj6t; /lkjm1cfa; /ex0nuxc3; /3itgfmlk; /bm58z25k; /m1cfa9w3; /tsvu9kni; /47y1kre1; /bat47y1k; /mp0bi9s3; /tgfmlkjm; /4vmtwra5; /b2hwfyxo; /mhk3q5o7; /udg7adsj; /nyd0z610; /cj6tovah; /54zidony; /upwb2hwf; outputs/use_case_scenario/monte_carlo_evrp_gap_summary_external.csv; /nap4r65w,outputs/use_case_scenario/monte_carlo_evrp_gap_summary_external.csv,003_20260712_usage_map.csv; 010_20260712_code_data_dependency_map.csv,pending exact asset match,likely,retain_and_reorganize
/Users/tstakuma/Desktop/github/research/outputs/presentation_revision/revised_preview/slide-13.layout.json,/v4; /p1488a; /qpg3ex0n; /xczed8v6; /8v6psfil; /fyxobm58; /qd4vmtwr; /x4nap4r6; /8jqh0fep; /fmlkjm1c; /q1orytsv; /4nap4r65; /t83itgfm; /mhk3q5o7; /b2hwfyxo; /4byhgn29; /twra5gbq; /m58z25kb; /bq1oryts; /47y1kre1; /tsvu9kni; /xkf6dcbu; /4zidonyd; /fepkzupw; /mtwra5gb; /xc3ylc7u; /4r65wjud; /f6dcbulw; /mlkjm1cf; /x0nuxc3y; /4fu18jqh; /ed8v6psf; /7y1kre1w; /wjudg7ad; /p4r65wju; /i5sneloj; /7qpg3ex0; /0bi9s36h; /pwb2hwfy; /itgfmlkj; /7ed8bat4; /nih4byhg; /yxobm58z; /5o7qpg3e; /g3ex0nux; /r65wjudg; /ylc7u54z; /9cvixcze; /gr2p8nqx; /rytsvu9k; /yd0z6103; /svu9knih; /hgn29gr2; /ap4r65wj; /za1gvy90; /s36hcrmh; /hoza1gvy; /a1gvy90j; /zidonyd0; /s72x4nap; /lszqtcj6; /pg3ex0nu; /wval87ed; /7adsji5s; /epkzupwb; /psfil0rq; /w7mp0bi9; /7mp0bi9s; /e1w7mp0b; /l0rqd4vm; /wfyxobm5; /a9w3m94f; /zupwb2hw; /sfil0rqd; /h0fepkzu; /al87ed8b; /z61032ls; /range; /orytsvu9; outputs/use_case_scenario/monte_carlo_evrp_gap_summary_external.csv; /hcrmhk3q,outputs/use_case_scenario/monte_carlo_evrp_gap_summary_external.csv,003_20260712_usage_map.csv,pending exact asset match,likely,retain_and_reorganize
/Users/tstakuma/Desktop/github/research/outputs/presentation_revision/revised_preview/slide-14.layout.json,/v4; /unmlw6; /nap4r65w; /cvixczed; /5gbq1ory; /zupwb2hw; /png; /nyd0z610; /cj6tovah; /54zidony; /u9knih4b; /judg7ads; /udg7adsj; /upwb2hwf; /jm1cfa9w; /u18jqh0f; /25kb6xkf; /rqd4vmtw; /kb6xkf6d; /9w3m94fu; /2t83itgf; /re1w7mp0; /kzupwb2h; /9knih4by; /2p8nqxs7; /ra5gbq1o; /xs72x4na; /longitude; /87ed8bat; /fmlkjm1c,figures/03_tokyo_evrp_scenario/evrp_scenario_size_examples_ja.png,003_20260712_usage_map.csv; 010_20260712_code_data_dependency_map.csv,pending exact asset match,likely,retain_and_reorganize
/Users/tstakuma/Desktop/github/research/outputs/presentation_revision/revised_preview/slide-15.layout.json,/v4; /2e7p5p; /b6xkf6dc; /0rqd4vmt; /tcj6tova; /zed8v6ps; /png; /byhgn29g; /0je9cvix; /t47y1kre; /i9s36hcr; /bulwval8; /j6tovaho; /ulwval87; /1cfa9w3m; /crmhk3q5; /ji5snelo; /uxc3ylc7; /1kre1w7m; /c3ylc7u5; /use_case_scenario/simulation_derived_charging_pathway/11_simulation_derived_pathway_report.md; /jqh0fepk,,003_20260712_usage_map.csv; 010_20260712_code_data_dependency_map.csv,pending exact asset match,likely,retain_and_reorganize
/Users/tstakuma/Desktop/github/research/outputs/presentation_revision/revised_preview/slide-16.layout.json,/v4; /77gab0; /6dcbulwv; /d4vmtwra; /oj2t83it; /vmtwra5g; /61032lsz; /dsji5sne; /o7qpg3ex; /vahoza1g; /6tovahoz; /c3ylc7u5; /1kre1w7m; /uxc3ylc7; /ji5snelo; /crmhk3q5; /1cfa9w3m; /ulwval87; /j6tovaho; /8nqxs72x; /18jqh0fe; /1032lszq; /cfa9w3m9; /judg7ads; /u9knih4b; /1orytsvu; /c7u54zid; /jm1cfa9w; /u18jqh0f; /5gbq1ory; /cvixczed; /mtwra5gb; /fepkzupw; /4zidonyd; /xkf6dcbu; /mlkjm1cf; /f6dcbulw; /4r65wjud; /xc3ylc7u; /m94fu18j; /fu18jqh0; /vy90je9c; /gr2p8nqx; /9cvixcze; /ylc7u54z; /r65wjudg; /g3ex0nux; /5o7qpg3e,,,pending exact asset match,likely,retain_and_reorganize
/Users/tstakuma/Desktop/github/research/outputs/presentation_revision/revised_preview/slide-17.layout.json,/v4; /j01zi3; /90je9cvi; /yd0z6103; /rytsvu9k; /g7adsji5; /9s36hcrm; /y1kre1w7; /rmhk3q5o; /g3ex0nux; /5o7qpg3e; /5gbq1ory; /cvixczed; /nap4r65w; /upwb2hwf; /54zidony; /cj6tovah; /nyd0z610; /udg7adsj; /1032lszq; /cfa9w3m9; /obm58z25; /hwfyxobm; /65wjudg7; /zqtcj6to; /oza1gvy9; /hk3q5o7q; /6xkf6dcb; /zed8v6ps; /orytsvu9; /hcrmhk3q; /72x4nap4; /ih4byhgn; /availability; /p8nqxs72; /0nuxc3yl; /7ed8bat4; /itgfmlkj; /pkzupwb2; /0z61032l; /7qpg3ex0; /i5sneloj; /place; /ahoza1gv; /32lszqtc; /sneloj2t; /l87ed8ba; /at47y1kr; /3ex0nuxc; /szqtcj6t; /lkjm1cfa; outputs/use_case_scenario/simulation_derived_charging_pathway/10_model_boundary_notes.csv; /ex0nuxc3,outputs/use_case_scenario/simulation_derived_charging_pathway/10_model_boundary_notes.csv,003_20260712_usage_map.csv,pending exact asset match,likely,retain_and_reorganize
/Users/tstakuma/Desktop/github/research/outputs/presentation_revision/revised_preview/slide-18.layout.json,/v4; /vpt4b1; /je9cvixc; /8z25kb6x; /1gvy90je; /q1orytsv; /fmlkjm1c; /87ed8bat; /xs72x4na; /qd4vmtwr; /fyxobm58; /7mp0bi9s; /e1w7mp0b; /psfil0rq; /w7mp0bi9; /7adsji5s; /epkzupwb; /pg3ex0nu; /wval87ed; /36hcrmhk; /eloj2t83; /mp0bi9s3; /bat47y1k; /4vmtwra5; /tgfmlkjm; /m1cfa9w3; /bm58z25k; /47y1kre1; /tsvu9kni,,,pending exact asset match,likely,retain_and_reorganize
/Users/tstakuma/Desktop/github/research/outputs/slide_revision/rendered_slides/slide-01.layout.json,/v4; /acod6z; /7adsji5s; /wval87ed; /pg3ex0nu; /e1w7mp0b; /7mp0bi9s; /w7mp0bi9; /psfil0rq; /ed8bat47; /7u54zido,,,pending exact asset match,likely,quarantine
/Users/tstakuma/Desktop/github/research/outputs/slide_revision/rendered_slides/slide-02.layout.json,/v4; /cfob0z; /gn29gr2p; /n29gr2p8; /yhgn29gr; /5wjudg7a; /gbq1oryt; /nuxc3ylc; /y90je9cv; /5sneloj2; /cbulwval; /e9cvixcz; /3q5o7qpg; /wb2hwfyx; /lwval87e; /ex0nuxc3; /3itgfmlk; /w3m94fu1; /loj2t83i; /at47y1kr; /3ex0nuxc; /z25kb6xk; /6hcrmhk3; /d8v6psfi; /onyd0z61; /vahoza1g; /6tovahoz; /dg7adsji; /ovahoza1; /vmtwra5g; /61032lsz,,,pending exact asset match,likely,quarantine
/Users/tstakuma/Desktop/github/research/outputs/slide_revision/rendered_slides/slide-03.layout.json,/v4; /whidwn; /7mp0bi9s; /w7mp0bi9; /psfil0rq; /epkzupwb; /7adsji5s; /wval87ed; /pg3ex0nu; /charging; /eloj2t83; /36hcrmhk; /fil0rqd4; /qxs72x4n; /xobm58z2; /83itgfml; /fu18jqh0; /m94fu18j; /x0nuxc3y; /4fu18jqh; /f6dcbulw; /mlkjm1cf; /upwb2hwf; /nap4r65w; /cvixczed; /5gbq1ory; /udg7adsj,,,pending exact asset match,likely,quarantine
/Users/tstakuma/Desktop/github/research/outputs/slide_revision/rendered_slides/slide-04.layout.json,/v4; /gdkev9; /kzupwb2h; /re1w7mp0; /2t83itgf; /9w3m94fu; /kb6xkf6d; /application; /rqd4vmtw; /25kb6xkf; /94fu18jq; /kjm1cfa9; /mlkjm1cf; /f6dcbulw; /4r65wjud; /xc3ylc7u; /mtwra5gb; /fepkzupw; /4zidonyd,,,pending exact asset match,likely,quarantine
/Users/tstakuma/Desktop/github/research/outputs/slide_revision/rendered_slides/slide-05.layout.json,/v4; /awx3qa; /vmtwra5g; /o7qpg3ex; /dsji5sne; /zqtcj6to; /png; /vy90je9c; /oj2t83it; /d4vmtwra; /6hcrmhk3; /z25kb6xk; /direct\nencoding; /direct; /6dcbulwv; /61032lsz; /code; literature/circuit_resources.csv; scripts/make_presentation_figure_1.py; /PNG,literature/circuit_resources.csv,003_20260712_usage_map.csv; 010_20260712_code_data_dependency_map.csv,pending exact asset match,likely,quarantine
/Users/tstakuma/Desktop/github/research/outputs/slide_revision/rendered_slides/slide-06.layout.json,/v4; /0f10kq; /b2hwfyxo; /4nap4r65; /t83itgfm; /m58z25kb; /bq1oryts; /4byhgn29; /twra5gbq; /m1cfa9w3; /bm58z25k; /val87ed8; /6psfil0r; /dcbulwva; /kre1w7mp; /vixczed8; /2x4nap4r; /donyd0z6; /k3q5o7qp; /vu9knih4; /29gr2p8n; /adsji5sn; /3ylc7u54; /sji5snel; /h4byhgn2; /a5gbq1or; /3m94fu18; /s72x4nap; /lszqtcj6; /a1gvy90j; /zidonyd0; /SRL; /90je9cvi; /QRL; /gfmlkjm1,,,pending exact asset match,likely,quarantine
/Users/tstakuma/Desktop/github/research/outputs/slide_revision/rendered_slides/slide-07.layout.json,/v4; /lw6b8g; /a9w3m94f; /h0fepkzu; /sfil0rqd; /mp0bi9s3; /png; /al87ed8b; /hcrmhk3q; /orytsvu9; /zed8v6ps; /6xkf6dcb; /8z25kb6x; /1gvy90je; /qtcj6tov; /je9cvixc; /87ed8bat; /xs72x4na; /q1orytsv; /fmlkjm1c; /8jqh0fep; /x4nap4r6; /hgn29gr2; /svu9knih; /za1gvy90; /ap4r65wj; /hoza1gvy; /s36hcrmh; /zidonyd0; /a1gvy90j; /lszqtcj6; /s72x4nap; /29gr2p8n; /code; scripts/make_qrl_wise_srl_score_table.py; qrl_wise_srl_score_summary.csv; /vu9knih4,qrl_wise_srl_score_summary.csv,003_20260712_usage_map.csv; 010_20260712_code_data_dependency_map.csv,pending exact asset match,likely,quarantine
/Users/tstakuma/Desktop/github/research/outputs/slide_revision/rendered_slides/slide-08.layout.json,/v4; /bsaphc; /vy90je9c; /oj2t83it; /d4vmtwra; /zupwb2hw; /png; /vmtwra5g; /o7qpg3ex; /dsji5sne; /6tovahoz; /vahoza1g; /7qpg3ex0; /i5sneloj; /pwb2hwfy; /0bi9s36h; /7y1kre1w; /ed8v6psf; /p4r65wju; /wjudg7ad; /72x4nap4; /ih4byhgn; /code; scripts/make_midterm_presentation_artifacts.py; evrp_benchmark_requirement_table.csv; /mtwra5gb,evrp_benchmark_requirement_table.csv,003_20260712_usage_map.csv; 010_20260712_code_data_dependency_map.csv,pending exact asset match,likely,quarantine
/Users/tstakuma/Desktop/github/research/outputs/slide_revision/rendered_slides/slide-09.layout.json,/v4; /qa28xc; /x4nap4r6; /qd4vmtwr; /fyxobm58; /8v6psfil; /xczed8v6; /qpg3ex0n; /fa9w3m94; /8z25kb6x; /\nstage; /1gvy90je; /pg3ex0nu; /wval87ed; /7adsji5s; /epkzupwb; /psfil0rq; /w7mp0bi9; /7mp0bi9s; /e1w7mp0b; /l0rqd4vm; /wfyxobm5; /svu9knih; /hgn29gr2; /ap4r65wj; /za1gvy90; /s36hcrmh; /hoza1gvy; /a1gvy90j; /zidonyd0; /s72x4nap; /lszqtcj6; /nih4byhg; /yxobm58z; /5o7qpg3e; /g3ex0nux; /r65wjudg; /ylc7u54z; /9cvixcze; figure_1_presentation_plot_data.csv; /gr2p8nqx; /rytsvu9k; /yd0z6103; /ed8v6psf; tokyo_evrp_scenario_design.csv; /7y1kre1w; /wjudg7ad; /p4r65wju; /i5sneloj; monte_carlo_evrp_gap_summary_external.csv; /7qpg3ex0; /0bi9s36h; /pwb2hwfy; /itgfmlkj; /7ed8bat4; /xkf6dcbu,figure_1_presentation_plot_data.csv; tokyo_evrp_scenario_design.csv; monte_carlo_evrp_gap_summary_external.csv; simulation_derived_charging_pathway_ja.png,003_20260712_usage_map.csv,pending exact asset match,likely,quarantine
/Users/tstakuma/Desktop/github/research/outputs/slide_revision/rendered_slides/slide-10.layout.json,/v4; /wfoo7t; /2lszqtcj; /d8bat47y; /knih4byh; /vu9knih4; /29gr2p8n; /d0z61032; /kf6dcbul; /vixczed8; /2x4nap4r; /gfmlkjm1; /90je9cvi; /yd0z6103; /rytsvu9k; /g7adsji5; /9s36hcrm; /y1kre1w7; /rmhk3q5o; /SRL; /g3ex0nux; /5o7qpg3e; /p0bi9s36; /0fepkzup; /bulwval8; /i9s36hcr; /tovahoza; /032lszqt; /bi9s36hc; /ixczed8v; /tcj6tova; /0rqd4vmt; /at47y1kr; /3ex0nuxc; /szqtcj6t; /lkjm1cfa; /ahoza1gv; /32lszqtc; /sneloj2t; /l87ed8ba; /e9cvixcz; /3q5o7qpg; /judg7ads; /u9knih4b; /1032lszq; /cfa9w3m9; /jm1cfa9w; /u18jqh0f; /1orytsvu; /c7u54zid; /nap4r65w; /upwb2hwf; /4r65wjud; /xc3ylc7u; /mlkjm1cf; /f6dcbulw; /4zidonyd; /xkf6dcbu; /mtwra5gb; /fepkzupw; /83itgfml; /xobm58z2,,,pending exact asset match,likely,quarantine
/Users/tstakuma/Desktop/github/research/outputs/slide_revision/rendered_slides/slide-11.layout.json,/v4; /6bya2l; /y90je9cv; /5wjudg7a; /gbq1oryt; /n29gr2p8; /yhgn29gr; /58z25kb6; /gn29gr2p; /neloj2t8; /ytsvu9kn; /83itgfml; /xobm58z2; /qxs72x4n; /fil0rqd4; /4fu18jqh; /x0nuxc3y; /m94fu18j; /fu18jqh0; /4r65wjud; /xc3ylc7u; /x4nap4r6; /8jqh0fep; /fyxobm58; /qd4vmtwr; /xczed8v6; /8v6psfil; /fa9w3m94; /qpg3ex0n; /1gvy90je; /8z25kb6x; /2hwfyxob; /r2p8nqxs; /kjm1cfa9; /94fu18jq; /2p8nqxs7; /ra5gbq1o; /gvy90je9; /9gr2p8nq; /2t83itgf; /re1w7mp0; /z25kb6xk; /6hcrmhk3; /d8v6psfi; /onyd0z61; /vahoza1g; /6tovahoz; /dg7adsji; /ovahoza1; /vmtwra5g; /61032lsz; /cbulwval; /5sneloj2; /u54zidon; /nqxs72x4; /czed8v6p; /h; /5kb6xkf6; /code; route proxy from make_evrp_feasibility_sensitivity_analysis.py,,003_20260712_usage_map.csv,pending exact asset match,likely,quarantine
/Users/tstakuma/Desktop/github/research/outputs/slide_revision/rendered_slides/slide-12.layout.json,/v4; /3e6bh1; /r65wjudg; /gr2p8nqx; /9cvixcze; /yxobm58z; /nih4byhg; /g3ex0nux; /5o7qpg3e; /y1kre1w7; /rmhk3q5o; /fa9w3m94; /qpg3ex0n; /xczed8v6; /8v6psfil; /fyxobm58; /qd4vmtwr; /x4nap4r6; /8jqh0fep; /fmlkjm1c; /q1orytsv; /g7adsji5; /9s36hcrm; /yd0z6103; /code; feasibility_results_by_seed.csv; scripts/make_monte_carlo_evrp_visualizations.py; /rytsvu9k,feasibility_results_by_seed.csv,003_20260712_usage_map.csv; 010_20260712_code_data_dependency_map.csv,pending exact asset match,likely,quarantine
/Users/tstakuma/Desktop/github/research/outputs/slide_revision/rendered_slides/slide-13.layout.json,/v4; /gu0hli; /32lszqtc; /sneloj2t; /l87ed8ba; /at47y1kr; /3ex0nuxc; /szqtcj6t; /lkjm1cfa; /ex0nuxc3; /3itgfmlk; /bm58z25k; /m1cfa9w3; /tsvu9kni; /47y1kre1; /bat47y1k; /mp0bi9s3; /tgfmlkjm; /4vmtwra5; /b2hwfyxo; /mhk3q5o7; /udg7adsj; /nyd0z610; /cj6tovah; /54zidony; /upwb2hwf; /nap4r65w; /cvixczed; /5gbq1ory; /u18jqh0f; /jm1cfa9w; /9knih4by; /kzupwb2h; /re1w7mp0; /2t83itgf; /9w3m94fu; /kb6xkf6d; /rqd4vmtw; /25kb6xkf; /94fu18jq; /kjm1cfa9; /87ed8bat; /xs72x4na; /q1orytsv; /fmlkjm1c; /8z25kb6x; /1gvy90je; /qtcj6tov; /je9cvixc; /8v6psfil; /xczed8v6; /neloj2t8; /ytsvu9kn; /5kb6xkf6; /czed8v6p; /nqxs72x4; /u54zidon; /5sneloj2; /cbulwval; /nuxc3ylc; /y90je9cv; /2lszqtcj; /v6psfil0; /knih4byh; /d8bat47y; /29gr2p8n; /vu9knih4; /kf6dcbul; /d0z61032; /2x4nap4r; /vixczed8; /hoza1gvy; /s36hcrmh; /zidonyd0; /a1gvy90j; /hgn29gr2; /svu9knih; /za1gvy90; Values from monte_carlo_evrp_gap_summary_external.csv; /ap4r65wj,Values from monte_carlo_evrp_gap_summary_external.csv,003_20260712_usage_map.csv,pending exact asset match,likely,quarantine
/Users/tstakuma/Desktop/github/research/outputs/slide_revision/rendered_slides/slide-14.layout.json,/v4; /bd7pvc; /g3ex0nux; /nih4byhg; /yxobm58z; /wval87ed; /png; /gr2p8nqx; /r65wjudg; /ylc7u54z; /90je9cvi; /gfmlkjm1; /65wjudg7; /zqtcj6to; /obm58z25; /hwfyxobm; /6xkf6dcb; /zed8v6ps; /oza1gvy9; /hk3q5o7q; /al87ed8b; /z61032ls; /bi9s36hc; /ixczed8v; /tovahoza; /032lszqt; /bulwval8; /i9s36hcr; /p0bi9s36; /0fepkzup; /byhgn29g; /idonyd0z; /wb2hwfyx; /longitude; /lwval87e; /code; scripts/make_evrp_scenario_story_visuals.py; /e9cvixcz,,003_20260712_usage_map.csv; 010_20260712_code_data_dependency_map.csv,pending exact asset match,likely,quarantine
/Users/tstakuma/Desktop/github/research/outputs/slide_revision/rendered_slides/slide-15.layout.json,/v4; /vg79c4; /qpg3ex0n; /xczed8v6; /8v6psfil; /fyxobm58; /qd4vmtwr; /x4nap4r6; /8jqh0fep; /fmlkjm1c; /q1orytsv; /4nap4r65; /t83itgfm; /mhk3q5o7; /b2hwfyxo; /4byhgn29; /twra5gbq; /m58z25kb; /bq1oryts; /47y1kre1; /tsvu9kni; /xkf6dcbu; /4zidonyd; /fepkzupw; /mtwra5gb; /xc3ylc7u; /4r65wjud; /f6dcbulw; /mlkjm1cf; /x0nuxc3y; /4fu18jqh; /ed8v6psf; /7y1kre1w; /wjudg7ad; /p4r65wju; /travel; /energy; /i5sneloj; /7qpg3ex0; /0bi9s36h; /pwb2hwfy; /itgfmlkj; /7ed8bat4; /nih4byhg; /code; route_results.csv; scripts/make_simulation_derived_charging_pathway.py; /edge; /yxobm58z,route_results.csv,003_20260712_usage_map.csv; 010_20260712_code_data_dependency_map.csv,pending exact asset match,likely,quarantine
/Users/tstakuma/Desktop/github/research/outputs/slide_revision/rendered_slides/slide-16.layout.json,/v4; /tn05gz; /uxc3ylc7; /1kre1w7m; /c3ylc7u5; /j6tovaho; /ulwval87; /1cfa9w3m; /crmhk3q5; /j2t83itg; /qh0fepkz; /s36hcrmh; /hoza1gvy; /a1gvy90j; /zidonyd0; /svu9knih; /hgn29gr2; /ap4r65wj; /za1gvy90; /sji5snel; /h4byhgn2; /psfil0rq; /w7mp0bi9; /7mp0bi9s; /e1w7mp0b; /pg3ex0nu; /wval87ed; /7adsji5s; /epkzupwb; /lc7u54zi; /wra5gbq1; /al87ed8b; /z61032ls; /orytsvu9; /hcrmhk3q; /a9w3m94f; /zupwb2hw; /sfil0rqd; /h0fepkzu; /65wjudg7; /zqtcj6to; /fmlkjm1c; /q1orytsv; /xs72x4na; /87ed8bat; /je9cvixc; /qtcj6tov; /1gvy90je; /8z25kb6x; /fa9w3m94; /qpg3ex0n; /kzupwb2h; /9knih4by; /2t83itgf; /re1w7mp0; /kb6xkf6d; /9w3m94fu,,,pending exact asset match,likely,quarantine
/Users/tstakuma/Desktop/github/research/outputs/slide_revision/rendered_slides/slide-17.layout.json,/v4; /zsu8mr; /loj2t83i; /ex0nuxc3; /3itgfmlk; /wb2hwfyx; /lwval87e; /e9cvixcz; /3q5o7qpg; /sneloj2t; /l87ed8ba; /5kb6xkf6; /czed8v6p; /neloj2t8; /ytsvu9kn; /5sneloj2; /cbulwval; /nqxs72x4; /u54zidon; /5wjudg7a; /gbq1oryt; /cj6tovah; /54zidony; /udg7adsj; /nyd0z610; /cvixczed; /5gbq1ory; /upwb2hwf; /nap4r65w; /c7u54zid; /1orytsvu; /rqd4vmtw; /25kb6xkf; /availability; /9w3m94fu; /kb6xkf6d; /re1w7mp0; /2t83itgf; /9knih4by; /kzupwb2h; /ra5gbq1o; /2p8nqxs7; /place; /il0rqd4v; /b6xkf6dc; /0rqd4vmt; /tcj6tova; /idonyd0z; /byhgn29g; /0je9cvix; /t47y1kre; /slide_revision/unresolved_sources.md; /i9s36hcr,,003_20260712_usage_map.csv,pending exact asset match,likely,quarantine
/Users/tstakuma/Desktop/github/research/outputs/slide_revision/rendered_slides/slide-18.layout.json,/v4; /vzodra; /83itgfml; /fil0rqd4; /qxs72x4n; /x0nuxc3y; /4fu18jqh; /fu18jqh0; /m94fu18j; /xc3ylc7u; /4r65wjud; /ap4r65wj; /za1gvy90; /svu9knih; /hgn29gr2; /a1gvy90j; /zidonyd0; /s36hcrmh; /hoza1gvy; /a5gbq1or; /3m94fu18; /vixczed8; /2x4nap4r; /donyd0z6; /k3q5o7qp; /val87ed8; /6psfil0r; /dcbulwva; /kre1w7mp,,,pending exact asset match,likely,quarantine
/Users/tstakuma/Desktop/github/research/outputs/slide_revision/rendered_slides/slide-19.layout.json,/v4; /3r2sus; /0nuxc3yl; /72x4nap4; /ih4byhgn; /pkzupwb2; /0z61032l; /visual; /7ed8bat4; /itgfmlkj; /pwb2hwfy; /0bi9s36h; /u18jqh0f; /jm1cfa9w; literature/circuit_resources.csv; make_presentation_figure_1.py; /PNG; /c7u54zid; /1orytsvu; /SRL; /u9knih4b; /judg7ads; make_qrl_wise_srl_score_table.py; qrl_wise_srl_score_summary.csv; /cfa9w3m9; /1032lszq; /udg7adsj; /nyd0z610; make_midterm_presentation_artifacts.py; /fu18jqh0; /m94fu18j; /x0nuxc3y; /4fu18jqh; /OCM/MLIT; make_tokyo_evrp_scenario_inputs.py; /fil0rqd4; /qxs72x4n; /xobm58z2; /83itgfml; feasibility_results_by_seed.csv; make_monte_carlo_evrp_visualizations.py; /fepkzupw; /mtwra5gb; /p8nqxs72; route_results.csv; make_simulation_derived_charging_pathway.py; /slide_revision/citation_audit.md,literature/circuit_resources.csv; qrl_wise_srl_score_summary.csv; feasibility_results_by_seed.csv; route_results.csv,003_20260712_usage_map.csv; 010_20260712_code_data_dependency_map.csv,pending exact asset match,likely,quarantine
/Users/tstakuma/Desktop/github/research/outputs/slide_revision/rendered_slides/slide-20.layout.json,/v4; /2miabf; /neloj2t8; /czed8v6p; /5kb6xkf6; /u54zidon; /nqxs72x4; /cbulwval; /5sneloj2; /y90je9cv; /nuxc3ylc; /36hcrmhk; /eloj2t83; /h; /lc7u54zi; /wra5gbq1; /7u54zido; /ed8bat47; /l0rqd4vm; /wfyxobm5; /7mp0bi9s; /e1w7mp0b; /qxs72x4n; /fil0rqd4; /83itgfml; /xobm58z2; /m94fu18j; /fu18jqh0; /4fu18jqh; /x0nuxc3y; /mlkjm1cf; /f6dcbulw; /54zidony; /cj6tovah; /nyd0z610; /udg7adsj; /5gbq1ory; Formulas inspected in make_evrp_feasibility_sensitivity_analysis.py and make_monte_carlo_evrp_visualizations.py; /cvixczed,,,pending exact asset match,likely,quarantine
/Users/tstakuma/Desktop/github/research/outputs/slide_revision/rendered_slides/slide-21.layout.json,/v4; /s4a54x; /lkjm1cfa; /at47y1kr; /3ex0nuxc; /sneloj2t; /l87ed8ba; /ahoza1gv; /32lszqtc; /wb2hwfyx; /lwval87e; /hoza1gvy; /s36hcrmh; /zidonyd0; /a1gvy90j; /hgn29gr2; /svu9knih; /za1gvy90; /ap4r65wj; /h4byhgn2; /sji5snel; /87ed8bat; /xs72x4na; /availability; /q1orytsv; /fmlkjm1c; /P31; /8z25kb6x; /1gvy90je; /qtcj6tov; /je9cvixc; /8v6psfil; /xczed8v6; /neloj2t8; /ytsvu9kn; /5kb6xkf6; /czed8v6p; /nqxs72x4; /u54zidon; /5sneloj2; /cbulwval; /nuxc3ylc; /y90je9cv; /official; /udg7adsj; /nyd0z610; /cj6tovah; /54zidony; /upwb2hwf; /nap4r65w; /cvixczed; /slide_revision/citation_audit.md; /5gbq1ory,,003_20260712_usage_map.csv,pending exact asset match,likely,quarantine
/Users/tstakuma/Desktop/github/research/outputs/slide_revision/rendered_slides/slide-22.layout.json,/v4; /jnqwym; /83itgfml; /fil0rqd4; /qxs72x4n; /x0nuxc3y; /4fu18jqh; /fu18jqh0; /m94fu18j; /xc3ylc7u; /4r65wjud; /ap4r65wj; /za1gvy90; /svu9knih; /hgn29gr2; /a1gvy90j; /zidonyd0; /s36hcrmh; /hoza1gvy; /a5gbq1or; /3m94fu18; /vixczed8; /2x4nap4r; /SRL; /donyd0z6; /k3q5o7qp; /val87ed8; /6psfil0r; /dcbulwva; /kre1w7mp; /v6psfil0; /2lszqtcj; /gbq1oryt; /5wjudg7a,,,pending exact asset match,likely,quarantine
/Users/tstakuma/Desktop/github/research/outputs/slide_revision/rendered_slides/slide-23.layout.json,/v4; /8mrqpt; /czed8v6p; /neloj2t8; /ytsvu9kn; /5sneloj2; /cbulwval; /nqxs72x4; /u54zidon; /5wjudg7a; /gbq1oryt; /qxs72x4n; /2; /fil0rqd4,,,pending exact asset match,likely,quarantine
/Users/tstakuma/Desktop/github/research/outputs/slide_revision/rendered_slides/slide-24.layout.json,/v4; /1zf5mg; /4zidonyd; /fepkzupw; /mtwra5gb; /xc3ylc7u; /4r65wjud; /f6dcbulw; /mlkjm1cf; /x0nuxc3y; /slide_revision/citation_audit.md; /4fu18jqh; /6dcbulwv; /vy90je9c; /2; /oj2t83it,,003_20260712_usage_map.csv,pending exact asset match,likely,quarantine
/Users/tstakuma/Desktop/github/research/scripts/analyze_evrp_benchmark_instances.py,figure_1_presentation_plot_data.csv; evrp_benchmark_instance_fields.csv; evrp_benchmark_instance_summary.csv; evrp_vs_quantum_vrp_scale_comparison.csv; /([^/; /Goeke; /locations/cities; /raw/evrp_benchmarks/e-cvrp_benchmark_instances`; /raw/evrp_benchmarks/e-vrptw_mendeley_schneider/evrptw_instances`,figure_1_presentation_plot_data.csv; evrp_benchmark_instance_fields.csv; evrp_benchmark_instance_summary.csv; evrp_vs_quantum_vrp_scale_comparison.csv,003_20260712_usage_map.csv,pending exact asset match,likely,retain_and_reorganize
/Users/tstakuma/Desktop/github/research/scripts/build_tokyo_synthetic_evrp_notebook.py,/usr/bin/env; notebooks/tokyo_synthetic_evrp_constraint_gap_analysis.ipynb; /route-proxy/constraint-gap分析として研究境界を明示する。; /invalid; /stderrを保存する。; /time-consuming; /package; /logs; /stderr; /vehicle; /evidence; /zero-byte/header-only/bad; /type/keyを区別できる。; data/processed/estat_tokyo_mesh_population_cells.csv; data/processed/open_charge_map_tokyo_boundary_clipped_connections.csv; data/processed/evrp_constraint_gap_inputs/depot_candidates_public_proxy_snapshot.csv; data/processed/evrp_constraint_gap_inputs/vehicle_specs_public_source_snapshot.csv; data/processed/evrp_constraint_gap_inputs/quantum_vrp_evidence_registry.csv; /data/**`、`outputs/tables/csv/**`、analysis; outputs/validation/analysis_output_manifest.csv; scripts/run_tokyo_synthetic_evrp_analysis.py; outputs/data/scenario/open_data_preprocessing_status.csv; /vehicle、およびcharger; outputs/data/scenario/scenario_configurations.csv; /serviceはdiscrete-uniform; outputs/data/scenario/synthetic_customers.csv; outputs/data/scenario/monte_carlo_randomization_registry.csv; /road-adjusted/network; /route、proxy; /SOC最適化、道路上の実経路。; outputs/data/route_proxy/route_proxy_results.csv; outputs/data/route_proxy/route_distance_summary.csv; /denominatorと未評価項目を分離する。; /durationは適格routeだけを分母にする。; /time; /detour; outputs/data/constraints/constraint_summary.csv; outputs/data/constraints/payload_diagnostics.csv; outputs/data/constraints/time_constraint_diagnostics.csv; /case-weighted; outputs/validation/statistical_validation.csv; outputs/data/constraints/sensitivity_summary.csv; /duration; /not; outputs/data/charger_access/charger_condition_definitions.csv; outputs/data/charger_access/route_charger_access_results.csv; /performance; /qubit; /hardware; outputs/data/quantum_gap/quantum_vrp_evidence.csv; outputs/tables/csv/table_03_quantum_vrp_gap.csv; /SVGでのみ表示整形する。; /PNG/SVG; /slide; /SVG/source-data; outputs/validation/render_output_manifest.csv; scripts/render_tokyo_synthetic_evrp_outputs.py; /tables/csv; /figures/png; outputs/tables/csv/table_04_integrated_research_summary.csv; /limitations; /proxy; outputs/tables/csv/table_05_constraint_interpretation_full.csv; outputs/data/scenario/assumptions_and_limitations.csv; /render; /size/mtime/CSV; /failure、current; /data; /tables; /figures; /validation; outputs/validation/final_output_manifest.csv; /tables/png; /tables/svg; /figures/svg; /figures/source_data; /**/*; outputs/validation/research_integrity_checks.csv; outputs/validation/notebook_execution_status.csv; outputs/validation/final_validation_summary.csv,data/processed/estat_tokyo_mesh_population_cells.csv; data/processed/open_charge_map_tokyo_boundary_clipped_connections.csv; data/processed/evrp_constraint_gap_inputs/depot_candidates_public_proxy_snapshot.csv; data/processed/evrp_constraint_gap_inputs/vehicle_specs_public_source_snapshot.csv; data/processed/evrp_constraint_gap_inputs/quantum_vrp_evidence_registry.csv; outputs/validation/analysis_output_manifest.csv; outputs/data/scenario/open_data_preprocessing_status.csv; outputs/data/scenario/scenario_configurations.csv; outputs/data/scenario/synthetic_customers.csv; outputs/data/scenario/monte_carlo_randomization_registry.csv; outputs/data/route_proxy/route_proxy_results.csv; outputs/data/route_proxy/route_distance_summary.csv; outputs/data/constraints/constraint_summary.csv; outputs/data/constraints/payload_diagnostics.csv; outputs/data/constraints/time_constraint_diagnostics.csv; outputs/validation/statistical_validation.csv; outputs/data/constraints/sensitivity_summary.csv; outputs/data/charger_access/charger_condition_definitions.csv; outputs/data/charger_access/route_charger_access_results.csv; outputs/data/quantum_gap/quantum_vrp_evidence.csv; outputs/tables/csv/table_03_quantum_vrp_gap.csv; outputs/validation/render_output_manifest.csv; outputs/tables/csv/table_04_integrated_research_summary.csv; outputs/tables/csv/table_05_constraint_interpretation_full.csv; outputs/data/scenario/assumptions_and_limitations.csv; outputs/validation/final_output_manifest.csv; outputs/validation/research_integrity_checks.csv; outputs/validation/notebook_execution_status.csv; outputs/validation/final_validation_summary.csv,003_20260712_usage_map.csv; 010_20260712_code_data_dependency_map.csv,pending exact asset match,likely,retain_and_reorganize
/Users/tstakuma/Desktop/github/research/scripts/fetch_jartic_tokyo_traffic.py,socio_technical_variables.csv; jartic_tokyo_traffic_summary.csv; jartic_tokyo_traffic_observations.csv; open_data_source_inventory.csv; https://api.jartic-open-traffic.org/geoserver; https://www.jartic-open-traffic.org/; /json; response.json; /down,socio_technical_variables.csv; jartic_tokyo_traffic_summary.csv; jartic_tokyo_traffic_observations.csv; open_data_source_inventory.csv; response.json,003_20260712_usage_map.csv,pending exact asset match,likely,retain_and_reorganize
/Users/tstakuma/Desktop/github/research/scripts/fetch_open_charge_map_tokyo.py,socio_technical_variables.csv; /raw/boundary/mlit_n03_tokyo/N03-20240101_13_GML.zip; open_charge_map_tokyo_stations.csv; open_charge_map_tokyo_summary.csv; open_charge_map_tokyo_boundary_clipped_stations.csv; open_charge_map_tokyo_boundary_clipped_connections.csv; open_charge_map_tokyo_boundary_clipped_summary.csv; https://api.openchargemap.io/v3/poi; /1.0; //{TOKYO_BOUNDARY_ZIP}!N03-20240101_13.geojson; /status; https://www.openchargemap.org/develop/api,socio_technical_variables.csv; open_charge_map_tokyo_stations.csv; open_charge_map_tokyo_summary.csv; open_charge_map_tokyo_boundary_clipped_stations.csv; open_charge_map_tokyo_boundary_clipped_connections.csv; open_charge_map_tokyo_boundary_clipped_summary.csv,003_20260712_usage_map.csv; backup/20260711_before_constraint_gap_refactor/notebooks/tokyo_evrp_scenario_to_charging_pathway.ipynb; deprecated_outputs/legacy_evrp_outputs/use_case_scenario/data_source_api_rule_registry.csv; deprecated_outputs/legacy_evrp_outputs/use_case_scenario/pipeline_csv_generation_usage_map.csv,pending exact asset match,likely,retain_and_reorganize
/Users/tstakuma/Desktop/github/research/scripts/make_evrp_requirement_gap_analysis.py,import matplotlib.py; /use_case_scenario; figure_1_presentation_plot_data.csv; tokyo_evrp_quantum_requirement_map.csv; evrp_benchmark_instance_fields.csv; tokyo_evrp_scenario_design.csv; scenario_available_chargers.csv; scenario_depots.csv; vehicle_scenario_rules.csv; /locations; Scenario vehicle count in tokyo_evrp_scenario_design.csv; /trucks; /vehicle; Vehicle battery/range scenarios and usable-range factor in vehicle_scenario_rules.csv; /SOC; /range; /fuel; /width; P31 logistics facilities screened into scenario_depots.csv; /cost; /Goeke; /proxy; /historical; /CVRP/VRPTW/HVRP; /hardware-aware; /indirect/static-only; /Public; /Direct; /traffic; evrp_requirement_gap_evidence_table.csv; static_vs_dynamic_readiness_table.csv; quantum_evrp_gap_score.csv,figure_1_presentation_plot_data.csv; tokyo_evrp_quantum_requirement_map.csv; evrp_benchmark_instance_fields.csv; tokyo_evrp_scenario_design.csv; scenario_available_chargers.csv; scenario_depots.csv; vehicle_scenario_rules.csv; Scenario vehicle count in tokyo_evrp_scenario_design.csv; Vehicle battery/range scenarios and usable-range factor in vehicle_scenario_rules.csv; P31 logistics facilities screened into scenario_depots.csv; tokyo_static_evrp_requirement_coverage.png; evrp_requirement_gap_evidence_table.csv; static_vs_dynamic_readiness_table.csv; quantum_evrp_gap_score.csv; figures/02_requirement_mapping/tokyo_static_evrp_requirement_coverage.png,003_20260712_usage_map.csv,pending exact asset match,likely,retain_and_reorganize
/Users/tstakuma/Desktop/github/research/scripts/make_explanatory_quantum_social_readiness_table.py,qrl_wise_srl_score_summary.csv; quantum_social_readiness_explanatory_table.csv; /logistics; /grid; /location; /workflow,qrl_wise_srl_score_summary.csv; quantum_social_readiness_explanatory_table.csv,003_20260712_usage_map.csv,pending exact asset match,likely,retain_and_reorganize
/Users/tstakuma/Desktop/github/research/scripts/make_future_wheels_figures.py,import matplotlib.py; outputs/use_case_scenario/future_wheels_node_scoring.csv; outputs/use_case_scenario/future_wheels_expected_impact_ranked.csv; /SOC; /SOC\ncoverage; /SOCの直接対応が\nまだ弱い; /SOCの直接対応がまだ弱い; /depot; /SOC制約; /デポ設計,outputs/use_case_scenario/future_wheels_node_scoring.csv; future_wheels_network.png; future_wheels_expected_impact_bar_chart.png; future_wheels_network_ja.png; future_wheels_expected_impact_bar_chart_ja.png; outputs/use_case_scenario/future_wheels_expected_impact_ranked.csv,,pending exact asset match,likely,retain_and_reorganize
/Users/tstakuma/Desktop/github/research/scripts/make_future_wheels_node_scoring.py,/use_case_scenario; future_wheels_probability_scale.csv; future_wheels_node_scoring.csv; /Goeke; /public,future_wheels_probability_scale.csv; future_wheels_node_scoring.csv,,pending exact asset match,likely,retain_and_reorganize
/Users/tstakuma/Desktop/github/research/scripts/make_future_wheels_scoring_tables.py,/use_case_scenario; future_wheels_probability_scale.csv; future_wheels_impact_scale.csv; future_wheels_evidence_strength_scale.csv; conditional_probability is looked up from future_wheels_probability_scale.csv; /benchmark・複数根拠を区別する。; /benchmark; future_wheels_scoring_rulebook.csv; future_wheels_node_scoring_template.csv; future_wheels_scoring_outputs_manifest.csv,future_wheels_probability_scale.csv; future_wheels_impact_scale.csv; future_wheels_evidence_strength_scale.csv; conditional_probability is looked up from future_wheels_probability_scale.csv; future_wheels_scoring_rulebook.csv; future_wheels_node_scoring_template.csv; future_wheels_scoring_outputs_manifest.csv,,pending exact asset match,likely,retain_and_reorganize
/Users/tstakuma/Desktop/github/research/scripts/make_midterm_presentation_artifacts.py,import matplotlib.py; evrp_benchmark_requirement_table.csv; tokyo_evrp_quantum_requirement_map.csv; tokyo_evrp_quantum_requirement_map_presentation.csv; evrp_benchmark_instance_summary.csv; /SOC; /fuel; /end; /Goeke; /evaluation,evrp_benchmark_requirement_table.csv; evrp_benchmark_requirement_table.png; tokyo_evrp_quantum_requirement_map.csv; tokyo_evrp_quantum_requirement_map_presentation.csv; tokyo_evrp_quantum_requirement_map_table.png; evrp_benchmark_instance_summary.csv,003_20260712_usage_map.csv; 010_20260712_code_data_dependency_map.csv; outputs/slide_revision/citation_audit.md; outputs/slide_revision/rendered_slides/slide-08.layout.json; outputs/slide_revision/rendered_slides/slide-19.layout.json,pending exact asset match,likely,retain_and_reorganize
/Users/tstakuma/Desktop/github/research/scripts/make_morphological_use_case_analysis.py,morphological_analysis_axes.csv; morphological_use_case_candidates.csv; socio_technical_open_data_collection_plan.csv; figure_1_presentation_plot_data.csv; /heavy-duty; /logistics; /grid; social_quantum_readiness_alignment.csv; /direct; circuit_resources.csv; /target; quantum_readiness_evidence.csv; outputs/scale_gap/quantum_benchmark_scale_extracted.csv; roadmap_gap_matrix.csv; /Overture/e-Stat; /static; /telemetry; /power; /status; /years; /API; /longitude; /availability; /one-way; /depot/customer; /statistical; /curb/open; /SOC; /Overture; /EAFO/NREL; /city; /traffic; social_stage_variable_extraction.csv; /grid-constrained; /VRPTW; /service; /timeliness; /resource-gap; /IEA; qrl_wise_srl_score_summary.csv; /QRL,morphological_analysis_axes.csv; morphological_use_case_candidates.csv; socio_technical_open_data_collection_plan.csv; figure_1_presentation_plot_data.csv; social_quantum_readiness_alignment.csv; circuit_resources.csv; quantum_readiness_evidence.csv; outputs/scale_gap/quantum_benchmark_scale_extracted.csv; roadmap_gap_matrix.csv; social_stage_variable_extraction.csv; qrl_wise_srl_score_summary.csv,003_20260712_usage_map.csv; literature/13_extraction_analysis_record.md,pending exact asset match,likely,retain_and_reorganize
/Users/tstakuma/Desktop/github/research/scripts/make_presentation_figure_1.py,import matplotlib.py; circuit_resources.csv; social_quantum_readiness_alignment.csv; /truck; /QAOA; /VQE; /direct; /target; /\nmethod; /\nencoding; /qubits; figure_1_presentation_plot_data.csv,circuit_resources.csv; social_quantum_readiness_alignment.csv; figure_1_width_by_instance.png; figure_1_presentation_plot_data.csv,003_20260712_usage_map.csv; 010_20260712_code_data_dependency_map.csv; README.md; backup/20260711_before_constraint_gap_refactor/notebooks/tokyo_evrp_scenario_to_charging_pathway.ipynb; backup/20260711_before_constraint_gap_refactor/root_files/README.md; deprecated_outputs/charging_pathway_legacy/explanation_package/quantum_evrp_explanation_package/README.md; literature/11_circuit_resource_extraction.md; literature/57_srl_qrl_matrix_scoring_workflow.md; notebooks/literature_to_figures_workflow.ipynb; outputs/slide_revision/citation_audit.md; outputs/slide_revision/rendered_slides/slide-05.layout.json; outputs/slide_revision/rendered_slides/slide-19.layout.json,pending exact asset match,likely,retain_and_reorganize
/Users/tstakuma/Desktop/github/research/scripts/make_qrl_srl_table_figure.py,import matplotlib.py; qrl_wise_srl_score_summary.csv,qrl_wise_srl_score_summary.csv; qrl_srl_score_summary_table.png,003_20260712_usage_map.csv; 010_20260712_code_data_dependency_map.csv; backup/20260711_before_constraint_gap_refactor/notebooks/tokyo_evrp_scenario_to_charging_pathway.ipynb,pending exact asset match,likely,retain_and_reorganize
/Users/tstakuma/Desktop/github/research/scripts/make_qrl_wise_srl_score_table.py,figure_1_presentation_plot_data.csv; srl_qrl_placement_from_figure_1_data.csv; qrl_wise_srl_score_summary.csv; /locations; /3; /3`; /location; /grid制約、動的再最適化を直接含む問題インスタンスではない。そのため、hardware-aware; /logistics実運用に近いことは区別して読む必要がある。; /resource-estimation文脈で使われるベンチマークで、200; /direct; /logistics側のSRL3-SRL4要求と、量子側の既存証拠にはギャップがある; /depot; /depot制約は、車両経路だけでなく運用可能性を制約する。; /runtime要求が生じる。,figure_1_presentation_plot_data.csv; srl_qrl_placement_from_figure_1_data.csv; qrl_wise_srl_score_summary.csv; figure_1_srl_qrl_matrix.png,003_20260712_usage_map.csv; 010_20260712_code_data_dependency_map.csv; README.md; backup/20260711_before_constraint_gap_refactor/notebooks/tokyo_evrp_scenario_to_charging_pathway.ipynb; backup/20260711_before_constraint_gap_refactor/root_files/README.md; literature/57_srl_qrl_matrix_scoring_workflow.md; outputs/slide_revision/citation_audit.md; outputs/slide_revision/rendered_slides/slide-07.layout.json; outputs/slide_revision/rendered_slides/slide-19.layout.json,pending exact asset match,likely,retain_and_reorganize
/Users/tstakuma/Desktop/github/research/scripts/make_scale_gap_analysis.py,import matplotlib.py; EV_Data_Explorer_2026_existing_raw.xlsx; figure_1_presentation_plot_data.csv; ev_social_scale_extracted.csv; quantum_benchmark_scale_extracted.csv; social_quantum_scale_index.csv; scale_gap_graph_design.csv; scale_gap_cagr_summary.csv; http://schemas.openxmlformats.org/spreadsheetml/2006/main; http://schemas.openxmlformats.org/officeDocument/2006/relationships; /sharedStrings.xml; .//a:t; /worksheets/sheet1.xml; .//a:sheetData/a:row; /customers/locations/cities,EV_Data_Explorer_2026_existing_raw.xlsx; figure_1_presentation_plot_data.csv; ev_social_scale_extracted.csv; quantum_benchmark_scale_extracted.csv; social_quantum_scale_index.csv; scale_gap_graph_design.csv; social_quantum_scale_gap_index.png; scale_gap_cagr_summary.csv; social_quantum_scale_gap_cagr.png,003_20260712_usage_map.csv,pending exact asset match,likely,retain_and_reorganize
/Users/tstakuma/Desktop/github/research/scripts/make_slide_15_generated_scenario_map.py,/usr/bin/env; import matplotlib.py; outputs/data/route_proxy/route_proxy_edges.csv; outputs/data/route_proxy/route_proxy_members.csv; outputs/data/charger_access/eligible_charger_candidates.csv; outputs/data/route_proxy/route_proxy_results.csv; outputs/figures/svg/slide_15_generated_scenario_map.svg; outputs/figures/source_data/slide_15_generated_scenario_map.csv,outputs/data/route_proxy/route_proxy_edges.csv; outputs/data/route_proxy/route_proxy_members.csv; outputs/data/charger_access/eligible_charger_candidates.csv; outputs/data/route_proxy/route_proxy_results.csv; outputs/figures/png/slide_15_generated_scenario_map.png; outputs/figures/source_data/slide_15_generated_scenario_map.csv,003_20260712_usage_map.csv,pending exact asset match,likely,retain_and_reorganize
/Users/tstakuma/Desktop/github/research/scripts/make_srl_qrl_methodology_design.py,import matplotlib.py; /System/Library/Fonts/ヒラギノ角ゴシック; /System/Library/Fonts/Supplemental/Arial; /QRL; /CVRP; /logistics; /grid; /workflow; /SRL; social_stage_sources.csv; technical_stage_sources.csv; social_stage_variable_extraction.csv; technical_stage_variable_extraction.csv; social_quantum_readiness_alignment.csv; quantum_readiness_evidence.csv; /depth/backend,srl_qrl_methodology_design.png; social_stage_sources.csv; technical_stage_sources.csv; social_stage_variable_extraction.csv; technical_stage_variable_extraction.csv; social_quantum_readiness_alignment.csv; quantum_readiness_evidence.csv,003_20260712_usage_map.csv; README.md; backup/20260711_before_constraint_gap_refactor/root_files/README.md,pending exact asset match,likely,retain_and_reorganize
/Users/tstakuma/Desktop/github/research/scripts/make_srl_qrl_requirement_evidence_network.py,import matplotlib.py; /highを表示。; literature/social_stage_variable_extraction.csv; literature/social_quantum_readiness_alignment.csv; literature/quantum_readiness_evidence.csv; literature/circuit_resources.csv; figures/01_quantum_vrp_evidence/figure_1_presentation_plot_data.csv; figures/figure_1_presentation_plot_data.csv; outputs/use_case_scenario/monte_carlo_evrp_gap_summary_external.csv; outputs/use_case_scenario/bottleneck_to_evidence_gap_matrix.csv; outputs/use_case_scenario/quantum_evrp_gap_score.csv; /srl_qrl_requirement_evidence_network_design_rules.md; /srl_qrl_requirement_evidence_network_design_rules_v2.md; /23_social_quantum_readiness_alignment.md; literature/srl_qrl_network_edge_weights.csv; figure_1_presentation_plot_data.csv; /SOC/charging; /demand/reoptimization; /KPI/deployment; /\nfeasibility; /\nworkflow; /travel; /range; /reoptimization; quantum_readiness_evidence.csv; /required; Created literature/srl_qrl_network_edge_weights.csv; missing edge rows to literature/srl_qrl_network_edge_weights.csv; /System/Library/Fonts/ヒラギノ角ゴシック; /System/Library/Fonts/Supplemental/Arial; /usr/share/fonts/opentype/noto/NotoSansCJK-Regular.ttc; /Windows/Fonts/YuGothM.ttc; /Windows/Fonts/meiryo.ttc; /resources→QRL; srl_qrl_requirement_evidence_network_weighted_traceability.csv; srl_qrl_requirement_evidence_network_traceability.csv; /=; /high; python3 scripts/make_srl_qrl_requirement_evidence_network.py,figures/02_requirement_mapping/srl_qrl_requirement_evidence_network_ja.png; figures/02_requirement_mapping/srl_qrl_requirement_evidence_network_weighted_ja.png; literature/social_stage_variable_extraction.csv; literature/social_quantum_readiness_alignment.csv; literature/quantum_readiness_evidence.csv; literature/circuit_resources.csv; figures/01_quantum_vrp_evidence/figure_1_presentation_plot_data.csv; figures/figure_1_presentation_plot_data.csv; outputs/use_case_scenario/monte_carlo_evrp_gap_summary_external.csv; outputs/use_case_scenario/bottleneck_to_evidence_gap_matrix.csv; outputs/use_case_scenario/quantum_evrp_gap_score.csv; literature/srl_qrl_network_edge_weights.csv; figure_1_presentation_plot_data.csv; quantum_readiness_evidence.csv; Created literature/srl_qrl_network_edge_weights.csv; missing edge rows to literature/srl_qrl_network_edge_weights.csv; srl_qrl_requirement_evidence_network_weighted_traceability.csv; srl_qrl_requirement_evidence_network_traceability.csv,003_20260712_usage_map.csv; 010_20260712_code_data_dependency_map.csv; literature/srl_qrl_requirement_evidence_network_design_rules_v2.md; scripts/make_srl_qrl_requirement_evidence_network.py; scripts/make_srl_qrl_requirement_evidence_network_v2.py,pending exact asset match,likely,retain_and_reorganize
/Users/tstakuma/Desktop/github/research/scripts/make_srl_qrl_requirement_evidence_network_v2.py,import matplotlib.py; literature/social_quantum_readiness_alignment.csv; literature/quantum_readiness_evidence.csv; literature/social_stage_variable_extraction.csv; literature/circuit_resources.csv; /path/to/research; /System/Library/Fonts/ヒラギノ角ゴシック; /System/Library/Fonts/Supplemental/Arial; /usr/share/fonts/opentype/noto/NotoSansCJK-Regular.ttc; /usr/share/fonts/opentype/noto/NotoSansCJK-Bold.ttc; /Windows/Fonts/YuGothM.ttc; /Windows/Fonts/meiryo.ttc; /assets/fonts/DroidSansFallbackFull.ttf; social_stage_variable_extraction.csv / social_quantum_readiness_alignment.csv; quantum_readiness_evidence.csv / circuit_resources.csv; /=; python3 scripts/make_srl_qrl_requirement_evidence_network.py,figures/02_requirement_mapping/srl_qrl_requirement_evidence_network_ja.png; literature/social_quantum_readiness_alignment.csv; literature/quantum_readiness_evidence.csv; literature/social_stage_variable_extraction.csv; literature/circuit_resources.csv; social_stage_variable_extraction.csv / social_quantum_readiness_alignment.csv; quantum_readiness_evidence.csv / circuit_resources.csv,003_20260712_usage_map.csv; 010_20260712_code_data_dependency_map.csv,pending exact asset match,likely,retain_and_reorganize
/Users/tstakuma/Desktop/github/research/scripts/make_tokyo_evrp_quantum_requirement_map.py,socio_technical_variables.csv; evrp_benchmark_instance_summary.csv; evrp_vs_quantum_vrp_scale_comparison.csv; tokyo_evrp_quantum_requirement_map.csv; /Goeke; /locations; /evaluated; /qubits; /status; /E-CVRP; /cargo; /resource; /power; /SOC; /fuel; /width; /end; /cost; /travel-time; /depth,socio_technical_variables.csv; evrp_benchmark_instance_summary.csv; evrp_vs_quantum_vrp_scale_comparison.csv; tokyo_evrp_quantum_requirement_map.csv,003_20260712_usage_map.csv,pending exact asset match,likely,retain_and_reorganize
/Users/tstakuma/Desktop/github/research/scripts/make_tokyo_evrp_quantum_requirement_map_ja.py,tokyo_evrp_quantum_requirement_map.csv; tokyo_evrp_quantum_requirement_map_ja.csv; /Goeke; /km2、Tokyo人口14047594人、OSM道路網。これらはsynthetic; /locations。Golden_5は200; /qubitsを報告することが多く、EVRP; /statusは不完全な可能性があり、bounding-boxに周辺市が入る可能性がある。; /E-CVRPを分けるため。; /cargoは直接得られていない。車種またはbenchmark仮定が必要。; /resource; /power; /SOC; /km2、road; /widthを報告する一方で、EV; /cost; /travel-time; /5、GTFS; /SOCと結合していない。; /depthだけでなく、EVRP; /SOC、depot、Tokyo固有の配送時間帯はscenario,tokyo_evrp_quantum_requirement_map.csv; tokyo_evrp_quantum_requirement_map_ja.csv,003_20260712_usage_map.csv,pending exact asset match,likely,retain_and_reorganize
/Users/tstakuma/Desktop/github/research/scripts/make_updated_future_wheels.py,import matplotlib.py; /use_case_scenario; updated_future_wheels_node_scoring.csv; updated_future_wheels_expected_impact_ranked.csv; updated_future_wheels_to_tokyo_evrp_linkage.csv; tokyo_evrp_scenario_design.csv; evrp_requirement_gap_evidence_table.csv; scenario_available_chargers.csv; scenario_depots.csv; vehicle_scenario_rules.csv; synthetic_customer_node_rules.csv; quantum_evrp_gap_score.csv; /medium/large; open_charge_map_tokyo_boundary_clipped_connections.csv; charger_screening_rules.csv; /NACS; /balanced/broad; /SOC; static_vs_dynamic_readiness_table.csv; /M/L,updated_future_wheels_node_scoring.csv; updated_future_wheels_expected_impact_ranked.csv; updated_future_wheels_to_tokyo_evrp_linkage.csv; updated_future_wheels_network.png; updated_future_wheels_network_ja.png; updated_future_wheels_expected_impact_bar_chart.png; updated_future_wheels_expected_impact_bar_chart_ja.png; tokyo_evrp_scenario_design.csv; evrp_requirement_gap_evidence_table.csv; scenario_available_chargers.csv; scenario_depots.csv; vehicle_scenario_rules.csv; synthetic_customer_node_rules.csv; quantum_evrp_gap_score.csv; open_charge_map_tokyo_boundary_clipped_connections.csv; charger_screening_rules.csv; tokyo_static_evrp_requirement_coverage.png; static_vs_dynamic_readiness_table.csv; figures/06_future_wheels/updated_future_wheels_network.png; figures/06_future_wheels/updated_future_wheels_network_ja.png; figures/06_future_wheels/updated_future_wheels_expected_impact_bar_chart.png; figures/06_future_wheels/updated_future_wheels_expected_impact_bar_chart_ja.png,003_20260712_usage_map.csv,pending exact asset match,likely,retain_and_reorganize
/Users/tstakuma/Desktop/github/research/scripts/monte_carlo_utils.py,/detour/charging; /seed; /impact; /detour_time_min,,,pending exact asset match,likely,retain_and_reorganize
/Users/tstakuma/Desktop/github/research/scripts/process_ev_vehicle_specs.py,/raw/vehicle_specs/official_sources; /processed; data/raw/vehicle_specs/ev_vehicle_specs_sources.csv; ev_truck_specs_scenario.csv; ev_truck_specs_summary.csv; literature/use_case_scenario/open_data_source_inventory.csv; data/processed/socio_technical_variables.csv; https://www.mitsubishi-fuso.com/ja/news-main/press-release/2023/03/09/%E9%9B%BB%E6%B0%97%E5%B0%8F%E5%9E%8B%E3%83%88%E3%83%A9%E3%83%83%E3%82%AF%E3%80%8Cecanter%E3%80%8D%E6%96%B0%E5%9E%8B%E3%83%A2%E3%83%87%E3%83%AB%E3%82%92%E7%99%BA%E5%A3%B2/; https://www.mitsubishi-fuso.com/ja/news-main/press-release/2023/09/12/%E9%9B%BB%E6%B0%97%E5%B0%8F%E5%9E%8B%E3%83%88%E3%83%A9%E3%83%83%E3%82%AF%E3%80%8Cecanter%E3%80%8D%E6%96%B0%E5%9E%8B%E3%83%A2%E3%83%87%E3%83%AB%E7%B4%84900%E5%8F%B0%E3%82%92%E3%83%A4%E3%83%9E%E3%83%88/; https://www.isuzu.co.jp/product/elf/ev/; https://www.hino.co.jp/corp/news/2024/20240918-003755.html; https://toyota.jp/pages/contents/pixisvan/002_b_001/pdf/pixisvan_spec_202606.pdf; toyota_pixisvan_bev_spec_202606.pdf; /h; /spec; /range; /NMR; /1.0; see data/raw/vehicle_specs/ev_vehicle_specs_sources.csv; /raw/vehicle_specs/official_sources/; /pdf; /PDF; data/processed/ev_truck_specs_scenario.csv,data/raw/vehicle_specs/ev_vehicle_specs_sources.csv; ev_truck_specs_scenario.csv; ev_truck_specs_summary.csv; literature/use_case_scenario/open_data_source_inventory.csv; data/processed/socio_technical_variables.csv; https://toyota.jp/pages/contents/pixisvan/002_b_001/pdf/pixisvan_spec_202606.pdf; toyota_pixisvan_bev_spec_202606.pdf; see data/raw/vehicle_specs/ev_vehicle_specs_sources.csv; data/processed/ev_truck_specs_scenario.csv,003_20260712_usage_map.csv; deprecated_outputs/legacy_evrp_outputs/use_case_scenario/data_source_api_rule_registry.csv; deprecated_outputs/legacy_evrp_outputs/use_case_scenario/pipeline_csv_generation_usage_map.csv,pending exact asset match,likely,retain_and_reorganize
/Users/tstakuma/Desktop/github/research/scripts/process_mlit_logistics_hubs.py,/raw/logistics/mlit_logistics_hubs/P31-13_13.zip; /processed/_tmp_p31; data/processed/tokyo_logistics_hub_candidates.csv; data/processed/tokyo_logistics_hub_summary.csv; data/processed/tokyo_logistics_hub_by_type.csv; literature/use_case_scenario/open_data_source_inventory.csv; data/processed/socio_technical_variables.csv; outputs/use_case_scenario/future_wheels_pre_analysis_action_status.csv; /P31-13_13_e.shp; /latitude; /depot; https://nlftp.mlit.go.jp/ksj/gml/datalist/KsjTmplt-P31.html; /warehouse,data/processed/tokyo_logistics_hub_candidates.csv; data/processed/tokyo_logistics_hub_summary.csv; data/processed/tokyo_logistics_hub_by_type.csv; literature/use_case_scenario/open_data_source_inventory.csv; data/processed/socio_technical_variables.csv; outputs/use_case_scenario/future_wheels_pre_analysis_action_status.csv,003_20260712_usage_map.csv; deprecated_outputs/legacy_evrp_outputs/use_case_scenario/pipeline_csv_generation_usage_map.csv,pending exact asset match,likely,retain_and_reorganize
/Users/tstakuma/Desktop/github/research/scripts/process_mlit_primary_highway_freight_network.py,/raw/logistics/mlit_primary_highway_freight_network; /processed; tokyo_primary_highway_freight_network_segments.csv; tokyo_primary_highway_freight_network_by_road_class.csv; tokyo_primary_highway_freight_network_summary.csv; outputs/use_case_scenario/source_data_inventory.csv; outputs/use_case_scenario/social_side_variable_sources.csv; //{RAW_ZIP}!N12-21_13.geojson; https://nlftp.mlit.go.jp/ksj/gml/datalist/KsjTmplt-N12-v1_1.html,tokyo_primary_highway_freight_network_segments.csv; tokyo_primary_highway_freight_network_by_road_class.csv; tokyo_primary_highway_freight_network_summary.csv; outputs/use_case_scenario/source_data_inventory.csv; outputs/use_case_scenario/social_side_variable_sources.csv,003_20260712_usage_map.csv,pending exact asset match,likely,retain_and_reorganize
/Users/tstakuma/Desktop/github/research/scripts/process_tokyo_freight_flow_census.py,/raw/logistics/freight_flow_census_tokyo; /processed; outputs/use_case_scenario/source_data_inventory.csv; outputs/use_case_scenario/social_side_variable_sources.csv; data/processed/socio_technical_variables.csv; 56_01_1011_establishment_locations_by_prefecture.csv; 56_01_2011_generated_attracted_freight_by_prefecture.csv; 56_01_3011_interregional_freight_flow_by_prefecture.csv; tokyo_freight_establishment_locations.csv; tokyo_generated_attracted_freight_by_facility.csv; tokyo_interregional_freight_flow_by_commodity.csv; tokyo_freight_flow_census_summary.csv; /attracted; /service-area,outputs/use_case_scenario/source_data_inventory.csv; outputs/use_case_scenario/social_side_variable_sources.csv; data/processed/socio_technical_variables.csv; 56_01_1011_establishment_locations_by_prefecture.csv; 56_01_2011_generated_attracted_freight_by_prefecture.csv; 56_01_3011_interregional_freight_flow_by_prefecture.csv; tokyo_freight_establishment_locations.csv; tokyo_generated_attracted_freight_by_facility.csv; tokyo_interregional_freight_flow_by_commodity.csv; tokyo_freight_flow_census_summary.csv,003_20260712_usage_map.csv; deprecated_outputs/legacy_evrp_outputs/use_case_scenario/data_source_api_rule_registry.csv; deprecated_outputs/legacy_evrp_outputs/use_case_scenario/pipeline_csv_generation_usage_map.csv,pending exact asset match,likely,retain_and_reorganize
/Users/tstakuma/Desktop/github/research/scripts/process_tokyo_gtfs.py,tokyo_gtfs_summary.csv; socio_technical_variables.csv; https://ckan.odpt.org/dataset,tokyo_gtfs_summary.csv; socio_technical_variables.csv,003_20260712_usage_map.csv,pending exact asset match,likely,retain_and_reorganize
/Users/tstakuma/Desktop/github/research/scripts/process_tokyo_public_data_inputs.py,/raw/boundary/mlit_n03_tokyo/N03-20240101_13_GML.zip; /raw/estat/tokyo_mesh/tblT001101H13.zip; /raw/smart_city/traffic/tokyo_metropolitan_police/02_cyousakekka_csv.zip; data/raw/smart_city/traffic/mlit_road_census_tokyo/zkntrf13.csv; /processed; literature/use_case_scenario/open_data_source_inventory.csv; data/processed/socio_technical_variables.csv; outputs/use_case_scenario/future_wheels_pre_analysis_action_status.csv; tokyo_boundary_n03_summary.csv; tokyo_boundary_n03_municipalities.csv; /N03-20240101_13.geojson; estat_tokyo_mesh_population_cells.csv; estat_tokyo_mesh_population_summary.csv; tokyo_police_traffic_stats_inventory.csv; tokyo_police_traffic_border_hourly_all_vehicles.csv; tokyo_police_traffic_stats_summary.csv; 2-2-15jikanbetu_ryuusyutunyuu_zensya.csv; mlit_road_census_tokyo_traffic_summary.csv; mlit_road_census_tokyo_traffic_by_vehicle_class.csv; https://nlftp.mlit.go.jp/ksj/gml/datalist/KsjTmplt-N03-2024.html; https://www.e-stat.go.jp/gis/statmap-search?page=1&toukeiCode=00200521&type=1; https://catalog.data.metro.tokyo.lg.jp/dataset/t000022d0000000035; https://www.mlit.go.jp/road/census/r3/; from 2-2-15jikanbetu_ryuusyutunyuu_zensya.csv; values across rows in zkntrf13.csv,data/raw/smart_city/traffic/mlit_road_census_tokyo/zkntrf13.csv; literature/use_case_scenario/open_data_source_inventory.csv; data/processed/socio_technical_variables.csv; outputs/use_case_scenario/future_wheels_pre_analysis_action_status.csv; tokyo_boundary_n03_summary.csv; tokyo_boundary_n03_municipalities.csv; estat_tokyo_mesh_population_cells.csv; estat_tokyo_mesh_population_summary.csv; tokyo_police_traffic_stats_inventory.csv; tokyo_police_traffic_border_hourly_all_vehicles.csv; tokyo_police_traffic_stats_summary.csv; 2-2-15jikanbetu_ryuusyutunyuu_zensya.csv; mlit_road_census_tokyo_traffic_summary.csv; mlit_road_census_tokyo_traffic_by_vehicle_class.csv; from 2-2-15jikanbetu_ryuusyutunyuu_zensya.csv; values across rows in zkntrf13.csv,003_20260712_usage_map.csv; deprecated_outputs/legacy_evrp_outputs/use_case_scenario/data_source_api_rule_registry.csv; deprecated_outputs/legacy_evrp_outputs/use_case_scenario/pipeline_csv_generation_usage_map.csv,pending exact asset match,likely,retain_and_reorganize
/Users/tstakuma/Desktop/github/research/scripts/process_tokyo_subcase_open_data.py,estat_2020_population_census_table_1-1-3_tokyo_2026-07-04.csv; socio_technical_variables.csv; estat_tokyo_population_summary.csv; osm_tokyo_road_network_summary.csv; /vsizip/{OSM_ZIP}/gis_osm_roads_free_1.shp; /over-counted; https://www.e-stat.go.jp/en/statistics/00200521; https://download.geofabrik.de/asia/japan/kanto.html,estat_2020_population_census_table_1-1-3_tokyo_2026-07-04.csv; socio_technical_variables.csv; estat_tokyo_population_summary.csv; osm_tokyo_road_network_summary.csv,003_20260712_usage_map.csv,pending exact asset match,likely,retain_and_reorganize
/Users/tstakuma/Desktop/github/research/scripts/render_tokyo_synthetic_evrp_outputs.py,/usr/bin/env; run_tokyo_synthetic_evrp_analysis.py; /SVG; import matplotlib.py; /figure; /png; /svg; /source_data; /csv; /editable; /tables/csv/{stem}.csv; /vehicle; /h; /gap; /limited; outputs/data/scenario/scenario_configurations.csv; outputs/data/scenario/synthetic_customers.csv; outputs/data/route_proxy/route_proxy_edges.csv; outputs/data/route_proxy/route_proxy_results.csv; outputs/data/constraints/constraint_summary.csv; outputs/data/constraints/constraint_case_rates.csv; outputs/data/constraints/scenario_constraint_summary.csv; outputs/data/constraints/sensitivity_summary.csv; outputs/data/charger_access/eligible_charger_candidates.csv; outputs/data/quantum_gap/quantum_vrp_evidence.csv; outputs/tables/csv/table_04_integrated_research_summary.csv; outputs/data/scenario/assumptions_and_limitations.csv; render_status.csv; render_output_manifest.csv,/tables/csv/{stem}.csv; outputs/data/scenario/scenario_configurations.csv; outputs/data/scenario/synthetic_customers.csv; outputs/data/route_proxy/route_proxy_edges.csv; outputs/data/route_proxy/route_proxy_results.csv; outputs/data/constraints/constraint_summary.csv; outputs/data/constraints/constraint_case_rates.csv; outputs/data/constraints/scenario_constraint_summary.csv; outputs/data/constraints/sensitivity_summary.csv; outputs/data/charger_access/eligible_charger_candidates.csv; outputs/data/quantum_gap/quantum_vrp_evidence.csv; outputs/tables/csv/table_04_integrated_research_summary.csv; outputs/data/scenario/assumptions_and_limitations.csv; render_status.csv; render_output_manifest.csv,003_20260712_usage_map.csv; 010_20260712_code_data_dependency_map.csv; README.md; figures/README.md; notebooks/tokyo_synthetic_evrp_constraint_gap_analysis.ipynb; scripts/build_tokyo_synthetic_evrp_notebook.py; scripts/run_tokyo_synthetic_evrp_analysis.py,pending exact asset match,likely,retain_and_reorganize
/Users/tstakuma/Desktop/github/research/scripts/research_summary_utils.py,/SOC; /bound; /ambiguous; /definition; /invalid; /service; /two-range,,,pending exact asset match,likely,retain_and_reorganize
/Users/tstakuma/Desktop/github/research/scripts/run_tokyo_synthetic_evrp_analysis.py,/usr/bin/env; render_tokyo_synthetic_evrp_outputs.py; execution_status.csv; data/processed/estat_tokyo_mesh_population_cells.csv; data/processed/open_charge_map_tokyo_boundary_clipped_connections.csv; depot_candidates_public_proxy_snapshot.csv; vehicle_specs_public_source_snapshot.csv; analysis_parameters.csv; /base/high; synthetic_generation_assumptions.csv; /service; quantum_vrp_evidence_registry.csv; input_provenance.csv; input_inventory.csv; scenario/open_data_preprocessing_status.csv; scenario/scenario_configurations.csv; charger_access/charger_condition_definitions.csv; charger_access/eligible_charger_candidates.csv; scenario/analysis_parameter_registry.csv; scenario/synthetic_generation_assumptions.csv; scenario/assumptions_and_limitations.csv; scenario/synthetic_customers.csv; scenario/monte_carlo_randomization_registry.csv; scenario/realized_synthetic_distribution_summary.csv; route_proxy/base_route_proxy_results.csv; route_proxy/route_proxy_edges.csv; route_proxy/route_proxy_members.csv; route_proxy/route_proxy_results.csv; constraints/constraint_evaluations_long.csv; constraints/constraint_case_rates.csv; route_proxy/route_distance_summary.csv; constraints/payload_diagnostics.csv; charger_access/route_charger_access_results.csv; constraints/constraint_summary.csv; constraints/scenario_constraint_summary.csv; constraints/sensitivity_summary.csv; constraints/parameter_response_table.csv; constraints/time_constraint_diagnostics.csv; quantum_gap/quantum_vrp_evidence.csv; quantum_gap/quantum_vrp_gap_detail.csv; table_01_scenario_design.csv; table_02_constraint_unmet_variability.csv; table_03_quantum_vrp_gap.csv; table_04_integrated_research_summary.csv; table_05_constraint_interpretation_full.csv; table_05_constraint_interpretation_slide.csv; /Not; research_integrity_checks.csv; statistical_validation.csv; analysis_output_manifest.csv,execution_status.csv; data/processed/estat_tokyo_mesh_population_cells.csv; data/processed/open_charge_map_tokyo_boundary_clipped_connections.csv; depot_candidates_public_proxy_snapshot.csv; vehicle_specs_public_source_snapshot.csv; analysis_parameters.csv; synthetic_generation_assumptions.csv; quantum_vrp_evidence_registry.csv; input_provenance.csv; input_inventory.csv; scenario/open_data_preprocessing_status.csv; scenario/scenario_configurations.csv; charger_access/charger_condition_definitions.csv; charger_access/eligible_charger_candidates.csv; scenario/analysis_parameter_registry.csv; scenario/synthetic_generation_assumptions.csv; scenario/assumptions_and_limitations.csv; scenario/synthetic_customers.csv; scenario/monte_carlo_randomization_registry.csv; scenario/realized_synthetic_distribution_summary.csv; route_proxy/base_route_proxy_results.csv; route_proxy/route_proxy_edges.csv; route_proxy/route_proxy_members.csv; route_proxy/route_proxy_results.csv; constraints/constraint_evaluations_long.csv; constraints/constraint_case_rates.csv; route_proxy/route_distance_summary.csv; constraints/payload_diagnostics.csv; charger_access/route_charger_access_results.csv; constraints/constraint_summary.csv; constraints/scenario_constraint_summary.csv; constraints/sensitivity_summary.csv; constraints/parameter_response_table.csv; constraints/time_constraint_diagnostics.csv; quantum_gap/quantum_vrp_evidence.csv; quantum_gap/quantum_vrp_gap_detail.csv; table_01_scenario_design.csv; table_02_constraint_unmet_variability.csv; table_03_quantum_vrp_gap.csv; table_04_integrated_research_summary.csv; table_05_constraint_interpretation_full.csv; table_05_constraint_interpretation_slide.csv; research_integrity_checks.csv; statistical_validation.csv; analysis_output_manifest.csv,003_20260712_usage_map.csv; 010_20260712_code_data_dependency_map.csv; README.md; notebooks/tokyo_synthetic_evrp_constraint_gap_analysis.ipynb; scripts/build_tokyo_synthetic_evrp_notebook.py; scripts/render_tokyo_synthetic_evrp_outputs.py,pending exact asset match,likely,retain_and_reorganize
/Users/tstakuma/Desktop/github/research/scripts/scenario_utils.py,/4th; /=; /seed; /customer; /connector; /maxima; /nearest-neighbour; /SOC,,,pending exact asset match,likely,retain_and_reorganize
/Users/tstakuma/Desktop/github/research/scripts/table_rendering_utils.py,"import matplotlib.py; /-;,:、。，．：；・）; .tmp.csv; /=; table_rendering_utils.py",.tmp.csv,.mypy_cache/3.11/table_rendering_utils.data.json; .mypy_cache/3.11/table_rendering_utils.meta.json; 003_20260712_usage_map.csv; 010_20260712_code_data_dependency_map.csv; scripts/table_rendering_utils.py,pending exact asset match,likely,retain_and_reorganize
/Users/tstakuma/Desktop/github/research/scripts/validation_utils.py,/duplicate; /record; /directory; /input; /deprecated,,.mypy_cache/3.11/validation_utils.data.json; .mypy_cache/3.11/validation_utils.meta.json; 003_20260712_usage_map.csv; 010_20260712_code_data_dependency_map.csv,pending exact asset match,likely,retain_and_reorganize
