old_path,new_path,old_relative_path,new_relative_path,number,date,version,reason,status
/Users/tstakuma/Desktop/github/research/00_project_management/requirements.txt,/Users/tstakuma/Desktop/github/research/00_project_management/requirements.txt,00_project_management/requirements.txt,00_project_management/requirements.txt,001,20260711,,normalized retained research artifact name,renamed
/Users/tstakuma/Desktop/github/research/99_quarantine/unused_generated/.DS_Store,/Users/tstakuma/Desktop/github/research/99_quarantine/unused_generated/950_20260712_ds_store,99_quarantine/unused_generated/.DS_Store,99_quarantine/unused_generated/950_20260712_ds_store,950,20260712,,normalized retained research artifact name,renamed
/Users/tstakuma/Desktop/github/research/99_quarantine/unused_generated/From technical success to unseen impacts_revised_with_sources.pptx.inspect.ndjson,/Users/tstakuma/Desktop/github/research/99_quarantine/unused_generated/951_20260711_from_technical_success_to_unseen_impacts_revised_with_sources_pptx_inspect.ndjson,99_quarantine/unused_generated/From technical success to unseen impacts_revised_with_sources.pptx.inspect.ndjson,99_quarantine/unused_generated/951_20260711_from_technical_success_to_unseen_impacts_revised_with_sources_pptx_inspect.ndjson,951,20260711,,normalized retained research artifact name,renamed
/Users/tstakuma/Desktop/github/research/99_quarantine/unused_generated/mypy_cache/.gitignore,/Users/tstakuma/Desktop/github/research/99_quarantine/unused_generated/mypy_cache/952_20260711_gitignore,99_quarantine/unused_generated/mypy_cache/.gitignore,99_quarantine/unused_generated/mypy_cache/952_20260711_gitignore,952,20260711,,normalized retained research artifact name,renamed
/Users/tstakuma/Desktop/github/research/99_quarantine/unused_generated/mypy_cache/3.11/@plugins_snapshot.json,/Users/tstakuma/Desktop/github/research/99_quarantine/unused_generated/mypy_cache/3.11/953_20260711_plugins_snapshot.json,99_quarantine/unused_generated/mypy_cache/3.11/@plugins_snapshot.json,99_quarantine/unused_generated/mypy_cache/3.11/953_20260711_plugins_snapshot.json,953,20260711,,normalized retained research artifact name,renamed
/Users/tstakuma/Desktop/github/research/99_quarantine/unused_generated/mypy_cache/3.11/__future__.data.json,/Users/tstakuma/Desktop/github/research/99_quarantine/unused_generated/mypy_cache/3.11/954_20260711_future_data.json,99_quarantine/unused_generated/mypy_cache/3.11/__future__.data.json,99_quarantine/unused_generated/mypy_cache/3.11/954_20260711_future_data.json,954,20260711,,normalized retained research artifact name,renamed
/Users/tstakuma/Desktop/github/research/99_quarantine/unused_generated/mypy_cache/3.11/__future__.meta.json,/Users/tstakuma/Desktop/github/research/99_quarantine/unused_generated/mypy_cache/3.11/955_20260711_future_meta.json,99_quarantine/unused_generated/mypy_cache/3.11/__future__.meta.json,99_quarantine/unused_generated/mypy_cache/3.11/955_20260711_future_meta.json,955,20260711,,normalized retained research artifact name,renamed
/Users/tstakuma/Desktop/github/research/99_quarantine/unused_generated/mypy_cache/3.11/_ast.data.json,/Users/tstakuma/Desktop/github/research/99_quarantine/unused_generated/mypy_cache/3.11/956_20260711_ast_data.json,99_quarantine/unused_generated/mypy_cache/3.11/_ast.data.json,99_quarantine/unused_generated/mypy_cache/3.11/956_20260711_ast_data.json,956,20260711,,normalized retained research artifact name,renamed
/Users/tstakuma/Desktop/github/research/99_quarantine/unused_generated/mypy_cache/3.11/_ast.meta.json,/Users/tstakuma/Desktop/github/research/99_quarantine/unused_generated/mypy_cache/3.11/957_20260711_ast_meta.json,99_quarantine/unused_generated/mypy_cache/3.11/_ast.meta.json,99_quarantine/unused_generated/mypy_cache/3.11/957_20260711_ast_meta.json,957,20260711,,normalized retained research artifact name,renamed
/Users/tstakuma/Desktop/github/research/99_quarantine/unused_generated/mypy_cache/3.11/_codecs.data.json,/Users/tstakuma/Desktop/github/research/99_quarantine/unused_generated/mypy_cache/3.11/958_20260711_codecs_data.json,99_quarantine/unused_generated/mypy_cache/3.11/_codecs.data.json,99_quarantine/unused_generated/mypy_cache/3.11/958_20260711_codecs_data.json,958,20260711,,normalized retained research artifact name,renamed
/Users/tstakuma/Desktop/github/research/99_quarantine/unused_generated/mypy_cache/3.11/_codecs.meta.json,/Users/tstakuma/Desktop/github/research/99_quarantine/unused_generated/mypy_cache/3.11/959_20260711_codecs_meta.json,99_quarantine/unused_generated/mypy_cache/3.11/_codecs.meta.json,99_quarantine/unused_generated/mypy_cache/3.11/959_20260711_codecs_meta.json,959,20260711,,normalized retained research artifact name,renamed
/Users/tstakuma/Desktop/github/research/99_quarantine/unused_generated/mypy_cache/3.11/_collections_abc.data.json,/Users/tstakuma/Desktop/github/research/99_quarantine/unused_generated/mypy_cache/3.11/960_20260711_collections_abc_data.json,99_quarantine/unused_generated/mypy_cache/3.11/_collections_abc.data.json,99_quarantine/unused_generated/mypy_cache/3.11/960_20260711_collections_abc_data.json,960,20260711,,normalized retained research artifact name,renamed
/Users/tstakuma/Desktop/github/research/99_quarantine/unused_generated/mypy_cache/3.11/_collections_abc.meta.json,/Users/tstakuma/Desktop/github/research/99_quarantine/unused_generated/mypy_cache/3.11/961_20260711_collections_abc_meta.json,99_quarantine/unused_generated/mypy_cache/3.11/_collections_abc.meta.json,99_quarantine/unused_generated/mypy_cache/3.11/961_20260711_collections_abc_meta.json,961,20260711,,normalized retained research artifact name,renamed
/Users/tstakuma/Desktop/github/research/99_quarantine/unused_generated/mypy_cache/3.11/_csv.data.json,/Users/tstakuma/Desktop/github/research/99_quarantine/unused_generated/mypy_cache/3.11/962_20260711_csv_data.json,99_quarantine/unused_generated/mypy_cache/3.11/_csv.data.json,99_quarantine/unused_generated/mypy_cache/3.11/962_20260711_csv_data.json,962,20260711,,normalized retained research artifact name,renamed
/Users/tstakuma/Desktop/github/research/99_quarantine/unused_generated/mypy_cache/3.11/_csv.meta.json,/Users/tstakuma/Desktop/github/research/99_quarantine/unused_generated/mypy_cache/3.11/963_20260711_csv_meta.json,99_quarantine/unused_generated/mypy_cache/3.11/_csv.meta.json,99_quarantine/unused_generated/mypy_cache/3.11/963_20260711_csv_meta.json,963,20260711,,normalized retained research artifact name,renamed
/Users/tstakuma/Desktop/github/research/99_quarantine/unused_generated/mypy_cache/3.11/_ctypes.data.json,/Users/tstakuma/Desktop/github/research/99_quarantine/unused_generated/mypy_cache/3.11/964_20260711_ctypes_data.json,99_quarantine/unused_generated/mypy_cache/3.11/_ctypes.data.json,99_quarantine/unused_generated/mypy_cache/3.11/964_20260711_ctypes_data.json,964,20260711,,normalized retained research artifact name,renamed
/Users/tstakuma/Desktop/github/research/99_quarantine/unused_generated/mypy_cache/3.11/_ctypes.meta.json,/Users/tstakuma/Desktop/github/research/99_quarantine/unused_generated/mypy_cache/3.11/965_20260711_ctypes_meta.json,99_quarantine/unused_generated/mypy_cache/3.11/_ctypes.meta.json,99_quarantine/unused_generated/mypy_cache/3.11/965_20260711_ctypes_meta.json,965,20260711,,normalized retained research artifact name,renamed
/Users/tstakuma/Desktop/github/research/99_quarantine/unused_generated/mypy_cache/3.11/_decimal.data.json,/Users/tstakuma/Desktop/github/research/99_quarantine/unused_generated/mypy_cache/3.11/966_20260711_decimal_data.json,99_quarantine/unused_generated/mypy_cache/3.11/_decimal.data.json,99_quarantine/unused_generated/mypy_cache/3.11/966_20260711_decimal_data.json,966,20260711,,normalized retained research artifact name,renamed
/Users/tstakuma/Desktop/github/research/99_quarantine/unused_generated/mypy_cache/3.11/_decimal.meta.json,/Users/tstakuma/Desktop/github/research/99_quarantine/unused_generated/mypy_cache/3.11/967_20260711_decimal_meta.json,99_quarantine/unused_generated/mypy_cache/3.11/_decimal.meta.json,99_quarantine/unused_generated/mypy_cache/3.11/967_20260711_decimal_meta.json,967,20260711,,normalized retained research artifact name,renamed
/Users/tstakuma/Desktop/github/research/99_quarantine/unused_generated/mypy_cache/3.11/_operator.data.json,/Users/tstakuma/Desktop/github/research/99_quarantine/unused_generated/mypy_cache/3.11/968_20260711_operator_data.json,99_quarantine/unused_generated/mypy_cache/3.11/_operator.data.json,99_quarantine/unused_generated/mypy_cache/3.11/968_20260711_operator_data.json,968,20260711,,normalized retained research artifact name,renamed
/Users/tstakuma/Desktop/github/research/99_quarantine/unused_generated/mypy_cache/3.11/_operator.meta.json,/Users/tstakuma/Desktop/github/research/99_quarantine/unused_generated/mypy_cache/3.11/969_20260711_operator_meta.json,99_quarantine/unused_generated/mypy_cache/3.11/_operator.meta.json,99_quarantine/unused_generated/mypy_cache/3.11/969_20260711_operator_meta.json,969,20260711,,normalized retained research artifact name,renamed
/Users/tstakuma/Desktop/github/research/99_quarantine/unused_generated/mypy_cache/3.11/_random.data.json,/Users/tstakuma/Desktop/github/research/99_quarantine/unused_generated/mypy_cache/3.11/970_20260711_random_data.json,99_quarantine/unused_generated/mypy_cache/3.11/_random.data.json,99_quarantine/unused_generated/mypy_cache/3.11/970_20260711_random_data.json,970,20260711,,normalized retained research artifact name,renamed
/Users/tstakuma/Desktop/github/research/99_quarantine/unused_generated/mypy_cache/3.11/_random.meta.json,/Users/tstakuma/Desktop/github/research/99_quarantine/unused_generated/mypy_cache/3.11/971_20260711_random_meta.json,99_quarantine/unused_generated/mypy_cache/3.11/_random.meta.json,99_quarantine/unused_generated/mypy_cache/3.11/971_20260711_random_meta.json,971,20260711,,normalized retained research artifact name,renamed
/Users/tstakuma/Desktop/github/research/99_quarantine/unused_generated/mypy_cache/3.11/_socket.data.json,/Users/tstakuma/Desktop/github/research/99_quarantine/unused_generated/mypy_cache/3.11/972_20260711_socket_data.json,99_quarantine/unused_generated/mypy_cache/3.11/_socket.data.json,99_quarantine/unused_generated/mypy_cache/3.11/972_20260711_socket_data.json,972,20260711,,normalized retained research artifact name,renamed
/Users/tstakuma/Desktop/github/research/99_quarantine/unused_generated/mypy_cache/3.11/_socket.meta.json,/Users/tstakuma/Desktop/github/research/99_quarantine/unused_generated/mypy_cache/3.11/973_20260711_socket_meta.json,99_quarantine/unused_generated/mypy_cache/3.11/_socket.meta.json,99_quarantine/unused_generated/mypy_cache/3.11/973_20260711_socket_meta.json,973,20260711,,normalized retained research artifact name,renamed
/Users/tstakuma/Desktop/github/research/99_quarantine/unused_generated/mypy_cache/3.11/_stat.data.json,/Users/tstakuma/Desktop/github/research/99_quarantine/unused_generated/mypy_cache/3.11/974_20260711_stat_data.json,99_quarantine/unused_generated/mypy_cache/3.11/_stat.data.json,99_quarantine/unused_generated/mypy_cache/3.11/974_20260711_stat_data.json,974,20260711,,normalized retained research artifact name,renamed
/Users/tstakuma/Desktop/github/research/99_quarantine/unused_generated/mypy_cache/3.11/_stat.meta.json,/Users/tstakuma/Desktop/github/research/99_quarantine/unused_generated/mypy_cache/3.11/975_20260711_stat_meta.json,99_quarantine/unused_generated/mypy_cache/3.11/_stat.meta.json,99_quarantine/unused_generated/mypy_cache/3.11/975_20260711_stat_meta.json,975,20260711,,normalized retained research artifact name,renamed
/Users/tstakuma/Desktop/github/research/99_quarantine/unused_generated/mypy_cache/3.11/_thread.data.json,/Users/tstakuma/Desktop/github/research/99_quarantine/unused_generated/mypy_cache/3.11/976_20260711_thread_data.json,99_quarantine/unused_generated/mypy_cache/3.11/_thread.data.json,99_quarantine/unused_generated/mypy_cache/3.11/976_20260711_thread_data.json,976,20260711,,normalized retained research artifact name,renamed
/Users/tstakuma/Desktop/github/research/99_quarantine/unused_generated/mypy_cache/3.11/_thread.meta.json,/Users/tstakuma/Desktop/github/research/99_quarantine/unused_generated/mypy_cache/3.11/977_20260711_thread_meta.json,99_quarantine/unused_generated/mypy_cache/3.11/_thread.meta.json,99_quarantine/unused_generated/mypy_cache/3.11/977_20260711_thread_meta.json,977,20260711,,normalized retained research artifact name,renamed
/Users/tstakuma/Desktop/github/research/99_quarantine/unused_generated/mypy_cache/3.11/_typeshed/__init__.data.json,/Users/tstakuma/Desktop/github/research/99_quarantine/unused_generated/mypy_cache/3.11/_typeshed/978_20260711_init_data.json,99_quarantine/unused_generated/mypy_cache/3.11/_typeshed/__init__.data.json,99_quarantine/unused_generated/mypy_cache/3.11/_typeshed/978_20260711_init_data.json,978,20260711,,normalized retained research artifact name,renamed
/Users/tstakuma/Desktop/github/research/99_quarantine/unused_generated/mypy_cache/3.11/_typeshed/__init__.meta.json,/Users/tstakuma/Desktop/github/research/99_quarantine/unused_generated/mypy_cache/3.11/_typeshed/979_20260711_init_meta.json,99_quarantine/unused_generated/mypy_cache/3.11/_typeshed/__init__.meta.json,99_quarantine/unused_generated/mypy_cache/3.11/_typeshed/979_20260711_init_meta.json,979,20260711,,normalized retained research artifact name,renamed
/Users/tstakuma/Desktop/github/research/99_quarantine/unused_generated/mypy_cache/3.11/_warnings.data.json,/Users/tstakuma/Desktop/github/research/99_quarantine/unused_generated/mypy_cache/3.11/980_20260711_warnings_data.json,99_quarantine/unused_generated/mypy_cache/3.11/_warnings.data.json,99_quarantine/unused_generated/mypy_cache/3.11/980_20260711_warnings_data.json,980,20260711,,normalized retained research artifact name,renamed
/Users/tstakuma/Desktop/github/research/99_quarantine/unused_generated/mypy_cache/3.11/_warnings.meta.json,/Users/tstakuma/Desktop/github/research/99_quarantine/unused_generated/mypy_cache/3.11/981_20260711_warnings_meta.json,99_quarantine/unused_generated/mypy_cache/3.11/_warnings.meta.json,99_quarantine/unused_generated/mypy_cache/3.11/981_20260711_warnings_meta.json,981,20260711,,normalized retained research artifact name,renamed
/Users/tstakuma/Desktop/github/research/99_quarantine/unused_generated/mypy_cache/3.11/_weakref.data.json,/Users/tstakuma/Desktop/github/research/99_quarantine/unused_generated/mypy_cache/3.11/982_20260711_weakref_data.json,99_quarantine/unused_generated/mypy_cache/3.11/_weakref.data.json,99_quarantine/unused_generated/mypy_cache/3.11/982_20260711_weakref_data.json,982,20260711,,normalized retained research artifact name,renamed
/Users/tstakuma/Desktop/github/research/99_quarantine/unused_generated/mypy_cache/3.11/_weakref.meta.json,/Users/tstakuma/Desktop/github/research/99_quarantine/unused_generated/mypy_cache/3.11/983_20260711_weakref_meta.json,99_quarantine/unused_generated/mypy_cache/3.11/_weakref.meta.json,99_quarantine/unused_generated/mypy_cache/3.11/983_20260711_weakref_meta.json,983,20260711,,normalized retained research artifact name,renamed
/Users/tstakuma/Desktop/github/research/99_quarantine/unused_generated/mypy_cache/3.11/_weakrefset.data.json,/Users/tstakuma/Desktop/github/research/99_quarantine/unused_generated/mypy_cache/3.11/984_20260711_weakrefset_data.json,99_quarantine/unused_generated/mypy_cache/3.11/_weakrefset.data.json,99_quarantine/unused_generated/mypy_cache/3.11/984_20260711_weakrefset_data.json,984,20260711,,normalized retained research artifact name,renamed
/Users/tstakuma/Desktop/github/research/99_quarantine/unused_generated/mypy_cache/3.11/_weakrefset.meta.json,/Users/tstakuma/Desktop/github/research/99_quarantine/unused_generated/mypy_cache/3.11/985_20260711_weakrefset_meta.json,99_quarantine/unused_generated/mypy_cache/3.11/_weakrefset.meta.json,99_quarantine/unused_generated/mypy_cache/3.11/985_20260711_weakrefset_meta.json,985,20260711,,normalized retained research artifact name,renamed
/Users/tstakuma/Desktop/github/research/99_quarantine/unused_generated/mypy_cache/3.11/abc.data.json,/Users/tstakuma/Desktop/github/research/99_quarantine/unused_generated/mypy_cache/3.11/986_20260711_abc_data.json,99_quarantine/unused_generated/mypy_cache/3.11/abc.data.json,99_quarantine/unused_generated/mypy_cache/3.11/986_20260711_abc_data.json,986,20260711,,normalized retained research artifact name,renamed
/Users/tstakuma/Desktop/github/research/99_quarantine/unused_generated/mypy_cache/3.11/abc.meta.json,/Users/tstakuma/Desktop/github/research/99_quarantine/unused_generated/mypy_cache/3.11/987_20260711_abc_meta.json,99_quarantine/unused_generated/mypy_cache/3.11/abc.meta.json,99_quarantine/unused_generated/mypy_cache/3.11/987_20260711_abc_meta.json,987,20260711,,normalized retained research artifact name,renamed
/Users/tstakuma/Desktop/github/research/99_quarantine/unused_generated/mypy_cache/3.11/array.data.json,/Users/tstakuma/Desktop/github/research/99_quarantine/unused_generated/mypy_cache/3.11/988_20260711_array_data.json,99_quarantine/unused_generated/mypy_cache/3.11/array.data.json,99_quarantine/unused_generated/mypy_cache/3.11/988_20260711_array_data.json,988,20260711,,normalized retained research artifact name,renamed
/Users/tstakuma/Desktop/github/research/99_quarantine/unused_generated/mypy_cache/3.11/array.meta.json,/Users/tstakuma/Desktop/github/research/99_quarantine/unused_generated/mypy_cache/3.11/989_20260711_array_meta.json,99_quarantine/unused_generated/mypy_cache/3.11/array.meta.json,99_quarantine/unused_generated/mypy_cache/3.11/989_20260711_array_meta.json,989,20260711,,normalized retained research artifact name,renamed
/Users/tstakuma/Desktop/github/research/99_quarantine/unused_generated/mypy_cache/3.11/ast.data.json,/Users/tstakuma/Desktop/github/research/99_quarantine/unused_generated/mypy_cache/3.11/990_20260711_ast_data.json,99_quarantine/unused_generated/mypy_cache/3.11/ast.data.json,99_quarantine/unused_generated/mypy_cache/3.11/990_20260711_ast_data.json,990,20260711,,normalized retained research artifact name,renamed
/Users/tstakuma/Desktop/github/research/99_quarantine/unused_generated/mypy_cache/3.11/ast.meta.json,/Users/tstakuma/Desktop/github/research/99_quarantine/unused_generated/mypy_cache/3.11/991_20260711_ast_meta.json,99_quarantine/unused_generated/mypy_cache/3.11/ast.meta.json,99_quarantine/unused_generated/mypy_cache/3.11/991_20260711_ast_meta.json,991,20260711,,normalized retained research artifact name,renamed
/Users/tstakuma/Desktop/github/research/99_quarantine/unused_generated/mypy_cache/3.11/asyncio/__init__.data.json,/Users/tstakuma/Desktop/github/research/99_quarantine/unused_generated/mypy_cache/3.11/asyncio/992_20260711_init_data.json,99_quarantine/unused_generated/mypy_cache/3.11/asyncio/__init__.data.json,99_quarantine/unused_generated/mypy_cache/3.11/asyncio/992_20260711_init_data.json,992,20260711,,normalized retained research artifact name,renamed
/Users/tstakuma/Desktop/github/research/99_quarantine/unused_generated/mypy_cache/3.11/asyncio/__init__.meta.json,/Users/tstakuma/Desktop/github/research/99_quarantine/unused_generated/mypy_cache/3.11/asyncio/993_20260711_init_meta.json,99_quarantine/unused_generated/mypy_cache/3.11/asyncio/__init__.meta.json,99_quarantine/unused_generated/mypy_cache/3.11/asyncio/993_20260711_init_meta.json,993,20260711,,normalized retained research artifact name,renamed
/Users/tstakuma/Desktop/github/research/99_quarantine/unused_generated/mypy_cache/3.11/asyncio/base_events.data.json,/Users/tstakuma/Desktop/github/research/99_quarantine/unused_generated/mypy_cache/3.11/asyncio/994_20260711_base_events_data.json,99_quarantine/unused_generated/mypy_cache/3.11/asyncio/base_events.data.json,99_quarantine/unused_generated/mypy_cache/3.11/asyncio/994_20260711_base_events_data.json,994,20260711,,normalized retained research artifact name,renamed
/Users/tstakuma/Desktop/github/research/99_quarantine/unused_generated/mypy_cache/3.11/asyncio/base_events.meta.json,/Users/tstakuma/Desktop/github/research/99_quarantine/unused_generated/mypy_cache/3.11/asyncio/995_20260711_base_events_meta.json,99_quarantine/unused_generated/mypy_cache/3.11/asyncio/base_events.meta.json,99_quarantine/unused_generated/mypy_cache/3.11/asyncio/995_20260711_base_events_meta.json,995,20260711,,normalized retained research artifact name,renamed
/Users/tstakuma/Desktop/github/research/99_quarantine/unused_generated/mypy_cache/3.11/asyncio/coroutines.data.json,/Users/tstakuma/Desktop/github/research/99_quarantine/unused_generated/mypy_cache/3.11/asyncio/996_20260711_coroutines_data.json,99_quarantine/unused_generated/mypy_cache/3.11/asyncio/coroutines.data.json,99_quarantine/unused_generated/mypy_cache/3.11/asyncio/996_20260711_coroutines_data.json,996,20260711,,normalized retained research artifact name,renamed
/Users/tstakuma/Desktop/github/research/99_quarantine/unused_generated/mypy_cache/3.11/asyncio/coroutines.meta.json,/Users/tstakuma/Desktop/github/research/99_quarantine/unused_generated/mypy_cache/3.11/asyncio/997_20260711_coroutines_meta.json,99_quarantine/unused_generated/mypy_cache/3.11/asyncio/coroutines.meta.json,99_quarantine/unused_generated/mypy_cache/3.11/asyncio/997_20260711_coroutines_meta.json,997,20260711,,normalized retained research artifact name,renamed
/Users/tstakuma/Desktop/github/research/99_quarantine/unused_generated/mypy_cache/3.11/asyncio/events.data.json,/Users/tstakuma/Desktop/github/research/99_quarantine/unused_generated/mypy_cache/3.11/asyncio/998_20260711_events_data.json,99_quarantine/unused_generated/mypy_cache/3.11/asyncio/events.data.json,99_quarantine/unused_generated/mypy_cache/3.11/asyncio/998_20260711_events_data.json,998,20260711,,normalized retained research artifact name,renamed
/Users/tstakuma/Desktop/github/research/99_quarantine/unused_generated/mypy_cache/3.11/asyncio/events.meta.json,/Users/tstakuma/Desktop/github/research/99_quarantine/unused_generated/mypy_cache/3.11/asyncio/999_20260711_events_meta.json,99_quarantine/unused_generated/mypy_cache/3.11/asyncio/events.meta.json,99_quarantine/unused_generated/mypy_cache/3.11/asyncio/999_20260711_events_meta.json,999,20260711,,normalized retained research artifact name,renamed
/Users/tstakuma/Desktop/github/research/99_quarantine/unused_generated/mypy_cache/3.11/asyncio/exceptions.data.json,/Users/tstakuma/Desktop/github/research/99_quarantine/unused_generated/mypy_cache/3.11/asyncio/950_20260711_v02_exceptions_data.json,99_quarantine/unused_generated/mypy_cache/3.11/asyncio/exceptions.data.json,99_quarantine/unused_generated/mypy_cache/3.11/asyncio/950_20260711_v02_exceptions_data.json,950,20260711,v02,normalized retained research artifact name,renamed
/Users/tstakuma/Desktop/github/research/99_quarantine/unused_generated/mypy_cache/3.11/asyncio/exceptions.meta.json,/Users/tstakuma/Desktop/github/research/99_quarantine/unused_generated/mypy_cache/3.11/asyncio/951_20260711_v02_exceptions_meta.json,99_quarantine/unused_generated/mypy_cache/3.11/asyncio/exceptions.meta.json,99_quarantine/unused_generated/mypy_cache/3.11/asyncio/951_20260711_v02_exceptions_meta.json,951,20260711,v02,normalized retained research artifact name,renamed
/Users/tstakuma/Desktop/github/research/99_quarantine/unused_generated/mypy_cache/3.11/asyncio/futures.data.json,/Users/tstakuma/Desktop/github/research/99_quarantine/unused_generated/mypy_cache/3.11/asyncio/952_20260711_v02_futures_data.json,99_quarantine/unused_generated/mypy_cache/3.11/asyncio/futures.data.json,99_quarantine/unused_generated/mypy_cache/3.11/asyncio/952_20260711_v02_futures_data.json,952,20260711,v02,normalized retained research artifact name,renamed
/Users/tstakuma/Desktop/github/research/99_quarantine/unused_generated/mypy_cache/3.11/asyncio/futures.meta.json,/Users/tstakuma/Desktop/github/research/99_quarantine/unused_generated/mypy_cache/3.11/asyncio/953_20260711_v02_futures_meta.json,99_quarantine/unused_generated/mypy_cache/3.11/asyncio/futures.meta.json,99_quarantine/unused_generated/mypy_cache/3.11/asyncio/953_20260711_v02_futures_meta.json,953,20260711,v02,normalized retained research artifact name,renamed
/Users/tstakuma/Desktop/github/research/99_quarantine/unused_generated/mypy_cache/3.11/asyncio/locks.data.json,/Users/tstakuma/Desktop/github/research/99_quarantine/unused_generated/mypy_cache/3.11/asyncio/954_20260711_v02_locks_data.json,99_quarantine/unused_generated/mypy_cache/3.11/asyncio/locks.data.json,99_quarantine/unused_generated/mypy_cache/3.11/asyncio/954_20260711_v02_locks_data.json,954,20260711,v02,normalized retained research artifact name,renamed
/Users/tstakuma/Desktop/github/research/99_quarantine/unused_generated/mypy_cache/3.11/asyncio/locks.meta.json,/Users/tstakuma/Desktop/github/research/99_quarantine/unused_generated/mypy_cache/3.11/asyncio/955_20260711_v02_locks_meta.json,99_quarantine/unused_generated/mypy_cache/3.11/asyncio/locks.meta.json,99_quarantine/unused_generated/mypy_cache/3.11/asyncio/955_20260711_v02_locks_meta.json,955,20260711,v02,normalized retained research artifact name,renamed
/Users/tstakuma/Desktop/github/research/99_quarantine/unused_generated/mypy_cache/3.11/asyncio/mixins.data.json,/Users/tstakuma/Desktop/github/research/99_quarantine/unused_generated/mypy_cache/3.11/asyncio/956_20260711_v02_mixins_data.json,99_quarantine/unused_generated/mypy_cache/3.11/asyncio/mixins.data.json,99_quarantine/unused_generated/mypy_cache/3.11/asyncio/956_20260711_v02_mixins_data.json,956,20260711,v02,normalized retained research artifact name,renamed
/Users/tstakuma/Desktop/github/research/99_quarantine/unused_generated/mypy_cache/3.11/asyncio/mixins.meta.json,/Users/tstakuma/Desktop/github/research/99_quarantine/unused_generated/mypy_cache/3.11/asyncio/957_20260711_v02_mixins_meta.json,99_quarantine/unused_generated/mypy_cache/3.11/asyncio/mixins.meta.json,99_quarantine/unused_generated/mypy_cache/3.11/asyncio/957_20260711_v02_mixins_meta.json,957,20260711,v02,normalized retained research artifact name,renamed
/Users/tstakuma/Desktop/github/research/99_quarantine/unused_generated/mypy_cache/3.11/asyncio/protocols.data.json,/Users/tstakuma/Desktop/github/research/99_quarantine/unused_generated/mypy_cache/3.11/asyncio/958_20260711_v02_protocols_data.json,99_quarantine/unused_generated/mypy_cache/3.11/asyncio/protocols.data.json,99_quarantine/unused_generated/mypy_cache/3.11/asyncio/958_20260711_v02_protocols_data.json,958,20260711,v02,normalized retained research artifact name,renamed
/Users/tstakuma/Desktop/github/research/99_quarantine/unused_generated/mypy_cache/3.11/asyncio/protocols.meta.json,/Users/tstakuma/Desktop/github/research/99_quarantine/unused_generated/mypy_cache/3.11/asyncio/959_20260711_v02_protocols_meta.json,99_quarantine/unused_generated/mypy_cache/3.11/asyncio/protocols.meta.json,99_quarantine/unused_generated/mypy_cache/3.11/asyncio/959_20260711_v02_protocols_meta.json,959,20260711,v02,normalized retained research artifact name,renamed
/Users/tstakuma/Desktop/github/research/99_quarantine/unused_generated/mypy_cache/3.11/asyncio/queues.data.json,/Users/tstakuma/Desktop/github/research/99_quarantine/unused_generated/mypy_cache/3.11/asyncio/960_20260711_v02_queues_data.json,99_quarantine/unused_generated/mypy_cache/3.11/asyncio/queues.data.json,99_quarantine/unused_generated/mypy_cache/3.11/asyncio/960_20260711_v02_queues_data.json,960,20260711,v02,normalized retained research artifact name,renamed
/Users/tstakuma/Desktop/github/research/99_quarantine/unused_generated/mypy_cache/3.11/asyncio/queues.meta.json,/Users/tstakuma/Desktop/github/research/99_quarantine/unused_generated/mypy_cache/3.11/asyncio/961_20260711_v02_queues_meta.json,99_quarantine/unused_generated/mypy_cache/3.11/asyncio/queues.meta.json,99_quarantine/unused_generated/mypy_cache/3.11/asyncio/961_20260711_v02_queues_meta.json,961,20260711,v02,normalized retained research artifact name,renamed
/Users/tstakuma/Desktop/github/research/99_quarantine/unused_generated/mypy_cache/3.11/asyncio/runners.data.json,/Users/tstakuma/Desktop/github/research/99_quarantine/unused_generated/mypy_cache/3.11/asyncio/962_20260711_v02_runners_data.json,99_quarantine/unused_generated/mypy_cache/3.11/asyncio/runners.data.json,99_quarantine/unused_generated/mypy_cache/3.11/asyncio/962_20260711_v02_runners_data.json,962,20260711,v02,normalized retained research artifact name,renamed
/Users/tstakuma/Desktop/github/research/99_quarantine/unused_generated/mypy_cache/3.11/asyncio/runners.meta.json,/Users/tstakuma/Desktop/github/research/99_quarantine/unused_generated/mypy_cache/3.11/asyncio/963_20260711_v02_runners_meta.json,99_quarantine/unused_generated/mypy_cache/3.11/asyncio/runners.meta.json,99_quarantine/unused_generated/mypy_cache/3.11/asyncio/963_20260711_v02_runners_meta.json,963,20260711,v02,normalized retained research artifact name,renamed
/Users/tstakuma/Desktop/github/research/99_quarantine/unused_generated/mypy_cache/3.11/asyncio/selector_events.data.json,/Users/tstakuma/Desktop/github/research/99_quarantine/unused_generated/mypy_cache/3.11/asyncio/964_20260711_v02_selector_events_data.json,99_quarantine/unused_generated/mypy_cache/3.11/asyncio/selector_events.data.json,99_quarantine/unused_generated/mypy_cache/3.11/asyncio/964_20260711_v02_selector_events_data.json,964,20260711,v02,normalized retained research artifact name,renamed
/Users/tstakuma/Desktop/github/research/99_quarantine/unused_generated/mypy_cache/3.11/asyncio/selector_events.meta.json,/Users/tstakuma/Desktop/github/research/99_quarantine/unused_generated/mypy_cache/3.11/asyncio/965_20260711_v02_selector_events_meta.json,99_quarantine/unused_generated/mypy_cache/3.11/asyncio/selector_events.meta.json,99_quarantine/unused_generated/mypy_cache/3.11/asyncio/965_20260711_v02_selector_events_meta.json,965,20260711,v02,normalized retained research artifact name,renamed
/Users/tstakuma/Desktop/github/research/99_quarantine/unused_generated/mypy_cache/3.11/asyncio/streams.data.json,/Users/tstakuma/Desktop/github/research/99_quarantine/unused_generated/mypy_cache/3.11/asyncio/966_20260711_v02_streams_data.json,99_quarantine/unused_generated/mypy_cache/3.11/asyncio/streams.data.json,99_quarantine/unused_generated/mypy_cache/3.11/asyncio/966_20260711_v02_streams_data.json,966,20260711,v02,normalized retained research artifact name,renamed
/Users/tstakuma/Desktop/github/research/99_quarantine/unused_generated/mypy_cache/3.11/asyncio/streams.meta.json,/Users/tstakuma/Desktop/github/research/99_quarantine/unused_generated/mypy_cache/3.11/asyncio/967_20260711_v02_streams_meta.json,99_quarantine/unused_generated/mypy_cache/3.11/asyncio/streams.meta.json,99_quarantine/unused_generated/mypy_cache/3.11/asyncio/967_20260711_v02_streams_meta.json,967,20260711,v02,normalized retained research artifact name,renamed
/Users/tstakuma/Desktop/github/research/99_quarantine/unused_generated/mypy_cache/3.11/asyncio/subprocess.data.json,/Users/tstakuma/Desktop/github/research/99_quarantine/unused_generated/mypy_cache/3.11/asyncio/968_20260711_v02_subprocess_data.json,99_quarantine/unused_generated/mypy_cache/3.11/asyncio/subprocess.data.json,99_quarantine/unused_generated/mypy_cache/3.11/asyncio/968_20260711_v02_subprocess_data.json,968,20260711,v02,normalized retained research artifact name,renamed
/Users/tstakuma/Desktop/github/research/99_quarantine/unused_generated/mypy_cache/3.11/asyncio/subprocess.meta.json,/Users/tstakuma/Desktop/github/research/99_quarantine/unused_generated/mypy_cache/3.11/asyncio/969_20260711_v02_subprocess_meta.json,99_quarantine/unused_generated/mypy_cache/3.11/asyncio/subprocess.meta.json,99_quarantine/unused_generated/mypy_cache/3.11/asyncio/969_20260711_v02_subprocess_meta.json,969,20260711,v02,normalized retained research artifact name,renamed
/Users/tstakuma/Desktop/github/research/99_quarantine/unused_generated/mypy_cache/3.11/asyncio/taskgroups.data.json,/Users/tstakuma/Desktop/github/research/99_quarantine/unused_generated/mypy_cache/3.11/asyncio/970_20260711_v02_taskgroups_data.json,99_quarantine/unused_generated/mypy_cache/3.11/asyncio/taskgroups.data.json,99_quarantine/unused_generated/mypy_cache/3.11/asyncio/970_20260711_v02_taskgroups_data.json,970,20260711,v02,normalized retained research artifact name,renamed
/Users/tstakuma/Desktop/github/research/99_quarantine/unused_generated/mypy_cache/3.11/asyncio/taskgroups.meta.json,/Users/tstakuma/Desktop/github/research/99_quarantine/unused_generated/mypy_cache/3.11/asyncio/971_20260711_v02_taskgroups_meta.json,99_quarantine/unused_generated/mypy_cache/3.11/asyncio/taskgroups.meta.json,99_quarantine/unused_generated/mypy_cache/3.11/asyncio/971_20260711_v02_taskgroups_meta.json,971,20260711,v02,normalized retained research artifact name,renamed
/Users/tstakuma/Desktop/github/research/99_quarantine/unused_generated/mypy_cache/3.11/asyncio/tasks.data.json,/Users/tstakuma/Desktop/github/research/99_quarantine/unused_generated/mypy_cache/3.11/asyncio/972_20260711_v02_tasks_data.json,99_quarantine/unused_generated/mypy_cache/3.11/asyncio/tasks.data.json,99_quarantine/unused_generated/mypy_cache/3.11/asyncio/972_20260711_v02_tasks_data.json,972,20260711,v02,normalized retained research artifact name,renamed
/Users/tstakuma/Desktop/github/research/99_quarantine/unused_generated/mypy_cache/3.11/asyncio/tasks.meta.json,/Users/tstakuma/Desktop/github/research/99_quarantine/unused_generated/mypy_cache/3.11/asyncio/973_20260711_v02_tasks_meta.json,99_quarantine/unused_generated/mypy_cache/3.11/asyncio/tasks.meta.json,99_quarantine/unused_generated/mypy_cache/3.11/asyncio/973_20260711_v02_tasks_meta.json,973,20260711,v02,normalized retained research artifact name,renamed
/Users/tstakuma/Desktop/github/research/99_quarantine/unused_generated/mypy_cache/3.11/asyncio/threads.data.json,/Users/tstakuma/Desktop/github/research/99_quarantine/unused_generated/mypy_cache/3.11/asyncio/974_20260711_v02_threads_data.json,99_quarantine/unused_generated/mypy_cache/3.11/asyncio/threads.data.json,99_quarantine/unused_generated/mypy_cache/3.11/asyncio/974_20260711_v02_threads_data.json,974,20260711,v02,normalized retained research artifact name,renamed
/Users/tstakuma/Desktop/github/research/99_quarantine/unused_generated/mypy_cache/3.11/asyncio/threads.meta.json,/Users/tstakuma/Desktop/github/research/99_quarantine/unused_generated/mypy_cache/3.11/asyncio/975_20260711_v02_threads_meta.json,99_quarantine/unused_generated/mypy_cache/3.11/asyncio/threads.meta.json,99_quarantine/unused_generated/mypy_cache/3.11/asyncio/975_20260711_v02_threads_meta.json,975,20260711,v02,normalized retained research artifact name,renamed
/Users/tstakuma/Desktop/github/research/99_quarantine/unused_generated/mypy_cache/3.11/asyncio/timeouts.data.json,/Users/tstakuma/Desktop/github/research/99_quarantine/unused_generated/mypy_cache/3.11/asyncio/976_20260711_v02_timeouts_data.json,99_quarantine/unused_generated/mypy_cache/3.11/asyncio/timeouts.data.json,99_quarantine/unused_generated/mypy_cache/3.11/asyncio/976_20260711_v02_timeouts_data.json,976,20260711,v02,normalized retained research artifact name,renamed
/Users/tstakuma/Desktop/github/research/99_quarantine/unused_generated/mypy_cache/3.11/asyncio/timeouts.meta.json,/Users/tstakuma/Desktop/github/research/99_quarantine/unused_generated/mypy_cache/3.11/asyncio/977_20260711_v02_timeouts_meta.json,99_quarantine/unused_generated/mypy_cache/3.11/asyncio/timeouts.meta.json,99_quarantine/unused_generated/mypy_cache/3.11/asyncio/977_20260711_v02_timeouts_meta.json,977,20260711,v02,normalized retained research artifact name,renamed
/Users/tstakuma/Desktop/github/research/99_quarantine/unused_generated/mypy_cache/3.11/asyncio/transports.data.json,/Users/tstakuma/Desktop/github/research/99_quarantine/unused_generated/mypy_cache/3.11/asyncio/978_20260711_v02_transports_data.json,99_quarantine/unused_generated/mypy_cache/3.11/asyncio/transports.data.json,99_quarantine/unused_generated/mypy_cache/3.11/asyncio/978_20260711_v02_transports_data.json,978,20260711,v02,normalized retained research artifact name,renamed
/Users/tstakuma/Desktop/github/research/99_quarantine/unused_generated/mypy_cache/3.11/asyncio/transports.meta.json,/Users/tstakuma/Desktop/github/research/99_quarantine/unused_generated/mypy_cache/3.11/asyncio/979_20260711_v02_transports_meta.json,99_quarantine/unused_generated/mypy_cache/3.11/asyncio/transports.meta.json,99_quarantine/unused_generated/mypy_cache/3.11/asyncio/979_20260711_v02_transports_meta.json,979,20260711,v02,normalized retained research artifact name,renamed
/Users/tstakuma/Desktop/github/research/99_quarantine/unused_generated/mypy_cache/3.11/asyncio/unix_events.data.json,/Users/tstakuma/Desktop/github/research/99_quarantine/unused_generated/mypy_cache/3.11/asyncio/980_20260711_v02_unix_events_data.json,99_quarantine/unused_generated/mypy_cache/3.11/asyncio/unix_events.data.json,99_quarantine/unused_generated/mypy_cache/3.11/asyncio/980_20260711_v02_unix_events_data.json,980,20260711,v02,normalized retained research artifact name,renamed
/Users/tstakuma/Desktop/github/research/99_quarantine/unused_generated/mypy_cache/3.11/asyncio/unix_events.meta.json,/Users/tstakuma/Desktop/github/research/99_quarantine/unused_generated/mypy_cache/3.11/asyncio/981_20260711_v02_unix_events_meta.json,99_quarantine/unused_generated/mypy_cache/3.11/asyncio/unix_events.meta.json,99_quarantine/unused_generated/mypy_cache/3.11/asyncio/981_20260711_v02_unix_events_meta.json,981,20260711,v02,normalized retained research artifact name,renamed
/Users/tstakuma/Desktop/github/research/99_quarantine/unused_generated/mypy_cache/3.11/bdb.data.json,/Users/tstakuma/Desktop/github/research/99_quarantine/unused_generated/mypy_cache/3.11/982_20260711_v02_bdb_data.json,99_quarantine/unused_generated/mypy_cache/3.11/bdb.data.json,99_quarantine/unused_generated/mypy_cache/3.11/982_20260711_v02_bdb_data.json,982,20260711,v02,normalized retained research artifact name,renamed
/Users/tstakuma/Desktop/github/research/99_quarantine/unused_generated/mypy_cache/3.11/bdb.meta.json,/Users/tstakuma/Desktop/github/research/99_quarantine/unused_generated/mypy_cache/3.11/983_20260711_v02_bdb_meta.json,99_quarantine/unused_generated/mypy_cache/3.11/bdb.meta.json,99_quarantine/unused_generated/mypy_cache/3.11/983_20260711_v02_bdb_meta.json,983,20260711,v02,normalized retained research artifact name,renamed
/Users/tstakuma/Desktop/github/research/99_quarantine/unused_generated/mypy_cache/3.11/builtins.data.json,/Users/tstakuma/Desktop/github/research/99_quarantine/unused_generated/mypy_cache/3.11/984_20260711_v02_builtins_data.json,99_quarantine/unused_generated/mypy_cache/3.11/builtins.data.json,99_quarantine/unused_generated/mypy_cache/3.11/984_20260711_v02_builtins_data.json,984,20260711,v02,normalized retained research artifact name,renamed
/Users/tstakuma/Desktop/github/research/99_quarantine/unused_generated/mypy_cache/3.11/builtins.meta.json,/Users/tstakuma/Desktop/github/research/99_quarantine/unused_generated/mypy_cache/3.11/985_20260711_v02_builtins_meta.json,99_quarantine/unused_generated/mypy_cache/3.11/builtins.meta.json,99_quarantine/unused_generated/mypy_cache/3.11/985_20260711_v02_builtins_meta.json,985,20260711,v02,normalized retained research artifact name,renamed
/Users/tstakuma/Desktop/github/research/99_quarantine/unused_generated/mypy_cache/3.11/cmd.data.json,/Users/tstakuma/Desktop/github/research/99_quarantine/unused_generated/mypy_cache/3.11/986_20260711_v02_cmd_data.json,99_quarantine/unused_generated/mypy_cache/3.11/cmd.data.json,99_quarantine/unused_generated/mypy_cache/3.11/986_20260711_v02_cmd_data.json,986,20260711,v02,normalized retained research artifact name,renamed
/Users/tstakuma/Desktop/github/research/99_quarantine/unused_generated/mypy_cache/3.11/cmd.meta.json,/Users/tstakuma/Desktop/github/research/99_quarantine/unused_generated/mypy_cache/3.11/987_20260711_v02_cmd_meta.json,99_quarantine/unused_generated/mypy_cache/3.11/cmd.meta.json,99_quarantine/unused_generated/mypy_cache/3.11/987_20260711_v02_cmd_meta.json,987,20260711,v02,normalized retained research artifact name,renamed
/Users/tstakuma/Desktop/github/research/99_quarantine/unused_generated/mypy_cache/3.11/codecs.data.json,/Users/tstakuma/Desktop/github/research/99_quarantine/unused_generated/mypy_cache/3.11/988_20260711_v02_codecs_data.json,99_quarantine/unused_generated/mypy_cache/3.11/codecs.data.json,99_quarantine/unused_generated/mypy_cache/3.11/988_20260711_v02_codecs_data.json,988,20260711,v02,normalized retained research artifact name,renamed
/Users/tstakuma/Desktop/github/research/99_quarantine/unused_generated/mypy_cache/3.11/codecs.meta.json,/Users/tstakuma/Desktop/github/research/99_quarantine/unused_generated/mypy_cache/3.11/989_20260711_v02_codecs_meta.json,99_quarantine/unused_generated/mypy_cache/3.11/codecs.meta.json,99_quarantine/unused_generated/mypy_cache/3.11/989_20260711_v02_codecs_meta.json,989,20260711,v02,normalized retained research artifact name,renamed
/Users/tstakuma/Desktop/github/research/99_quarantine/unused_generated/mypy_cache/3.11/collections/__init__.data.json,/Users/tstakuma/Desktop/github/research/99_quarantine/unused_generated/mypy_cache/3.11/collections/990_20260711_v02_init_data.json,99_quarantine/unused_generated/mypy_cache/3.11/collections/__init__.data.json,99_quarantine/unused_generated/mypy_cache/3.11/collections/990_20260711_v02_init_data.json,990,20260711,v02,normalized retained research artifact name,renamed
/Users/tstakuma/Desktop/github/research/99_quarantine/unused_generated/mypy_cache/3.11/collections/__init__.meta.json,/Users/tstakuma/Desktop/github/research/99_quarantine/unused_generated/mypy_cache/3.11/collections/991_20260711_v02_init_meta.json,99_quarantine/unused_generated/mypy_cache/3.11/collections/__init__.meta.json,99_quarantine/unused_generated/mypy_cache/3.11/collections/991_20260711_v02_init_meta.json,991,20260711,v02,normalized retained research artifact name,renamed
/Users/tstakuma/Desktop/github/research/99_quarantine/unused_generated/mypy_cache/3.11/collections/abc.data.json,/Users/tstakuma/Desktop/github/research/99_quarantine/unused_generated/mypy_cache/3.11/collections/992_20260711_v02_abc_data.json,99_quarantine/unused_generated/mypy_cache/3.11/collections/abc.data.json,99_quarantine/unused_generated/mypy_cache/3.11/collections/992_20260711_v02_abc_data.json,992,20260711,v02,normalized retained research artifact name,renamed
/Users/tstakuma/Desktop/github/research/99_quarantine/unused_generated/mypy_cache/3.11/collections/abc.meta.json,/Users/tstakuma/Desktop/github/research/99_quarantine/unused_generated/mypy_cache/3.11/collections/993_20260711_v02_abc_meta.json,99_quarantine/unused_generated/mypy_cache/3.11/collections/abc.meta.json,99_quarantine/unused_generated/mypy_cache/3.11/collections/993_20260711_v02_abc_meta.json,993,20260711,v02,normalized retained research artifact name,renamed
/Users/tstakuma/Desktop/github/research/99_quarantine/unused_generated/mypy_cache/3.11/concurrent/__init__.data.json,/Users/tstakuma/Desktop/github/research/99_quarantine/unused_generated/mypy_cache/3.11/concurrent/994_20260711_v02_init_data.json,99_quarantine/unused_generated/mypy_cache/3.11/concurrent/__init__.data.json,99_quarantine/unused_generated/mypy_cache/3.11/concurrent/994_20260711_v02_init_data.json,994,20260711,v02,normalized retained research artifact name,renamed
/Users/tstakuma/Desktop/github/research/99_quarantine/unused_generated/mypy_cache/3.11/concurrent/__init__.meta.json,/Users/tstakuma/Desktop/github/research/99_quarantine/unused_generated/mypy_cache/3.11/concurrent/995_20260711_v02_init_meta.json,99_quarantine/unused_generated/mypy_cache/3.11/concurrent/__init__.meta.json,99_quarantine/unused_generated/mypy_cache/3.11/concurrent/995_20260711_v02_init_meta.json,995,20260711,v02,normalized retained research artifact name,renamed
/Users/tstakuma/Desktop/github/research/99_quarantine/unused_generated/mypy_cache/3.11/concurrent/futures/__init__.data.json,/Users/tstakuma/Desktop/github/research/99_quarantine/unused_generated/mypy_cache/3.11/concurrent/futures/996_20260711_v02_init_data.json,99_quarantine/unused_generated/mypy_cache/3.11/concurrent/futures/__init__.data.json,99_quarantine/unused_generated/mypy_cache/3.11/concurrent/futures/996_20260711_v02_init_data.json,996,20260711,v02,normalized retained research artifact name,renamed
/Users/tstakuma/Desktop/github/research/99_quarantine/unused_generated/mypy_cache/3.11/concurrent/futures/__init__.meta.json,/Users/tstakuma/Desktop/github/research/99_quarantine/unused_generated/mypy_cache/3.11/concurrent/futures/997_20260711_v02_init_meta.json,99_quarantine/unused_generated/mypy_cache/3.11/concurrent/futures/__init__.meta.json,99_quarantine/unused_generated/mypy_cache/3.11/concurrent/futures/997_20260711_v02_init_meta.json,997,20260711,v02,normalized retained research artifact name,renamed
/Users/tstakuma/Desktop/github/research/99_quarantine/unused_generated/mypy_cache/3.11/concurrent/futures/_base.data.json,/Users/tstakuma/Desktop/github/research/99_quarantine/unused_generated/mypy_cache/3.11/concurrent/futures/998_20260711_v02_base_data.json,99_quarantine/unused_generated/mypy_cache/3.11/concurrent/futures/_base.data.json,99_quarantine/unused_generated/mypy_cache/3.11/concurrent/futures/998_20260711_v02_base_data.json,998,20260711,v02,normalized retained research artifact name,renamed
/Users/tstakuma/Desktop/github/research/99_quarantine/unused_generated/mypy_cache/3.11/concurrent/futures/_base.meta.json,/Users/tstakuma/Desktop/github/research/99_quarantine/unused_generated/mypy_cache/3.11/concurrent/futures/999_20260711_v02_base_meta.json,99_quarantine/unused_generated/mypy_cache/3.11/concurrent/futures/_base.meta.json,99_quarantine/unused_generated/mypy_cache/3.11/concurrent/futures/999_20260711_v02_base_meta.json,999,20260711,v02,normalized retained research artifact name,renamed
/Users/tstakuma/Desktop/github/research/99_quarantine/unused_generated/mypy_cache/3.11/concurrent/futures/process.data.json,/Users/tstakuma/Desktop/github/research/99_quarantine/unused_generated/mypy_cache/3.11/concurrent/futures/950_20260711_v03_process_data.json,99_quarantine/unused_generated/mypy_cache/3.11/concurrent/futures/process.data.json,99_quarantine/unused_generated/mypy_cache/3.11/concurrent/futures/950_20260711_v03_process_data.json,950,20260711,v03,normalized retained research artifact name,renamed
/Users/tstakuma/Desktop/github/research/99_quarantine/unused_generated/mypy_cache/3.11/concurrent/futures/process.meta.json,/Users/tstakuma/Desktop/github/research/99_quarantine/unused_generated/mypy_cache/3.11/concurrent/futures/951_20260711_v03_process_meta.json,99_quarantine/unused_generated/mypy_cache/3.11/concurrent/futures/process.meta.json,99_quarantine/unused_generated/mypy_cache/3.11/concurrent/futures/951_20260711_v03_process_meta.json,951,20260711,v03,normalized retained research artifact name,renamed
/Users/tstakuma/Desktop/github/research/99_quarantine/unused_generated/mypy_cache/3.11/concurrent/futures/thread.data.json,/Users/tstakuma/Desktop/github/research/99_quarantine/unused_generated/mypy_cache/3.11/concurrent/futures/952_20260711_v03_thread_data.json,99_quarantine/unused_generated/mypy_cache/3.11/concurrent/futures/thread.data.json,99_quarantine/unused_generated/mypy_cache/3.11/concurrent/futures/952_20260711_v03_thread_data.json,952,20260711,v03,normalized retained research artifact name,renamed
/Users/tstakuma/Desktop/github/research/99_quarantine/unused_generated/mypy_cache/3.11/concurrent/futures/thread.meta.json,/Users/tstakuma/Desktop/github/research/99_quarantine/unused_generated/mypy_cache/3.11/concurrent/futures/953_20260711_v03_thread_meta.json,99_quarantine/unused_generated/mypy_cache/3.11/concurrent/futures/thread.meta.json,99_quarantine/unused_generated/mypy_cache/3.11/concurrent/futures/953_20260711_v03_thread_meta.json,953,20260711,v03,normalized retained research artifact name,renamed
/Users/tstakuma/Desktop/github/research/99_quarantine/unused_generated/mypy_cache/3.11/contextlib.data.json,/Users/tstakuma/Desktop/github/research/99_quarantine/unused_generated/mypy_cache/3.11/954_20260711_v03_contextlib_data.json,99_quarantine/unused_generated/mypy_cache/3.11/contextlib.data.json,99_quarantine/unused_generated/mypy_cache/3.11/954_20260711_v03_contextlib_data.json,954,20260711,v03,normalized retained research artifact name,renamed
/Users/tstakuma/Desktop/github/research/99_quarantine/unused_generated/mypy_cache/3.11/contextlib.meta.json,/Users/tstakuma/Desktop/github/research/99_quarantine/unused_generated/mypy_cache/3.11/955_20260711_v03_contextlib_meta.json,99_quarantine/unused_generated/mypy_cache/3.11/contextlib.meta.json,99_quarantine/unused_generated/mypy_cache/3.11/955_20260711_v03_contextlib_meta.json,955,20260711,v03,normalized retained research artifact name,renamed
/Users/tstakuma/Desktop/github/research/99_quarantine/unused_generated/mypy_cache/3.11/contextvars.data.json,/Users/tstakuma/Desktop/github/research/99_quarantine/unused_generated/mypy_cache/3.11/956_20260711_v03_contextvars_data.json,99_quarantine/unused_generated/mypy_cache/3.11/contextvars.data.json,99_quarantine/unused_generated/mypy_cache/3.11/956_20260711_v03_contextvars_data.json,956,20260711,v03,normalized retained research artifact name,renamed
/Users/tstakuma/Desktop/github/research/99_quarantine/unused_generated/mypy_cache/3.11/contextvars.meta.json,/Users/tstakuma/Desktop/github/research/99_quarantine/unused_generated/mypy_cache/3.11/957_20260711_v03_contextvars_meta.json,99_quarantine/unused_generated/mypy_cache/3.11/contextvars.meta.json,99_quarantine/unused_generated/mypy_cache/3.11/957_20260711_v03_contextvars_meta.json,957,20260711,v03,normalized retained research artifact name,renamed
/Users/tstakuma/Desktop/github/research/99_quarantine/unused_generated/mypy_cache/3.11/copy.data.json,/Users/tstakuma/Desktop/github/research/99_quarantine/unused_generated/mypy_cache/3.11/958_20260711_v03_data.json,99_quarantine/unused_generated/mypy_cache/3.11/copy.data.json,99_quarantine/unused_generated/mypy_cache/3.11/958_20260711_v03_data.json,958,20260711,v03,normalized retained research artifact name,renamed
/Users/tstakuma/Desktop/github/research/99_quarantine/unused_generated/mypy_cache/3.11/copy.meta.json,/Users/tstakuma/Desktop/github/research/99_quarantine/unused_generated/mypy_cache/3.11/959_20260711_v03_meta.json,99_quarantine/unused_generated/mypy_cache/3.11/copy.meta.json,99_quarantine/unused_generated/mypy_cache/3.11/959_20260711_v03_meta.json,959,20260711,v03,normalized retained research artifact name,renamed
/Users/tstakuma/Desktop/github/research/99_quarantine/unused_generated/mypy_cache/3.11/copyreg.data.json,/Users/tstakuma/Desktop/github/research/99_quarantine/unused_generated/mypy_cache/3.11/960_20260711_v03_copyreg_data.json,99_quarantine/unused_generated/mypy_cache/3.11/copyreg.data.json,99_quarantine/unused_generated/mypy_cache/3.11/960_20260711_v03_copyreg_data.json,960,20260711,v03,normalized retained research artifact name,renamed
/Users/tstakuma/Desktop/github/research/99_quarantine/unused_generated/mypy_cache/3.11/copyreg.meta.json,/Users/tstakuma/Desktop/github/research/99_quarantine/unused_generated/mypy_cache/3.11/961_20260711_v03_copyreg_meta.json,99_quarantine/unused_generated/mypy_cache/3.11/copyreg.meta.json,99_quarantine/unused_generated/mypy_cache/3.11/961_20260711_v03_copyreg_meta.json,961,20260711,v03,normalized retained research artifact name,renamed
/Users/tstakuma/Desktop/github/research/99_quarantine/unused_generated/mypy_cache/3.11/csv.data.json,/Users/tstakuma/Desktop/github/research/99_quarantine/unused_generated/mypy_cache/3.11/962_20260711_v03_csv_data.json,99_quarantine/unused_generated/mypy_cache/3.11/csv.data.json,99_quarantine/unused_generated/mypy_cache/3.11/962_20260711_v03_csv_data.json,962,20260711,v03,normalized retained research artifact name,renamed
/Users/tstakuma/Desktop/github/research/99_quarantine/unused_generated/mypy_cache/3.11/csv.meta.json,/Users/tstakuma/Desktop/github/research/99_quarantine/unused_generated/mypy_cache/3.11/963_20260711_v03_csv_meta.json,99_quarantine/unused_generated/mypy_cache/3.11/csv.meta.json,99_quarantine/unused_generated/mypy_cache/3.11/963_20260711_v03_csv_meta.json,963,20260711,v03,normalized retained research artifact name,renamed
/Users/tstakuma/Desktop/github/research/99_quarantine/unused_generated/mypy_cache/3.11/ctypes/__init__.data.json,/Users/tstakuma/Desktop/github/research/99_quarantine/unused_generated/mypy_cache/3.11/ctypes/964_20260711_v03_init_data.json,99_quarantine/unused_generated/mypy_cache/3.11/ctypes/__init__.data.json,99_quarantine/unused_generated/mypy_cache/3.11/ctypes/964_20260711_v03_init_data.json,964,20260711,v03,normalized retained research artifact name,renamed
/Users/tstakuma/Desktop/github/research/99_quarantine/unused_generated/mypy_cache/3.11/ctypes/__init__.meta.json,/Users/tstakuma/Desktop/github/research/99_quarantine/unused_generated/mypy_cache/3.11/ctypes/965_20260711_v03_init_meta.json,99_quarantine/unused_generated/mypy_cache/3.11/ctypes/__init__.meta.json,99_quarantine/unused_generated/mypy_cache/3.11/ctypes/965_20260711_v03_init_meta.json,965,20260711,v03,normalized retained research artifact name,renamed
/Users/tstakuma/Desktop/github/research/99_quarantine/unused_generated/mypy_cache/3.11/dataclasses.data.json,/Users/tstakuma/Desktop/github/research/99_quarantine/unused_generated/mypy_cache/3.11/966_20260711_v03_dataclasses_data.json,99_quarantine/unused_generated/mypy_cache/3.11/dataclasses.data.json,99_quarantine/unused_generated/mypy_cache/3.11/966_20260711_v03_dataclasses_data.json,966,20260711,v03,normalized retained research artifact name,renamed
/Users/tstakuma/Desktop/github/research/99_quarantine/unused_generated/mypy_cache/3.11/dataclasses.meta.json,/Users/tstakuma/Desktop/github/research/99_quarantine/unused_generated/mypy_cache/3.11/967_20260711_v03_dataclasses_meta.json,99_quarantine/unused_generated/mypy_cache/3.11/dataclasses.meta.json,99_quarantine/unused_generated/mypy_cache/3.11/967_20260711_v03_dataclasses_meta.json,967,20260711,v03,normalized retained research artifact name,renamed
/Users/tstakuma/Desktop/github/research/99_quarantine/unused_generated/mypy_cache/3.11/datetime.data.json,/Users/tstakuma/Desktop/github/research/99_quarantine/unused_generated/mypy_cache/3.11/968_20260711_v03_datetime_data.json,99_quarantine/unused_generated/mypy_cache/3.11/datetime.data.json,99_quarantine/unused_generated/mypy_cache/3.11/968_20260711_v03_datetime_data.json,968,20260711,v03,normalized retained research artifact name,renamed
/Users/tstakuma/Desktop/github/research/99_quarantine/unused_generated/mypy_cache/3.11/datetime.meta.json,/Users/tstakuma/Desktop/github/research/99_quarantine/unused_generated/mypy_cache/3.11/969_20260711_v03_datetime_meta.json,99_quarantine/unused_generated/mypy_cache/3.11/datetime.meta.json,99_quarantine/unused_generated/mypy_cache/3.11/969_20260711_v03_datetime_meta.json,969,20260711,v03,normalized retained research artifact name,renamed
/Users/tstakuma/Desktop/github/research/99_quarantine/unused_generated/mypy_cache/3.11/decimal.data.json,/Users/tstakuma/Desktop/github/research/99_quarantine/unused_generated/mypy_cache/3.11/970_20260711_v03_decimal_data.json,99_quarantine/unused_generated/mypy_cache/3.11/decimal.data.json,99_quarantine/unused_generated/mypy_cache/3.11/970_20260711_v03_decimal_data.json,970,20260711,v03,normalized retained research artifact name,renamed
/Users/tstakuma/Desktop/github/research/99_quarantine/unused_generated/mypy_cache/3.11/decimal.meta.json,/Users/tstakuma/Desktop/github/research/99_quarantine/unused_generated/mypy_cache/3.11/971_20260711_v03_decimal_meta.json,99_quarantine/unused_generated/mypy_cache/3.11/decimal.meta.json,99_quarantine/unused_generated/mypy_cache/3.11/971_20260711_v03_decimal_meta.json,971,20260711,v03,normalized retained research artifact name,renamed
/Users/tstakuma/Desktop/github/research/99_quarantine/unused_generated/mypy_cache/3.11/dis.data.json,/Users/tstakuma/Desktop/github/research/99_quarantine/unused_generated/mypy_cache/3.11/972_20260711_v03_dis_data.json,99_quarantine/unused_generated/mypy_cache/3.11/dis.data.json,99_quarantine/unused_generated/mypy_cache/3.11/972_20260711_v03_dis_data.json,972,20260711,v03,normalized retained research artifact name,renamed
/Users/tstakuma/Desktop/github/research/99_quarantine/unused_generated/mypy_cache/3.11/dis.meta.json,/Users/tstakuma/Desktop/github/research/99_quarantine/unused_generated/mypy_cache/3.11/973_20260711_v03_dis_meta.json,99_quarantine/unused_generated/mypy_cache/3.11/dis.meta.json,99_quarantine/unused_generated/mypy_cache/3.11/973_20260711_v03_dis_meta.json,973,20260711,v03,normalized retained research artifact name,renamed
/Users/tstakuma/Desktop/github/research/99_quarantine/unused_generated/mypy_cache/3.11/email/__init__.data.json,/Users/tstakuma/Desktop/github/research/99_quarantine/unused_generated/mypy_cache/3.11/email/974_20260711_v03_init_data.json,99_quarantine/unused_generated/mypy_cache/3.11/email/__init__.data.json,99_quarantine/unused_generated/mypy_cache/3.11/email/974_20260711_v03_init_data.json,974,20260711,v03,normalized retained research artifact name,renamed
/Users/tstakuma/Desktop/github/research/99_quarantine/unused_generated/mypy_cache/3.11/email/__init__.meta.json,/Users/tstakuma/Desktop/github/research/99_quarantine/unused_generated/mypy_cache/3.11/email/975_20260711_v03_init_meta.json,99_quarantine/unused_generated/mypy_cache/3.11/email/__init__.meta.json,99_quarantine/unused_generated/mypy_cache/3.11/email/975_20260711_v03_init_meta.json,975,20260711,v03,normalized retained research artifact name,renamed
/Users/tstakuma/Desktop/github/research/99_quarantine/unused_generated/mypy_cache/3.11/email/charset.data.json,/Users/tstakuma/Desktop/github/research/99_quarantine/unused_generated/mypy_cache/3.11/email/976_20260711_v03_charset_data.json,99_quarantine/unused_generated/mypy_cache/3.11/email/charset.data.json,99_quarantine/unused_generated/mypy_cache/3.11/email/976_20260711_v03_charset_data.json,976,20260711,v03,normalized retained research artifact name,renamed
/Users/tstakuma/Desktop/github/research/99_quarantine/unused_generated/mypy_cache/3.11/email/charset.meta.json,/Users/tstakuma/Desktop/github/research/99_quarantine/unused_generated/mypy_cache/3.11/email/977_20260711_v03_charset_meta.json,99_quarantine/unused_generated/mypy_cache/3.11/email/charset.meta.json,99_quarantine/unused_generated/mypy_cache/3.11/email/977_20260711_v03_charset_meta.json,977,20260711,v03,normalized retained research artifact name,renamed
/Users/tstakuma/Desktop/github/research/99_quarantine/unused_generated/mypy_cache/3.11/email/contentmanager.data.json,/Users/tstakuma/Desktop/github/research/99_quarantine/unused_generated/mypy_cache/3.11/email/978_20260711_v03_contentmanager_data.json,99_quarantine/unused_generated/mypy_cache/3.11/email/contentmanager.data.json,99_quarantine/unused_generated/mypy_cache/3.11/email/978_20260711_v03_contentmanager_data.json,978,20260711,v03,normalized retained research artifact name,renamed
/Users/tstakuma/Desktop/github/research/99_quarantine/unused_generated/mypy_cache/3.11/email/contentmanager.meta.json,/Users/tstakuma/Desktop/github/research/99_quarantine/unused_generated/mypy_cache/3.11/email/979_20260711_v03_contentmanager_meta.json,99_quarantine/unused_generated/mypy_cache/3.11/email/contentmanager.meta.json,99_quarantine/unused_generated/mypy_cache/3.11/email/979_20260711_v03_contentmanager_meta.json,979,20260711,v03,normalized retained research artifact name,renamed
/Users/tstakuma/Desktop/github/research/99_quarantine/unused_generated/mypy_cache/3.11/email/errors.data.json,/Users/tstakuma/Desktop/github/research/99_quarantine/unused_generated/mypy_cache/3.11/email/980_20260711_v03_errors_data.json,99_quarantine/unused_generated/mypy_cache/3.11/email/errors.data.json,99_quarantine/unused_generated/mypy_cache/3.11/email/980_20260711_v03_errors_data.json,980,20260711,v03,normalized retained research artifact name,renamed
/Users/tstakuma/Desktop/github/research/99_quarantine/unused_generated/mypy_cache/3.11/email/errors.meta.json,/Users/tstakuma/Desktop/github/research/99_quarantine/unused_generated/mypy_cache/3.11/email/981_20260711_v03_errors_meta.json,99_quarantine/unused_generated/mypy_cache/3.11/email/errors.meta.json,99_quarantine/unused_generated/mypy_cache/3.11/email/981_20260711_v03_errors_meta.json,981,20260711,v03,normalized retained research artifact name,renamed
/Users/tstakuma/Desktop/github/research/99_quarantine/unused_generated/mypy_cache/3.11/email/header.data.json,/Users/tstakuma/Desktop/github/research/99_quarantine/unused_generated/mypy_cache/3.11/email/982_20260711_v03_header_data.json,99_quarantine/unused_generated/mypy_cache/3.11/email/header.data.json,99_quarantine/unused_generated/mypy_cache/3.11/email/982_20260711_v03_header_data.json,982,20260711,v03,normalized retained research artifact name,renamed
/Users/tstakuma/Desktop/github/research/99_quarantine/unused_generated/mypy_cache/3.11/email/header.meta.json,/Users/tstakuma/Desktop/github/research/99_quarantine/unused_generated/mypy_cache/3.11/email/983_20260711_v03_header_meta.json,99_quarantine/unused_generated/mypy_cache/3.11/email/header.meta.json,99_quarantine/unused_generated/mypy_cache/3.11/email/983_20260711_v03_header_meta.json,983,20260711,v03,normalized retained research artifact name,renamed
/Users/tstakuma/Desktop/github/research/99_quarantine/unused_generated/mypy_cache/3.11/email/message.data.json,/Users/tstakuma/Desktop/github/research/99_quarantine/unused_generated/mypy_cache/3.11/email/984_20260711_v03_message_data.json,99_quarantine/unused_generated/mypy_cache/3.11/email/message.data.json,99_quarantine/unused_generated/mypy_cache/3.11/email/984_20260711_v03_message_data.json,984,20260711,v03,normalized retained research artifact name,renamed
/Users/tstakuma/Desktop/github/research/99_quarantine/unused_generated/mypy_cache/3.11/email/message.meta.json,/Users/tstakuma/Desktop/github/research/99_quarantine/unused_generated/mypy_cache/3.11/email/985_20260711_v03_message_meta.json,99_quarantine/unused_generated/mypy_cache/3.11/email/message.meta.json,99_quarantine/unused_generated/mypy_cache/3.11/email/985_20260711_v03_message_meta.json,985,20260711,v03,normalized retained research artifact name,renamed
/Users/tstakuma/Desktop/github/research/99_quarantine/unused_generated/mypy_cache/3.11/email/policy.data.json,/Users/tstakuma/Desktop/github/research/99_quarantine/unused_generated/mypy_cache/3.11/email/986_20260711_v03_policy_data.json,99_quarantine/unused_generated/mypy_cache/3.11/email/policy.data.json,99_quarantine/unused_generated/mypy_cache/3.11/email/986_20260711_v03_policy_data.json,986,20260711,v03,normalized retained research artifact name,renamed
/Users/tstakuma/Desktop/github/research/99_quarantine/unused_generated/mypy_cache/3.11/email/policy.meta.json,/Users/tstakuma/Desktop/github/research/99_quarantine/unused_generated/mypy_cache/3.11/email/987_20260711_v03_policy_meta.json,99_quarantine/unused_generated/mypy_cache/3.11/email/policy.meta.json,99_quarantine/unused_generated/mypy_cache/3.11/email/987_20260711_v03_policy_meta.json,987,20260711,v03,normalized retained research artifact name,renamed
/Users/tstakuma/Desktop/github/research/99_quarantine/unused_generated/mypy_cache/3.11/enum.data.json,/Users/tstakuma/Desktop/github/research/99_quarantine/unused_generated/mypy_cache/3.11/988_20260711_v03_enum_data.json,99_quarantine/unused_generated/mypy_cache/3.11/enum.data.json,99_quarantine/unused_generated/mypy_cache/3.11/988_20260711_v03_enum_data.json,988,20260711,v03,normalized retained research artifact name,renamed
/Users/tstakuma/Desktop/github/research/99_quarantine/unused_generated/mypy_cache/3.11/enum.meta.json,/Users/tstakuma/Desktop/github/research/99_quarantine/unused_generated/mypy_cache/3.11/989_20260711_v03_enum_meta.json,99_quarantine/unused_generated/mypy_cache/3.11/enum.meta.json,99_quarantine/unused_generated/mypy_cache/3.11/989_20260711_v03_enum_meta.json,989,20260711,v03,normalized retained research artifact name,renamed
/Users/tstakuma/Desktop/github/research/99_quarantine/unused_generated/mypy_cache/3.11/errno.data.json,/Users/tstakuma/Desktop/github/research/99_quarantine/unused_generated/mypy_cache/3.11/990_20260711_v03_errno_data.json,99_quarantine/unused_generated/mypy_cache/3.11/errno.data.json,99_quarantine/unused_generated/mypy_cache/3.11/990_20260711_v03_errno_data.json,990,20260711,v03,normalized retained research artifact name,renamed
/Users/tstakuma/Desktop/github/research/99_quarantine/unused_generated/mypy_cache/3.11/errno.meta.json,/Users/tstakuma/Desktop/github/research/99_quarantine/unused_generated/mypy_cache/3.11/991_20260711_v03_errno_meta.json,99_quarantine/unused_generated/mypy_cache/3.11/errno.meta.json,99_quarantine/unused_generated/mypy_cache/3.11/991_20260711_v03_errno_meta.json,991,20260711,v03,normalized retained research artifact name,renamed
/Users/tstakuma/Desktop/github/research/99_quarantine/unused_generated/mypy_cache/3.11/fnmatch.data.json,/Users/tstakuma/Desktop/github/research/99_quarantine/unused_generated/mypy_cache/3.11/992_20260711_v03_fnmatch_data.json,99_quarantine/unused_generated/mypy_cache/3.11/fnmatch.data.json,99_quarantine/unused_generated/mypy_cache/3.11/992_20260711_v03_fnmatch_data.json,992,20260711,v03,normalized retained research artifact name,renamed
/Users/tstakuma/Desktop/github/research/99_quarantine/unused_generated/mypy_cache/3.11/fnmatch.meta.json,/Users/tstakuma/Desktop/github/research/99_quarantine/unused_generated/mypy_cache/3.11/993_20260711_v03_fnmatch_meta.json,99_quarantine/unused_generated/mypy_cache/3.11/fnmatch.meta.json,99_quarantine/unused_generated/mypy_cache/3.11/993_20260711_v03_fnmatch_meta.json,993,20260711,v03,normalized retained research artifact name,renamed
/Users/tstakuma/Desktop/github/research/99_quarantine/unused_generated/mypy_cache/3.11/fractions.data.json,/Users/tstakuma/Desktop/github/research/99_quarantine/unused_generated/mypy_cache/3.11/994_20260711_v03_fractions_data.json,99_quarantine/unused_generated/mypy_cache/3.11/fractions.data.json,99_quarantine/unused_generated/mypy_cache/3.11/994_20260711_v03_fractions_data.json,994,20260711,v03,normalized retained research artifact name,renamed
/Users/tstakuma/Desktop/github/research/99_quarantine/unused_generated/mypy_cache/3.11/fractions.meta.json,/Users/tstakuma/Desktop/github/research/99_quarantine/unused_generated/mypy_cache/3.11/995_20260711_v03_fractions_meta.json,99_quarantine/unused_generated/mypy_cache/3.11/fractions.meta.json,99_quarantine/unused_generated/mypy_cache/3.11/995_20260711_v03_fractions_meta.json,995,20260711,v03,normalized retained research artifact name,renamed
/Users/tstakuma/Desktop/github/research/99_quarantine/unused_generated/mypy_cache/3.11/functools.data.json,/Users/tstakuma/Desktop/github/research/99_quarantine/unused_generated/mypy_cache/3.11/996_20260711_v03_functools_data.json,99_quarantine/unused_generated/mypy_cache/3.11/functools.data.json,99_quarantine/unused_generated/mypy_cache/3.11/996_20260711_v03_functools_data.json,996,20260711,v03,normalized retained research artifact name,renamed
/Users/tstakuma/Desktop/github/research/99_quarantine/unused_generated/mypy_cache/3.11/functools.meta.json,/Users/tstakuma/Desktop/github/research/99_quarantine/unused_generated/mypy_cache/3.11/997_20260711_v03_functools_meta.json,99_quarantine/unused_generated/mypy_cache/3.11/functools.meta.json,99_quarantine/unused_generated/mypy_cache/3.11/997_20260711_v03_functools_meta.json,997,20260711,v03,normalized retained research artifact name,renamed
/Users/tstakuma/Desktop/github/research/99_quarantine/unused_generated/mypy_cache/3.11/genericpath.data.json,/Users/tstakuma/Desktop/github/research/99_quarantine/unused_generated/mypy_cache/3.11/998_20260711_v03_genericpath_data.json,99_quarantine/unused_generated/mypy_cache/3.11/genericpath.data.json,99_quarantine/unused_generated/mypy_cache/3.11/998_20260711_v03_genericpath_data.json,998,20260711,v03,normalized retained research artifact name,renamed
/Users/tstakuma/Desktop/github/research/99_quarantine/unused_generated/mypy_cache/3.11/genericpath.meta.json,/Users/tstakuma/Desktop/github/research/99_quarantine/unused_generated/mypy_cache/3.11/999_20260711_v03_genericpath_meta.json,99_quarantine/unused_generated/mypy_cache/3.11/genericpath.meta.json,99_quarantine/unused_generated/mypy_cache/3.11/999_20260711_v03_genericpath_meta.json,999,20260711,v03,normalized retained research artifact name,renamed
/Users/tstakuma/Desktop/github/research/99_quarantine/unused_generated/mypy_cache/3.11/gettext.data.json,/Users/tstakuma/Desktop/github/research/99_quarantine/unused_generated/mypy_cache/3.11/950_20260711_v04_gettext_data.json,99_quarantine/unused_generated/mypy_cache/3.11/gettext.data.json,99_quarantine/unused_generated/mypy_cache/3.11/950_20260711_v04_gettext_data.json,950,20260711,v04,normalized retained research artifact name,renamed
/Users/tstakuma/Desktop/github/research/99_quarantine/unused_generated/mypy_cache/3.11/gettext.meta.json,/Users/tstakuma/Desktop/github/research/99_quarantine/unused_generated/mypy_cache/3.11/951_20260711_v04_gettext_meta.json,99_quarantine/unused_generated/mypy_cache/3.11/gettext.meta.json,99_quarantine/unused_generated/mypy_cache/3.11/951_20260711_v04_gettext_meta.json,951,20260711,v04,normalized retained research artifact name,renamed
/Users/tstakuma/Desktop/github/research/99_quarantine/unused_generated/mypy_cache/3.11/hashlib.data.json,/Users/tstakuma/Desktop/github/research/99_quarantine/unused_generated/mypy_cache/3.11/952_20260711_v04_hashlib_data.json,99_quarantine/unused_generated/mypy_cache/3.11/hashlib.data.json,99_quarantine/unused_generated/mypy_cache/3.11/952_20260711_v04_hashlib_data.json,952,20260711,v04,normalized retained research artifact name,renamed
/Users/tstakuma/Desktop/github/research/99_quarantine/unused_generated/mypy_cache/3.11/hashlib.meta.json,/Users/tstakuma/Desktop/github/research/99_quarantine/unused_generated/mypy_cache/3.11/953_20260711_v04_hashlib_meta.json,99_quarantine/unused_generated/mypy_cache/3.11/hashlib.meta.json,99_quarantine/unused_generated/mypy_cache/3.11/953_20260711_v04_hashlib_meta.json,953,20260711,v04,normalized retained research artifact name,renamed
/Users/tstakuma/Desktop/github/research/99_quarantine/unused_generated/mypy_cache/3.11/html/__init__.data.json,/Users/tstakuma/Desktop/github/research/99_quarantine/unused_generated/mypy_cache/3.11/html/954_20260711_v04_init_data.json,99_quarantine/unused_generated/mypy_cache/3.11/html/__init__.data.json,99_quarantine/unused_generated/mypy_cache/3.11/html/954_20260711_v04_init_data.json,954,20260711,v04,normalized retained research artifact name,renamed
/Users/tstakuma/Desktop/github/research/99_quarantine/unused_generated/mypy_cache/3.11/html/__init__.meta.json,/Users/tstakuma/Desktop/github/research/99_quarantine/unused_generated/mypy_cache/3.11/html/955_20260711_v04_init_meta.json,99_quarantine/unused_generated/mypy_cache/3.11/html/__init__.meta.json,99_quarantine/unused_generated/mypy_cache/3.11/html/955_20260711_v04_init_meta.json,955,20260711,v04,normalized retained research artifact name,renamed
/Users/tstakuma/Desktop/github/research/99_quarantine/unused_generated/mypy_cache/3.11/html/entities.data.json,/Users/tstakuma/Desktop/github/research/99_quarantine/unused_generated/mypy_cache/3.11/html/956_20260711_v04_entities_data.json,99_quarantine/unused_generated/mypy_cache/3.11/html/entities.data.json,99_quarantine/unused_generated/mypy_cache/3.11/html/956_20260711_v04_entities_data.json,956,20260711,v04,normalized retained research artifact name,renamed
/Users/tstakuma/Desktop/github/research/99_quarantine/unused_generated/mypy_cache/3.11/html/entities.meta.json,/Users/tstakuma/Desktop/github/research/99_quarantine/unused_generated/mypy_cache/3.11/html/957_20260711_v04_entities_meta.json,99_quarantine/unused_generated/mypy_cache/3.11/html/entities.meta.json,99_quarantine/unused_generated/mypy_cache/3.11/html/957_20260711_v04_entities_meta.json,957,20260711,v04,normalized retained research artifact name,renamed
/Users/tstakuma/Desktop/github/research/99_quarantine/unused_generated/mypy_cache/3.11/importlib/__init__.data.json,/Users/tstakuma/Desktop/github/research/99_quarantine/unused_generated/mypy_cache/3.11/importlib/958_20260711_v04_init_data.json,99_quarantine/unused_generated/mypy_cache/3.11/importlib/__init__.data.json,99_quarantine/unused_generated/mypy_cache/3.11/importlib/958_20260711_v04_init_data.json,958,20260711,v04,normalized retained research artifact name,renamed
/Users/tstakuma/Desktop/github/research/99_quarantine/unused_generated/mypy_cache/3.11/importlib/__init__.meta.json,/Users/tstakuma/Desktop/github/research/99_quarantine/unused_generated/mypy_cache/3.11/importlib/959_20260711_v04_init_meta.json,99_quarantine/unused_generated/mypy_cache/3.11/importlib/__init__.meta.json,99_quarantine/unused_generated/mypy_cache/3.11/importlib/959_20260711_v04_init_meta.json,959,20260711,v04,normalized retained research artifact name,renamed
/Users/tstakuma/Desktop/github/research/99_quarantine/unused_generated/mypy_cache/3.11/importlib/abc.data.json,/Users/tstakuma/Desktop/github/research/99_quarantine/unused_generated/mypy_cache/3.11/importlib/960_20260711_v04_abc_data.json,99_quarantine/unused_generated/mypy_cache/3.11/importlib/abc.data.json,99_quarantine/unused_generated/mypy_cache/3.11/importlib/960_20260711_v04_abc_data.json,960,20260711,v04,normalized retained research artifact name,renamed
/Users/tstakuma/Desktop/github/research/99_quarantine/unused_generated/mypy_cache/3.11/importlib/abc.meta.json,/Users/tstakuma/Desktop/github/research/99_quarantine/unused_generated/mypy_cache/3.11/importlib/961_20260711_v04_abc_meta.json,99_quarantine/unused_generated/mypy_cache/3.11/importlib/abc.meta.json,99_quarantine/unused_generated/mypy_cache/3.11/importlib/961_20260711_v04_abc_meta.json,961,20260711,v04,normalized retained research artifact name,renamed
/Users/tstakuma/Desktop/github/research/99_quarantine/unused_generated/mypy_cache/3.11/importlib/machinery.data.json,/Users/tstakuma/Desktop/github/research/99_quarantine/unused_generated/mypy_cache/3.11/importlib/962_20260711_v04_machinery_data.json,99_quarantine/unused_generated/mypy_cache/3.11/importlib/machinery.data.json,99_quarantine/unused_generated/mypy_cache/3.11/importlib/962_20260711_v04_machinery_data.json,962,20260711,v04,normalized retained research artifact name,renamed
/Users/tstakuma/Desktop/github/research/99_quarantine/unused_generated/mypy_cache/3.11/importlib/machinery.meta.json,/Users/tstakuma/Desktop/github/research/99_quarantine/unused_generated/mypy_cache/3.11/importlib/963_20260711_v04_machinery_meta.json,99_quarantine/unused_generated/mypy_cache/3.11/importlib/machinery.meta.json,99_quarantine/unused_generated/mypy_cache/3.11/importlib/963_20260711_v04_machinery_meta.json,963,20260711,v04,normalized retained research artifact name,renamed
/Users/tstakuma/Desktop/github/research/99_quarantine/unused_generated/mypy_cache/3.11/importlib/metadata/__init__.data.json,/Users/tstakuma/Desktop/github/research/99_quarantine/unused_generated/mypy_cache/3.11/importlib/metadata/964_20260711_v04_init_data.json,99_quarantine/unused_generated/mypy_cache/3.11/importlib/metadata/__init__.data.json,99_quarantine/unused_generated/mypy_cache/3.11/importlib/metadata/964_20260711_v04_init_data.json,964,20260711,v04,normalized retained research artifact name,renamed
/Users/tstakuma/Desktop/github/research/99_quarantine/unused_generated/mypy_cache/3.11/importlib/metadata/__init__.meta.json,/Users/tstakuma/Desktop/github/research/99_quarantine/unused_generated/mypy_cache/3.11/importlib/metadata/965_20260711_v04_init_meta.json,99_quarantine/unused_generated/mypy_cache/3.11/importlib/metadata/__init__.meta.json,99_quarantine/unused_generated/mypy_cache/3.11/importlib/metadata/965_20260711_v04_init_meta.json,965,20260711,v04,normalized retained research artifact name,renamed
/Users/tstakuma/Desktop/github/research/99_quarantine/unused_generated/mypy_cache/3.11/importlib/metadata/_meta.data.json,/Users/tstakuma/Desktop/github/research/99_quarantine/unused_generated/mypy_cache/3.11/importlib/metadata/966_20260711_v04_meta_data.json,99_quarantine/unused_generated/mypy_cache/3.11/importlib/metadata/_meta.data.json,99_quarantine/unused_generated/mypy_cache/3.11/importlib/metadata/966_20260711_v04_meta_data.json,966,20260711,v04,normalized retained research artifact name,renamed
/Users/tstakuma/Desktop/github/research/99_quarantine/unused_generated/mypy_cache/3.11/importlib/metadata/_meta.meta.json,/Users/tstakuma/Desktop/github/research/99_quarantine/unused_generated/mypy_cache/3.11/importlib/metadata/967_20260711_v04_meta_meta.json,99_quarantine/unused_generated/mypy_cache/3.11/importlib/metadata/_meta.meta.json,99_quarantine/unused_generated/mypy_cache/3.11/importlib/metadata/967_20260711_v04_meta_meta.json,967,20260711,v04,normalized retained research artifact name,renamed
/Users/tstakuma/Desktop/github/research/99_quarantine/unused_generated/mypy_cache/3.11/importlib/readers.data.json,/Users/tstakuma/Desktop/github/research/99_quarantine/unused_generated/mypy_cache/3.11/importlib/968_20260711_v04_readers_data.json,99_quarantine/unused_generated/mypy_cache/3.11/importlib/readers.data.json,99_quarantine/unused_generated/mypy_cache/3.11/importlib/968_20260711_v04_readers_data.json,968,20260711,v04,normalized retained research artifact name,renamed
/Users/tstakuma/Desktop/github/research/99_quarantine/unused_generated/mypy_cache/3.11/importlib/readers.meta.json,/Users/tstakuma/Desktop/github/research/99_quarantine/unused_generated/mypy_cache/3.11/importlib/969_20260711_v04_readers_meta.json,99_quarantine/unused_generated/mypy_cache/3.11/importlib/readers.meta.json,99_quarantine/unused_generated/mypy_cache/3.11/importlib/969_20260711_v04_readers_meta.json,969,20260711,v04,normalized retained research artifact name,renamed
/Users/tstakuma/Desktop/github/research/99_quarantine/unused_generated/mypy_cache/3.11/importlib/resources/__init__.data.json,/Users/tstakuma/Desktop/github/research/99_quarantine/unused_generated/mypy_cache/3.11/importlib/resources/970_20260711_v04_init_data.json,99_quarantine/unused_generated/mypy_cache/3.11/importlib/resources/__init__.data.json,99_quarantine/unused_generated/mypy_cache/3.11/importlib/resources/970_20260711_v04_init_data.json,970,20260711,v04,normalized retained research artifact name,renamed
/Users/tstakuma/Desktop/github/research/99_quarantine/unused_generated/mypy_cache/3.11/importlib/resources/__init__.meta.json,/Users/tstakuma/Desktop/github/research/99_quarantine/unused_generated/mypy_cache/3.11/importlib/resources/971_20260711_v04_init_meta.json,99_quarantine/unused_generated/mypy_cache/3.11/importlib/resources/__init__.meta.json,99_quarantine/unused_generated/mypy_cache/3.11/importlib/resources/971_20260711_v04_init_meta.json,971,20260711,v04,normalized retained research artifact name,renamed
/Users/tstakuma/Desktop/github/research/99_quarantine/unused_generated/mypy_cache/3.11/importlib/resources/abc.data.json,/Users/tstakuma/Desktop/github/research/99_quarantine/unused_generated/mypy_cache/3.11/importlib/resources/972_20260711_v04_abc_data.json,99_quarantine/unused_generated/mypy_cache/3.11/importlib/resources/abc.data.json,99_quarantine/unused_generated/mypy_cache/3.11/importlib/resources/972_20260711_v04_abc_data.json,972,20260711,v04,normalized retained research artifact name,renamed
/Users/tstakuma/Desktop/github/research/99_quarantine/unused_generated/mypy_cache/3.11/importlib/resources/abc.meta.json,/Users/tstakuma/Desktop/github/research/99_quarantine/unused_generated/mypy_cache/3.11/importlib/resources/973_20260711_v04_abc_meta.json,99_quarantine/unused_generated/mypy_cache/3.11/importlib/resources/abc.meta.json,99_quarantine/unused_generated/mypy_cache/3.11/importlib/resources/973_20260711_v04_abc_meta.json,973,20260711,v04,normalized retained research artifact name,renamed
/Users/tstakuma/Desktop/github/research/99_quarantine/unused_generated/mypy_cache/3.11/importlib/util.data.json,/Users/tstakuma/Desktop/github/research/99_quarantine/unused_generated/mypy_cache/3.11/importlib/974_20260711_v04_util_data.json,99_quarantine/unused_generated/mypy_cache/3.11/importlib/util.data.json,99_quarantine/unused_generated/mypy_cache/3.11/importlib/974_20260711_v04_util_data.json,974,20260711,v04,normalized retained research artifact name,renamed
/Users/tstakuma/Desktop/github/research/99_quarantine/unused_generated/mypy_cache/3.11/importlib/util.meta.json,/Users/tstakuma/Desktop/github/research/99_quarantine/unused_generated/mypy_cache/3.11/importlib/975_20260711_v04_util_meta.json,99_quarantine/unused_generated/mypy_cache/3.11/importlib/util.meta.json,99_quarantine/unused_generated/mypy_cache/3.11/importlib/975_20260711_v04_util_meta.json,975,20260711,v04,normalized retained research artifact name,renamed
/Users/tstakuma/Desktop/github/research/99_quarantine/unused_generated/mypy_cache/3.11/inspect.data.json,/Users/tstakuma/Desktop/github/research/99_quarantine/unused_generated/mypy_cache/3.11/976_20260711_v04_inspect_data.json,99_quarantine/unused_generated/mypy_cache/3.11/inspect.data.json,99_quarantine/unused_generated/mypy_cache/3.11/976_20260711_v04_inspect_data.json,976,20260711,v04,normalized retained research artifact name,renamed
/Users/tstakuma/Desktop/github/research/99_quarantine/unused_generated/mypy_cache/3.11/inspect.meta.json,/Users/tstakuma/Desktop/github/research/99_quarantine/unused_generated/mypy_cache/3.11/977_20260711_v04_inspect_meta.json,99_quarantine/unused_generated/mypy_cache/3.11/inspect.meta.json,99_quarantine/unused_generated/mypy_cache/3.11/977_20260711_v04_inspect_meta.json,977,20260711,v04,normalized retained research artifact name,renamed
/Users/tstakuma/Desktop/github/research/99_quarantine/unused_generated/mypy_cache/3.11/io.data.json,/Users/tstakuma/Desktop/github/research/99_quarantine/unused_generated/mypy_cache/3.11/978_20260711_v04_io_data.json,99_quarantine/unused_generated/mypy_cache/3.11/io.data.json,99_quarantine/unused_generated/mypy_cache/3.11/978_20260711_v04_io_data.json,978,20260711,v04,normalized retained research artifact name,renamed
/Users/tstakuma/Desktop/github/research/99_quarantine/unused_generated/mypy_cache/3.11/io.meta.json,/Users/tstakuma/Desktop/github/research/99_quarantine/unused_generated/mypy_cache/3.11/979_20260711_v04_io_meta.json,99_quarantine/unused_generated/mypy_cache/3.11/io.meta.json,99_quarantine/unused_generated/mypy_cache/3.11/979_20260711_v04_io_meta.json,979,20260711,v04,normalized retained research artifact name,renamed
/Users/tstakuma/Desktop/github/research/99_quarantine/unused_generated/mypy_cache/3.11/itertools.data.json,/Users/tstakuma/Desktop/github/research/99_quarantine/unused_generated/mypy_cache/3.11/980_20260711_v04_itertools_data.json,99_quarantine/unused_generated/mypy_cache/3.11/itertools.data.json,99_quarantine/unused_generated/mypy_cache/3.11/980_20260711_v04_itertools_data.json,980,20260711,v04,normalized retained research artifact name,renamed
/Users/tstakuma/Desktop/github/research/99_quarantine/unused_generated/mypy_cache/3.11/itertools.meta.json,/Users/tstakuma/Desktop/github/research/99_quarantine/unused_generated/mypy_cache/3.11/981_20260711_v04_itertools_meta.json,99_quarantine/unused_generated/mypy_cache/3.11/itertools.meta.json,99_quarantine/unused_generated/mypy_cache/3.11/981_20260711_v04_itertools_meta.json,981,20260711,v04,normalized retained research artifact name,renamed
/Users/tstakuma/Desktop/github/research/99_quarantine/unused_generated/mypy_cache/3.11/jinja2/__init__.data.json,/Users/tstakuma/Desktop/github/research/99_quarantine/unused_generated/mypy_cache/3.11/jinja2/982_20260711_v04_init_data.json,99_quarantine/unused_generated/mypy_cache/3.11/jinja2/__init__.data.json,99_quarantine/unused_generated/mypy_cache/3.11/jinja2/982_20260711_v04_init_data.json,982,20260711,v04,normalized retained research artifact name,renamed
/Users/tstakuma/Desktop/github/research/99_quarantine/unused_generated/mypy_cache/3.11/jinja2/__init__.meta.json,/Users/tstakuma/Desktop/github/research/99_quarantine/unused_generated/mypy_cache/3.11/jinja2/983_20260711_v04_init_meta.json,99_quarantine/unused_generated/mypy_cache/3.11/jinja2/__init__.meta.json,99_quarantine/unused_generated/mypy_cache/3.11/jinja2/983_20260711_v04_init_meta.json,983,20260711,v04,normalized retained research artifact name,renamed
/Users/tstakuma/Desktop/github/research/99_quarantine/unused_generated/mypy_cache/3.11/jinja2/_identifier.data.json,/Users/tstakuma/Desktop/github/research/99_quarantine/unused_generated/mypy_cache/3.11/jinja2/984_20260711_v04_identifier_data.json,99_quarantine/unused_generated/mypy_cache/3.11/jinja2/_identifier.data.json,99_quarantine/unused_generated/mypy_cache/3.11/jinja2/984_20260711_v04_identifier_data.json,984,20260711,v04,normalized retained research artifact name,renamed
/Users/tstakuma/Desktop/github/research/99_quarantine/unused_generated/mypy_cache/3.11/jinja2/_identifier.meta.json,/Users/tstakuma/Desktop/github/research/99_quarantine/unused_generated/mypy_cache/3.11/jinja2/985_20260711_v04_identifier_meta.json,99_quarantine/unused_generated/mypy_cache/3.11/jinja2/_identifier.meta.json,99_quarantine/unused_generated/mypy_cache/3.11/jinja2/985_20260711_v04_identifier_meta.json,985,20260711,v04,normalized retained research artifact name,renamed
/Users/tstakuma/Desktop/github/research/99_quarantine/unused_generated/mypy_cache/3.11/jinja2/async_utils.data.json,/Users/tstakuma/Desktop/github/research/99_quarantine/unused_generated/mypy_cache/3.11/jinja2/986_20260711_v04_async_utils_data.json,99_quarantine/unused_generated/mypy_cache/3.11/jinja2/async_utils.data.json,99_quarantine/unused_generated/mypy_cache/3.11/jinja2/986_20260711_v04_async_utils_data.json,986,20260711,v04,normalized retained research artifact name,renamed
/Users/tstakuma/Desktop/github/research/99_quarantine/unused_generated/mypy_cache/3.11/jinja2/async_utils.meta.json,/Users/tstakuma/Desktop/github/research/99_quarantine/unused_generated/mypy_cache/3.11/jinja2/987_20260711_v04_async_utils_meta.json,99_quarantine/unused_generated/mypy_cache/3.11/jinja2/async_utils.meta.json,99_quarantine/unused_generated/mypy_cache/3.11/jinja2/987_20260711_v04_async_utils_meta.json,987,20260711,v04,normalized retained research artifact name,renamed
/Users/tstakuma/Desktop/github/research/99_quarantine/unused_generated/mypy_cache/3.11/jinja2/bccache.data.json,/Users/tstakuma/Desktop/github/research/99_quarantine/unused_generated/mypy_cache/3.11/jinja2/988_20260711_v04_bccache_data.json,99_quarantine/unused_generated/mypy_cache/3.11/jinja2/bccache.data.json,99_quarantine/unused_generated/mypy_cache/3.11/jinja2/988_20260711_v04_bccache_data.json,988,20260711,v04,normalized retained research artifact name,renamed
/Users/tstakuma/Desktop/github/research/99_quarantine/unused_generated/mypy_cache/3.11/jinja2/bccache.meta.json,/Users/tstakuma/Desktop/github/research/99_quarantine/unused_generated/mypy_cache/3.11/jinja2/989_20260711_v04_bccache_meta.json,99_quarantine/unused_generated/mypy_cache/3.11/jinja2/bccache.meta.json,99_quarantine/unused_generated/mypy_cache/3.11/jinja2/989_20260711_v04_bccache_meta.json,989,20260711,v04,normalized retained research artifact name,renamed
/Users/tstakuma/Desktop/github/research/99_quarantine/unused_generated/mypy_cache/3.11/jinja2/compiler.data.json,/Users/tstakuma/Desktop/github/research/99_quarantine/unused_generated/mypy_cache/3.11/jinja2/990_20260711_v04_compiler_data.json,99_quarantine/unused_generated/mypy_cache/3.11/jinja2/compiler.data.json,99_quarantine/unused_generated/mypy_cache/3.11/jinja2/990_20260711_v04_compiler_data.json,990,20260711,v04,normalized retained research artifact name,renamed
/Users/tstakuma/Desktop/github/research/99_quarantine/unused_generated/mypy_cache/3.11/jinja2/compiler.meta.json,/Users/tstakuma/Desktop/github/research/99_quarantine/unused_generated/mypy_cache/3.11/jinja2/991_20260711_v04_compiler_meta.json,99_quarantine/unused_generated/mypy_cache/3.11/jinja2/compiler.meta.json,99_quarantine/unused_generated/mypy_cache/3.11/jinja2/991_20260711_v04_compiler_meta.json,991,20260711,v04,normalized retained research artifact name,renamed
/Users/tstakuma/Desktop/github/research/99_quarantine/unused_generated/mypy_cache/3.11/jinja2/debug.data.json,/Users/tstakuma/Desktop/github/research/99_quarantine/unused_generated/mypy_cache/3.11/jinja2/992_20260711_v04_debug_data.json,99_quarantine/unused_generated/mypy_cache/3.11/jinja2/debug.data.json,99_quarantine/unused_generated/mypy_cache/3.11/jinja2/992_20260711_v04_debug_data.json,992,20260711,v04,normalized retained research artifact name,renamed
/Users/tstakuma/Desktop/github/research/99_quarantine/unused_generated/mypy_cache/3.11/jinja2/debug.meta.json,/Users/tstakuma/Desktop/github/research/99_quarantine/unused_generated/mypy_cache/3.11/jinja2/993_20260711_v04_debug_meta.json,99_quarantine/unused_generated/mypy_cache/3.11/jinja2/debug.meta.json,99_quarantine/unused_generated/mypy_cache/3.11/jinja2/993_20260711_v04_debug_meta.json,993,20260711,v04,normalized retained research artifact name,renamed
/Users/tstakuma/Desktop/github/research/99_quarantine/unused_generated/mypy_cache/3.11/jinja2/defaults.data.json,/Users/tstakuma/Desktop/github/research/99_quarantine/unused_generated/mypy_cache/3.11/jinja2/994_20260711_v04_defaults_data.json,99_quarantine/unused_generated/mypy_cache/3.11/jinja2/defaults.data.json,99_quarantine/unused_generated/mypy_cache/3.11/jinja2/994_20260711_v04_defaults_data.json,994,20260711,v04,normalized retained research artifact name,renamed
/Users/tstakuma/Desktop/github/research/99_quarantine/unused_generated/mypy_cache/3.11/jinja2/defaults.meta.json,/Users/tstakuma/Desktop/github/research/99_quarantine/unused_generated/mypy_cache/3.11/jinja2/995_20260711_v04_defaults_meta.json,99_quarantine/unused_generated/mypy_cache/3.11/jinja2/defaults.meta.json,99_quarantine/unused_generated/mypy_cache/3.11/jinja2/995_20260711_v04_defaults_meta.json,995,20260711,v04,normalized retained research artifact name,renamed
/Users/tstakuma/Desktop/github/research/99_quarantine/unused_generated/mypy_cache/3.11/jinja2/environment.data.json,/Users/tstakuma/Desktop/github/research/99_quarantine/unused_generated/mypy_cache/3.11/jinja2/996_20260711_v04_environment_data.json,99_quarantine/unused_generated/mypy_cache/3.11/jinja2/environment.data.json,99_quarantine/unused_generated/mypy_cache/3.11/jinja2/996_20260711_v04_environment_data.json,996,20260711,v04,normalized retained research artifact name,renamed
/Users/tstakuma/Desktop/github/research/99_quarantine/unused_generated/mypy_cache/3.11/jinja2/environment.meta.json,/Users/tstakuma/Desktop/github/research/99_quarantine/unused_generated/mypy_cache/3.11/jinja2/997_20260711_v04_environment_meta.json,99_quarantine/unused_generated/mypy_cache/3.11/jinja2/environment.meta.json,99_quarantine/unused_generated/mypy_cache/3.11/jinja2/997_20260711_v04_environment_meta.json,997,20260711,v04,normalized retained research artifact name,renamed
/Users/tstakuma/Desktop/github/research/99_quarantine/unused_generated/mypy_cache/3.11/jinja2/exceptions.data.json,/Users/tstakuma/Desktop/github/research/99_quarantine/unused_generated/mypy_cache/3.11/jinja2/998_20260711_v04_exceptions_data.json,99_quarantine/unused_generated/mypy_cache/3.11/jinja2/exceptions.data.json,99_quarantine/unused_generated/mypy_cache/3.11/jinja2/998_20260711_v04_exceptions_data.json,998,20260711,v04,normalized retained research artifact name,renamed
/Users/tstakuma/Desktop/github/research/99_quarantine/unused_generated/mypy_cache/3.11/jinja2/exceptions.meta.json,/Users/tstakuma/Desktop/github/research/99_quarantine/unused_generated/mypy_cache/3.11/jinja2/999_20260711_v04_exceptions_meta.json,99_quarantine/unused_generated/mypy_cache/3.11/jinja2/exceptions.meta.json,99_quarantine/unused_generated/mypy_cache/3.11/jinja2/999_20260711_v04_exceptions_meta.json,999,20260711,v04,normalized retained research artifact name,renamed
/Users/tstakuma/Desktop/github/research/99_quarantine/unused_generated/mypy_cache/3.11/jinja2/ext.data.json,/Users/tstakuma/Desktop/github/research/99_quarantine/unused_generated/mypy_cache/3.11/jinja2/950_20260711_v05_ext_data.json,99_quarantine/unused_generated/mypy_cache/3.11/jinja2/ext.data.json,99_quarantine/unused_generated/mypy_cache/3.11/jinja2/950_20260711_v05_ext_data.json,950,20260711,v05,normalized retained research artifact name,renamed
/Users/tstakuma/Desktop/github/research/99_quarantine/unused_generated/mypy_cache/3.11/jinja2/ext.meta.json,/Users/tstakuma/Desktop/github/research/99_quarantine/unused_generated/mypy_cache/3.11/jinja2/951_20260711_v05_ext_meta.json,99_quarantine/unused_generated/mypy_cache/3.11/jinja2/ext.meta.json,99_quarantine/unused_generated/mypy_cache/3.11/jinja2/951_20260711_v05_ext_meta.json,951,20260711,v05,normalized retained research artifact name,renamed
/Users/tstakuma/Desktop/github/research/99_quarantine/unused_generated/mypy_cache/3.11/jinja2/filters.data.json,/Users/tstakuma/Desktop/github/research/99_quarantine/unused_generated/mypy_cache/3.11/jinja2/952_20260711_v05_filters_data.json,99_quarantine/unused_generated/mypy_cache/3.11/jinja2/filters.data.json,99_quarantine/unused_generated/mypy_cache/3.11/jinja2/952_20260711_v05_filters_data.json,952,20260711,v05,normalized retained research artifact name,renamed
/Users/tstakuma/Desktop/github/research/99_quarantine/unused_generated/mypy_cache/3.11/jinja2/filters.meta.json,/Users/tstakuma/Desktop/github/research/99_quarantine/unused_generated/mypy_cache/3.11/jinja2/953_20260711_v05_filters_meta.json,99_quarantine/unused_generated/mypy_cache/3.11/jinja2/filters.meta.json,99_quarantine/unused_generated/mypy_cache/3.11/jinja2/953_20260711_v05_filters_meta.json,953,20260711,v05,normalized retained research artifact name,renamed
/Users/tstakuma/Desktop/github/research/99_quarantine/unused_generated/mypy_cache/3.11/jinja2/idtracking.data.json,/Users/tstakuma/Desktop/github/research/99_quarantine/unused_generated/mypy_cache/3.11/jinja2/954_20260711_v05_idtracking_data.json,99_quarantine/unused_generated/mypy_cache/3.11/jinja2/idtracking.data.json,99_quarantine/unused_generated/mypy_cache/3.11/jinja2/954_20260711_v05_idtracking_data.json,954,20260711,v05,normalized retained research artifact name,renamed
/Users/tstakuma/Desktop/github/research/99_quarantine/unused_generated/mypy_cache/3.11/jinja2/idtracking.meta.json,/Users/tstakuma/Desktop/github/research/99_quarantine/unused_generated/mypy_cache/3.11/jinja2/955_20260711_v05_idtracking_meta.json,99_quarantine/unused_generated/mypy_cache/3.11/jinja2/idtracking.meta.json,99_quarantine/unused_generated/mypy_cache/3.11/jinja2/955_20260711_v05_idtracking_meta.json,955,20260711,v05,normalized retained research artifact name,renamed
/Users/tstakuma/Desktop/github/research/99_quarantine/unused_generated/mypy_cache/3.11/jinja2/lexer.data.json,/Users/tstakuma/Desktop/github/research/99_quarantine/unused_generated/mypy_cache/3.11/jinja2/956_20260711_v05_lexer_data.json,99_quarantine/unused_generated/mypy_cache/3.11/jinja2/lexer.data.json,99_quarantine/unused_generated/mypy_cache/3.11/jinja2/956_20260711_v05_lexer_data.json,956,20260711,v05,normalized retained research artifact name,renamed
/Users/tstakuma/Desktop/github/research/99_quarantine/unused_generated/mypy_cache/3.11/jinja2/lexer.meta.json,/Users/tstakuma/Desktop/github/research/99_quarantine/unused_generated/mypy_cache/3.11/jinja2/957_20260711_v05_lexer_meta.json,99_quarantine/unused_generated/mypy_cache/3.11/jinja2/lexer.meta.json,99_quarantine/unused_generated/mypy_cache/3.11/jinja2/957_20260711_v05_lexer_meta.json,957,20260711,v05,normalized retained research artifact name,renamed
/Users/tstakuma/Desktop/github/research/99_quarantine/unused_generated/mypy_cache/3.11/jinja2/loaders.data.json,/Users/tstakuma/Desktop/github/research/99_quarantine/unused_generated/mypy_cache/3.11/jinja2/958_20260711_v05_loaders_data.json,99_quarantine/unused_generated/mypy_cache/3.11/jinja2/loaders.data.json,99_quarantine/unused_generated/mypy_cache/3.11/jinja2/958_20260711_v05_loaders_data.json,958,20260711,v05,normalized retained research artifact name,renamed
/Users/tstakuma/Desktop/github/research/99_quarantine/unused_generated/mypy_cache/3.11/jinja2/loaders.meta.json,/Users/tstakuma/Desktop/github/research/99_quarantine/unused_generated/mypy_cache/3.11/jinja2/959_20260711_v05_loaders_meta.json,99_quarantine/unused_generated/mypy_cache/3.11/jinja2/loaders.meta.json,99_quarantine/unused_generated/mypy_cache/3.11/jinja2/959_20260711_v05_loaders_meta.json,959,20260711,v05,normalized retained research artifact name,renamed
/Users/tstakuma/Desktop/github/research/99_quarantine/unused_generated/mypy_cache/3.11/jinja2/nodes.data.json,/Users/tstakuma/Desktop/github/research/99_quarantine/unused_generated/mypy_cache/3.11/jinja2/960_20260711_v05_nodes_data.json,99_quarantine/unused_generated/mypy_cache/3.11/jinja2/nodes.data.json,99_quarantine/unused_generated/mypy_cache/3.11/jinja2/960_20260711_v05_nodes_data.json,960,20260711,v05,normalized retained research artifact name,renamed
/Users/tstakuma/Desktop/github/research/99_quarantine/unused_generated/mypy_cache/3.11/jinja2/nodes.meta.json,/Users/tstakuma/Desktop/github/research/99_quarantine/unused_generated/mypy_cache/3.11/jinja2/961_20260711_v05_nodes_meta.json,99_quarantine/unused_generated/mypy_cache/3.11/jinja2/nodes.meta.json,99_quarantine/unused_generated/mypy_cache/3.11/jinja2/961_20260711_v05_nodes_meta.json,961,20260711,v05,normalized retained research artifact name,renamed
/Users/tstakuma/Desktop/github/research/99_quarantine/unused_generated/mypy_cache/3.11/jinja2/optimizer.data.json,/Users/tstakuma/Desktop/github/research/99_quarantine/unused_generated/mypy_cache/3.11/jinja2/962_20260711_v05_optimizer_data.json,99_quarantine/unused_generated/mypy_cache/3.11/jinja2/optimizer.data.json,99_quarantine/unused_generated/mypy_cache/3.11/jinja2/962_20260711_v05_optimizer_data.json,962,20260711,v05,normalized retained research artifact name,renamed
/Users/tstakuma/Desktop/github/research/99_quarantine/unused_generated/mypy_cache/3.11/jinja2/optimizer.meta.json,/Users/tstakuma/Desktop/github/research/99_quarantine/unused_generated/mypy_cache/3.11/jinja2/963_20260711_v05_optimizer_meta.json,99_quarantine/unused_generated/mypy_cache/3.11/jinja2/optimizer.meta.json,99_quarantine/unused_generated/mypy_cache/3.11/jinja2/963_20260711_v05_optimizer_meta.json,963,20260711,v05,normalized retained research artifact name,renamed
/Users/tstakuma/Desktop/github/research/99_quarantine/unused_generated/mypy_cache/3.11/jinja2/parser.data.json,/Users/tstakuma/Desktop/github/research/99_quarantine/unused_generated/mypy_cache/3.11/jinja2/964_20260711_v05_parser_data.json,99_quarantine/unused_generated/mypy_cache/3.11/jinja2/parser.data.json,99_quarantine/unused_generated/mypy_cache/3.11/jinja2/964_20260711_v05_parser_data.json,964,20260711,v05,normalized retained research artifact name,renamed
/Users/tstakuma/Desktop/github/research/99_quarantine/unused_generated/mypy_cache/3.11/jinja2/parser.meta.json,/Users/tstakuma/Desktop/github/research/99_quarantine/unused_generated/mypy_cache/3.11/jinja2/965_20260711_v05_parser_meta.json,99_quarantine/unused_generated/mypy_cache/3.11/jinja2/parser.meta.json,99_quarantine/unused_generated/mypy_cache/3.11/jinja2/965_20260711_v05_parser_meta.json,965,20260711,v05,normalized retained research artifact name,renamed
/Users/tstakuma/Desktop/github/research/99_quarantine/unused_generated/mypy_cache/3.11/jinja2/runtime.data.json,/Users/tstakuma/Desktop/github/research/99_quarantine/unused_generated/mypy_cache/3.11/jinja2/966_20260711_v05_runtime_data.json,99_quarantine/unused_generated/mypy_cache/3.11/jinja2/runtime.data.json,99_quarantine/unused_generated/mypy_cache/3.11/jinja2/966_20260711_v05_runtime_data.json,966,20260711,v05,normalized retained research artifact name,renamed
/Users/tstakuma/Desktop/github/research/99_quarantine/unused_generated/mypy_cache/3.11/jinja2/runtime.meta.json,/Users/tstakuma/Desktop/github/research/99_quarantine/unused_generated/mypy_cache/3.11/jinja2/967_20260711_v05_runtime_meta.json,99_quarantine/unused_generated/mypy_cache/3.11/jinja2/runtime.meta.json,99_quarantine/unused_generated/mypy_cache/3.11/jinja2/967_20260711_v05_runtime_meta.json,967,20260711,v05,normalized retained research artifact name,renamed
/Users/tstakuma/Desktop/github/research/99_quarantine/unused_generated/mypy_cache/3.11/jinja2/sandbox.data.json,/Users/tstakuma/Desktop/github/research/99_quarantine/unused_generated/mypy_cache/3.11/jinja2/968_20260711_v05_sandbox_data.json,99_quarantine/unused_generated/mypy_cache/3.11/jinja2/sandbox.data.json,99_quarantine/unused_generated/mypy_cache/3.11/jinja2/968_20260711_v05_sandbox_data.json,968,20260711,v05,normalized retained research artifact name,renamed
/Users/tstakuma/Desktop/github/research/99_quarantine/unused_generated/mypy_cache/3.11/jinja2/sandbox.meta.json,/Users/tstakuma/Desktop/github/research/99_quarantine/unused_generated/mypy_cache/3.11/jinja2/969_20260711_v05_sandbox_meta.json,99_quarantine/unused_generated/mypy_cache/3.11/jinja2/sandbox.meta.json,99_quarantine/unused_generated/mypy_cache/3.11/jinja2/969_20260711_v05_sandbox_meta.json,969,20260711,v05,normalized retained research artifact name,renamed
/Users/tstakuma/Desktop/github/research/99_quarantine/unused_generated/mypy_cache/3.11/jinja2/tests.data.json,/Users/tstakuma/Desktop/github/research/99_quarantine/unused_generated/mypy_cache/3.11/jinja2/970_20260711_v05_tests_data.json,99_quarantine/unused_generated/mypy_cache/3.11/jinja2/tests.data.json,99_quarantine/unused_generated/mypy_cache/3.11/jinja2/970_20260711_v05_tests_data.json,970,20260711,v05,normalized retained research artifact name,renamed
/Users/tstakuma/Desktop/github/research/99_quarantine/unused_generated/mypy_cache/3.11/jinja2/tests.meta.json,/Users/tstakuma/Desktop/github/research/99_quarantine/unused_generated/mypy_cache/3.11/jinja2/971_20260711_v05_tests_meta.json,99_quarantine/unused_generated/mypy_cache/3.11/jinja2/tests.meta.json,99_quarantine/unused_generated/mypy_cache/3.11/jinja2/971_20260711_v05_tests_meta.json,971,20260711,v05,normalized retained research artifact name,renamed
/Users/tstakuma/Desktop/github/research/99_quarantine/unused_generated/mypy_cache/3.11/jinja2/utils.data.json,/Users/tstakuma/Desktop/github/research/99_quarantine/unused_generated/mypy_cache/3.11/jinja2/972_20260711_v05_utils_data.json,99_quarantine/unused_generated/mypy_cache/3.11/jinja2/utils.data.json,99_quarantine/unused_generated/mypy_cache/3.11/jinja2/972_20260711_v05_utils_data.json,972,20260711,v05,normalized retained research artifact name,renamed
/Users/tstakuma/Desktop/github/research/99_quarantine/unused_generated/mypy_cache/3.11/jinja2/utils.meta.json,/Users/tstakuma/Desktop/github/research/99_quarantine/unused_generated/mypy_cache/3.11/jinja2/973_20260711_v05_utils_meta.json,99_quarantine/unused_generated/mypy_cache/3.11/jinja2/utils.meta.json,99_quarantine/unused_generated/mypy_cache/3.11/jinja2/973_20260711_v05_utils_meta.json,973,20260711,v05,normalized retained research artifact name,renamed
/Users/tstakuma/Desktop/github/research/99_quarantine/unused_generated/mypy_cache/3.11/jinja2/visitor.data.json,/Users/tstakuma/Desktop/github/research/99_quarantine/unused_generated/mypy_cache/3.11/jinja2/974_20260711_v05_visitor_data.json,99_quarantine/unused_generated/mypy_cache/3.11/jinja2/visitor.data.json,99_quarantine/unused_generated/mypy_cache/3.11/jinja2/974_20260711_v05_visitor_data.json,974,20260711,v05,normalized retained research artifact name,renamed
/Users/tstakuma/Desktop/github/research/99_quarantine/unused_generated/mypy_cache/3.11/jinja2/visitor.meta.json,/Users/tstakuma/Desktop/github/research/99_quarantine/unused_generated/mypy_cache/3.11/jinja2/975_20260711_v05_visitor_meta.json,99_quarantine/unused_generated/mypy_cache/3.11/jinja2/visitor.meta.json,99_quarantine/unused_generated/mypy_cache/3.11/jinja2/975_20260711_v05_visitor_meta.json,975,20260711,v05,normalized retained research artifact name,renamed
/Users/tstakuma/Desktop/github/research/99_quarantine/unused_generated/mypy_cache/3.11/json/__init__.data.json,/Users/tstakuma/Desktop/github/research/99_quarantine/unused_generated/mypy_cache/3.11/json/976_20260711_v05_init_data.json,99_quarantine/unused_generated/mypy_cache/3.11/json/__init__.data.json,99_quarantine/unused_generated/mypy_cache/3.11/json/976_20260711_v05_init_data.json,976,20260711,v05,normalized retained research artifact name,renamed
/Users/tstakuma/Desktop/github/research/99_quarantine/unused_generated/mypy_cache/3.11/json/__init__.meta.json,/Users/tstakuma/Desktop/github/research/99_quarantine/unused_generated/mypy_cache/3.11/json/977_20260711_v05_init_meta.json,99_quarantine/unused_generated/mypy_cache/3.11/json/__init__.meta.json,99_quarantine/unused_generated/mypy_cache/3.11/json/977_20260711_v05_init_meta.json,977,20260711,v05,normalized retained research artifact name,renamed
/Users/tstakuma/Desktop/github/research/99_quarantine/unused_generated/mypy_cache/3.11/json/decoder.data.json,/Users/tstakuma/Desktop/github/research/99_quarantine/unused_generated/mypy_cache/3.11/json/978_20260711_v05_decoder_data.json,99_quarantine/unused_generated/mypy_cache/3.11/json/decoder.data.json,99_quarantine/unused_generated/mypy_cache/3.11/json/978_20260711_v05_decoder_data.json,978,20260711,v05,normalized retained research artifact name,renamed
/Users/tstakuma/Desktop/github/research/99_quarantine/unused_generated/mypy_cache/3.11/json/decoder.meta.json,/Users/tstakuma/Desktop/github/research/99_quarantine/unused_generated/mypy_cache/3.11/json/979_20260711_v05_decoder_meta.json,99_quarantine/unused_generated/mypy_cache/3.11/json/decoder.meta.json,99_quarantine/unused_generated/mypy_cache/3.11/json/979_20260711_v05_decoder_meta.json,979,20260711,v05,normalized retained research artifact name,renamed
/Users/tstakuma/Desktop/github/research/99_quarantine/unused_generated/mypy_cache/3.11/json/encoder.data.json,/Users/tstakuma/Desktop/github/research/99_quarantine/unused_generated/mypy_cache/3.11/json/980_20260711_v05_encoder_data.json,99_quarantine/unused_generated/mypy_cache/3.11/json/encoder.data.json,99_quarantine/unused_generated/mypy_cache/3.11/json/980_20260711_v05_encoder_data.json,980,20260711,v05,normalized retained research artifact name,renamed
/Users/tstakuma/Desktop/github/research/99_quarantine/unused_generated/mypy_cache/3.11/json/encoder.meta.json,/Users/tstakuma/Desktop/github/research/99_quarantine/unused_generated/mypy_cache/3.11/json/981_20260711_v05_encoder_meta.json,99_quarantine/unused_generated/mypy_cache/3.11/json/encoder.meta.json,99_quarantine/unused_generated/mypy_cache/3.11/json/981_20260711_v05_encoder_meta.json,981,20260711,v05,normalized retained research artifact name,renamed
/Users/tstakuma/Desktop/github/research/99_quarantine/unused_generated/mypy_cache/3.11/keyword.data.json,/Users/tstakuma/Desktop/github/research/99_quarantine/unused_generated/mypy_cache/3.11/982_20260711_v05_keyword_data.json,99_quarantine/unused_generated/mypy_cache/3.11/keyword.data.json,99_quarantine/unused_generated/mypy_cache/3.11/982_20260711_v05_keyword_data.json,982,20260711,v05,normalized retained research artifact name,renamed
/Users/tstakuma/Desktop/github/research/99_quarantine/unused_generated/mypy_cache/3.11/keyword.meta.json,/Users/tstakuma/Desktop/github/research/99_quarantine/unused_generated/mypy_cache/3.11/983_20260711_v05_keyword_meta.json,99_quarantine/unused_generated/mypy_cache/3.11/keyword.meta.json,99_quarantine/unused_generated/mypy_cache/3.11/983_20260711_v05_keyword_meta.json,983,20260711,v05,normalized retained research artifact name,renamed
/Users/tstakuma/Desktop/github/research/99_quarantine/unused_generated/mypy_cache/3.11/logging/__init__.data.json,/Users/tstakuma/Desktop/github/research/99_quarantine/unused_generated/mypy_cache/3.11/logging/984_20260711_v05_init_data.json,99_quarantine/unused_generated/mypy_cache/3.11/logging/__init__.data.json,99_quarantine/unused_generated/mypy_cache/3.11/logging/984_20260711_v05_init_data.json,984,20260711,v05,normalized retained research artifact name,renamed
/Users/tstakuma/Desktop/github/research/99_quarantine/unused_generated/mypy_cache/3.11/logging/__init__.meta.json,/Users/tstakuma/Desktop/github/research/99_quarantine/unused_generated/mypy_cache/3.11/logging/985_20260711_v05_init_meta.json,99_quarantine/unused_generated/mypy_cache/3.11/logging/__init__.meta.json,99_quarantine/unused_generated/mypy_cache/3.11/logging/985_20260711_v05_init_meta.json,985,20260711,v05,normalized retained research artifact name,renamed
/Users/tstakuma/Desktop/github/research/99_quarantine/unused_generated/mypy_cache/3.11/markupsafe/__init__.data.json,/Users/tstakuma/Desktop/github/research/99_quarantine/unused_generated/mypy_cache/3.11/markupsafe/986_20260711_v05_init_data.json,99_quarantine/unused_generated/mypy_cache/3.11/markupsafe/__init__.data.json,99_quarantine/unused_generated/mypy_cache/3.11/markupsafe/986_20260711_v05_init_data.json,986,20260711,v05,normalized retained research artifact name,renamed
/Users/tstakuma/Desktop/github/research/99_quarantine/unused_generated/mypy_cache/3.11/markupsafe/__init__.meta.json,/Users/tstakuma/Desktop/github/research/99_quarantine/unused_generated/mypy_cache/3.11/markupsafe/987_20260711_v05_init_meta.json,99_quarantine/unused_generated/mypy_cache/3.11/markupsafe/__init__.meta.json,99_quarantine/unused_generated/mypy_cache/3.11/markupsafe/987_20260711_v05_init_meta.json,987,20260711,v05,normalized retained research artifact name,renamed
/Users/tstakuma/Desktop/github/research/99_quarantine/unused_generated/mypy_cache/3.11/markupsafe/_native.data.json,/Users/tstakuma/Desktop/github/research/99_quarantine/unused_generated/mypy_cache/3.11/markupsafe/988_20260711_v05_native_data.json,99_quarantine/unused_generated/mypy_cache/3.11/markupsafe/_native.data.json,99_quarantine/unused_generated/mypy_cache/3.11/markupsafe/988_20260711_v05_native_data.json,988,20260711,v05,normalized retained research artifact name,renamed
/Users/tstakuma/Desktop/github/research/99_quarantine/unused_generated/mypy_cache/3.11/markupsafe/_native.meta.json,/Users/tstakuma/Desktop/github/research/99_quarantine/unused_generated/mypy_cache/3.11/markupsafe/989_20260711_v05_native_meta.json,99_quarantine/unused_generated/mypy_cache/3.11/markupsafe/_native.meta.json,99_quarantine/unused_generated/mypy_cache/3.11/markupsafe/989_20260711_v05_native_meta.json,989,20260711,v05,normalized retained research artifact name,renamed
/Users/tstakuma/Desktop/github/research/99_quarantine/unused_generated/mypy_cache/3.11/markupsafe/_speedups.data.json,/Users/tstakuma/Desktop/github/research/99_quarantine/unused_generated/mypy_cache/3.11/markupsafe/990_20260711_v05_speedups_data.json,99_quarantine/unused_generated/mypy_cache/3.11/markupsafe/_speedups.data.json,99_quarantine/unused_generated/mypy_cache/3.11/markupsafe/990_20260711_v05_speedups_data.json,990,20260711,v05,normalized retained research artifact name,renamed
/Users/tstakuma/Desktop/github/research/99_quarantine/unused_generated/mypy_cache/3.11/markupsafe/_speedups.meta.json,/Users/tstakuma/Desktop/github/research/99_quarantine/unused_generated/mypy_cache/3.11/markupsafe/991_20260711_v05_speedups_meta.json,99_quarantine/unused_generated/mypy_cache/3.11/markupsafe/_speedups.meta.json,99_quarantine/unused_generated/mypy_cache/3.11/markupsafe/991_20260711_v05_speedups_meta.json,991,20260711,v05,normalized retained research artifact name,renamed
/Users/tstakuma/Desktop/github/research/99_quarantine/unused_generated/mypy_cache/3.11/marshal.data.json,/Users/tstakuma/Desktop/github/research/99_quarantine/unused_generated/mypy_cache/3.11/992_20260711_v05_marshal_data.json,99_quarantine/unused_generated/mypy_cache/3.11/marshal.data.json,99_quarantine/unused_generated/mypy_cache/3.11/992_20260711_v05_marshal_data.json,992,20260711,v05,normalized retained research artifact name,renamed
/Users/tstakuma/Desktop/github/research/99_quarantine/unused_generated/mypy_cache/3.11/marshal.meta.json,/Users/tstakuma/Desktop/github/research/99_quarantine/unused_generated/mypy_cache/3.11/993_20260711_v05_marshal_meta.json,99_quarantine/unused_generated/mypy_cache/3.11/marshal.meta.json,99_quarantine/unused_generated/mypy_cache/3.11/993_20260711_v05_marshal_meta.json,993,20260711,v05,normalized retained research artifact name,renamed
/Users/tstakuma/Desktop/github/research/99_quarantine/unused_generated/mypy_cache/3.11/math.data.json,/Users/tstakuma/Desktop/github/research/99_quarantine/unused_generated/mypy_cache/3.11/994_20260711_v05_math_data.json,99_quarantine/unused_generated/mypy_cache/3.11/math.data.json,99_quarantine/unused_generated/mypy_cache/3.11/994_20260711_v05_math_data.json,994,20260711,v05,normalized retained research artifact name,renamed
/Users/tstakuma/Desktop/github/research/99_quarantine/unused_generated/mypy_cache/3.11/math.meta.json,/Users/tstakuma/Desktop/github/research/99_quarantine/unused_generated/mypy_cache/3.11/995_20260711_v05_math_meta.json,99_quarantine/unused_generated/mypy_cache/3.11/math.meta.json,99_quarantine/unused_generated/mypy_cache/3.11/995_20260711_v05_math_meta.json,995,20260711,v05,normalized retained research artifact name,renamed
/Users/tstakuma/Desktop/github/research/99_quarantine/unused_generated/mypy_cache/3.11/matplotlib/__init__.data.json,/Users/tstakuma/Desktop/github/research/99_quarantine/unused_generated/mypy_cache/3.11/matplotlib/996_20260711_v05_init_data.json,99_quarantine/unused_generated/mypy_cache/3.11/matplotlib/__init__.data.json,99_quarantine/unused_generated/mypy_cache/3.11/matplotlib/996_20260711_v05_init_data.json,996,20260711,v05,normalized retained research artifact name,renamed
/Users/tstakuma/Desktop/github/research/99_quarantine/unused_generated/mypy_cache/3.11/matplotlib/__init__.meta.json,/Users/tstakuma/Desktop/github/research/99_quarantine/unused_generated/mypy_cache/3.11/matplotlib/997_20260711_v05_init_meta.json,99_quarantine/unused_generated/mypy_cache/3.11/matplotlib/__init__.meta.json,99_quarantine/unused_generated/mypy_cache/3.11/matplotlib/997_20260711_v05_init_meta.json,997,20260711,v05,normalized retained research artifact name,renamed
/Users/tstakuma/Desktop/github/research/99_quarantine/unused_generated/mypy_cache/3.11/matplotlib/_afm.data.json,/Users/tstakuma/Desktop/github/research/99_quarantine/unused_generated/mypy_cache/3.11/matplotlib/998_20260711_v05_afm_data.json,99_quarantine/unused_generated/mypy_cache/3.11/matplotlib/_afm.data.json,99_quarantine/unused_generated/mypy_cache/3.11/matplotlib/998_20260711_v05_afm_data.json,998,20260711,v05,normalized retained research artifact name,renamed
/Users/tstakuma/Desktop/github/research/99_quarantine/unused_generated/mypy_cache/3.11/matplotlib/_afm.meta.json,/Users/tstakuma/Desktop/github/research/99_quarantine/unused_generated/mypy_cache/3.11/matplotlib/999_20260711_v05_afm_meta.json,99_quarantine/unused_generated/mypy_cache/3.11/matplotlib/_afm.meta.json,99_quarantine/unused_generated/mypy_cache/3.11/matplotlib/999_20260711_v05_afm_meta.json,999,20260711,v05,normalized retained research artifact name,renamed
/Users/tstakuma/Desktop/github/research/99_quarantine/unused_generated/mypy_cache/3.11/matplotlib/_api/__init__.data.json,/Users/tstakuma/Desktop/github/research/99_quarantine/unused_generated/mypy_cache/3.11/matplotlib/_api/950_20260711_v06_init_data.json,99_quarantine/unused_generated/mypy_cache/3.11/matplotlib/_api/__init__.data.json,99_quarantine/unused_generated/mypy_cache/3.11/matplotlib/_api/950_20260711_v06_init_data.json,950,20260711,v06,normalized retained research artifact name,renamed
/Users/tstakuma/Desktop/github/research/99_quarantine/unused_generated/mypy_cache/3.11/matplotlib/_api/__init__.meta.json,/Users/tstakuma/Desktop/github/research/99_quarantine/unused_generated/mypy_cache/3.11/matplotlib/_api/951_20260711_v06_init_meta.json,99_quarantine/unused_generated/mypy_cache/3.11/matplotlib/_api/__init__.meta.json,99_quarantine/unused_generated/mypy_cache/3.11/matplotlib/_api/951_20260711_v06_init_meta.json,951,20260711,v06,normalized retained research artifact name,renamed
/Users/tstakuma/Desktop/github/research/99_quarantine/unused_generated/mypy_cache/3.11/matplotlib/_api/deprecation.data.json,/Users/tstakuma/Desktop/github/research/99_quarantine/unused_generated/mypy_cache/3.11/matplotlib/_api/952_20260711_v06_deprecation_data.json,99_quarantine/unused_generated/mypy_cache/3.11/matplotlib/_api/deprecation.data.json,99_quarantine/unused_generated/mypy_cache/3.11/matplotlib/_api/952_20260711_v06_deprecation_data.json,952,20260711,v06,normalized retained research artifact name,renamed
/Users/tstakuma/Desktop/github/research/99_quarantine/unused_generated/mypy_cache/3.11/matplotlib/_api/deprecation.meta.json,/Users/tstakuma/Desktop/github/research/99_quarantine/unused_generated/mypy_cache/3.11/matplotlib/_api/953_20260711_v06_deprecation_meta.json,99_quarantine/unused_generated/mypy_cache/3.11/matplotlib/_api/deprecation.meta.json,99_quarantine/unused_generated/mypy_cache/3.11/matplotlib/_api/953_20260711_v06_deprecation_meta.json,953,20260711,v06,normalized retained research artifact name,renamed
/Users/tstakuma/Desktop/github/research/99_quarantine/unused_generated/mypy_cache/3.11/matplotlib/_docstring.data.json,/Users/tstakuma/Desktop/github/research/99_quarantine/unused_generated/mypy_cache/3.11/matplotlib/954_20260711_v06_docstring_data.json,99_quarantine/unused_generated/mypy_cache/3.11/matplotlib/_docstring.data.json,99_quarantine/unused_generated/mypy_cache/3.11/matplotlib/954_20260711_v06_docstring_data.json,954,20260711,v06,normalized retained research artifact name,renamed
/Users/tstakuma/Desktop/github/research/99_quarantine/unused_generated/mypy_cache/3.11/matplotlib/_docstring.meta.json,/Users/tstakuma/Desktop/github/research/99_quarantine/unused_generated/mypy_cache/3.11/matplotlib/955_20260711_v06_docstring_meta.json,99_quarantine/unused_generated/mypy_cache/3.11/matplotlib/_docstring.meta.json,99_quarantine/unused_generated/mypy_cache/3.11/matplotlib/955_20260711_v06_docstring_meta.json,955,20260711,v06,normalized retained research artifact name,renamed
/Users/tstakuma/Desktop/github/research/99_quarantine/unused_generated/mypy_cache/3.11/matplotlib/_enums.data.json,/Users/tstakuma/Desktop/github/research/99_quarantine/unused_generated/mypy_cache/3.11/matplotlib/956_20260711_v06_enums_data.json,99_quarantine/unused_generated/mypy_cache/3.11/matplotlib/_enums.data.json,99_quarantine/unused_generated/mypy_cache/3.11/matplotlib/956_20260711_v06_enums_data.json,956,20260711,v06,normalized retained research artifact name,renamed
/Users/tstakuma/Desktop/github/research/99_quarantine/unused_generated/mypy_cache/3.11/matplotlib/_enums.meta.json,/Users/tstakuma/Desktop/github/research/99_quarantine/unused_generated/mypy_cache/3.11/matplotlib/957_20260711_v06_enums_meta.json,99_quarantine/unused_generated/mypy_cache/3.11/matplotlib/_enums.meta.json,99_quarantine/unused_generated/mypy_cache/3.11/matplotlib/957_20260711_v06_enums_meta.json,957,20260711,v06,normalized retained research artifact name,renamed
/Users/tstakuma/Desktop/github/research/99_quarantine/unused_generated/mypy_cache/3.11/matplotlib/_mathtext.data.json,/Users/tstakuma/Desktop/github/research/99_quarantine/unused_generated/mypy_cache/3.11/matplotlib/958_20260711_v06_mathtext_data.json,99_quarantine/unused_generated/mypy_cache/3.11/matplotlib/_mathtext.data.json,99_quarantine/unused_generated/mypy_cache/3.11/matplotlib/958_20260711_v06_mathtext_data.json,958,20260711,v06,normalized retained research artifact name,renamed
/Users/tstakuma/Desktop/github/research/99_quarantine/unused_generated/mypy_cache/3.11/matplotlib/_mathtext.meta.json,/Users/tstakuma/Desktop/github/research/99_quarantine/unused_generated/mypy_cache/3.11/matplotlib/959_20260711_v06_mathtext_meta.json,99_quarantine/unused_generated/mypy_cache/3.11/matplotlib/_mathtext.meta.json,99_quarantine/unused_generated/mypy_cache/3.11/matplotlib/959_20260711_v06_mathtext_meta.json,959,20260711,v06,normalized retained research artifact name,renamed
/Users/tstakuma/Desktop/github/research/99_quarantine/unused_generated/mypy_cache/3.11/matplotlib/_mathtext_data.data.json,/Users/tstakuma/Desktop/github/research/99_quarantine/unused_generated/mypy_cache/3.11/matplotlib/960_20260711_v06_mathtext_data_data.json,99_quarantine/unused_generated/mypy_cache/3.11/matplotlib/_mathtext_data.data.json,99_quarantine/unused_generated/mypy_cache/3.11/matplotlib/960_20260711_v06_mathtext_data_data.json,960,20260711,v06,normalized retained research artifact name,renamed
/Users/tstakuma/Desktop/github/research/99_quarantine/unused_generated/mypy_cache/3.11/matplotlib/_mathtext_data.meta.json,/Users/tstakuma/Desktop/github/research/99_quarantine/unused_generated/mypy_cache/3.11/matplotlib/961_20260711_v06_mathtext_data_meta.json,99_quarantine/unused_generated/mypy_cache/3.11/matplotlib/_mathtext_data.meta.json,99_quarantine/unused_generated/mypy_cache/3.11/matplotlib/961_20260711_v06_mathtext_data_meta.json,961,20260711,v06,normalized retained research artifact name,renamed
/Users/tstakuma/Desktop/github/research/99_quarantine/unused_generated/mypy_cache/3.11/matplotlib/_pylab_helpers.data.json,/Users/tstakuma/Desktop/github/research/99_quarantine/unused_generated/mypy_cache/3.11/matplotlib/962_20260711_v06_pylab_helpers_data.json,99_quarantine/unused_generated/mypy_cache/3.11/matplotlib/_pylab_helpers.data.json,99_quarantine/unused_generated/mypy_cache/3.11/matplotlib/962_20260711_v06_pylab_helpers_data.json,962,20260711,v06,normalized retained research artifact name,renamed
/Users/tstakuma/Desktop/github/research/99_quarantine/unused_generated/mypy_cache/3.11/matplotlib/_pylab_helpers.meta.json,/Users/tstakuma/Desktop/github/research/99_quarantine/unused_generated/mypy_cache/3.11/matplotlib/963_20260711_v06_pylab_helpers_meta.json,99_quarantine/unused_generated/mypy_cache/3.11/matplotlib/_pylab_helpers.meta.json,99_quarantine/unused_generated/mypy_cache/3.11/matplotlib/963_20260711_v06_pylab_helpers_meta.json,963,20260711,v06,normalized retained research artifact name,renamed
/Users/tstakuma/Desktop/github/research/99_quarantine/unused_generated/mypy_cache/3.11/matplotlib/_tri.data.json,/Users/tstakuma/Desktop/github/research/99_quarantine/unused_generated/mypy_cache/3.11/matplotlib/964_20260711_v06_tri_data.json,99_quarantine/unused_generated/mypy_cache/3.11/matplotlib/_tri.data.json,99_quarantine/unused_generated/mypy_cache/3.11/matplotlib/964_20260711_v06_tri_data.json,964,20260711,v06,normalized retained research artifact name,renamed
/Users/tstakuma/Desktop/github/research/99_quarantine/unused_generated/mypy_cache/3.11/matplotlib/_tri.meta.json,/Users/tstakuma/Desktop/github/research/99_quarantine/unused_generated/mypy_cache/3.11/matplotlib/965_20260711_v06_tri_meta.json,99_quarantine/unused_generated/mypy_cache/3.11/matplotlib/_tri.meta.json,99_quarantine/unused_generated/mypy_cache/3.11/matplotlib/965_20260711_v06_tri_meta.json,965,20260711,v06,normalized retained research artifact name,renamed
/Users/tstakuma/Desktop/github/research/99_quarantine/unused_generated/mypy_cache/3.11/matplotlib/artist.data.json,/Users/tstakuma/Desktop/github/research/99_quarantine/unused_generated/mypy_cache/3.11/matplotlib/966_20260711_v06_artist_data.json,99_quarantine/unused_generated/mypy_cache/3.11/matplotlib/artist.data.json,99_quarantine/unused_generated/mypy_cache/3.11/matplotlib/966_20260711_v06_artist_data.json,966,20260711,v06,normalized retained research artifact name,renamed
/Users/tstakuma/Desktop/github/research/99_quarantine/unused_generated/mypy_cache/3.11/matplotlib/artist.meta.json,/Users/tstakuma/Desktop/github/research/99_quarantine/unused_generated/mypy_cache/3.11/matplotlib/967_20260711_v06_artist_meta.json,99_quarantine/unused_generated/mypy_cache/3.11/matplotlib/artist.meta.json,99_quarantine/unused_generated/mypy_cache/3.11/matplotlib/967_20260711_v06_artist_meta.json,967,20260711,v06,normalized retained research artifact name,renamed
/Users/tstakuma/Desktop/github/research/99_quarantine/unused_generated/mypy_cache/3.11/matplotlib/axes/__init__.data.json,/Users/tstakuma/Desktop/github/research/99_quarantine/unused_generated/mypy_cache/3.11/matplotlib/axes/968_20260711_v06_init_data.json,99_quarantine/unused_generated/mypy_cache/3.11/matplotlib/axes/__init__.data.json,99_quarantine/unused_generated/mypy_cache/3.11/matplotlib/axes/968_20260711_v06_init_data.json,968,20260711,v06,normalized retained research artifact name,renamed
/Users/tstakuma/Desktop/github/research/99_quarantine/unused_generated/mypy_cache/3.11/matplotlib/axes/__init__.meta.json,/Users/tstakuma/Desktop/github/research/99_quarantine/unused_generated/mypy_cache/3.11/matplotlib/axes/969_20260711_v06_init_meta.json,99_quarantine/unused_generated/mypy_cache/3.11/matplotlib/axes/__init__.meta.json,99_quarantine/unused_generated/mypy_cache/3.11/matplotlib/axes/969_20260711_v06_init_meta.json,969,20260711,v06,normalized retained research artifact name,renamed
/Users/tstakuma/Desktop/github/research/99_quarantine/unused_generated/mypy_cache/3.11/matplotlib/axes/_axes.data.json,/Users/tstakuma/Desktop/github/research/99_quarantine/unused_generated/mypy_cache/3.11/matplotlib/axes/970_20260711_v06_axes_data.json,99_quarantine/unused_generated/mypy_cache/3.11/matplotlib/axes/_axes.data.json,99_quarantine/unused_generated/mypy_cache/3.11/matplotlib/axes/970_20260711_v06_axes_data.json,970,20260711,v06,normalized retained research artifact name,renamed
/Users/tstakuma/Desktop/github/research/99_quarantine/unused_generated/mypy_cache/3.11/matplotlib/axes/_axes.meta.json,/Users/tstakuma/Desktop/github/research/99_quarantine/unused_generated/mypy_cache/3.11/matplotlib/axes/971_20260711_v06_axes_meta.json,99_quarantine/unused_generated/mypy_cache/3.11/matplotlib/axes/_axes.meta.json,99_quarantine/unused_generated/mypy_cache/3.11/matplotlib/axes/971_20260711_v06_axes_meta.json,971,20260711,v06,normalized retained research artifact name,renamed
/Users/tstakuma/Desktop/github/research/99_quarantine/unused_generated/mypy_cache/3.11/matplotlib/axes/_base.data.json,/Users/tstakuma/Desktop/github/research/99_quarantine/unused_generated/mypy_cache/3.11/matplotlib/axes/972_20260711_v06_base_data.json,99_quarantine/unused_generated/mypy_cache/3.11/matplotlib/axes/_base.data.json,99_quarantine/unused_generated/mypy_cache/3.11/matplotlib/axes/972_20260711_v06_base_data.json,972,20260711,v06,normalized retained research artifact name,renamed
/Users/tstakuma/Desktop/github/research/99_quarantine/unused_generated/mypy_cache/3.11/matplotlib/axes/_base.meta.json,/Users/tstakuma/Desktop/github/research/99_quarantine/unused_generated/mypy_cache/3.11/matplotlib/axes/973_20260711_v06_base_meta.json,99_quarantine/unused_generated/mypy_cache/3.11/matplotlib/axes/_base.meta.json,99_quarantine/unused_generated/mypy_cache/3.11/matplotlib/axes/973_20260711_v06_base_meta.json,973,20260711,v06,normalized retained research artifact name,renamed
/Users/tstakuma/Desktop/github/research/99_quarantine/unused_generated/mypy_cache/3.11/matplotlib/axes/_secondary_axes.data.json,/Users/tstakuma/Desktop/github/research/99_quarantine/unused_generated/mypy_cache/3.11/matplotlib/axes/974_20260711_v06_secondary_axes_data.json,99_quarantine/unused_generated/mypy_cache/3.11/matplotlib/axes/_secondary_axes.data.json,99_quarantine/unused_generated/mypy_cache/3.11/matplotlib/axes/974_20260711_v06_secondary_axes_data.json,974,20260711,v06,normalized retained research artifact name,renamed
/Users/tstakuma/Desktop/github/research/99_quarantine/unused_generated/mypy_cache/3.11/matplotlib/axes/_secondary_axes.meta.json,/Users/tstakuma/Desktop/github/research/99_quarantine/unused_generated/mypy_cache/3.11/matplotlib/axes/975_20260711_v06_secondary_axes_meta.json,99_quarantine/unused_generated/mypy_cache/3.11/matplotlib/axes/_secondary_axes.meta.json,99_quarantine/unused_generated/mypy_cache/3.11/matplotlib/axes/975_20260711_v06_secondary_axes_meta.json,975,20260711,v06,normalized retained research artifact name,renamed
/Users/tstakuma/Desktop/github/research/99_quarantine/unused_generated/mypy_cache/3.11/matplotlib/axis.data.json,/Users/tstakuma/Desktop/github/research/99_quarantine/unused_generated/mypy_cache/3.11/matplotlib/976_20260711_v06_axis_data.json,99_quarantine/unused_generated/mypy_cache/3.11/matplotlib/axis.data.json,99_quarantine/unused_generated/mypy_cache/3.11/matplotlib/976_20260711_v06_axis_data.json,976,20260711,v06,normalized retained research artifact name,renamed
/Users/tstakuma/Desktop/github/research/99_quarantine/unused_generated/mypy_cache/3.11/matplotlib/axis.meta.json,/Users/tstakuma/Desktop/github/research/99_quarantine/unused_generated/mypy_cache/3.11/matplotlib/977_20260711_v06_axis_meta.json,99_quarantine/unused_generated/mypy_cache/3.11/matplotlib/axis.meta.json,99_quarantine/unused_generated/mypy_cache/3.11/matplotlib/977_20260711_v06_axis_meta.json,977,20260711,v06,normalized retained research artifact name,renamed
/Users/tstakuma/Desktop/github/research/99_quarantine/unused_generated/mypy_cache/3.11/matplotlib/backend_bases.data.json,/Users/tstakuma/Desktop/github/research/99_quarantine/unused_generated/mypy_cache/3.11/matplotlib/978_20260711_v06_backend_bases_data.json,99_quarantine/unused_generated/mypy_cache/3.11/matplotlib/backend_bases.data.json,99_quarantine/unused_generated/mypy_cache/3.11/matplotlib/978_20260711_v06_backend_bases_data.json,978,20260711,v06,normalized retained research artifact name,renamed
/Users/tstakuma/Desktop/github/research/99_quarantine/unused_generated/mypy_cache/3.11/matplotlib/backend_bases.meta.json,/Users/tstakuma/Desktop/github/research/99_quarantine/unused_generated/mypy_cache/3.11/matplotlib/979_20260711_v06_backend_bases_meta.json,99_quarantine/unused_generated/mypy_cache/3.11/matplotlib/backend_bases.meta.json,99_quarantine/unused_generated/mypy_cache/3.11/matplotlib/979_20260711_v06_backend_bases_meta.json,979,20260711,v06,normalized retained research artifact name,renamed
/Users/tstakuma/Desktop/github/research/99_quarantine/unused_generated/mypy_cache/3.11/matplotlib/backend_managers.data.json,/Users/tstakuma/Desktop/github/research/99_quarantine/unused_generated/mypy_cache/3.11/matplotlib/980_20260711_v06_backend_managers_data.json,99_quarantine/unused_generated/mypy_cache/3.11/matplotlib/backend_managers.data.json,99_quarantine/unused_generated/mypy_cache/3.11/matplotlib/980_20260711_v06_backend_managers_data.json,980,20260711,v06,normalized retained research artifact name,renamed
/Users/tstakuma/Desktop/github/research/99_quarantine/unused_generated/mypy_cache/3.11/matplotlib/backend_managers.meta.json,/Users/tstakuma/Desktop/github/research/99_quarantine/unused_generated/mypy_cache/3.11/matplotlib/981_20260711_v06_backend_managers_meta.json,99_quarantine/unused_generated/mypy_cache/3.11/matplotlib/backend_managers.meta.json,99_quarantine/unused_generated/mypy_cache/3.11/matplotlib/981_20260711_v06_backend_managers_meta.json,981,20260711,v06,normalized retained research artifact name,renamed
/Users/tstakuma/Desktop/github/research/99_quarantine/unused_generated/mypy_cache/3.11/matplotlib/backend_tools.data.json,/Users/tstakuma/Desktop/github/research/99_quarantine/unused_generated/mypy_cache/3.11/matplotlib/982_20260711_v06_backend_tools_data.json,99_quarantine/unused_generated/mypy_cache/3.11/matplotlib/backend_tools.data.json,99_quarantine/unused_generated/mypy_cache/3.11/matplotlib/982_20260711_v06_backend_tools_data.json,982,20260711,v06,normalized retained research artifact name,renamed
/Users/tstakuma/Desktop/github/research/99_quarantine/unused_generated/mypy_cache/3.11/matplotlib/backend_tools.meta.json,/Users/tstakuma/Desktop/github/research/99_quarantine/unused_generated/mypy_cache/3.11/matplotlib/983_20260711_v06_backend_tools_meta.json,99_quarantine/unused_generated/mypy_cache/3.11/matplotlib/backend_tools.meta.json,99_quarantine/unused_generated/mypy_cache/3.11/matplotlib/983_20260711_v06_backend_tools_meta.json,983,20260711,v06,normalized retained research artifact name,renamed
/Users/tstakuma/Desktop/github/research/99_quarantine/unused_generated/mypy_cache/3.11/matplotlib/backends/__init__.data.json,/Users/tstakuma/Desktop/github/research/99_quarantine/unused_generated/mypy_cache/3.11/matplotlib/backends/984_20260711_v06_init_data.json,99_quarantine/unused_generated/mypy_cache/3.11/matplotlib/backends/__init__.data.json,99_quarantine/unused_generated/mypy_cache/3.11/matplotlib/backends/984_20260711_v06_init_data.json,984,20260711,v06,normalized retained research artifact name,renamed
/Users/tstakuma/Desktop/github/research/99_quarantine/unused_generated/mypy_cache/3.11/matplotlib/backends/__init__.meta.json,/Users/tstakuma/Desktop/github/research/99_quarantine/unused_generated/mypy_cache/3.11/matplotlib/backends/985_20260711_v06_init_meta.json,99_quarantine/unused_generated/mypy_cache/3.11/matplotlib/backends/__init__.meta.json,99_quarantine/unused_generated/mypy_cache/3.11/matplotlib/backends/985_20260711_v06_init_meta.json,985,20260711,v06,normalized retained research artifact name,renamed
/Users/tstakuma/Desktop/github/research/99_quarantine/unused_generated/mypy_cache/3.11/matplotlib/backends/registry.data.json,/Users/tstakuma/Desktop/github/research/99_quarantine/unused_generated/mypy_cache/3.11/matplotlib/backends/986_20260711_v06_registry_data.json,99_quarantine/unused_generated/mypy_cache/3.11/matplotlib/backends/registry.data.json,99_quarantine/unused_generated/mypy_cache/3.11/matplotlib/backends/986_20260711_v06_registry_data.json,986,20260711,v06,normalized retained research artifact name,renamed
/Users/tstakuma/Desktop/github/research/99_quarantine/unused_generated/mypy_cache/3.11/matplotlib/backends/registry.meta.json,/Users/tstakuma/Desktop/github/research/99_quarantine/unused_generated/mypy_cache/3.11/matplotlib/backends/987_20260711_v06_registry_meta.json,99_quarantine/unused_generated/mypy_cache/3.11/matplotlib/backends/registry.meta.json,99_quarantine/unused_generated/mypy_cache/3.11/matplotlib/backends/987_20260711_v06_registry_meta.json,987,20260711,v06,normalized retained research artifact name,renamed
/Users/tstakuma/Desktop/github/research/99_quarantine/unused_generated/mypy_cache/3.11/matplotlib/bezier.data.json,/Users/tstakuma/Desktop/github/research/99_quarantine/unused_generated/mypy_cache/3.11/matplotlib/988_20260711_v06_bezier_data.json,99_quarantine/unused_generated/mypy_cache/3.11/matplotlib/bezier.data.json,99_quarantine/unused_generated/mypy_cache/3.11/matplotlib/988_20260711_v06_bezier_data.json,988,20260711,v06,normalized retained research artifact name,renamed
/Users/tstakuma/Desktop/github/research/99_quarantine/unused_generated/mypy_cache/3.11/matplotlib/bezier.meta.json,/Users/tstakuma/Desktop/github/research/99_quarantine/unused_generated/mypy_cache/3.11/matplotlib/989_20260711_v06_bezier_meta.json,99_quarantine/unused_generated/mypy_cache/3.11/matplotlib/bezier.meta.json,99_quarantine/unused_generated/mypy_cache/3.11/matplotlib/989_20260711_v06_bezier_meta.json,989,20260711,v06,normalized retained research artifact name,renamed
/Users/tstakuma/Desktop/github/research/99_quarantine/unused_generated/mypy_cache/3.11/matplotlib/cbook.data.json,/Users/tstakuma/Desktop/github/research/99_quarantine/unused_generated/mypy_cache/3.11/matplotlib/990_20260711_v06_cbook_data.json,99_quarantine/unused_generated/mypy_cache/3.11/matplotlib/cbook.data.json,99_quarantine/unused_generated/mypy_cache/3.11/matplotlib/990_20260711_v06_cbook_data.json,990,20260711,v06,normalized retained research artifact name,renamed
/Users/tstakuma/Desktop/github/research/99_quarantine/unused_generated/mypy_cache/3.11/matplotlib/cbook.meta.json,/Users/tstakuma/Desktop/github/research/99_quarantine/unused_generated/mypy_cache/3.11/matplotlib/991_20260711_v06_cbook_meta.json,99_quarantine/unused_generated/mypy_cache/3.11/matplotlib/cbook.meta.json,99_quarantine/unused_generated/mypy_cache/3.11/matplotlib/991_20260711_v06_cbook_meta.json,991,20260711,v06,normalized retained research artifact name,renamed
/Users/tstakuma/Desktop/github/research/99_quarantine/unused_generated/mypy_cache/3.11/matplotlib/cm.data.json,/Users/tstakuma/Desktop/github/research/99_quarantine/unused_generated/mypy_cache/3.11/matplotlib/992_20260711_v06_cm_data.json,99_quarantine/unused_generated/mypy_cache/3.11/matplotlib/cm.data.json,99_quarantine/unused_generated/mypy_cache/3.11/matplotlib/992_20260711_v06_cm_data.json,992,20260711,v06,normalized retained research artifact name,renamed
/Users/tstakuma/Desktop/github/research/99_quarantine/unused_generated/mypy_cache/3.11/matplotlib/cm.meta.json,/Users/tstakuma/Desktop/github/research/99_quarantine/unused_generated/mypy_cache/3.11/matplotlib/993_20260711_v06_cm_meta.json,99_quarantine/unused_generated/mypy_cache/3.11/matplotlib/cm.meta.json,99_quarantine/unused_generated/mypy_cache/3.11/matplotlib/993_20260711_v06_cm_meta.json,993,20260711,v06,normalized retained research artifact name,renamed
/Users/tstakuma/Desktop/github/research/99_quarantine/unused_generated/mypy_cache/3.11/matplotlib/collections.data.json,/Users/tstakuma/Desktop/github/research/99_quarantine/unused_generated/mypy_cache/3.11/matplotlib/994_20260711_v06_collections_data.json,99_quarantine/unused_generated/mypy_cache/3.11/matplotlib/collections.data.json,99_quarantine/unused_generated/mypy_cache/3.11/matplotlib/994_20260711_v06_collections_data.json,994,20260711,v06,normalized retained research artifact name,renamed
/Users/tstakuma/Desktop/github/research/99_quarantine/unused_generated/mypy_cache/3.11/matplotlib/collections.meta.json,/Users/tstakuma/Desktop/github/research/99_quarantine/unused_generated/mypy_cache/3.11/matplotlib/995_20260711_v06_collections_meta.json,99_quarantine/unused_generated/mypy_cache/3.11/matplotlib/collections.meta.json,99_quarantine/unused_generated/mypy_cache/3.11/matplotlib/995_20260711_v06_collections_meta.json,995,20260711,v06,normalized retained research artifact name,renamed
/Users/tstakuma/Desktop/github/research/99_quarantine/unused_generated/mypy_cache/3.11/matplotlib/colorbar.data.json,/Users/tstakuma/Desktop/github/research/99_quarantine/unused_generated/mypy_cache/3.11/matplotlib/996_20260711_v06_colorbar_data.json,99_quarantine/unused_generated/mypy_cache/3.11/matplotlib/colorbar.data.json,99_quarantine/unused_generated/mypy_cache/3.11/matplotlib/996_20260711_v06_colorbar_data.json,996,20260711,v06,normalized retained research artifact name,renamed
/Users/tstakuma/Desktop/github/research/99_quarantine/unused_generated/mypy_cache/3.11/matplotlib/colorbar.meta.json,/Users/tstakuma/Desktop/github/research/99_quarantine/unused_generated/mypy_cache/3.11/matplotlib/997_20260711_v06_colorbar_meta.json,99_quarantine/unused_generated/mypy_cache/3.11/matplotlib/colorbar.meta.json,99_quarantine/unused_generated/mypy_cache/3.11/matplotlib/997_20260711_v06_colorbar_meta.json,997,20260711,v06,normalized retained research artifact name,renamed
/Users/tstakuma/Desktop/github/research/99_quarantine/unused_generated/mypy_cache/3.11/matplotlib/colorizer.data.json,/Users/tstakuma/Desktop/github/research/99_quarantine/unused_generated/mypy_cache/3.11/matplotlib/998_20260711_v06_colorizer_data.json,99_quarantine/unused_generated/mypy_cache/3.11/matplotlib/colorizer.data.json,99_quarantine/unused_generated/mypy_cache/3.11/matplotlib/998_20260711_v06_colorizer_data.json,998,20260711,v06,normalized retained research artifact name,renamed
/Users/tstakuma/Desktop/github/research/99_quarantine/unused_generated/mypy_cache/3.11/matplotlib/colorizer.meta.json,/Users/tstakuma/Desktop/github/research/99_quarantine/unused_generated/mypy_cache/3.11/matplotlib/999_20260711_v06_colorizer_meta.json,99_quarantine/unused_generated/mypy_cache/3.11/matplotlib/colorizer.meta.json,99_quarantine/unused_generated/mypy_cache/3.11/matplotlib/999_20260711_v06_colorizer_meta.json,999,20260711,v06,normalized retained research artifact name,renamed
/Users/tstakuma/Desktop/github/research/99_quarantine/unused_generated/mypy_cache/3.11/matplotlib/colors.data.json,/Users/tstakuma/Desktop/github/research/99_quarantine/unused_generated/mypy_cache/3.11/matplotlib/950_20260711_v07_colors_data.json,99_quarantine/unused_generated/mypy_cache/3.11/matplotlib/colors.data.json,99_quarantine/unused_generated/mypy_cache/3.11/matplotlib/950_20260711_v07_colors_data.json,950,20260711,v07,normalized retained research artifact name,renamed
/Users/tstakuma/Desktop/github/research/99_quarantine/unused_generated/mypy_cache/3.11/matplotlib/colors.meta.json,/Users/tstakuma/Desktop/github/research/99_quarantine/unused_generated/mypy_cache/3.11/matplotlib/951_20260711_v07_colors_meta.json,99_quarantine/unused_generated/mypy_cache/3.11/matplotlib/colors.meta.json,99_quarantine/unused_generated/mypy_cache/3.11/matplotlib/951_20260711_v07_colors_meta.json,951,20260711,v07,normalized retained research artifact name,renamed
/Users/tstakuma/Desktop/github/research/99_quarantine/unused_generated/mypy_cache/3.11/matplotlib/container.data.json,/Users/tstakuma/Desktop/github/research/99_quarantine/unused_generated/mypy_cache/3.11/matplotlib/952_20260711_v07_container_data.json,99_quarantine/unused_generated/mypy_cache/3.11/matplotlib/container.data.json,99_quarantine/unused_generated/mypy_cache/3.11/matplotlib/952_20260711_v07_container_data.json,952,20260711,v07,normalized retained research artifact name,renamed
/Users/tstakuma/Desktop/github/research/99_quarantine/unused_generated/mypy_cache/3.11/matplotlib/container.meta.json,/Users/tstakuma/Desktop/github/research/99_quarantine/unused_generated/mypy_cache/3.11/matplotlib/953_20260711_v07_container_meta.json,99_quarantine/unused_generated/mypy_cache/3.11/matplotlib/container.meta.json,99_quarantine/unused_generated/mypy_cache/3.11/matplotlib/953_20260711_v07_container_meta.json,953,20260711,v07,normalized retained research artifact name,renamed
/Users/tstakuma/Desktop/github/research/99_quarantine/unused_generated/mypy_cache/3.11/matplotlib/contour.data.json,/Users/tstakuma/Desktop/github/research/99_quarantine/unused_generated/mypy_cache/3.11/matplotlib/954_20260711_v07_contour_data.json,99_quarantine/unused_generated/mypy_cache/3.11/matplotlib/contour.data.json,99_quarantine/unused_generated/mypy_cache/3.11/matplotlib/954_20260711_v07_contour_data.json,954,20260711,v07,normalized retained research artifact name,renamed
/Users/tstakuma/Desktop/github/research/99_quarantine/unused_generated/mypy_cache/3.11/matplotlib/contour.meta.json,/Users/tstakuma/Desktop/github/research/99_quarantine/unused_generated/mypy_cache/3.11/matplotlib/955_20260711_v07_contour_meta.json,99_quarantine/unused_generated/mypy_cache/3.11/matplotlib/contour.meta.json,99_quarantine/unused_generated/mypy_cache/3.11/matplotlib/955_20260711_v07_contour_meta.json,955,20260711,v07,normalized retained research artifact name,renamed
/Users/tstakuma/Desktop/github/research/99_quarantine/unused_generated/mypy_cache/3.11/matplotlib/figure.data.json,/Users/tstakuma/Desktop/github/research/99_quarantine/unused_generated/mypy_cache/3.11/matplotlib/956_20260711_v07_figure_data.json,99_quarantine/unused_generated/mypy_cache/3.11/matplotlib/figure.data.json,99_quarantine/unused_generated/mypy_cache/3.11/matplotlib/956_20260711_v07_figure_data.json,956,20260711,v07,normalized retained research artifact name,renamed
/Users/tstakuma/Desktop/github/research/99_quarantine/unused_generated/mypy_cache/3.11/matplotlib/figure.meta.json,/Users/tstakuma/Desktop/github/research/99_quarantine/unused_generated/mypy_cache/3.11/matplotlib/957_20260711_v07_figure_meta.json,99_quarantine/unused_generated/mypy_cache/3.11/matplotlib/figure.meta.json,99_quarantine/unused_generated/mypy_cache/3.11/matplotlib/957_20260711_v07_figure_meta.json,957,20260711,v07,normalized retained research artifact name,renamed
/Users/tstakuma/Desktop/github/research/99_quarantine/unused_generated/mypy_cache/3.11/matplotlib/font_manager.data.json,/Users/tstakuma/Desktop/github/research/99_quarantine/unused_generated/mypy_cache/3.11/matplotlib/958_20260711_v07_font_manager_data.json,99_quarantine/unused_generated/mypy_cache/3.11/matplotlib/font_manager.data.json,99_quarantine/unused_generated/mypy_cache/3.11/matplotlib/958_20260711_v07_font_manager_data.json,958,20260711,v07,normalized retained research artifact name,renamed
/Users/tstakuma/Desktop/github/research/99_quarantine/unused_generated/mypy_cache/3.11/matplotlib/font_manager.meta.json,/Users/tstakuma/Desktop/github/research/99_quarantine/unused_generated/mypy_cache/3.11/matplotlib/959_20260711_v07_font_manager_meta.json,99_quarantine/unused_generated/mypy_cache/3.11/matplotlib/font_manager.meta.json,99_quarantine/unused_generated/mypy_cache/3.11/matplotlib/959_20260711_v07_font_manager_meta.json,959,20260711,v07,normalized retained research artifact name,renamed
/Users/tstakuma/Desktop/github/research/99_quarantine/unused_generated/mypy_cache/3.11/matplotlib/ft2font.data.json,/Users/tstakuma/Desktop/github/research/99_quarantine/unused_generated/mypy_cache/3.11/matplotlib/960_20260711_v07_ft2font_data.json,99_quarantine/unused_generated/mypy_cache/3.11/matplotlib/ft2font.data.json,99_quarantine/unused_generated/mypy_cache/3.11/matplotlib/960_20260711_v07_ft2font_data.json,960,20260711,v07,normalized retained research artifact name,renamed
/Users/tstakuma/Desktop/github/research/99_quarantine/unused_generated/mypy_cache/3.11/matplotlib/ft2font.meta.json,/Users/tstakuma/Desktop/github/research/99_quarantine/unused_generated/mypy_cache/3.11/matplotlib/961_20260711_v07_ft2font_meta.json,99_quarantine/unused_generated/mypy_cache/3.11/matplotlib/ft2font.meta.json,99_quarantine/unused_generated/mypy_cache/3.11/matplotlib/961_20260711_v07_ft2font_meta.json,961,20260711,v07,normalized retained research artifact name,renamed
/Users/tstakuma/Desktop/github/research/99_quarantine/unused_generated/mypy_cache/3.11/matplotlib/gridspec.data.json,/Users/tstakuma/Desktop/github/research/99_quarantine/unused_generated/mypy_cache/3.11/matplotlib/962_20260711_v07_gridspec_data.json,99_quarantine/unused_generated/mypy_cache/3.11/matplotlib/gridspec.data.json,99_quarantine/unused_generated/mypy_cache/3.11/matplotlib/962_20260711_v07_gridspec_data.json,962,20260711,v07,normalized retained research artifact name,renamed
/Users/tstakuma/Desktop/github/research/99_quarantine/unused_generated/mypy_cache/3.11/matplotlib/gridspec.meta.json,/Users/tstakuma/Desktop/github/research/99_quarantine/unused_generated/mypy_cache/3.11/matplotlib/963_20260711_v07_gridspec_meta.json,99_quarantine/unused_generated/mypy_cache/3.11/matplotlib/gridspec.meta.json,99_quarantine/unused_generated/mypy_cache/3.11/matplotlib/963_20260711_v07_gridspec_meta.json,963,20260711,v07,normalized retained research artifact name,renamed
/Users/tstakuma/Desktop/github/research/99_quarantine/unused_generated/mypy_cache/3.11/matplotlib/image.data.json,/Users/tstakuma/Desktop/github/research/99_quarantine/unused_generated/mypy_cache/3.11/matplotlib/964_20260711_v07_image_data.json,99_quarantine/unused_generated/mypy_cache/3.11/matplotlib/image.data.json,99_quarantine/unused_generated/mypy_cache/3.11/matplotlib/964_20260711_v07_image_data.json,964,20260711,v07,normalized retained research artifact name,renamed
/Users/tstakuma/Desktop/github/research/99_quarantine/unused_generated/mypy_cache/3.11/matplotlib/image.meta.json,/Users/tstakuma/Desktop/github/research/99_quarantine/unused_generated/mypy_cache/3.11/matplotlib/965_20260711_v07_image_meta.json,99_quarantine/unused_generated/mypy_cache/3.11/matplotlib/image.meta.json,99_quarantine/unused_generated/mypy_cache/3.11/matplotlib/965_20260711_v07_image_meta.json,965,20260711,v07,normalized retained research artifact name,renamed
/Users/tstakuma/Desktop/github/research/99_quarantine/unused_generated/mypy_cache/3.11/matplotlib/inset.data.json,/Users/tstakuma/Desktop/github/research/99_quarantine/unused_generated/mypy_cache/3.11/matplotlib/966_20260711_v07_inset_data.json,99_quarantine/unused_generated/mypy_cache/3.11/matplotlib/inset.data.json,99_quarantine/unused_generated/mypy_cache/3.11/matplotlib/966_20260711_v07_inset_data.json,966,20260711,v07,normalized retained research artifact name,renamed
/Users/tstakuma/Desktop/github/research/99_quarantine/unused_generated/mypy_cache/3.11/matplotlib/inset.meta.json,/Users/tstakuma/Desktop/github/research/99_quarantine/unused_generated/mypy_cache/3.11/matplotlib/967_20260711_v07_inset_meta.json,99_quarantine/unused_generated/mypy_cache/3.11/matplotlib/inset.meta.json,99_quarantine/unused_generated/mypy_cache/3.11/matplotlib/967_20260711_v07_inset_meta.json,967,20260711,v07,normalized retained research artifact name,renamed
/Users/tstakuma/Desktop/github/research/99_quarantine/unused_generated/mypy_cache/3.11/matplotlib/layout_engine.data.json,/Users/tstakuma/Desktop/github/research/99_quarantine/unused_generated/mypy_cache/3.11/matplotlib/968_20260711_v07_layout_engine_data.json,99_quarantine/unused_generated/mypy_cache/3.11/matplotlib/layout_engine.data.json,99_quarantine/unused_generated/mypy_cache/3.11/matplotlib/968_20260711_v07_layout_engine_data.json,968,20260711,v07,normalized retained research artifact name,renamed
/Users/tstakuma/Desktop/github/research/99_quarantine/unused_generated/mypy_cache/3.11/matplotlib/layout_engine.meta.json,/Users/tstakuma/Desktop/github/research/99_quarantine/unused_generated/mypy_cache/3.11/matplotlib/969_20260711_v07_layout_engine_meta.json,99_quarantine/unused_generated/mypy_cache/3.11/matplotlib/layout_engine.meta.json,99_quarantine/unused_generated/mypy_cache/3.11/matplotlib/969_20260711_v07_layout_engine_meta.json,969,20260711,v07,normalized retained research artifact name,renamed
/Users/tstakuma/Desktop/github/research/99_quarantine/unused_generated/mypy_cache/3.11/matplotlib/legend.data.json,/Users/tstakuma/Desktop/github/research/99_quarantine/unused_generated/mypy_cache/3.11/matplotlib/970_20260711_v07_legend_data.json,99_quarantine/unused_generated/mypy_cache/3.11/matplotlib/legend.data.json,99_quarantine/unused_generated/mypy_cache/3.11/matplotlib/970_20260711_v07_legend_data.json,970,20260711,v07,normalized retained research artifact name,renamed
/Users/tstakuma/Desktop/github/research/99_quarantine/unused_generated/mypy_cache/3.11/matplotlib/legend.meta.json,/Users/tstakuma/Desktop/github/research/99_quarantine/unused_generated/mypy_cache/3.11/matplotlib/971_20260711_v07_legend_meta.json,99_quarantine/unused_generated/mypy_cache/3.11/matplotlib/legend.meta.json,99_quarantine/unused_generated/mypy_cache/3.11/matplotlib/971_20260711_v07_legend_meta.json,971,20260711,v07,normalized retained research artifact name,renamed
/Users/tstakuma/Desktop/github/research/99_quarantine/unused_generated/mypy_cache/3.11/matplotlib/legend_handler.data.json,/Users/tstakuma/Desktop/github/research/99_quarantine/unused_generated/mypy_cache/3.11/matplotlib/972_20260711_v07_legend_handler_data.json,99_quarantine/unused_generated/mypy_cache/3.11/matplotlib/legend_handler.data.json,99_quarantine/unused_generated/mypy_cache/3.11/matplotlib/972_20260711_v07_legend_handler_data.json,972,20260711,v07,normalized retained research artifact name,renamed
/Users/tstakuma/Desktop/github/research/99_quarantine/unused_generated/mypy_cache/3.11/matplotlib/legend_handler.meta.json,/Users/tstakuma/Desktop/github/research/99_quarantine/unused_generated/mypy_cache/3.11/matplotlib/973_20260711_v07_legend_handler_meta.json,99_quarantine/unused_generated/mypy_cache/3.11/matplotlib/legend_handler.meta.json,99_quarantine/unused_generated/mypy_cache/3.11/matplotlib/973_20260711_v07_legend_handler_meta.json,973,20260711,v07,normalized retained research artifact name,renamed
/Users/tstakuma/Desktop/github/research/99_quarantine/unused_generated/mypy_cache/3.11/matplotlib/lines.data.json,/Users/tstakuma/Desktop/github/research/99_quarantine/unused_generated/mypy_cache/3.11/matplotlib/974_20260711_v07_lines_data.json,99_quarantine/unused_generated/mypy_cache/3.11/matplotlib/lines.data.json,99_quarantine/unused_generated/mypy_cache/3.11/matplotlib/974_20260711_v07_lines_data.json,974,20260711,v07,normalized retained research artifact name,renamed
/Users/tstakuma/Desktop/github/research/99_quarantine/unused_generated/mypy_cache/3.11/matplotlib/lines.meta.json,/Users/tstakuma/Desktop/github/research/99_quarantine/unused_generated/mypy_cache/3.11/matplotlib/975_20260711_v07_lines_meta.json,99_quarantine/unused_generated/mypy_cache/3.11/matplotlib/lines.meta.json,99_quarantine/unused_generated/mypy_cache/3.11/matplotlib/975_20260711_v07_lines_meta.json,975,20260711,v07,normalized retained research artifact name,renamed
/Users/tstakuma/Desktop/github/research/99_quarantine/unused_generated/mypy_cache/3.11/matplotlib/markers.data.json,/Users/tstakuma/Desktop/github/research/99_quarantine/unused_generated/mypy_cache/3.11/matplotlib/976_20260711_v07_markers_data.json,99_quarantine/unused_generated/mypy_cache/3.11/matplotlib/markers.data.json,99_quarantine/unused_generated/mypy_cache/3.11/matplotlib/976_20260711_v07_markers_data.json,976,20260711,v07,normalized retained research artifact name,renamed
/Users/tstakuma/Desktop/github/research/99_quarantine/unused_generated/mypy_cache/3.11/matplotlib/markers.meta.json,/Users/tstakuma/Desktop/github/research/99_quarantine/unused_generated/mypy_cache/3.11/matplotlib/977_20260711_v07_markers_meta.json,99_quarantine/unused_generated/mypy_cache/3.11/matplotlib/markers.meta.json,99_quarantine/unused_generated/mypy_cache/3.11/matplotlib/977_20260711_v07_markers_meta.json,977,20260711,v07,normalized retained research artifact name,renamed
/Users/tstakuma/Desktop/github/research/99_quarantine/unused_generated/mypy_cache/3.11/matplotlib/mathtext.data.json,/Users/tstakuma/Desktop/github/research/99_quarantine/unused_generated/mypy_cache/3.11/matplotlib/978_20260711_v07_mathtext_data.json,99_quarantine/unused_generated/mypy_cache/3.11/matplotlib/mathtext.data.json,99_quarantine/unused_generated/mypy_cache/3.11/matplotlib/978_20260711_v07_mathtext_data.json,978,20260711,v07,normalized retained research artifact name,renamed
/Users/tstakuma/Desktop/github/research/99_quarantine/unused_generated/mypy_cache/3.11/matplotlib/mathtext.meta.json,/Users/tstakuma/Desktop/github/research/99_quarantine/unused_generated/mypy_cache/3.11/matplotlib/979_20260711_v07_mathtext_meta.json,99_quarantine/unused_generated/mypy_cache/3.11/matplotlib/mathtext.meta.json,99_quarantine/unused_generated/mypy_cache/3.11/matplotlib/979_20260711_v07_mathtext_meta.json,979,20260711,v07,normalized retained research artifact name,renamed
/Users/tstakuma/Desktop/github/research/99_quarantine/unused_generated/mypy_cache/3.11/matplotlib/mlab.data.json,/Users/tstakuma/Desktop/github/research/99_quarantine/unused_generated/mypy_cache/3.11/matplotlib/980_20260711_v07_mlab_data.json,99_quarantine/unused_generated/mypy_cache/3.11/matplotlib/mlab.data.json,99_quarantine/unused_generated/mypy_cache/3.11/matplotlib/980_20260711_v07_mlab_data.json,980,20260711,v07,normalized retained research artifact name,renamed
/Users/tstakuma/Desktop/github/research/99_quarantine/unused_generated/mypy_cache/3.11/matplotlib/mlab.meta.json,/Users/tstakuma/Desktop/github/research/99_quarantine/unused_generated/mypy_cache/3.11/matplotlib/981_20260711_v07_mlab_meta.json,99_quarantine/unused_generated/mypy_cache/3.11/matplotlib/mlab.meta.json,99_quarantine/unused_generated/mypy_cache/3.11/matplotlib/981_20260711_v07_mlab_meta.json,981,20260711,v07,normalized retained research artifact name,renamed
/Users/tstakuma/Desktop/github/research/99_quarantine/unused_generated/mypy_cache/3.11/matplotlib/offsetbox.data.json,/Users/tstakuma/Desktop/github/research/99_quarantine/unused_generated/mypy_cache/3.11/matplotlib/982_20260711_v07_offsetbox_data.json,99_quarantine/unused_generated/mypy_cache/3.11/matplotlib/offsetbox.data.json,99_quarantine/unused_generated/mypy_cache/3.11/matplotlib/982_20260711_v07_offsetbox_data.json,982,20260711,v07,normalized retained research artifact name,renamed
/Users/tstakuma/Desktop/github/research/99_quarantine/unused_generated/mypy_cache/3.11/matplotlib/offsetbox.meta.json,/Users/tstakuma/Desktop/github/research/99_quarantine/unused_generated/mypy_cache/3.11/matplotlib/983_20260711_v07_offsetbox_meta.json,99_quarantine/unused_generated/mypy_cache/3.11/matplotlib/offsetbox.meta.json,99_quarantine/unused_generated/mypy_cache/3.11/matplotlib/983_20260711_v07_offsetbox_meta.json,983,20260711,v07,normalized retained research artifact name,renamed
/Users/tstakuma/Desktop/github/research/99_quarantine/unused_generated/mypy_cache/3.11/matplotlib/patches.data.json,/Users/tstakuma/Desktop/github/research/99_quarantine/unused_generated/mypy_cache/3.11/matplotlib/984_20260711_v07_patches_data.json,99_quarantine/unused_generated/mypy_cache/3.11/matplotlib/patches.data.json,99_quarantine/unused_generated/mypy_cache/3.11/matplotlib/984_20260711_v07_patches_data.json,984,20260711,v07,normalized retained research artifact name,renamed
/Users/tstakuma/Desktop/github/research/99_quarantine/unused_generated/mypy_cache/3.11/matplotlib/patches.meta.json,/Users/tstakuma/Desktop/github/research/99_quarantine/unused_generated/mypy_cache/3.11/matplotlib/985_20260711_v07_patches_meta.json,99_quarantine/unused_generated/mypy_cache/3.11/matplotlib/patches.meta.json,99_quarantine/unused_generated/mypy_cache/3.11/matplotlib/985_20260711_v07_patches_meta.json,985,20260711,v07,normalized retained research artifact name,renamed
/Users/tstakuma/Desktop/github/research/99_quarantine/unused_generated/mypy_cache/3.11/matplotlib/path.data.json,/Users/tstakuma/Desktop/github/research/99_quarantine/unused_generated/mypy_cache/3.11/matplotlib/986_20260711_v07_path_data.json,99_quarantine/unused_generated/mypy_cache/3.11/matplotlib/path.data.json,99_quarantine/unused_generated/mypy_cache/3.11/matplotlib/986_20260711_v07_path_data.json,986,20260711,v07,normalized retained research artifact name,renamed
/Users/tstakuma/Desktop/github/research/99_quarantine/unused_generated/mypy_cache/3.11/matplotlib/path.meta.json,/Users/tstakuma/Desktop/github/research/99_quarantine/unused_generated/mypy_cache/3.11/matplotlib/987_20260711_v07_path_meta.json,99_quarantine/unused_generated/mypy_cache/3.11/matplotlib/path.meta.json,99_quarantine/unused_generated/mypy_cache/3.11/matplotlib/987_20260711_v07_path_meta.json,987,20260711,v07,normalized retained research artifact name,renamed
/Users/tstakuma/Desktop/github/research/99_quarantine/unused_generated/mypy_cache/3.11/matplotlib/patheffects.data.json,/Users/tstakuma/Desktop/github/research/99_quarantine/unused_generated/mypy_cache/3.11/matplotlib/988_20260711_v07_patheffects_data.json,99_quarantine/unused_generated/mypy_cache/3.11/matplotlib/patheffects.data.json,99_quarantine/unused_generated/mypy_cache/3.11/matplotlib/988_20260711_v07_patheffects_data.json,988,20260711,v07,normalized retained research artifact name,renamed
/Users/tstakuma/Desktop/github/research/99_quarantine/unused_generated/mypy_cache/3.11/matplotlib/patheffects.meta.json,/Users/tstakuma/Desktop/github/research/99_quarantine/unused_generated/mypy_cache/3.11/matplotlib/989_20260711_v07_patheffects_meta.json,99_quarantine/unused_generated/mypy_cache/3.11/matplotlib/patheffects.meta.json,99_quarantine/unused_generated/mypy_cache/3.11/matplotlib/989_20260711_v07_patheffects_meta.json,989,20260711,v07,normalized retained research artifact name,renamed
/Users/tstakuma/Desktop/github/research/99_quarantine/unused_generated/mypy_cache/3.11/matplotlib/projections/__init__.data.json,/Users/tstakuma/Desktop/github/research/99_quarantine/unused_generated/mypy_cache/3.11/matplotlib/projections/990_20260711_v07_init_data.json,99_quarantine/unused_generated/mypy_cache/3.11/matplotlib/projections/__init__.data.json,99_quarantine/unused_generated/mypy_cache/3.11/matplotlib/projections/990_20260711_v07_init_data.json,990,20260711,v07,normalized retained research artifact name,renamed
/Users/tstakuma/Desktop/github/research/99_quarantine/unused_generated/mypy_cache/3.11/matplotlib/projections/__init__.meta.json,/Users/tstakuma/Desktop/github/research/99_quarantine/unused_generated/mypy_cache/3.11/matplotlib/projections/991_20260711_v07_init_meta.json,99_quarantine/unused_generated/mypy_cache/3.11/matplotlib/projections/__init__.meta.json,99_quarantine/unused_generated/mypy_cache/3.11/matplotlib/projections/991_20260711_v07_init_meta.json,991,20260711,v07,normalized retained research artifact name,renamed
/Users/tstakuma/Desktop/github/research/99_quarantine/unused_generated/mypy_cache/3.11/matplotlib/projections/geo.data.json,/Users/tstakuma/Desktop/github/research/99_quarantine/unused_generated/mypy_cache/3.11/matplotlib/projections/992_20260711_v07_geo_data.json,99_quarantine/unused_generated/mypy_cache/3.11/matplotlib/projections/geo.data.json,99_quarantine/unused_generated/mypy_cache/3.11/matplotlib/projections/992_20260711_v07_geo_data.json,992,20260711,v07,normalized retained research artifact name,renamed
/Users/tstakuma/Desktop/github/research/99_quarantine/unused_generated/mypy_cache/3.11/matplotlib/projections/geo.meta.json,/Users/tstakuma/Desktop/github/research/99_quarantine/unused_generated/mypy_cache/3.11/matplotlib/projections/993_20260711_v07_geo_meta.json,99_quarantine/unused_generated/mypy_cache/3.11/matplotlib/projections/geo.meta.json,99_quarantine/unused_generated/mypy_cache/3.11/matplotlib/projections/993_20260711_v07_geo_meta.json,993,20260711,v07,normalized retained research artifact name,renamed
/Users/tstakuma/Desktop/github/research/99_quarantine/unused_generated/mypy_cache/3.11/matplotlib/projections/polar.data.json,/Users/tstakuma/Desktop/github/research/99_quarantine/unused_generated/mypy_cache/3.11/matplotlib/projections/994_20260711_v07_polar_data.json,99_quarantine/unused_generated/mypy_cache/3.11/matplotlib/projections/polar.data.json,99_quarantine/unused_generated/mypy_cache/3.11/matplotlib/projections/994_20260711_v07_polar_data.json,994,20260711,v07,normalized retained research artifact name,renamed
/Users/tstakuma/Desktop/github/research/99_quarantine/unused_generated/mypy_cache/3.11/matplotlib/projections/polar.meta.json,/Users/tstakuma/Desktop/github/research/99_quarantine/unused_generated/mypy_cache/3.11/matplotlib/projections/995_20260711_v07_polar_meta.json,99_quarantine/unused_generated/mypy_cache/3.11/matplotlib/projections/polar.meta.json,99_quarantine/unused_generated/mypy_cache/3.11/matplotlib/projections/995_20260711_v07_polar_meta.json,995,20260711,v07,normalized retained research artifact name,renamed
/Users/tstakuma/Desktop/github/research/99_quarantine/unused_generated/mypy_cache/3.11/matplotlib/pyplot.data.json,/Users/tstakuma/Desktop/github/research/99_quarantine/unused_generated/mypy_cache/3.11/matplotlib/996_20260711_v07_pyplot_data.json,99_quarantine/unused_generated/mypy_cache/3.11/matplotlib/pyplot.data.json,99_quarantine/unused_generated/mypy_cache/3.11/matplotlib/996_20260711_v07_pyplot_data.json,996,20260711,v07,normalized retained research artifact name,renamed
/Users/tstakuma/Desktop/github/research/99_quarantine/unused_generated/mypy_cache/3.11/matplotlib/pyplot.meta.json,/Users/tstakuma/Desktop/github/research/99_quarantine/unused_generated/mypy_cache/3.11/matplotlib/997_20260711_v07_pyplot_meta.json,99_quarantine/unused_generated/mypy_cache/3.11/matplotlib/pyplot.meta.json,99_quarantine/unused_generated/mypy_cache/3.11/matplotlib/997_20260711_v07_pyplot_meta.json,997,20260711,v07,normalized retained research artifact name,renamed
/Users/tstakuma/Desktop/github/research/99_quarantine/unused_generated/mypy_cache/3.11/matplotlib/quiver.data.json,/Users/tstakuma/Desktop/github/research/99_quarantine/unused_generated/mypy_cache/3.11/matplotlib/998_20260711_v07_quiver_data.json,99_quarantine/unused_generated/mypy_cache/3.11/matplotlib/quiver.data.json,99_quarantine/unused_generated/mypy_cache/3.11/matplotlib/998_20260711_v07_quiver_data.json,998,20260711,v07,normalized retained research artifact name,renamed
/Users/tstakuma/Desktop/github/research/99_quarantine/unused_generated/mypy_cache/3.11/matplotlib/quiver.meta.json,/Users/tstakuma/Desktop/github/research/99_quarantine/unused_generated/mypy_cache/3.11/matplotlib/999_20260711_v07_quiver_meta.json,99_quarantine/unused_generated/mypy_cache/3.11/matplotlib/quiver.meta.json,99_quarantine/unused_generated/mypy_cache/3.11/matplotlib/999_20260711_v07_quiver_meta.json,999,20260711,v07,normalized retained research artifact name,renamed
/Users/tstakuma/Desktop/github/research/99_quarantine/unused_generated/mypy_cache/3.11/matplotlib/rcsetup.data.json,/Users/tstakuma/Desktop/github/research/99_quarantine/unused_generated/mypy_cache/3.11/matplotlib/950_20260711_v08_rcsetup_data.json,99_quarantine/unused_generated/mypy_cache/3.11/matplotlib/rcsetup.data.json,99_quarantine/unused_generated/mypy_cache/3.11/matplotlib/950_20260711_v08_rcsetup_data.json,950,20260711,v08,normalized retained research artifact name,renamed
/Users/tstakuma/Desktop/github/research/99_quarantine/unused_generated/mypy_cache/3.11/matplotlib/rcsetup.meta.json,/Users/tstakuma/Desktop/github/research/99_quarantine/unused_generated/mypy_cache/3.11/matplotlib/951_20260711_v08_rcsetup_meta.json,99_quarantine/unused_generated/mypy_cache/3.11/matplotlib/rcsetup.meta.json,99_quarantine/unused_generated/mypy_cache/3.11/matplotlib/951_20260711_v08_rcsetup_meta.json,951,20260711,v08,normalized retained research artifact name,renamed
/Users/tstakuma/Desktop/github/research/99_quarantine/unused_generated/mypy_cache/3.11/matplotlib/scale.data.json,/Users/tstakuma/Desktop/github/research/99_quarantine/unused_generated/mypy_cache/3.11/matplotlib/952_20260711_v08_scale_data.json,99_quarantine/unused_generated/mypy_cache/3.11/matplotlib/scale.data.json,99_quarantine/unused_generated/mypy_cache/3.11/matplotlib/952_20260711_v08_scale_data.json,952,20260711,v08,normalized retained research artifact name,renamed
/Users/tstakuma/Desktop/github/research/99_quarantine/unused_generated/mypy_cache/3.11/matplotlib/scale.meta.json,/Users/tstakuma/Desktop/github/research/99_quarantine/unused_generated/mypy_cache/3.11/matplotlib/953_20260711_v08_scale_meta.json,99_quarantine/unused_generated/mypy_cache/3.11/matplotlib/scale.meta.json,99_quarantine/unused_generated/mypy_cache/3.11/matplotlib/953_20260711_v08_scale_meta.json,953,20260711,v08,normalized retained research artifact name,renamed
/Users/tstakuma/Desktop/github/research/99_quarantine/unused_generated/mypy_cache/3.11/matplotlib/spines.data.json,/Users/tstakuma/Desktop/github/research/99_quarantine/unused_generated/mypy_cache/3.11/matplotlib/954_20260711_v08_spines_data.json,99_quarantine/unused_generated/mypy_cache/3.11/matplotlib/spines.data.json,99_quarantine/unused_generated/mypy_cache/3.11/matplotlib/954_20260711_v08_spines_data.json,954,20260711,v08,normalized retained research artifact name,renamed
/Users/tstakuma/Desktop/github/research/99_quarantine/unused_generated/mypy_cache/3.11/matplotlib/spines.meta.json,/Users/tstakuma/Desktop/github/research/99_quarantine/unused_generated/mypy_cache/3.11/matplotlib/955_20260711_v08_spines_meta.json,99_quarantine/unused_generated/mypy_cache/3.11/matplotlib/spines.meta.json,99_quarantine/unused_generated/mypy_cache/3.11/matplotlib/955_20260711_v08_spines_meta.json,955,20260711,v08,normalized retained research artifact name,renamed
/Users/tstakuma/Desktop/github/research/99_quarantine/unused_generated/mypy_cache/3.11/matplotlib/stackplot.data.json,/Users/tstakuma/Desktop/github/research/99_quarantine/unused_generated/mypy_cache/3.11/matplotlib/956_20260711_v08_stackplot_data.json,99_quarantine/unused_generated/mypy_cache/3.11/matplotlib/stackplot.data.json,99_quarantine/unused_generated/mypy_cache/3.11/matplotlib/956_20260711_v08_stackplot_data.json,956,20260711,v08,normalized retained research artifact name,renamed
/Users/tstakuma/Desktop/github/research/99_quarantine/unused_generated/mypy_cache/3.11/matplotlib/stackplot.meta.json,/Users/tstakuma/Desktop/github/research/99_quarantine/unused_generated/mypy_cache/3.11/matplotlib/957_20260711_v08_stackplot_meta.json,99_quarantine/unused_generated/mypy_cache/3.11/matplotlib/stackplot.meta.json,99_quarantine/unused_generated/mypy_cache/3.11/matplotlib/957_20260711_v08_stackplot_meta.json,957,20260711,v08,normalized retained research artifact name,renamed
/Users/tstakuma/Desktop/github/research/99_quarantine/unused_generated/mypy_cache/3.11/matplotlib/streamplot.data.json,/Users/tstakuma/Desktop/github/research/99_quarantine/unused_generated/mypy_cache/3.11/matplotlib/958_20260711_v08_streamplot_data.json,99_quarantine/unused_generated/mypy_cache/3.11/matplotlib/streamplot.data.json,99_quarantine/unused_generated/mypy_cache/3.11/matplotlib/958_20260711_v08_streamplot_data.json,958,20260711,v08,normalized retained research artifact name,renamed
/Users/tstakuma/Desktop/github/research/99_quarantine/unused_generated/mypy_cache/3.11/matplotlib/streamplot.meta.json,/Users/tstakuma/Desktop/github/research/99_quarantine/unused_generated/mypy_cache/3.11/matplotlib/959_20260711_v08_streamplot_meta.json,99_quarantine/unused_generated/mypy_cache/3.11/matplotlib/streamplot.meta.json,99_quarantine/unused_generated/mypy_cache/3.11/matplotlib/959_20260711_v08_streamplot_meta.json,959,20260711,v08,normalized retained research artifact name,renamed
/Users/tstakuma/Desktop/github/research/99_quarantine/unused_generated/mypy_cache/3.11/matplotlib/style/__init__.data.json,/Users/tstakuma/Desktop/github/research/99_quarantine/unused_generated/mypy_cache/3.11/matplotlib/style/960_20260711_v08_init_data.json,99_quarantine/unused_generated/mypy_cache/3.11/matplotlib/style/__init__.data.json,99_quarantine/unused_generated/mypy_cache/3.11/matplotlib/style/960_20260711_v08_init_data.json,960,20260711,v08,normalized retained research artifact name,renamed
/Users/tstakuma/Desktop/github/research/99_quarantine/unused_generated/mypy_cache/3.11/matplotlib/style/__init__.meta.json,/Users/tstakuma/Desktop/github/research/99_quarantine/unused_generated/mypy_cache/3.11/matplotlib/style/961_20260711_v08_init_meta.json,99_quarantine/unused_generated/mypy_cache/3.11/matplotlib/style/__init__.meta.json,99_quarantine/unused_generated/mypy_cache/3.11/matplotlib/style/961_20260711_v08_init_meta.json,961,20260711,v08,normalized retained research artifact name,renamed
/Users/tstakuma/Desktop/github/research/99_quarantine/unused_generated/mypy_cache/3.11/matplotlib/style/core.data.json,/Users/tstakuma/Desktop/github/research/99_quarantine/unused_generated/mypy_cache/3.11/matplotlib/style/962_20260711_v08_core_data.json,99_quarantine/unused_generated/mypy_cache/3.11/matplotlib/style/core.data.json,99_quarantine/unused_generated/mypy_cache/3.11/matplotlib/style/962_20260711_v08_core_data.json,962,20260711,v08,normalized retained research artifact name,renamed
/Users/tstakuma/Desktop/github/research/99_quarantine/unused_generated/mypy_cache/3.11/matplotlib/style/core.meta.json,/Users/tstakuma/Desktop/github/research/99_quarantine/unused_generated/mypy_cache/3.11/matplotlib/style/963_20260711_v08_core_meta.json,99_quarantine/unused_generated/mypy_cache/3.11/matplotlib/style/core.meta.json,99_quarantine/unused_generated/mypy_cache/3.11/matplotlib/style/963_20260711_v08_core_meta.json,963,20260711,v08,normalized retained research artifact name,renamed
/Users/tstakuma/Desktop/github/research/99_quarantine/unused_generated/mypy_cache/3.11/matplotlib/table.data.json,/Users/tstakuma/Desktop/github/research/99_quarantine/unused_generated/mypy_cache/3.11/matplotlib/964_20260711_v08_table_data.json,99_quarantine/unused_generated/mypy_cache/3.11/matplotlib/table.data.json,99_quarantine/unused_generated/mypy_cache/3.11/matplotlib/964_20260711_v08_table_data.json,964,20260711,v08,normalized retained research artifact name,renamed
/Users/tstakuma/Desktop/github/research/99_quarantine/unused_generated/mypy_cache/3.11/matplotlib/table.meta.json,/Users/tstakuma/Desktop/github/research/99_quarantine/unused_generated/mypy_cache/3.11/matplotlib/965_20260711_v08_table_meta.json,99_quarantine/unused_generated/mypy_cache/3.11/matplotlib/table.meta.json,99_quarantine/unused_generated/mypy_cache/3.11/matplotlib/965_20260711_v08_table_meta.json,965,20260711,v08,normalized retained research artifact name,renamed
/Users/tstakuma/Desktop/github/research/99_quarantine/unused_generated/mypy_cache/3.11/matplotlib/texmanager.data.json,/Users/tstakuma/Desktop/github/research/99_quarantine/unused_generated/mypy_cache/3.11/matplotlib/966_20260711_v08_texmanager_data.json,99_quarantine/unused_generated/mypy_cache/3.11/matplotlib/texmanager.data.json,99_quarantine/unused_generated/mypy_cache/3.11/matplotlib/966_20260711_v08_texmanager_data.json,966,20260711,v08,normalized retained research artifact name,renamed
/Users/tstakuma/Desktop/github/research/99_quarantine/unused_generated/mypy_cache/3.11/matplotlib/texmanager.meta.json,/Users/tstakuma/Desktop/github/research/99_quarantine/unused_generated/mypy_cache/3.11/matplotlib/967_20260711_v08_texmanager_meta.json,99_quarantine/unused_generated/mypy_cache/3.11/matplotlib/texmanager.meta.json,99_quarantine/unused_generated/mypy_cache/3.11/matplotlib/967_20260711_v08_texmanager_meta.json,967,20260711,v08,normalized retained research artifact name,renamed
/Users/tstakuma/Desktop/github/research/99_quarantine/unused_generated/mypy_cache/3.11/matplotlib/text.data.json,/Users/tstakuma/Desktop/github/research/99_quarantine/unused_generated/mypy_cache/3.11/matplotlib/968_20260711_v08_text_data.json,99_quarantine/unused_generated/mypy_cache/3.11/matplotlib/text.data.json,99_quarantine/unused_generated/mypy_cache/3.11/matplotlib/968_20260711_v08_text_data.json,968,20260711,v08,normalized retained research artifact name,renamed
/Users/tstakuma/Desktop/github/research/99_quarantine/unused_generated/mypy_cache/3.11/matplotlib/text.meta.json,/Users/tstakuma/Desktop/github/research/99_quarantine/unused_generated/mypy_cache/3.11/matplotlib/969_20260711_v08_text_meta.json,99_quarantine/unused_generated/mypy_cache/3.11/matplotlib/text.meta.json,99_quarantine/unused_generated/mypy_cache/3.11/matplotlib/969_20260711_v08_text_meta.json,969,20260711,v08,normalized retained research artifact name,renamed
/Users/tstakuma/Desktop/github/research/99_quarantine/unused_generated/mypy_cache/3.11/matplotlib/textpath.data.json,/Users/tstakuma/Desktop/github/research/99_quarantine/unused_generated/mypy_cache/3.11/matplotlib/970_20260711_v08_textpath_data.json,99_quarantine/unused_generated/mypy_cache/3.11/matplotlib/textpath.data.json,99_quarantine/unused_generated/mypy_cache/3.11/matplotlib/970_20260711_v08_textpath_data.json,970,20260711,v08,normalized retained research artifact name,renamed
/Users/tstakuma/Desktop/github/research/99_quarantine/unused_generated/mypy_cache/3.11/matplotlib/textpath.meta.json,/Users/tstakuma/Desktop/github/research/99_quarantine/unused_generated/mypy_cache/3.11/matplotlib/971_20260711_v08_textpath_meta.json,99_quarantine/unused_generated/mypy_cache/3.11/matplotlib/textpath.meta.json,99_quarantine/unused_generated/mypy_cache/3.11/matplotlib/971_20260711_v08_textpath_meta.json,971,20260711,v08,normalized retained research artifact name,renamed
/Users/tstakuma/Desktop/github/research/99_quarantine/unused_generated/mypy_cache/3.11/matplotlib/ticker.data.json,/Users/tstakuma/Desktop/github/research/99_quarantine/unused_generated/mypy_cache/3.11/matplotlib/972_20260711_v08_ticker_data.json,99_quarantine/unused_generated/mypy_cache/3.11/matplotlib/ticker.data.json,99_quarantine/unused_generated/mypy_cache/3.11/matplotlib/972_20260711_v08_ticker_data.json,972,20260711,v08,normalized retained research artifact name,renamed
/Users/tstakuma/Desktop/github/research/99_quarantine/unused_generated/mypy_cache/3.11/matplotlib/ticker.meta.json,/Users/tstakuma/Desktop/github/research/99_quarantine/unused_generated/mypy_cache/3.11/matplotlib/973_20260711_v08_ticker_meta.json,99_quarantine/unused_generated/mypy_cache/3.11/matplotlib/ticker.meta.json,99_quarantine/unused_generated/mypy_cache/3.11/matplotlib/973_20260711_v08_ticker_meta.json,973,20260711,v08,normalized retained research artifact name,renamed
/Users/tstakuma/Desktop/github/research/99_quarantine/unused_generated/mypy_cache/3.11/matplotlib/transforms.data.json,/Users/tstakuma/Desktop/github/research/99_quarantine/unused_generated/mypy_cache/3.11/matplotlib/974_20260711_v08_transforms_data.json,99_quarantine/unused_generated/mypy_cache/3.11/matplotlib/transforms.data.json,99_quarantine/unused_generated/mypy_cache/3.11/matplotlib/974_20260711_v08_transforms_data.json,974,20260711,v08,normalized retained research artifact name,renamed
/Users/tstakuma/Desktop/github/research/99_quarantine/unused_generated/mypy_cache/3.11/matplotlib/transforms.meta.json,/Users/tstakuma/Desktop/github/research/99_quarantine/unused_generated/mypy_cache/3.11/matplotlib/975_20260711_v08_transforms_meta.json,99_quarantine/unused_generated/mypy_cache/3.11/matplotlib/transforms.meta.json,99_quarantine/unused_generated/mypy_cache/3.11/matplotlib/975_20260711_v08_transforms_meta.json,975,20260711,v08,normalized retained research artifact name,renamed
/Users/tstakuma/Desktop/github/research/99_quarantine/unused_generated/mypy_cache/3.11/matplotlib/tri/__init__.data.json,/Users/tstakuma/Desktop/github/research/99_quarantine/unused_generated/mypy_cache/3.11/matplotlib/tri/976_20260711_v08_init_data.json,99_quarantine/unused_generated/mypy_cache/3.11/matplotlib/tri/__init__.data.json,99_quarantine/unused_generated/mypy_cache/3.11/matplotlib/tri/976_20260711_v08_init_data.json,976,20260711,v08,normalized retained research artifact name,renamed
/Users/tstakuma/Desktop/github/research/99_quarantine/unused_generated/mypy_cache/3.11/matplotlib/tri/__init__.meta.json,/Users/tstakuma/Desktop/github/research/99_quarantine/unused_generated/mypy_cache/3.11/matplotlib/tri/977_20260711_v08_init_meta.json,99_quarantine/unused_generated/mypy_cache/3.11/matplotlib/tri/__init__.meta.json,99_quarantine/unused_generated/mypy_cache/3.11/matplotlib/tri/977_20260711_v08_init_meta.json,977,20260711,v08,normalized retained research artifact name,renamed
/Users/tstakuma/Desktop/github/research/99_quarantine/unused_generated/mypy_cache/3.11/matplotlib/tri/_triangulation.data.json,/Users/tstakuma/Desktop/github/research/99_quarantine/unused_generated/mypy_cache/3.11/matplotlib/tri/978_20260711_v08_triangulation_data.json,99_quarantine/unused_generated/mypy_cache/3.11/matplotlib/tri/_triangulation.data.json,99_quarantine/unused_generated/mypy_cache/3.11/matplotlib/tri/978_20260711_v08_triangulation_data.json,978,20260711,v08,normalized retained research artifact name,renamed
/Users/tstakuma/Desktop/github/research/99_quarantine/unused_generated/mypy_cache/3.11/matplotlib/tri/_triangulation.meta.json,/Users/tstakuma/Desktop/github/research/99_quarantine/unused_generated/mypy_cache/3.11/matplotlib/tri/979_20260711_v08_triangulation_meta.json,99_quarantine/unused_generated/mypy_cache/3.11/matplotlib/tri/_triangulation.meta.json,99_quarantine/unused_generated/mypy_cache/3.11/matplotlib/tri/979_20260711_v08_triangulation_meta.json,979,20260711,v08,normalized retained research artifact name,renamed
/Users/tstakuma/Desktop/github/research/99_quarantine/unused_generated/mypy_cache/3.11/matplotlib/tri/_tricontour.data.json,/Users/tstakuma/Desktop/github/research/99_quarantine/unused_generated/mypy_cache/3.11/matplotlib/tri/980_20260711_v08_tricontour_data.json,99_quarantine/unused_generated/mypy_cache/3.11/matplotlib/tri/_tricontour.data.json,99_quarantine/unused_generated/mypy_cache/3.11/matplotlib/tri/980_20260711_v08_tricontour_data.json,980,20260711,v08,normalized retained research artifact name,renamed
/Users/tstakuma/Desktop/github/research/99_quarantine/unused_generated/mypy_cache/3.11/matplotlib/tri/_tricontour.meta.json,/Users/tstakuma/Desktop/github/research/99_quarantine/unused_generated/mypy_cache/3.11/matplotlib/tri/981_20260711_v08_tricontour_meta.json,99_quarantine/unused_generated/mypy_cache/3.11/matplotlib/tri/_tricontour.meta.json,99_quarantine/unused_generated/mypy_cache/3.11/matplotlib/tri/981_20260711_v08_tricontour_meta.json,981,20260711,v08,normalized retained research artifact name,renamed
/Users/tstakuma/Desktop/github/research/99_quarantine/unused_generated/mypy_cache/3.11/matplotlib/tri/_trifinder.data.json,/Users/tstakuma/Desktop/github/research/99_quarantine/unused_generated/mypy_cache/3.11/matplotlib/tri/982_20260711_v08_trifinder_data.json,99_quarantine/unused_generated/mypy_cache/3.11/matplotlib/tri/_trifinder.data.json,99_quarantine/unused_generated/mypy_cache/3.11/matplotlib/tri/982_20260711_v08_trifinder_data.json,982,20260711,v08,normalized retained research artifact name,renamed
/Users/tstakuma/Desktop/github/research/99_quarantine/unused_generated/mypy_cache/3.11/matplotlib/tri/_trifinder.meta.json,/Users/tstakuma/Desktop/github/research/99_quarantine/unused_generated/mypy_cache/3.11/matplotlib/tri/983_20260711_v08_trifinder_meta.json,99_quarantine/unused_generated/mypy_cache/3.11/matplotlib/tri/_trifinder.meta.json,99_quarantine/unused_generated/mypy_cache/3.11/matplotlib/tri/983_20260711_v08_trifinder_meta.json,983,20260711,v08,normalized retained research artifact name,renamed
/Users/tstakuma/Desktop/github/research/99_quarantine/unused_generated/mypy_cache/3.11/matplotlib/tri/_triinterpolate.data.json,/Users/tstakuma/Desktop/github/research/99_quarantine/unused_generated/mypy_cache/3.11/matplotlib/tri/984_20260711_v08_triinterpolate_data.json,99_quarantine/unused_generated/mypy_cache/3.11/matplotlib/tri/_triinterpolate.data.json,99_quarantine/unused_generated/mypy_cache/3.11/matplotlib/tri/984_20260711_v08_triinterpolate_data.json,984,20260711,v08,normalized retained research artifact name,renamed
/Users/tstakuma/Desktop/github/research/99_quarantine/unused_generated/mypy_cache/3.11/matplotlib/tri/_triinterpolate.meta.json,/Users/tstakuma/Desktop/github/research/99_quarantine/unused_generated/mypy_cache/3.11/matplotlib/tri/985_20260711_v08_triinterpolate_meta.json,99_quarantine/unused_generated/mypy_cache/3.11/matplotlib/tri/_triinterpolate.meta.json,99_quarantine/unused_generated/mypy_cache/3.11/matplotlib/tri/985_20260711_v08_triinterpolate_meta.json,985,20260711,v08,normalized retained research artifact name,renamed
/Users/tstakuma/Desktop/github/research/99_quarantine/unused_generated/mypy_cache/3.11/matplotlib/tri/_tripcolor.data.json,/Users/tstakuma/Desktop/github/research/99_quarantine/unused_generated/mypy_cache/3.11/matplotlib/tri/986_20260711_v08_tripcolor_data.json,99_quarantine/unused_generated/mypy_cache/3.11/matplotlib/tri/_tripcolor.data.json,99_quarantine/unused_generated/mypy_cache/3.11/matplotlib/tri/986_20260711_v08_tripcolor_data.json,986,20260711,v08,normalized retained research artifact name,renamed
/Users/tstakuma/Desktop/github/research/99_quarantine/unused_generated/mypy_cache/3.11/matplotlib/tri/_tripcolor.meta.json,/Users/tstakuma/Desktop/github/research/99_quarantine/unused_generated/mypy_cache/3.11/matplotlib/tri/987_20260711_v08_tripcolor_meta.json,99_quarantine/unused_generated/mypy_cache/3.11/matplotlib/tri/_tripcolor.meta.json,99_quarantine/unused_generated/mypy_cache/3.11/matplotlib/tri/987_20260711_v08_tripcolor_meta.json,987,20260711,v08,normalized retained research artifact name,renamed
/Users/tstakuma/Desktop/github/research/99_quarantine/unused_generated/mypy_cache/3.11/matplotlib/tri/_triplot.data.json,/Users/tstakuma/Desktop/github/research/99_quarantine/unused_generated/mypy_cache/3.11/matplotlib/tri/988_20260711_v08_triplot_data.json,99_quarantine/unused_generated/mypy_cache/3.11/matplotlib/tri/_triplot.data.json,99_quarantine/unused_generated/mypy_cache/3.11/matplotlib/tri/988_20260711_v08_triplot_data.json,988,20260711,v08,normalized retained research artifact name,renamed
/Users/tstakuma/Desktop/github/research/99_quarantine/unused_generated/mypy_cache/3.11/matplotlib/tri/_triplot.meta.json,/Users/tstakuma/Desktop/github/research/99_quarantine/unused_generated/mypy_cache/3.11/matplotlib/tri/989_20260711_v08_triplot_meta.json,99_quarantine/unused_generated/mypy_cache/3.11/matplotlib/tri/_triplot.meta.json,99_quarantine/unused_generated/mypy_cache/3.11/matplotlib/tri/989_20260711_v08_triplot_meta.json,989,20260711,v08,normalized retained research artifact name,renamed
/Users/tstakuma/Desktop/github/research/99_quarantine/unused_generated/mypy_cache/3.11/matplotlib/tri/_trirefine.data.json,/Users/tstakuma/Desktop/github/research/99_quarantine/unused_generated/mypy_cache/3.11/matplotlib/tri/990_20260711_v08_trirefine_data.json,99_quarantine/unused_generated/mypy_cache/3.11/matplotlib/tri/_trirefine.data.json,99_quarantine/unused_generated/mypy_cache/3.11/matplotlib/tri/990_20260711_v08_trirefine_data.json,990,20260711,v08,normalized retained research artifact name,renamed
/Users/tstakuma/Desktop/github/research/99_quarantine/unused_generated/mypy_cache/3.11/matplotlib/tri/_trirefine.meta.json,/Users/tstakuma/Desktop/github/research/99_quarantine/unused_generated/mypy_cache/3.11/matplotlib/tri/991_20260711_v08_trirefine_meta.json,99_quarantine/unused_generated/mypy_cache/3.11/matplotlib/tri/_trirefine.meta.json,99_quarantine/unused_generated/mypy_cache/3.11/matplotlib/tri/991_20260711_v08_trirefine_meta.json,991,20260711,v08,normalized retained research artifact name,renamed
/Users/tstakuma/Desktop/github/research/99_quarantine/unused_generated/mypy_cache/3.11/matplotlib/tri/_tritools.data.json,/Users/tstakuma/Desktop/github/research/99_quarantine/unused_generated/mypy_cache/3.11/matplotlib/tri/992_20260711_v08_tritools_data.json,99_quarantine/unused_generated/mypy_cache/3.11/matplotlib/tri/_tritools.data.json,99_quarantine/unused_generated/mypy_cache/3.11/matplotlib/tri/992_20260711_v08_tritools_data.json,992,20260711,v08,normalized retained research artifact name,renamed
/Users/tstakuma/Desktop/github/research/99_quarantine/unused_generated/mypy_cache/3.11/matplotlib/tri/_tritools.meta.json,/Users/tstakuma/Desktop/github/research/99_quarantine/unused_generated/mypy_cache/3.11/matplotlib/tri/993_20260711_v08_tritools_meta.json,99_quarantine/unused_generated/mypy_cache/3.11/matplotlib/tri/_tritools.meta.json,99_quarantine/unused_generated/mypy_cache/3.11/matplotlib/tri/993_20260711_v08_tritools_meta.json,993,20260711,v08,normalized retained research artifact name,renamed
/Users/tstakuma/Desktop/github/research/99_quarantine/unused_generated/mypy_cache/3.11/matplotlib/typing.data.json,/Users/tstakuma/Desktop/github/research/99_quarantine/unused_generated/mypy_cache/3.11/matplotlib/994_20260711_v08_typing_data.json,99_quarantine/unused_generated/mypy_cache/3.11/matplotlib/typing.data.json,99_quarantine/unused_generated/mypy_cache/3.11/matplotlib/994_20260711_v08_typing_data.json,994,20260711,v08,normalized retained research artifact name,renamed
/Users/tstakuma/Desktop/github/research/99_quarantine/unused_generated/mypy_cache/3.11/matplotlib/typing.meta.json,/Users/tstakuma/Desktop/github/research/99_quarantine/unused_generated/mypy_cache/3.11/matplotlib/995_20260711_v08_typing_meta.json,99_quarantine/unused_generated/mypy_cache/3.11/matplotlib/typing.meta.json,99_quarantine/unused_generated/mypy_cache/3.11/matplotlib/995_20260711_v08_typing_meta.json,995,20260711,v08,normalized retained research artifact name,renamed
/Users/tstakuma/Desktop/github/research/99_quarantine/unused_generated/mypy_cache/3.11/matplotlib/units.data.json,/Users/tstakuma/Desktop/github/research/99_quarantine/unused_generated/mypy_cache/3.11/matplotlib/996_20260711_v08_units_data.json,99_quarantine/unused_generated/mypy_cache/3.11/matplotlib/units.data.json,99_quarantine/unused_generated/mypy_cache/3.11/matplotlib/996_20260711_v08_units_data.json,996,20260711,v08,normalized retained research artifact name,renamed
/Users/tstakuma/Desktop/github/research/99_quarantine/unused_generated/mypy_cache/3.11/matplotlib/units.meta.json,/Users/tstakuma/Desktop/github/research/99_quarantine/unused_generated/mypy_cache/3.11/matplotlib/997_20260711_v08_units_meta.json,99_quarantine/unused_generated/mypy_cache/3.11/matplotlib/units.meta.json,99_quarantine/unused_generated/mypy_cache/3.11/matplotlib/997_20260711_v08_units_meta.json,997,20260711,v08,normalized retained research artifact name,renamed
/Users/tstakuma/Desktop/github/research/99_quarantine/unused_generated/mypy_cache/3.11/matplotlib/widgets.data.json,/Users/tstakuma/Desktop/github/research/99_quarantine/unused_generated/mypy_cache/3.11/matplotlib/998_20260711_v08_widgets_data.json,99_quarantine/unused_generated/mypy_cache/3.11/matplotlib/widgets.data.json,99_quarantine/unused_generated/mypy_cache/3.11/matplotlib/998_20260711_v08_widgets_data.json,998,20260711,v08,normalized retained research artifact name,renamed
/Users/tstakuma/Desktop/github/research/99_quarantine/unused_generated/mypy_cache/3.11/matplotlib/widgets.meta.json,/Users/tstakuma/Desktop/github/research/99_quarantine/unused_generated/mypy_cache/3.11/matplotlib/999_20260711_v08_widgets_meta.json,99_quarantine/unused_generated/mypy_cache/3.11/matplotlib/widgets.meta.json,99_quarantine/unused_generated/mypy_cache/3.11/matplotlib/999_20260711_v08_widgets_meta.json,999,20260711,v08,normalized retained research artifact name,renamed
/Users/tstakuma/Desktop/github/research/99_quarantine/unused_generated/mypy_cache/3.11/mmap.data.json,/Users/tstakuma/Desktop/github/research/99_quarantine/unused_generated/mypy_cache/3.11/950_20260711_v09_mmap_data.json,99_quarantine/unused_generated/mypy_cache/3.11/mmap.data.json,99_quarantine/unused_generated/mypy_cache/3.11/950_20260711_v09_mmap_data.json,950,20260711,v09,normalized retained research artifact name,renamed
/Users/tstakuma/Desktop/github/research/99_quarantine/unused_generated/mypy_cache/3.11/mmap.meta.json,/Users/tstakuma/Desktop/github/research/99_quarantine/unused_generated/mypy_cache/3.11/951_20260711_v09_mmap_meta.json,99_quarantine/unused_generated/mypy_cache/3.11/mmap.meta.json,99_quarantine/unused_generated/mypy_cache/3.11/951_20260711_v09_mmap_meta.json,951,20260711,v09,normalized retained research artifact name,renamed
/Users/tstakuma/Desktop/github/research/99_quarantine/unused_generated/mypy_cache/3.11/multiprocessing/__init__.data.json,/Users/tstakuma/Desktop/github/research/99_quarantine/unused_generated/mypy_cache/3.11/multiprocessing/952_20260711_v09_init_data.json,99_quarantine/unused_generated/mypy_cache/3.11/multiprocessing/__init__.data.json,99_quarantine/unused_generated/mypy_cache/3.11/multiprocessing/952_20260711_v09_init_data.json,952,20260711,v09,normalized retained research artifact name,renamed
/Users/tstakuma/Desktop/github/research/99_quarantine/unused_generated/mypy_cache/3.11/multiprocessing/__init__.meta.json,/Users/tstakuma/Desktop/github/research/99_quarantine/unused_generated/mypy_cache/3.11/multiprocessing/953_20260711_v09_init_meta.json,99_quarantine/unused_generated/mypy_cache/3.11/multiprocessing/__init__.meta.json,99_quarantine/unused_generated/mypy_cache/3.11/multiprocessing/953_20260711_v09_init_meta.json,953,20260711,v09,normalized retained research artifact name,renamed
/Users/tstakuma/Desktop/github/research/99_quarantine/unused_generated/mypy_cache/3.11/multiprocessing/connection.data.json,/Users/tstakuma/Desktop/github/research/99_quarantine/unused_generated/mypy_cache/3.11/multiprocessing/954_20260711_v09_connection_data.json,99_quarantine/unused_generated/mypy_cache/3.11/multiprocessing/connection.data.json,99_quarantine/unused_generated/mypy_cache/3.11/multiprocessing/954_20260711_v09_connection_data.json,954,20260711,v09,normalized retained research artifact name,renamed
/Users/tstakuma/Desktop/github/research/99_quarantine/unused_generated/mypy_cache/3.11/multiprocessing/connection.meta.json,/Users/tstakuma/Desktop/github/research/99_quarantine/unused_generated/mypy_cache/3.11/multiprocessing/955_20260711_v09_connection_meta.json,99_quarantine/unused_generated/mypy_cache/3.11/multiprocessing/connection.meta.json,99_quarantine/unused_generated/mypy_cache/3.11/multiprocessing/955_20260711_v09_connection_meta.json,955,20260711,v09,normalized retained research artifact name,renamed
/Users/tstakuma/Desktop/github/research/99_quarantine/unused_generated/mypy_cache/3.11/multiprocessing/context.data.json,/Users/tstakuma/Desktop/github/research/99_quarantine/unused_generated/mypy_cache/3.11/multiprocessing/956_20260711_v09_context_data.json,99_quarantine/unused_generated/mypy_cache/3.11/multiprocessing/context.data.json,99_quarantine/unused_generated/mypy_cache/3.11/multiprocessing/956_20260711_v09_context_data.json,956,20260711,v09,normalized retained research artifact name,renamed
/Users/tstakuma/Desktop/github/research/99_quarantine/unused_generated/mypy_cache/3.11/multiprocessing/context.meta.json,/Users/tstakuma/Desktop/github/research/99_quarantine/unused_generated/mypy_cache/3.11/multiprocessing/957_20260711_v09_context_meta.json,99_quarantine/unused_generated/mypy_cache/3.11/multiprocessing/context.meta.json,99_quarantine/unused_generated/mypy_cache/3.11/multiprocessing/957_20260711_v09_context_meta.json,957,20260711,v09,normalized retained research artifact name,renamed
/Users/tstakuma/Desktop/github/research/99_quarantine/unused_generated/mypy_cache/3.11/multiprocessing/managers.data.json,/Users/tstakuma/Desktop/github/research/99_quarantine/unused_generated/mypy_cache/3.11/multiprocessing/958_20260711_v09_managers_data.json,99_quarantine/unused_generated/mypy_cache/3.11/multiprocessing/managers.data.json,99_quarantine/unused_generated/mypy_cache/3.11/multiprocessing/958_20260711_v09_managers_data.json,958,20260711,v09,normalized retained research artifact name,renamed
/Users/tstakuma/Desktop/github/research/99_quarantine/unused_generated/mypy_cache/3.11/multiprocessing/managers.meta.json,/Users/tstakuma/Desktop/github/research/99_quarantine/unused_generated/mypy_cache/3.11/multiprocessing/959_20260711_v09_managers_meta.json,99_quarantine/unused_generated/mypy_cache/3.11/multiprocessing/managers.meta.json,99_quarantine/unused_generated/mypy_cache/3.11/multiprocessing/959_20260711_v09_managers_meta.json,959,20260711,v09,normalized retained research artifact name,renamed
/Users/tstakuma/Desktop/github/research/99_quarantine/unused_generated/mypy_cache/3.11/multiprocessing/pool.data.json,/Users/tstakuma/Desktop/github/research/99_quarantine/unused_generated/mypy_cache/3.11/multiprocessing/960_20260711_v09_pool_data.json,99_quarantine/unused_generated/mypy_cache/3.11/multiprocessing/pool.data.json,99_quarantine/unused_generated/mypy_cache/3.11/multiprocessing/960_20260711_v09_pool_data.json,960,20260711,v09,normalized retained research artifact name,renamed
/Users/tstakuma/Desktop/github/research/99_quarantine/unused_generated/mypy_cache/3.11/multiprocessing/pool.meta.json,/Users/tstakuma/Desktop/github/research/99_quarantine/unused_generated/mypy_cache/3.11/multiprocessing/961_20260711_v09_pool_meta.json,99_quarantine/unused_generated/mypy_cache/3.11/multiprocessing/pool.meta.json,99_quarantine/unused_generated/mypy_cache/3.11/multiprocessing/961_20260711_v09_pool_meta.json,961,20260711,v09,normalized retained research artifact name,renamed
/Users/tstakuma/Desktop/github/research/99_quarantine/unused_generated/mypy_cache/3.11/multiprocessing/popen_fork.data.json,/Users/tstakuma/Desktop/github/research/99_quarantine/unused_generated/mypy_cache/3.11/multiprocessing/962_20260711_v09_popen_fork_data.json,99_quarantine/unused_generated/mypy_cache/3.11/multiprocessing/popen_fork.data.json,99_quarantine/unused_generated/mypy_cache/3.11/multiprocessing/962_20260711_v09_popen_fork_data.json,962,20260711,v09,normalized retained research artifact name,renamed
/Users/tstakuma/Desktop/github/research/99_quarantine/unused_generated/mypy_cache/3.11/multiprocessing/popen_fork.meta.json,/Users/tstakuma/Desktop/github/research/99_quarantine/unused_generated/mypy_cache/3.11/multiprocessing/963_20260711_v09_popen_fork_meta.json,99_quarantine/unused_generated/mypy_cache/3.11/multiprocessing/popen_fork.meta.json,99_quarantine/unused_generated/mypy_cache/3.11/multiprocessing/963_20260711_v09_popen_fork_meta.json,963,20260711,v09,normalized retained research artifact name,renamed
/Users/tstakuma/Desktop/github/research/99_quarantine/unused_generated/mypy_cache/3.11/multiprocessing/popen_forkserver.data.json,/Users/tstakuma/Desktop/github/research/99_quarantine/unused_generated/mypy_cache/3.11/multiprocessing/964_20260711_v09_popen_forkserver_data.json,99_quarantine/unused_generated/mypy_cache/3.11/multiprocessing/popen_forkserver.data.json,99_quarantine/unused_generated/mypy_cache/3.11/multiprocessing/964_20260711_v09_popen_forkserver_data.json,964,20260711,v09,normalized retained research artifact name,renamed
/Users/tstakuma/Desktop/github/research/99_quarantine/unused_generated/mypy_cache/3.11/multiprocessing/popen_forkserver.meta.json,/Users/tstakuma/Desktop/github/research/99_quarantine/unused_generated/mypy_cache/3.11/multiprocessing/965_20260711_v09_popen_forkserver_meta.json,99_quarantine/unused_generated/mypy_cache/3.11/multiprocessing/popen_forkserver.meta.json,99_quarantine/unused_generated/mypy_cache/3.11/multiprocessing/965_20260711_v09_popen_forkserver_meta.json,965,20260711,v09,normalized retained research artifact name,renamed
/Users/tstakuma/Desktop/github/research/99_quarantine/unused_generated/mypy_cache/3.11/multiprocessing/popen_spawn_posix.data.json,/Users/tstakuma/Desktop/github/research/99_quarantine/unused_generated/mypy_cache/3.11/multiprocessing/966_20260711_v09_popen_spawn_posix_data.json,99_quarantine/unused_generated/mypy_cache/3.11/multiprocessing/popen_spawn_posix.data.json,99_quarantine/unused_generated/mypy_cache/3.11/multiprocessing/966_20260711_v09_popen_spawn_posix_data.json,966,20260711,v09,normalized retained research artifact name,renamed
/Users/tstakuma/Desktop/github/research/99_quarantine/unused_generated/mypy_cache/3.11/multiprocessing/popen_spawn_posix.meta.json,/Users/tstakuma/Desktop/github/research/99_quarantine/unused_generated/mypy_cache/3.11/multiprocessing/967_20260711_v09_popen_spawn_posix_meta.json,99_quarantine/unused_generated/mypy_cache/3.11/multiprocessing/popen_spawn_posix.meta.json,99_quarantine/unused_generated/mypy_cache/3.11/multiprocessing/967_20260711_v09_popen_spawn_posix_meta.json,967,20260711,v09,normalized retained research artifact name,renamed
/Users/tstakuma/Desktop/github/research/99_quarantine/unused_generated/mypy_cache/3.11/multiprocessing/popen_spawn_win32.data.json,/Users/tstakuma/Desktop/github/research/99_quarantine/unused_generated/mypy_cache/3.11/multiprocessing/968_20260711_v09_popen_spawn_win32_data.json,99_quarantine/unused_generated/mypy_cache/3.11/multiprocessing/popen_spawn_win32.data.json,99_quarantine/unused_generated/mypy_cache/3.11/multiprocessing/968_20260711_v09_popen_spawn_win32_data.json,968,20260711,v09,normalized retained research artifact name,renamed
/Users/tstakuma/Desktop/github/research/99_quarantine/unused_generated/mypy_cache/3.11/multiprocessing/popen_spawn_win32.meta.json,/Users/tstakuma/Desktop/github/research/99_quarantine/unused_generated/mypy_cache/3.11/multiprocessing/969_20260711_v09_popen_spawn_win32_meta.json,99_quarantine/unused_generated/mypy_cache/3.11/multiprocessing/popen_spawn_win32.meta.json,99_quarantine/unused_generated/mypy_cache/3.11/multiprocessing/969_20260711_v09_popen_spawn_win32_meta.json,969,20260711,v09,normalized retained research artifact name,renamed
/Users/tstakuma/Desktop/github/research/99_quarantine/unused_generated/mypy_cache/3.11/multiprocessing/process.data.json,/Users/tstakuma/Desktop/github/research/99_quarantine/unused_generated/mypy_cache/3.11/multiprocessing/970_20260711_v09_process_data.json,99_quarantine/unused_generated/mypy_cache/3.11/multiprocessing/process.data.json,99_quarantine/unused_generated/mypy_cache/3.11/multiprocessing/970_20260711_v09_process_data.json,970,20260711,v09,normalized retained research artifact name,renamed
/Users/tstakuma/Desktop/github/research/99_quarantine/unused_generated/mypy_cache/3.11/multiprocessing/process.meta.json,/Users/tstakuma/Desktop/github/research/99_quarantine/unused_generated/mypy_cache/3.11/multiprocessing/971_20260711_v09_process_meta.json,99_quarantine/unused_generated/mypy_cache/3.11/multiprocessing/process.meta.json,99_quarantine/unused_generated/mypy_cache/3.11/multiprocessing/971_20260711_v09_process_meta.json,971,20260711,v09,normalized retained research artifact name,renamed
/Users/tstakuma/Desktop/github/research/99_quarantine/unused_generated/mypy_cache/3.11/multiprocessing/queues.data.json,/Users/tstakuma/Desktop/github/research/99_quarantine/unused_generated/mypy_cache/3.11/multiprocessing/972_20260711_v09_queues_data.json,99_quarantine/unused_generated/mypy_cache/3.11/multiprocessing/queues.data.json,99_quarantine/unused_generated/mypy_cache/3.11/multiprocessing/972_20260711_v09_queues_data.json,972,20260711,v09,normalized retained research artifact name,renamed
/Users/tstakuma/Desktop/github/research/99_quarantine/unused_generated/mypy_cache/3.11/multiprocessing/queues.meta.json,/Users/tstakuma/Desktop/github/research/99_quarantine/unused_generated/mypy_cache/3.11/multiprocessing/973_20260711_v09_queues_meta.json,99_quarantine/unused_generated/mypy_cache/3.11/multiprocessing/queues.meta.json,99_quarantine/unused_generated/mypy_cache/3.11/multiprocessing/973_20260711_v09_queues_meta.json,973,20260711,v09,normalized retained research artifact name,renamed
/Users/tstakuma/Desktop/github/research/99_quarantine/unused_generated/mypy_cache/3.11/multiprocessing/reduction.data.json,/Users/tstakuma/Desktop/github/research/99_quarantine/unused_generated/mypy_cache/3.11/multiprocessing/974_20260711_v09_reduction_data.json,99_quarantine/unused_generated/mypy_cache/3.11/multiprocessing/reduction.data.json,99_quarantine/unused_generated/mypy_cache/3.11/multiprocessing/974_20260711_v09_reduction_data.json,974,20260711,v09,normalized retained research artifact name,renamed
/Users/tstakuma/Desktop/github/research/99_quarantine/unused_generated/mypy_cache/3.11/multiprocessing/reduction.meta.json,/Users/tstakuma/Desktop/github/research/99_quarantine/unused_generated/mypy_cache/3.11/multiprocessing/975_20260711_v09_reduction_meta.json,99_quarantine/unused_generated/mypy_cache/3.11/multiprocessing/reduction.meta.json,99_quarantine/unused_generated/mypy_cache/3.11/multiprocessing/975_20260711_v09_reduction_meta.json,975,20260711,v09,normalized retained research artifact name,renamed
/Users/tstakuma/Desktop/github/research/99_quarantine/unused_generated/mypy_cache/3.11/multiprocessing/shared_memory.data.json,/Users/tstakuma/Desktop/github/research/99_quarantine/unused_generated/mypy_cache/3.11/multiprocessing/976_20260711_v09_shared_memory_data.json,99_quarantine/unused_generated/mypy_cache/3.11/multiprocessing/shared_memory.data.json,99_quarantine/unused_generated/mypy_cache/3.11/multiprocessing/976_20260711_v09_shared_memory_data.json,976,20260711,v09,normalized retained research artifact name,renamed
/Users/tstakuma/Desktop/github/research/99_quarantine/unused_generated/mypy_cache/3.11/multiprocessing/shared_memory.meta.json,/Users/tstakuma/Desktop/github/research/99_quarantine/unused_generated/mypy_cache/3.11/multiprocessing/977_20260711_v09_shared_memory_meta.json,99_quarantine/unused_generated/mypy_cache/3.11/multiprocessing/shared_memory.meta.json,99_quarantine/unused_generated/mypy_cache/3.11/multiprocessing/977_20260711_v09_shared_memory_meta.json,977,20260711,v09,normalized retained research artifact name,renamed
/Users/tstakuma/Desktop/github/research/99_quarantine/unused_generated/mypy_cache/3.11/multiprocessing/sharedctypes.data.json,/Users/tstakuma/Desktop/github/research/99_quarantine/unused_generated/mypy_cache/3.11/multiprocessing/978_20260711_v09_sharedctypes_data.json,99_quarantine/unused_generated/mypy_cache/3.11/multiprocessing/sharedctypes.data.json,99_quarantine/unused_generated/mypy_cache/3.11/multiprocessing/978_20260711_v09_sharedctypes_data.json,978,20260711,v09,normalized retained research artifact name,renamed
/Users/tstakuma/Desktop/github/research/99_quarantine/unused_generated/mypy_cache/3.11/multiprocessing/sharedctypes.meta.json,/Users/tstakuma/Desktop/github/research/99_quarantine/unused_generated/mypy_cache/3.11/multiprocessing/979_20260711_v09_sharedctypes_meta.json,99_quarantine/unused_generated/mypy_cache/3.11/multiprocessing/sharedctypes.meta.json,99_quarantine/unused_generated/mypy_cache/3.11/multiprocessing/979_20260711_v09_sharedctypes_meta.json,979,20260711,v09,normalized retained research artifact name,renamed
/Users/tstakuma/Desktop/github/research/99_quarantine/unused_generated/mypy_cache/3.11/multiprocessing/spawn.data.json,/Users/tstakuma/Desktop/github/research/99_quarantine/unused_generated/mypy_cache/3.11/multiprocessing/980_20260711_v09_spawn_data.json,99_quarantine/unused_generated/mypy_cache/3.11/multiprocessing/spawn.data.json,99_quarantine/unused_generated/mypy_cache/3.11/multiprocessing/980_20260711_v09_spawn_data.json,980,20260711,v09,normalized retained research artifact name,renamed
/Users/tstakuma/Desktop/github/research/99_quarantine/unused_generated/mypy_cache/3.11/multiprocessing/spawn.meta.json,/Users/tstakuma/Desktop/github/research/99_quarantine/unused_generated/mypy_cache/3.11/multiprocessing/981_20260711_v09_spawn_meta.json,99_quarantine/unused_generated/mypy_cache/3.11/multiprocessing/spawn.meta.json,99_quarantine/unused_generated/mypy_cache/3.11/multiprocessing/981_20260711_v09_spawn_meta.json,981,20260711,v09,normalized retained research artifact name,renamed
/Users/tstakuma/Desktop/github/research/99_quarantine/unused_generated/mypy_cache/3.11/multiprocessing/synchronize.data.json,/Users/tstakuma/Desktop/github/research/99_quarantine/unused_generated/mypy_cache/3.11/multiprocessing/982_20260711_v09_synchronize_data.json,99_quarantine/unused_generated/mypy_cache/3.11/multiprocessing/synchronize.data.json,99_quarantine/unused_generated/mypy_cache/3.11/multiprocessing/982_20260711_v09_synchronize_data.json,982,20260711,v09,normalized retained research artifact name,renamed
/Users/tstakuma/Desktop/github/research/99_quarantine/unused_generated/mypy_cache/3.11/multiprocessing/synchronize.meta.json,/Users/tstakuma/Desktop/github/research/99_quarantine/unused_generated/mypy_cache/3.11/multiprocessing/983_20260711_v09_synchronize_meta.json,99_quarantine/unused_generated/mypy_cache/3.11/multiprocessing/synchronize.meta.json,99_quarantine/unused_generated/mypy_cache/3.11/multiprocessing/983_20260711_v09_synchronize_meta.json,983,20260711,v09,normalized retained research artifact name,renamed
/Users/tstakuma/Desktop/github/research/99_quarantine/unused_generated/mypy_cache/3.11/multiprocessing/util.data.json,/Users/tstakuma/Desktop/github/research/99_quarantine/unused_generated/mypy_cache/3.11/multiprocessing/984_20260711_v09_util_data.json,99_quarantine/unused_generated/mypy_cache/3.11/multiprocessing/util.data.json,99_quarantine/unused_generated/mypy_cache/3.11/multiprocessing/984_20260711_v09_util_data.json,984,20260711,v09,normalized retained research artifact name,renamed
/Users/tstakuma/Desktop/github/research/99_quarantine/unused_generated/mypy_cache/3.11/multiprocessing/util.meta.json,/Users/tstakuma/Desktop/github/research/99_quarantine/unused_generated/mypy_cache/3.11/multiprocessing/985_20260711_v09_util_meta.json,99_quarantine/unused_generated/mypy_cache/3.11/multiprocessing/util.meta.json,99_quarantine/unused_generated/mypy_cache/3.11/multiprocessing/985_20260711_v09_util_meta.json,985,20260711,v09,normalized retained research artifact name,renamed
/Users/tstakuma/Desktop/github/research/99_quarantine/unused_generated/mypy_cache/3.11/numbers.data.json,/Users/tstakuma/Desktop/github/research/99_quarantine/unused_generated/mypy_cache/3.11/986_20260711_v09_numbers_data.json,99_quarantine/unused_generated/mypy_cache/3.11/numbers.data.json,99_quarantine/unused_generated/mypy_cache/3.11/986_20260711_v09_numbers_data.json,986,20260711,v09,normalized retained research artifact name,renamed
/Users/tstakuma/Desktop/github/research/99_quarantine/unused_generated/mypy_cache/3.11/numbers.meta.json,/Users/tstakuma/Desktop/github/research/99_quarantine/unused_generated/mypy_cache/3.11/987_20260711_v09_numbers_meta.json,99_quarantine/unused_generated/mypy_cache/3.11/numbers.meta.json,99_quarantine/unused_generated/mypy_cache/3.11/987_20260711_v09_numbers_meta.json,987,20260711,v09,normalized retained research artifact name,renamed
/Users/tstakuma/Desktop/github/research/99_quarantine/unused_generated/mypy_cache/3.11/numpy/__init__.data.json,/Users/tstakuma/Desktop/github/research/99_quarantine/unused_generated/mypy_cache/3.11/numpy/988_20260711_v09_init_data.json,99_quarantine/unused_generated/mypy_cache/3.11/numpy/__init__.data.json,99_quarantine/unused_generated/mypy_cache/3.11/numpy/988_20260711_v09_init_data.json,988,20260711,v09,normalized retained research artifact name,renamed
/Users/tstakuma/Desktop/github/research/99_quarantine/unused_generated/mypy_cache/3.11/numpy/__init__.meta.json,/Users/tstakuma/Desktop/github/research/99_quarantine/unused_generated/mypy_cache/3.11/numpy/989_20260711_v09_init_meta.json,99_quarantine/unused_generated/mypy_cache/3.11/numpy/__init__.meta.json,99_quarantine/unused_generated/mypy_cache/3.11/numpy/989_20260711_v09_init_meta.json,989,20260711,v09,normalized retained research artifact name,renamed
/Users/tstakuma/Desktop/github/research/99_quarantine/unused_generated/mypy_cache/3.11/numpy/_pytesttester.data.json,/Users/tstakuma/Desktop/github/research/99_quarantine/unused_generated/mypy_cache/3.11/numpy/990_20260711_v09_pytesttester_data.json,99_quarantine/unused_generated/mypy_cache/3.11/numpy/_pytesttester.data.json,99_quarantine/unused_generated/mypy_cache/3.11/numpy/990_20260711_v09_pytesttester_data.json,990,20260711,v09,normalized retained research artifact name,renamed
/Users/tstakuma/Desktop/github/research/99_quarantine/unused_generated/mypy_cache/3.11/numpy/_pytesttester.meta.json,/Users/tstakuma/Desktop/github/research/99_quarantine/unused_generated/mypy_cache/3.11/numpy/991_20260711_v09_pytesttester_meta.json,99_quarantine/unused_generated/mypy_cache/3.11/numpy/_pytesttester.meta.json,99_quarantine/unused_generated/mypy_cache/3.11/numpy/991_20260711_v09_pytesttester_meta.json,991,20260711,v09,normalized retained research artifact name,renamed
/Users/tstakuma/Desktop/github/research/99_quarantine/unused_generated/mypy_cache/3.11/numpy/_typing/__init__.data.json,/Users/tstakuma/Desktop/github/research/99_quarantine/unused_generated/mypy_cache/3.11/numpy/_typing/992_20260711_v09_init_data.json,99_quarantine/unused_generated/mypy_cache/3.11/numpy/_typing/__init__.data.json,99_quarantine/unused_generated/mypy_cache/3.11/numpy/_typing/992_20260711_v09_init_data.json,992,20260711,v09,normalized retained research artifact name,renamed
/Users/tstakuma/Desktop/github/research/99_quarantine/unused_generated/mypy_cache/3.11/numpy/_typing/__init__.meta.json,/Users/tstakuma/Desktop/github/research/99_quarantine/unused_generated/mypy_cache/3.11/numpy/_typing/993_20260711_v09_init_meta.json,99_quarantine/unused_generated/mypy_cache/3.11/numpy/_typing/__init__.meta.json,99_quarantine/unused_generated/mypy_cache/3.11/numpy/_typing/993_20260711_v09_init_meta.json,993,20260711,v09,normalized retained research artifact name,renamed
/Users/tstakuma/Desktop/github/research/99_quarantine/unused_generated/mypy_cache/3.11/numpy/_typing/_add_docstring.data.json,/Users/tstakuma/Desktop/github/research/99_quarantine/unused_generated/mypy_cache/3.11/numpy/_typing/994_20260711_v09_add_docstring_data.json,99_quarantine/unused_generated/mypy_cache/3.11/numpy/_typing/_add_docstring.data.json,99_quarantine/unused_generated/mypy_cache/3.11/numpy/_typing/994_20260711_v09_add_docstring_data.json,994,20260711,v09,normalized retained research artifact name,renamed
/Users/tstakuma/Desktop/github/research/99_quarantine/unused_generated/mypy_cache/3.11/numpy/_typing/_add_docstring.meta.json,/Users/tstakuma/Desktop/github/research/99_quarantine/unused_generated/mypy_cache/3.11/numpy/_typing/995_20260711_v09_add_docstring_meta.json,99_quarantine/unused_generated/mypy_cache/3.11/numpy/_typing/_add_docstring.meta.json,99_quarantine/unused_generated/mypy_cache/3.11/numpy/_typing/995_20260711_v09_add_docstring_meta.json,995,20260711,v09,normalized retained research artifact name,renamed
/Users/tstakuma/Desktop/github/research/99_quarantine/unused_generated/mypy_cache/3.11/numpy/_typing/_array_like.data.json,/Users/tstakuma/Desktop/github/research/99_quarantine/unused_generated/mypy_cache/3.11/numpy/_typing/996_20260711_v09_array_like_data.json,99_quarantine/unused_generated/mypy_cache/3.11/numpy/_typing/_array_like.data.json,99_quarantine/unused_generated/mypy_cache/3.11/numpy/_typing/996_20260711_v09_array_like_data.json,996,20260711,v09,normalized retained research artifact name,renamed
/Users/tstakuma/Desktop/github/research/99_quarantine/unused_generated/mypy_cache/3.11/numpy/_typing/_array_like.meta.json,/Users/tstakuma/Desktop/github/research/99_quarantine/unused_generated/mypy_cache/3.11/numpy/_typing/997_20260711_v09_array_like_meta.json,99_quarantine/unused_generated/mypy_cache/3.11/numpy/_typing/_array_like.meta.json,99_quarantine/unused_generated/mypy_cache/3.11/numpy/_typing/997_20260711_v09_array_like_meta.json,997,20260711,v09,normalized retained research artifact name,renamed
/Users/tstakuma/Desktop/github/research/99_quarantine/unused_generated/mypy_cache/3.11/numpy/_typing/_callable.data.json,/Users/tstakuma/Desktop/github/research/99_quarantine/unused_generated/mypy_cache/3.11/numpy/_typing/998_20260711_v09_callable_data.json,99_quarantine/unused_generated/mypy_cache/3.11/numpy/_typing/_callable.data.json,99_quarantine/unused_generated/mypy_cache/3.11/numpy/_typing/998_20260711_v09_callable_data.json,998,20260711,v09,normalized retained research artifact name,renamed
/Users/tstakuma/Desktop/github/research/99_quarantine/unused_generated/mypy_cache/3.11/numpy/_typing/_callable.meta.json,/Users/tstakuma/Desktop/github/research/99_quarantine/unused_generated/mypy_cache/3.11/numpy/_typing/999_20260711_v09_callable_meta.json,99_quarantine/unused_generated/mypy_cache/3.11/numpy/_typing/_callable.meta.json,99_quarantine/unused_generated/mypy_cache/3.11/numpy/_typing/999_20260711_v09_callable_meta.json,999,20260711,v09,normalized retained research artifact name,renamed
/Users/tstakuma/Desktop/github/research/99_quarantine/unused_generated/mypy_cache/3.11/numpy/_typing/_char_codes.data.json,/Users/tstakuma/Desktop/github/research/99_quarantine/unused_generated/mypy_cache/3.11/numpy/_typing/950_20260711_v10_char_codes_data.json,99_quarantine/unused_generated/mypy_cache/3.11/numpy/_typing/_char_codes.data.json,99_quarantine/unused_generated/mypy_cache/3.11/numpy/_typing/950_20260711_v10_char_codes_data.json,950,20260711,v10,normalized retained research artifact name,renamed
/Users/tstakuma/Desktop/github/research/99_quarantine/unused_generated/mypy_cache/3.11/numpy/_typing/_char_codes.meta.json,/Users/tstakuma/Desktop/github/research/99_quarantine/unused_generated/mypy_cache/3.11/numpy/_typing/951_20260711_v10_char_codes_meta.json,99_quarantine/unused_generated/mypy_cache/3.11/numpy/_typing/_char_codes.meta.json,99_quarantine/unused_generated/mypy_cache/3.11/numpy/_typing/951_20260711_v10_char_codes_meta.json,951,20260711,v10,normalized retained research artifact name,renamed
/Users/tstakuma/Desktop/github/research/99_quarantine/unused_generated/mypy_cache/3.11/numpy/_typing/_dtype_like.data.json,/Users/tstakuma/Desktop/github/research/99_quarantine/unused_generated/mypy_cache/3.11/numpy/_typing/952_20260711_v10_dtype_like_data.json,99_quarantine/unused_generated/mypy_cache/3.11/numpy/_typing/_dtype_like.data.json,99_quarantine/unused_generated/mypy_cache/3.11/numpy/_typing/952_20260711_v10_dtype_like_data.json,952,20260711,v10,normalized retained research artifact name,renamed
/Users/tstakuma/Desktop/github/research/99_quarantine/unused_generated/mypy_cache/3.11/numpy/_typing/_dtype_like.meta.json,/Users/tstakuma/Desktop/github/research/99_quarantine/unused_generated/mypy_cache/3.11/numpy/_typing/953_20260711_v10_dtype_like_meta.json,99_quarantine/unused_generated/mypy_cache/3.11/numpy/_typing/_dtype_like.meta.json,99_quarantine/unused_generated/mypy_cache/3.11/numpy/_typing/953_20260711_v10_dtype_like_meta.json,953,20260711,v10,normalized retained research artifact name,renamed
/Users/tstakuma/Desktop/github/research/99_quarantine/unused_generated/mypy_cache/3.11/numpy/_typing/_extended_precision.data.json,/Users/tstakuma/Desktop/github/research/99_quarantine/unused_generated/mypy_cache/3.11/numpy/_typing/954_20260711_v10_extended_precision_data.json,99_quarantine/unused_generated/mypy_cache/3.11/numpy/_typing/_extended_precision.data.json,99_quarantine/unused_generated/mypy_cache/3.11/numpy/_typing/954_20260711_v10_extended_precision_data.json,954,20260711,v10,normalized retained research artifact name,renamed
/Users/tstakuma/Desktop/github/research/99_quarantine/unused_generated/mypy_cache/3.11/numpy/_typing/_extended_precision.meta.json,/Users/tstakuma/Desktop/github/research/99_quarantine/unused_generated/mypy_cache/3.11/numpy/_typing/955_20260711_v10_extended_precision_meta.json,99_quarantine/unused_generated/mypy_cache/3.11/numpy/_typing/_extended_precision.meta.json,99_quarantine/unused_generated/mypy_cache/3.11/numpy/_typing/955_20260711_v10_extended_precision_meta.json,955,20260711,v10,normalized retained research artifact name,renamed
/Users/tstakuma/Desktop/github/research/99_quarantine/unused_generated/mypy_cache/3.11/numpy/_typing/_nbit.data.json,/Users/tstakuma/Desktop/github/research/99_quarantine/unused_generated/mypy_cache/3.11/numpy/_typing/956_20260711_v10_nbit_data.json,99_quarantine/unused_generated/mypy_cache/3.11/numpy/_typing/_nbit.data.json,99_quarantine/unused_generated/mypy_cache/3.11/numpy/_typing/956_20260711_v10_nbit_data.json,956,20260711,v10,normalized retained research artifact name,renamed
/Users/tstakuma/Desktop/github/research/99_quarantine/unused_generated/mypy_cache/3.11/numpy/_typing/_nbit.meta.json,/Users/tstakuma/Desktop/github/research/99_quarantine/unused_generated/mypy_cache/3.11/numpy/_typing/957_20260711_v10_nbit_meta.json,99_quarantine/unused_generated/mypy_cache/3.11/numpy/_typing/_nbit.meta.json,99_quarantine/unused_generated/mypy_cache/3.11/numpy/_typing/957_20260711_v10_nbit_meta.json,957,20260711,v10,normalized retained research artifact name,renamed
/Users/tstakuma/Desktop/github/research/99_quarantine/unused_generated/mypy_cache/3.11/numpy/_typing/_nested_sequence.data.json,/Users/tstakuma/Desktop/github/research/99_quarantine/unused_generated/mypy_cache/3.11/numpy/_typing/958_20260711_v10_nested_sequence_data.json,99_quarantine/unused_generated/mypy_cache/3.11/numpy/_typing/_nested_sequence.data.json,99_quarantine/unused_generated/mypy_cache/3.11/numpy/_typing/958_20260711_v10_nested_sequence_data.json,958,20260711,v10,normalized retained research artifact name,renamed
/Users/tstakuma/Desktop/github/research/99_quarantine/unused_generated/mypy_cache/3.11/numpy/_typing/_nested_sequence.meta.json,/Users/tstakuma/Desktop/github/research/99_quarantine/unused_generated/mypy_cache/3.11/numpy/_typing/959_20260711_v10_nested_sequence_meta.json,99_quarantine/unused_generated/mypy_cache/3.11/numpy/_typing/_nested_sequence.meta.json,99_quarantine/unused_generated/mypy_cache/3.11/numpy/_typing/959_20260711_v10_nested_sequence_meta.json,959,20260711,v10,normalized retained research artifact name,renamed
/Users/tstakuma/Desktop/github/research/99_quarantine/unused_generated/mypy_cache/3.11/numpy/_typing/_scalars.data.json,/Users/tstakuma/Desktop/github/research/99_quarantine/unused_generated/mypy_cache/3.11/numpy/_typing/960_20260711_v10_scalars_data.json,99_quarantine/unused_generated/mypy_cache/3.11/numpy/_typing/_scalars.data.json,99_quarantine/unused_generated/mypy_cache/3.11/numpy/_typing/960_20260711_v10_scalars_data.json,960,20260711,v10,normalized retained research artifact name,renamed
/Users/tstakuma/Desktop/github/research/99_quarantine/unused_generated/mypy_cache/3.11/numpy/_typing/_scalars.meta.json,/Users/tstakuma/Desktop/github/research/99_quarantine/unused_generated/mypy_cache/3.11/numpy/_typing/961_20260711_v10_scalars_meta.json,99_quarantine/unused_generated/mypy_cache/3.11/numpy/_typing/_scalars.meta.json,99_quarantine/unused_generated/mypy_cache/3.11/numpy/_typing/961_20260711_v10_scalars_meta.json,961,20260711,v10,normalized retained research artifact name,renamed
/Users/tstakuma/Desktop/github/research/99_quarantine/unused_generated/mypy_cache/3.11/numpy/_typing/_shape.data.json,/Users/tstakuma/Desktop/github/research/99_quarantine/unused_generated/mypy_cache/3.11/numpy/_typing/962_20260711_v10_shape_data.json,99_quarantine/unused_generated/mypy_cache/3.11/numpy/_typing/_shape.data.json,99_quarantine/unused_generated/mypy_cache/3.11/numpy/_typing/962_20260711_v10_shape_data.json,962,20260711,v10,normalized retained research artifact name,renamed
/Users/tstakuma/Desktop/github/research/99_quarantine/unused_generated/mypy_cache/3.11/numpy/_typing/_shape.meta.json,/Users/tstakuma/Desktop/github/research/99_quarantine/unused_generated/mypy_cache/3.11/numpy/_typing/963_20260711_v10_shape_meta.json,99_quarantine/unused_generated/mypy_cache/3.11/numpy/_typing/_shape.meta.json,99_quarantine/unused_generated/mypy_cache/3.11/numpy/_typing/963_20260711_v10_shape_meta.json,963,20260711,v10,normalized retained research artifact name,renamed
/Users/tstakuma/Desktop/github/research/99_quarantine/unused_generated/mypy_cache/3.11/numpy/_typing/_ufunc.data.json,/Users/tstakuma/Desktop/github/research/99_quarantine/unused_generated/mypy_cache/3.11/numpy/_typing/964_20260711_v10_ufunc_data.json,99_quarantine/unused_generated/mypy_cache/3.11/numpy/_typing/_ufunc.data.json,99_quarantine/unused_generated/mypy_cache/3.11/numpy/_typing/964_20260711_v10_ufunc_data.json,964,20260711,v10,normalized retained research artifact name,renamed
/Users/tstakuma/Desktop/github/research/99_quarantine/unused_generated/mypy_cache/3.11/numpy/_typing/_ufunc.meta.json,/Users/tstakuma/Desktop/github/research/99_quarantine/unused_generated/mypy_cache/3.11/numpy/_typing/965_20260711_v10_ufunc_meta.json,99_quarantine/unused_generated/mypy_cache/3.11/numpy/_typing/_ufunc.meta.json,99_quarantine/unused_generated/mypy_cache/3.11/numpy/_typing/965_20260711_v10_ufunc_meta.json,965,20260711,v10,normalized retained research artifact name,renamed
/Users/tstakuma/Desktop/github/research/99_quarantine/unused_generated/mypy_cache/3.11/numpy/_utils/__init__.data.json,/Users/tstakuma/Desktop/github/research/99_quarantine/unused_generated/mypy_cache/3.11/numpy/_utils/966_20260711_v10_init_data.json,99_quarantine/unused_generated/mypy_cache/3.11/numpy/_utils/__init__.data.json,99_quarantine/unused_generated/mypy_cache/3.11/numpy/_utils/966_20260711_v10_init_data.json,966,20260711,v10,normalized retained research artifact name,renamed
/Users/tstakuma/Desktop/github/research/99_quarantine/unused_generated/mypy_cache/3.11/numpy/_utils/__init__.meta.json,/Users/tstakuma/Desktop/github/research/99_quarantine/unused_generated/mypy_cache/3.11/numpy/_utils/967_20260711_v10_init_meta.json,99_quarantine/unused_generated/mypy_cache/3.11/numpy/_utils/__init__.meta.json,99_quarantine/unused_generated/mypy_cache/3.11/numpy/_utils/967_20260711_v10_init_meta.json,967,20260711,v10,normalized retained research artifact name,renamed
/Users/tstakuma/Desktop/github/research/99_quarantine/unused_generated/mypy_cache/3.11/numpy/_utils/_convertions.data.json,/Users/tstakuma/Desktop/github/research/99_quarantine/unused_generated/mypy_cache/3.11/numpy/_utils/968_20260711_v10_convertions_data.json,99_quarantine/unused_generated/mypy_cache/3.11/numpy/_utils/_convertions.data.json,99_quarantine/unused_generated/mypy_cache/3.11/numpy/_utils/968_20260711_v10_convertions_data.json,968,20260711,v10,normalized retained research artifact name,renamed
/Users/tstakuma/Desktop/github/research/99_quarantine/unused_generated/mypy_cache/3.11/numpy/_utils/_convertions.meta.json,/Users/tstakuma/Desktop/github/research/99_quarantine/unused_generated/mypy_cache/3.11/numpy/_utils/969_20260711_v10_convertions_meta.json,99_quarantine/unused_generated/mypy_cache/3.11/numpy/_utils/_convertions.meta.json,99_quarantine/unused_generated/mypy_cache/3.11/numpy/_utils/969_20260711_v10_convertions_meta.json,969,20260711,v10,normalized retained research artifact name,renamed
/Users/tstakuma/Desktop/github/research/99_quarantine/unused_generated/mypy_cache/3.11/numpy/core/__init__.data.json,/Users/tstakuma/Desktop/github/research/99_quarantine/unused_generated/mypy_cache/3.11/numpy/core/970_20260711_v10_init_data.json,99_quarantine/unused_generated/mypy_cache/3.11/numpy/core/__init__.data.json,99_quarantine/unused_generated/mypy_cache/3.11/numpy/core/970_20260711_v10_init_data.json,970,20260711,v10,normalized retained research artifact name,renamed
/Users/tstakuma/Desktop/github/research/99_quarantine/unused_generated/mypy_cache/3.11/numpy/core/__init__.meta.json,/Users/tstakuma/Desktop/github/research/99_quarantine/unused_generated/mypy_cache/3.11/numpy/core/971_20260711_v10_init_meta.json,99_quarantine/unused_generated/mypy_cache/3.11/numpy/core/__init__.meta.json,99_quarantine/unused_generated/mypy_cache/3.11/numpy/core/971_20260711_v10_init_meta.json,971,20260711,v10,normalized retained research artifact name,renamed
/Users/tstakuma/Desktop/github/research/99_quarantine/unused_generated/mypy_cache/3.11/numpy/core/_asarray.data.json,/Users/tstakuma/Desktop/github/research/99_quarantine/unused_generated/mypy_cache/3.11/numpy/core/972_20260711_v10_asarray_data.json,99_quarantine/unused_generated/mypy_cache/3.11/numpy/core/_asarray.data.json,99_quarantine/unused_generated/mypy_cache/3.11/numpy/core/972_20260711_v10_asarray_data.json,972,20260711,v10,normalized retained research artifact name,renamed
/Users/tstakuma/Desktop/github/research/99_quarantine/unused_generated/mypy_cache/3.11/numpy/core/_asarray.meta.json,/Users/tstakuma/Desktop/github/research/99_quarantine/unused_generated/mypy_cache/3.11/numpy/core/973_20260711_v10_asarray_meta.json,99_quarantine/unused_generated/mypy_cache/3.11/numpy/core/_asarray.meta.json,99_quarantine/unused_generated/mypy_cache/3.11/numpy/core/973_20260711_v10_asarray_meta.json,973,20260711,v10,normalized retained research artifact name,renamed
/Users/tstakuma/Desktop/github/research/99_quarantine/unused_generated/mypy_cache/3.11/numpy/core/_internal.data.json,/Users/tstakuma/Desktop/github/research/99_quarantine/unused_generated/mypy_cache/3.11/numpy/core/974_20260711_v10_internal_data.json,99_quarantine/unused_generated/mypy_cache/3.11/numpy/core/_internal.data.json,99_quarantine/unused_generated/mypy_cache/3.11/numpy/core/974_20260711_v10_internal_data.json,974,20260711,v10,normalized retained research artifact name,renamed
/Users/tstakuma/Desktop/github/research/99_quarantine/unused_generated/mypy_cache/3.11/numpy/core/_internal.meta.json,/Users/tstakuma/Desktop/github/research/99_quarantine/unused_generated/mypy_cache/3.11/numpy/core/975_20260711_v10_internal_meta.json,99_quarantine/unused_generated/mypy_cache/3.11/numpy/core/_internal.meta.json,99_quarantine/unused_generated/mypy_cache/3.11/numpy/core/975_20260711_v10_internal_meta.json,975,20260711,v10,normalized retained research artifact name,renamed
/Users/tstakuma/Desktop/github/research/99_quarantine/unused_generated/mypy_cache/3.11/numpy/core/_type_aliases.data.json,/Users/tstakuma/Desktop/github/research/99_quarantine/unused_generated/mypy_cache/3.11/numpy/core/976_20260711_v10_type_aliases_data.json,99_quarantine/unused_generated/mypy_cache/3.11/numpy/core/_type_aliases.data.json,99_quarantine/unused_generated/mypy_cache/3.11/numpy/core/976_20260711_v10_type_aliases_data.json,976,20260711,v10,normalized retained research artifact name,renamed
/Users/tstakuma/Desktop/github/research/99_quarantine/unused_generated/mypy_cache/3.11/numpy/core/_type_aliases.meta.json,/Users/tstakuma/Desktop/github/research/99_quarantine/unused_generated/mypy_cache/3.11/numpy/core/977_20260711_v10_type_aliases_meta.json,99_quarantine/unused_generated/mypy_cache/3.11/numpy/core/_type_aliases.meta.json,99_quarantine/unused_generated/mypy_cache/3.11/numpy/core/977_20260711_v10_type_aliases_meta.json,977,20260711,v10,normalized retained research artifact name,renamed
/Users/tstakuma/Desktop/github/research/99_quarantine/unused_generated/mypy_cache/3.11/numpy/core/_ufunc_config.data.json,/Users/tstakuma/Desktop/github/research/99_quarantine/unused_generated/mypy_cache/3.11/numpy/core/978_20260711_v10_ufunc_config_data.json,99_quarantine/unused_generated/mypy_cache/3.11/numpy/core/_ufunc_config.data.json,99_quarantine/unused_generated/mypy_cache/3.11/numpy/core/978_20260711_v10_ufunc_config_data.json,978,20260711,v10,normalized retained research artifact name,renamed
/Users/tstakuma/Desktop/github/research/99_quarantine/unused_generated/mypy_cache/3.11/numpy/core/_ufunc_config.meta.json,/Users/tstakuma/Desktop/github/research/99_quarantine/unused_generated/mypy_cache/3.11/numpy/core/979_20260711_v10_ufunc_config_meta.json,99_quarantine/unused_generated/mypy_cache/3.11/numpy/core/_ufunc_config.meta.json,99_quarantine/unused_generated/mypy_cache/3.11/numpy/core/979_20260711_v10_ufunc_config_meta.json,979,20260711,v10,normalized retained research artifact name,renamed
/Users/tstakuma/Desktop/github/research/99_quarantine/unused_generated/mypy_cache/3.11/numpy/core/arrayprint.data.json,/Users/tstakuma/Desktop/github/research/99_quarantine/unused_generated/mypy_cache/3.11/numpy/core/980_20260711_v10_arrayprint_data.json,99_quarantine/unused_generated/mypy_cache/3.11/numpy/core/arrayprint.data.json,99_quarantine/unused_generated/mypy_cache/3.11/numpy/core/980_20260711_v10_arrayprint_data.json,980,20260711,v10,normalized retained research artifact name,renamed
/Users/tstakuma/Desktop/github/research/99_quarantine/unused_generated/mypy_cache/3.11/numpy/core/arrayprint.meta.json,/Users/tstakuma/Desktop/github/research/99_quarantine/unused_generated/mypy_cache/3.11/numpy/core/981_20260711_v10_arrayprint_meta.json,99_quarantine/unused_generated/mypy_cache/3.11/numpy/core/arrayprint.meta.json,99_quarantine/unused_generated/mypy_cache/3.11/numpy/core/981_20260711_v10_arrayprint_meta.json,981,20260711,v10,normalized retained research artifact name,renamed
/Users/tstakuma/Desktop/github/research/99_quarantine/unused_generated/mypy_cache/3.11/numpy/core/defchararray.data.json,/Users/tstakuma/Desktop/github/research/99_quarantine/unused_generated/mypy_cache/3.11/numpy/core/982_20260711_v10_defchararray_data.json,99_quarantine/unused_generated/mypy_cache/3.11/numpy/core/defchararray.data.json,99_quarantine/unused_generated/mypy_cache/3.11/numpy/core/982_20260711_v10_defchararray_data.json,982,20260711,v10,normalized retained research artifact name,renamed
/Users/tstakuma/Desktop/github/research/99_quarantine/unused_generated/mypy_cache/3.11/numpy/core/defchararray.meta.json,/Users/tstakuma/Desktop/github/research/99_quarantine/unused_generated/mypy_cache/3.11/numpy/core/983_20260711_v10_defchararray_meta.json,99_quarantine/unused_generated/mypy_cache/3.11/numpy/core/defchararray.meta.json,99_quarantine/unused_generated/mypy_cache/3.11/numpy/core/983_20260711_v10_defchararray_meta.json,983,20260711,v10,normalized retained research artifact name,renamed
/Users/tstakuma/Desktop/github/research/99_quarantine/unused_generated/mypy_cache/3.11/numpy/core/einsumfunc.data.json,/Users/tstakuma/Desktop/github/research/99_quarantine/unused_generated/mypy_cache/3.11/numpy/core/984_20260711_v10_einsumfunc_data.json,99_quarantine/unused_generated/mypy_cache/3.11/numpy/core/einsumfunc.data.json,99_quarantine/unused_generated/mypy_cache/3.11/numpy/core/984_20260711_v10_einsumfunc_data.json,984,20260711,v10,normalized retained research artifact name,renamed
/Users/tstakuma/Desktop/github/research/99_quarantine/unused_generated/mypy_cache/3.11/numpy/core/einsumfunc.meta.json,/Users/tstakuma/Desktop/github/research/99_quarantine/unused_generated/mypy_cache/3.11/numpy/core/985_20260711_v10_einsumfunc_meta.json,99_quarantine/unused_generated/mypy_cache/3.11/numpy/core/einsumfunc.meta.json,99_quarantine/unused_generated/mypy_cache/3.11/numpy/core/985_20260711_v10_einsumfunc_meta.json,985,20260711,v10,normalized retained research artifact name,renamed
/Users/tstakuma/Desktop/github/research/99_quarantine/unused_generated/mypy_cache/3.11/numpy/core/fromnumeric.data.json,/Users/tstakuma/Desktop/github/research/99_quarantine/unused_generated/mypy_cache/3.11/numpy/core/986_20260711_v10_fromnumeric_data.json,99_quarantine/unused_generated/mypy_cache/3.11/numpy/core/fromnumeric.data.json,99_quarantine/unused_generated/mypy_cache/3.11/numpy/core/986_20260711_v10_fromnumeric_data.json,986,20260711,v10,normalized retained research artifact name,renamed
/Users/tstakuma/Desktop/github/research/99_quarantine/unused_generated/mypy_cache/3.11/numpy/core/fromnumeric.meta.json,/Users/tstakuma/Desktop/github/research/99_quarantine/unused_generated/mypy_cache/3.11/numpy/core/987_20260711_v10_fromnumeric_meta.json,99_quarantine/unused_generated/mypy_cache/3.11/numpy/core/fromnumeric.meta.json,99_quarantine/unused_generated/mypy_cache/3.11/numpy/core/987_20260711_v10_fromnumeric_meta.json,987,20260711,v10,normalized retained research artifact name,renamed
/Users/tstakuma/Desktop/github/research/99_quarantine/unused_generated/mypy_cache/3.11/numpy/core/function_base.data.json,/Users/tstakuma/Desktop/github/research/99_quarantine/unused_generated/mypy_cache/3.11/numpy/core/988_20260711_v10_function_base_data.json,99_quarantine/unused_generated/mypy_cache/3.11/numpy/core/function_base.data.json,99_quarantine/unused_generated/mypy_cache/3.11/numpy/core/988_20260711_v10_function_base_data.json,988,20260711,v10,normalized retained research artifact name,renamed
/Users/tstakuma/Desktop/github/research/99_quarantine/unused_generated/mypy_cache/3.11/numpy/core/function_base.meta.json,/Users/tstakuma/Desktop/github/research/99_quarantine/unused_generated/mypy_cache/3.11/numpy/core/989_20260711_v10_function_base_meta.json,99_quarantine/unused_generated/mypy_cache/3.11/numpy/core/function_base.meta.json,99_quarantine/unused_generated/mypy_cache/3.11/numpy/core/989_20260711_v10_function_base_meta.json,989,20260711,v10,normalized retained research artifact name,renamed
/Users/tstakuma/Desktop/github/research/99_quarantine/unused_generated/mypy_cache/3.11/numpy/core/multiarray.data.json,/Users/tstakuma/Desktop/github/research/99_quarantine/unused_generated/mypy_cache/3.11/numpy/core/990_20260711_v10_multiarray_data.json,99_quarantine/unused_generated/mypy_cache/3.11/numpy/core/multiarray.data.json,99_quarantine/unused_generated/mypy_cache/3.11/numpy/core/990_20260711_v10_multiarray_data.json,990,20260711,v10,normalized retained research artifact name,renamed
/Users/tstakuma/Desktop/github/research/99_quarantine/unused_generated/mypy_cache/3.11/numpy/core/multiarray.meta.json,/Users/tstakuma/Desktop/github/research/99_quarantine/unused_generated/mypy_cache/3.11/numpy/core/991_20260711_v10_multiarray_meta.json,99_quarantine/unused_generated/mypy_cache/3.11/numpy/core/multiarray.meta.json,99_quarantine/unused_generated/mypy_cache/3.11/numpy/core/991_20260711_v10_multiarray_meta.json,991,20260711,v10,normalized retained research artifact name,renamed
/Users/tstakuma/Desktop/github/research/99_quarantine/unused_generated/mypy_cache/3.11/numpy/core/numeric.data.json,/Users/tstakuma/Desktop/github/research/99_quarantine/unused_generated/mypy_cache/3.11/numpy/core/992_20260711_v10_numeric_data.json,99_quarantine/unused_generated/mypy_cache/3.11/numpy/core/numeric.data.json,99_quarantine/unused_generated/mypy_cache/3.11/numpy/core/992_20260711_v10_numeric_data.json,992,20260711,v10,normalized retained research artifact name,renamed
/Users/tstakuma/Desktop/github/research/99_quarantine/unused_generated/mypy_cache/3.11/numpy/core/numeric.meta.json,/Users/tstakuma/Desktop/github/research/99_quarantine/unused_generated/mypy_cache/3.11/numpy/core/993_20260711_v10_numeric_meta.json,99_quarantine/unused_generated/mypy_cache/3.11/numpy/core/numeric.meta.json,99_quarantine/unused_generated/mypy_cache/3.11/numpy/core/993_20260711_v10_numeric_meta.json,993,20260711,v10,normalized retained research artifact name,renamed
/Users/tstakuma/Desktop/github/research/99_quarantine/unused_generated/mypy_cache/3.11/numpy/core/numerictypes.data.json,/Users/tstakuma/Desktop/github/research/99_quarantine/unused_generated/mypy_cache/3.11/numpy/core/994_20260711_v10_numerictypes_data.json,99_quarantine/unused_generated/mypy_cache/3.11/numpy/core/numerictypes.data.json,99_quarantine/unused_generated/mypy_cache/3.11/numpy/core/994_20260711_v10_numerictypes_data.json,994,20260711,v10,normalized retained research artifact name,renamed
/Users/tstakuma/Desktop/github/research/99_quarantine/unused_generated/mypy_cache/3.11/numpy/core/numerictypes.meta.json,/Users/tstakuma/Desktop/github/research/99_quarantine/unused_generated/mypy_cache/3.11/numpy/core/995_20260711_v10_numerictypes_meta.json,99_quarantine/unused_generated/mypy_cache/3.11/numpy/core/numerictypes.meta.json,99_quarantine/unused_generated/mypy_cache/3.11/numpy/core/995_20260711_v10_numerictypes_meta.json,995,20260711,v10,normalized retained research artifact name,renamed
/Users/tstakuma/Desktop/github/research/99_quarantine/unused_generated/mypy_cache/3.11/numpy/core/records.data.json,/Users/tstakuma/Desktop/github/research/99_quarantine/unused_generated/mypy_cache/3.11/numpy/core/996_20260711_v10_records_data.json,99_quarantine/unused_generated/mypy_cache/3.11/numpy/core/records.data.json,99_quarantine/unused_generated/mypy_cache/3.11/numpy/core/996_20260711_v10_records_data.json,996,20260711,v10,normalized retained research artifact name,renamed
/Users/tstakuma/Desktop/github/research/99_quarantine/unused_generated/mypy_cache/3.11/numpy/core/records.meta.json,/Users/tstakuma/Desktop/github/research/99_quarantine/unused_generated/mypy_cache/3.11/numpy/core/997_20260711_v10_records_meta.json,99_quarantine/unused_generated/mypy_cache/3.11/numpy/core/records.meta.json,99_quarantine/unused_generated/mypy_cache/3.11/numpy/core/997_20260711_v10_records_meta.json,997,20260711,v10,normalized retained research artifact name,renamed
/Users/tstakuma/Desktop/github/research/99_quarantine/unused_generated/mypy_cache/3.11/numpy/core/shape_base.data.json,/Users/tstakuma/Desktop/github/research/99_quarantine/unused_generated/mypy_cache/3.11/numpy/core/998_20260711_v10_shape_base_data.json,99_quarantine/unused_generated/mypy_cache/3.11/numpy/core/shape_base.data.json,99_quarantine/unused_generated/mypy_cache/3.11/numpy/core/998_20260711_v10_shape_base_data.json,998,20260711,v10,normalized retained research artifact name,renamed
/Users/tstakuma/Desktop/github/research/99_quarantine/unused_generated/mypy_cache/3.11/numpy/core/shape_base.meta.json,/Users/tstakuma/Desktop/github/research/99_quarantine/unused_generated/mypy_cache/3.11/numpy/core/999_20260711_v10_shape_base_meta.json,99_quarantine/unused_generated/mypy_cache/3.11/numpy/core/shape_base.meta.json,99_quarantine/unused_generated/mypy_cache/3.11/numpy/core/999_20260711_v10_shape_base_meta.json,999,20260711,v10,normalized retained research artifact name,renamed
/Users/tstakuma/Desktop/github/research/99_quarantine/unused_generated/mypy_cache/3.11/numpy/core/umath.data.json,/Users/tstakuma/Desktop/github/research/99_quarantine/unused_generated/mypy_cache/3.11/numpy/core/950_20260711_v11_umath_data.json,99_quarantine/unused_generated/mypy_cache/3.11/numpy/core/umath.data.json,99_quarantine/unused_generated/mypy_cache/3.11/numpy/core/950_20260711_v11_umath_data.json,950,20260711,v11,normalized retained research artifact name,renamed
/Users/tstakuma/Desktop/github/research/99_quarantine/unused_generated/mypy_cache/3.11/numpy/core/umath.meta.json,/Users/tstakuma/Desktop/github/research/99_quarantine/unused_generated/mypy_cache/3.11/numpy/core/951_20260711_v11_umath_meta.json,99_quarantine/unused_generated/mypy_cache/3.11/numpy/core/umath.meta.json,99_quarantine/unused_generated/mypy_cache/3.11/numpy/core/951_20260711_v11_umath_meta.json,951,20260711,v11,normalized retained research artifact name,renamed
/Users/tstakuma/Desktop/github/research/99_quarantine/unused_generated/mypy_cache/3.11/numpy/ctypeslib.data.json,/Users/tstakuma/Desktop/github/research/99_quarantine/unused_generated/mypy_cache/3.11/numpy/952_20260711_v11_ctypeslib_data.json,99_quarantine/unused_generated/mypy_cache/3.11/numpy/ctypeslib.data.json,99_quarantine/unused_generated/mypy_cache/3.11/numpy/952_20260711_v11_ctypeslib_data.json,952,20260711,v11,normalized retained research artifact name,renamed
/Users/tstakuma/Desktop/github/research/99_quarantine/unused_generated/mypy_cache/3.11/numpy/ctypeslib.meta.json,/Users/tstakuma/Desktop/github/research/99_quarantine/unused_generated/mypy_cache/3.11/numpy/953_20260711_v11_ctypeslib_meta.json,99_quarantine/unused_generated/mypy_cache/3.11/numpy/ctypeslib.meta.json,99_quarantine/unused_generated/mypy_cache/3.11/numpy/953_20260711_v11_ctypeslib_meta.json,953,20260711,v11,normalized retained research artifact name,renamed
/Users/tstakuma/Desktop/github/research/99_quarantine/unused_generated/mypy_cache/3.11/numpy/dtypes.data.json,/Users/tstakuma/Desktop/github/research/99_quarantine/unused_generated/mypy_cache/3.11/numpy/954_20260711_v11_dtypes_data.json,99_quarantine/unused_generated/mypy_cache/3.11/numpy/dtypes.data.json,99_quarantine/unused_generated/mypy_cache/3.11/numpy/954_20260711_v11_dtypes_data.json,954,20260711,v11,normalized retained research artifact name,renamed
/Users/tstakuma/Desktop/github/research/99_quarantine/unused_generated/mypy_cache/3.11/numpy/dtypes.meta.json,/Users/tstakuma/Desktop/github/research/99_quarantine/unused_generated/mypy_cache/3.11/numpy/955_20260711_v11_dtypes_meta.json,99_quarantine/unused_generated/mypy_cache/3.11/numpy/dtypes.meta.json,99_quarantine/unused_generated/mypy_cache/3.11/numpy/955_20260711_v11_dtypes_meta.json,955,20260711,v11,normalized retained research artifact name,renamed
/Users/tstakuma/Desktop/github/research/99_quarantine/unused_generated/mypy_cache/3.11/numpy/exceptions.data.json,/Users/tstakuma/Desktop/github/research/99_quarantine/unused_generated/mypy_cache/3.11/numpy/956_20260711_v11_exceptions_data.json,99_quarantine/unused_generated/mypy_cache/3.11/numpy/exceptions.data.json,99_quarantine/unused_generated/mypy_cache/3.11/numpy/956_20260711_v11_exceptions_data.json,956,20260711,v11,normalized retained research artifact name,renamed
/Users/tstakuma/Desktop/github/research/99_quarantine/unused_generated/mypy_cache/3.11/numpy/exceptions.meta.json,/Users/tstakuma/Desktop/github/research/99_quarantine/unused_generated/mypy_cache/3.11/numpy/957_20260711_v11_exceptions_meta.json,99_quarantine/unused_generated/mypy_cache/3.11/numpy/exceptions.meta.json,99_quarantine/unused_generated/mypy_cache/3.11/numpy/957_20260711_v11_exceptions_meta.json,957,20260711,v11,normalized retained research artifact name,renamed
/Users/tstakuma/Desktop/github/research/99_quarantine/unused_generated/mypy_cache/3.11/numpy/fft/__init__.data.json,/Users/tstakuma/Desktop/github/research/99_quarantine/unused_generated/mypy_cache/3.11/numpy/fft/958_20260711_v11_init_data.json,99_quarantine/unused_generated/mypy_cache/3.11/numpy/fft/__init__.data.json,99_quarantine/unused_generated/mypy_cache/3.11/numpy/fft/958_20260711_v11_init_data.json,958,20260711,v11,normalized retained research artifact name,renamed
/Users/tstakuma/Desktop/github/research/99_quarantine/unused_generated/mypy_cache/3.11/numpy/fft/__init__.meta.json,/Users/tstakuma/Desktop/github/research/99_quarantine/unused_generated/mypy_cache/3.11/numpy/fft/959_20260711_v11_init_meta.json,99_quarantine/unused_generated/mypy_cache/3.11/numpy/fft/__init__.meta.json,99_quarantine/unused_generated/mypy_cache/3.11/numpy/fft/959_20260711_v11_init_meta.json,959,20260711,v11,normalized retained research artifact name,renamed
/Users/tstakuma/Desktop/github/research/99_quarantine/unused_generated/mypy_cache/3.11/numpy/fft/_pocketfft.data.json,/Users/tstakuma/Desktop/github/research/99_quarantine/unused_generated/mypy_cache/3.11/numpy/fft/960_20260711_v11_pocketfft_data.json,99_quarantine/unused_generated/mypy_cache/3.11/numpy/fft/_pocketfft.data.json,99_quarantine/unused_generated/mypy_cache/3.11/numpy/fft/960_20260711_v11_pocketfft_data.json,960,20260711,v11,normalized retained research artifact name,renamed
/Users/tstakuma/Desktop/github/research/99_quarantine/unused_generated/mypy_cache/3.11/numpy/fft/_pocketfft.meta.json,/Users/tstakuma/Desktop/github/research/99_quarantine/unused_generated/mypy_cache/3.11/numpy/fft/961_20260711_v11_pocketfft_meta.json,99_quarantine/unused_generated/mypy_cache/3.11/numpy/fft/_pocketfft.meta.json,99_quarantine/unused_generated/mypy_cache/3.11/numpy/fft/961_20260711_v11_pocketfft_meta.json,961,20260711,v11,normalized retained research artifact name,renamed
/Users/tstakuma/Desktop/github/research/99_quarantine/unused_generated/mypy_cache/3.11/numpy/fft/helper.data.json,/Users/tstakuma/Desktop/github/research/99_quarantine/unused_generated/mypy_cache/3.11/numpy/fft/962_20260711_v11_helper_data.json,99_quarantine/unused_generated/mypy_cache/3.11/numpy/fft/helper.data.json,99_quarantine/unused_generated/mypy_cache/3.11/numpy/fft/962_20260711_v11_helper_data.json,962,20260711,v11,normalized retained research artifact name,renamed
/Users/tstakuma/Desktop/github/research/99_quarantine/unused_generated/mypy_cache/3.11/numpy/fft/helper.meta.json,/Users/tstakuma/Desktop/github/research/99_quarantine/unused_generated/mypy_cache/3.11/numpy/fft/963_20260711_v11_helper_meta.json,99_quarantine/unused_generated/mypy_cache/3.11/numpy/fft/helper.meta.json,99_quarantine/unused_generated/mypy_cache/3.11/numpy/fft/963_20260711_v11_helper_meta.json,963,20260711,v11,normalized retained research artifact name,renamed
/Users/tstakuma/Desktop/github/research/99_quarantine/unused_generated/mypy_cache/3.11/numpy/lib/__init__.data.json,/Users/tstakuma/Desktop/github/research/99_quarantine/unused_generated/mypy_cache/3.11/numpy/lib/964_20260711_v11_init_data.json,99_quarantine/unused_generated/mypy_cache/3.11/numpy/lib/__init__.data.json,99_quarantine/unused_generated/mypy_cache/3.11/numpy/lib/964_20260711_v11_init_data.json,964,20260711,v11,normalized retained research artifact name,renamed
/Users/tstakuma/Desktop/github/research/99_quarantine/unused_generated/mypy_cache/3.11/numpy/lib/__init__.meta.json,/Users/tstakuma/Desktop/github/research/99_quarantine/unused_generated/mypy_cache/3.11/numpy/lib/965_20260711_v11_init_meta.json,99_quarantine/unused_generated/mypy_cache/3.11/numpy/lib/__init__.meta.json,99_quarantine/unused_generated/mypy_cache/3.11/numpy/lib/965_20260711_v11_init_meta.json,965,20260711,v11,normalized retained research artifact name,renamed
/Users/tstakuma/Desktop/github/research/99_quarantine/unused_generated/mypy_cache/3.11/numpy/lib/_version.data.json,/Users/tstakuma/Desktop/github/research/99_quarantine/unused_generated/mypy_cache/3.11/numpy/lib/966_20260711_v11_version_data.json,99_quarantine/unused_generated/mypy_cache/3.11/numpy/lib/_version.data.json,99_quarantine/unused_generated/mypy_cache/3.11/numpy/lib/966_20260711_v11_version_data.json,966,20260711,v11,normalized retained research artifact name,renamed
/Users/tstakuma/Desktop/github/research/99_quarantine/unused_generated/mypy_cache/3.11/numpy/lib/_version.meta.json,/Users/tstakuma/Desktop/github/research/99_quarantine/unused_generated/mypy_cache/3.11/numpy/lib/967_20260711_v11_version_meta.json,99_quarantine/unused_generated/mypy_cache/3.11/numpy/lib/_version.meta.json,99_quarantine/unused_generated/mypy_cache/3.11/numpy/lib/967_20260711_v11_version_meta.json,967,20260711,v11,normalized retained research artifact name,renamed
/Users/tstakuma/Desktop/github/research/99_quarantine/unused_generated/mypy_cache/3.11/numpy/lib/arraypad.data.json,/Users/tstakuma/Desktop/github/research/99_quarantine/unused_generated/mypy_cache/3.11/numpy/lib/968_20260711_v11_arraypad_data.json,99_quarantine/unused_generated/mypy_cache/3.11/numpy/lib/arraypad.data.json,99_quarantine/unused_generated/mypy_cache/3.11/numpy/lib/968_20260711_v11_arraypad_data.json,968,20260711,v11,normalized retained research artifact name,renamed
/Users/tstakuma/Desktop/github/research/99_quarantine/unused_generated/mypy_cache/3.11/numpy/lib/arraypad.meta.json,/Users/tstakuma/Desktop/github/research/99_quarantine/unused_generated/mypy_cache/3.11/numpy/lib/969_20260711_v11_arraypad_meta.json,99_quarantine/unused_generated/mypy_cache/3.11/numpy/lib/arraypad.meta.json,99_quarantine/unused_generated/mypy_cache/3.11/numpy/lib/969_20260711_v11_arraypad_meta.json,969,20260711,v11,normalized retained research artifact name,renamed
/Users/tstakuma/Desktop/github/research/99_quarantine/unused_generated/mypy_cache/3.11/numpy/lib/arraysetops.data.json,/Users/tstakuma/Desktop/github/research/99_quarantine/unused_generated/mypy_cache/3.11/numpy/lib/970_20260711_v11_arraysetops_data.json,99_quarantine/unused_generated/mypy_cache/3.11/numpy/lib/arraysetops.data.json,99_quarantine/unused_generated/mypy_cache/3.11/numpy/lib/970_20260711_v11_arraysetops_data.json,970,20260711,v11,normalized retained research artifact name,renamed
/Users/tstakuma/Desktop/github/research/99_quarantine/unused_generated/mypy_cache/3.11/numpy/lib/arraysetops.meta.json,/Users/tstakuma/Desktop/github/research/99_quarantine/unused_generated/mypy_cache/3.11/numpy/lib/971_20260711_v11_arraysetops_meta.json,99_quarantine/unused_generated/mypy_cache/3.11/numpy/lib/arraysetops.meta.json,99_quarantine/unused_generated/mypy_cache/3.11/numpy/lib/971_20260711_v11_arraysetops_meta.json,971,20260711,v11,normalized retained research artifact name,renamed
/Users/tstakuma/Desktop/github/research/99_quarantine/unused_generated/mypy_cache/3.11/numpy/lib/arrayterator.data.json,/Users/tstakuma/Desktop/github/research/99_quarantine/unused_generated/mypy_cache/3.11/numpy/lib/972_20260711_v11_arrayterator_data.json,99_quarantine/unused_generated/mypy_cache/3.11/numpy/lib/arrayterator.data.json,99_quarantine/unused_generated/mypy_cache/3.11/numpy/lib/972_20260711_v11_arrayterator_data.json,972,20260711,v11,normalized retained research artifact name,renamed
/Users/tstakuma/Desktop/github/research/99_quarantine/unused_generated/mypy_cache/3.11/numpy/lib/arrayterator.meta.json,/Users/tstakuma/Desktop/github/research/99_quarantine/unused_generated/mypy_cache/3.11/numpy/lib/973_20260711_v11_arrayterator_meta.json,99_quarantine/unused_generated/mypy_cache/3.11/numpy/lib/arrayterator.meta.json,99_quarantine/unused_generated/mypy_cache/3.11/numpy/lib/973_20260711_v11_arrayterator_meta.json,973,20260711,v11,normalized retained research artifact name,renamed
/Users/tstakuma/Desktop/github/research/99_quarantine/unused_generated/mypy_cache/3.11/numpy/lib/format.data.json,/Users/tstakuma/Desktop/github/research/99_quarantine/unused_generated/mypy_cache/3.11/numpy/lib/974_20260711_v11_format_data.json,99_quarantine/unused_generated/mypy_cache/3.11/numpy/lib/format.data.json,99_quarantine/unused_generated/mypy_cache/3.11/numpy/lib/974_20260711_v11_format_data.json,974,20260711,v11,normalized retained research artifact name,renamed
/Users/tstakuma/Desktop/github/research/99_quarantine/unused_generated/mypy_cache/3.11/numpy/lib/format.meta.json,/Users/tstakuma/Desktop/github/research/99_quarantine/unused_generated/mypy_cache/3.11/numpy/lib/975_20260711_v11_format_meta.json,99_quarantine/unused_generated/mypy_cache/3.11/numpy/lib/format.meta.json,99_quarantine/unused_generated/mypy_cache/3.11/numpy/lib/975_20260711_v11_format_meta.json,975,20260711,v11,normalized retained research artifact name,renamed
/Users/tstakuma/Desktop/github/research/99_quarantine/unused_generated/mypy_cache/3.11/numpy/lib/function_base.data.json,/Users/tstakuma/Desktop/github/research/99_quarantine/unused_generated/mypy_cache/3.11/numpy/lib/976_20260711_v11_function_base_data.json,99_quarantine/unused_generated/mypy_cache/3.11/numpy/lib/function_base.data.json,99_quarantine/unused_generated/mypy_cache/3.11/numpy/lib/976_20260711_v11_function_base_data.json,976,20260711,v11,normalized retained research artifact name,renamed
/Users/tstakuma/Desktop/github/research/99_quarantine/unused_generated/mypy_cache/3.11/numpy/lib/function_base.meta.json,/Users/tstakuma/Desktop/github/research/99_quarantine/unused_generated/mypy_cache/3.11/numpy/lib/977_20260711_v11_function_base_meta.json,99_quarantine/unused_generated/mypy_cache/3.11/numpy/lib/function_base.meta.json,99_quarantine/unused_generated/mypy_cache/3.11/numpy/lib/977_20260711_v11_function_base_meta.json,977,20260711,v11,normalized retained research artifact name,renamed
/Users/tstakuma/Desktop/github/research/99_quarantine/unused_generated/mypy_cache/3.11/numpy/lib/histograms.data.json,/Users/tstakuma/Desktop/github/research/99_quarantine/unused_generated/mypy_cache/3.11/numpy/lib/978_20260711_v11_histograms_data.json,99_quarantine/unused_generated/mypy_cache/3.11/numpy/lib/histograms.data.json,99_quarantine/unused_generated/mypy_cache/3.11/numpy/lib/978_20260711_v11_histograms_data.json,978,20260711,v11,normalized retained research artifact name,renamed
/Users/tstakuma/Desktop/github/research/99_quarantine/unused_generated/mypy_cache/3.11/numpy/lib/histograms.meta.json,/Users/tstakuma/Desktop/github/research/99_quarantine/unused_generated/mypy_cache/3.11/numpy/lib/979_20260711_v11_histograms_meta.json,99_quarantine/unused_generated/mypy_cache/3.11/numpy/lib/histograms.meta.json,99_quarantine/unused_generated/mypy_cache/3.11/numpy/lib/979_20260711_v11_histograms_meta.json,979,20260711,v11,normalized retained research artifact name,renamed
/Users/tstakuma/Desktop/github/research/99_quarantine/unused_generated/mypy_cache/3.11/numpy/lib/index_tricks.data.json,/Users/tstakuma/Desktop/github/research/99_quarantine/unused_generated/mypy_cache/3.11/numpy/lib/980_20260711_v11_index_tricks_data.json,99_quarantine/unused_generated/mypy_cache/3.11/numpy/lib/index_tricks.data.json,99_quarantine/unused_generated/mypy_cache/3.11/numpy/lib/980_20260711_v11_index_tricks_data.json,980,20260711,v11,normalized retained research artifact name,renamed
/Users/tstakuma/Desktop/github/research/99_quarantine/unused_generated/mypy_cache/3.11/numpy/lib/index_tricks.meta.json,/Users/tstakuma/Desktop/github/research/99_quarantine/unused_generated/mypy_cache/3.11/numpy/lib/981_20260711_v11_index_tricks_meta.json,99_quarantine/unused_generated/mypy_cache/3.11/numpy/lib/index_tricks.meta.json,99_quarantine/unused_generated/mypy_cache/3.11/numpy/lib/981_20260711_v11_index_tricks_meta.json,981,20260711,v11,normalized retained research artifact name,renamed
/Users/tstakuma/Desktop/github/research/99_quarantine/unused_generated/mypy_cache/3.11/numpy/lib/mixins.data.json,/Users/tstakuma/Desktop/github/research/99_quarantine/unused_generated/mypy_cache/3.11/numpy/lib/982_20260711_v11_mixins_data.json,99_quarantine/unused_generated/mypy_cache/3.11/numpy/lib/mixins.data.json,99_quarantine/unused_generated/mypy_cache/3.11/numpy/lib/982_20260711_v11_mixins_data.json,982,20260711,v11,normalized retained research artifact name,renamed
/Users/tstakuma/Desktop/github/research/99_quarantine/unused_generated/mypy_cache/3.11/numpy/lib/mixins.meta.json,/Users/tstakuma/Desktop/github/research/99_quarantine/unused_generated/mypy_cache/3.11/numpy/lib/983_20260711_v11_mixins_meta.json,99_quarantine/unused_generated/mypy_cache/3.11/numpy/lib/mixins.meta.json,99_quarantine/unused_generated/mypy_cache/3.11/numpy/lib/983_20260711_v11_mixins_meta.json,983,20260711,v11,normalized retained research artifact name,renamed
/Users/tstakuma/Desktop/github/research/99_quarantine/unused_generated/mypy_cache/3.11/numpy/lib/nanfunctions.data.json,/Users/tstakuma/Desktop/github/research/99_quarantine/unused_generated/mypy_cache/3.11/numpy/lib/984_20260711_v11_nanfunctions_data.json,99_quarantine/unused_generated/mypy_cache/3.11/numpy/lib/nanfunctions.data.json,99_quarantine/unused_generated/mypy_cache/3.11/numpy/lib/984_20260711_v11_nanfunctions_data.json,984,20260711,v11,normalized retained research artifact name,renamed
/Users/tstakuma/Desktop/github/research/99_quarantine/unused_generated/mypy_cache/3.11/numpy/lib/nanfunctions.meta.json,/Users/tstakuma/Desktop/github/research/99_quarantine/unused_generated/mypy_cache/3.11/numpy/lib/985_20260711_v11_nanfunctions_meta.json,99_quarantine/unused_generated/mypy_cache/3.11/numpy/lib/nanfunctions.meta.json,99_quarantine/unused_generated/mypy_cache/3.11/numpy/lib/985_20260711_v11_nanfunctions_meta.json,985,20260711,v11,normalized retained research artifact name,renamed
/Users/tstakuma/Desktop/github/research/99_quarantine/unused_generated/mypy_cache/3.11/numpy/lib/npyio.data.json,/Users/tstakuma/Desktop/github/research/99_quarantine/unused_generated/mypy_cache/3.11/numpy/lib/986_20260711_v11_npyio_data.json,99_quarantine/unused_generated/mypy_cache/3.11/numpy/lib/npyio.data.json,99_quarantine/unused_generated/mypy_cache/3.11/numpy/lib/986_20260711_v11_npyio_data.json,986,20260711,v11,normalized retained research artifact name,renamed
/Users/tstakuma/Desktop/github/research/99_quarantine/unused_generated/mypy_cache/3.11/numpy/lib/npyio.meta.json,/Users/tstakuma/Desktop/github/research/99_quarantine/unused_generated/mypy_cache/3.11/numpy/lib/987_20260711_v11_npyio_meta.json,99_quarantine/unused_generated/mypy_cache/3.11/numpy/lib/npyio.meta.json,99_quarantine/unused_generated/mypy_cache/3.11/numpy/lib/987_20260711_v11_npyio_meta.json,987,20260711,v11,normalized retained research artifact name,renamed
/Users/tstakuma/Desktop/github/research/99_quarantine/unused_generated/mypy_cache/3.11/numpy/lib/polynomial.data.json,/Users/tstakuma/Desktop/github/research/99_quarantine/unused_generated/mypy_cache/3.11/numpy/lib/988_20260711_v11_polynomial_data.json,99_quarantine/unused_generated/mypy_cache/3.11/numpy/lib/polynomial.data.json,99_quarantine/unused_generated/mypy_cache/3.11/numpy/lib/988_20260711_v11_polynomial_data.json,988,20260711,v11,normalized retained research artifact name,renamed
/Users/tstakuma/Desktop/github/research/99_quarantine/unused_generated/mypy_cache/3.11/numpy/lib/polynomial.meta.json,/Users/tstakuma/Desktop/github/research/99_quarantine/unused_generated/mypy_cache/3.11/numpy/lib/989_20260711_v11_polynomial_meta.json,99_quarantine/unused_generated/mypy_cache/3.11/numpy/lib/polynomial.meta.json,99_quarantine/unused_generated/mypy_cache/3.11/numpy/lib/989_20260711_v11_polynomial_meta.json,989,20260711,v11,normalized retained research artifact name,renamed
/Users/tstakuma/Desktop/github/research/99_quarantine/unused_generated/mypy_cache/3.11/numpy/lib/scimath.data.json,/Users/tstakuma/Desktop/github/research/99_quarantine/unused_generated/mypy_cache/3.11/numpy/lib/990_20260711_v11_scimath_data.json,99_quarantine/unused_generated/mypy_cache/3.11/numpy/lib/scimath.data.json,99_quarantine/unused_generated/mypy_cache/3.11/numpy/lib/990_20260711_v11_scimath_data.json,990,20260711,v11,normalized retained research artifact name,renamed
/Users/tstakuma/Desktop/github/research/99_quarantine/unused_generated/mypy_cache/3.11/numpy/lib/scimath.meta.json,/Users/tstakuma/Desktop/github/research/99_quarantine/unused_generated/mypy_cache/3.11/numpy/lib/991_20260711_v11_scimath_meta.json,99_quarantine/unused_generated/mypy_cache/3.11/numpy/lib/scimath.meta.json,99_quarantine/unused_generated/mypy_cache/3.11/numpy/lib/991_20260711_v11_scimath_meta.json,991,20260711,v11,normalized retained research artifact name,renamed
/Users/tstakuma/Desktop/github/research/99_quarantine/unused_generated/mypy_cache/3.11/numpy/lib/shape_base.data.json,/Users/tstakuma/Desktop/github/research/99_quarantine/unused_generated/mypy_cache/3.11/numpy/lib/992_20260711_v11_shape_base_data.json,99_quarantine/unused_generated/mypy_cache/3.11/numpy/lib/shape_base.data.json,99_quarantine/unused_generated/mypy_cache/3.11/numpy/lib/992_20260711_v11_shape_base_data.json,992,20260711,v11,normalized retained research artifact name,renamed
/Users/tstakuma/Desktop/github/research/99_quarantine/unused_generated/mypy_cache/3.11/numpy/lib/shape_base.meta.json,/Users/tstakuma/Desktop/github/research/99_quarantine/unused_generated/mypy_cache/3.11/numpy/lib/993_20260711_v11_shape_base_meta.json,99_quarantine/unused_generated/mypy_cache/3.11/numpy/lib/shape_base.meta.json,99_quarantine/unused_generated/mypy_cache/3.11/numpy/lib/993_20260711_v11_shape_base_meta.json,993,20260711,v11,normalized retained research artifact name,renamed
/Users/tstakuma/Desktop/github/research/99_quarantine/unused_generated/mypy_cache/3.11/numpy/lib/stride_tricks.data.json,/Users/tstakuma/Desktop/github/research/99_quarantine/unused_generated/mypy_cache/3.11/numpy/lib/994_20260711_v11_stride_tricks_data.json,99_quarantine/unused_generated/mypy_cache/3.11/numpy/lib/stride_tricks.data.json,99_quarantine/unused_generated/mypy_cache/3.11/numpy/lib/994_20260711_v11_stride_tricks_data.json,994,20260711,v11,normalized retained research artifact name,renamed
/Users/tstakuma/Desktop/github/research/99_quarantine/unused_generated/mypy_cache/3.11/numpy/lib/stride_tricks.meta.json,/Users/tstakuma/Desktop/github/research/99_quarantine/unused_generated/mypy_cache/3.11/numpy/lib/995_20260711_v11_stride_tricks_meta.json,99_quarantine/unused_generated/mypy_cache/3.11/numpy/lib/stride_tricks.meta.json,99_quarantine/unused_generated/mypy_cache/3.11/numpy/lib/995_20260711_v11_stride_tricks_meta.json,995,20260711,v11,normalized retained research artifact name,renamed
/Users/tstakuma/Desktop/github/research/99_quarantine/unused_generated/mypy_cache/3.11/numpy/lib/twodim_base.data.json,/Users/tstakuma/Desktop/github/research/99_quarantine/unused_generated/mypy_cache/3.11/numpy/lib/996_20260711_v11_twodim_base_data.json,99_quarantine/unused_generated/mypy_cache/3.11/numpy/lib/twodim_base.data.json,99_quarantine/unused_generated/mypy_cache/3.11/numpy/lib/996_20260711_v11_twodim_base_data.json,996,20260711,v11,normalized retained research artifact name,renamed
/Users/tstakuma/Desktop/github/research/99_quarantine/unused_generated/mypy_cache/3.11/numpy/lib/twodim_base.meta.json,/Users/tstakuma/Desktop/github/research/99_quarantine/unused_generated/mypy_cache/3.11/numpy/lib/997_20260711_v11_twodim_base_meta.json,99_quarantine/unused_generated/mypy_cache/3.11/numpy/lib/twodim_base.meta.json,99_quarantine/unused_generated/mypy_cache/3.11/numpy/lib/997_20260711_v11_twodim_base_meta.json,997,20260711,v11,normalized retained research artifact name,renamed
/Users/tstakuma/Desktop/github/research/99_quarantine/unused_generated/mypy_cache/3.11/numpy/lib/type_check.data.json,/Users/tstakuma/Desktop/github/research/99_quarantine/unused_generated/mypy_cache/3.11/numpy/lib/998_20260711_v11_type_check_data.json,99_quarantine/unused_generated/mypy_cache/3.11/numpy/lib/type_check.data.json,99_quarantine/unused_generated/mypy_cache/3.11/numpy/lib/998_20260711_v11_type_check_data.json,998,20260711,v11,normalized retained research artifact name,renamed
/Users/tstakuma/Desktop/github/research/99_quarantine/unused_generated/mypy_cache/3.11/numpy/lib/type_check.meta.json,/Users/tstakuma/Desktop/github/research/99_quarantine/unused_generated/mypy_cache/3.11/numpy/lib/999_20260711_v11_type_check_meta.json,99_quarantine/unused_generated/mypy_cache/3.11/numpy/lib/type_check.meta.json,99_quarantine/unused_generated/mypy_cache/3.11/numpy/lib/999_20260711_v11_type_check_meta.json,999,20260711,v11,normalized retained research artifact name,renamed
/Users/tstakuma/Desktop/github/research/99_quarantine/unused_generated/mypy_cache/3.11/numpy/lib/ufunclike.data.json,/Users/tstakuma/Desktop/github/research/99_quarantine/unused_generated/mypy_cache/3.11/numpy/lib/950_20260711_v12_ufunclike_data.json,99_quarantine/unused_generated/mypy_cache/3.11/numpy/lib/ufunclike.data.json,99_quarantine/unused_generated/mypy_cache/3.11/numpy/lib/950_20260711_v12_ufunclike_data.json,950,20260711,v12,normalized retained research artifact name,renamed
/Users/tstakuma/Desktop/github/research/99_quarantine/unused_generated/mypy_cache/3.11/numpy/lib/ufunclike.meta.json,/Users/tstakuma/Desktop/github/research/99_quarantine/unused_generated/mypy_cache/3.11/numpy/lib/951_20260711_v12_ufunclike_meta.json,99_quarantine/unused_generated/mypy_cache/3.11/numpy/lib/ufunclike.meta.json,99_quarantine/unused_generated/mypy_cache/3.11/numpy/lib/951_20260711_v12_ufunclike_meta.json,951,20260711,v12,normalized retained research artifact name,renamed
/Users/tstakuma/Desktop/github/research/99_quarantine/unused_generated/mypy_cache/3.11/numpy/lib/utils.data.json,/Users/tstakuma/Desktop/github/research/99_quarantine/unused_generated/mypy_cache/3.11/numpy/lib/952_20260711_v12_utils_data.json,99_quarantine/unused_generated/mypy_cache/3.11/numpy/lib/utils.data.json,99_quarantine/unused_generated/mypy_cache/3.11/numpy/lib/952_20260711_v12_utils_data.json,952,20260711,v12,normalized retained research artifact name,renamed
/Users/tstakuma/Desktop/github/research/99_quarantine/unused_generated/mypy_cache/3.11/numpy/lib/utils.meta.json,/Users/tstakuma/Desktop/github/research/99_quarantine/unused_generated/mypy_cache/3.11/numpy/lib/953_20260711_v12_utils_meta.json,99_quarantine/unused_generated/mypy_cache/3.11/numpy/lib/utils.meta.json,99_quarantine/unused_generated/mypy_cache/3.11/numpy/lib/953_20260711_v12_utils_meta.json,953,20260711,v12,normalized retained research artifact name,renamed
/Users/tstakuma/Desktop/github/research/99_quarantine/unused_generated/mypy_cache/3.11/numpy/linalg/__init__.data.json,/Users/tstakuma/Desktop/github/research/99_quarantine/unused_generated/mypy_cache/3.11/numpy/linalg/954_20260711_v12_init_data.json,99_quarantine/unused_generated/mypy_cache/3.11/numpy/linalg/__init__.data.json,99_quarantine/unused_generated/mypy_cache/3.11/numpy/linalg/954_20260711_v12_init_data.json,954,20260711,v12,normalized retained research artifact name,renamed
/Users/tstakuma/Desktop/github/research/99_quarantine/unused_generated/mypy_cache/3.11/numpy/linalg/__init__.meta.json,/Users/tstakuma/Desktop/github/research/99_quarantine/unused_generated/mypy_cache/3.11/numpy/linalg/955_20260711_v12_init_meta.json,99_quarantine/unused_generated/mypy_cache/3.11/numpy/linalg/__init__.meta.json,99_quarantine/unused_generated/mypy_cache/3.11/numpy/linalg/955_20260711_v12_init_meta.json,955,20260711,v12,normalized retained research artifact name,renamed
/Users/tstakuma/Desktop/github/research/99_quarantine/unused_generated/mypy_cache/3.11/numpy/linalg/linalg.data.json,/Users/tstakuma/Desktop/github/research/99_quarantine/unused_generated/mypy_cache/3.11/numpy/linalg/956_20260711_v12_linalg_data.json,99_quarantine/unused_generated/mypy_cache/3.11/numpy/linalg/linalg.data.json,99_quarantine/unused_generated/mypy_cache/3.11/numpy/linalg/956_20260711_v12_linalg_data.json,956,20260711,v12,normalized retained research artifact name,renamed
/Users/tstakuma/Desktop/github/research/99_quarantine/unused_generated/mypy_cache/3.11/numpy/linalg/linalg.meta.json,/Users/tstakuma/Desktop/github/research/99_quarantine/unused_generated/mypy_cache/3.11/numpy/linalg/957_20260711_v12_linalg_meta.json,99_quarantine/unused_generated/mypy_cache/3.11/numpy/linalg/linalg.meta.json,99_quarantine/unused_generated/mypy_cache/3.11/numpy/linalg/957_20260711_v12_linalg_meta.json,957,20260711,v12,normalized retained research artifact name,renamed
/Users/tstakuma/Desktop/github/research/99_quarantine/unused_generated/mypy_cache/3.11/numpy/ma/__init__.data.json,/Users/tstakuma/Desktop/github/research/99_quarantine/unused_generated/mypy_cache/3.11/numpy/ma/958_20260711_v12_init_data.json,99_quarantine/unused_generated/mypy_cache/3.11/numpy/ma/__init__.data.json,99_quarantine/unused_generated/mypy_cache/3.11/numpy/ma/958_20260711_v12_init_data.json,958,20260711,v12,normalized retained research artifact name,renamed
/Users/tstakuma/Desktop/github/research/99_quarantine/unused_generated/mypy_cache/3.11/numpy/ma/__init__.meta.json,/Users/tstakuma/Desktop/github/research/99_quarantine/unused_generated/mypy_cache/3.11/numpy/ma/959_20260711_v12_init_meta.json,99_quarantine/unused_generated/mypy_cache/3.11/numpy/ma/__init__.meta.json,99_quarantine/unused_generated/mypy_cache/3.11/numpy/ma/959_20260711_v12_init_meta.json,959,20260711,v12,normalized retained research artifact name,renamed
/Users/tstakuma/Desktop/github/research/99_quarantine/unused_generated/mypy_cache/3.11/numpy/ma/core.data.json,/Users/tstakuma/Desktop/github/research/99_quarantine/unused_generated/mypy_cache/3.11/numpy/ma/960_20260711_v12_core_data.json,99_quarantine/unused_generated/mypy_cache/3.11/numpy/ma/core.data.json,99_quarantine/unused_generated/mypy_cache/3.11/numpy/ma/960_20260711_v12_core_data.json,960,20260711,v12,normalized retained research artifact name,renamed
/Users/tstakuma/Desktop/github/research/99_quarantine/unused_generated/mypy_cache/3.11/numpy/ma/core.meta.json,/Users/tstakuma/Desktop/github/research/99_quarantine/unused_generated/mypy_cache/3.11/numpy/ma/961_20260711_v12_core_meta.json,99_quarantine/unused_generated/mypy_cache/3.11/numpy/ma/core.meta.json,99_quarantine/unused_generated/mypy_cache/3.11/numpy/ma/961_20260711_v12_core_meta.json,961,20260711,v12,normalized retained research artifact name,renamed
/Users/tstakuma/Desktop/github/research/99_quarantine/unused_generated/mypy_cache/3.11/numpy/ma/extras.data.json,/Users/tstakuma/Desktop/github/research/99_quarantine/unused_generated/mypy_cache/3.11/numpy/ma/962_20260711_v12_extras_data.json,99_quarantine/unused_generated/mypy_cache/3.11/numpy/ma/extras.data.json,99_quarantine/unused_generated/mypy_cache/3.11/numpy/ma/962_20260711_v12_extras_data.json,962,20260711,v12,normalized retained research artifact name,renamed
/Users/tstakuma/Desktop/github/research/99_quarantine/unused_generated/mypy_cache/3.11/numpy/ma/extras.meta.json,/Users/tstakuma/Desktop/github/research/99_quarantine/unused_generated/mypy_cache/3.11/numpy/ma/963_20260711_v12_extras_meta.json,99_quarantine/unused_generated/mypy_cache/3.11/numpy/ma/extras.meta.json,99_quarantine/unused_generated/mypy_cache/3.11/numpy/ma/963_20260711_v12_extras_meta.json,963,20260711,v12,normalized retained research artifact name,renamed
/Users/tstakuma/Desktop/github/research/99_quarantine/unused_generated/mypy_cache/3.11/numpy/ma/mrecords.data.json,/Users/tstakuma/Desktop/github/research/99_quarantine/unused_generated/mypy_cache/3.11/numpy/ma/964_20260711_v12_mrecords_data.json,99_quarantine/unused_generated/mypy_cache/3.11/numpy/ma/mrecords.data.json,99_quarantine/unused_generated/mypy_cache/3.11/numpy/ma/964_20260711_v12_mrecords_data.json,964,20260711,v12,normalized retained research artifact name,renamed
/Users/tstakuma/Desktop/github/research/99_quarantine/unused_generated/mypy_cache/3.11/numpy/ma/mrecords.meta.json,/Users/tstakuma/Desktop/github/research/99_quarantine/unused_generated/mypy_cache/3.11/numpy/ma/965_20260711_v12_mrecords_meta.json,99_quarantine/unused_generated/mypy_cache/3.11/numpy/ma/mrecords.meta.json,99_quarantine/unused_generated/mypy_cache/3.11/numpy/ma/965_20260711_v12_mrecords_meta.json,965,20260711,v12,normalized retained research artifact name,renamed
/Users/tstakuma/Desktop/github/research/99_quarantine/unused_generated/mypy_cache/3.11/numpy/matrixlib/__init__.data.json,/Users/tstakuma/Desktop/github/research/99_quarantine/unused_generated/mypy_cache/3.11/numpy/matrixlib/966_20260711_v12_init_data.json,99_quarantine/unused_generated/mypy_cache/3.11/numpy/matrixlib/__init__.data.json,99_quarantine/unused_generated/mypy_cache/3.11/numpy/matrixlib/966_20260711_v12_init_data.json,966,20260711,v12,normalized retained research artifact name,renamed
/Users/tstakuma/Desktop/github/research/99_quarantine/unused_generated/mypy_cache/3.11/numpy/matrixlib/__init__.meta.json,/Users/tstakuma/Desktop/github/research/99_quarantine/unused_generated/mypy_cache/3.11/numpy/matrixlib/967_20260711_v12_init_meta.json,99_quarantine/unused_generated/mypy_cache/3.11/numpy/matrixlib/__init__.meta.json,99_quarantine/unused_generated/mypy_cache/3.11/numpy/matrixlib/967_20260711_v12_init_meta.json,967,20260711,v12,normalized retained research artifact name,renamed
/Users/tstakuma/Desktop/github/research/99_quarantine/unused_generated/mypy_cache/3.11/numpy/matrixlib/defmatrix.data.json,/Users/tstakuma/Desktop/github/research/99_quarantine/unused_generated/mypy_cache/3.11/numpy/matrixlib/968_20260711_v12_defmatrix_data.json,99_quarantine/unused_generated/mypy_cache/3.11/numpy/matrixlib/defmatrix.data.json,99_quarantine/unused_generated/mypy_cache/3.11/numpy/matrixlib/968_20260711_v12_defmatrix_data.json,968,20260711,v12,normalized retained research artifact name,renamed
/Users/tstakuma/Desktop/github/research/99_quarantine/unused_generated/mypy_cache/3.11/numpy/matrixlib/defmatrix.meta.json,/Users/tstakuma/Desktop/github/research/99_quarantine/unused_generated/mypy_cache/3.11/numpy/matrixlib/969_20260711_v12_defmatrix_meta.json,99_quarantine/unused_generated/mypy_cache/3.11/numpy/matrixlib/defmatrix.meta.json,99_quarantine/unused_generated/mypy_cache/3.11/numpy/matrixlib/969_20260711_v12_defmatrix_meta.json,969,20260711,v12,normalized retained research artifact name,renamed
/Users/tstakuma/Desktop/github/research/99_quarantine/unused_generated/mypy_cache/3.11/numpy/polynomial/__init__.data.json,/Users/tstakuma/Desktop/github/research/99_quarantine/unused_generated/mypy_cache/3.11/numpy/polynomial/970_20260711_v12_init_data.json,99_quarantine/unused_generated/mypy_cache/3.11/numpy/polynomial/__init__.data.json,99_quarantine/unused_generated/mypy_cache/3.11/numpy/polynomial/970_20260711_v12_init_data.json,970,20260711,v12,normalized retained research artifact name,renamed
/Users/tstakuma/Desktop/github/research/99_quarantine/unused_generated/mypy_cache/3.11/numpy/polynomial/__init__.meta.json,/Users/tstakuma/Desktop/github/research/99_quarantine/unused_generated/mypy_cache/3.11/numpy/polynomial/971_20260711_v12_init_meta.json,99_quarantine/unused_generated/mypy_cache/3.11/numpy/polynomial/__init__.meta.json,99_quarantine/unused_generated/mypy_cache/3.11/numpy/polynomial/971_20260711_v12_init_meta.json,971,20260711,v12,normalized retained research artifact name,renamed
/Users/tstakuma/Desktop/github/research/99_quarantine/unused_generated/mypy_cache/3.11/numpy/polynomial/_polybase.data.json,/Users/tstakuma/Desktop/github/research/99_quarantine/unused_generated/mypy_cache/3.11/numpy/polynomial/972_20260711_v12_polybase_data.json,99_quarantine/unused_generated/mypy_cache/3.11/numpy/polynomial/_polybase.data.json,99_quarantine/unused_generated/mypy_cache/3.11/numpy/polynomial/972_20260711_v12_polybase_data.json,972,20260711,v12,normalized retained research artifact name,renamed
/Users/tstakuma/Desktop/github/research/99_quarantine/unused_generated/mypy_cache/3.11/numpy/polynomial/_polybase.meta.json,/Users/tstakuma/Desktop/github/research/99_quarantine/unused_generated/mypy_cache/3.11/numpy/polynomial/973_20260711_v12_polybase_meta.json,99_quarantine/unused_generated/mypy_cache/3.11/numpy/polynomial/_polybase.meta.json,99_quarantine/unused_generated/mypy_cache/3.11/numpy/polynomial/973_20260711_v12_polybase_meta.json,973,20260711,v12,normalized retained research artifact name,renamed
/Users/tstakuma/Desktop/github/research/99_quarantine/unused_generated/mypy_cache/3.11/numpy/polynomial/chebyshev.data.json,/Users/tstakuma/Desktop/github/research/99_quarantine/unused_generated/mypy_cache/3.11/numpy/polynomial/974_20260711_v12_chebyshev_data.json,99_quarantine/unused_generated/mypy_cache/3.11/numpy/polynomial/chebyshev.data.json,99_quarantine/unused_generated/mypy_cache/3.11/numpy/polynomial/974_20260711_v12_chebyshev_data.json,974,20260711,v12,normalized retained research artifact name,renamed
/Users/tstakuma/Desktop/github/research/99_quarantine/unused_generated/mypy_cache/3.11/numpy/polynomial/chebyshev.meta.json,/Users/tstakuma/Desktop/github/research/99_quarantine/unused_generated/mypy_cache/3.11/numpy/polynomial/975_20260711_v12_chebyshev_meta.json,99_quarantine/unused_generated/mypy_cache/3.11/numpy/polynomial/chebyshev.meta.json,99_quarantine/unused_generated/mypy_cache/3.11/numpy/polynomial/975_20260711_v12_chebyshev_meta.json,975,20260711,v12,normalized retained research artifact name,renamed
/Users/tstakuma/Desktop/github/research/99_quarantine/unused_generated/mypy_cache/3.11/numpy/polynomial/hermite.data.json,/Users/tstakuma/Desktop/github/research/99_quarantine/unused_generated/mypy_cache/3.11/numpy/polynomial/976_20260711_v12_hermite_data.json,99_quarantine/unused_generated/mypy_cache/3.11/numpy/polynomial/hermite.data.json,99_quarantine/unused_generated/mypy_cache/3.11/numpy/polynomial/976_20260711_v12_hermite_data.json,976,20260711,v12,normalized retained research artifact name,renamed
/Users/tstakuma/Desktop/github/research/99_quarantine/unused_generated/mypy_cache/3.11/numpy/polynomial/hermite.meta.json,/Users/tstakuma/Desktop/github/research/99_quarantine/unused_generated/mypy_cache/3.11/numpy/polynomial/977_20260711_v12_hermite_meta.json,99_quarantine/unused_generated/mypy_cache/3.11/numpy/polynomial/hermite.meta.json,99_quarantine/unused_generated/mypy_cache/3.11/numpy/polynomial/977_20260711_v12_hermite_meta.json,977,20260711,v12,normalized retained research artifact name,renamed
/Users/tstakuma/Desktop/github/research/99_quarantine/unused_generated/mypy_cache/3.11/numpy/polynomial/hermite_e.data.json,/Users/tstakuma/Desktop/github/research/99_quarantine/unused_generated/mypy_cache/3.11/numpy/polynomial/978_20260711_v12_hermite_e_data.json,99_quarantine/unused_generated/mypy_cache/3.11/numpy/polynomial/hermite_e.data.json,99_quarantine/unused_generated/mypy_cache/3.11/numpy/polynomial/978_20260711_v12_hermite_e_data.json,978,20260711,v12,normalized retained research artifact name,renamed
/Users/tstakuma/Desktop/github/research/99_quarantine/unused_generated/mypy_cache/3.11/numpy/polynomial/hermite_e.meta.json,/Users/tstakuma/Desktop/github/research/99_quarantine/unused_generated/mypy_cache/3.11/numpy/polynomial/979_20260711_v12_hermite_e_meta.json,99_quarantine/unused_generated/mypy_cache/3.11/numpy/polynomial/hermite_e.meta.json,99_quarantine/unused_generated/mypy_cache/3.11/numpy/polynomial/979_20260711_v12_hermite_e_meta.json,979,20260711,v12,normalized retained research artifact name,renamed
/Users/tstakuma/Desktop/github/research/99_quarantine/unused_generated/mypy_cache/3.11/numpy/polynomial/laguerre.data.json,/Users/tstakuma/Desktop/github/research/99_quarantine/unused_generated/mypy_cache/3.11/numpy/polynomial/980_20260711_v12_laguerre_data.json,99_quarantine/unused_generated/mypy_cache/3.11/numpy/polynomial/laguerre.data.json,99_quarantine/unused_generated/mypy_cache/3.11/numpy/polynomial/980_20260711_v12_laguerre_data.json,980,20260711,v12,normalized retained research artifact name,renamed
/Users/tstakuma/Desktop/github/research/99_quarantine/unused_generated/mypy_cache/3.11/numpy/polynomial/laguerre.meta.json,/Users/tstakuma/Desktop/github/research/99_quarantine/unused_generated/mypy_cache/3.11/numpy/polynomial/981_20260711_v12_laguerre_meta.json,99_quarantine/unused_generated/mypy_cache/3.11/numpy/polynomial/laguerre.meta.json,99_quarantine/unused_generated/mypy_cache/3.11/numpy/polynomial/981_20260711_v12_laguerre_meta.json,981,20260711,v12,normalized retained research artifact name,renamed
/Users/tstakuma/Desktop/github/research/99_quarantine/unused_generated/mypy_cache/3.11/numpy/polynomial/legendre.data.json,/Users/tstakuma/Desktop/github/research/99_quarantine/unused_generated/mypy_cache/3.11/numpy/polynomial/982_20260711_v12_legendre_data.json,99_quarantine/unused_generated/mypy_cache/3.11/numpy/polynomial/legendre.data.json,99_quarantine/unused_generated/mypy_cache/3.11/numpy/polynomial/982_20260711_v12_legendre_data.json,982,20260711,v12,normalized retained research artifact name,renamed
/Users/tstakuma/Desktop/github/research/99_quarantine/unused_generated/mypy_cache/3.11/numpy/polynomial/legendre.meta.json,/Users/tstakuma/Desktop/github/research/99_quarantine/unused_generated/mypy_cache/3.11/numpy/polynomial/983_20260711_v12_legendre_meta.json,99_quarantine/unused_generated/mypy_cache/3.11/numpy/polynomial/legendre.meta.json,99_quarantine/unused_generated/mypy_cache/3.11/numpy/polynomial/983_20260711_v12_legendre_meta.json,983,20260711,v12,normalized retained research artifact name,renamed
/Users/tstakuma/Desktop/github/research/99_quarantine/unused_generated/mypy_cache/3.11/numpy/polynomial/polynomial.data.json,/Users/tstakuma/Desktop/github/research/99_quarantine/unused_generated/mypy_cache/3.11/numpy/polynomial/984_20260711_v12_polynomial_data.json,99_quarantine/unused_generated/mypy_cache/3.11/numpy/polynomial/polynomial.data.json,99_quarantine/unused_generated/mypy_cache/3.11/numpy/polynomial/984_20260711_v12_polynomial_data.json,984,20260711,v12,normalized retained research artifact name,renamed
/Users/tstakuma/Desktop/github/research/99_quarantine/unused_generated/mypy_cache/3.11/numpy/polynomial/polynomial.meta.json,/Users/tstakuma/Desktop/github/research/99_quarantine/unused_generated/mypy_cache/3.11/numpy/polynomial/985_20260711_v12_polynomial_meta.json,99_quarantine/unused_generated/mypy_cache/3.11/numpy/polynomial/polynomial.meta.json,99_quarantine/unused_generated/mypy_cache/3.11/numpy/polynomial/985_20260711_v12_polynomial_meta.json,985,20260711,v12,normalized retained research artifact name,renamed
/Users/tstakuma/Desktop/github/research/99_quarantine/unused_generated/mypy_cache/3.11/numpy/polynomial/polyutils.data.json,/Users/tstakuma/Desktop/github/research/99_quarantine/unused_generated/mypy_cache/3.11/numpy/polynomial/986_20260711_v12_polyutils_data.json,99_quarantine/unused_generated/mypy_cache/3.11/numpy/polynomial/polyutils.data.json,99_quarantine/unused_generated/mypy_cache/3.11/numpy/polynomial/986_20260711_v12_polyutils_data.json,986,20260711,v12,normalized retained research artifact name,renamed
/Users/tstakuma/Desktop/github/research/99_quarantine/unused_generated/mypy_cache/3.11/numpy/polynomial/polyutils.meta.json,/Users/tstakuma/Desktop/github/research/99_quarantine/unused_generated/mypy_cache/3.11/numpy/polynomial/987_20260711_v12_polyutils_meta.json,99_quarantine/unused_generated/mypy_cache/3.11/numpy/polynomial/polyutils.meta.json,99_quarantine/unused_generated/mypy_cache/3.11/numpy/polynomial/987_20260711_v12_polyutils_meta.json,987,20260711,v12,normalized retained research artifact name,renamed
/Users/tstakuma/Desktop/github/research/99_quarantine/unused_generated/mypy_cache/3.11/numpy/random/__init__.data.json,/Users/tstakuma/Desktop/github/research/99_quarantine/unused_generated/mypy_cache/3.11/numpy/random/988_20260711_v12_init_data.json,99_quarantine/unused_generated/mypy_cache/3.11/numpy/random/__init__.data.json,99_quarantine/unused_generated/mypy_cache/3.11/numpy/random/988_20260711_v12_init_data.json,988,20260711,v12,normalized retained research artifact name,renamed
/Users/tstakuma/Desktop/github/research/99_quarantine/unused_generated/mypy_cache/3.11/numpy/random/__init__.meta.json,/Users/tstakuma/Desktop/github/research/99_quarantine/unused_generated/mypy_cache/3.11/numpy/random/989_20260711_v12_init_meta.json,99_quarantine/unused_generated/mypy_cache/3.11/numpy/random/__init__.meta.json,99_quarantine/unused_generated/mypy_cache/3.11/numpy/random/989_20260711_v12_init_meta.json,989,20260711,v12,normalized retained research artifact name,renamed
/Users/tstakuma/Desktop/github/research/99_quarantine/unused_generated/mypy_cache/3.11/numpy/random/_generator.data.json,/Users/tstakuma/Desktop/github/research/99_quarantine/unused_generated/mypy_cache/3.11/numpy/random/990_20260711_v12_generator_data.json,99_quarantine/unused_generated/mypy_cache/3.11/numpy/random/_generator.data.json,99_quarantine/unused_generated/mypy_cache/3.11/numpy/random/990_20260711_v12_generator_data.json,990,20260711,v12,normalized retained research artifact name,renamed
/Users/tstakuma/Desktop/github/research/99_quarantine/unused_generated/mypy_cache/3.11/numpy/random/_generator.meta.json,/Users/tstakuma/Desktop/github/research/99_quarantine/unused_generated/mypy_cache/3.11/numpy/random/991_20260711_v12_generator_meta.json,99_quarantine/unused_generated/mypy_cache/3.11/numpy/random/_generator.meta.json,99_quarantine/unused_generated/mypy_cache/3.11/numpy/random/991_20260711_v12_generator_meta.json,991,20260711,v12,normalized retained research artifact name,renamed
/Users/tstakuma/Desktop/github/research/99_quarantine/unused_generated/mypy_cache/3.11/numpy/random/_mt19937.data.json,/Users/tstakuma/Desktop/github/research/99_quarantine/unused_generated/mypy_cache/3.11/numpy/random/992_20260711_v12_mt19937_data.json,99_quarantine/unused_generated/mypy_cache/3.11/numpy/random/_mt19937.data.json,99_quarantine/unused_generated/mypy_cache/3.11/numpy/random/992_20260711_v12_mt19937_data.json,992,20260711,v12,normalized retained research artifact name,renamed
/Users/tstakuma/Desktop/github/research/99_quarantine/unused_generated/mypy_cache/3.11/numpy/random/_mt19937.meta.json,/Users/tstakuma/Desktop/github/research/99_quarantine/unused_generated/mypy_cache/3.11/numpy/random/993_20260711_v12_mt19937_meta.json,99_quarantine/unused_generated/mypy_cache/3.11/numpy/random/_mt19937.meta.json,99_quarantine/unused_generated/mypy_cache/3.11/numpy/random/993_20260711_v12_mt19937_meta.json,993,20260711,v12,normalized retained research artifact name,renamed
/Users/tstakuma/Desktop/github/research/99_quarantine/unused_generated/mypy_cache/3.11/numpy/random/_pcg64.data.json,/Users/tstakuma/Desktop/github/research/99_quarantine/unused_generated/mypy_cache/3.11/numpy/random/994_20260711_v12_pcg64_data.json,99_quarantine/unused_generated/mypy_cache/3.11/numpy/random/_pcg64.data.json,99_quarantine/unused_generated/mypy_cache/3.11/numpy/random/994_20260711_v12_pcg64_data.json,994,20260711,v12,normalized retained research artifact name,renamed
/Users/tstakuma/Desktop/github/research/99_quarantine/unused_generated/mypy_cache/3.11/numpy/random/_pcg64.meta.json,/Users/tstakuma/Desktop/github/research/99_quarantine/unused_generated/mypy_cache/3.11/numpy/random/995_20260711_v12_pcg64_meta.json,99_quarantine/unused_generated/mypy_cache/3.11/numpy/random/_pcg64.meta.json,99_quarantine/unused_generated/mypy_cache/3.11/numpy/random/995_20260711_v12_pcg64_meta.json,995,20260711,v12,normalized retained research artifact name,renamed
/Users/tstakuma/Desktop/github/research/99_quarantine/unused_generated/mypy_cache/3.11/numpy/random/_philox.data.json,/Users/tstakuma/Desktop/github/research/99_quarantine/unused_generated/mypy_cache/3.11/numpy/random/996_20260711_v12_philox_data.json,99_quarantine/unused_generated/mypy_cache/3.11/numpy/random/_philox.data.json,99_quarantine/unused_generated/mypy_cache/3.11/numpy/random/996_20260711_v12_philox_data.json,996,20260711,v12,normalized retained research artifact name,renamed
/Users/tstakuma/Desktop/github/research/99_quarantine/unused_generated/mypy_cache/3.11/numpy/random/_philox.meta.json,/Users/tstakuma/Desktop/github/research/99_quarantine/unused_generated/mypy_cache/3.11/numpy/random/997_20260711_v12_philox_meta.json,99_quarantine/unused_generated/mypy_cache/3.11/numpy/random/_philox.meta.json,99_quarantine/unused_generated/mypy_cache/3.11/numpy/random/997_20260711_v12_philox_meta.json,997,20260711,v12,normalized retained research artifact name,renamed
/Users/tstakuma/Desktop/github/research/99_quarantine/unused_generated/mypy_cache/3.11/numpy/random/_sfc64.data.json,/Users/tstakuma/Desktop/github/research/99_quarantine/unused_generated/mypy_cache/3.11/numpy/random/998_20260711_v12_sfc64_data.json,99_quarantine/unused_generated/mypy_cache/3.11/numpy/random/_sfc64.data.json,99_quarantine/unused_generated/mypy_cache/3.11/numpy/random/998_20260711_v12_sfc64_data.json,998,20260711,v12,normalized retained research artifact name,renamed
/Users/tstakuma/Desktop/github/research/99_quarantine/unused_generated/mypy_cache/3.11/numpy/random/_sfc64.meta.json,/Users/tstakuma/Desktop/github/research/99_quarantine/unused_generated/mypy_cache/3.11/numpy/random/999_20260711_v12_sfc64_meta.json,99_quarantine/unused_generated/mypy_cache/3.11/numpy/random/_sfc64.meta.json,99_quarantine/unused_generated/mypy_cache/3.11/numpy/random/999_20260711_v12_sfc64_meta.json,999,20260711,v12,normalized retained research artifact name,renamed
/Users/tstakuma/Desktop/github/research/99_quarantine/unused_generated/mypy_cache/3.11/numpy/random/bit_generator.data.json,/Users/tstakuma/Desktop/github/research/99_quarantine/unused_generated/mypy_cache/3.11/numpy/random/950_20260711_v13_bit_generator_data.json,99_quarantine/unused_generated/mypy_cache/3.11/numpy/random/bit_generator.data.json,99_quarantine/unused_generated/mypy_cache/3.11/numpy/random/950_20260711_v13_bit_generator_data.json,950,20260711,v13,normalized retained research artifact name,renamed
/Users/tstakuma/Desktop/github/research/99_quarantine/unused_generated/mypy_cache/3.11/numpy/random/bit_generator.meta.json,/Users/tstakuma/Desktop/github/research/99_quarantine/unused_generated/mypy_cache/3.11/numpy/random/951_20260711_v13_bit_generator_meta.json,99_quarantine/unused_generated/mypy_cache/3.11/numpy/random/bit_generator.meta.json,99_quarantine/unused_generated/mypy_cache/3.11/numpy/random/951_20260711_v13_bit_generator_meta.json,951,20260711,v13,normalized retained research artifact name,renamed
/Users/tstakuma/Desktop/github/research/99_quarantine/unused_generated/mypy_cache/3.11/numpy/random/mtrand.data.json,/Users/tstakuma/Desktop/github/research/99_quarantine/unused_generated/mypy_cache/3.11/numpy/random/952_20260711_v13_mtrand_data.json,99_quarantine/unused_generated/mypy_cache/3.11/numpy/random/mtrand.data.json,99_quarantine/unused_generated/mypy_cache/3.11/numpy/random/952_20260711_v13_mtrand_data.json,952,20260711,v13,normalized retained research artifact name,renamed
/Users/tstakuma/Desktop/github/research/99_quarantine/unused_generated/mypy_cache/3.11/numpy/random/mtrand.meta.json,/Users/tstakuma/Desktop/github/research/99_quarantine/unused_generated/mypy_cache/3.11/numpy/random/953_20260711_v13_mtrand_meta.json,99_quarantine/unused_generated/mypy_cache/3.11/numpy/random/mtrand.meta.json,99_quarantine/unused_generated/mypy_cache/3.11/numpy/random/953_20260711_v13_mtrand_meta.json,953,20260711,v13,normalized retained research artifact name,renamed
/Users/tstakuma/Desktop/github/research/99_quarantine/unused_generated/mypy_cache/3.11/numpy/testing/__init__.data.json,/Users/tstakuma/Desktop/github/research/99_quarantine/unused_generated/mypy_cache/3.11/numpy/testing/954_20260711_v13_init_data.json,99_quarantine/unused_generated/mypy_cache/3.11/numpy/testing/__init__.data.json,99_quarantine/unused_generated/mypy_cache/3.11/numpy/testing/954_20260711_v13_init_data.json,954,20260711,v13,normalized retained research artifact name,renamed
/Users/tstakuma/Desktop/github/research/99_quarantine/unused_generated/mypy_cache/3.11/numpy/testing/__init__.meta.json,/Users/tstakuma/Desktop/github/research/99_quarantine/unused_generated/mypy_cache/3.11/numpy/testing/955_20260711_v13_init_meta.json,99_quarantine/unused_generated/mypy_cache/3.11/numpy/testing/__init__.meta.json,99_quarantine/unused_generated/mypy_cache/3.11/numpy/testing/955_20260711_v13_init_meta.json,955,20260711,v13,normalized retained research artifact name,renamed
/Users/tstakuma/Desktop/github/research/99_quarantine/unused_generated/mypy_cache/3.11/numpy/testing/_private/__init__.data.json,/Users/tstakuma/Desktop/github/research/99_quarantine/unused_generated/mypy_cache/3.11/numpy/testing/_private/956_20260711_v13_init_data.json,99_quarantine/unused_generated/mypy_cache/3.11/numpy/testing/_private/__init__.data.json,99_quarantine/unused_generated/mypy_cache/3.11/numpy/testing/_private/956_20260711_v13_init_data.json,956,20260711,v13,normalized retained research artifact name,renamed
/Users/tstakuma/Desktop/github/research/99_quarantine/unused_generated/mypy_cache/3.11/numpy/testing/_private/__init__.meta.json,/Users/tstakuma/Desktop/github/research/99_quarantine/unused_generated/mypy_cache/3.11/numpy/testing/_private/957_20260711_v13_init_meta.json,99_quarantine/unused_generated/mypy_cache/3.11/numpy/testing/_private/__init__.meta.json,99_quarantine/unused_generated/mypy_cache/3.11/numpy/testing/_private/957_20260711_v13_init_meta.json,957,20260711,v13,normalized retained research artifact name,renamed
/Users/tstakuma/Desktop/github/research/99_quarantine/unused_generated/mypy_cache/3.11/numpy/testing/_private/utils.data.json,/Users/tstakuma/Desktop/github/research/99_quarantine/unused_generated/mypy_cache/3.11/numpy/testing/_private/958_20260711_v13_utils_data.json,99_quarantine/unused_generated/mypy_cache/3.11/numpy/testing/_private/utils.data.json,99_quarantine/unused_generated/mypy_cache/3.11/numpy/testing/_private/958_20260711_v13_utils_data.json,958,20260711,v13,normalized retained research artifact name,renamed
/Users/tstakuma/Desktop/github/research/99_quarantine/unused_generated/mypy_cache/3.11/numpy/testing/_private/utils.meta.json,/Users/tstakuma/Desktop/github/research/99_quarantine/unused_generated/mypy_cache/3.11/numpy/testing/_private/959_20260711_v13_utils_meta.json,99_quarantine/unused_generated/mypy_cache/3.11/numpy/testing/_private/utils.meta.json,99_quarantine/unused_generated/mypy_cache/3.11/numpy/testing/_private/959_20260711_v13_utils_meta.json,959,20260711,v13,normalized retained research artifact name,renamed
/Users/tstakuma/Desktop/github/research/99_quarantine/unused_generated/mypy_cache/3.11/numpy/typing/__init__.data.json,/Users/tstakuma/Desktop/github/research/99_quarantine/unused_generated/mypy_cache/3.11/numpy/typing/960_20260711_v13_init_data.json,99_quarantine/unused_generated/mypy_cache/3.11/numpy/typing/__init__.data.json,99_quarantine/unused_generated/mypy_cache/3.11/numpy/typing/960_20260711_v13_init_data.json,960,20260711,v13,normalized retained research artifact name,renamed
/Users/tstakuma/Desktop/github/research/99_quarantine/unused_generated/mypy_cache/3.11/numpy/typing/__init__.meta.json,/Users/tstakuma/Desktop/github/research/99_quarantine/unused_generated/mypy_cache/3.11/numpy/typing/961_20260711_v13_init_meta.json,99_quarantine/unused_generated/mypy_cache/3.11/numpy/typing/__init__.meta.json,99_quarantine/unused_generated/mypy_cache/3.11/numpy/typing/961_20260711_v13_init_meta.json,961,20260711,v13,normalized retained research artifact name,renamed
/Users/tstakuma/Desktop/github/research/99_quarantine/unused_generated/mypy_cache/3.11/numpy/version.data.json,/Users/tstakuma/Desktop/github/research/99_quarantine/unused_generated/mypy_cache/3.11/numpy/962_20260711_v13_version_data.json,99_quarantine/unused_generated/mypy_cache/3.11/numpy/version.data.json,99_quarantine/unused_generated/mypy_cache/3.11/numpy/962_20260711_v13_version_data.json,962,20260711,v13,normalized retained research artifact name,renamed
/Users/tstakuma/Desktop/github/research/99_quarantine/unused_generated/mypy_cache/3.11/numpy/version.meta.json,/Users/tstakuma/Desktop/github/research/99_quarantine/unused_generated/mypy_cache/3.11/numpy/963_20260711_v13_version_meta.json,99_quarantine/unused_generated/mypy_cache/3.11/numpy/version.meta.json,99_quarantine/unused_generated/mypy_cache/3.11/numpy/963_20260711_v13_version_meta.json,963,20260711,v13,normalized retained research artifact name,renamed
/Users/tstakuma/Desktop/github/research/99_quarantine/unused_generated/mypy_cache/3.11/opcode.data.json,/Users/tstakuma/Desktop/github/research/99_quarantine/unused_generated/mypy_cache/3.11/964_20260711_v13_opcode_data.json,99_quarantine/unused_generated/mypy_cache/3.11/opcode.data.json,99_quarantine/unused_generated/mypy_cache/3.11/964_20260711_v13_opcode_data.json,964,20260711,v13,normalized retained research artifact name,renamed
/Users/tstakuma/Desktop/github/research/99_quarantine/unused_generated/mypy_cache/3.11/opcode.meta.json,/Users/tstakuma/Desktop/github/research/99_quarantine/unused_generated/mypy_cache/3.11/965_20260711_v13_opcode_meta.json,99_quarantine/unused_generated/mypy_cache/3.11/opcode.meta.json,99_quarantine/unused_generated/mypy_cache/3.11/965_20260711_v13_opcode_meta.json,965,20260711,v13,normalized retained research artifact name,renamed
/Users/tstakuma/Desktop/github/research/99_quarantine/unused_generated/mypy_cache/3.11/operator.data.json,/Users/tstakuma/Desktop/github/research/99_quarantine/unused_generated/mypy_cache/3.11/966_20260711_v13_operator_data.json,99_quarantine/unused_generated/mypy_cache/3.11/operator.data.json,99_quarantine/unused_generated/mypy_cache/3.11/966_20260711_v13_operator_data.json,966,20260711,v13,normalized retained research artifact name,renamed
/Users/tstakuma/Desktop/github/research/99_quarantine/unused_generated/mypy_cache/3.11/operator.meta.json,/Users/tstakuma/Desktop/github/research/99_quarantine/unused_generated/mypy_cache/3.11/967_20260711_v13_operator_meta.json,99_quarantine/unused_generated/mypy_cache/3.11/operator.meta.json,99_quarantine/unused_generated/mypy_cache/3.11/967_20260711_v13_operator_meta.json,967,20260711,v13,normalized retained research artifact name,renamed
/Users/tstakuma/Desktop/github/research/99_quarantine/unused_generated/mypy_cache/3.11/os/__init__.data.json,/Users/tstakuma/Desktop/github/research/99_quarantine/unused_generated/mypy_cache/3.11/os/968_20260711_v13_init_data.json,99_quarantine/unused_generated/mypy_cache/3.11/os/__init__.data.json,99_quarantine/unused_generated/mypy_cache/3.11/os/968_20260711_v13_init_data.json,968,20260711,v13,normalized retained research artifact name,renamed
/Users/tstakuma/Desktop/github/research/99_quarantine/unused_generated/mypy_cache/3.11/os/__init__.meta.json,/Users/tstakuma/Desktop/github/research/99_quarantine/unused_generated/mypy_cache/3.11/os/969_20260711_v13_init_meta.json,99_quarantine/unused_generated/mypy_cache/3.11/os/__init__.meta.json,99_quarantine/unused_generated/mypy_cache/3.11/os/969_20260711_v13_init_meta.json,969,20260711,v13,normalized retained research artifact name,renamed
/Users/tstakuma/Desktop/github/research/99_quarantine/unused_generated/mypy_cache/3.11/os/path.data.json,/Users/tstakuma/Desktop/github/research/99_quarantine/unused_generated/mypy_cache/3.11/os/970_20260711_v13_path_data.json,99_quarantine/unused_generated/mypy_cache/3.11/os/path.data.json,99_quarantine/unused_generated/mypy_cache/3.11/os/970_20260711_v13_path_data.json,970,20260711,v13,normalized retained research artifact name,renamed
/Users/tstakuma/Desktop/github/research/99_quarantine/unused_generated/mypy_cache/3.11/os/path.meta.json,/Users/tstakuma/Desktop/github/research/99_quarantine/unused_generated/mypy_cache/3.11/os/971_20260711_v13_path_meta.json,99_quarantine/unused_generated/mypy_cache/3.11/os/path.meta.json,99_quarantine/unused_generated/mypy_cache/3.11/os/971_20260711_v13_path_meta.json,971,20260711,v13,normalized retained research artifact name,renamed
/Users/tstakuma/Desktop/github/research/99_quarantine/unused_generated/mypy_cache/3.11/packaging/__init__.data.json,/Users/tstakuma/Desktop/github/research/99_quarantine/unused_generated/mypy_cache/3.11/packaging/972_20260711_v13_init_data.json,99_quarantine/unused_generated/mypy_cache/3.11/packaging/__init__.data.json,99_quarantine/unused_generated/mypy_cache/3.11/packaging/972_20260711_v13_init_data.json,972,20260711,v13,normalized retained research artifact name,renamed
/Users/tstakuma/Desktop/github/research/99_quarantine/unused_generated/mypy_cache/3.11/packaging/__init__.meta.json,/Users/tstakuma/Desktop/github/research/99_quarantine/unused_generated/mypy_cache/3.11/packaging/973_20260711_v13_init_meta.json,99_quarantine/unused_generated/mypy_cache/3.11/packaging/__init__.meta.json,99_quarantine/unused_generated/mypy_cache/3.11/packaging/973_20260711_v13_init_meta.json,973,20260711,v13,normalized retained research artifact name,renamed
/Users/tstakuma/Desktop/github/research/99_quarantine/unused_generated/mypy_cache/3.11/packaging/_structures.data.json,/Users/tstakuma/Desktop/github/research/99_quarantine/unused_generated/mypy_cache/3.11/packaging/974_20260711_v13_structures_data.json,99_quarantine/unused_generated/mypy_cache/3.11/packaging/_structures.data.json,99_quarantine/unused_generated/mypy_cache/3.11/packaging/974_20260711_v13_structures_data.json,974,20260711,v13,normalized retained research artifact name,renamed
/Users/tstakuma/Desktop/github/research/99_quarantine/unused_generated/mypy_cache/3.11/packaging/_structures.meta.json,/Users/tstakuma/Desktop/github/research/99_quarantine/unused_generated/mypy_cache/3.11/packaging/975_20260711_v13_structures_meta.json,99_quarantine/unused_generated/mypy_cache/3.11/packaging/_structures.meta.json,99_quarantine/unused_generated/mypy_cache/3.11/packaging/975_20260711_v13_structures_meta.json,975,20260711,v13,normalized retained research artifact name,renamed
/Users/tstakuma/Desktop/github/research/99_quarantine/unused_generated/mypy_cache/3.11/packaging/version.data.json,/Users/tstakuma/Desktop/github/research/99_quarantine/unused_generated/mypy_cache/3.11/packaging/976_20260711_v13_version_data.json,99_quarantine/unused_generated/mypy_cache/3.11/packaging/version.data.json,99_quarantine/unused_generated/mypy_cache/3.11/packaging/976_20260711_v13_version_data.json,976,20260711,v13,normalized retained research artifact name,renamed
/Users/tstakuma/Desktop/github/research/99_quarantine/unused_generated/mypy_cache/3.11/packaging/version.meta.json,/Users/tstakuma/Desktop/github/research/99_quarantine/unused_generated/mypy_cache/3.11/packaging/977_20260711_v13_version_meta.json,99_quarantine/unused_generated/mypy_cache/3.11/packaging/version.meta.json,99_quarantine/unused_generated/mypy_cache/3.11/packaging/977_20260711_v13_version_meta.json,977,20260711,v13,normalized retained research artifact name,renamed
/Users/tstakuma/Desktop/github/research/99_quarantine/unused_generated/mypy_cache/3.11/pathlib.data.json,/Users/tstakuma/Desktop/github/research/99_quarantine/unused_generated/mypy_cache/3.11/978_20260711_v13_pathlib_data.json,99_quarantine/unused_generated/mypy_cache/3.11/pathlib.data.json,99_quarantine/unused_generated/mypy_cache/3.11/978_20260711_v13_pathlib_data.json,978,20260711,v13,normalized retained research artifact name,renamed
/Users/tstakuma/Desktop/github/research/99_quarantine/unused_generated/mypy_cache/3.11/pathlib.meta.json,/Users/tstakuma/Desktop/github/research/99_quarantine/unused_generated/mypy_cache/3.11/979_20260711_v13_pathlib_meta.json,99_quarantine/unused_generated/mypy_cache/3.11/pathlib.meta.json,99_quarantine/unused_generated/mypy_cache/3.11/979_20260711_v13_pathlib_meta.json,979,20260711,v13,normalized retained research artifact name,renamed
/Users/tstakuma/Desktop/github/research/99_quarantine/unused_generated/mypy_cache/3.11/pdb.data.json,/Users/tstakuma/Desktop/github/research/99_quarantine/unused_generated/mypy_cache/3.11/980_20260711_v13_pdb_data.json,99_quarantine/unused_generated/mypy_cache/3.11/pdb.data.json,99_quarantine/unused_generated/mypy_cache/3.11/980_20260711_v13_pdb_data.json,980,20260711,v13,normalized retained research artifact name,renamed
/Users/tstakuma/Desktop/github/research/99_quarantine/unused_generated/mypy_cache/3.11/pdb.meta.json,/Users/tstakuma/Desktop/github/research/99_quarantine/unused_generated/mypy_cache/3.11/981_20260711_v13_pdb_meta.json,99_quarantine/unused_generated/mypy_cache/3.11/pdb.meta.json,99_quarantine/unused_generated/mypy_cache/3.11/981_20260711_v13_pdb_meta.json,981,20260711,v13,normalized retained research artifact name,renamed
/Users/tstakuma/Desktop/github/research/99_quarantine/unused_generated/mypy_cache/3.11/pickle.data.json,/Users/tstakuma/Desktop/github/research/99_quarantine/unused_generated/mypy_cache/3.11/982_20260711_v13_pickle_data.json,99_quarantine/unused_generated/mypy_cache/3.11/pickle.data.json,99_quarantine/unused_generated/mypy_cache/3.11/982_20260711_v13_pickle_data.json,982,20260711,v13,normalized retained research artifact name,renamed
/Users/tstakuma/Desktop/github/research/99_quarantine/unused_generated/mypy_cache/3.11/pickle.meta.json,/Users/tstakuma/Desktop/github/research/99_quarantine/unused_generated/mypy_cache/3.11/983_20260711_v13_pickle_meta.json,99_quarantine/unused_generated/mypy_cache/3.11/pickle.meta.json,99_quarantine/unused_generated/mypy_cache/3.11/983_20260711_v13_pickle_meta.json,983,20260711,v13,normalized retained research artifact name,renamed
/Users/tstakuma/Desktop/github/research/99_quarantine/unused_generated/mypy_cache/3.11/posixpath.data.json,/Users/tstakuma/Desktop/github/research/99_quarantine/unused_generated/mypy_cache/3.11/984_20260711_v13_posixpath_data.json,99_quarantine/unused_generated/mypy_cache/3.11/posixpath.data.json,99_quarantine/unused_generated/mypy_cache/3.11/984_20260711_v13_posixpath_data.json,984,20260711,v13,normalized retained research artifact name,renamed
/Users/tstakuma/Desktop/github/research/99_quarantine/unused_generated/mypy_cache/3.11/posixpath.meta.json,/Users/tstakuma/Desktop/github/research/99_quarantine/unused_generated/mypy_cache/3.11/985_20260711_v13_posixpath_meta.json,99_quarantine/unused_generated/mypy_cache/3.11/posixpath.meta.json,99_quarantine/unused_generated/mypy_cache/3.11/985_20260711_v13_posixpath_meta.json,985,20260711,v13,normalized retained research artifact name,renamed
/Users/tstakuma/Desktop/github/research/99_quarantine/unused_generated/mypy_cache/3.11/pprint.data.json,/Users/tstakuma/Desktop/github/research/99_quarantine/unused_generated/mypy_cache/3.11/986_20260711_v13_pprint_data.json,99_quarantine/unused_generated/mypy_cache/3.11/pprint.data.json,99_quarantine/unused_generated/mypy_cache/3.11/986_20260711_v13_pprint_data.json,986,20260711,v13,normalized retained research artifact name,renamed
/Users/tstakuma/Desktop/github/research/99_quarantine/unused_generated/mypy_cache/3.11/pprint.meta.json,/Users/tstakuma/Desktop/github/research/99_quarantine/unused_generated/mypy_cache/3.11/987_20260711_v13_pprint_meta.json,99_quarantine/unused_generated/mypy_cache/3.11/pprint.meta.json,99_quarantine/unused_generated/mypy_cache/3.11/987_20260711_v13_pprint_meta.json,987,20260711,v13,normalized retained research artifact name,renamed
/Users/tstakuma/Desktop/github/research/99_quarantine/unused_generated/mypy_cache/3.11/pyparsing/__init__.data.json,/Users/tstakuma/Desktop/github/research/99_quarantine/unused_generated/mypy_cache/3.11/pyparsing/988_20260711_v13_init_data.json,99_quarantine/unused_generated/mypy_cache/3.11/pyparsing/__init__.data.json,99_quarantine/unused_generated/mypy_cache/3.11/pyparsing/988_20260711_v13_init_data.json,988,20260711,v13,normalized retained research artifact name,renamed
/Users/tstakuma/Desktop/github/research/99_quarantine/unused_generated/mypy_cache/3.11/pyparsing/__init__.meta.json,/Users/tstakuma/Desktop/github/research/99_quarantine/unused_generated/mypy_cache/3.11/pyparsing/989_20260711_v13_init_meta.json,99_quarantine/unused_generated/mypy_cache/3.11/pyparsing/__init__.meta.json,99_quarantine/unused_generated/mypy_cache/3.11/pyparsing/989_20260711_v13_init_meta.json,989,20260711,v13,normalized retained research artifact name,renamed
/Users/tstakuma/Desktop/github/research/99_quarantine/unused_generated/mypy_cache/3.11/pyparsing/actions.data.json,/Users/tstakuma/Desktop/github/research/99_quarantine/unused_generated/mypy_cache/3.11/pyparsing/990_20260711_v13_actions_data.json,99_quarantine/unused_generated/mypy_cache/3.11/pyparsing/actions.data.json,99_quarantine/unused_generated/mypy_cache/3.11/pyparsing/990_20260711_v13_actions_data.json,990,20260711,v13,normalized retained research artifact name,renamed
/Users/tstakuma/Desktop/github/research/99_quarantine/unused_generated/mypy_cache/3.11/pyparsing/actions.meta.json,/Users/tstakuma/Desktop/github/research/99_quarantine/unused_generated/mypy_cache/3.11/pyparsing/991_20260711_v13_actions_meta.json,99_quarantine/unused_generated/mypy_cache/3.11/pyparsing/actions.meta.json,99_quarantine/unused_generated/mypy_cache/3.11/pyparsing/991_20260711_v13_actions_meta.json,991,20260711,v13,normalized retained research artifact name,renamed
/Users/tstakuma/Desktop/github/research/99_quarantine/unused_generated/mypy_cache/3.11/pyparsing/common.data.json,/Users/tstakuma/Desktop/github/research/99_quarantine/unused_generated/mypy_cache/3.11/pyparsing/992_20260711_v13_common_data.json,99_quarantine/unused_generated/mypy_cache/3.11/pyparsing/common.data.json,99_quarantine/unused_generated/mypy_cache/3.11/pyparsing/992_20260711_v13_common_data.json,992,20260711,v13,normalized retained research artifact name,renamed
/Users/tstakuma/Desktop/github/research/99_quarantine/unused_generated/mypy_cache/3.11/pyparsing/common.meta.json,/Users/tstakuma/Desktop/github/research/99_quarantine/unused_generated/mypy_cache/3.11/pyparsing/993_20260711_v13_common_meta.json,99_quarantine/unused_generated/mypy_cache/3.11/pyparsing/common.meta.json,99_quarantine/unused_generated/mypy_cache/3.11/pyparsing/993_20260711_v13_common_meta.json,993,20260711,v13,normalized retained research artifact name,renamed
/Users/tstakuma/Desktop/github/research/99_quarantine/unused_generated/mypy_cache/3.11/pyparsing/core.data.json,/Users/tstakuma/Desktop/github/research/99_quarantine/unused_generated/mypy_cache/3.11/pyparsing/994_20260711_v13_core_data.json,99_quarantine/unused_generated/mypy_cache/3.11/pyparsing/core.data.json,99_quarantine/unused_generated/mypy_cache/3.11/pyparsing/994_20260711_v13_core_data.json,994,20260711,v13,normalized retained research artifact name,renamed
/Users/tstakuma/Desktop/github/research/99_quarantine/unused_generated/mypy_cache/3.11/pyparsing/core.meta.json,/Users/tstakuma/Desktop/github/research/99_quarantine/unused_generated/mypy_cache/3.11/pyparsing/995_20260711_v13_core_meta.json,99_quarantine/unused_generated/mypy_cache/3.11/pyparsing/core.meta.json,99_quarantine/unused_generated/mypy_cache/3.11/pyparsing/995_20260711_v13_core_meta.json,995,20260711,v13,normalized retained research artifact name,renamed
/Users/tstakuma/Desktop/github/research/99_quarantine/unused_generated/mypy_cache/3.11/pyparsing/diagram/__init__.data.json,/Users/tstakuma/Desktop/github/research/99_quarantine/unused_generated/mypy_cache/3.11/pyparsing/diagram/996_20260711_v13_init_data.json,99_quarantine/unused_generated/mypy_cache/3.11/pyparsing/diagram/__init__.data.json,99_quarantine/unused_generated/mypy_cache/3.11/pyparsing/diagram/996_20260711_v13_init_data.json,996,20260711,v13,normalized retained research artifact name,renamed
/Users/tstakuma/Desktop/github/research/99_quarantine/unused_generated/mypy_cache/3.11/pyparsing/diagram/__init__.meta.json,/Users/tstakuma/Desktop/github/research/99_quarantine/unused_generated/mypy_cache/3.11/pyparsing/diagram/997_20260711_v13_init_meta.json,99_quarantine/unused_generated/mypy_cache/3.11/pyparsing/diagram/__init__.meta.json,99_quarantine/unused_generated/mypy_cache/3.11/pyparsing/diagram/997_20260711_v13_init_meta.json,997,20260711,v13,normalized retained research artifact name,renamed
/Users/tstakuma/Desktop/github/research/99_quarantine/unused_generated/mypy_cache/3.11/pyparsing/exceptions.data.json,/Users/tstakuma/Desktop/github/research/99_quarantine/unused_generated/mypy_cache/3.11/pyparsing/998_20260711_v13_exceptions_data.json,99_quarantine/unused_generated/mypy_cache/3.11/pyparsing/exceptions.data.json,99_quarantine/unused_generated/mypy_cache/3.11/pyparsing/998_20260711_v13_exceptions_data.json,998,20260711,v13,normalized retained research artifact name,renamed
/Users/tstakuma/Desktop/github/research/99_quarantine/unused_generated/mypy_cache/3.11/pyparsing/exceptions.meta.json,/Users/tstakuma/Desktop/github/research/99_quarantine/unused_generated/mypy_cache/3.11/pyparsing/999_20260711_v13_exceptions_meta.json,99_quarantine/unused_generated/mypy_cache/3.11/pyparsing/exceptions.meta.json,99_quarantine/unused_generated/mypy_cache/3.11/pyparsing/999_20260711_v13_exceptions_meta.json,999,20260711,v13,normalized retained research artifact name,renamed
/Users/tstakuma/Desktop/github/research/99_quarantine/unused_generated/mypy_cache/3.11/pyparsing/helpers.data.json,/Users/tstakuma/Desktop/github/research/99_quarantine/unused_generated/mypy_cache/3.11/pyparsing/950_20260711_v14_helpers_data.json,99_quarantine/unused_generated/mypy_cache/3.11/pyparsing/helpers.data.json,99_quarantine/unused_generated/mypy_cache/3.11/pyparsing/950_20260711_v14_helpers_data.json,950,20260711,v14,normalized retained research artifact name,renamed
/Users/tstakuma/Desktop/github/research/99_quarantine/unused_generated/mypy_cache/3.11/pyparsing/helpers.meta.json,/Users/tstakuma/Desktop/github/research/99_quarantine/unused_generated/mypy_cache/3.11/pyparsing/951_20260711_v14_helpers_meta.json,99_quarantine/unused_generated/mypy_cache/3.11/pyparsing/helpers.meta.json,99_quarantine/unused_generated/mypy_cache/3.11/pyparsing/951_20260711_v14_helpers_meta.json,951,20260711,v14,normalized retained research artifact name,renamed
/Users/tstakuma/Desktop/github/research/99_quarantine/unused_generated/mypy_cache/3.11/pyparsing/results.data.json,/Users/tstakuma/Desktop/github/research/99_quarantine/unused_generated/mypy_cache/3.11/pyparsing/952_20260711_v14_results_data.json,99_quarantine/unused_generated/mypy_cache/3.11/pyparsing/results.data.json,99_quarantine/unused_generated/mypy_cache/3.11/pyparsing/952_20260711_v14_results_data.json,952,20260711,v14,normalized retained research artifact name,renamed
/Users/tstakuma/Desktop/github/research/99_quarantine/unused_generated/mypy_cache/3.11/pyparsing/results.meta.json,/Users/tstakuma/Desktop/github/research/99_quarantine/unused_generated/mypy_cache/3.11/pyparsing/953_20260711_v14_results_meta.json,99_quarantine/unused_generated/mypy_cache/3.11/pyparsing/results.meta.json,99_quarantine/unused_generated/mypy_cache/3.11/pyparsing/953_20260711_v14_results_meta.json,953,20260711,v14,normalized retained research artifact name,renamed
/Users/tstakuma/Desktop/github/research/99_quarantine/unused_generated/mypy_cache/3.11/pyparsing/testing.data.json,/Users/tstakuma/Desktop/github/research/99_quarantine/unused_generated/mypy_cache/3.11/pyparsing/954_20260711_v14_testing_data.json,99_quarantine/unused_generated/mypy_cache/3.11/pyparsing/testing.data.json,99_quarantine/unused_generated/mypy_cache/3.11/pyparsing/954_20260711_v14_testing_data.json,954,20260711,v14,normalized retained research artifact name,renamed
/Users/tstakuma/Desktop/github/research/99_quarantine/unused_generated/mypy_cache/3.11/pyparsing/testing.meta.json,/Users/tstakuma/Desktop/github/research/99_quarantine/unused_generated/mypy_cache/3.11/pyparsing/955_20260711_v14_testing_meta.json,99_quarantine/unused_generated/mypy_cache/3.11/pyparsing/testing.meta.json,99_quarantine/unused_generated/mypy_cache/3.11/pyparsing/955_20260711_v14_testing_meta.json,955,20260711,v14,normalized retained research artifact name,renamed
/Users/tstakuma/Desktop/github/research/99_quarantine/unused_generated/mypy_cache/3.11/pyparsing/unicode.data.json,/Users/tstakuma/Desktop/github/research/99_quarantine/unused_generated/mypy_cache/3.11/pyparsing/956_20260711_v14_unicode_data.json,99_quarantine/unused_generated/mypy_cache/3.11/pyparsing/unicode.data.json,99_quarantine/unused_generated/mypy_cache/3.11/pyparsing/956_20260711_v14_unicode_data.json,956,20260711,v14,normalized retained research artifact name,renamed
/Users/tstakuma/Desktop/github/research/99_quarantine/unused_generated/mypy_cache/3.11/pyparsing/unicode.meta.json,/Users/tstakuma/Desktop/github/research/99_quarantine/unused_generated/mypy_cache/3.11/pyparsing/957_20260711_v14_unicode_meta.json,99_quarantine/unused_generated/mypy_cache/3.11/pyparsing/unicode.meta.json,99_quarantine/unused_generated/mypy_cache/3.11/pyparsing/957_20260711_v14_unicode_meta.json,957,20260711,v14,normalized retained research artifact name,renamed
/Users/tstakuma/Desktop/github/research/99_quarantine/unused_generated/mypy_cache/3.11/pyparsing/util.data.json,/Users/tstakuma/Desktop/github/research/99_quarantine/unused_generated/mypy_cache/3.11/pyparsing/958_20260711_v14_util_data.json,99_quarantine/unused_generated/mypy_cache/3.11/pyparsing/util.data.json,99_quarantine/unused_generated/mypy_cache/3.11/pyparsing/958_20260711_v14_util_data.json,958,20260711,v14,normalized retained research artifact name,renamed
/Users/tstakuma/Desktop/github/research/99_quarantine/unused_generated/mypy_cache/3.11/pyparsing/util.meta.json,/Users/tstakuma/Desktop/github/research/99_quarantine/unused_generated/mypy_cache/3.11/pyparsing/959_20260711_v14_util_meta.json,99_quarantine/unused_generated/mypy_cache/3.11/pyparsing/util.meta.json,99_quarantine/unused_generated/mypy_cache/3.11/pyparsing/959_20260711_v14_util_meta.json,959,20260711,v14,normalized retained research artifact name,renamed
/Users/tstakuma/Desktop/github/research/99_quarantine/unused_generated/mypy_cache/3.11/queue.data.json,/Users/tstakuma/Desktop/github/research/99_quarantine/unused_generated/mypy_cache/3.11/960_20260711_v14_queue_data.json,99_quarantine/unused_generated/mypy_cache/3.11/queue.data.json,99_quarantine/unused_generated/mypy_cache/3.11/960_20260711_v14_queue_data.json,960,20260711,v14,normalized retained research artifact name,renamed
/Users/tstakuma/Desktop/github/research/99_quarantine/unused_generated/mypy_cache/3.11/queue.meta.json,/Users/tstakuma/Desktop/github/research/99_quarantine/unused_generated/mypy_cache/3.11/961_20260711_v14_queue_meta.json,99_quarantine/unused_generated/mypy_cache/3.11/queue.meta.json,99_quarantine/unused_generated/mypy_cache/3.11/961_20260711_v14_queue_meta.json,961,20260711,v14,normalized retained research artifact name,renamed
/Users/tstakuma/Desktop/github/research/99_quarantine/unused_generated/mypy_cache/3.11/random.data.json,/Users/tstakuma/Desktop/github/research/99_quarantine/unused_generated/mypy_cache/3.11/962_20260711_v14_random_data.json,99_quarantine/unused_generated/mypy_cache/3.11/random.data.json,99_quarantine/unused_generated/mypy_cache/3.11/962_20260711_v14_random_data.json,962,20260711,v14,normalized retained research artifact name,renamed
/Users/tstakuma/Desktop/github/research/99_quarantine/unused_generated/mypy_cache/3.11/random.meta.json,/Users/tstakuma/Desktop/github/research/99_quarantine/unused_generated/mypy_cache/3.11/963_20260711_v14_random_meta.json,99_quarantine/unused_generated/mypy_cache/3.11/random.meta.json,99_quarantine/unused_generated/mypy_cache/3.11/963_20260711_v14_random_meta.json,963,20260711,v14,normalized retained research artifact name,renamed
/Users/tstakuma/Desktop/github/research/99_quarantine/unused_generated/mypy_cache/3.11/re.data.json,/Users/tstakuma/Desktop/github/research/99_quarantine/unused_generated/mypy_cache/3.11/964_20260711_v14_re_data.json,99_quarantine/unused_generated/mypy_cache/3.11/re.data.json,99_quarantine/unused_generated/mypy_cache/3.11/964_20260711_v14_re_data.json,964,20260711,v14,normalized retained research artifact name,renamed
/Users/tstakuma/Desktop/github/research/99_quarantine/unused_generated/mypy_cache/3.11/re.meta.json,/Users/tstakuma/Desktop/github/research/99_quarantine/unused_generated/mypy_cache/3.11/965_20260711_v14_re_meta.json,99_quarantine/unused_generated/mypy_cache/3.11/re.meta.json,99_quarantine/unused_generated/mypy_cache/3.11/965_20260711_v14_re_meta.json,965,20260711,v14,normalized retained research artifact name,renamed
/Users/tstakuma/Desktop/github/research/99_quarantine/unused_generated/mypy_cache/3.11/selectors.data.json,/Users/tstakuma/Desktop/github/research/99_quarantine/unused_generated/mypy_cache/3.11/966_20260711_v14_selectors_data.json,99_quarantine/unused_generated/mypy_cache/3.11/selectors.data.json,99_quarantine/unused_generated/mypy_cache/3.11/966_20260711_v14_selectors_data.json,966,20260711,v14,normalized retained research artifact name,renamed
/Users/tstakuma/Desktop/github/research/99_quarantine/unused_generated/mypy_cache/3.11/selectors.meta.json,/Users/tstakuma/Desktop/github/research/99_quarantine/unused_generated/mypy_cache/3.11/967_20260711_v14_selectors_meta.json,99_quarantine/unused_generated/mypy_cache/3.11/selectors.meta.json,99_quarantine/unused_generated/mypy_cache/3.11/967_20260711_v14_selectors_meta.json,967,20260711,v14,normalized retained research artifact name,renamed
/Users/tstakuma/Desktop/github/research/99_quarantine/unused_generated/mypy_cache/3.11/signal.data.json,/Users/tstakuma/Desktop/github/research/99_quarantine/unused_generated/mypy_cache/3.11/968_20260711_v14_signal_data.json,99_quarantine/unused_generated/mypy_cache/3.11/signal.data.json,99_quarantine/unused_generated/mypy_cache/3.11/968_20260711_v14_signal_data.json,968,20260711,v14,normalized retained research artifact name,renamed
/Users/tstakuma/Desktop/github/research/99_quarantine/unused_generated/mypy_cache/3.11/signal.meta.json,/Users/tstakuma/Desktop/github/research/99_quarantine/unused_generated/mypy_cache/3.11/969_20260711_v14_signal_meta.json,99_quarantine/unused_generated/mypy_cache/3.11/signal.meta.json,99_quarantine/unused_generated/mypy_cache/3.11/969_20260711_v14_signal_meta.json,969,20260711,v14,normalized retained research artifact name,renamed
/Users/tstakuma/Desktop/github/research/99_quarantine/unused_generated/mypy_cache/3.11/socket.data.json,/Users/tstakuma/Desktop/github/research/99_quarantine/unused_generated/mypy_cache/3.11/970_20260711_v14_socket_data.json,99_quarantine/unused_generated/mypy_cache/3.11/socket.data.json,99_quarantine/unused_generated/mypy_cache/3.11/970_20260711_v14_socket_data.json,970,20260711,v14,normalized retained research artifact name,renamed
/Users/tstakuma/Desktop/github/research/99_quarantine/unused_generated/mypy_cache/3.11/socket.meta.json,/Users/tstakuma/Desktop/github/research/99_quarantine/unused_generated/mypy_cache/3.11/971_20260711_v14_socket_meta.json,99_quarantine/unused_generated/mypy_cache/3.11/socket.meta.json,99_quarantine/unused_generated/mypy_cache/3.11/971_20260711_v14_socket_meta.json,971,20260711,v14,normalized retained research artifact name,renamed
/Users/tstakuma/Desktop/github/research/99_quarantine/unused_generated/mypy_cache/3.11/sre_compile.data.json,/Users/tstakuma/Desktop/github/research/99_quarantine/unused_generated/mypy_cache/3.11/972_20260711_v14_sre_compile_data.json,99_quarantine/unused_generated/mypy_cache/3.11/sre_compile.data.json,99_quarantine/unused_generated/mypy_cache/3.11/972_20260711_v14_sre_compile_data.json,972,20260711,v14,normalized retained research artifact name,renamed
/Users/tstakuma/Desktop/github/research/99_quarantine/unused_generated/mypy_cache/3.11/sre_compile.meta.json,/Users/tstakuma/Desktop/github/research/99_quarantine/unused_generated/mypy_cache/3.11/973_20260711_v14_sre_compile_meta.json,99_quarantine/unused_generated/mypy_cache/3.11/sre_compile.meta.json,99_quarantine/unused_generated/mypy_cache/3.11/973_20260711_v14_sre_compile_meta.json,973,20260711,v14,normalized retained research artifact name,renamed
/Users/tstakuma/Desktop/github/research/99_quarantine/unused_generated/mypy_cache/3.11/sre_constants.data.json,/Users/tstakuma/Desktop/github/research/99_quarantine/unused_generated/mypy_cache/3.11/974_20260711_v14_sre_constants_data.json,99_quarantine/unused_generated/mypy_cache/3.11/sre_constants.data.json,99_quarantine/unused_generated/mypy_cache/3.11/974_20260711_v14_sre_constants_data.json,974,20260711,v14,normalized retained research artifact name,renamed
/Users/tstakuma/Desktop/github/research/99_quarantine/unused_generated/mypy_cache/3.11/sre_constants.meta.json,/Users/tstakuma/Desktop/github/research/99_quarantine/unused_generated/mypy_cache/3.11/975_20260711_v14_sre_constants_meta.json,99_quarantine/unused_generated/mypy_cache/3.11/sre_constants.meta.json,99_quarantine/unused_generated/mypy_cache/3.11/975_20260711_v14_sre_constants_meta.json,975,20260711,v14,normalized retained research artifact name,renamed
/Users/tstakuma/Desktop/github/research/99_quarantine/unused_generated/mypy_cache/3.11/sre_parse.data.json,/Users/tstakuma/Desktop/github/research/99_quarantine/unused_generated/mypy_cache/3.11/976_20260711_v14_sre_parse_data.json,99_quarantine/unused_generated/mypy_cache/3.11/sre_parse.data.json,99_quarantine/unused_generated/mypy_cache/3.11/976_20260711_v14_sre_parse_data.json,976,20260711,v14,normalized retained research artifact name,renamed
/Users/tstakuma/Desktop/github/research/99_quarantine/unused_generated/mypy_cache/3.11/sre_parse.meta.json,/Users/tstakuma/Desktop/github/research/99_quarantine/unused_generated/mypy_cache/3.11/977_20260711_v14_sre_parse_meta.json,99_quarantine/unused_generated/mypy_cache/3.11/sre_parse.meta.json,99_quarantine/unused_generated/mypy_cache/3.11/977_20260711_v14_sre_parse_meta.json,977,20260711,v14,normalized retained research artifact name,renamed
/Users/tstakuma/Desktop/github/research/99_quarantine/unused_generated/mypy_cache/3.11/ssl.data.json,/Users/tstakuma/Desktop/github/research/99_quarantine/unused_generated/mypy_cache/3.11/978_20260711_v14_ssl_data.json,99_quarantine/unused_generated/mypy_cache/3.11/ssl.data.json,99_quarantine/unused_generated/mypy_cache/3.11/978_20260711_v14_ssl_data.json,978,20260711,v14,normalized retained research artifact name,renamed
/Users/tstakuma/Desktop/github/research/99_quarantine/unused_generated/mypy_cache/3.11/ssl.meta.json,/Users/tstakuma/Desktop/github/research/99_quarantine/unused_generated/mypy_cache/3.11/979_20260711_v14_ssl_meta.json,99_quarantine/unused_generated/mypy_cache/3.11/ssl.meta.json,99_quarantine/unused_generated/mypy_cache/3.11/979_20260711_v14_ssl_meta.json,979,20260711,v14,normalized retained research artifact name,renamed
/Users/tstakuma/Desktop/github/research/99_quarantine/unused_generated/mypy_cache/3.11/stat.data.json,/Users/tstakuma/Desktop/github/research/99_quarantine/unused_generated/mypy_cache/3.11/980_20260711_v14_stat_data.json,99_quarantine/unused_generated/mypy_cache/3.11/stat.data.json,99_quarantine/unused_generated/mypy_cache/3.11/980_20260711_v14_stat_data.json,980,20260711,v14,normalized retained research artifact name,renamed
/Users/tstakuma/Desktop/github/research/99_quarantine/unused_generated/mypy_cache/3.11/stat.meta.json,/Users/tstakuma/Desktop/github/research/99_quarantine/unused_generated/mypy_cache/3.11/981_20260711_v14_stat_meta.json,99_quarantine/unused_generated/mypy_cache/3.11/stat.meta.json,99_quarantine/unused_generated/mypy_cache/3.11/981_20260711_v14_stat_meta.json,981,20260711,v14,normalized retained research artifact name,renamed
/Users/tstakuma/Desktop/github/research/99_quarantine/unused_generated/mypy_cache/3.11/string.data.json,/Users/tstakuma/Desktop/github/research/99_quarantine/unused_generated/mypy_cache/3.11/982_20260711_v14_string_data.json,99_quarantine/unused_generated/mypy_cache/3.11/string.data.json,99_quarantine/unused_generated/mypy_cache/3.11/982_20260711_v14_string_data.json,982,20260711,v14,normalized retained research artifact name,renamed
/Users/tstakuma/Desktop/github/research/99_quarantine/unused_generated/mypy_cache/3.11/string.meta.json,/Users/tstakuma/Desktop/github/research/99_quarantine/unused_generated/mypy_cache/3.11/983_20260711_v14_string_meta.json,99_quarantine/unused_generated/mypy_cache/3.11/string.meta.json,99_quarantine/unused_generated/mypy_cache/3.11/983_20260711_v14_string_meta.json,983,20260711,v14,normalized retained research artifact name,renamed
/Users/tstakuma/Desktop/github/research/99_quarantine/unused_generated/mypy_cache/3.11/subprocess.data.json,/Users/tstakuma/Desktop/github/research/99_quarantine/unused_generated/mypy_cache/3.11/984_20260711_v14_subprocess_data.json,99_quarantine/unused_generated/mypy_cache/3.11/subprocess.data.json,99_quarantine/unused_generated/mypy_cache/3.11/984_20260711_v14_subprocess_data.json,984,20260711,v14,normalized retained research artifact name,renamed
/Users/tstakuma/Desktop/github/research/99_quarantine/unused_generated/mypy_cache/3.11/subprocess.meta.json,/Users/tstakuma/Desktop/github/research/99_quarantine/unused_generated/mypy_cache/3.11/985_20260711_v14_subprocess_meta.json,99_quarantine/unused_generated/mypy_cache/3.11/subprocess.meta.json,99_quarantine/unused_generated/mypy_cache/3.11/985_20260711_v14_subprocess_meta.json,985,20260711,v14,normalized retained research artifact name,renamed
/Users/tstakuma/Desktop/github/research/99_quarantine/unused_generated/mypy_cache/3.11/sys/__init__.data.json,/Users/tstakuma/Desktop/github/research/99_quarantine/unused_generated/mypy_cache/3.11/sys/986_20260711_v14_init_data.json,99_quarantine/unused_generated/mypy_cache/3.11/sys/__init__.data.json,99_quarantine/unused_generated/mypy_cache/3.11/sys/986_20260711_v14_init_data.json,986,20260711,v14,normalized retained research artifact name,renamed
/Users/tstakuma/Desktop/github/research/99_quarantine/unused_generated/mypy_cache/3.11/sys/__init__.meta.json,/Users/tstakuma/Desktop/github/research/99_quarantine/unused_generated/mypy_cache/3.11/sys/987_20260711_v14_init_meta.json,99_quarantine/unused_generated/mypy_cache/3.11/sys/__init__.meta.json,99_quarantine/unused_generated/mypy_cache/3.11/sys/987_20260711_v14_init_meta.json,987,20260711,v14,normalized retained research artifact name,renamed
/Users/tstakuma/Desktop/github/research/99_quarantine/unused_generated/mypy_cache/3.11/table_rendering_utils.data.json,/Users/tstakuma/Desktop/github/research/99_quarantine/unused_generated/mypy_cache/3.11/988_20260711_v14_table_rendering_utils_data.json,99_quarantine/unused_generated/mypy_cache/3.11/table_rendering_utils.data.json,99_quarantine/unused_generated/mypy_cache/3.11/988_20260711_v14_table_rendering_utils_data.json,988,20260711,v14,normalized retained research artifact name,renamed
/Users/tstakuma/Desktop/github/research/99_quarantine/unused_generated/mypy_cache/3.11/table_rendering_utils.meta.json,/Users/tstakuma/Desktop/github/research/99_quarantine/unused_generated/mypy_cache/3.11/989_20260711_v14_table_rendering_utils_meta.json,99_quarantine/unused_generated/mypy_cache/3.11/table_rendering_utils.meta.json,99_quarantine/unused_generated/mypy_cache/3.11/989_20260711_v14_table_rendering_utils_meta.json,989,20260711,v14,normalized retained research artifact name,renamed
/Users/tstakuma/Desktop/github/research/99_quarantine/unused_generated/mypy_cache/3.11/tempfile.data.json,/Users/tstakuma/Desktop/github/research/99_quarantine/unused_generated/mypy_cache/3.11/990_20260711_v14_tempfile_data.json,99_quarantine/unused_generated/mypy_cache/3.11/tempfile.data.json,99_quarantine/unused_generated/mypy_cache/3.11/990_20260711_v14_tempfile_data.json,990,20260711,v14,normalized retained research artifact name,renamed
/Users/tstakuma/Desktop/github/research/99_quarantine/unused_generated/mypy_cache/3.11/tempfile.meta.json,/Users/tstakuma/Desktop/github/research/99_quarantine/unused_generated/mypy_cache/3.11/991_20260711_v14_tempfile_meta.json,99_quarantine/unused_generated/mypy_cache/3.11/tempfile.meta.json,99_quarantine/unused_generated/mypy_cache/3.11/991_20260711_v14_tempfile_meta.json,991,20260711,v14,normalized retained research artifact name,renamed
/Users/tstakuma/Desktop/github/research/99_quarantine/unused_generated/mypy_cache/3.11/textwrap.data.json,/Users/tstakuma/Desktop/github/research/99_quarantine/unused_generated/mypy_cache/3.11/992_20260711_v14_textwrap_data.json,99_quarantine/unused_generated/mypy_cache/3.11/textwrap.data.json,99_quarantine/unused_generated/mypy_cache/3.11/992_20260711_v14_textwrap_data.json,992,20260711,v14,normalized retained research artifact name,renamed
/Users/tstakuma/Desktop/github/research/99_quarantine/unused_generated/mypy_cache/3.11/textwrap.meta.json,/Users/tstakuma/Desktop/github/research/99_quarantine/unused_generated/mypy_cache/3.11/993_20260711_v14_textwrap_meta.json,99_quarantine/unused_generated/mypy_cache/3.11/textwrap.meta.json,99_quarantine/unused_generated/mypy_cache/3.11/993_20260711_v14_textwrap_meta.json,993,20260711,v14,normalized retained research artifact name,renamed
/Users/tstakuma/Desktop/github/research/99_quarantine/unused_generated/mypy_cache/3.11/threading.data.json,/Users/tstakuma/Desktop/github/research/99_quarantine/unused_generated/mypy_cache/3.11/994_20260711_v14_threading_data.json,99_quarantine/unused_generated/mypy_cache/3.11/threading.data.json,99_quarantine/unused_generated/mypy_cache/3.11/994_20260711_v14_threading_data.json,994,20260711,v14,normalized retained research artifact name,renamed
/Users/tstakuma/Desktop/github/research/99_quarantine/unused_generated/mypy_cache/3.11/threading.meta.json,/Users/tstakuma/Desktop/github/research/99_quarantine/unused_generated/mypy_cache/3.11/995_20260711_v14_threading_meta.json,99_quarantine/unused_generated/mypy_cache/3.11/threading.meta.json,99_quarantine/unused_generated/mypy_cache/3.11/995_20260711_v14_threading_meta.json,995,20260711,v14,normalized retained research artifact name,renamed
/Users/tstakuma/Desktop/github/research/99_quarantine/unused_generated/mypy_cache/3.11/time.data.json,/Users/tstakuma/Desktop/github/research/99_quarantine/unused_generated/mypy_cache/3.11/996_20260711_v14_time_data.json,99_quarantine/unused_generated/mypy_cache/3.11/time.data.json,99_quarantine/unused_generated/mypy_cache/3.11/996_20260711_v14_time_data.json,996,20260711,v14,normalized retained research artifact name,renamed
/Users/tstakuma/Desktop/github/research/99_quarantine/unused_generated/mypy_cache/3.11/time.meta.json,/Users/tstakuma/Desktop/github/research/99_quarantine/unused_generated/mypy_cache/3.11/997_20260711_v14_time_meta.json,99_quarantine/unused_generated/mypy_cache/3.11/time.meta.json,99_quarantine/unused_generated/mypy_cache/3.11/997_20260711_v14_time_meta.json,997,20260711,v14,normalized retained research artifact name,renamed
/Users/tstakuma/Desktop/github/research/99_quarantine/unused_generated/mypy_cache/3.11/traceback.data.json,/Users/tstakuma/Desktop/github/research/99_quarantine/unused_generated/mypy_cache/3.11/998_20260711_v14_traceback_data.json,99_quarantine/unused_generated/mypy_cache/3.11/traceback.data.json,99_quarantine/unused_generated/mypy_cache/3.11/998_20260711_v14_traceback_data.json,998,20260711,v14,normalized retained research artifact name,renamed
/Users/tstakuma/Desktop/github/research/99_quarantine/unused_generated/mypy_cache/3.11/traceback.meta.json,/Users/tstakuma/Desktop/github/research/99_quarantine/unused_generated/mypy_cache/3.11/999_20260711_v14_traceback_meta.json,99_quarantine/unused_generated/mypy_cache/3.11/traceback.meta.json,99_quarantine/unused_generated/mypy_cache/3.11/999_20260711_v14_traceback_meta.json,999,20260711,v14,normalized retained research artifact name,renamed
/Users/tstakuma/Desktop/github/research/99_quarantine/unused_generated/mypy_cache/3.11/types.data.json,/Users/tstakuma/Desktop/github/research/99_quarantine/unused_generated/mypy_cache/3.11/950_20260711_v15_types_data.json,99_quarantine/unused_generated/mypy_cache/3.11/types.data.json,99_quarantine/unused_generated/mypy_cache/3.11/950_20260711_v15_types_data.json,950,20260711,v15,normalized retained research artifact name,renamed
/Users/tstakuma/Desktop/github/research/99_quarantine/unused_generated/mypy_cache/3.11/types.meta.json,/Users/tstakuma/Desktop/github/research/99_quarantine/unused_generated/mypy_cache/3.11/951_20260711_v15_types_meta.json,99_quarantine/unused_generated/mypy_cache/3.11/types.meta.json,99_quarantine/unused_generated/mypy_cache/3.11/951_20260711_v15_types_meta.json,951,20260711,v15,normalized retained research artifact name,renamed
/Users/tstakuma/Desktop/github/research/99_quarantine/unused_generated/mypy_cache/3.11/typing.data.json,/Users/tstakuma/Desktop/github/research/99_quarantine/unused_generated/mypy_cache/3.11/952_20260711_v15_typing_data.json,99_quarantine/unused_generated/mypy_cache/3.11/typing.data.json,99_quarantine/unused_generated/mypy_cache/3.11/952_20260711_v15_typing_data.json,952,20260711,v15,normalized retained research artifact name,renamed
/Users/tstakuma/Desktop/github/research/99_quarantine/unused_generated/mypy_cache/3.11/typing.meta.json,/Users/tstakuma/Desktop/github/research/99_quarantine/unused_generated/mypy_cache/3.11/953_20260711_v15_typing_meta.json,99_quarantine/unused_generated/mypy_cache/3.11/typing.meta.json,99_quarantine/unused_generated/mypy_cache/3.11/953_20260711_v15_typing_meta.json,953,20260711,v15,normalized retained research artifact name,renamed
/Users/tstakuma/Desktop/github/research/99_quarantine/unused_generated/mypy_cache/3.11/typing_extensions.data.json,/Users/tstakuma/Desktop/github/research/99_quarantine/unused_generated/mypy_cache/3.11/954_20260711_v15_typing_extensions_data.json,99_quarantine/unused_generated/mypy_cache/3.11/typing_extensions.data.json,99_quarantine/unused_generated/mypy_cache/3.11/954_20260711_v15_typing_extensions_data.json,954,20260711,v15,normalized retained research artifact name,renamed
/Users/tstakuma/Desktop/github/research/99_quarantine/unused_generated/mypy_cache/3.11/typing_extensions.meta.json,/Users/tstakuma/Desktop/github/research/99_quarantine/unused_generated/mypy_cache/3.11/955_20260711_v15_typing_extensions_meta.json,99_quarantine/unused_generated/mypy_cache/3.11/typing_extensions.meta.json,99_quarantine/unused_generated/mypy_cache/3.11/955_20260711_v15_typing_extensions_meta.json,955,20260711,v15,normalized retained research artifact name,renamed
/Users/tstakuma/Desktop/github/research/99_quarantine/unused_generated/mypy_cache/3.11/unicodedata.data.json,/Users/tstakuma/Desktop/github/research/99_quarantine/unused_generated/mypy_cache/3.11/956_20260711_v15_unicodedata_data.json,99_quarantine/unused_generated/mypy_cache/3.11/unicodedata.data.json,99_quarantine/unused_generated/mypy_cache/3.11/956_20260711_v15_unicodedata_data.json,956,20260711,v15,normalized retained research artifact name,renamed
/Users/tstakuma/Desktop/github/research/99_quarantine/unused_generated/mypy_cache/3.11/unicodedata.meta.json,/Users/tstakuma/Desktop/github/research/99_quarantine/unused_generated/mypy_cache/3.11/957_20260711_v15_unicodedata_meta.json,99_quarantine/unused_generated/mypy_cache/3.11/unicodedata.meta.json,99_quarantine/unused_generated/mypy_cache/3.11/957_20260711_v15_unicodedata_meta.json,957,20260711,v15,normalized retained research artifact name,renamed
/Users/tstakuma/Desktop/github/research/99_quarantine/unused_generated/mypy_cache/3.11/unittest/__init__.data.json,/Users/tstakuma/Desktop/github/research/99_quarantine/unused_generated/mypy_cache/3.11/unittest/958_20260711_v15_init_data.json,99_quarantine/unused_generated/mypy_cache/3.11/unittest/__init__.data.json,99_quarantine/unused_generated/mypy_cache/3.11/unittest/958_20260711_v15_init_data.json,958,20260711,v15,normalized retained research artifact name,renamed
/Users/tstakuma/Desktop/github/research/99_quarantine/unused_generated/mypy_cache/3.11/unittest/__init__.meta.json,/Users/tstakuma/Desktop/github/research/99_quarantine/unused_generated/mypy_cache/3.11/unittest/959_20260711_v15_init_meta.json,99_quarantine/unused_generated/mypy_cache/3.11/unittest/__init__.meta.json,99_quarantine/unused_generated/mypy_cache/3.11/unittest/959_20260711_v15_init_meta.json,959,20260711,v15,normalized retained research artifact name,renamed
/Users/tstakuma/Desktop/github/research/99_quarantine/unused_generated/mypy_cache/3.11/unittest/_log.data.json,/Users/tstakuma/Desktop/github/research/99_quarantine/unused_generated/mypy_cache/3.11/unittest/960_20260711_v15_log_data.json,99_quarantine/unused_generated/mypy_cache/3.11/unittest/_log.data.json,99_quarantine/unused_generated/mypy_cache/3.11/unittest/960_20260711_v15_log_data.json,960,20260711,v15,normalized retained research artifact name,renamed
/Users/tstakuma/Desktop/github/research/99_quarantine/unused_generated/mypy_cache/3.11/unittest/_log.meta.json,/Users/tstakuma/Desktop/github/research/99_quarantine/unused_generated/mypy_cache/3.11/unittest/961_20260711_v15_log_meta.json,99_quarantine/unused_generated/mypy_cache/3.11/unittest/_log.meta.json,99_quarantine/unused_generated/mypy_cache/3.11/unittest/961_20260711_v15_log_meta.json,961,20260711,v15,normalized retained research artifact name,renamed
/Users/tstakuma/Desktop/github/research/99_quarantine/unused_generated/mypy_cache/3.11/unittest/async_case.data.json,/Users/tstakuma/Desktop/github/research/99_quarantine/unused_generated/mypy_cache/3.11/unittest/962_20260711_v15_async_case_data.json,99_quarantine/unused_generated/mypy_cache/3.11/unittest/async_case.data.json,99_quarantine/unused_generated/mypy_cache/3.11/unittest/962_20260711_v15_async_case_data.json,962,20260711,v15,normalized retained research artifact name,renamed
/Users/tstakuma/Desktop/github/research/99_quarantine/unused_generated/mypy_cache/3.11/unittest/async_case.meta.json,/Users/tstakuma/Desktop/github/research/99_quarantine/unused_generated/mypy_cache/3.11/unittest/963_20260711_v15_async_case_meta.json,99_quarantine/unused_generated/mypy_cache/3.11/unittest/async_case.meta.json,99_quarantine/unused_generated/mypy_cache/3.11/unittest/963_20260711_v15_async_case_meta.json,963,20260711,v15,normalized retained research artifact name,renamed
/Users/tstakuma/Desktop/github/research/99_quarantine/unused_generated/mypy_cache/3.11/unittest/case.data.json,/Users/tstakuma/Desktop/github/research/99_quarantine/unused_generated/mypy_cache/3.11/unittest/964_20260711_v15_case_data.json,99_quarantine/unused_generated/mypy_cache/3.11/unittest/case.data.json,99_quarantine/unused_generated/mypy_cache/3.11/unittest/964_20260711_v15_case_data.json,964,20260711,v15,normalized retained research artifact name,renamed
/Users/tstakuma/Desktop/github/research/99_quarantine/unused_generated/mypy_cache/3.11/unittest/case.meta.json,/Users/tstakuma/Desktop/github/research/99_quarantine/unused_generated/mypy_cache/3.11/unittest/965_20260711_v15_case_meta.json,99_quarantine/unused_generated/mypy_cache/3.11/unittest/case.meta.json,99_quarantine/unused_generated/mypy_cache/3.11/unittest/965_20260711_v15_case_meta.json,965,20260711,v15,normalized retained research artifact name,renamed
/Users/tstakuma/Desktop/github/research/99_quarantine/unused_generated/mypy_cache/3.11/unittest/loader.data.json,/Users/tstakuma/Desktop/github/research/99_quarantine/unused_generated/mypy_cache/3.11/unittest/966_20260711_v15_loader_data.json,99_quarantine/unused_generated/mypy_cache/3.11/unittest/loader.data.json,99_quarantine/unused_generated/mypy_cache/3.11/unittest/966_20260711_v15_loader_data.json,966,20260711,v15,normalized retained research artifact name,renamed
/Users/tstakuma/Desktop/github/research/99_quarantine/unused_generated/mypy_cache/3.11/unittest/loader.meta.json,/Users/tstakuma/Desktop/github/research/99_quarantine/unused_generated/mypy_cache/3.11/unittest/967_20260711_v15_loader_meta.json,99_quarantine/unused_generated/mypy_cache/3.11/unittest/loader.meta.json,99_quarantine/unused_generated/mypy_cache/3.11/unittest/967_20260711_v15_loader_meta.json,967,20260711,v15,normalized retained research artifact name,renamed
/Users/tstakuma/Desktop/github/research/99_quarantine/unused_generated/mypy_cache/3.11/unittest/main.data.json,/Users/tstakuma/Desktop/github/research/99_quarantine/unused_generated/mypy_cache/3.11/unittest/968_20260711_v15_main_data.json,99_quarantine/unused_generated/mypy_cache/3.11/unittest/main.data.json,99_quarantine/unused_generated/mypy_cache/3.11/unittest/968_20260711_v15_main_data.json,968,20260711,v15,normalized retained research artifact name,renamed
/Users/tstakuma/Desktop/github/research/99_quarantine/unused_generated/mypy_cache/3.11/unittest/main.meta.json,/Users/tstakuma/Desktop/github/research/99_quarantine/unused_generated/mypy_cache/3.11/unittest/969_20260711_v15_main_meta.json,99_quarantine/unused_generated/mypy_cache/3.11/unittest/main.meta.json,99_quarantine/unused_generated/mypy_cache/3.11/unittest/969_20260711_v15_main_meta.json,969,20260711,v15,normalized retained research artifact name,renamed
/Users/tstakuma/Desktop/github/research/99_quarantine/unused_generated/mypy_cache/3.11/unittest/result.data.json,/Users/tstakuma/Desktop/github/research/99_quarantine/unused_generated/mypy_cache/3.11/unittest/970_20260711_v15_result_data.json,99_quarantine/unused_generated/mypy_cache/3.11/unittest/result.data.json,99_quarantine/unused_generated/mypy_cache/3.11/unittest/970_20260711_v15_result_data.json,970,20260711,v15,normalized retained research artifact name,renamed
/Users/tstakuma/Desktop/github/research/99_quarantine/unused_generated/mypy_cache/3.11/unittest/result.meta.json,/Users/tstakuma/Desktop/github/research/99_quarantine/unused_generated/mypy_cache/3.11/unittest/971_20260711_v15_result_meta.json,99_quarantine/unused_generated/mypy_cache/3.11/unittest/result.meta.json,99_quarantine/unused_generated/mypy_cache/3.11/unittest/971_20260711_v15_result_meta.json,971,20260711,v15,normalized retained research artifact name,renamed
/Users/tstakuma/Desktop/github/research/99_quarantine/unused_generated/mypy_cache/3.11/unittest/runner.data.json,/Users/tstakuma/Desktop/github/research/99_quarantine/unused_generated/mypy_cache/3.11/unittest/972_20260711_v15_runner_data.json,99_quarantine/unused_generated/mypy_cache/3.11/unittest/runner.data.json,99_quarantine/unused_generated/mypy_cache/3.11/unittest/972_20260711_v15_runner_data.json,972,20260711,v15,normalized retained research artifact name,renamed
/Users/tstakuma/Desktop/github/research/99_quarantine/unused_generated/mypy_cache/3.11/unittest/runner.meta.json,/Users/tstakuma/Desktop/github/research/99_quarantine/unused_generated/mypy_cache/3.11/unittest/973_20260711_v15_runner_meta.json,99_quarantine/unused_generated/mypy_cache/3.11/unittest/runner.meta.json,99_quarantine/unused_generated/mypy_cache/3.11/unittest/973_20260711_v15_runner_meta.json,973,20260711,v15,normalized retained research artifact name,renamed
/Users/tstakuma/Desktop/github/research/99_quarantine/unused_generated/mypy_cache/3.11/unittest/signals.data.json,/Users/tstakuma/Desktop/github/research/99_quarantine/unused_generated/mypy_cache/3.11/unittest/974_20260711_v15_signals_data.json,99_quarantine/unused_generated/mypy_cache/3.11/unittest/signals.data.json,99_quarantine/unused_generated/mypy_cache/3.11/unittest/974_20260711_v15_signals_data.json,974,20260711,v15,normalized retained research artifact name,renamed
/Users/tstakuma/Desktop/github/research/99_quarantine/unused_generated/mypy_cache/3.11/unittest/signals.meta.json,/Users/tstakuma/Desktop/github/research/99_quarantine/unused_generated/mypy_cache/3.11/unittest/975_20260711_v15_signals_meta.json,99_quarantine/unused_generated/mypy_cache/3.11/unittest/signals.meta.json,99_quarantine/unused_generated/mypy_cache/3.11/unittest/975_20260711_v15_signals_meta.json,975,20260711,v15,normalized retained research artifact name,renamed
/Users/tstakuma/Desktop/github/research/99_quarantine/unused_generated/mypy_cache/3.11/unittest/suite.data.json,/Users/tstakuma/Desktop/github/research/99_quarantine/unused_generated/mypy_cache/3.11/unittest/976_20260711_v15_suite_data.json,99_quarantine/unused_generated/mypy_cache/3.11/unittest/suite.data.json,99_quarantine/unused_generated/mypy_cache/3.11/unittest/976_20260711_v15_suite_data.json,976,20260711,v15,normalized retained research artifact name,renamed
/Users/tstakuma/Desktop/github/research/99_quarantine/unused_generated/mypy_cache/3.11/unittest/suite.meta.json,/Users/tstakuma/Desktop/github/research/99_quarantine/unused_generated/mypy_cache/3.11/unittest/977_20260711_v15_suite_meta.json,99_quarantine/unused_generated/mypy_cache/3.11/unittest/suite.meta.json,99_quarantine/unused_generated/mypy_cache/3.11/unittest/977_20260711_v15_suite_meta.json,977,20260711,v15,normalized retained research artifact name,renamed
/Users/tstakuma/Desktop/github/research/99_quarantine/unused_generated/mypy_cache/3.11/urllib/__init__.data.json,/Users/tstakuma/Desktop/github/research/99_quarantine/unused_generated/mypy_cache/3.11/urllib/978_20260711_v15_init_data.json,99_quarantine/unused_generated/mypy_cache/3.11/urllib/__init__.data.json,99_quarantine/unused_generated/mypy_cache/3.11/urllib/978_20260711_v15_init_data.json,978,20260711,v15,normalized retained research artifact name,renamed
/Users/tstakuma/Desktop/github/research/99_quarantine/unused_generated/mypy_cache/3.11/urllib/__init__.meta.json,/Users/tstakuma/Desktop/github/research/99_quarantine/unused_generated/mypy_cache/3.11/urllib/979_20260711_v15_init_meta.json,99_quarantine/unused_generated/mypy_cache/3.11/urllib/__init__.meta.json,99_quarantine/unused_generated/mypy_cache/3.11/urllib/979_20260711_v15_init_meta.json,979,20260711,v15,normalized retained research artifact name,renamed
/Users/tstakuma/Desktop/github/research/99_quarantine/unused_generated/mypy_cache/3.11/urllib/parse.data.json,/Users/tstakuma/Desktop/github/research/99_quarantine/unused_generated/mypy_cache/3.11/urllib/980_20260711_v15_parse_data.json,99_quarantine/unused_generated/mypy_cache/3.11/urllib/parse.data.json,99_quarantine/unused_generated/mypy_cache/3.11/urllib/980_20260711_v15_parse_data.json,980,20260711,v15,normalized retained research artifact name,renamed
/Users/tstakuma/Desktop/github/research/99_quarantine/unused_generated/mypy_cache/3.11/urllib/parse.meta.json,/Users/tstakuma/Desktop/github/research/99_quarantine/unused_generated/mypy_cache/3.11/urllib/981_20260711_v15_parse_meta.json,99_quarantine/unused_generated/mypy_cache/3.11/urllib/parse.meta.json,99_quarantine/unused_generated/mypy_cache/3.11/urllib/981_20260711_v15_parse_meta.json,981,20260711,v15,normalized retained research artifact name,renamed
/Users/tstakuma/Desktop/github/research/99_quarantine/unused_generated/mypy_cache/3.11/validation_utils.data.json,/Users/tstakuma/Desktop/github/research/99_quarantine/unused_generated/mypy_cache/3.11/982_20260711_v15_validation_utils_data.json,99_quarantine/unused_generated/mypy_cache/3.11/validation_utils.data.json,99_quarantine/unused_generated/mypy_cache/3.11/982_20260711_v15_validation_utils_data.json,982,20260711,v15,normalized retained research artifact name,renamed
/Users/tstakuma/Desktop/github/research/99_quarantine/unused_generated/mypy_cache/3.11/validation_utils.meta.json,/Users/tstakuma/Desktop/github/research/99_quarantine/unused_generated/mypy_cache/3.11/983_20260711_v15_validation_utils_meta.json,99_quarantine/unused_generated/mypy_cache/3.11/validation_utils.meta.json,99_quarantine/unused_generated/mypy_cache/3.11/983_20260711_v15_validation_utils_meta.json,983,20260711,v15,normalized retained research artifact name,renamed
/Users/tstakuma/Desktop/github/research/99_quarantine/unused_generated/mypy_cache/3.11/warnings.data.json,/Users/tstakuma/Desktop/github/research/99_quarantine/unused_generated/mypy_cache/3.11/984_20260711_v15_warnings_data.json,99_quarantine/unused_generated/mypy_cache/3.11/warnings.data.json,99_quarantine/unused_generated/mypy_cache/3.11/984_20260711_v15_warnings_data.json,984,20260711,v15,normalized retained research artifact name,renamed
/Users/tstakuma/Desktop/github/research/99_quarantine/unused_generated/mypy_cache/3.11/warnings.meta.json,/Users/tstakuma/Desktop/github/research/99_quarantine/unused_generated/mypy_cache/3.11/985_20260711_v15_warnings_meta.json,99_quarantine/unused_generated/mypy_cache/3.11/warnings.meta.json,99_quarantine/unused_generated/mypy_cache/3.11/985_20260711_v15_warnings_meta.json,985,20260711,v15,normalized retained research artifact name,renamed
/Users/tstakuma/Desktop/github/research/99_quarantine/unused_generated/mypy_cache/3.11/weakref.data.json,/Users/tstakuma/Desktop/github/research/99_quarantine/unused_generated/mypy_cache/3.11/986_20260711_v15_weakref_data.json,99_quarantine/unused_generated/mypy_cache/3.11/weakref.data.json,99_quarantine/unused_generated/mypy_cache/3.11/986_20260711_v15_weakref_data.json,986,20260711,v15,normalized retained research artifact name,renamed
/Users/tstakuma/Desktop/github/research/99_quarantine/unused_generated/mypy_cache/3.11/weakref.meta.json,/Users/tstakuma/Desktop/github/research/99_quarantine/unused_generated/mypy_cache/3.11/987_20260711_v15_weakref_meta.json,99_quarantine/unused_generated/mypy_cache/3.11/weakref.meta.json,99_quarantine/unused_generated/mypy_cache/3.11/987_20260711_v15_weakref_meta.json,987,20260711,v15,normalized retained research artifact name,renamed
/Users/tstakuma/Desktop/github/research/99_quarantine/unused_generated/mypy_cache/3.11/zipfile.data.json,/Users/tstakuma/Desktop/github/research/99_quarantine/unused_generated/mypy_cache/3.11/988_20260711_v15_zipfile_data.json,99_quarantine/unused_generated/mypy_cache/3.11/zipfile.data.json,99_quarantine/unused_generated/mypy_cache/3.11/988_20260711_v15_zipfile_data.json,988,20260711,v15,normalized retained research artifact name,renamed
/Users/tstakuma/Desktop/github/research/99_quarantine/unused_generated/mypy_cache/3.11/zipfile.meta.json,/Users/tstakuma/Desktop/github/research/99_quarantine/unused_generated/mypy_cache/3.11/989_20260711_v15_zipfile_meta.json,99_quarantine/unused_generated/mypy_cache/3.11/zipfile.meta.json,99_quarantine/unused_generated/mypy_cache/3.11/989_20260711_v15_zipfile_meta.json,989,20260711,v15,normalized retained research artifact name,renamed
/Users/tstakuma/Desktop/github/research/99_quarantine/unused_generated/mypy_cache/3.11/zipimport.data.json,/Users/tstakuma/Desktop/github/research/99_quarantine/unused_generated/mypy_cache/3.11/990_20260711_v15_zipimport_data.json,99_quarantine/unused_generated/mypy_cache/3.11/zipimport.data.json,99_quarantine/unused_generated/mypy_cache/3.11/990_20260711_v15_zipimport_data.json,990,20260711,v15,normalized retained research artifact name,renamed
/Users/tstakuma/Desktop/github/research/99_quarantine/unused_generated/mypy_cache/3.11/zipimport.meta.json,/Users/tstakuma/Desktop/github/research/99_quarantine/unused_generated/mypy_cache/3.11/991_20260711_v15_zipimport_meta.json,99_quarantine/unused_generated/mypy_cache/3.11/zipimport.meta.json,99_quarantine/unused_generated/mypy_cache/3.11/991_20260711_v15_zipimport_meta.json,991,20260711,v15,normalized retained research artifact name,renamed
/Users/tstakuma/Desktop/github/research/99_quarantine/unused_generated/mypy_cache/CACHEDIR.TAG,/Users/tstakuma/Desktop/github/research/99_quarantine/unused_generated/mypy_cache/992_20260711_v15_cachedir.tag,99_quarantine/unused_generated/mypy_cache/CACHEDIR.TAG,99_quarantine/unused_generated/mypy_cache/992_20260711_v15_cachedir.tag,992,20260711,v15,normalized retained research artifact name,renamed
/Users/tstakuma/Desktop/github/research/99_quarantine/unused_generated/presentation_revision/From technical success to unseen impacts_revised.pptx,/Users/tstakuma/Desktop/github/research/99_quarantine/unused_generated/presentation_revision/993_20260711_v15_from_technical_success_to_unseen_impacts_revised.pptx,99_quarantine/unused_generated/presentation_revision/From technical success to unseen impacts_revised.pptx,99_quarantine/unused_generated/presentation_revision/993_20260711_v15_from_technical_success_to_unseen_impacts_revised.pptx,993,20260711,v15,normalized retained research artifact name,renamed
/Users/tstakuma/Desktop/github/research/99_quarantine/unused_generated/presentation_revision/From technical success to unseen impacts_revised.pptx.inspect.ndjson,/Users/tstakuma/Desktop/github/research/99_quarantine/unused_generated/presentation_revision/994_20260711_v15_from_technical_success_to_unseen_impacts_revised_pptx_inspect.ndjson,99_quarantine/unused_generated/presentation_revision/From technical success to unseen impacts_revised.pptx.inspect.ndjson,99_quarantine/unused_generated/presentation_revision/994_20260711_v15_from_technical_success_to_unseen_impacts_revised_pptx_inspect.ndjson,994,20260711,v15,normalized retained research artifact name,renamed
/Users/tstakuma/Desktop/github/research/99_quarantine/unused_generated/presentation_revision/build_from_technical_success_revised.mjs,/Users/tstakuma/Desktop/github/research/99_quarantine/unused_generated/presentation_revision/build_from_technical_success_revised.mjs,99_quarantine/unused_generated/presentation_revision/build_from_technical_success_revised.mjs,99_quarantine/unused_generated/presentation_revision/build_from_technical_success_revised.mjs,995,20260711,v15,normalized retained research artifact name,renamed
/Users/tstakuma/Desktop/github/research/99_quarantine/unused_generated/presentation_revision/latest_tmp_dir.txt,/Users/tstakuma/Desktop/github/research/99_quarantine/unused_generated/presentation_revision/latest_tmp_dir.txt,99_quarantine/unused_generated/presentation_revision/latest_tmp_dir.txt,99_quarantine/unused_generated/presentation_revision/latest_tmp_dir.txt,996,20260711,v15,normalized retained research artifact name,renamed
/Users/tstakuma/Desktop/github/research/99_quarantine/unused_generated/presentation_revision/latest_workspace_path.txt,/Users/tstakuma/Desktop/github/research/99_quarantine/unused_generated/presentation_revision/latest_workspace_path.txt,99_quarantine/unused_generated/presentation_revision/latest_workspace_path.txt,99_quarantine/unused_generated/presentation_revision/latest_workspace_path.txt,997,20260711,v15,normalized retained research artifact name,renamed
/Users/tstakuma/Desktop/github/research/99_quarantine/unused_generated/presentation_revision/revised_preview/deck-montage.webp,/Users/tstakuma/Desktop/github/research/99_quarantine/unused_generated/presentation_revision/revised_preview/998_20260711_v15_deck_montage.webp,99_quarantine/unused_generated/presentation_revision/revised_preview/deck-montage.webp,99_quarantine/unused_generated/presentation_revision/revised_preview/998_20260711_v15_deck_montage.webp,998,20260711,v15,normalized retained research artifact name,renamed
/Users/tstakuma/Desktop/github/research/99_quarantine/unused_generated/presentation_revision/revised_preview/slide-01.layout.json,/Users/tstakuma/Desktop/github/research/99_quarantine/unused_generated/presentation_revision/revised_preview/999_20260711_v15_slide_01_layout.json,99_quarantine/unused_generated/presentation_revision/revised_preview/slide-01.layout.json,99_quarantine/unused_generated/presentation_revision/revised_preview/999_20260711_v15_slide_01_layout.json,999,20260711,v15,normalized retained research artifact name,renamed
/Users/tstakuma/Desktop/github/research/99_quarantine/unused_generated/presentation_revision/revised_preview/slide-01.png,/Users/tstakuma/Desktop/github/research/99_quarantine/unused_generated/presentation_revision/revised_preview/950_20260711_v16_slide_01.png,99_quarantine/unused_generated/presentation_revision/revised_preview/slide-01.png,99_quarantine/unused_generated/presentation_revision/revised_preview/950_20260711_v16_slide_01.png,950,20260711,v16,normalized retained research artifact name,renamed
/Users/tstakuma/Desktop/github/research/99_quarantine/unused_generated/presentation_revision/revised_preview/slide-02.layout.json,/Users/tstakuma/Desktop/github/research/99_quarantine/unused_generated/presentation_revision/revised_preview/951_20260711_v16_slide_02_layout.json,99_quarantine/unused_generated/presentation_revision/revised_preview/slide-02.layout.json,99_quarantine/unused_generated/presentation_revision/revised_preview/951_20260711_v16_slide_02_layout.json,951,20260711,v16,normalized retained research artifact name,renamed
/Users/tstakuma/Desktop/github/research/99_quarantine/unused_generated/presentation_revision/revised_preview/slide-02.png,/Users/tstakuma/Desktop/github/research/99_quarantine/unused_generated/presentation_revision/revised_preview/952_20260711_v16_slide_02.png,99_quarantine/unused_generated/presentation_revision/revised_preview/slide-02.png,99_quarantine/unused_generated/presentation_revision/revised_preview/952_20260711_v16_slide_02.png,952,20260711,v16,normalized retained research artifact name,renamed
/Users/tstakuma/Desktop/github/research/99_quarantine/unused_generated/presentation_revision/revised_preview/slide-03.layout.json,/Users/tstakuma/Desktop/github/research/99_quarantine/unused_generated/presentation_revision/revised_preview/953_20260711_v16_slide_03_layout.json,99_quarantine/unused_generated/presentation_revision/revised_preview/slide-03.layout.json,99_quarantine/unused_generated/presentation_revision/revised_preview/953_20260711_v16_slide_03_layout.json,953,20260711,v16,normalized retained research artifact name,renamed
/Users/tstakuma/Desktop/github/research/99_quarantine/unused_generated/presentation_revision/revised_preview/slide-03.png,/Users/tstakuma/Desktop/github/research/99_quarantine/unused_generated/presentation_revision/revised_preview/954_20260711_v16_slide_03.png,99_quarantine/unused_generated/presentation_revision/revised_preview/slide-03.png,99_quarantine/unused_generated/presentation_revision/revised_preview/954_20260711_v16_slide_03.png,954,20260711,v16,normalized retained research artifact name,renamed
/Users/tstakuma/Desktop/github/research/99_quarantine/unused_generated/presentation_revision/revised_preview/slide-04.layout.json,/Users/tstakuma/Desktop/github/research/99_quarantine/unused_generated/presentation_revision/revised_preview/955_20260711_v16_slide_04_layout.json,99_quarantine/unused_generated/presentation_revision/revised_preview/slide-04.layout.json,99_quarantine/unused_generated/presentation_revision/revised_preview/955_20260711_v16_slide_04_layout.json,955,20260711,v16,normalized retained research artifact name,renamed
/Users/tstakuma/Desktop/github/research/99_quarantine/unused_generated/presentation_revision/revised_preview/slide-04.png,/Users/tstakuma/Desktop/github/research/99_quarantine/unused_generated/presentation_revision/revised_preview/956_20260711_v16_slide_04.png,99_quarantine/unused_generated/presentation_revision/revised_preview/slide-04.png,99_quarantine/unused_generated/presentation_revision/revised_preview/956_20260711_v16_slide_04.png,956,20260711,v16,normalized retained research artifact name,renamed
/Users/tstakuma/Desktop/github/research/99_quarantine/unused_generated/presentation_revision/revised_preview/slide-05.layout.json,/Users/tstakuma/Desktop/github/research/99_quarantine/unused_generated/presentation_revision/revised_preview/957_20260711_v16_slide_05_layout.json,99_quarantine/unused_generated/presentation_revision/revised_preview/slide-05.layout.json,99_quarantine/unused_generated/presentation_revision/revised_preview/957_20260711_v16_slide_05_layout.json,957,20260711,v16,normalized retained research artifact name,renamed
/Users/tstakuma/Desktop/github/research/99_quarantine/unused_generated/presentation_revision/revised_preview/slide-05.png,/Users/tstakuma/Desktop/github/research/99_quarantine/unused_generated/presentation_revision/revised_preview/958_20260711_v16_slide_05.png,99_quarantine/unused_generated/presentation_revision/revised_preview/slide-05.png,99_quarantine/unused_generated/presentation_revision/revised_preview/958_20260711_v16_slide_05.png,958,20260711,v16,normalized retained research artifact name,renamed
/Users/tstakuma/Desktop/github/research/99_quarantine/unused_generated/presentation_revision/revised_preview/slide-06.layout.json,/Users/tstakuma/Desktop/github/research/99_quarantine/unused_generated/presentation_revision/revised_preview/959_20260711_v16_slide_06_layout.json,99_quarantine/unused_generated/presentation_revision/revised_preview/slide-06.layout.json,99_quarantine/unused_generated/presentation_revision/revised_preview/959_20260711_v16_slide_06_layout.json,959,20260711,v16,normalized retained research artifact name,renamed
/Users/tstakuma/Desktop/github/research/99_quarantine/unused_generated/presentation_revision/revised_preview/slide-06.png,/Users/tstakuma/Desktop/github/research/99_quarantine/unused_generated/presentation_revision/revised_preview/960_20260711_v16_slide_06.png,99_quarantine/unused_generated/presentation_revision/revised_preview/slide-06.png,99_quarantine/unused_generated/presentation_revision/revised_preview/960_20260711_v16_slide_06.png,960,20260711,v16,normalized retained research artifact name,renamed
/Users/tstakuma/Desktop/github/research/99_quarantine/unused_generated/presentation_revision/revised_preview/slide-07.layout.json,/Users/tstakuma/Desktop/github/research/99_quarantine/unused_generated/presentation_revision/revised_preview/961_20260711_v16_slide_07_layout.json,99_quarantine/unused_generated/presentation_revision/revised_preview/slide-07.layout.json,99_quarantine/unused_generated/presentation_revision/revised_preview/961_20260711_v16_slide_07_layout.json,961,20260711,v16,normalized retained research artifact name,renamed
/Users/tstakuma/Desktop/github/research/99_quarantine/unused_generated/presentation_revision/revised_preview/slide-07.png,/Users/tstakuma/Desktop/github/research/99_quarantine/unused_generated/presentation_revision/revised_preview/962_20260711_v16_slide_07.png,99_quarantine/unused_generated/presentation_revision/revised_preview/slide-07.png,99_quarantine/unused_generated/presentation_revision/revised_preview/962_20260711_v16_slide_07.png,962,20260711,v16,normalized retained research artifact name,renamed
/Users/tstakuma/Desktop/github/research/99_quarantine/unused_generated/presentation_revision/revised_preview/slide-08.layout.json,/Users/tstakuma/Desktop/github/research/99_quarantine/unused_generated/presentation_revision/revised_preview/963_20260711_v16_slide_08_layout.json,99_quarantine/unused_generated/presentation_revision/revised_preview/slide-08.layout.json,99_quarantine/unused_generated/presentation_revision/revised_preview/963_20260711_v16_slide_08_layout.json,963,20260711,v16,normalized retained research artifact name,renamed
/Users/tstakuma/Desktop/github/research/99_quarantine/unused_generated/presentation_revision/revised_preview/slide-08.png,/Users/tstakuma/Desktop/github/research/99_quarantine/unused_generated/presentation_revision/revised_preview/964_20260711_v16_slide_08.png,99_quarantine/unused_generated/presentation_revision/revised_preview/slide-08.png,99_quarantine/unused_generated/presentation_revision/revised_preview/964_20260711_v16_slide_08.png,964,20260711,v16,normalized retained research artifact name,renamed
/Users/tstakuma/Desktop/github/research/99_quarantine/unused_generated/presentation_revision/revised_preview/slide-09.layout.json,/Users/tstakuma/Desktop/github/research/99_quarantine/unused_generated/presentation_revision/revised_preview/965_20260711_v16_slide_09_layout.json,99_quarantine/unused_generated/presentation_revision/revised_preview/slide-09.layout.json,99_quarantine/unused_generated/presentation_revision/revised_preview/965_20260711_v16_slide_09_layout.json,965,20260711,v16,normalized retained research artifact name,renamed
/Users/tstakuma/Desktop/github/research/99_quarantine/unused_generated/presentation_revision/revised_preview/slide-09.png,/Users/tstakuma/Desktop/github/research/99_quarantine/unused_generated/presentation_revision/revised_preview/966_20260711_v16_slide_09.png,99_quarantine/unused_generated/presentation_revision/revised_preview/slide-09.png,99_quarantine/unused_generated/presentation_revision/revised_preview/966_20260711_v16_slide_09.png,966,20260711,v16,normalized retained research artifact name,renamed
/Users/tstakuma/Desktop/github/research/99_quarantine/unused_generated/presentation_revision/revised_preview/slide-10.layout.json,/Users/tstakuma/Desktop/github/research/99_quarantine/unused_generated/presentation_revision/revised_preview/967_20260711_v16_slide_10_layout.json,99_quarantine/unused_generated/presentation_revision/revised_preview/slide-10.layout.json,99_quarantine/unused_generated/presentation_revision/revised_preview/967_20260711_v16_slide_10_layout.json,967,20260711,v16,normalized retained research artifact name,renamed
/Users/tstakuma/Desktop/github/research/99_quarantine/unused_generated/presentation_revision/revised_preview/slide-10.png,/Users/tstakuma/Desktop/github/research/99_quarantine/unused_generated/presentation_revision/revised_preview/968_20260711_v16_slide_10.png,99_quarantine/unused_generated/presentation_revision/revised_preview/slide-10.png,99_quarantine/unused_generated/presentation_revision/revised_preview/968_20260711_v16_slide_10.png,968,20260711,v16,normalized retained research artifact name,renamed
/Users/tstakuma/Desktop/github/research/99_quarantine/unused_generated/presentation_revision/revised_preview/slide-11.layout.json,/Users/tstakuma/Desktop/github/research/99_quarantine/unused_generated/presentation_revision/revised_preview/969_20260711_v16_slide_11_layout.json,99_quarantine/unused_generated/presentation_revision/revised_preview/slide-11.layout.json,99_quarantine/unused_generated/presentation_revision/revised_preview/969_20260711_v16_slide_11_layout.json,969,20260711,v16,normalized retained research artifact name,renamed
/Users/tstakuma/Desktop/github/research/99_quarantine/unused_generated/presentation_revision/revised_preview/slide-11.png,/Users/tstakuma/Desktop/github/research/99_quarantine/unused_generated/presentation_revision/revised_preview/970_20260711_v16_slide_11.png,99_quarantine/unused_generated/presentation_revision/revised_preview/slide-11.png,99_quarantine/unused_generated/presentation_revision/revised_preview/970_20260711_v16_slide_11.png,970,20260711,v16,normalized retained research artifact name,renamed
/Users/tstakuma/Desktop/github/research/99_quarantine/unused_generated/presentation_revision/revised_preview/slide-12.layout.json,/Users/tstakuma/Desktop/github/research/99_quarantine/unused_generated/presentation_revision/revised_preview/971_20260711_v16_slide_12_layout.json,99_quarantine/unused_generated/presentation_revision/revised_preview/slide-12.layout.json,99_quarantine/unused_generated/presentation_revision/revised_preview/971_20260711_v16_slide_12_layout.json,971,20260711,v16,normalized retained research artifact name,renamed
/Users/tstakuma/Desktop/github/research/99_quarantine/unused_generated/presentation_revision/revised_preview/slide-12.png,/Users/tstakuma/Desktop/github/research/99_quarantine/unused_generated/presentation_revision/revised_preview/972_20260711_v16_slide_12.png,99_quarantine/unused_generated/presentation_revision/revised_preview/slide-12.png,99_quarantine/unused_generated/presentation_revision/revised_preview/972_20260711_v16_slide_12.png,972,20260711,v16,normalized retained research artifact name,renamed
/Users/tstakuma/Desktop/github/research/99_quarantine/unused_generated/presentation_revision/revised_preview/slide-13.layout.json,/Users/tstakuma/Desktop/github/research/99_quarantine/unused_generated/presentation_revision/revised_preview/973_20260711_v16_slide_13_layout.json,99_quarantine/unused_generated/presentation_revision/revised_preview/slide-13.layout.json,99_quarantine/unused_generated/presentation_revision/revised_preview/973_20260711_v16_slide_13_layout.json,973,20260711,v16,normalized retained research artifact name,renamed
/Users/tstakuma/Desktop/github/research/99_quarantine/unused_generated/presentation_revision/revised_preview/slide-13.png,/Users/tstakuma/Desktop/github/research/99_quarantine/unused_generated/presentation_revision/revised_preview/974_20260711_v16_slide_13.png,99_quarantine/unused_generated/presentation_revision/revised_preview/slide-13.png,99_quarantine/unused_generated/presentation_revision/revised_preview/974_20260711_v16_slide_13.png,974,20260711,v16,normalized retained research artifact name,renamed
/Users/tstakuma/Desktop/github/research/99_quarantine/unused_generated/presentation_revision/revised_preview/slide-14.layout.json,/Users/tstakuma/Desktop/github/research/99_quarantine/unused_generated/presentation_revision/revised_preview/975_20260711_v16_slide_14_layout.json,99_quarantine/unused_generated/presentation_revision/revised_preview/slide-14.layout.json,99_quarantine/unused_generated/presentation_revision/revised_preview/975_20260711_v16_slide_14_layout.json,975,20260711,v16,normalized retained research artifact name,renamed
/Users/tstakuma/Desktop/github/research/99_quarantine/unused_generated/presentation_revision/revised_preview/slide-14.png,/Users/tstakuma/Desktop/github/research/99_quarantine/unused_generated/presentation_revision/revised_preview/976_20260711_v16_slide_14.png,99_quarantine/unused_generated/presentation_revision/revised_preview/slide-14.png,99_quarantine/unused_generated/presentation_revision/revised_preview/976_20260711_v16_slide_14.png,976,20260711,v16,normalized retained research artifact name,renamed
/Users/tstakuma/Desktop/github/research/99_quarantine/unused_generated/presentation_revision/revised_preview/slide-15.layout.json,/Users/tstakuma/Desktop/github/research/99_quarantine/unused_generated/presentation_revision/revised_preview/977_20260711_v16_slide_15_layout.json,99_quarantine/unused_generated/presentation_revision/revised_preview/slide-15.layout.json,99_quarantine/unused_generated/presentation_revision/revised_preview/977_20260711_v16_slide_15_layout.json,977,20260711,v16,normalized retained research artifact name,renamed
/Users/tstakuma/Desktop/github/research/99_quarantine/unused_generated/presentation_revision/revised_preview/slide-15.png,/Users/tstakuma/Desktop/github/research/99_quarantine/unused_generated/presentation_revision/revised_preview/978_20260711_v16_slide_15.png,99_quarantine/unused_generated/presentation_revision/revised_preview/slide-15.png,99_quarantine/unused_generated/presentation_revision/revised_preview/978_20260711_v16_slide_15.png,978,20260711,v16,normalized retained research artifact name,renamed
/Users/tstakuma/Desktop/github/research/99_quarantine/unused_generated/presentation_revision/revised_preview/slide-16.layout.json,/Users/tstakuma/Desktop/github/research/99_quarantine/unused_generated/presentation_revision/revised_preview/979_20260711_v16_slide_16_layout.json,99_quarantine/unused_generated/presentation_revision/revised_preview/slide-16.layout.json,99_quarantine/unused_generated/presentation_revision/revised_preview/979_20260711_v16_slide_16_layout.json,979,20260711,v16,normalized retained research artifact name,renamed
/Users/tstakuma/Desktop/github/research/99_quarantine/unused_generated/presentation_revision/revised_preview/slide-16.png,/Users/tstakuma/Desktop/github/research/99_quarantine/unused_generated/presentation_revision/revised_preview/980_20260711_v16_slide_16.png,99_quarantine/unused_generated/presentation_revision/revised_preview/slide-16.png,99_quarantine/unused_generated/presentation_revision/revised_preview/980_20260711_v16_slide_16.png,980,20260711,v16,normalized retained research artifact name,renamed
/Users/tstakuma/Desktop/github/research/99_quarantine/unused_generated/presentation_revision/revised_preview/slide-17.layout.json,/Users/tstakuma/Desktop/github/research/99_quarantine/unused_generated/presentation_revision/revised_preview/981_20260711_v16_slide_17_layout.json,99_quarantine/unused_generated/presentation_revision/revised_preview/slide-17.layout.json,99_quarantine/unused_generated/presentation_revision/revised_preview/981_20260711_v16_slide_17_layout.json,981,20260711,v16,normalized retained research artifact name,renamed
/Users/tstakuma/Desktop/github/research/99_quarantine/unused_generated/presentation_revision/revised_preview/slide-17.png,/Users/tstakuma/Desktop/github/research/99_quarantine/unused_generated/presentation_revision/revised_preview/982_20260711_v16_slide_17.png,99_quarantine/unused_generated/presentation_revision/revised_preview/slide-17.png,99_quarantine/unused_generated/presentation_revision/revised_preview/982_20260711_v16_slide_17.png,982,20260711,v16,normalized retained research artifact name,renamed
/Users/tstakuma/Desktop/github/research/99_quarantine/unused_generated/presentation_revision/revised_preview/slide-18.layout.json,/Users/tstakuma/Desktop/github/research/99_quarantine/unused_generated/presentation_revision/revised_preview/983_20260711_v16_slide_18_layout.json,99_quarantine/unused_generated/presentation_revision/revised_preview/slide-18.layout.json,99_quarantine/unused_generated/presentation_revision/revised_preview/983_20260711_v16_slide_18_layout.json,983,20260711,v16,normalized retained research artifact name,renamed
/Users/tstakuma/Desktop/github/research/99_quarantine/unused_generated/presentation_revision/revised_preview/slide-18.png,/Users/tstakuma/Desktop/github/research/99_quarantine/unused_generated/presentation_revision/revised_preview/984_20260711_v16_slide_18.png,99_quarantine/unused_generated/presentation_revision/revised_preview/slide-18.png,99_quarantine/unused_generated/presentation_revision/revised_preview/984_20260711_v16_slide_18.png,984,20260711,v16,normalized retained research artifact name,renamed
/Users/tstakuma/Desktop/github/research/99_quarantine/unused_generated/research_overview_wip.pptx.inspect.ndjson,/Users/tstakuma/Desktop/github/research/99_quarantine/unused_generated/985_20260712_v16_research_overview_wip_pptx_inspect.ndjson,99_quarantine/unused_generated/research_overview_wip.pptx.inspect.ndjson,99_quarantine/unused_generated/985_20260712_v16_research_overview_wip_pptx_inspect.ndjson,985,20260712,v16,normalized retained research artifact name,renamed
/Users/tstakuma/Desktop/github/research/99_quarantine/unused_generated/scripts_pycache/build_tokyo_synthetic_evrp_notebook.cpython-311.pyc,/Users/tstakuma/Desktop/github/research/99_quarantine/unused_generated/scripts_pycache/986_20260711_v16_build_tokyo_synthetic_evrp_notebook_cpython_311.pyc,99_quarantine/unused_generated/scripts_pycache/build_tokyo_synthetic_evrp_notebook.cpython-311.pyc,99_quarantine/unused_generated/scripts_pycache/986_20260711_v16_build_tokyo_synthetic_evrp_notebook_cpython_311.pyc,986,20260711,v16,normalized retained research artifact name,renamed
/Users/tstakuma/Desktop/github/research/99_quarantine/unused_generated/scripts_pycache/make_evidence_based_propagation_network.cpython-311.pyc,/Users/tstakuma/Desktop/github/research/99_quarantine/unused_generated/scripts_pycache/987_20260710_v16_make_evidence_based_propagation_network_cpython_311.pyc,99_quarantine/unused_generated/scripts_pycache/make_evidence_based_propagation_network.cpython-311.pyc,99_quarantine/unused_generated/scripts_pycache/987_20260710_v16_make_evidence_based_propagation_network_cpython_311.pyc,987,20260710,v16,normalized retained research artifact name,renamed
/Users/tstakuma/Desktop/github/research/99_quarantine/unused_generated/scripts_pycache/make_evrp_feasibility_sensitivity_analysis.cpython-311.pyc,/Users/tstakuma/Desktop/github/research/99_quarantine/unused_generated/scripts_pycache/988_20260710_v16_make_evrp_feasibility_sensitivity_analysis_cpython_311.pyc,99_quarantine/unused_generated/scripts_pycache/make_evrp_feasibility_sensitivity_analysis.cpython-311.pyc,99_quarantine/unused_generated/scripts_pycache/988_20260710_v16_make_evrp_feasibility_sensitivity_analysis_cpython_311.pyc,988,20260710,v16,normalized retained research artifact name,renamed
/Users/tstakuma/Desktop/github/research/99_quarantine/unused_generated/scripts_pycache/make_evrp_scenario_story_visuals.cpython-311.pyc,/Users/tstakuma/Desktop/github/research/99_quarantine/unused_generated/scripts_pycache/989_20260710_v16_make_evrp_scenario_story_visuals_cpython_311.pyc,99_quarantine/unused_generated/scripts_pycache/make_evrp_scenario_story_visuals.cpython-311.pyc,99_quarantine/unused_generated/scripts_pycache/989_20260710_v16_make_evrp_scenario_story_visuals_cpython_311.pyc,989,20260710,v16,normalized retained research artifact name,renamed
/Users/tstakuma/Desktop/github/research/99_quarantine/unused_generated/scripts_pycache/make_monte_carlo_evrp_visualizations.cpython-311.pyc,/Users/tstakuma/Desktop/github/research/99_quarantine/unused_generated/scripts_pycache/990_20260711_v16_make_monte_carlo_evrp_visualizations_cpython_311.pyc,99_quarantine/unused_generated/scripts_pycache/make_monte_carlo_evrp_visualizations.cpython-311.pyc,99_quarantine/unused_generated/scripts_pycache/990_20260711_v16_make_monte_carlo_evrp_visualizations_cpython_311.pyc,990,20260711,v16,normalized retained research artifact name,renamed
/Users/tstakuma/Desktop/github/research/99_quarantine/unused_generated/scripts_pycache/make_presentation_figure_1.cpython-311.pyc,/Users/tstakuma/Desktop/github/research/99_quarantine/unused_generated/scripts_pycache/991_20260711_v16_make_presentation_figure_1_cpython_311.pyc,99_quarantine/unused_generated/scripts_pycache/make_presentation_figure_1.cpython-311.pyc,99_quarantine/unused_generated/scripts_pycache/991_20260711_v16_make_presentation_figure_1_cpython_311.pyc,991,20260711,v16,normalized retained research artifact name,renamed
/Users/tstakuma/Desktop/github/research/99_quarantine/unused_generated/scripts_pycache/make_qrl_srl_table_figure.cpython-311.pyc,/Users/tstakuma/Desktop/github/research/99_quarantine/unused_generated/scripts_pycache/992_20260711_v16_make_qrl_srl_table_figure_cpython_311.pyc,99_quarantine/unused_generated/scripts_pycache/make_qrl_srl_table_figure.cpython-311.pyc,99_quarantine/unused_generated/scripts_pycache/992_20260711_v16_make_qrl_srl_table_figure_cpython_311.pyc,992,20260711,v16,normalized retained research artifact name,renamed
/Users/tstakuma/Desktop/github/research/99_quarantine/unused_generated/scripts_pycache/make_qrl_wise_srl_score_table.cpython-311.pyc,/Users/tstakuma/Desktop/github/research/99_quarantine/unused_generated/scripts_pycache/993_20260711_v16_make_qrl_wise_srl_score_table_cpython_311.pyc,99_quarantine/unused_generated/scripts_pycache/make_qrl_wise_srl_score_table.cpython-311.pyc,99_quarantine/unused_generated/scripts_pycache/993_20260711_v16_make_qrl_wise_srl_score_table_cpython_311.pyc,993,20260711,v16,normalized retained research artifact name,renamed
/Users/tstakuma/Desktop/github/research/99_quarantine/unused_generated/scripts_pycache/make_slide_15_generated_scenario_map.cpython-311.pyc,/Users/tstakuma/Desktop/github/research/99_quarantine/unused_generated/scripts_pycache/994_20260711_v16_make_slide_15_generated_scenario_map_cpython_311.pyc,99_quarantine/unused_generated/scripts_pycache/make_slide_15_generated_scenario_map.cpython-311.pyc,99_quarantine/unused_generated/scripts_pycache/994_20260711_v16_make_slide_15_generated_scenario_map_cpython_311.pyc,994,20260711,v16,normalized retained research artifact name,renamed
/Users/tstakuma/Desktop/github/research/99_quarantine/unused_generated/scripts_pycache/monte_carlo_utils.cpython-311.pyc,/Users/tstakuma/Desktop/github/research/99_quarantine/unused_generated/scripts_pycache/995_20260711_v16_monte_carlo_utils_cpython_311.pyc,99_quarantine/unused_generated/scripts_pycache/monte_carlo_utils.cpython-311.pyc,99_quarantine/unused_generated/scripts_pycache/995_20260711_v16_monte_carlo_utils_cpython_311.pyc,995,20260711,v16,normalized retained research artifact name,renamed
/Users/tstakuma/Desktop/github/research/99_quarantine/unused_generated/scripts_pycache/render_tokyo_synthetic_evrp_outputs.cpython-311.pyc,/Users/tstakuma/Desktop/github/research/99_quarantine/unused_generated/scripts_pycache/996_20260711_v16_render_tokyo_synthetic_evrp_outputs_cpython_311.pyc,99_quarantine/unused_generated/scripts_pycache/render_tokyo_synthetic_evrp_outputs.cpython-311.pyc,99_quarantine/unused_generated/scripts_pycache/996_20260711_v16_render_tokyo_synthetic_evrp_outputs_cpython_311.pyc,996,20260711,v16,normalized retained research artifact name,renamed
/Users/tstakuma/Desktop/github/research/99_quarantine/unused_generated/scripts_pycache/research_summary_utils.cpython-311.pyc,/Users/tstakuma/Desktop/github/research/99_quarantine/unused_generated/scripts_pycache/997_20260711_v16_research_summary_utils_cpython_311.pyc,99_quarantine/unused_generated/scripts_pycache/research_summary_utils.cpython-311.pyc,99_quarantine/unused_generated/scripts_pycache/997_20260711_v16_research_summary_utils_cpython_311.pyc,997,20260711,v16,normalized retained research artifact name,renamed
/Users/tstakuma/Desktop/github/research/99_quarantine/unused_generated/scripts_pycache/run_tokyo_synthetic_evrp_analysis.cpython-311.pyc,/Users/tstakuma/Desktop/github/research/99_quarantine/unused_generated/scripts_pycache/998_20260711_v16_run_tokyo_synthetic_evrp_analysis_cpython_311.pyc,99_quarantine/unused_generated/scripts_pycache/run_tokyo_synthetic_evrp_analysis.cpython-311.pyc,99_quarantine/unused_generated/scripts_pycache/998_20260711_v16_run_tokyo_synthetic_evrp_analysis_cpython_311.pyc,998,20260711,v16,normalized retained research artifact name,renamed
/Users/tstakuma/Desktop/github/research/99_quarantine/unused_generated/scripts_pycache/scenario_utils.cpython-311.pyc,/Users/tstakuma/Desktop/github/research/99_quarantine/unused_generated/scripts_pycache/999_20260711_v16_scenario_utils_cpython_311.pyc,99_quarantine/unused_generated/scripts_pycache/scenario_utils.cpython-311.pyc,99_quarantine/unused_generated/scripts_pycache/999_20260711_v16_scenario_utils_cpython_311.pyc,999,20260711,v16,normalized retained research artifact name,renamed
/Users/tstakuma/Desktop/github/research/99_quarantine/unused_generated/scripts_pycache/table_rendering_utils.cpython-311.pyc,/Users/tstakuma/Desktop/github/research/99_quarantine/unused_generated/scripts_pycache/950_20260711_v17_table_rendering_utils_cpython_311.pyc,99_quarantine/unused_generated/scripts_pycache/table_rendering_utils.cpython-311.pyc,99_quarantine/unused_generated/scripts_pycache/950_20260711_v17_table_rendering_utils_cpython_311.pyc,950,20260711,v17,normalized retained research artifact name,renamed
/Users/tstakuma/Desktop/github/research/99_quarantine/unused_generated/scripts_pycache/validation_utils.cpython-311.pyc,/Users/tstakuma/Desktop/github/research/99_quarantine/unused_generated/scripts_pycache/951_20260711_v17_validation_utils_cpython_311.pyc,99_quarantine/unused_generated/scripts_pycache/validation_utils.cpython-311.pyc,99_quarantine/unused_generated/scripts_pycache/951_20260711_v17_validation_utils_cpython_311.pyc,951,20260711,v17,normalized retained research artifact name,renamed
/Users/tstakuma/Desktop/github/research/99_quarantine/unused_generated/slide_revision/build_revised_with_sources.mjs,/Users/tstakuma/Desktop/github/research/99_quarantine/unused_generated/slide_revision/build_revised_with_sources.mjs,99_quarantine/unused_generated/slide_revision/build_revised_with_sources.mjs,99_quarantine/unused_generated/slide_revision/build_revised_with_sources.mjs,952,20260711,v17,normalized retained research artifact name,renamed
/Users/tstakuma/Desktop/github/research/99_quarantine/unused_generated/slide_revision/contact_sheet.png,/Users/tstakuma/Desktop/github/research/99_quarantine/unused_generated/slide_revision/contact_sheet.png,99_quarantine/unused_generated/slide_revision/contact_sheet.png,99_quarantine/unused_generated/slide_revision/contact_sheet.png,953,20260711,v17,normalized retained research artifact name,renamed
/Users/tstakuma/Desktop/github/research/99_quarantine/unused_generated/slide_revision/deck-montage.webp,/Users/tstakuma/Desktop/github/research/99_quarantine/unused_generated/slide_revision/954_20260711_v17_deck_montage.webp,99_quarantine/unused_generated/slide_revision/deck-montage.webp,99_quarantine/unused_generated/slide_revision/954_20260711_v17_deck_montage.webp,954,20260711,v17,normalized retained research artifact name,renamed
/Users/tstakuma/Desktop/github/research/99_quarantine/unused_generated/slide_revision/rendered_slides/slide-01.layout.json,/Users/tstakuma/Desktop/github/research/99_quarantine/unused_generated/slide_revision/rendered_slides/955_20260711_v17_slide_01_layout.json,99_quarantine/unused_generated/slide_revision/rendered_slides/slide-01.layout.json,99_quarantine/unused_generated/slide_revision/rendered_slides/955_20260711_v17_slide_01_layout.json,955,20260711,v17,normalized retained research artifact name,renamed
/Users/tstakuma/Desktop/github/research/99_quarantine/unused_generated/slide_revision/rendered_slides/slide-01.png,/Users/tstakuma/Desktop/github/research/99_quarantine/unused_generated/slide_revision/rendered_slides/956_20260711_v17_slide_01.png,99_quarantine/unused_generated/slide_revision/rendered_slides/slide-01.png,99_quarantine/unused_generated/slide_revision/rendered_slides/956_20260711_v17_slide_01.png,956,20260711,v17,normalized retained research artifact name,renamed
/Users/tstakuma/Desktop/github/research/99_quarantine/unused_generated/slide_revision/rendered_slides/slide-02.layout.json,/Users/tstakuma/Desktop/github/research/99_quarantine/unused_generated/slide_revision/rendered_slides/957_20260711_v17_slide_02_layout.json,99_quarantine/unused_generated/slide_revision/rendered_slides/slide-02.layout.json,99_quarantine/unused_generated/slide_revision/rendered_slides/957_20260711_v17_slide_02_layout.json,957,20260711,v17,normalized retained research artifact name,renamed
/Users/tstakuma/Desktop/github/research/99_quarantine/unused_generated/slide_revision/rendered_slides/slide-02.png,/Users/tstakuma/Desktop/github/research/99_quarantine/unused_generated/slide_revision/rendered_slides/958_20260711_v17_slide_02.png,99_quarantine/unused_generated/slide_revision/rendered_slides/slide-02.png,99_quarantine/unused_generated/slide_revision/rendered_slides/958_20260711_v17_slide_02.png,958,20260711,v17,normalized retained research artifact name,renamed
/Users/tstakuma/Desktop/github/research/99_quarantine/unused_generated/slide_revision/rendered_slides/slide-03.layout.json,/Users/tstakuma/Desktop/github/research/99_quarantine/unused_generated/slide_revision/rendered_slides/959_20260711_v17_slide_03_layout.json,99_quarantine/unused_generated/slide_revision/rendered_slides/slide-03.layout.json,99_quarantine/unused_generated/slide_revision/rendered_slides/959_20260711_v17_slide_03_layout.json,959,20260711,v17,normalized retained research artifact name,renamed
/Users/tstakuma/Desktop/github/research/99_quarantine/unused_generated/slide_revision/rendered_slides/slide-03.png,/Users/tstakuma/Desktop/github/research/99_quarantine/unused_generated/slide_revision/rendered_slides/960_20260711_v17_slide_03.png,99_quarantine/unused_generated/slide_revision/rendered_slides/slide-03.png,99_quarantine/unused_generated/slide_revision/rendered_slides/960_20260711_v17_slide_03.png,960,20260711,v17,normalized retained research artifact name,renamed
/Users/tstakuma/Desktop/github/research/99_quarantine/unused_generated/slide_revision/rendered_slides/slide-04.layout.json,/Users/tstakuma/Desktop/github/research/99_quarantine/unused_generated/slide_revision/rendered_slides/961_20260711_v17_slide_04_layout.json,99_quarantine/unused_generated/slide_revision/rendered_slides/slide-04.layout.json,99_quarantine/unused_generated/slide_revision/rendered_slides/961_20260711_v17_slide_04_layout.json,961,20260711,v17,normalized retained research artifact name,renamed
/Users/tstakuma/Desktop/github/research/99_quarantine/unused_generated/slide_revision/rendered_slides/slide-04.png,/Users/tstakuma/Desktop/github/research/99_quarantine/unused_generated/slide_revision/rendered_slides/962_20260711_v17_slide_04.png,99_quarantine/unused_generated/slide_revision/rendered_slides/slide-04.png,99_quarantine/unused_generated/slide_revision/rendered_slides/962_20260711_v17_slide_04.png,962,20260711,v17,normalized retained research artifact name,renamed
/Users/tstakuma/Desktop/github/research/99_quarantine/unused_generated/slide_revision/rendered_slides/slide-05.layout.json,/Users/tstakuma/Desktop/github/research/99_quarantine/unused_generated/slide_revision/rendered_slides/963_20260711_v17_slide_05_layout.json,99_quarantine/unused_generated/slide_revision/rendered_slides/slide-05.layout.json,99_quarantine/unused_generated/slide_revision/rendered_slides/963_20260711_v17_slide_05_layout.json,963,20260711,v17,normalized retained research artifact name,renamed
/Users/tstakuma/Desktop/github/research/99_quarantine/unused_generated/slide_revision/rendered_slides/slide-05.png,/Users/tstakuma/Desktop/github/research/99_quarantine/unused_generated/slide_revision/rendered_slides/964_20260711_v17_slide_05.png,99_quarantine/unused_generated/slide_revision/rendered_slides/slide-05.png,99_quarantine/unused_generated/slide_revision/rendered_slides/964_20260711_v17_slide_05.png,964,20260711,v17,normalized retained research artifact name,renamed
/Users/tstakuma/Desktop/github/research/99_quarantine/unused_generated/slide_revision/rendered_slides/slide-06.layout.json,/Users/tstakuma/Desktop/github/research/99_quarantine/unused_generated/slide_revision/rendered_slides/965_20260711_v17_slide_06_layout.json,99_quarantine/unused_generated/slide_revision/rendered_slides/slide-06.layout.json,99_quarantine/unused_generated/slide_revision/rendered_slides/965_20260711_v17_slide_06_layout.json,965,20260711,v17,normalized retained research artifact name,renamed
/Users/tstakuma/Desktop/github/research/99_quarantine/unused_generated/slide_revision/rendered_slides/slide-06.png,/Users/tstakuma/Desktop/github/research/99_quarantine/unused_generated/slide_revision/rendered_slides/966_20260711_v17_slide_06.png,99_quarantine/unused_generated/slide_revision/rendered_slides/slide-06.png,99_quarantine/unused_generated/slide_revision/rendered_slides/966_20260711_v17_slide_06.png,966,20260711,v17,normalized retained research artifact name,renamed
/Users/tstakuma/Desktop/github/research/99_quarantine/unused_generated/slide_revision/rendered_slides/slide-07.layout.json,/Users/tstakuma/Desktop/github/research/99_quarantine/unused_generated/slide_revision/rendered_slides/967_20260711_v17_slide_07_layout.json,99_quarantine/unused_generated/slide_revision/rendered_slides/slide-07.layout.json,99_quarantine/unused_generated/slide_revision/rendered_slides/967_20260711_v17_slide_07_layout.json,967,20260711,v17,normalized retained research artifact name,renamed
/Users/tstakuma/Desktop/github/research/99_quarantine/unused_generated/slide_revision/rendered_slides/slide-07.png,/Users/tstakuma/Desktop/github/research/99_quarantine/unused_generated/slide_revision/rendered_slides/968_20260711_v17_slide_07.png,99_quarantine/unused_generated/slide_revision/rendered_slides/slide-07.png,99_quarantine/unused_generated/slide_revision/rendered_slides/968_20260711_v17_slide_07.png,968,20260711,v17,normalized retained research artifact name,renamed
/Users/tstakuma/Desktop/github/research/99_quarantine/unused_generated/slide_revision/rendered_slides/slide-08.layout.json,/Users/tstakuma/Desktop/github/research/99_quarantine/unused_generated/slide_revision/rendered_slides/969_20260711_v17_slide_08_layout.json,99_quarantine/unused_generated/slide_revision/rendered_slides/slide-08.layout.json,99_quarantine/unused_generated/slide_revision/rendered_slides/969_20260711_v17_slide_08_layout.json,969,20260711,v17,normalized retained research artifact name,renamed
/Users/tstakuma/Desktop/github/research/99_quarantine/unused_generated/slide_revision/rendered_slides/slide-08.png,/Users/tstakuma/Desktop/github/research/99_quarantine/unused_generated/slide_revision/rendered_slides/970_20260711_v17_slide_08.png,99_quarantine/unused_generated/slide_revision/rendered_slides/slide-08.png,99_quarantine/unused_generated/slide_revision/rendered_slides/970_20260711_v17_slide_08.png,970,20260711,v17,normalized retained research artifact name,renamed
/Users/tstakuma/Desktop/github/research/99_quarantine/unused_generated/slide_revision/rendered_slides/slide-09.layout.json,/Users/tstakuma/Desktop/github/research/99_quarantine/unused_generated/slide_revision/rendered_slides/971_20260711_v17_slide_09_layout.json,99_quarantine/unused_generated/slide_revision/rendered_slides/slide-09.layout.json,99_quarantine/unused_generated/slide_revision/rendered_slides/971_20260711_v17_slide_09_layout.json,971,20260711,v17,normalized retained research artifact name,renamed
/Users/tstakuma/Desktop/github/research/99_quarantine/unused_generated/slide_revision/rendered_slides/slide-09.png,/Users/tstakuma/Desktop/github/research/99_quarantine/unused_generated/slide_revision/rendered_slides/972_20260711_v17_slide_09.png,99_quarantine/unused_generated/slide_revision/rendered_slides/slide-09.png,99_quarantine/unused_generated/slide_revision/rendered_slides/972_20260711_v17_slide_09.png,972,20260711,v17,normalized retained research artifact name,renamed
/Users/tstakuma/Desktop/github/research/99_quarantine/unused_generated/slide_revision/rendered_slides/slide-10.layout.json,/Users/tstakuma/Desktop/github/research/99_quarantine/unused_generated/slide_revision/rendered_slides/973_20260711_v17_slide_10_layout.json,99_quarantine/unused_generated/slide_revision/rendered_slides/slide-10.layout.json,99_quarantine/unused_generated/slide_revision/rendered_slides/973_20260711_v17_slide_10_layout.json,973,20260711,v17,normalized retained research artifact name,renamed
/Users/tstakuma/Desktop/github/research/99_quarantine/unused_generated/slide_revision/rendered_slides/slide-10.png,/Users/tstakuma/Desktop/github/research/99_quarantine/unused_generated/slide_revision/rendered_slides/974_20260711_v17_slide_10.png,99_quarantine/unused_generated/slide_revision/rendered_slides/slide-10.png,99_quarantine/unused_generated/slide_revision/rendered_slides/974_20260711_v17_slide_10.png,974,20260711,v17,normalized retained research artifact name,renamed
/Users/tstakuma/Desktop/github/research/99_quarantine/unused_generated/slide_revision/rendered_slides/slide-11.layout.json,/Users/tstakuma/Desktop/github/research/99_quarantine/unused_generated/slide_revision/rendered_slides/975_20260711_v17_slide_11_layout.json,99_quarantine/unused_generated/slide_revision/rendered_slides/slide-11.layout.json,99_quarantine/unused_generated/slide_revision/rendered_slides/975_20260711_v17_slide_11_layout.json,975,20260711,v17,normalized retained research artifact name,renamed
/Users/tstakuma/Desktop/github/research/99_quarantine/unused_generated/slide_revision/rendered_slides/slide-11.png,/Users/tstakuma/Desktop/github/research/99_quarantine/unused_generated/slide_revision/rendered_slides/976_20260711_v17_slide_11.png,99_quarantine/unused_generated/slide_revision/rendered_slides/slide-11.png,99_quarantine/unused_generated/slide_revision/rendered_slides/976_20260711_v17_slide_11.png,976,20260711,v17,normalized retained research artifact name,renamed
/Users/tstakuma/Desktop/github/research/99_quarantine/unused_generated/slide_revision/rendered_slides/slide-12.layout.json,/Users/tstakuma/Desktop/github/research/99_quarantine/unused_generated/slide_revision/rendered_slides/977_20260711_v17_slide_12_layout.json,99_quarantine/unused_generated/slide_revision/rendered_slides/slide-12.layout.json,99_quarantine/unused_generated/slide_revision/rendered_slides/977_20260711_v17_slide_12_layout.json,977,20260711,v17,normalized retained research artifact name,renamed
/Users/tstakuma/Desktop/github/research/99_quarantine/unused_generated/slide_revision/rendered_slides/slide-12.png,/Users/tstakuma/Desktop/github/research/99_quarantine/unused_generated/slide_revision/rendered_slides/978_20260711_v17_slide_12.png,99_quarantine/unused_generated/slide_revision/rendered_slides/slide-12.png,99_quarantine/unused_generated/slide_revision/rendered_slides/978_20260711_v17_slide_12.png,978,20260711,v17,normalized retained research artifact name,renamed
/Users/tstakuma/Desktop/github/research/99_quarantine/unused_generated/slide_revision/rendered_slides/slide-13.layout.json,/Users/tstakuma/Desktop/github/research/99_quarantine/unused_generated/slide_revision/rendered_slides/979_20260711_v17_slide_13_layout.json,99_quarantine/unused_generated/slide_revision/rendered_slides/slide-13.layout.json,99_quarantine/unused_generated/slide_revision/rendered_slides/979_20260711_v17_slide_13_layout.json,979,20260711,v17,normalized retained research artifact name,renamed
/Users/tstakuma/Desktop/github/research/99_quarantine/unused_generated/slide_revision/rendered_slides/slide-13.png,/Users/tstakuma/Desktop/github/research/99_quarantine/unused_generated/slide_revision/rendered_slides/980_20260711_v17_slide_13.png,99_quarantine/unused_generated/slide_revision/rendered_slides/slide-13.png,99_quarantine/unused_generated/slide_revision/rendered_slides/980_20260711_v17_slide_13.png,980,20260711,v17,normalized retained research artifact name,renamed
/Users/tstakuma/Desktop/github/research/99_quarantine/unused_generated/slide_revision/rendered_slides/slide-14.layout.json,/Users/tstakuma/Desktop/github/research/99_quarantine/unused_generated/slide_revision/rendered_slides/981_20260711_v17_slide_14_layout.json,99_quarantine/unused_generated/slide_revision/rendered_slides/slide-14.layout.json,99_quarantine/unused_generated/slide_revision/rendered_slides/981_20260711_v17_slide_14_layout.json,981,20260711,v17,normalized retained research artifact name,renamed
/Users/tstakuma/Desktop/github/research/99_quarantine/unused_generated/slide_revision/rendered_slides/slide-14.png,/Users/tstakuma/Desktop/github/research/99_quarantine/unused_generated/slide_revision/rendered_slides/982_20260711_v17_slide_14.png,99_quarantine/unused_generated/slide_revision/rendered_slides/slide-14.png,99_quarantine/unused_generated/slide_revision/rendered_slides/982_20260711_v17_slide_14.png,982,20260711,v17,normalized retained research artifact name,renamed
/Users/tstakuma/Desktop/github/research/99_quarantine/unused_generated/slide_revision/rendered_slides/slide-15.layout.json,/Users/tstakuma/Desktop/github/research/99_quarantine/unused_generated/slide_revision/rendered_slides/983_20260711_v17_slide_15_layout.json,99_quarantine/unused_generated/slide_revision/rendered_slides/slide-15.layout.json,99_quarantine/unused_generated/slide_revision/rendered_slides/983_20260711_v17_slide_15_layout.json,983,20260711,v17,normalized retained research artifact name,renamed
/Users/tstakuma/Desktop/github/research/99_quarantine/unused_generated/slide_revision/rendered_slides/slide-15.png,/Users/tstakuma/Desktop/github/research/99_quarantine/unused_generated/slide_revision/rendered_slides/984_20260711_v17_slide_15.png,99_quarantine/unused_generated/slide_revision/rendered_slides/slide-15.png,99_quarantine/unused_generated/slide_revision/rendered_slides/984_20260711_v17_slide_15.png,984,20260711,v17,normalized retained research artifact name,renamed
/Users/tstakuma/Desktop/github/research/99_quarantine/unused_generated/slide_revision/rendered_slides/slide-16.layout.json,/Users/tstakuma/Desktop/github/research/99_quarantine/unused_generated/slide_revision/rendered_slides/985_20260711_v17_slide_16_layout.json,99_quarantine/unused_generated/slide_revision/rendered_slides/slide-16.layout.json,99_quarantine/unused_generated/slide_revision/rendered_slides/985_20260711_v17_slide_16_layout.json,985,20260711,v17,normalized retained research artifact name,renamed
/Users/tstakuma/Desktop/github/research/99_quarantine/unused_generated/slide_revision/rendered_slides/slide-16.png,/Users/tstakuma/Desktop/github/research/99_quarantine/unused_generated/slide_revision/rendered_slides/986_20260711_v17_slide_16.png,99_quarantine/unused_generated/slide_revision/rendered_slides/slide-16.png,99_quarantine/unused_generated/slide_revision/rendered_slides/986_20260711_v17_slide_16.png,986,20260711,v17,normalized retained research artifact name,renamed
/Users/tstakuma/Desktop/github/research/99_quarantine/unused_generated/slide_revision/rendered_slides/slide-17.layout.json,/Users/tstakuma/Desktop/github/research/99_quarantine/unused_generated/slide_revision/rendered_slides/987_20260711_v17_slide_17_layout.json,99_quarantine/unused_generated/slide_revision/rendered_slides/slide-17.layout.json,99_quarantine/unused_generated/slide_revision/rendered_slides/987_20260711_v17_slide_17_layout.json,987,20260711,v17,normalized retained research artifact name,renamed
/Users/tstakuma/Desktop/github/research/99_quarantine/unused_generated/slide_revision/rendered_slides/slide-17.png,/Users/tstakuma/Desktop/github/research/99_quarantine/unused_generated/slide_revision/rendered_slides/988_20260711_v17_slide_17.png,99_quarantine/unused_generated/slide_revision/rendered_slides/slide-17.png,99_quarantine/unused_generated/slide_revision/rendered_slides/988_20260711_v17_slide_17.png,988,20260711,v17,normalized retained research artifact name,renamed
/Users/tstakuma/Desktop/github/research/99_quarantine/unused_generated/slide_revision/rendered_slides/slide-18.layout.json,/Users/tstakuma/Desktop/github/research/99_quarantine/unused_generated/slide_revision/rendered_slides/989_20260711_v17_slide_18_layout.json,99_quarantine/unused_generated/slide_revision/rendered_slides/slide-18.layout.json,99_quarantine/unused_generated/slide_revision/rendered_slides/989_20260711_v17_slide_18_layout.json,989,20260711,v17,normalized retained research artifact name,renamed
/Users/tstakuma/Desktop/github/research/99_quarantine/unused_generated/slide_revision/rendered_slides/slide-18.png,/Users/tstakuma/Desktop/github/research/99_quarantine/unused_generated/slide_revision/rendered_slides/990_20260711_v17_slide_18.png,99_quarantine/unused_generated/slide_revision/rendered_slides/slide-18.png,99_quarantine/unused_generated/slide_revision/rendered_slides/990_20260711_v17_slide_18.png,990,20260711,v17,normalized retained research artifact name,renamed
/Users/tstakuma/Desktop/github/research/99_quarantine/unused_generated/slide_revision/rendered_slides/slide-19.layout.json,/Users/tstakuma/Desktop/github/research/99_quarantine/unused_generated/slide_revision/rendered_slides/991_20260711_v17_slide_19_layout.json,99_quarantine/unused_generated/slide_revision/rendered_slides/slide-19.layout.json,99_quarantine/unused_generated/slide_revision/rendered_slides/991_20260711_v17_slide_19_layout.json,991,20260711,v17,normalized retained research artifact name,renamed
/Users/tstakuma/Desktop/github/research/99_quarantine/unused_generated/slide_revision/rendered_slides/slide-19.png,/Users/tstakuma/Desktop/github/research/99_quarantine/unused_generated/slide_revision/rendered_slides/992_20260711_v17_slide_19.png,99_quarantine/unused_generated/slide_revision/rendered_slides/slide-19.png,99_quarantine/unused_generated/slide_revision/rendered_slides/992_20260711_v17_slide_19.png,992,20260711,v17,normalized retained research artifact name,renamed
/Users/tstakuma/Desktop/github/research/99_quarantine/unused_generated/slide_revision/rendered_slides/slide-20.layout.json,/Users/tstakuma/Desktop/github/research/99_quarantine/unused_generated/slide_revision/rendered_slides/993_20260711_v17_slide_20_layout.json,99_quarantine/unused_generated/slide_revision/rendered_slides/slide-20.layout.json,99_quarantine/unused_generated/slide_revision/rendered_slides/993_20260711_v17_slide_20_layout.json,993,20260711,v17,normalized retained research artifact name,renamed
/Users/tstakuma/Desktop/github/research/99_quarantine/unused_generated/slide_revision/rendered_slides/slide-20.png,/Users/tstakuma/Desktop/github/research/99_quarantine/unused_generated/slide_revision/rendered_slides/994_20260711_v17_slide_20.png,99_quarantine/unused_generated/slide_revision/rendered_slides/slide-20.png,99_quarantine/unused_generated/slide_revision/rendered_slides/994_20260711_v17_slide_20.png,994,20260711,v17,normalized retained research artifact name,renamed
/Users/tstakuma/Desktop/github/research/99_quarantine/unused_generated/slide_revision/rendered_slides/slide-21.layout.json,/Users/tstakuma/Desktop/github/research/99_quarantine/unused_generated/slide_revision/rendered_slides/995_20260711_v17_slide_21_layout.json,99_quarantine/unused_generated/slide_revision/rendered_slides/slide-21.layout.json,99_quarantine/unused_generated/slide_revision/rendered_slides/995_20260711_v17_slide_21_layout.json,995,20260711,v17,normalized retained research artifact name,renamed
/Users/tstakuma/Desktop/github/research/99_quarantine/unused_generated/slide_revision/rendered_slides/slide-21.png,/Users/tstakuma/Desktop/github/research/99_quarantine/unused_generated/slide_revision/rendered_slides/996_20260711_v17_slide_21.png,99_quarantine/unused_generated/slide_revision/rendered_slides/slide-21.png,99_quarantine/unused_generated/slide_revision/rendered_slides/996_20260711_v17_slide_21.png,996,20260711,v17,normalized retained research artifact name,renamed
/Users/tstakuma/Desktop/github/research/99_quarantine/unused_generated/slide_revision/rendered_slides/slide-22.layout.json,/Users/tstakuma/Desktop/github/research/99_quarantine/unused_generated/slide_revision/rendered_slides/997_20260711_v17_slide_22_layout.json,99_quarantine/unused_generated/slide_revision/rendered_slides/slide-22.layout.json,99_quarantine/unused_generated/slide_revision/rendered_slides/997_20260711_v17_slide_22_layout.json,997,20260711,v17,normalized retained research artifact name,renamed
/Users/tstakuma/Desktop/github/research/99_quarantine/unused_generated/slide_revision/rendered_slides/slide-22.png,/Users/tstakuma/Desktop/github/research/99_quarantine/unused_generated/slide_revision/rendered_slides/998_20260711_v17_slide_22.png,99_quarantine/unused_generated/slide_revision/rendered_slides/slide-22.png,99_quarantine/unused_generated/slide_revision/rendered_slides/998_20260711_v17_slide_22.png,998,20260711,v17,normalized retained research artifact name,renamed
/Users/tstakuma/Desktop/github/research/99_quarantine/unused_generated/slide_revision/rendered_slides/slide-23.layout.json,/Users/tstakuma/Desktop/github/research/99_quarantine/unused_generated/slide_revision/rendered_slides/999_20260711_v17_slide_23_layout.json,99_quarantine/unused_generated/slide_revision/rendered_slides/slide-23.layout.json,99_quarantine/unused_generated/slide_revision/rendered_slides/999_20260711_v17_slide_23_layout.json,999,20260711,v17,normalized retained research artifact name,renamed
/Users/tstakuma/Desktop/github/research/99_quarantine/unused_generated/slide_revision/rendered_slides/slide-23.png,/Users/tstakuma/Desktop/github/research/99_quarantine/unused_generated/slide_revision/rendered_slides/950_20260711_v18_slide_23.png,99_quarantine/unused_generated/slide_revision/rendered_slides/slide-23.png,99_quarantine/unused_generated/slide_revision/rendered_slides/950_20260711_v18_slide_23.png,950,20260711,v18,normalized retained research artifact name,renamed
/Users/tstakuma/Desktop/github/research/99_quarantine/unused_generated/slide_revision/rendered_slides/slide-24.layout.json,/Users/tstakuma/Desktop/github/research/99_quarantine/unused_generated/slide_revision/rendered_slides/951_20260711_v18_slide_24_layout.json,99_quarantine/unused_generated/slide_revision/rendered_slides/slide-24.layout.json,99_quarantine/unused_generated/slide_revision/rendered_slides/951_20260711_v18_slide_24_layout.json,951,20260711,v18,normalized retained research artifact name,renamed
/Users/tstakuma/Desktop/github/research/99_quarantine/unused_generated/slide_revision/rendered_slides/slide-24.png,/Users/tstakuma/Desktop/github/research/99_quarantine/unused_generated/slide_revision/rendered_slides/952_20260711_v18_slide_24.png,99_quarantine/unused_generated/slide_revision/rendered_slides/slide-24.png,99_quarantine/unused_generated/slide_revision/rendered_slides/952_20260711_v18_slide_24.png,952,20260711,v18,normalized retained research artifact name,renamed
/Users/tstakuma/Desktop/github/research/90_archive/backup/20260711_before_constraint_gap_refactor/04_notebooks/tokyo_evrp_scenario_to_charging_pathway.ipynb,/Users/tstakuma/Desktop/github/research/90_archive/backup/20260711_before_constraint_gap_refactor/04_notebooks/tokyo_evrp_scenario_to_charging_pathway.ipynb,90_archive/backup/20260711_before_constraint_gap_refactor/04_notebooks/tokyo_evrp_scenario_to_charging_pathway.ipynb,90_archive/backup/20260711_before_constraint_gap_refactor/04_notebooks/tokyo_evrp_scenario_to_charging_pathway.ipynb,900,20260711,,normalized retained research artifact name,renamed
/Users/tstakuma/Desktop/github/research/90_archive/deprecated_outputs/charging_pathway_legacy/explanation_package/quantum_evrp_explanation_package/01_literature_notes/bench-2021-lubinski.json,/Users/tstakuma/Desktop/github/research/90_archive/deprecated_outputs/charging_pathway_legacy/explanation_package/quantum_evrp_explanation_package/01_literature_notes/901_20260622_bench_2021_lubinski.json,90_archive/deprecated_outputs/charging_pathway_legacy/explanation_package/quantum_evrp_explanation_package/01_literature_notes/bench-2021-lubinski.json,90_archive/deprecated_outputs/charging_pathway_legacy/explanation_package/quantum_evrp_explanation_package/01_literature_notes/901_20260622_bench_2021_lubinski.json,901,20260622,,normalized retained research artifact name,renamed
/Users/tstakuma/Desktop/github/research/90_archive/deprecated_outputs/charging_pathway_legacy/explanation_package/quantum_evrp_explanation_package/01_literature_notes/bench-2021-lubinski.txt,/Users/tstakuma/Desktop/github/research/90_archive/deprecated_outputs/charging_pathway_legacy/explanation_package/quantum_evrp_explanation_package/01_literature_notes/902_20260622_bench_2021_lubinski.txt,90_archive/deprecated_outputs/charging_pathway_legacy/explanation_package/quantum_evrp_explanation_package/01_literature_notes/bench-2021-lubinski.txt,90_archive/deprecated_outputs/charging_pathway_legacy/explanation_package/quantum_evrp_explanation_package/01_literature_notes/902_20260622_bench_2021_lubinski.txt,902,20260622,,normalized retained research artifact name,renamed
/Users/tstakuma/Desktop/github/research/90_archive/deprecated_outputs/charging_pathway_legacy/explanation_package/quantum_evrp_explanation_package/01_literature_notes/bench-2023-lubinski-optimization.json,/Users/tstakuma/Desktop/github/research/90_archive/deprecated_outputs/charging_pathway_legacy/explanation_package/quantum_evrp_explanation_package/01_literature_notes/903_20260622_bench_2023_lubinski_optimization.json,90_archive/deprecated_outputs/charging_pathway_legacy/explanation_package/quantum_evrp_explanation_package/01_literature_notes/bench-2023-lubinski-optimization.json,90_archive/deprecated_outputs/charging_pathway_legacy/explanation_package/quantum_evrp_explanation_package/01_literature_notes/903_20260622_bench_2023_lubinski_optimization.json,903,20260622,,normalized retained research artifact name,renamed
/Users/tstakuma/Desktop/github/research/90_archive/deprecated_outputs/charging_pathway_legacy/explanation_package/quantum_evrp_explanation_package/01_literature_notes/bench-2023-lubinski-optimization.txt,/Users/tstakuma/Desktop/github/research/90_archive/deprecated_outputs/charging_pathway_legacy/explanation_package/quantum_evrp_explanation_package/01_literature_notes/904_20260622_bench_2023_lubinski_optimization.txt,90_archive/deprecated_outputs/charging_pathway_legacy/explanation_package/quantum_evrp_explanation_package/01_literature_notes/bench-2023-lubinski-optimization.txt,90_archive/deprecated_outputs/charging_pathway_legacy/explanation_package/quantum_evrp_explanation_package/01_literature_notes/904_20260622_bench_2023_lubinski_optimization.txt,904,20260622,,normalized retained research artifact name,renamed
/Users/tstakuma/Desktop/github/research/90_archive/deprecated_outputs/charging_pathway_legacy/explanation_package/quantum_evrp_explanation_package/01_literature_notes/bench-2024-lubinski.json,/Users/tstakuma/Desktop/github/research/90_archive/deprecated_outputs/charging_pathway_legacy/explanation_package/quantum_evrp_explanation_package/01_literature_notes/905_20260622_bench_2024_lubinski.json,90_archive/deprecated_outputs/charging_pathway_legacy/explanation_package/quantum_evrp_explanation_package/01_literature_notes/bench-2024-lubinski.json,90_archive/deprecated_outputs/charging_pathway_legacy/explanation_package/quantum_evrp_explanation_package/01_literature_notes/905_20260622_bench_2024_lubinski.json,905,20260622,,normalized retained research artifact name,renamed
/Users/tstakuma/Desktop/github/research/90_archive/deprecated_outputs/charging_pathway_legacy/explanation_package/quantum_evrp_explanation_package/01_literature_notes/bench-2024-lubinski.txt,/Users/tstakuma/Desktop/github/research/90_archive/deprecated_outputs/charging_pathway_legacy/explanation_package/quantum_evrp_explanation_package/01_literature_notes/906_20260622_bench_2024_lubinski.txt,90_archive/deprecated_outputs/charging_pathway_legacy/explanation_package/quantum_evrp_explanation_package/01_literature_notes/bench-2024-lubinski.txt,90_archive/deprecated_outputs/charging_pathway_legacy/explanation_package/quantum_evrp_explanation_package/01_literature_notes/906_20260622_bench_2024_lubinski.txt,906,20260622,,normalized retained research artifact name,renamed
/Users/tstakuma/Desktop/github/research/90_archive/deprecated_outputs/charging_pathway_legacy/explanation_package/quantum_evrp_explanation_package/01_literature_notes/cvrp-2025-onah-utility.json,/Users/tstakuma/Desktop/github/research/90_archive/deprecated_outputs/charging_pathway_legacy/explanation_package/quantum_evrp_explanation_package/01_literature_notes/907_20260622_cvrp_2025_onah_utility.json,90_archive/deprecated_outputs/charging_pathway_legacy/explanation_package/quantum_evrp_explanation_package/01_literature_notes/cvrp-2025-onah-utility.json,90_archive/deprecated_outputs/charging_pathway_legacy/explanation_package/quantum_evrp_explanation_package/01_literature_notes/907_20260622_cvrp_2025_onah_utility.json,907,20260622,,normalized retained research artifact name,renamed
/Users/tstakuma/Desktop/github/research/90_archive/deprecated_outputs/charging_pathway_legacy/explanation_package/quantum_evrp_explanation_package/01_literature_notes/cvrp-2025-onah-utility.txt,/Users/tstakuma/Desktop/github/research/90_archive/deprecated_outputs/charging_pathway_legacy/explanation_package/quantum_evrp_explanation_package/01_literature_notes/908_20260622_cvrp_2025_onah_utility.txt,90_archive/deprecated_outputs/charging_pathway_legacy/explanation_package/quantum_evrp_explanation_package/01_literature_notes/cvrp-2025-onah-utility.txt,90_archive/deprecated_outputs/charging_pathway_legacy/explanation_package/quantum_evrp_explanation_package/01_literature_notes/908_20260622_cvrp_2025_onah_utility.txt,908,20260622,,normalized retained research artifact name,renamed
/Users/tstakuma/Desktop/github/research/90_archive/deprecated_outputs/charging_pathway_legacy/explanation_package/quantum_evrp_explanation_package/01_literature_notes/utility-2023-herrmann.json,/Users/tstakuma/Desktop/github/research/90_archive/deprecated_outputs/charging_pathway_legacy/explanation_package/quantum_evrp_explanation_package/01_literature_notes/909_20260624_utility_2023_herrmann.json,90_archive/deprecated_outputs/charging_pathway_legacy/explanation_package/quantum_evrp_explanation_package/01_literature_notes/utility-2023-herrmann.json,90_archive/deprecated_outputs/charging_pathway_legacy/explanation_package/quantum_evrp_explanation_package/01_literature_notes/909_20260624_utility_2023_herrmann.json,909,20260624,,normalized retained research artifact name,renamed
/Users/tstakuma/Desktop/github/research/90_archive/deprecated_outputs/charging_pathway_legacy/explanation_package/quantum_evrp_explanation_package/01_literature_notes/utility-2023-herrmann.txt,/Users/tstakuma/Desktop/github/research/90_archive/deprecated_outputs/charging_pathway_legacy/explanation_package/quantum_evrp_explanation_package/01_literature_notes/910_20260624_utility_2023_herrmann.txt,90_archive/deprecated_outputs/charging_pathway_legacy/explanation_package/quantum_evrp_explanation_package/01_literature_notes/utility-2023-herrmann.txt,90_archive/deprecated_outputs/charging_pathway_legacy/explanation_package/quantum_evrp_explanation_package/01_literature_notes/910_20260624_utility_2023_herrmann.txt,910,20260624,,normalized retained research artifact name,renamed
/Users/tstakuma/Desktop/github/research/90_archive/deprecated_outputs/charging_pathway_legacy/explanation_package/quantum_evrp_explanation_package/02_literature_pdfs/bench-2021-lubinski.pdf,/Users/tstakuma/Desktop/github/research/90_archive/deprecated_outputs/charging_pathway_legacy/explanation_package/quantum_evrp_explanation_package/02_literature_pdfs/911_20260710_bench_2021_lubinski.pdf,90_archive/deprecated_outputs/charging_pathway_legacy/explanation_package/quantum_evrp_explanation_package/02_literature_pdfs/bench-2021-lubinski.pdf,90_archive/deprecated_outputs/charging_pathway_legacy/explanation_package/quantum_evrp_explanation_package/02_literature_pdfs/911_20260710_bench_2021_lubinski.pdf,911,20260710,,normalized retained research artifact name,renamed
/Users/tstakuma/Desktop/github/research/90_archive/deprecated_outputs/charging_pathway_legacy/explanation_package/quantum_evrp_explanation_package/02_literature_pdfs/bench-2023-lubinski-optimization.pdf,/Users/tstakuma/Desktop/github/research/90_archive/deprecated_outputs/charging_pathway_legacy/explanation_package/quantum_evrp_explanation_package/02_literature_pdfs/912_20260710_bench_2023_lubinski_optimization.pdf,90_archive/deprecated_outputs/charging_pathway_legacy/explanation_package/quantum_evrp_explanation_package/02_literature_pdfs/bench-2023-lubinski-optimization.pdf,90_archive/deprecated_outputs/charging_pathway_legacy/explanation_package/quantum_evrp_explanation_package/02_literature_pdfs/912_20260710_bench_2023_lubinski_optimization.pdf,912,20260710,,normalized retained research artifact name,renamed
/Users/tstakuma/Desktop/github/research/90_archive/deprecated_outputs/charging_pathway_legacy/explanation_package/quantum_evrp_explanation_package/02_literature_pdfs/bench-2024-lubinski.pdf,/Users/tstakuma/Desktop/github/research/90_archive/deprecated_outputs/charging_pathway_legacy/explanation_package/quantum_evrp_explanation_package/02_literature_pdfs/913_20260710_bench_2024_lubinski.pdf,90_archive/deprecated_outputs/charging_pathway_legacy/explanation_package/quantum_evrp_explanation_package/02_literature_pdfs/bench-2024-lubinski.pdf,90_archive/deprecated_outputs/charging_pathway_legacy/explanation_package/quantum_evrp_explanation_package/02_literature_pdfs/913_20260710_bench_2024_lubinski.pdf,913,20260710,,normalized retained research artifact name,renamed
/Users/tstakuma/Desktop/github/research/90_archive/deprecated_outputs/charging_pathway_legacy/explanation_package/quantum_evrp_explanation_package/02_literature_pdfs/cvrp-2025-onah-utility.pdf,/Users/tstakuma/Desktop/github/research/90_archive/deprecated_outputs/charging_pathway_legacy/explanation_package/quantum_evrp_explanation_package/02_literature_pdfs/914_20260710_cvrp_2025_onah_utility.pdf,90_archive/deprecated_outputs/charging_pathway_legacy/explanation_package/quantum_evrp_explanation_package/02_literature_pdfs/cvrp-2025-onah-utility.pdf,90_archive/deprecated_outputs/charging_pathway_legacy/explanation_package/quantum_evrp_explanation_package/02_literature_pdfs/914_20260710_cvrp_2025_onah_utility.pdf,914,20260710,,normalized retained research artifact name,renamed
/Users/tstakuma/Desktop/github/research/90_archive/deprecated_outputs/charging_pathway_legacy/explanation_package/quantum_evrp_explanation_package/02_literature_pdfs/utility-2023-herrmann.pdf,/Users/tstakuma/Desktop/github/research/90_archive/deprecated_outputs/charging_pathway_legacy/explanation_package/quantum_evrp_explanation_package/02_literature_pdfs/915_20260710_utility_2023_herrmann.pdf,90_archive/deprecated_outputs/charging_pathway_legacy/explanation_package/quantum_evrp_explanation_package/02_literature_pdfs/utility-2023-herrmann.pdf,90_archive/deprecated_outputs/charging_pathway_legacy/explanation_package/quantum_evrp_explanation_package/02_literature_pdfs/915_20260710_utility_2023_herrmann.pdf,915,20260710,,normalized retained research artifact name,renamed
/Users/tstakuma/Desktop/github/research/90_archive/deprecated_outputs/charging_pathway_legacy/explanation_package/quantum_evrp_explanation_package/03_width_figure/figure_1_presentation_plot_data.csv,/Users/tstakuma/Desktop/github/research/90_archive/deprecated_outputs/charging_pathway_legacy/explanation_package/quantum_evrp_explanation_package/03_width_figure/figure_1_presentation_plot_data.csv,90_archive/deprecated_outputs/charging_pathway_legacy/explanation_package/quantum_evrp_explanation_package/03_width_figure/figure_1_presentation_plot_data.csv,90_archive/deprecated_outputs/charging_pathway_legacy/explanation_package/quantum_evrp_explanation_package/03_width_figure/figure_1_presentation_plot_data.csv,916,20260705,,normalized retained research artifact name,renamed
/Users/tstakuma/Desktop/github/research/90_archive/deprecated_outputs/charging_pathway_legacy/explanation_package/quantum_evrp_explanation_package/03_width_figure/figure_1_width_by_instance.png,/Users/tstakuma/Desktop/github/research/90_archive/deprecated_outputs/charging_pathway_legacy/explanation_package/quantum_evrp_explanation_package/03_width_figure/figure_1_width_by_instance.png,90_archive/deprecated_outputs/charging_pathway_legacy/explanation_package/quantum_evrp_explanation_package/03_width_figure/figure_1_width_by_instance.png,90_archive/deprecated_outputs/charging_pathway_legacy/explanation_package/quantum_evrp_explanation_package/03_width_figure/figure_1_width_by_instance.png,917,20260705,,normalized retained research artifact name,renamed
/Users/tstakuma/Desktop/github/research/90_archive/deprecated_outputs/charging_pathway_legacy/explanation_package/quantum_evrp_explanation_package/04_semi_quantitative_tables/bottleneck_to_evidence_gap_matrix.csv,/Users/tstakuma/Desktop/github/research/90_archive/deprecated_outputs/charging_pathway_legacy/explanation_package/quantum_evrp_explanation_package/04_semi_quantitative_tables/bottleneck_to_evidence_gap_matrix.csv,90_archive/deprecated_outputs/charging_pathway_legacy/explanation_package/quantum_evrp_explanation_package/04_semi_quantitative_tables/bottleneck_to_evidence_gap_matrix.csv,90_archive/deprecated_outputs/charging_pathway_legacy/explanation_package/quantum_evrp_explanation_package/04_semi_quantitative_tables/bottleneck_to_evidence_gap_matrix.csv,918,20260709,,normalized retained research artifact name,renamed
/Users/tstakuma/Desktop/github/research/90_archive/deprecated_outputs/charging_pathway_legacy/explanation_package/quantum_evrp_explanation_package/04_semi_quantitative_tables/evrp_requirement_gap_evidence_table.csv,/Users/tstakuma/Desktop/github/research/90_archive/deprecated_outputs/charging_pathway_legacy/explanation_package/quantum_evrp_explanation_package/04_semi_quantitative_tables/evrp_requirement_gap_evidence_table.csv,90_archive/deprecated_outputs/charging_pathway_legacy/explanation_package/quantum_evrp_explanation_package/04_semi_quantitative_tables/evrp_requirement_gap_evidence_table.csv,90_archive/deprecated_outputs/charging_pathway_legacy/explanation_package/quantum_evrp_explanation_package/04_semi_quantitative_tables/evrp_requirement_gap_evidence_table.csv,919,20260705,,normalized retained research artifact name,renamed
/Users/tstakuma/Desktop/github/research/90_archive/deprecated_outputs/charging_pathway_legacy/explanation_package/quantum_evrp_explanation_package/04_semi_quantitative_tables/monte_carlo_evrp_gap_summary_external.csv,/Users/tstakuma/Desktop/github/research/90_archive/deprecated_outputs/charging_pathway_legacy/explanation_package/quantum_evrp_explanation_package/04_semi_quantitative_tables/monte_carlo_evrp_gap_summary_external.csv,90_archive/deprecated_outputs/charging_pathway_legacy/explanation_package/quantum_evrp_explanation_package/04_semi_quantitative_tables/monte_carlo_evrp_gap_summary_external.csv,90_archive/deprecated_outputs/charging_pathway_legacy/explanation_package/quantum_evrp_explanation_package/04_semi_quantitative_tables/monte_carlo_evrp_gap_summary_external.csv,920,20260709,,normalized retained research artifact name,renamed
/Users/tstakuma/Desktop/github/research/90_archive/deprecated_outputs/charging_pathway_legacy/explanation_package/quantum_evrp_explanation_package/04_semi_quantitative_tables/qrl_srl_score_summary_table.png,/Users/tstakuma/Desktop/github/research/90_archive/deprecated_outputs/charging_pathway_legacy/explanation_package/quantum_evrp_explanation_package/04_semi_quantitative_tables/qrl_srl_score_summary_table.png,90_archive/deprecated_outputs/charging_pathway_legacy/explanation_package/quantum_evrp_explanation_package/04_semi_quantitative_tables/qrl_srl_score_summary_table.png,90_archive/deprecated_outputs/charging_pathway_legacy/explanation_package/quantum_evrp_explanation_package/04_semi_quantitative_tables/qrl_srl_score_summary_table.png,921,20260703,,normalized retained research artifact name,renamed
/Users/tstakuma/Desktop/github/research/90_archive/deprecated_outputs/charging_pathway_legacy/explanation_package/quantum_evrp_explanation_package/04_semi_quantitative_tables/qrl_wise_srl_score_summary.csv,/Users/tstakuma/Desktop/github/research/90_archive/deprecated_outputs/charging_pathway_legacy/explanation_package/quantum_evrp_explanation_package/04_semi_quantitative_tables/qrl_wise_srl_score_summary.csv,90_archive/deprecated_outputs/charging_pathway_legacy/explanation_package/quantum_evrp_explanation_package/04_semi_quantitative_tables/qrl_wise_srl_score_summary.csv,90_archive/deprecated_outputs/charging_pathway_legacy/explanation_package/quantum_evrp_explanation_package/04_semi_quantitative_tables/qrl_wise_srl_score_summary.csv,922,20260703,,normalized retained research artifact name,renamed
/Users/tstakuma/Desktop/github/research/90_archive/deprecated_outputs/charging_pathway_legacy/explanation_package/quantum_evrp_explanation_package/04_semi_quantitative_tables/quantum_evrp_gap_score.csv,/Users/tstakuma/Desktop/github/research/90_archive/deprecated_outputs/charging_pathway_legacy/explanation_package/quantum_evrp_explanation_package/04_semi_quantitative_tables/quantum_evrp_gap_score.csv,90_archive/deprecated_outputs/charging_pathway_legacy/explanation_package/quantum_evrp_explanation_package/04_semi_quantitative_tables/quantum_evrp_gap_score.csv,90_archive/deprecated_outputs/charging_pathway_legacy/explanation_package/quantum_evrp_explanation_package/04_semi_quantitative_tables/quantum_evrp_gap_score.csv,923,20260705,,normalized retained research artifact name,renamed
/Users/tstakuma/Desktop/github/research/90_archive/deprecated_outputs/charging_pathway_legacy/explanation_package/quantum_evrp_explanation_package/04_semi_quantitative_tables/srl_qrl_methodology_design.png,/Users/tstakuma/Desktop/github/research/90_archive/deprecated_outputs/charging_pathway_legacy/explanation_package/quantum_evrp_explanation_package/04_semi_quantitative_tables/srl_qrl_methodology_design.png,90_archive/deprecated_outputs/charging_pathway_legacy/explanation_package/quantum_evrp_explanation_package/04_semi_quantitative_tables/srl_qrl_methodology_design.png,90_archive/deprecated_outputs/charging_pathway_legacy/explanation_package/quantum_evrp_explanation_package/04_semi_quantitative_tables/srl_qrl_methodology_design.png,924,20260703,,normalized retained research artifact name,renamed
/Users/tstakuma/Desktop/github/research/90_archive/deprecated_outputs/charging_pathway_legacy/explanation_package/quantum_evrp_explanation_package/04_semi_quantitative_tables/srl_qrl_placement_from_figure_1_data.csv,/Users/tstakuma/Desktop/github/research/90_archive/deprecated_outputs/charging_pathway_legacy/explanation_package/quantum_evrp_explanation_package/04_semi_quantitative_tables/srl_qrl_placement_from_figure_1_data.csv,90_archive/deprecated_outputs/charging_pathway_legacy/explanation_package/quantum_evrp_explanation_package/04_semi_quantitative_tables/srl_qrl_placement_from_figure_1_data.csv,90_archive/deprecated_outputs/charging_pathway_legacy/explanation_package/quantum_evrp_explanation_package/04_semi_quantitative_tables/srl_qrl_placement_from_figure_1_data.csv,925,20260703,,normalized retained research artifact name,renamed
/Users/tstakuma/Desktop/github/research/90_archive/deprecated_outputs/charging_pathway_legacy/explanation_package/quantum_evrp_explanation_package/05_scenario_generation_rules/charger_screening_rules.csv,/Users/tstakuma/Desktop/github/research/90_archive/deprecated_outputs/charging_pathway_legacy/explanation_package/quantum_evrp_explanation_package/05_scenario_generation_rules/charger_screening_rules.csv,90_archive/deprecated_outputs/charging_pathway_legacy/explanation_package/quantum_evrp_explanation_package/05_scenario_generation_rules/charger_screening_rules.csv,90_archive/deprecated_outputs/charging_pathway_legacy/explanation_package/quantum_evrp_explanation_package/05_scenario_generation_rules/charger_screening_rules.csv,926,20260705,,normalized retained research artifact name,renamed
/Users/tstakuma/Desktop/github/research/90_archive/deprecated_outputs/charging_pathway_legacy/explanation_package/quantum_evrp_explanation_package/05_scenario_generation_rules/depot_selection_rules.csv,/Users/tstakuma/Desktop/github/research/90_archive/deprecated_outputs/charging_pathway_legacy/explanation_package/quantum_evrp_explanation_package/05_scenario_generation_rules/depot_selection_rules.csv,90_archive/deprecated_outputs/charging_pathway_legacy/explanation_package/quantum_evrp_explanation_package/05_scenario_generation_rules/depot_selection_rules.csv,90_archive/deprecated_outputs/charging_pathway_legacy/explanation_package/quantum_evrp_explanation_package/05_scenario_generation_rules/depot_selection_rules.csv,927,20260705,,normalized retained research artifact name,renamed
/Users/tstakuma/Desktop/github/research/90_archive/deprecated_outputs/charging_pathway_legacy/explanation_package/quantum_evrp_explanation_package/05_scenario_generation_rules/evrp_benchmark_comparison.csv,/Users/tstakuma/Desktop/github/research/90_archive/deprecated_outputs/charging_pathway_legacy/explanation_package/quantum_evrp_explanation_package/05_scenario_generation_rules/evrp_benchmark_comparison.csv,90_archive/deprecated_outputs/charging_pathway_legacy/explanation_package/quantum_evrp_explanation_package/05_scenario_generation_rules/evrp_benchmark_comparison.csv,90_archive/deprecated_outputs/charging_pathway_legacy/explanation_package/quantum_evrp_explanation_package/05_scenario_generation_rules/evrp_benchmark_comparison.csv,928,20260704,,normalized retained research artifact name,renamed
/Users/tstakuma/Desktop/github/research/90_archive/deprecated_outputs/charging_pathway_legacy/explanation_package/quantum_evrp_explanation_package/05_scenario_generation_rules/evrp_benchmark_instance_fields.csv,/Users/tstakuma/Desktop/github/research/90_archive/deprecated_outputs/charging_pathway_legacy/explanation_package/quantum_evrp_explanation_package/05_scenario_generation_rules/evrp_benchmark_instance_fields.csv,90_archive/deprecated_outputs/charging_pathway_legacy/explanation_package/quantum_evrp_explanation_package/05_scenario_generation_rules/evrp_benchmark_instance_fields.csv,90_archive/deprecated_outputs/charging_pathway_legacy/explanation_package/quantum_evrp_explanation_package/05_scenario_generation_rules/evrp_benchmark_instance_fields.csv,929,20260705,,normalized retained research artifact name,renamed
/Users/tstakuma/Desktop/github/research/90_archive/deprecated_outputs/charging_pathway_legacy/explanation_package/quantum_evrp_explanation_package/05_scenario_generation_rules/evrp_benchmark_instance_summary.csv,/Users/tstakuma/Desktop/github/research/90_archive/deprecated_outputs/charging_pathway_legacy/explanation_package/quantum_evrp_explanation_package/05_scenario_generation_rules/evrp_benchmark_instance_summary.csv,90_archive/deprecated_outputs/charging_pathway_legacy/explanation_package/quantum_evrp_explanation_package/05_scenario_generation_rules/evrp_benchmark_instance_summary.csv,90_archive/deprecated_outputs/charging_pathway_legacy/explanation_package/quantum_evrp_explanation_package/05_scenario_generation_rules/evrp_benchmark_instance_summary.csv,930,20260705,,normalized retained research artifact name,renamed
/Users/tstakuma/Desktop/github/research/90_archive/deprecated_outputs/charging_pathway_legacy/explanation_package/quantum_evrp_explanation_package/05_scenario_generation_rules/evrp_benchmark_requirement_table.csv,/Users/tstakuma/Desktop/github/research/90_archive/deprecated_outputs/charging_pathway_legacy/explanation_package/quantum_evrp_explanation_package/05_scenario_generation_rules/evrp_benchmark_requirement_table.csv,90_archive/deprecated_outputs/charging_pathway_legacy/explanation_package/quantum_evrp_explanation_package/05_scenario_generation_rules/evrp_benchmark_requirement_table.csv,90_archive/deprecated_outputs/charging_pathway_legacy/explanation_package/quantum_evrp_explanation_package/05_scenario_generation_rules/evrp_benchmark_requirement_table.csv,931,20260705,,normalized retained research artifact name,renamed
/Users/tstakuma/Desktop/github/research/90_archive/deprecated_outputs/charging_pathway_legacy/explanation_package/quantum_evrp_explanation_package/05_scenario_generation_rules/scenario_available_chargers.csv,/Users/tstakuma/Desktop/github/research/90_archive/deprecated_outputs/charging_pathway_legacy/explanation_package/quantum_evrp_explanation_package/05_scenario_generation_rules/scenario_available_chargers.csv,90_archive/deprecated_outputs/charging_pathway_legacy/explanation_package/quantum_evrp_explanation_package/05_scenario_generation_rules/scenario_available_chargers.csv,90_archive/deprecated_outputs/charging_pathway_legacy/explanation_package/quantum_evrp_explanation_package/05_scenario_generation_rules/scenario_available_chargers.csv,932,20260705,,normalized retained research artifact name,renamed
/Users/tstakuma/Desktop/github/research/90_archive/deprecated_outputs/charging_pathway_legacy/explanation_package/quantum_evrp_explanation_package/05_scenario_generation_rules/scenario_depots.csv,/Users/tstakuma/Desktop/github/research/90_archive/deprecated_outputs/charging_pathway_legacy/explanation_package/quantum_evrp_explanation_package/05_scenario_generation_rules/scenario_depots.csv,90_archive/deprecated_outputs/charging_pathway_legacy/explanation_package/quantum_evrp_explanation_package/05_scenario_generation_rules/scenario_depots.csv,90_archive/deprecated_outputs/charging_pathway_legacy/explanation_package/quantum_evrp_explanation_package/05_scenario_generation_rules/scenario_depots.csv,933,20260705,,normalized retained research artifact name,renamed
/Users/tstakuma/Desktop/github/research/90_archive/deprecated_outputs/charging_pathway_legacy/explanation_package/quantum_evrp_explanation_package/05_scenario_generation_rules/synthetic_customer_node_rules.csv,/Users/tstakuma/Desktop/github/research/90_archive/deprecated_outputs/charging_pathway_legacy/explanation_package/quantum_evrp_explanation_package/05_scenario_generation_rules/synthetic_customer_node_rules.csv,90_archive/deprecated_outputs/charging_pathway_legacy/explanation_package/quantum_evrp_explanation_package/05_scenario_generation_rules/synthetic_customer_node_rules.csv,90_archive/deprecated_outputs/charging_pathway_legacy/explanation_package/quantum_evrp_explanation_package/05_scenario_generation_rules/synthetic_customer_node_rules.csv,934,20260705,,normalized retained research artifact name,renamed
/Users/tstakuma/Desktop/github/research/90_archive/deprecated_outputs/charging_pathway_legacy/explanation_package/quantum_evrp_explanation_package/05_scenario_generation_rules/tokyo_evrp_scenario_design.csv,/Users/tstakuma/Desktop/github/research/90_archive/deprecated_outputs/charging_pathway_legacy/explanation_package/quantum_evrp_explanation_package/05_scenario_generation_rules/tokyo_evrp_scenario_design.csv,90_archive/deprecated_outputs/charging_pathway_legacy/explanation_package/quantum_evrp_explanation_package/05_scenario_generation_rules/tokyo_evrp_scenario_design.csv,90_archive/deprecated_outputs/charging_pathway_legacy/explanation_package/quantum_evrp_explanation_package/05_scenario_generation_rules/tokyo_evrp_scenario_design.csv,935,20260705,,normalized retained research artifact name,renamed
/Users/tstakuma/Desktop/github/research/90_archive/deprecated_outputs/charging_pathway_legacy/explanation_package/quantum_evrp_explanation_package/05_scenario_generation_rules/vehicle_scenario_rules.csv,/Users/tstakuma/Desktop/github/research/90_archive/deprecated_outputs/charging_pathway_legacy/explanation_package/quantum_evrp_explanation_package/05_scenario_generation_rules/vehicle_scenario_rules.csv,90_archive/deprecated_outputs/charging_pathway_legacy/explanation_package/quantum_evrp_explanation_package/05_scenario_generation_rules/vehicle_scenario_rules.csv,90_archive/deprecated_outputs/charging_pathway_legacy/explanation_package/quantum_evrp_explanation_package/05_scenario_generation_rules/vehicle_scenario_rules.csv,936,20260705,,normalized retained research artifact name,renamed
/Users/tstakuma/Desktop/github/research/90_archive/deprecated_outputs/charging_pathway_legacy/explanation_package/quantum_evrp_explanation_package/06_figures_for_explanation/evrp_benchmark_requirement_table.png,/Users/tstakuma/Desktop/github/research/90_archive/deprecated_outputs/charging_pathway_legacy/explanation_package/quantum_evrp_explanation_package/06_figures_for_explanation/evrp_benchmark_requirement_table.png,90_archive/deprecated_outputs/charging_pathway_legacy/explanation_package/quantum_evrp_explanation_package/06_figures_for_explanation/evrp_benchmark_requirement_table.png,90_archive/deprecated_outputs/charging_pathway_legacy/explanation_package/quantum_evrp_explanation_package/06_figures_for_explanation/evrp_benchmark_requirement_table.png,937,20260705,,normalized retained research artifact name,renamed
/Users/tstakuma/Desktop/github/research/90_archive/deprecated_outputs/charging_pathway_legacy/explanation_package/quantum_evrp_explanation_package/06_figures_for_explanation/evrp_monte_carlo_scenario_matrix_ja.png,/Users/tstakuma/Desktop/github/research/90_archive/deprecated_outputs/charging_pathway_legacy/explanation_package/quantum_evrp_explanation_package/06_figures_for_explanation/evrp_monte_carlo_scenario_matrix_ja.png,90_archive/deprecated_outputs/charging_pathway_legacy/explanation_package/quantum_evrp_explanation_package/06_figures_for_explanation/evrp_monte_carlo_scenario_matrix_ja.png,90_archive/deprecated_outputs/charging_pathway_legacy/explanation_package/quantum_evrp_explanation_package/06_figures_for_explanation/evrp_monte_carlo_scenario_matrix_ja.png,938,20260710,,normalized retained research artifact name,renamed
/Users/tstakuma/Desktop/github/research/90_archive/deprecated_outputs/charging_pathway_legacy/explanation_package/quantum_evrp_explanation_package/06_figures_for_explanation/evrp_scenario_size_examples_ja.png,/Users/tstakuma/Desktop/github/research/90_archive/deprecated_outputs/charging_pathway_legacy/explanation_package/quantum_evrp_explanation_package/06_figures_for_explanation/evrp_scenario_size_examples_ja.png,90_archive/deprecated_outputs/charging_pathway_legacy/explanation_package/quantum_evrp_explanation_package/06_figures_for_explanation/evrp_scenario_size_examples_ja.png,90_archive/deprecated_outputs/charging_pathway_legacy/explanation_package/quantum_evrp_explanation_package/06_figures_for_explanation/evrp_scenario_size_examples_ja.png,939,20260710,,normalized retained research artifact name,renamed
/Users/tstakuma/Desktop/github/research/90_archive/deprecated_outputs/charging_pathway_legacy/explanation_package/quantum_evrp_explanation_package/06_figures_for_explanation/evrp_scenario_snapshot_medium_seed1_ja.png,/Users/tstakuma/Desktop/github/research/90_archive/deprecated_outputs/charging_pathway_legacy/explanation_package/quantum_evrp_explanation_package/06_figures_for_explanation/evrp_scenario_snapshot_medium_seed1_ja.png,90_archive/deprecated_outputs/charging_pathway_legacy/explanation_package/quantum_evrp_explanation_package/06_figures_for_explanation/evrp_scenario_snapshot_medium_seed1_ja.png,90_archive/deprecated_outputs/charging_pathway_legacy/explanation_package/quantum_evrp_explanation_package/06_figures_for_explanation/evrp_scenario_snapshot_medium_seed1_ja.png,940,20260710,,normalized retained research artifact name,renamed
/Users/tstakuma/Desktop/github/research/90_archive/deprecated_outputs/charging_pathway_legacy/explanation_package/quantum_evrp_explanation_package/06_figures_for_explanation/monte_carlo_evrp_design_overview_ja.png,/Users/tstakuma/Desktop/github/research/90_archive/deprecated_outputs/charging_pathway_legacy/explanation_package/quantum_evrp_explanation_package/06_figures_for_explanation/monte_carlo_evrp_design_overview_ja.png,90_archive/deprecated_outputs/charging_pathway_legacy/explanation_package/quantum_evrp_explanation_package/06_figures_for_explanation/monte_carlo_evrp_design_overview_ja.png,90_archive/deprecated_outputs/charging_pathway_legacy/explanation_package/quantum_evrp_explanation_package/06_figures_for_explanation/monte_carlo_evrp_design_overview_ja.png,941,20260709,,normalized retained research artifact name,renamed
/Users/tstakuma/Desktop/github/research/90_archive/deprecated_outputs/charging_pathway_legacy/explanation_package/quantum_evrp_explanation_package/06_figures_for_explanation/monte_carlo_evrp_quantum_gap_table_ja.png,/Users/tstakuma/Desktop/github/research/90_archive/deprecated_outputs/charging_pathway_legacy/explanation_package/quantum_evrp_explanation_package/06_figures_for_explanation/monte_carlo_evrp_quantum_gap_table_ja.png,90_archive/deprecated_outputs/charging_pathway_legacy/explanation_package/quantum_evrp_explanation_package/06_figures_for_explanation/monte_carlo_evrp_quantum_gap_table_ja.png,90_archive/deprecated_outputs/charging_pathway_legacy/explanation_package/quantum_evrp_explanation_package/06_figures_for_explanation/monte_carlo_evrp_quantum_gap_table_ja.png,942,20260709,,normalized retained research artifact name,renamed
/Users/tstakuma/Desktop/github/research/90_archive/deprecated_outputs/charging_pathway_legacy/explanation_package/quantum_evrp_explanation_package/06_figures_for_explanation/monte_carlo_unmet_rate_distribution_ja.png,/Users/tstakuma/Desktop/github/research/90_archive/deprecated_outputs/charging_pathway_legacy/explanation_package/quantum_evrp_explanation_package/06_figures_for_explanation/monte_carlo_unmet_rate_distribution_ja.png,90_archive/deprecated_outputs/charging_pathway_legacy/explanation_package/quantum_evrp_explanation_package/06_figures_for_explanation/monte_carlo_unmet_rate_distribution_ja.png,90_archive/deprecated_outputs/charging_pathway_legacy/explanation_package/quantum_evrp_explanation_package/06_figures_for_explanation/monte_carlo_unmet_rate_distribution_ja.png,943,20260709,,normalized retained research artifact name,renamed
/Users/tstakuma/Desktop/github/research/90_archive/deprecated_outputs/charging_pathway_legacy/explanation_package/quantum_evrp_explanation_package/06_figures_for_explanation/monte_carlo_unmet_rate_mean_ci_ja.png,/Users/tstakuma/Desktop/github/research/90_archive/deprecated_outputs/charging_pathway_legacy/explanation_package/quantum_evrp_explanation_package/06_figures_for_explanation/monte_carlo_unmet_rate_mean_ci_ja.png,90_archive/deprecated_outputs/charging_pathway_legacy/explanation_package/quantum_evrp_explanation_package/06_figures_for_explanation/monte_carlo_unmet_rate_mean_ci_ja.png,90_archive/deprecated_outputs/charging_pathway_legacy/explanation_package/quantum_evrp_explanation_package/06_figures_for_explanation/monte_carlo_unmet_rate_mean_ci_ja.png,944,20260709,,normalized retained research artifact name,renamed
/Users/tstakuma/Desktop/github/research/90_archive/deprecated_outputs/charging_pathway_legacy/explanation_package/quantum_evrp_explanation_package/06_figures_for_explanation/simulation_derived_charging_pathway_ja.png,/Users/tstakuma/Desktop/github/research/90_archive/deprecated_outputs/charging_pathway_legacy/explanation_package/quantum_evrp_explanation_package/06_figures_for_explanation/simulation_derived_charging_pathway_ja.png,90_archive/deprecated_outputs/charging_pathway_legacy/explanation_package/quantum_evrp_explanation_package/06_figures_for_explanation/simulation_derived_charging_pathway_ja.png,90_archive/deprecated_outputs/charging_pathway_legacy/explanation_package/quantum_evrp_explanation_package/06_figures_for_explanation/simulation_derived_charging_pathway_ja.png,945,20260710,,normalized retained research artifact name,renamed
/Users/tstakuma/Desktop/github/research/90_archive/deprecated_outputs/charging_pathway_legacy/explanation_package/quantum_evrp_explanation_package/06_figures_for_explanation/simulation_derived_charging_pathway_ja.svg,/Users/tstakuma/Desktop/github/research/90_archive/deprecated_outputs/charging_pathway_legacy/explanation_package/quantum_evrp_explanation_package/06_figures_for_explanation/simulation_derived_charging_pathway_ja.svg,90_archive/deprecated_outputs/charging_pathway_legacy/explanation_package/quantum_evrp_explanation_package/06_figures_for_explanation/simulation_derived_charging_pathway_ja.svg,90_archive/deprecated_outputs/charging_pathway_legacy/explanation_package/quantum_evrp_explanation_package/06_figures_for_explanation/simulation_derived_charging_pathway_ja.svg,946,20260710,,normalized retained research artifact name,renamed
/Users/tstakuma/Desktop/github/research/90_archive/deprecated_outputs/charging_pathway_legacy/explanation_package/quantum_evrp_explanation_package/06_figures_for_explanation/tokyo_evrp_quantum_requirement_map_table.png,/Users/tstakuma/Desktop/github/research/90_archive/deprecated_outputs/charging_pathway_legacy/explanation_package/quantum_evrp_explanation_package/06_figures_for_explanation/tokyo_evrp_quantum_requirement_map_table.png,90_archive/deprecated_outputs/charging_pathway_legacy/explanation_package/quantum_evrp_explanation_package/06_figures_for_explanation/tokyo_evrp_quantum_requirement_map_table.png,90_archive/deprecated_outputs/charging_pathway_legacy/explanation_package/quantum_evrp_explanation_package/06_figures_for_explanation/tokyo_evrp_quantum_requirement_map_table.png,947,20260705,,normalized retained research artifact name,renamed
/Users/tstakuma/Desktop/github/research/90_archive/deprecated_outputs/charging_pathway_legacy/explanation_package/quantum_evrp_explanation_package/06_figures_for_explanation/tokyo_static_evrp_requirement_coverage.png,/Users/tstakuma/Desktop/github/research/90_archive/deprecated_outputs/charging_pathway_legacy/explanation_package/quantum_evrp_explanation_package/06_figures_for_explanation/tokyo_static_evrp_requirement_coverage.png,90_archive/deprecated_outputs/charging_pathway_legacy/explanation_package/quantum_evrp_explanation_package/06_figures_for_explanation/tokyo_static_evrp_requirement_coverage.png,90_archive/deprecated_outputs/charging_pathway_legacy/explanation_package/quantum_evrp_explanation_package/06_figures_for_explanation/tokyo_static_evrp_requirement_coverage.png,948,20260705,,normalized retained research artifact name,renamed
/Users/tstakuma/Desktop/github/research/90_archive/deprecated_outputs/charging_pathway_legacy/explanation_package/quantum_evrp_explanation_package/08_simulation_derived_outputs/01_route_branch_variables.csv,/Users/tstakuma/Desktop/github/research/90_archive/deprecated_outputs/charging_pathway_legacy/explanation_package/quantum_evrp_explanation_package/08_simulation_derived_outputs/01_route_branch_variables.csv,90_archive/deprecated_outputs/charging_pathway_legacy/explanation_package/quantum_evrp_explanation_package/08_simulation_derived_outputs/01_route_branch_variables.csv,90_archive/deprecated_outputs/charging_pathway_legacy/explanation_package/quantum_evrp_explanation_package/08_simulation_derived_outputs/01_route_branch_variables.csv,949,20260710,,normalized retained research artifact name,renamed
/Users/tstakuma/Desktop/github/research/90_archive/deprecated_outputs/charging_pathway_legacy/explanation_package/quantum_evrp_explanation_package/08_simulation_derived_outputs/02_charger_branch_variables.csv,/Users/tstakuma/Desktop/github/research/90_archive/deprecated_outputs/charging_pathway_legacy/explanation_package/quantum_evrp_explanation_package/08_simulation_derived_outputs/02_charger_branch_variables.csv,90_archive/deprecated_outputs/charging_pathway_legacy/explanation_package/quantum_evrp_explanation_package/08_simulation_derived_outputs/02_charger_branch_variables.csv,90_archive/deprecated_outputs/charging_pathway_legacy/explanation_package/quantum_evrp_explanation_package/08_simulation_derived_outputs/02_charger_branch_variables.csv,900,20260710,v02,normalized retained research artifact name,renamed
/Users/tstakuma/Desktop/github/research/90_archive/deprecated_outputs/charging_pathway_legacy/explanation_package/quantum_evrp_explanation_package/08_simulation_derived_outputs/03_potential_charging_event_results.csv,/Users/tstakuma/Desktop/github/research/90_archive/deprecated_outputs/charging_pathway_legacy/explanation_package/quantum_evrp_explanation_package/08_simulation_derived_outputs/03_potential_charging_event_results.csv,90_archive/deprecated_outputs/charging_pathway_legacy/explanation_package/quantum_evrp_explanation_package/08_simulation_derived_outputs/03_potential_charging_event_results.csv,90_archive/deprecated_outputs/charging_pathway_legacy/explanation_package/quantum_evrp_explanation_package/08_simulation_derived_outputs/03_potential_charging_event_results.csv,901,20260710,v02,normalized retained research artifact name,renamed
/Users/tstakuma/Desktop/github/research/90_archive/deprecated_outputs/charging_pathway_legacy/explanation_package/quantum_evrp_explanation_package/08_simulation_derived_outputs/04_potential_charging_event_summary.csv,/Users/tstakuma/Desktop/github/research/90_archive/deprecated_outputs/charging_pathway_legacy/explanation_package/quantum_evrp_explanation_package/08_simulation_derived_outputs/04_potential_charging_event_summary.csv,90_archive/deprecated_outputs/charging_pathway_legacy/explanation_package/quantum_evrp_explanation_package/08_simulation_derived_outputs/04_potential_charging_event_summary.csv,90_archive/deprecated_outputs/charging_pathway_legacy/explanation_package/quantum_evrp_explanation_package/08_simulation_derived_outputs/04_potential_charging_event_summary.csv,902,20260710,v02,normalized retained research artifact name,renamed
/Users/tstakuma/Desktop/github/research/90_archive/deprecated_outputs/charging_pathway_legacy/explanation_package/quantum_evrp_explanation_package/08_simulation_derived_outputs/05_charger_condition_paired_transitions.csv,/Users/tstakuma/Desktop/github/research/90_archive/deprecated_outputs/charging_pathway_legacy/explanation_package/quantum_evrp_explanation_package/08_simulation_derived_outputs/05_charger_condition_paired_transitions.csv,90_archive/deprecated_outputs/charging_pathway_legacy/explanation_package/quantum_evrp_explanation_package/08_simulation_derived_outputs/05_charger_condition_paired_transitions.csv,90_archive/deprecated_outputs/charging_pathway_legacy/explanation_package/quantum_evrp_explanation_package/08_simulation_derived_outputs/05_charger_condition_paired_transitions.csv,903,20260710,v02,normalized retained research artifact name,renamed
/Users/tstakuma/Desktop/github/research/90_archive/deprecated_outputs/charging_pathway_legacy/explanation_package/quantum_evrp_explanation_package/08_simulation_derived_outputs/06_selected_charger_paired_changes.csv,/Users/tstakuma/Desktop/github/research/90_archive/deprecated_outputs/charging_pathway_legacy/explanation_package/quantum_evrp_explanation_package/08_simulation_derived_outputs/06_selected_charger_paired_changes.csv,90_archive/deprecated_outputs/charging_pathway_legacy/explanation_package/quantum_evrp_explanation_package/08_simulation_derived_outputs/06_selected_charger_paired_changes.csv,90_archive/deprecated_outputs/charging_pathway_legacy/explanation_package/quantum_evrp_explanation_package/08_simulation_derived_outputs/06_selected_charger_paired_changes.csv,904,20260710,v02,normalized retained research artifact name,renamed
/Users/tstakuma/Desktop/github/research/90_archive/deprecated_outputs/charging_pathway_legacy/explanation_package/quantum_evrp_explanation_package/08_simulation_derived_outputs/07_charger_side_output_changes.csv,/Users/tstakuma/Desktop/github/research/90_archive/deprecated_outputs/charging_pathway_legacy/explanation_package/quantum_evrp_explanation_package/08_simulation_derived_outputs/07_charger_side_output_changes.csv,90_archive/deprecated_outputs/charging_pathway_legacy/explanation_package/quantum_evrp_explanation_package/08_simulation_derived_outputs/07_charger_side_output_changes.csv,90_archive/deprecated_outputs/charging_pathway_legacy/explanation_package/quantum_evrp_explanation_package/08_simulation_derived_outputs/07_charger_side_output_changes.csv,905,20260710,v02,normalized retained research artifact name,renamed
/Users/tstakuma/Desktop/github/research/90_archive/deprecated_outputs/charging_pathway_legacy/explanation_package/quantum_evrp_explanation_package/08_simulation_derived_outputs/08_supplemental_charging_energy_proxy_results.csv,/Users/tstakuma/Desktop/github/research/90_archive/deprecated_outputs/charging_pathway_legacy/explanation_package/quantum_evrp_explanation_package/08_simulation_derived_outputs/08_supplemental_charging_energy_proxy_results.csv,90_archive/deprecated_outputs/charging_pathway_legacy/explanation_package/quantum_evrp_explanation_package/08_simulation_derived_outputs/08_supplemental_charging_energy_proxy_results.csv,90_archive/deprecated_outputs/charging_pathway_legacy/explanation_package/quantum_evrp_explanation_package/08_simulation_derived_outputs/08_supplemental_charging_energy_proxy_results.csv,906,20260710,v02,normalized retained research artifact name,renamed
/Users/tstakuma/Desktop/github/research/90_archive/deprecated_outputs/charging_pathway_legacy/explanation_package/quantum_evrp_explanation_package/08_simulation_derived_outputs/09_simulation_derived_edges.csv,/Users/tstakuma/Desktop/github/research/90_archive/deprecated_outputs/charging_pathway_legacy/explanation_package/quantum_evrp_explanation_package/08_simulation_derived_outputs/09_simulation_derived_edges.csv,90_archive/deprecated_outputs/charging_pathway_legacy/explanation_package/quantum_evrp_explanation_package/08_simulation_derived_outputs/09_simulation_derived_edges.csv,90_archive/deprecated_outputs/charging_pathway_legacy/explanation_package/quantum_evrp_explanation_package/08_simulation_derived_outputs/09_simulation_derived_edges.csv,907,20260710,v02,normalized retained research artifact name,renamed
/Users/tstakuma/Desktop/github/research/90_archive/deprecated_outputs/charging_pathway_legacy/explanation_package/quantum_evrp_explanation_package/08_simulation_derived_outputs/10_model_boundary_notes.csv,/Users/tstakuma/Desktop/github/research/90_archive/deprecated_outputs/charging_pathway_legacy/explanation_package/quantum_evrp_explanation_package/08_simulation_derived_outputs/10_model_boundary_notes.csv,90_archive/deprecated_outputs/charging_pathway_legacy/explanation_package/quantum_evrp_explanation_package/08_simulation_derived_outputs/10_model_boundary_notes.csv,90_archive/deprecated_outputs/charging_pathway_legacy/explanation_package/quantum_evrp_explanation_package/08_simulation_derived_outputs/10_model_boundary_notes.csv,908,20260710,v02,normalized retained research artifact name,renamed
/Users/tstakuma/Desktop/github/research/90_archive/deprecated_outputs/charging_pathway_legacy/06_outputs/figures/active/simulation_derived_charging_pathway_ja.png,/Users/tstakuma/Desktop/github/research/90_archive/deprecated_outputs/charging_pathway_legacy/06_outputs/figures/active/simulation_derived_charging_pathway_ja.png,90_archive/deprecated_outputs/charging_pathway_legacy/06_outputs/figures/active/simulation_derived_charging_pathway_ja.png,90_archive/deprecated_outputs/charging_pathway_legacy/06_outputs/figures/active/simulation_derived_charging_pathway_ja.png,909,20260711,v02,normalized retained research artifact name,renamed
/Users/tstakuma/Desktop/github/research/90_archive/deprecated_outputs/charging_pathway_legacy/06_outputs/figures/active/simulation_derived_charging_pathway_ja.svg,/Users/tstakuma/Desktop/github/research/90_archive/deprecated_outputs/charging_pathway_legacy/06_outputs/figures/active/simulation_derived_charging_pathway_ja.svg,90_archive/deprecated_outputs/charging_pathway_legacy/06_outputs/figures/active/simulation_derived_charging_pathway_ja.svg,90_archive/deprecated_outputs/charging_pathway_legacy/06_outputs/figures/active/simulation_derived_charging_pathway_ja.svg,910,20260711,v02,normalized retained research artifact name,renamed
/Users/tstakuma/Desktop/github/research/90_archive/deprecated_outputs/charging_pathway_legacy/outputs/simulation_derived_charging_pathway/01_route_branch_variables.csv,/Users/tstakuma/Desktop/github/research/90_archive/deprecated_outputs/charging_pathway_legacy/outputs/simulation_derived_charging_pathway/01_route_branch_variables.csv,90_archive/deprecated_outputs/charging_pathway_legacy/outputs/simulation_derived_charging_pathway/01_route_branch_variables.csv,90_archive/deprecated_outputs/charging_pathway_legacy/outputs/simulation_derived_charging_pathway/01_route_branch_variables.csv,911,20260711,v02,normalized retained research artifact name,renamed
/Users/tstakuma/Desktop/github/research/90_archive/deprecated_outputs/charging_pathway_legacy/outputs/simulation_derived_charging_pathway/02_charger_branch_variables.csv,/Users/tstakuma/Desktop/github/research/90_archive/deprecated_outputs/charging_pathway_legacy/outputs/simulation_derived_charging_pathway/02_charger_branch_variables.csv,90_archive/deprecated_outputs/charging_pathway_legacy/outputs/simulation_derived_charging_pathway/02_charger_branch_variables.csv,90_archive/deprecated_outputs/charging_pathway_legacy/outputs/simulation_derived_charging_pathway/02_charger_branch_variables.csv,912,20260711,v02,normalized retained research artifact name,renamed
/Users/tstakuma/Desktop/github/research/90_archive/deprecated_outputs/charging_pathway_legacy/outputs/simulation_derived_charging_pathway/03_potential_charging_event_results.csv,/Users/tstakuma/Desktop/github/research/90_archive/deprecated_outputs/charging_pathway_legacy/outputs/simulation_derived_charging_pathway/03_potential_charging_event_results.csv,90_archive/deprecated_outputs/charging_pathway_legacy/outputs/simulation_derived_charging_pathway/03_potential_charging_event_results.csv,90_archive/deprecated_outputs/charging_pathway_legacy/outputs/simulation_derived_charging_pathway/03_potential_charging_event_results.csv,913,20260711,v02,normalized retained research artifact name,renamed
/Users/tstakuma/Desktop/github/research/90_archive/deprecated_outputs/charging_pathway_legacy/outputs/simulation_derived_charging_pathway/04_potential_charging_event_summary.csv,/Users/tstakuma/Desktop/github/research/90_archive/deprecated_outputs/charging_pathway_legacy/outputs/simulation_derived_charging_pathway/04_potential_charging_event_summary.csv,90_archive/deprecated_outputs/charging_pathway_legacy/outputs/simulation_derived_charging_pathway/04_potential_charging_event_summary.csv,90_archive/deprecated_outputs/charging_pathway_legacy/outputs/simulation_derived_charging_pathway/04_potential_charging_event_summary.csv,914,20260711,v02,normalized retained research artifact name,renamed
/Users/tstakuma/Desktop/github/research/90_archive/deprecated_outputs/charging_pathway_legacy/outputs/simulation_derived_charging_pathway/05_charger_condition_paired_transitions.csv,/Users/tstakuma/Desktop/github/research/90_archive/deprecated_outputs/charging_pathway_legacy/outputs/simulation_derived_charging_pathway/05_charger_condition_paired_transitions.csv,90_archive/deprecated_outputs/charging_pathway_legacy/outputs/simulation_derived_charging_pathway/05_charger_condition_paired_transitions.csv,90_archive/deprecated_outputs/charging_pathway_legacy/outputs/simulation_derived_charging_pathway/05_charger_condition_paired_transitions.csv,915,20260711,v02,normalized retained research artifact name,renamed
/Users/tstakuma/Desktop/github/research/90_archive/deprecated_outputs/charging_pathway_legacy/outputs/simulation_derived_charging_pathway/06_selected_charger_paired_changes.csv,/Users/tstakuma/Desktop/github/research/90_archive/deprecated_outputs/charging_pathway_legacy/outputs/simulation_derived_charging_pathway/06_selected_charger_paired_changes.csv,90_archive/deprecated_outputs/charging_pathway_legacy/outputs/simulation_derived_charging_pathway/06_selected_charger_paired_changes.csv,90_archive/deprecated_outputs/charging_pathway_legacy/outputs/simulation_derived_charging_pathway/06_selected_charger_paired_changes.csv,916,20260711,v02,normalized retained research artifact name,renamed
/Users/tstakuma/Desktop/github/research/90_archive/deprecated_outputs/charging_pathway_legacy/outputs/simulation_derived_charging_pathway/07_charger_side_output_changes.csv,/Users/tstakuma/Desktop/github/research/90_archive/deprecated_outputs/charging_pathway_legacy/outputs/simulation_derived_charging_pathway/07_charger_side_output_changes.csv,90_archive/deprecated_outputs/charging_pathway_legacy/outputs/simulation_derived_charging_pathway/07_charger_side_output_changes.csv,90_archive/deprecated_outputs/charging_pathway_legacy/outputs/simulation_derived_charging_pathway/07_charger_side_output_changes.csv,917,20260711,v02,normalized retained research artifact name,renamed
/Users/tstakuma/Desktop/github/research/90_archive/deprecated_outputs/charging_pathway_legacy/outputs/simulation_derived_charging_pathway/08_supplemental_charging_energy_proxy_results.csv,/Users/tstakuma/Desktop/github/research/90_archive/deprecated_outputs/charging_pathway_legacy/outputs/simulation_derived_charging_pathway/08_supplemental_charging_energy_proxy_results.csv,90_archive/deprecated_outputs/charging_pathway_legacy/outputs/simulation_derived_charging_pathway/08_supplemental_charging_energy_proxy_results.csv,90_archive/deprecated_outputs/charging_pathway_legacy/outputs/simulation_derived_charging_pathway/08_supplemental_charging_energy_proxy_results.csv,918,20260711,v02,normalized retained research artifact name,renamed
/Users/tstakuma/Desktop/github/research/90_archive/deprecated_outputs/charging_pathway_legacy/outputs/simulation_derived_charging_pathway/09_simulation_derived_edges.csv,/Users/tstakuma/Desktop/github/research/90_archive/deprecated_outputs/charging_pathway_legacy/outputs/simulation_derived_charging_pathway/09_simulation_derived_edges.csv,90_archive/deprecated_outputs/charging_pathway_legacy/outputs/simulation_derived_charging_pathway/09_simulation_derived_edges.csv,90_archive/deprecated_outputs/charging_pathway_legacy/outputs/simulation_derived_charging_pathway/09_simulation_derived_edges.csv,919,20260711,v02,normalized retained research artifact name,renamed
/Users/tstakuma/Desktop/github/research/90_archive/deprecated_outputs/charging_pathway_legacy/outputs/simulation_derived_charging_pathway/10_model_boundary_notes.csv,/Users/tstakuma/Desktop/github/research/90_archive/deprecated_outputs/charging_pathway_legacy/outputs/simulation_derived_charging_pathway/10_model_boundary_notes.csv,90_archive/deprecated_outputs/charging_pathway_legacy/outputs/simulation_derived_charging_pathway/10_model_boundary_notes.csv,90_archive/deprecated_outputs/charging_pathway_legacy/outputs/simulation_derived_charging_pathway/10_model_boundary_notes.csv,920,20260711,v02,normalized retained research artifact name,renamed
/Users/tstakuma/Desktop/github/research/90_archive/deprecated_outputs/charging_pathway_legacy/outputs/simulation_derived_charging_pathway/12_data_driven_pathway_nodes.csv,/Users/tstakuma/Desktop/github/research/90_archive/deprecated_outputs/charging_pathway_legacy/outputs/simulation_derived_charging_pathway/12_data_driven_pathway_nodes.csv,90_archive/deprecated_outputs/charging_pathway_legacy/outputs/simulation_derived_charging_pathway/12_data_driven_pathway_nodes.csv,90_archive/deprecated_outputs/charging_pathway_legacy/outputs/simulation_derived_charging_pathway/12_data_driven_pathway_nodes.csv,921,20260711,v02,normalized retained research artifact name,renamed
/Users/tstakuma/Desktop/github/research/90_archive/deprecated_outputs/charging_pathway_legacy/outputs/simulation_derived_charging_pathway/13_data_driven_pathway_edges.csv,/Users/tstakuma/Desktop/github/research/90_archive/deprecated_outputs/charging_pathway_legacy/outputs/simulation_derived_charging_pathway/13_data_driven_pathway_edges.csv,90_archive/deprecated_outputs/charging_pathway_legacy/outputs/simulation_derived_charging_pathway/13_data_driven_pathway_edges.csv,90_archive/deprecated_outputs/charging_pathway_legacy/outputs/simulation_derived_charging_pathway/13_data_driven_pathway_edges.csv,922,20260711,v02,normalized retained research artifact name,renamed
/Users/tstakuma/Desktop/github/research/90_archive/deprecated_outputs/legacy_evrp_figures/03_tokyo_evrp_scenario/evrp_monte_carlo_scenario_matrix_ja.png,/Users/tstakuma/Desktop/github/research/90_archive/deprecated_outputs/legacy_evrp_figures/03_tokyo_evrp_scenario/evrp_monte_carlo_scenario_matrix_ja.png,90_archive/deprecated_outputs/legacy_evrp_figures/03_tokyo_evrp_scenario/evrp_monte_carlo_scenario_matrix_ja.png,90_archive/deprecated_outputs/legacy_evrp_figures/03_tokyo_evrp_scenario/evrp_monte_carlo_scenario_matrix_ja.png,923,20260711,v02,normalized retained research artifact name,renamed
/Users/tstakuma/Desktop/github/research/90_archive/deprecated_outputs/legacy_evrp_figures/03_tokyo_evrp_scenario/evrp_monte_carlo_scenario_matrix_ja.svg,/Users/tstakuma/Desktop/github/research/90_archive/deprecated_outputs/legacy_evrp_figures/03_tokyo_evrp_scenario/evrp_monte_carlo_scenario_matrix_ja.svg,90_archive/deprecated_outputs/legacy_evrp_figures/03_tokyo_evrp_scenario/evrp_monte_carlo_scenario_matrix_ja.svg,90_archive/deprecated_outputs/legacy_evrp_figures/03_tokyo_evrp_scenario/evrp_monte_carlo_scenario_matrix_ja.svg,924,20260711,v02,normalized retained research artifact name,renamed
/Users/tstakuma/Desktop/github/research/90_archive/deprecated_outputs/legacy_evrp_figures/03_tokyo_evrp_scenario/evrp_scenario_size_examples_ja.png,/Users/tstakuma/Desktop/github/research/90_archive/deprecated_outputs/legacy_evrp_figures/03_tokyo_evrp_scenario/evrp_scenario_size_examples_ja.png,90_archive/deprecated_outputs/legacy_evrp_figures/03_tokyo_evrp_scenario/evrp_scenario_size_examples_ja.png,90_archive/deprecated_outputs/legacy_evrp_figures/03_tokyo_evrp_scenario/evrp_scenario_size_examples_ja.png,925,20260711,v02,normalized retained research artifact name,renamed
/Users/tstakuma/Desktop/github/research/90_archive/deprecated_outputs/legacy_evrp_figures/03_tokyo_evrp_scenario/evrp_scenario_size_examples_ja.svg,/Users/tstakuma/Desktop/github/research/90_archive/deprecated_outputs/legacy_evrp_figures/03_tokyo_evrp_scenario/evrp_scenario_size_examples_ja.svg,90_archive/deprecated_outputs/legacy_evrp_figures/03_tokyo_evrp_scenario/evrp_scenario_size_examples_ja.svg,90_archive/deprecated_outputs/legacy_evrp_figures/03_tokyo_evrp_scenario/evrp_scenario_size_examples_ja.svg,926,20260711,v02,normalized retained research artifact name,renamed
/Users/tstakuma/Desktop/github/research/90_archive/deprecated_outputs/legacy_evrp_figures/03_tokyo_evrp_scenario/evrp_scenario_snapshot_medium_seed1_ja.png,/Users/tstakuma/Desktop/github/research/90_archive/deprecated_outputs/legacy_evrp_figures/03_tokyo_evrp_scenario/evrp_scenario_snapshot_medium_seed1_ja.png,90_archive/deprecated_outputs/legacy_evrp_figures/03_tokyo_evrp_scenario/evrp_scenario_snapshot_medium_seed1_ja.png,90_archive/deprecated_outputs/legacy_evrp_figures/03_tokyo_evrp_scenario/evrp_scenario_snapshot_medium_seed1_ja.png,927,20260711,v02,normalized retained research artifact name,renamed
/Users/tstakuma/Desktop/github/research/90_archive/deprecated_outputs/legacy_evrp_figures/03_tokyo_evrp_scenario/evrp_scenario_snapshot_medium_seed1_ja.svg,/Users/tstakuma/Desktop/github/research/90_archive/deprecated_outputs/legacy_evrp_figures/03_tokyo_evrp_scenario/evrp_scenario_snapshot_medium_seed1_ja.svg,90_archive/deprecated_outputs/legacy_evrp_figures/03_tokyo_evrp_scenario/evrp_scenario_snapshot_medium_seed1_ja.svg,90_archive/deprecated_outputs/legacy_evrp_figures/03_tokyo_evrp_scenario/evrp_scenario_snapshot_medium_seed1_ja.svg,928,20260711,v02,normalized retained research artifact name,renamed
/Users/tstakuma/Desktop/github/research/90_archive/deprecated_outputs/legacy_evrp_figures/04_evrp_feasibility/bottleneck_evidence_quadrant_plot.png,/Users/tstakuma/Desktop/github/research/90_archive/deprecated_outputs/legacy_evrp_figures/04_evrp_feasibility/bottleneck_evidence_quadrant_plot.png,90_archive/deprecated_outputs/legacy_evrp_figures/04_evrp_feasibility/bottleneck_evidence_quadrant_plot.png,90_archive/deprecated_outputs/legacy_evrp_figures/04_evrp_feasibility/bottleneck_evidence_quadrant_plot.png,929,20260711,v02,normalized retained research artifact name,renamed
/Users/tstakuma/Desktop/github/research/90_archive/deprecated_outputs/legacy_evrp_figures/04_evrp_feasibility/bottleneck_to_evidence_gap_matrix.png,/Users/tstakuma/Desktop/github/research/90_archive/deprecated_outputs/legacy_evrp_figures/04_evrp_feasibility/bottleneck_to_evidence_gap_matrix.png,90_archive/deprecated_outputs/legacy_evrp_figures/04_evrp_feasibility/bottleneck_to_evidence_gap_matrix.png,90_archive/deprecated_outputs/legacy_evrp_figures/04_evrp_feasibility/bottleneck_to_evidence_gap_matrix.png,930,20260711,v02,normalized retained research artifact name,renamed
/Users/tstakuma/Desktop/github/research/90_archive/deprecated_outputs/legacy_evrp_figures/04_evrp_feasibility/feasibility_component_decomposition.png,/Users/tstakuma/Desktop/github/research/90_archive/deprecated_outputs/legacy_evrp_figures/04_evrp_feasibility/feasibility_component_decomposition.png,90_archive/deprecated_outputs/legacy_evrp_figures/04_evrp_feasibility/feasibility_component_decomposition.png,90_archive/deprecated_outputs/legacy_evrp_figures/04_evrp_feasibility/feasibility_component_decomposition.png,931,20260711,v02,normalized retained research artifact name,renamed
/Users/tstakuma/Desktop/github/research/90_archive/deprecated_outputs/legacy_evrp_figures/04_evrp_feasibility/feasibility_robustness_errorbar.png,/Users/tstakuma/Desktop/github/research/90_archive/deprecated_outputs/legacy_evrp_figures/04_evrp_feasibility/feasibility_robustness_errorbar.png,90_archive/deprecated_outputs/legacy_evrp_figures/04_evrp_feasibility/feasibility_robustness_errorbar.png,90_archive/deprecated_outputs/legacy_evrp_figures/04_evrp_feasibility/feasibility_robustness_errorbar.png,932,20260711,v02,normalized retained research artifact name,renamed
/Users/tstakuma/Desktop/github/research/90_archive/deprecated_outputs/legacy_evrp_figures/04_evrp_feasibility/feasibility_sensitivity_heatmap.png,/Users/tstakuma/Desktop/github/research/90_archive/deprecated_outputs/legacy_evrp_figures/04_evrp_feasibility/feasibility_sensitivity_heatmap.png,90_archive/deprecated_outputs/legacy_evrp_figures/04_evrp_feasibility/feasibility_sensitivity_heatmap.png,90_archive/deprecated_outputs/legacy_evrp_figures/04_evrp_feasibility/feasibility_sensitivity_heatmap.png,933,20260711,v02,normalized retained research artifact name,renamed
/Users/tstakuma/Desktop/github/research/90_archive/deprecated_outputs/legacy_evrp_figures/04_evrp_feasibility/problem_structure_growth_proxy.png,/Users/tstakuma/Desktop/github/research/90_archive/deprecated_outputs/legacy_evrp_figures/04_evrp_feasibility/problem_structure_growth_proxy.png,90_archive/deprecated_outputs/legacy_evrp_figures/04_evrp_feasibility/problem_structure_growth_proxy.png,90_archive/deprecated_outputs/legacy_evrp_figures/04_evrp_feasibility/problem_structure_growth_proxy.png,934,20260711,v02,normalized retained research artifact name,renamed
/Users/tstakuma/Desktop/github/research/90_archive/deprecated_outputs/legacy_evrp_figures/05_monte_carlo_uncertainty/monte_carlo_evrp_design_overview_ja.png,/Users/tstakuma/Desktop/github/research/90_archive/deprecated_outputs/legacy_evrp_figures/05_monte_carlo_uncertainty/monte_carlo_evrp_design_overview_ja.png,90_archive/deprecated_outputs/legacy_evrp_figures/05_monte_carlo_uncertainty/monte_carlo_evrp_design_overview_ja.png,90_archive/deprecated_outputs/legacy_evrp_figures/05_monte_carlo_uncertainty/monte_carlo_evrp_design_overview_ja.png,935,20260711,v02,normalized retained research artifact name,renamed
/Users/tstakuma/Desktop/github/research/90_archive/deprecated_outputs/legacy_evrp_figures/05_monte_carlo_uncertainty/monte_carlo_evrp_quantum_gap_table_ja.png,/Users/tstakuma/Desktop/github/research/90_archive/deprecated_outputs/legacy_evrp_figures/05_monte_carlo_uncertainty/monte_carlo_evrp_quantum_gap_table_ja.png,90_archive/deprecated_outputs/legacy_evrp_figures/05_monte_carlo_uncertainty/monte_carlo_evrp_quantum_gap_table_ja.png,90_archive/deprecated_outputs/legacy_evrp_figures/05_monte_carlo_uncertainty/monte_carlo_evrp_quantum_gap_table_ja.png,936,20260711,v02,normalized retained research artifact name,renamed
/Users/tstakuma/Desktop/github/research/90_archive/deprecated_outputs/legacy_evrp_figures/05_monte_carlo_uncertainty/monte_carlo_unmet_rate_distribution_ja.png,/Users/tstakuma/Desktop/github/research/90_archive/deprecated_outputs/legacy_evrp_figures/05_monte_carlo_uncertainty/monte_carlo_unmet_rate_distribution_ja.png,90_archive/deprecated_outputs/legacy_evrp_figures/05_monte_carlo_uncertainty/monte_carlo_unmet_rate_distribution_ja.png,90_archive/deprecated_outputs/legacy_evrp_figures/05_monte_carlo_uncertainty/monte_carlo_unmet_rate_distribution_ja.png,937,20260711,v02,normalized retained research artifact name,renamed
/Users/tstakuma/Desktop/github/research/90_archive/deprecated_outputs/legacy_evrp_figures/05_monte_carlo_uncertainty/monte_carlo_unmet_rate_mean_ci_ja.png,/Users/tstakuma/Desktop/github/research/90_archive/deprecated_outputs/legacy_evrp_figures/05_monte_carlo_uncertainty/monte_carlo_unmet_rate_mean_ci_ja.png,90_archive/deprecated_outputs/legacy_evrp_figures/05_monte_carlo_uncertainty/monte_carlo_unmet_rate_mean_ci_ja.png,90_archive/deprecated_outputs/legacy_evrp_figures/05_monte_carlo_uncertainty/monte_carlo_unmet_rate_mean_ci_ja.png,938,20260711,v02,normalized retained research artifact name,renamed
/Users/tstakuma/Desktop/github/research/90_archive/deprecated_outputs/legacy_evrp_outputs/evrp_scenarios/constraint_results.csv,/Users/tstakuma/Desktop/github/research/90_archive/deprecated_outputs/legacy_evrp_outputs/evrp_scenarios/constraint_results.csv,90_archive/deprecated_outputs/legacy_evrp_outputs/evrp_scenarios/constraint_results.csv,90_archive/deprecated_outputs/legacy_evrp_outputs/evrp_scenarios/constraint_results.csv,939,20260711,v02,normalized retained research artifact name,renamed
/Users/tstakuma/Desktop/github/research/90_archive/deprecated_outputs/legacy_evrp_outputs/evrp_scenarios/constraint_unmet_rates.csv,/Users/tstakuma/Desktop/github/research/90_archive/deprecated_outputs/legacy_evrp_outputs/evrp_scenarios/constraint_unmet_rates.csv,90_archive/deprecated_outputs/legacy_evrp_outputs/evrp_scenarios/constraint_unmet_rates.csv,90_archive/deprecated_outputs/legacy_evrp_outputs/evrp_scenarios/constraint_unmet_rates.csv,940,20260711,v02,normalized retained research artifact name,renamed
/Users/tstakuma/Desktop/github/research/90_archive/deprecated_outputs/legacy_evrp_outputs/evrp_scenarios/route_results.csv,/Users/tstakuma/Desktop/github/research/90_archive/deprecated_outputs/legacy_evrp_outputs/evrp_scenarios/route_results.csv,90_archive/deprecated_outputs/legacy_evrp_outputs/evrp_scenarios/route_results.csv,90_archive/deprecated_outputs/legacy_evrp_outputs/evrp_scenarios/route_results.csv,941,20260711,v02,normalized retained research artifact name,renamed
/Users/tstakuma/Desktop/github/research/90_archive/deprecated_outputs/legacy_evrp_outputs/evrp_scenarios/scenario_instances.csv,/Users/tstakuma/Desktop/github/research/90_archive/deprecated_outputs/legacy_evrp_outputs/evrp_scenarios/scenario_instances.csv,90_archive/deprecated_outputs/legacy_evrp_outputs/evrp_scenarios/scenario_instances.csv,90_archive/deprecated_outputs/legacy_evrp_outputs/evrp_scenarios/scenario_instances.csv,942,20260711,v02,normalized retained research artifact name,renamed
/Users/tstakuma/Desktop/github/research/90_archive/deprecated_outputs/legacy_evrp_outputs/use_case_scenario/benchmark_design_implications.csv,/Users/tstakuma/Desktop/github/research/90_archive/deprecated_outputs/legacy_evrp_outputs/use_case_scenario/benchmark_design_implications.csv,90_archive/deprecated_outputs/legacy_evrp_outputs/use_case_scenario/benchmark_design_implications.csv,90_archive/deprecated_outputs/legacy_evrp_outputs/use_case_scenario/benchmark_design_implications.csv,943,20260711,v02,normalized retained research artifact name,renamed
/Users/tstakuma/Desktop/github/research/90_archive/deprecated_outputs/legacy_evrp_outputs/use_case_scenario/bottleneck_to_evidence_gap_matrix.csv,/Users/tstakuma/Desktop/github/research/90_archive/deprecated_outputs/legacy_evrp_outputs/use_case_scenario/bottleneck_to_evidence_gap_matrix.csv,90_archive/deprecated_outputs/legacy_evrp_outputs/use_case_scenario/bottleneck_to_evidence_gap_matrix.csv,90_archive/deprecated_outputs/legacy_evrp_outputs/use_case_scenario/bottleneck_to_evidence_gap_matrix.csv,944,20260711,v02,normalized retained research artifact name,renamed
/Users/tstakuma/Desktop/github/research/90_archive/deprecated_outputs/legacy_evrp_outputs/use_case_scenario/charger_screening_rules.csv,/Users/tstakuma/Desktop/github/research/90_archive/deprecated_outputs/legacy_evrp_outputs/use_case_scenario/charger_screening_rules.csv,90_archive/deprecated_outputs/legacy_evrp_outputs/use_case_scenario/charger_screening_rules.csv,90_archive/deprecated_outputs/legacy_evrp_outputs/use_case_scenario/charger_screening_rules.csv,945,20260711,v02,normalized retained research artifact name,renamed
/Users/tstakuma/Desktop/github/research/90_archive/deprecated_outputs/legacy_evrp_outputs/use_case_scenario/charger_sensitivity_scenarios.csv,/Users/tstakuma/Desktop/github/research/90_archive/deprecated_outputs/legacy_evrp_outputs/use_case_scenario/charger_sensitivity_scenarios.csv,90_archive/deprecated_outputs/legacy_evrp_outputs/use_case_scenario/charger_sensitivity_scenarios.csv,90_archive/deprecated_outputs/legacy_evrp_outputs/use_case_scenario/charger_sensitivity_scenarios.csv,946,20260711,v02,normalized retained research artifact name,renamed
/Users/tstakuma/Desktop/github/research/90_archive/deprecated_outputs/legacy_evrp_outputs/use_case_scenario/commercial_ev_delivery_evidence.csv,/Users/tstakuma/Desktop/github/research/90_archive/deprecated_outputs/legacy_evrp_outputs/use_case_scenario/commercial_ev_delivery_evidence.csv,90_archive/deprecated_outputs/legacy_evrp_outputs/use_case_scenario/commercial_ev_delivery_evidence.csv,90_archive/deprecated_outputs/legacy_evrp_outputs/use_case_scenario/commercial_ev_delivery_evidence.csv,947,20260704,v02,normalized retained research artifact name,renamed
/Users/tstakuma/Desktop/github/research/90_archive/deprecated_outputs/legacy_evrp_outputs/use_case_scenario/cross_domain_readiness_examples.csv,/Users/tstakuma/Desktop/github/research/90_archive/deprecated_outputs/legacy_evrp_outputs/use_case_scenario/cross_domain_readiness_examples.csv,90_archive/deprecated_outputs/legacy_evrp_outputs/use_case_scenario/cross_domain_readiness_examples.csv,90_archive/deprecated_outputs/legacy_evrp_outputs/use_case_scenario/cross_domain_readiness_examples.csv,948,20260706,v02,normalized retained research artifact name,renamed
/Users/tstakuma/Desktop/github/research/90_archive/deprecated_outputs/legacy_evrp_outputs/use_case_scenario/data_source_api_rule_registry.csv,/Users/tstakuma/Desktop/github/research/90_archive/deprecated_outputs/legacy_evrp_outputs/use_case_scenario/data_source_api_rule_registry.csv,90_archive/deprecated_outputs/legacy_evrp_outputs/use_case_scenario/data_source_api_rule_registry.csv,90_archive/deprecated_outputs/legacy_evrp_outputs/use_case_scenario/data_source_api_rule_registry.csv,949,20260711,v02,normalized retained research artifact name,renamed
/Users/tstakuma/Desktop/github/research/90_archive/deprecated_outputs/legacy_evrp_outputs/use_case_scenario/depot_selection_rules.csv,/Users/tstakuma/Desktop/github/research/90_archive/deprecated_outputs/legacy_evrp_outputs/use_case_scenario/depot_selection_rules.csv,90_archive/deprecated_outputs/legacy_evrp_outputs/use_case_scenario/depot_selection_rules.csv,90_archive/deprecated_outputs/legacy_evrp_outputs/use_case_scenario/depot_selection_rules.csv,900,20260711,v03,normalized retained research artifact name,renamed
/Users/tstakuma/Desktop/github/research/90_archive/deprecated_outputs/legacy_evrp_outputs/use_case_scenario/evrp_benchmark_comparison.csv,/Users/tstakuma/Desktop/github/research/90_archive/deprecated_outputs/legacy_evrp_outputs/use_case_scenario/evrp_benchmark_comparison.csv,90_archive/deprecated_outputs/legacy_evrp_outputs/use_case_scenario/evrp_benchmark_comparison.csv,90_archive/deprecated_outputs/legacy_evrp_outputs/use_case_scenario/evrp_benchmark_comparison.csv,901,20260704,v03,normalized retained research artifact name,renamed
/Users/tstakuma/Desktop/github/research/90_archive/deprecated_outputs/legacy_evrp_outputs/use_case_scenario/evrp_benchmark_instance_fields.csv,/Users/tstakuma/Desktop/github/research/90_archive/deprecated_outputs/legacy_evrp_outputs/use_case_scenario/evrp_benchmark_instance_fields.csv,90_archive/deprecated_outputs/legacy_evrp_outputs/use_case_scenario/evrp_benchmark_instance_fields.csv,90_archive/deprecated_outputs/legacy_evrp_outputs/use_case_scenario/evrp_benchmark_instance_fields.csv,902,20260705,v03,normalized retained research artifact name,renamed
/Users/tstakuma/Desktop/github/research/90_archive/deprecated_outputs/legacy_evrp_outputs/use_case_scenario/evrp_benchmark_instance_summary.csv,/Users/tstakuma/Desktop/github/research/90_archive/deprecated_outputs/legacy_evrp_outputs/use_case_scenario/evrp_benchmark_instance_summary.csv,90_archive/deprecated_outputs/legacy_evrp_outputs/use_case_scenario/evrp_benchmark_instance_summary.csv,90_archive/deprecated_outputs/legacy_evrp_outputs/use_case_scenario/evrp_benchmark_instance_summary.csv,903,20260705,v03,normalized retained research artifact name,renamed
/Users/tstakuma/Desktop/github/research/90_archive/deprecated_outputs/legacy_evrp_outputs/use_case_scenario/evrp_benchmark_requirement_table.csv,/Users/tstakuma/Desktop/github/research/90_archive/deprecated_outputs/legacy_evrp_outputs/use_case_scenario/evrp_benchmark_requirement_table.csv,90_archive/deprecated_outputs/legacy_evrp_outputs/use_case_scenario/evrp_benchmark_requirement_table.csv,90_archive/deprecated_outputs/legacy_evrp_outputs/use_case_scenario/evrp_benchmark_requirement_table.csv,904,20260705,v03,normalized retained research artifact name,renamed
/Users/tstakuma/Desktop/github/research/90_archive/deprecated_outputs/legacy_evrp_outputs/use_case_scenario/evrp_requirement_gap_evidence_table.csv,/Users/tstakuma/Desktop/github/research/90_archive/deprecated_outputs/legacy_evrp_outputs/use_case_scenario/evrp_requirement_gap_evidence_table.csv,90_archive/deprecated_outputs/legacy_evrp_outputs/use_case_scenario/evrp_requirement_gap_evidence_table.csv,90_archive/deprecated_outputs/legacy_evrp_outputs/use_case_scenario/evrp_requirement_gap_evidence_table.csv,905,20260705,v03,normalized retained research artifact name,renamed
/Users/tstakuma/Desktop/github/research/90_archive/deprecated_outputs/legacy_evrp_outputs/use_case_scenario/evrp_vs_quantum_vrp_scale_comparison.csv,/Users/tstakuma/Desktop/github/research/90_archive/deprecated_outputs/legacy_evrp_outputs/use_case_scenario/evrp_vs_quantum_vrp_scale_comparison.csv,90_archive/deprecated_outputs/legacy_evrp_outputs/use_case_scenario/evrp_vs_quantum_vrp_scale_comparison.csv,90_archive/deprecated_outputs/legacy_evrp_outputs/use_case_scenario/evrp_vs_quantum_vrp_scale_comparison.csv,906,20260705,v03,normalized retained research artifact name,renamed
/Users/tstakuma/Desktop/github/research/90_archive/deprecated_outputs/legacy_evrp_outputs/use_case_scenario/feasibility_anova_results.csv,/Users/tstakuma/Desktop/github/research/90_archive/deprecated_outputs/legacy_evrp_outputs/use_case_scenario/feasibility_anova_results.csv,90_archive/deprecated_outputs/legacy_evrp_outputs/use_case_scenario/feasibility_anova_results.csv,90_archive/deprecated_outputs/legacy_evrp_outputs/use_case_scenario/feasibility_anova_results.csv,907,20260711,v03,normalized retained research artifact name,renamed
/Users/tstakuma/Desktop/github/research/90_archive/deprecated_outputs/legacy_evrp_outputs/use_case_scenario/feasibility_charger_sensitivity_rules.csv,/Users/tstakuma/Desktop/github/research/90_archive/deprecated_outputs/legacy_evrp_outputs/use_case_scenario/feasibility_charger_sensitivity_rules.csv,90_archive/deprecated_outputs/legacy_evrp_outputs/use_case_scenario/feasibility_charger_sensitivity_rules.csv,90_archive/deprecated_outputs/legacy_evrp_outputs/use_case_scenario/feasibility_charger_sensitivity_rules.csv,908,20260706,v03,normalized retained research artifact name,renamed
/Users/tstakuma/Desktop/github/research/90_archive/deprecated_outputs/legacy_evrp_outputs/use_case_scenario/feasibility_customer_results_by_seed.csv,/Users/tstakuma/Desktop/github/research/90_archive/deprecated_outputs/legacy_evrp_outputs/use_case_scenario/feasibility_customer_results_by_seed.csv,90_archive/deprecated_outputs/legacy_evrp_outputs/use_case_scenario/feasibility_customer_results_by_seed.csv,90_archive/deprecated_outputs/legacy_evrp_outputs/use_case_scenario/feasibility_customer_results_by_seed.csv,909,20260711,v03,normalized retained research artifact name,renamed
/Users/tstakuma/Desktop/github/research/90_archive/deprecated_outputs/legacy_evrp_outputs/use_case_scenario/feasibility_effect_sizes.csv,/Users/tstakuma/Desktop/github/research/90_archive/deprecated_outputs/legacy_evrp_outputs/use_case_scenario/feasibility_effect_sizes.csv,90_archive/deprecated_outputs/legacy_evrp_outputs/use_case_scenario/feasibility_effect_sizes.csv,90_archive/deprecated_outputs/legacy_evrp_outputs/use_case_scenario/feasibility_effect_sizes.csv,910,20260711,v03,normalized retained research artifact name,renamed
/Users/tstakuma/Desktop/github/research/90_archive/deprecated_outputs/legacy_evrp_outputs/use_case_scenario/feasibility_metric_definitions.csv,/Users/tstakuma/Desktop/github/research/90_archive/deprecated_outputs/legacy_evrp_outputs/use_case_scenario/feasibility_metric_definitions.csv,90_archive/deprecated_outputs/legacy_evrp_outputs/use_case_scenario/feasibility_metric_definitions.csv,90_archive/deprecated_outputs/legacy_evrp_outputs/use_case_scenario/feasibility_metric_definitions.csv,911,20260706,v03,normalized retained research artifact name,renamed
/Users/tstakuma/Desktop/github/research/90_archive/deprecated_outputs/legacy_evrp_outputs/use_case_scenario/feasibility_regression_coefficients.csv,/Users/tstakuma/Desktop/github/research/90_archive/deprecated_outputs/legacy_evrp_outputs/use_case_scenario/feasibility_regression_coefficients.csv,90_archive/deprecated_outputs/legacy_evrp_outputs/use_case_scenario/feasibility_regression_coefficients.csv,90_archive/deprecated_outputs/legacy_evrp_outputs/use_case_scenario/feasibility_regression_coefficients.csv,912,20260711,v03,normalized retained research artifact name,renamed
/Users/tstakuma/Desktop/github/research/90_archive/deprecated_outputs/legacy_evrp_outputs/use_case_scenario/feasibility_results_by_seed.csv,/Users/tstakuma/Desktop/github/research/90_archive/deprecated_outputs/legacy_evrp_outputs/use_case_scenario/feasibility_results_by_seed.csv,90_archive/deprecated_outputs/legacy_evrp_outputs/use_case_scenario/feasibility_results_by_seed.csv,90_archive/deprecated_outputs/legacy_evrp_outputs/use_case_scenario/feasibility_results_by_seed.csv,913,20260711,v03,normalized retained research artifact name,renamed
/Users/tstakuma/Desktop/github/research/90_archive/deprecated_outputs/legacy_evrp_outputs/use_case_scenario/feasibility_scenario_size_rules.csv,/Users/tstakuma/Desktop/github/research/90_archive/deprecated_outputs/legacy_evrp_outputs/use_case_scenario/feasibility_scenario_size_rules.csv,90_archive/deprecated_outputs/legacy_evrp_outputs/use_case_scenario/feasibility_scenario_size_rules.csv,90_archive/deprecated_outputs/legacy_evrp_outputs/use_case_scenario/feasibility_scenario_size_rules.csv,914,20260706,v03,normalized retained research artifact name,renamed
/Users/tstakuma/Desktop/github/research/90_archive/deprecated_outputs/legacy_evrp_outputs/use_case_scenario/feasibility_summary_by_scenario.csv,/Users/tstakuma/Desktop/github/research/90_archive/deprecated_outputs/legacy_evrp_outputs/use_case_scenario/feasibility_summary_by_scenario.csv,90_archive/deprecated_outputs/legacy_evrp_outputs/use_case_scenario/feasibility_summary_by_scenario.csv,90_archive/deprecated_outputs/legacy_evrp_outputs/use_case_scenario/feasibility_summary_by_scenario.csv,915,20260711,v03,normalized retained research artifact name,renamed
/Users/tstakuma/Desktop/github/research/90_archive/deprecated_outputs/legacy_evrp_outputs/use_case_scenario/future_extension_modules.csv,/Users/tstakuma/Desktop/github/research/90_archive/deprecated_outputs/legacy_evrp_outputs/use_case_scenario/future_extension_modules.csv,90_archive/deprecated_outputs/legacy_evrp_outputs/use_case_scenario/future_extension_modules.csv,90_archive/deprecated_outputs/legacy_evrp_outputs/use_case_scenario/future_extension_modules.csv,916,20260706,v03,normalized retained research artifact name,renamed
/Users/tstakuma/Desktop/github/research/90_archive/deprecated_outputs/legacy_evrp_outputs/use_case_scenario/monte_carlo_evrp_gap_summary_external.csv,/Users/tstakuma/Desktop/github/research/90_archive/deprecated_outputs/legacy_evrp_outputs/use_case_scenario/monte_carlo_evrp_gap_summary_external.csv,90_archive/deprecated_outputs/legacy_evrp_outputs/use_case_scenario/monte_carlo_evrp_gap_summary_external.csv,90_archive/deprecated_outputs/legacy_evrp_outputs/use_case_scenario/monte_carlo_evrp_gap_summary_external.csv,917,20260711,v03,normalized retained research artifact name,renamed
/Users/tstakuma/Desktop/github/research/90_archive/deprecated_outputs/legacy_evrp_outputs/use_case_scenario/monte_carlo_unmet_rates_long.csv,/Users/tstakuma/Desktop/github/research/90_archive/deprecated_outputs/legacy_evrp_outputs/use_case_scenario/monte_carlo_unmet_rates_long.csv,90_archive/deprecated_outputs/legacy_evrp_outputs/use_case_scenario/monte_carlo_unmet_rates_long.csv,90_archive/deprecated_outputs/legacy_evrp_outputs/use_case_scenario/monte_carlo_unmet_rates_long.csv,918,20260711,v03,normalized retained research artifact name,renamed
/Users/tstakuma/Desktop/github/research/90_archive/deprecated_outputs/legacy_evrp_outputs/use_case_scenario/morphological_use_case_candidates.csv,/Users/tstakuma/Desktop/github/research/90_archive/deprecated_outputs/legacy_evrp_outputs/use_case_scenario/morphological_use_case_candidates.csv,90_archive/deprecated_outputs/legacy_evrp_outputs/use_case_scenario/morphological_use_case_candidates.csv,90_archive/deprecated_outputs/legacy_evrp_outputs/use_case_scenario/morphological_use_case_candidates.csv,919,20260704,v03,normalized retained research artifact name,renamed
/Users/tstakuma/Desktop/github/research/90_archive/deprecated_outputs/legacy_evrp_outputs/use_case_scenario/network_feasibility_audit/01_simulation_input_inventory.csv,/Users/tstakuma/Desktop/github/research/90_archive/deprecated_outputs/legacy_evrp_outputs/use_case_scenario/network_feasibility_audit/01_simulation_input_inventory.csv,90_archive/deprecated_outputs/legacy_evrp_outputs/use_case_scenario/network_feasibility_audit/01_simulation_input_inventory.csv,90_archive/deprecated_outputs/legacy_evrp_outputs/use_case_scenario/network_feasibility_audit/01_simulation_input_inventory.csv,920,20260710,v03,normalized retained research artifact name,renamed
/Users/tstakuma/Desktop/github/research/90_archive/deprecated_outputs/legacy_evrp_outputs/use_case_scenario/network_feasibility_audit/02_simulation_output_inventory.csv,/Users/tstakuma/Desktop/github/research/90_archive/deprecated_outputs/legacy_evrp_outputs/use_case_scenario/network_feasibility_audit/02_simulation_output_inventory.csv,90_archive/deprecated_outputs/legacy_evrp_outputs/use_case_scenario/network_feasibility_audit/02_simulation_output_inventory.csv,90_archive/deprecated_outputs/legacy_evrp_outputs/use_case_scenario/network_feasibility_audit/02_simulation_output_inventory.csv,921,20260710,v03,normalized retained research artifact name,renamed
/Users/tstakuma/Desktop/github/research/90_archive/deprecated_outputs/legacy_evrp_outputs/use_case_scenario/network_feasibility_audit/03_available_comparisons.csv,/Users/tstakuma/Desktop/github/research/90_archive/deprecated_outputs/legacy_evrp_outputs/use_case_scenario/network_feasibility_audit/03_available_comparisons.csv,90_archive/deprecated_outputs/legacy_evrp_outputs/use_case_scenario/network_feasibility_audit/03_available_comparisons.csv,90_archive/deprecated_outputs/legacy_evrp_outputs/use_case_scenario/network_feasibility_audit/03_available_comparisons.csv,922,20260710,v03,normalized retained research artifact name,renamed
/Users/tstakuma/Desktop/github/research/90_archive/deprecated_outputs/legacy_evrp_outputs/use_case_scenario/network_feasibility_audit/04_candidate_edge_estimands.csv,/Users/tstakuma/Desktop/github/research/90_archive/deprecated_outputs/legacy_evrp_outputs/use_case_scenario/network_feasibility_audit/04_candidate_edge_estimands.csv,90_archive/deprecated_outputs/legacy_evrp_outputs/use_case_scenario/network_feasibility_audit/04_candidate_edge_estimands.csv,90_archive/deprecated_outputs/legacy_evrp_outputs/use_case_scenario/network_feasibility_audit/04_candidate_edge_estimands.csv,923,20260710,v03,normalized retained research artifact name,renamed
/Users/tstakuma/Desktop/github/research/90_archive/deprecated_outputs/legacy_evrp_outputs/use_case_scenario/network_feasibility_audit/05_calculable_edges.csv,/Users/tstakuma/Desktop/github/research/90_archive/deprecated_outputs/legacy_evrp_outputs/use_case_scenario/network_feasibility_audit/05_calculable_edges.csv,90_archive/deprecated_outputs/legacy_evrp_outputs/use_case_scenario/network_feasibility_audit/05_calculable_edges.csv,90_archive/deprecated_outputs/legacy_evrp_outputs/use_case_scenario/network_feasibility_audit/05_calculable_edges.csv,924,20260710,v03,normalized retained research artifact name,renamed
/Users/tstakuma/Desktop/github/research/90_archive/deprecated_outputs/legacy_evrp_outputs/use_case_scenario/network_feasibility_audit/06_non_calculable_edges.csv,/Users/tstakuma/Desktop/github/research/90_archive/deprecated_outputs/legacy_evrp_outputs/use_case_scenario/network_feasibility_audit/06_non_calculable_edges.csv,90_archive/deprecated_outputs/legacy_evrp_outputs/use_case_scenario/network_feasibility_audit/06_non_calculable_edges.csv,90_archive/deprecated_outputs/legacy_evrp_outputs/use_case_scenario/network_feasibility_audit/06_non_calculable_edges.csv,925,20260710,v03,normalized retained research artifact name,renamed
/Users/tstakuma/Desktop/github/research/90_archive/deprecated_outputs/legacy_evrp_outputs/use_case_scenario/network_feasibility_audit/07_minimal_viable_network.csv,/Users/tstakuma/Desktop/github/research/90_archive/deprecated_outputs/legacy_evrp_outputs/use_case_scenario/network_feasibility_audit/07_minimal_viable_network.csv,90_archive/deprecated_outputs/legacy_evrp_outputs/use_case_scenario/network_feasibility_audit/07_minimal_viable_network.csv,90_archive/deprecated_outputs/legacy_evrp_outputs/use_case_scenario/network_feasibility_audit/07_minimal_viable_network.csv,926,20260710,v03,normalized retained research artifact name,renamed
/Users/tstakuma/Desktop/github/research/90_archive/deprecated_outputs/legacy_evrp_outputs/use_case_scenario/network_feasibility_audit/08_full_calculable_network.csv,/Users/tstakuma/Desktop/github/research/90_archive/deprecated_outputs/legacy_evrp_outputs/use_case_scenario/network_feasibility_audit/08_full_calculable_network.csv,90_archive/deprecated_outputs/legacy_evrp_outputs/use_case_scenario/network_feasibility_audit/08_full_calculable_network.csv,90_archive/deprecated_outputs/legacy_evrp_outputs/use_case_scenario/network_feasibility_audit/08_full_calculable_network.csv,927,20260710,v03,normalized retained research artifact name,renamed
/Users/tstakuma/Desktop/github/research/90_archive/deprecated_outputs/legacy_evrp_outputs/use_case_scenario/next_analysis_plan.csv,/Users/tstakuma/Desktop/github/research/90_archive/deprecated_outputs/legacy_evrp_outputs/use_case_scenario/next_analysis_plan.csv,90_archive/deprecated_outputs/legacy_evrp_outputs/use_case_scenario/next_analysis_plan.csv,90_archive/deprecated_outputs/legacy_evrp_outputs/use_case_scenario/next_analysis_plan.csv,928,20260706,v03,normalized retained research artifact name,renamed
/Users/tstakuma/Desktop/github/research/90_archive/deprecated_outputs/legacy_evrp_outputs/use_case_scenario/pipeline_csv_generation_usage_map.csv,/Users/tstakuma/Desktop/github/research/90_archive/deprecated_outputs/legacy_evrp_outputs/use_case_scenario/pipeline_csv_generation_usage_map.csv,90_archive/deprecated_outputs/legacy_evrp_outputs/use_case_scenario/pipeline_csv_generation_usage_map.csv,90_archive/deprecated_outputs/legacy_evrp_outputs/use_case_scenario/pipeline_csv_generation_usage_map.csv,929,20260711,v03,normalized retained research artifact name,renamed
/Users/tstakuma/Desktop/github/research/90_archive/deprecated_outputs/legacy_evrp_outputs/use_case_scenario/problem_structure_growth_score.csv,/Users/tstakuma/Desktop/github/research/90_archive/deprecated_outputs/legacy_evrp_outputs/use_case_scenario/problem_structure_growth_score.csv,90_archive/deprecated_outputs/legacy_evrp_outputs/use_case_scenario/problem_structure_growth_score.csv,90_archive/deprecated_outputs/legacy_evrp_outputs/use_case_scenario/problem_structure_growth_score.csv,930,20260711,v03,normalized retained research artifact name,renamed
/Users/tstakuma/Desktop/github/research/90_archive/deprecated_outputs/legacy_evrp_outputs/use_case_scenario/problem_structure_social_instance_mapping.csv,/Users/tstakuma/Desktop/github/research/90_archive/deprecated_outputs/legacy_evrp_outputs/use_case_scenario/problem_structure_social_instance_mapping.csv,90_archive/deprecated_outputs/legacy_evrp_outputs/use_case_scenario/problem_structure_social_instance_mapping.csv,90_archive/deprecated_outputs/legacy_evrp_outputs/use_case_scenario/problem_structure_social_instance_mapping.csv,931,20260706,v03,normalized retained research artifact name,renamed
/Users/tstakuma/Desktop/github/research/90_archive/deprecated_outputs/legacy_evrp_outputs/use_case_scenario/quantum_evrp_gap_score.csv,/Users/tstakuma/Desktop/github/research/90_archive/deprecated_outputs/legacy_evrp_outputs/use_case_scenario/quantum_evrp_gap_score.csv,90_archive/deprecated_outputs/legacy_evrp_outputs/use_case_scenario/quantum_evrp_gap_score.csv,90_archive/deprecated_outputs/legacy_evrp_outputs/use_case_scenario/quantum_evrp_gap_score.csv,932,20260705,v03,normalized retained research artifact name,renamed
/Users/tstakuma/Desktop/github/research/90_archive/deprecated_outputs/legacy_evrp_outputs/use_case_scenario/scenario_available_chargers.csv,/Users/tstakuma/Desktop/github/research/90_archive/deprecated_outputs/legacy_evrp_outputs/use_case_scenario/scenario_available_chargers.csv,90_archive/deprecated_outputs/legacy_evrp_outputs/use_case_scenario/scenario_available_chargers.csv,90_archive/deprecated_outputs/legacy_evrp_outputs/use_case_scenario/scenario_available_chargers.csv,933,20260711,v03,normalized retained research artifact name,renamed
/Users/tstakuma/Desktop/github/research/90_archive/deprecated_outputs/legacy_evrp_outputs/use_case_scenario/scenario_customers.csv,/Users/tstakuma/Desktop/github/research/90_archive/deprecated_outputs/legacy_evrp_outputs/use_case_scenario/scenario_customers.csv,90_archive/deprecated_outputs/legacy_evrp_outputs/use_case_scenario/scenario_customers.csv,90_archive/deprecated_outputs/legacy_evrp_outputs/use_case_scenario/scenario_customers.csv,934,20260711,v03,normalized retained research artifact name,renamed
/Users/tstakuma/Desktop/github/research/90_archive/deprecated_outputs/legacy_evrp_outputs/use_case_scenario/scenario_customers_seeded.csv,/Users/tstakuma/Desktop/github/research/90_archive/deprecated_outputs/legacy_evrp_outputs/use_case_scenario/scenario_customers_seeded.csv,90_archive/deprecated_outputs/legacy_evrp_outputs/use_case_scenario/scenario_customers_seeded.csv,90_archive/deprecated_outputs/legacy_evrp_outputs/use_case_scenario/scenario_customers_seeded.csv,935,20260711,v03,normalized retained research artifact name,renamed
/Users/tstakuma/Desktop/github/research/90_archive/deprecated_outputs/legacy_evrp_outputs/use_case_scenario/scenario_depots.csv,/Users/tstakuma/Desktop/github/research/90_archive/deprecated_outputs/legacy_evrp_outputs/use_case_scenario/scenario_depots.csv,90_archive/deprecated_outputs/legacy_evrp_outputs/use_case_scenario/scenario_depots.csv,90_archive/deprecated_outputs/legacy_evrp_outputs/use_case_scenario/scenario_depots.csv,936,20260711,v03,normalized retained research artifact name,renamed
/Users/tstakuma/Desktop/github/research/90_archive/deprecated_outputs/legacy_evrp_outputs/use_case_scenario/service_candidate_traceability_matrix.csv,/Users/tstakuma/Desktop/github/research/90_archive/deprecated_outputs/legacy_evrp_outputs/use_case_scenario/service_candidate_traceability_matrix.csv,90_archive/deprecated_outputs/legacy_evrp_outputs/use_case_scenario/service_candidate_traceability_matrix.csv,90_archive/deprecated_outputs/legacy_evrp_outputs/use_case_scenario/service_candidate_traceability_matrix.csv,937,20260706,v03,normalized retained research artifact name,renamed
/Users/tstakuma/Desktop/github/research/90_archive/deprecated_outputs/legacy_evrp_outputs/use_case_scenario/social_side_variable_sources.csv,/Users/tstakuma/Desktop/github/research/90_archive/deprecated_outputs/legacy_evrp_outputs/use_case_scenario/social_side_variable_sources.csv,90_archive/deprecated_outputs/legacy_evrp_outputs/use_case_scenario/social_side_variable_sources.csv,90_archive/deprecated_outputs/legacy_evrp_outputs/use_case_scenario/social_side_variable_sources.csv,938,20260705,v03,normalized retained research artifact name,renamed
/Users/tstakuma/Desktop/github/research/90_archive/deprecated_outputs/legacy_evrp_outputs/use_case_scenario/source_data_inventory.csv,/Users/tstakuma/Desktop/github/research/90_archive/deprecated_outputs/legacy_evrp_outputs/use_case_scenario/source_data_inventory.csv,90_archive/deprecated_outputs/legacy_evrp_outputs/use_case_scenario/source_data_inventory.csv,90_archive/deprecated_outputs/legacy_evrp_outputs/use_case_scenario/source_data_inventory.csv,939,20260711,v03,normalized retained research artifact name,renamed
/Users/tstakuma/Desktop/github/research/90_archive/deprecated_outputs/legacy_evrp_outputs/use_case_scenario/static_vs_dynamic_readiness_table.csv,/Users/tstakuma/Desktop/github/research/90_archive/deprecated_outputs/legacy_evrp_outputs/use_case_scenario/static_vs_dynamic_readiness_table.csv,90_archive/deprecated_outputs/legacy_evrp_outputs/use_case_scenario/static_vs_dynamic_readiness_table.csv,90_archive/deprecated_outputs/legacy_evrp_outputs/use_case_scenario/static_vs_dynamic_readiness_table.csv,940,20260705,v03,normalized retained research artifact name,renamed
/Users/tstakuma/Desktop/github/research/90_archive/deprecated_outputs/legacy_evrp_outputs/use_case_scenario/synthetic_customer_node_rules.csv,/Users/tstakuma/Desktop/github/research/90_archive/deprecated_outputs/legacy_evrp_outputs/use_case_scenario/synthetic_customer_node_rules.csv,90_archive/deprecated_outputs/legacy_evrp_outputs/use_case_scenario/synthetic_customer_node_rules.csv,90_archive/deprecated_outputs/legacy_evrp_outputs/use_case_scenario/synthetic_customer_node_rules.csv,941,20260711,v03,normalized retained research artifact name,renamed
/Users/tstakuma/Desktop/github/research/90_archive/deprecated_outputs/legacy_evrp_outputs/use_case_scenario/tokyo_evrp_distance_proxy_by_customer.csv,/Users/tstakuma/Desktop/github/research/90_archive/deprecated_outputs/legacy_evrp_outputs/use_case_scenario/tokyo_evrp_distance_proxy_by_customer.csv,90_archive/deprecated_outputs/legacy_evrp_outputs/use_case_scenario/tokyo_evrp_distance_proxy_by_customer.csv,90_archive/deprecated_outputs/legacy_evrp_outputs/use_case_scenario/tokyo_evrp_distance_proxy_by_customer.csv,942,20260711,v03,normalized retained research artifact name,renamed
/Users/tstakuma/Desktop/github/research/90_archive/deprecated_outputs/legacy_evrp_outputs/use_case_scenario/tokyo_evrp_quantum_requirement_map.csv,/Users/tstakuma/Desktop/github/research/90_archive/deprecated_outputs/legacy_evrp_outputs/use_case_scenario/tokyo_evrp_quantum_requirement_map.csv,90_archive/deprecated_outputs/legacy_evrp_outputs/use_case_scenario/tokyo_evrp_quantum_requirement_map.csv,90_archive/deprecated_outputs/legacy_evrp_outputs/use_case_scenario/tokyo_evrp_quantum_requirement_map.csv,943,20260705,v03,normalized retained research artifact name,renamed
/Users/tstakuma/Desktop/github/research/90_archive/deprecated_outputs/legacy_evrp_outputs/use_case_scenario/tokyo_evrp_quantum_requirement_map_ja.csv,/Users/tstakuma/Desktop/github/research/90_archive/deprecated_outputs/legacy_evrp_outputs/use_case_scenario/tokyo_evrp_quantum_requirement_map_ja.csv,90_archive/deprecated_outputs/legacy_evrp_outputs/use_case_scenario/tokyo_evrp_quantum_requirement_map_ja.csv,90_archive/deprecated_outputs/legacy_evrp_outputs/use_case_scenario/tokyo_evrp_quantum_requirement_map_ja.csv,944,20260705,v03,normalized retained research artifact name,renamed
/Users/tstakuma/Desktop/github/research/90_archive/deprecated_outputs/legacy_evrp_outputs/use_case_scenario/tokyo_evrp_quantum_requirement_map_presentation.csv,/Users/tstakuma/Desktop/github/research/90_archive/deprecated_outputs/legacy_evrp_outputs/use_case_scenario/tokyo_evrp_quantum_requirement_map_presentation.csv,90_archive/deprecated_outputs/legacy_evrp_outputs/use_case_scenario/tokyo_evrp_quantum_requirement_map_presentation.csv,90_archive/deprecated_outputs/legacy_evrp_outputs/use_case_scenario/tokyo_evrp_quantum_requirement_map_presentation.csv,945,20260705,v03,normalized retained research artifact name,renamed
/Users/tstakuma/Desktop/github/research/90_archive/deprecated_outputs/legacy_evrp_outputs/use_case_scenario/tokyo_evrp_route_proxy_results.csv,/Users/tstakuma/Desktop/github/research/90_archive/deprecated_outputs/legacy_evrp_outputs/use_case_scenario/tokyo_evrp_route_proxy_results.csv,90_archive/deprecated_outputs/legacy_evrp_outputs/use_case_scenario/tokyo_evrp_route_proxy_results.csv,90_archive/deprecated_outputs/legacy_evrp_outputs/use_case_scenario/tokyo_evrp_route_proxy_results.csv,946,20260711,v03,normalized retained research artifact name,renamed
/Users/tstakuma/Desktop/github/research/90_archive/deprecated_outputs/legacy_evrp_outputs/use_case_scenario/tokyo_evrp_scenario_design.csv,/Users/tstakuma/Desktop/github/research/90_archive/deprecated_outputs/legacy_evrp_outputs/use_case_scenario/tokyo_evrp_scenario_design.csv,90_archive/deprecated_outputs/legacy_evrp_outputs/use_case_scenario/tokyo_evrp_scenario_design.csv,90_archive/deprecated_outputs/legacy_evrp_outputs/use_case_scenario/tokyo_evrp_scenario_design.csv,947,20260711,v03,normalized retained research artifact name,renamed
/Users/tstakuma/Desktop/github/research/90_archive/deprecated_outputs/legacy_evrp_outputs/use_case_scenario/tokyo_evrp_scenario_design_consistency_check.csv,/Users/tstakuma/Desktop/github/research/90_archive/deprecated_outputs/legacy_evrp_outputs/use_case_scenario/tokyo_evrp_scenario_design_consistency_check.csv,90_archive/deprecated_outputs/legacy_evrp_outputs/use_case_scenario/tokyo_evrp_scenario_design_consistency_check.csv,90_archive/deprecated_outputs/legacy_evrp_outputs/use_case_scenario/tokyo_evrp_scenario_design_consistency_check.csv,948,20260711,v03,normalized retained research artifact name,renamed
/Users/tstakuma/Desktop/github/research/90_archive/deprecated_outputs/legacy_evrp_outputs/use_case_scenario/tokyo_evrp_scenario_design_generation_trace.csv,/Users/tstakuma/Desktop/github/research/90_archive/deprecated_outputs/legacy_evrp_outputs/use_case_scenario/tokyo_evrp_scenario_design_generation_trace.csv,90_archive/deprecated_outputs/legacy_evrp_outputs/use_case_scenario/tokyo_evrp_scenario_design_generation_trace.csv,90_archive/deprecated_outputs/legacy_evrp_outputs/use_case_scenario/tokyo_evrp_scenario_design_generation_trace.csv,949,20260711,v03,normalized retained research artifact name,renamed
/Users/tstakuma/Desktop/github/research/90_archive/deprecated_outputs/legacy_evrp_outputs/use_case_scenario/tokyo_open_data_coverage_summary.csv,/Users/tstakuma/Desktop/github/research/90_archive/deprecated_outputs/legacy_evrp_outputs/use_case_scenario/tokyo_open_data_coverage_summary.csv,90_archive/deprecated_outputs/legacy_evrp_outputs/use_case_scenario/tokyo_open_data_coverage_summary.csv,90_archive/deprecated_outputs/legacy_evrp_outputs/use_case_scenario/tokyo_open_data_coverage_summary.csv,900,20260711,v04,normalized retained research artifact name,renamed
/Users/tstakuma/Desktop/github/research/90_archive/deprecated_outputs/legacy_evrp_outputs/use_case_scenario/vehicle_scenario_rules.csv,/Users/tstakuma/Desktop/github/research/90_archive/deprecated_outputs/legacy_evrp_outputs/use_case_scenario/vehicle_scenario_rules.csv,90_archive/deprecated_outputs/legacy_evrp_outputs/use_case_scenario/vehicle_scenario_rules.csv,90_archive/deprecated_outputs/legacy_evrp_outputs/use_case_scenario/vehicle_scenario_rules.csv,901,20260711,v04,normalized retained research artifact name,renamed
/Users/tstakuma/Desktop/github/research/90_archive/deprecated_outputs/manifest.csv,/Users/tstakuma/Desktop/github/research/90_archive/deprecated_outputs/manifest.csv,90_archive/deprecated_outputs/manifest.csv,90_archive/deprecated_outputs/manifest.csv,902,20260711,v04,normalized retained research artifact name,renamed
/Users/tstakuma/Desktop/github/research/90_archive/exports/quantum_evrp_explanation_package_2026-07-10.zip,/Users/tstakuma/Desktop/github/research/90_archive/exports/903_20260710_v04_quantum_evrp_explanation_package_2026_07_10.zip,90_archive/exports/quantum_evrp_explanation_package_2026-07-10.zip,90_archive/exports/903_20260710_v04_quantum_evrp_explanation_package_2026_07_10.zip,903,20260710,v04,normalized retained research artifact name,renamed
/Users/tstakuma/Desktop/github/research/03_data/metadata/world_bank_lpi/japan_lpi_infrastructure_worldbank_api_2026-07-04.json,/Users/tstakuma/Desktop/github/research/03_data/metadata/world_bank_lpi/400_20260704_japan_lpi_infrastructure_worldbank_api_2026_07_04.json,03_data/metadata/world_bank_lpi/japan_lpi_infrastructure_worldbank_api_2026-07-04.json,03_data/metadata/world_bank_lpi/400_20260704_japan_lpi_infrastructure_worldbank_api_2026_07_04.json,400,20260704,,normalized retained research artifact name,renamed
/Users/tstakuma/Desktop/github/research/03_data/metadata/world_bank_lpi/japan_lpi_timeliness_worldbank_api_2026-07-04.json,/Users/tstakuma/Desktop/github/research/03_data/metadata/world_bank_lpi/401_20260704_japan_lpi_timeliness_worldbank_api_2026_07_04.json,03_data/metadata/world_bank_lpi/japan_lpi_timeliness_worldbank_api_2026-07-04.json,03_data/metadata/world_bank_lpi/401_20260704_japan_lpi_timeliness_worldbank_api_2026_07_04.json,401,20260704,,normalized retained research artifact name,renamed
/Users/tstakuma/Desktop/github/research/03_data/processed/charger_access/charger_condition_definitions.csv,/Users/tstakuma/Desktop/github/research/03_data/processed/charger_access/charger_condition_definitions.csv,03_data/processed/charger_access/charger_condition_definitions.csv,03_data/processed/charger_access/charger_condition_definitions.csv,402,20260711,,normalized retained research artifact name,renamed
/Users/tstakuma/Desktop/github/research/03_data/processed/charger_access/eligible_charger_candidates.csv,/Users/tstakuma/Desktop/github/research/03_data/processed/charger_access/eligible_charger_candidates.csv,03_data/processed/charger_access/eligible_charger_candidates.csv,03_data/processed/charger_access/eligible_charger_candidates.csv,403,20260711,,normalized retained research artifact name,renamed
/Users/tstakuma/Desktop/github/research/03_data/processed/charger_access/route_charger_access_results.csv,/Users/tstakuma/Desktop/github/research/03_data/processed/charger_access/route_charger_access_results.csv,03_data/processed/charger_access/route_charger_access_results.csv,03_data/processed/charger_access/route_charger_access_results.csv,404,20260711,,normalized retained research artifact name,renamed
/Users/tstakuma/Desktop/github/research/03_data/processed/constraints/constraint_case_rates.csv,/Users/tstakuma/Desktop/github/research/03_data/processed/constraints/constraint_case_rates.csv,03_data/processed/constraints/constraint_case_rates.csv,03_data/processed/constraints/constraint_case_rates.csv,405,20260711,,normalized retained research artifact name,renamed
/Users/tstakuma/Desktop/github/research/03_data/processed/constraints/constraint_evaluations_long.csv,/Users/tstakuma/Desktop/github/research/03_data/processed/constraints/constraint_evaluations_long.csv,03_data/processed/constraints/constraint_evaluations_long.csv,03_data/processed/constraints/constraint_evaluations_long.csv,406,20260711,,normalized retained research artifact name,renamed
/Users/tstakuma/Desktop/github/research/03_data/processed/constraints/constraint_summary.csv,/Users/tstakuma/Desktop/github/research/03_data/processed/constraints/constraint_summary.csv,03_data/processed/constraints/constraint_summary.csv,03_data/processed/constraints/constraint_summary.csv,407,20260711,,normalized retained research artifact name,renamed
/Users/tstakuma/Desktop/github/research/03_data/processed/constraints/parameter_response_table.csv,/Users/tstakuma/Desktop/github/research/03_data/processed/constraints/parameter_response_table.csv,03_data/processed/constraints/parameter_response_table.csv,03_data/processed/constraints/parameter_response_table.csv,408,20260711,,normalized retained research artifact name,renamed
/Users/tstakuma/Desktop/github/research/03_data/processed/constraints/payload_diagnostics.csv,/Users/tstakuma/Desktop/github/research/03_data/processed/constraints/payload_diagnostics.csv,03_data/processed/constraints/payload_diagnostics.csv,03_data/processed/constraints/payload_diagnostics.csv,409,20260711,,normalized retained research artifact name,renamed
/Users/tstakuma/Desktop/github/research/03_data/processed/constraints/scenario_constraint_summary.csv,/Users/tstakuma/Desktop/github/research/03_data/processed/constraints/scenario_constraint_summary.csv,03_data/processed/constraints/scenario_constraint_summary.csv,03_data/processed/constraints/scenario_constraint_summary.csv,410,20260711,,normalized retained research artifact name,renamed
/Users/tstakuma/Desktop/github/research/03_data/processed/constraints/sensitivity_summary.csv,/Users/tstakuma/Desktop/github/research/03_data/processed/constraints/sensitivity_summary.csv,03_data/processed/constraints/sensitivity_summary.csv,03_data/processed/constraints/sensitivity_summary.csv,411,20260711,,normalized retained research artifact name,renamed
/Users/tstakuma/Desktop/github/research/03_data/processed/constraints/time_constraint_diagnostics.csv,/Users/tstakuma/Desktop/github/research/03_data/processed/constraints/time_constraint_diagnostics.csv,03_data/processed/constraints/time_constraint_diagnostics.csv,03_data/processed/constraints/time_constraint_diagnostics.csv,412,20260711,,normalized retained research artifact name,renamed
/Users/tstakuma/Desktop/github/research/03_data/processed/estat_tokyo_mesh_population_cells.csv,/Users/tstakuma/Desktop/github/research/03_data/processed/estat_tokyo_mesh_population_cells.csv,03_data/processed/estat_tokyo_mesh_population_cells.csv,03_data/processed/estat_tokyo_mesh_population_cells.csv,413,20260705,,normalized retained research artifact name,renamed
/Users/tstakuma/Desktop/github/research/03_data/processed/estat_tokyo_mesh_population_summary.csv,/Users/tstakuma/Desktop/github/research/03_data/processed/estat_tokyo_mesh_population_summary.csv,03_data/processed/estat_tokyo_mesh_population_summary.csv,03_data/processed/estat_tokyo_mesh_population_summary.csv,414,20260705,,normalized retained research artifact name,renamed
/Users/tstakuma/Desktop/github/research/03_data/processed/estat_tokyo_population_summary.csv,/Users/tstakuma/Desktop/github/research/03_data/processed/estat_tokyo_population_summary.csv,03_data/processed/estat_tokyo_population_summary.csv,03_data/processed/estat_tokyo_population_summary.csv,415,20260704,,normalized retained research artifact name,renamed
/Users/tstakuma/Desktop/github/research/03_data/processed/ev_truck_specs_scenario.csv,/Users/tstakuma/Desktop/github/research/03_data/processed/ev_truck_specs_scenario.csv,03_data/processed/ev_truck_specs_scenario.csv,03_data/processed/ev_truck_specs_scenario.csv,416,20260705,,normalized retained research artifact name,renamed
/Users/tstakuma/Desktop/github/research/03_data/processed/ev_truck_specs_summary.csv,/Users/tstakuma/Desktop/github/research/03_data/processed/ev_truck_specs_summary.csv,03_data/processed/ev_truck_specs_summary.csv,03_data/processed/ev_truck_specs_summary.csv,417,20260705,,normalized retained research artifact name,renamed
/Users/tstakuma/Desktop/github/research/03_data/processed/evrp_constraint_gap_inputs/analysis_parameters.csv,/Users/tstakuma/Desktop/github/research/03_data/processed/evrp_constraint_gap_inputs/analysis_parameters.csv,03_data/processed/evrp_constraint_gap_inputs/analysis_parameters.csv,03_data/processed/evrp_constraint_gap_inputs/analysis_parameters.csv,418,20260711,,normalized retained research artifact name,renamed
/Users/tstakuma/Desktop/github/research/03_data/processed/evrp_constraint_gap_inputs/depot_candidates_public_proxy_snapshot.csv,/Users/tstakuma/Desktop/github/research/03_data/processed/evrp_constraint_gap_inputs/depot_candidates_public_proxy_snapshot.csv,03_data/processed/evrp_constraint_gap_inputs/depot_candidates_public_proxy_snapshot.csv,03_data/processed/evrp_constraint_gap_inputs/depot_candidates_public_proxy_snapshot.csv,419,20260711,,normalized retained research artifact name,renamed
/Users/tstakuma/Desktop/github/research/03_data/processed/evrp_constraint_gap_inputs/input_provenance.csv,/Users/tstakuma/Desktop/github/research/03_data/processed/evrp_constraint_gap_inputs/input_provenance.csv,03_data/processed/evrp_constraint_gap_inputs/input_provenance.csv,03_data/processed/evrp_constraint_gap_inputs/input_provenance.csv,420,20260711,,normalized retained research artifact name,renamed
/Users/tstakuma/Desktop/github/research/03_data/processed/evrp_constraint_gap_inputs/quantum_vrp_evidence_registry.csv,/Users/tstakuma/Desktop/github/research/03_data/processed/evrp_constraint_gap_inputs/quantum_vrp_evidence_registry.csv,03_data/processed/evrp_constraint_gap_inputs/quantum_vrp_evidence_registry.csv,03_data/processed/evrp_constraint_gap_inputs/quantum_vrp_evidence_registry.csv,421,20260711,,normalized retained research artifact name,renamed
/Users/tstakuma/Desktop/github/research/03_data/processed/evrp_constraint_gap_inputs/synthetic_generation_assumptions.csv,/Users/tstakuma/Desktop/github/research/03_data/processed/evrp_constraint_gap_inputs/synthetic_generation_assumptions.csv,03_data/processed/evrp_constraint_gap_inputs/synthetic_generation_assumptions.csv,03_data/processed/evrp_constraint_gap_inputs/synthetic_generation_assumptions.csv,422,20260711,,normalized retained research artifact name,renamed
/Users/tstakuma/Desktop/github/research/03_data/processed/evrp_constraint_gap_inputs/vehicle_specs_public_source_snapshot.csv,/Users/tstakuma/Desktop/github/research/03_data/processed/evrp_constraint_gap_inputs/vehicle_specs_public_source_snapshot.csv,03_data/processed/evrp_constraint_gap_inputs/vehicle_specs_public_source_snapshot.csv,03_data/processed/evrp_constraint_gap_inputs/vehicle_specs_public_source_snapshot.csv,423,20260711,,normalized retained research artifact name,renamed
/Users/tstakuma/Desktop/github/research/03_data/processed/jartic_tokyo_traffic_observations.csv,/Users/tstakuma/Desktop/github/research/03_data/processed/jartic_tokyo_traffic_observations.csv,03_data/processed/jartic_tokyo_traffic_observations.csv,03_data/processed/jartic_tokyo_traffic_observations.csv,424,20260705,,normalized retained research artifact name,renamed
/Users/tstakuma/Desktop/github/research/03_data/processed/jartic_tokyo_traffic_summary.csv,/Users/tstakuma/Desktop/github/research/03_data/processed/jartic_tokyo_traffic_summary.csv,03_data/processed/jartic_tokyo_traffic_summary.csv,03_data/processed/jartic_tokyo_traffic_summary.csv,425,20260705,,normalized retained research artifact name,renamed
/Users/tstakuma/Desktop/github/research/03_data/processed/mlit_road_census_tokyo_traffic_by_vehicle_class.csv,/Users/tstakuma/Desktop/github/research/03_data/processed/mlit_road_census_tokyo_traffic_by_vehicle_class.csv,03_data/processed/mlit_road_census_tokyo_traffic_by_vehicle_class.csv,03_data/processed/mlit_road_census_tokyo_traffic_by_vehicle_class.csv,426,20260705,,normalized retained research artifact name,renamed
/Users/tstakuma/Desktop/github/research/03_data/processed/mlit_road_census_tokyo_traffic_summary.csv,/Users/tstakuma/Desktop/github/research/03_data/processed/mlit_road_census_tokyo_traffic_summary.csv,03_data/processed/mlit_road_census_tokyo_traffic_summary.csv,03_data/processed/mlit_road_census_tokyo_traffic_summary.csv,427,20260705,,normalized retained research artifact name,renamed
/Users/tstakuma/Desktop/github/research/03_data/processed/open_charge_map_tokyo_boundary_clipped_connections.csv,/Users/tstakuma/Desktop/github/research/03_data/processed/open_charge_map_tokyo_boundary_clipped_connections.csv,03_data/processed/open_charge_map_tokyo_boundary_clipped_connections.csv,03_data/processed/open_charge_map_tokyo_boundary_clipped_connections.csv,428,20260705,,normalized retained research artifact name,renamed
/Users/tstakuma/Desktop/github/research/03_data/processed/open_charge_map_tokyo_boundary_clipped_stations.csv,/Users/tstakuma/Desktop/github/research/03_data/processed/open_charge_map_tokyo_boundary_clipped_stations.csv,03_data/processed/open_charge_map_tokyo_boundary_clipped_stations.csv,03_data/processed/open_charge_map_tokyo_boundary_clipped_stations.csv,429,20260705,,normalized retained research artifact name,renamed
/Users/tstakuma/Desktop/github/research/03_data/processed/open_charge_map_tokyo_boundary_clipped_summary.csv,/Users/tstakuma/Desktop/github/research/03_data/processed/open_charge_map_tokyo_boundary_clipped_summary.csv,03_data/processed/open_charge_map_tokyo_boundary_clipped_summary.csv,03_data/processed/open_charge_map_tokyo_boundary_clipped_summary.csv,430,20260705,,normalized retained research artifact name,renamed
/Users/tstakuma/Desktop/github/research/03_data/processed/open_charge_map_tokyo_stations.csv,/Users/tstakuma/Desktop/github/research/03_data/processed/open_charge_map_tokyo_stations.csv,03_data/processed/open_charge_map_tokyo_stations.csv,03_data/processed/open_charge_map_tokyo_stations.csv,431,20260704,,normalized retained research artifact name,renamed
/Users/tstakuma/Desktop/github/research/03_data/processed/open_charge_map_tokyo_summary.csv,/Users/tstakuma/Desktop/github/research/03_data/processed/open_charge_map_tokyo_summary.csv,03_data/processed/open_charge_map_tokyo_summary.csv,03_data/processed/open_charge_map_tokyo_summary.csv,432,20260704,,normalized retained research artifact name,renamed
/Users/tstakuma/Desktop/github/research/03_data/processed/osm_tokyo_road_network_summary.csv,/Users/tstakuma/Desktop/github/research/03_data/processed/osm_tokyo_road_network_summary.csv,03_data/processed/osm_tokyo_road_network_summary.csv,03_data/processed/osm_tokyo_road_network_summary.csv,433,20260704,,normalized retained research artifact name,renamed
/Users/tstakuma/Desktop/github/research/03_data/processed/quantum_gap/quantum_vrp_evidence.csv,/Users/tstakuma/Desktop/github/research/03_data/processed/quantum_gap/quantum_vrp_evidence.csv,03_data/processed/quantum_gap/quantum_vrp_evidence.csv,03_data/processed/quantum_gap/quantum_vrp_evidence.csv,434,20260711,,normalized retained research artifact name,renamed
/Users/tstakuma/Desktop/github/research/03_data/processed/quantum_gap/quantum_vrp_gap_detail.csv,/Users/tstakuma/Desktop/github/research/03_data/processed/quantum_gap/quantum_vrp_gap_detail.csv,03_data/processed/quantum_gap/quantum_vrp_gap_detail.csv,03_data/processed/quantum_gap/quantum_vrp_gap_detail.csv,435,20260711,,normalized retained research artifact name,renamed
/Users/tstakuma/Desktop/github/research/03_data/processed/route_proxy/base_route_proxy_results.csv,/Users/tstakuma/Desktop/github/research/03_data/processed/route_proxy/base_route_proxy_results.csv,03_data/processed/route_proxy/base_route_proxy_results.csv,03_data/processed/route_proxy/base_route_proxy_results.csv,436,20260711,,normalized retained research artifact name,renamed
/Users/tstakuma/Desktop/github/research/03_data/processed/route_proxy/route_distance_summary.csv,/Users/tstakuma/Desktop/github/research/03_data/processed/route_proxy/route_distance_summary.csv,03_data/processed/route_proxy/route_distance_summary.csv,03_data/processed/route_proxy/route_distance_summary.csv,437,20260711,,normalized retained research artifact name,renamed
/Users/tstakuma/Desktop/github/research/03_data/processed/route_proxy/route_proxy_edges.csv,/Users/tstakuma/Desktop/github/research/03_data/processed/route_proxy/route_proxy_edges.csv,03_data/processed/route_proxy/route_proxy_edges.csv,03_data/processed/route_proxy/route_proxy_edges.csv,438,20260711,,normalized retained research artifact name,renamed
/Users/tstakuma/Desktop/github/research/03_data/processed/route_proxy/route_proxy_members.csv,/Users/tstakuma/Desktop/github/research/03_data/processed/route_proxy/route_proxy_members.csv,03_data/processed/route_proxy/route_proxy_members.csv,03_data/processed/route_proxy/route_proxy_members.csv,439,20260711,,normalized retained research artifact name,renamed
/Users/tstakuma/Desktop/github/research/03_data/processed/route_proxy/route_proxy_results.csv,/Users/tstakuma/Desktop/github/research/03_data/processed/route_proxy/route_proxy_results.csv,03_data/processed/route_proxy/route_proxy_results.csv,03_data/processed/route_proxy/route_proxy_results.csv,440,20260711,,normalized retained research artifact name,renamed
/Users/tstakuma/Desktop/github/research/03_data/processed/scenario/analysis_parameter_registry.csv,/Users/tstakuma/Desktop/github/research/03_data/processed/scenario/analysis_parameter_registry.csv,03_data/processed/scenario/analysis_parameter_registry.csv,03_data/processed/scenario/analysis_parameter_registry.csv,441,20260711,,normalized retained research artifact name,renamed
/Users/tstakuma/Desktop/github/research/03_data/processed/scenario/assumptions_and_limitations.csv,/Users/tstakuma/Desktop/github/research/03_data/processed/scenario/assumptions_and_limitations.csv,03_data/processed/scenario/assumptions_and_limitations.csv,03_data/processed/scenario/assumptions_and_limitations.csv,442,20260711,,normalized retained research artifact name,renamed
/Users/tstakuma/Desktop/github/research/03_data/processed/scenario/monte_carlo_randomization_registry.csv,/Users/tstakuma/Desktop/github/research/03_data/processed/scenario/monte_carlo_randomization_registry.csv,03_data/processed/scenario/monte_carlo_randomization_registry.csv,03_data/processed/scenario/monte_carlo_randomization_registry.csv,443,20260711,,normalized retained research artifact name,renamed
/Users/tstakuma/Desktop/github/research/03_data/processed/scenario/open_data_preprocessing_status.csv,/Users/tstakuma/Desktop/github/research/03_data/processed/scenario/open_data_preprocessing_status.csv,03_data/processed/scenario/open_data_preprocessing_status.csv,03_data/processed/scenario/open_data_preprocessing_status.csv,444,20260711,,normalized retained research artifact name,renamed
/Users/tstakuma/Desktop/github/research/03_data/processed/scenario/realized_synthetic_distribution_summary.csv,/Users/tstakuma/Desktop/github/research/03_data/processed/scenario/realized_synthetic_distribution_summary.csv,03_data/processed/scenario/realized_synthetic_distribution_summary.csv,03_data/processed/scenario/realized_synthetic_distribution_summary.csv,445,20260711,,normalized retained research artifact name,renamed
/Users/tstakuma/Desktop/github/research/03_data/processed/scenario/scenario_configurations.csv,/Users/tstakuma/Desktop/github/research/03_data/processed/scenario/scenario_configurations.csv,03_data/processed/scenario/scenario_configurations.csv,03_data/processed/scenario/scenario_configurations.csv,446,20260711,,normalized retained research artifact name,renamed
/Users/tstakuma/Desktop/github/research/03_data/processed/scenario/synthetic_customers.csv,/Users/tstakuma/Desktop/github/research/03_data/processed/scenario/synthetic_customers.csv,03_data/processed/scenario/synthetic_customers.csv,03_data/processed/scenario/synthetic_customers.csv,447,20260711,,normalized retained research artifact name,renamed
/Users/tstakuma/Desktop/github/research/03_data/processed/scenario/synthetic_generation_assumptions.csv,/Users/tstakuma/Desktop/github/research/03_data/processed/scenario/synthetic_generation_assumptions.csv,03_data/processed/scenario/synthetic_generation_assumptions.csv,03_data/processed/scenario/synthetic_generation_assumptions.csv,448,20260711,,normalized retained research artifact name,renamed
/Users/tstakuma/Desktop/github/research/03_data/processed/socio_technical_variables.csv,/Users/tstakuma/Desktop/github/research/03_data/processed/socio_technical_variables.csv,03_data/processed/socio_technical_variables.csv,03_data/processed/socio_technical_variables.csv,449,20260705,,normalized retained research artifact name,renamed
/Users/tstakuma/Desktop/github/research/03_data/processed/tokyo_boundary_n03_municipalities.csv,/Users/tstakuma/Desktop/github/research/03_data/processed/tokyo_boundary_n03_municipalities.csv,03_data/processed/tokyo_boundary_n03_municipalities.csv,03_data/processed/tokyo_boundary_n03_municipalities.csv,450,20260705,,normalized retained research artifact name,renamed
/Users/tstakuma/Desktop/github/research/03_data/processed/tokyo_boundary_n03_summary.csv,/Users/tstakuma/Desktop/github/research/03_data/processed/tokyo_boundary_n03_summary.csv,03_data/processed/tokyo_boundary_n03_summary.csv,03_data/processed/tokyo_boundary_n03_summary.csv,451,20260705,,normalized retained research artifact name,renamed
/Users/tstakuma/Desktop/github/research/03_data/processed/tokyo_freight_establishment_locations.csv,/Users/tstakuma/Desktop/github/research/03_data/processed/tokyo_freight_establishment_locations.csv,03_data/processed/tokyo_freight_establishment_locations.csv,03_data/processed/tokyo_freight_establishment_locations.csv,452,20260705,,normalized retained research artifact name,renamed
/Users/tstakuma/Desktop/github/research/03_data/processed/tokyo_freight_flow_census_summary.csv,/Users/tstakuma/Desktop/github/research/03_data/processed/tokyo_freight_flow_census_summary.csv,03_data/processed/tokyo_freight_flow_census_summary.csv,03_data/processed/tokyo_freight_flow_census_summary.csv,453,20260705,,normalized retained research artifact name,renamed
/Users/tstakuma/Desktop/github/research/03_data/processed/tokyo_generated_attracted_freight_by_facility.csv,/Users/tstakuma/Desktop/github/research/03_data/processed/tokyo_generated_attracted_freight_by_facility.csv,03_data/processed/tokyo_generated_attracted_freight_by_facility.csv,03_data/processed/tokyo_generated_attracted_freight_by_facility.csv,454,20260705,,normalized retained research artifact name,renamed
/Users/tstakuma/Desktop/github/research/03_data/processed/tokyo_gtfs_summary.csv,/Users/tstakuma/Desktop/github/research/03_data/processed/tokyo_gtfs_summary.csv,03_data/processed/tokyo_gtfs_summary.csv,03_data/processed/tokyo_gtfs_summary.csv,455,20260704,,normalized retained research artifact name,renamed
/Users/tstakuma/Desktop/github/research/03_data/processed/tokyo_interregional_freight_flow_by_commodity.csv,/Users/tstakuma/Desktop/github/research/03_data/processed/tokyo_interregional_freight_flow_by_commodity.csv,03_data/processed/tokyo_interregional_freight_flow_by_commodity.csv,03_data/processed/tokyo_interregional_freight_flow_by_commodity.csv,456,20260705,,normalized retained research artifact name,renamed
/Users/tstakuma/Desktop/github/research/03_data/processed/tokyo_logistics_hub_by_type.csv,/Users/tstakuma/Desktop/github/research/03_data/processed/tokyo_logistics_hub_by_type.csv,03_data/processed/tokyo_logistics_hub_by_type.csv,03_data/processed/tokyo_logistics_hub_by_type.csv,457,20260705,,normalized retained research artifact name,renamed
/Users/tstakuma/Desktop/github/research/03_data/processed/tokyo_logistics_hub_candidates.csv,/Users/tstakuma/Desktop/github/research/03_data/processed/tokyo_logistics_hub_candidates.csv,03_data/processed/tokyo_logistics_hub_candidates.csv,03_data/processed/tokyo_logistics_hub_candidates.csv,458,20260705,,normalized retained research artifact name,renamed
/Users/tstakuma/Desktop/github/research/03_data/processed/tokyo_logistics_hub_summary.csv,/Users/tstakuma/Desktop/github/research/03_data/processed/tokyo_logistics_hub_summary.csv,03_data/processed/tokyo_logistics_hub_summary.csv,03_data/processed/tokyo_logistics_hub_summary.csv,459,20260705,,normalized retained research artifact name,renamed
/Users/tstakuma/Desktop/github/research/03_data/processed/tokyo_police_traffic_border_hourly_all_vehicles.csv,/Users/tstakuma/Desktop/github/research/03_data/processed/tokyo_police_traffic_border_hourly_all_vehicles.csv,03_data/processed/tokyo_police_traffic_border_hourly_all_vehicles.csv,03_data/processed/tokyo_police_traffic_border_hourly_all_vehicles.csv,460,20260705,,normalized retained research artifact name,renamed
/Users/tstakuma/Desktop/github/research/03_data/processed/tokyo_police_traffic_stats_inventory.csv,/Users/tstakuma/Desktop/github/research/03_data/processed/tokyo_police_traffic_stats_inventory.csv,03_data/processed/tokyo_police_traffic_stats_inventory.csv,03_data/processed/tokyo_police_traffic_stats_inventory.csv,461,20260705,,normalized retained research artifact name,renamed
/Users/tstakuma/Desktop/github/research/03_data/processed/tokyo_police_traffic_stats_summary.csv,/Users/tstakuma/Desktop/github/research/03_data/processed/tokyo_police_traffic_stats_summary.csv,03_data/processed/tokyo_police_traffic_stats_summary.csv,03_data/processed/tokyo_police_traffic_stats_summary.csv,462,20260705,,normalized retained research artifact name,renamed
/Users/tstakuma/Desktop/github/research/03_data/processed/tokyo_primary_highway_freight_network_by_road_class.csv,/Users/tstakuma/Desktop/github/research/03_data/processed/tokyo_primary_highway_freight_network_by_road_class.csv,03_data/processed/tokyo_primary_highway_freight_network_by_road_class.csv,03_data/processed/tokyo_primary_highway_freight_network_by_road_class.csv,463,20260705,,normalized retained research artifact name,renamed
/Users/tstakuma/Desktop/github/research/03_data/processed/tokyo_primary_highway_freight_network_segments.csv,/Users/tstakuma/Desktop/github/research/03_data/processed/tokyo_primary_highway_freight_network_segments.csv,03_data/processed/tokyo_primary_highway_freight_network_segments.csv,03_data/processed/tokyo_primary_highway_freight_network_segments.csv,464,20260705,,normalized retained research artifact name,renamed
/Users/tstakuma/Desktop/github/research/03_data/processed/tokyo_primary_highway_freight_network_summary.csv,/Users/tstakuma/Desktop/github/research/03_data/processed/tokyo_primary_highway_freight_network_summary.csv,03_data/processed/tokyo_primary_highway_freight_network_summary.csv,03_data/processed/tokyo_primary_highway_freight_network_summary.csv,465,20260705,,normalized retained research artifact name,renamed
/Users/tstakuma/Desktop/github/research/03_data/processed/use_case_screening_scores_template.csv,/Users/tstakuma/Desktop/github/research/03_data/processed/use_case_screening_scores_template.csv,03_data/processed/use_case_screening_scores_template.csv,03_data/processed/use_case_screening_scores_template.csv,466,20260704,,normalized retained research artifact name,renamed
/Users/tstakuma/Desktop/github/research/03_data/raw/logistics/evrp_benchmarks/e-cvrp_benchmark_instances/E-n112-k8-s11.evrp,/Users/tstakuma/Desktop/github/research/03_data/raw/logistics/evrp_benchmarks/e-cvrp_benchmark_instances/300_20260704_e_n112_k8_s11.evrp,03_data/raw/logistics/evrp_benchmarks/e-cvrp_benchmark_instances/E-n112-k8-s11.evrp,03_data/raw/logistics/evrp_benchmarks/e-cvrp_benchmark_instances/300_20260704_e_n112_k8_s11.evrp,300,20260704,,normalized retained research artifact name,renamed
/Users/tstakuma/Desktop/github/research/03_data/raw/logistics/evrp_benchmarks/e-cvrp_benchmark_instances/E-n29-k4-s7.evrp,/Users/tstakuma/Desktop/github/research/03_data/raw/logistics/evrp_benchmarks/e-cvrp_benchmark_instances/301_20260704_e_n29_k4_s7.evrp,03_data/raw/logistics/evrp_benchmarks/e-cvrp_benchmark_instances/E-n29-k4-s7.evrp,03_data/raw/logistics/evrp_benchmarks/e-cvrp_benchmark_instances/301_20260704_e_n29_k4_s7.evrp,301,20260704,,normalized retained research artifact name,renamed
/Users/tstakuma/Desktop/github/research/03_data/raw/logistics/evrp_benchmarks/e-cvrp_benchmark_instances/E-n30-k3-s7.evrp,/Users/tstakuma/Desktop/github/research/03_data/raw/logistics/evrp_benchmarks/e-cvrp_benchmark_instances/302_20260704_e_n30_k3_s7.evrp,03_data/raw/logistics/evrp_benchmarks/e-cvrp_benchmark_instances/E-n30-k3-s7.evrp,03_data/raw/logistics/evrp_benchmarks/e-cvrp_benchmark_instances/302_20260704_e_n30_k3_s7.evrp,302,20260704,,normalized retained research artifact name,renamed
/Users/tstakuma/Desktop/github/research/03_data/raw/logistics/evrp_benchmarks/e-cvrp_benchmark_instances/E-n35-k3-s5.evrp,/Users/tstakuma/Desktop/github/research/03_data/raw/logistics/evrp_benchmarks/e-cvrp_benchmark_instances/303_20260704_e_n35_k3_s5.evrp,03_data/raw/logistics/evrp_benchmarks/e-cvrp_benchmark_instances/E-n35-k3-s5.evrp,03_data/raw/logistics/evrp_benchmarks/e-cvrp_benchmark_instances/303_20260704_e_n35_k3_s5.evrp,303,20260704,,normalized retained research artifact name,renamed
/Users/tstakuma/Desktop/github/research/03_data/raw/logistics/evrp_benchmarks/e-cvrp_benchmark_instances/E-n37-k4-s4.evrp,/Users/tstakuma/Desktop/github/research/03_data/raw/logistics/evrp_benchmarks/e-cvrp_benchmark_instances/304_20260704_e_n37_k4_s4.evrp,03_data/raw/logistics/evrp_benchmarks/e-cvrp_benchmark_instances/E-n37-k4-s4.evrp,03_data/raw/logistics/evrp_benchmarks/e-cvrp_benchmark_instances/304_20260704_e_n37_k4_s4.evrp,304,20260704,,normalized retained research artifact name,renamed
/Users/tstakuma/Desktop/github/research/03_data/raw/logistics/evrp_benchmarks/e-cvrp_benchmark_instances/E-n60-k5-s9.evrp,/Users/tstakuma/Desktop/github/research/03_data/raw/logistics/evrp_benchmarks/e-cvrp_benchmark_instances/305_20260704_e_n60_k5_s9.evrp,03_data/raw/logistics/evrp_benchmarks/e-cvrp_benchmark_instances/E-n60-k5-s9.evrp,03_data/raw/logistics/evrp_benchmarks/e-cvrp_benchmark_instances/305_20260704_e_n60_k5_s9.evrp,305,20260704,,normalized retained research artifact name,renamed
/Users/tstakuma/Desktop/github/research/03_data/raw/logistics/evrp_benchmarks/e-cvrp_benchmark_instances/E-n89-k7-s13.evrp,/Users/tstakuma/Desktop/github/research/03_data/raw/logistics/evrp_benchmarks/e-cvrp_benchmark_instances/306_20260704_e_n89_k7_s13.evrp,03_data/raw/logistics/evrp_benchmarks/e-cvrp_benchmark_instances/E-n89-k7-s13.evrp,03_data/raw/logistics/evrp_benchmarks/e-cvrp_benchmark_instances/306_20260704_e_n89_k7_s13.evrp,306,20260704,,normalized retained research artifact name,renamed
/Users/tstakuma/Desktop/github/research/03_data/raw/logistics/evrp_benchmarks/e-cvrp_benchmark_instances/F-n140-k5-s5.evrp,/Users/tstakuma/Desktop/github/research/03_data/raw/logistics/evrp_benchmarks/e-cvrp_benchmark_instances/307_20260704_f_n140_k5_s5.evrp,03_data/raw/logistics/evrp_benchmarks/e-cvrp_benchmark_instances/F-n140-k5-s5.evrp,03_data/raw/logistics/evrp_benchmarks/e-cvrp_benchmark_instances/307_20260704_f_n140_k5_s5.evrp,307,20260704,,normalized retained research artifact name,renamed
/Users/tstakuma/Desktop/github/research/03_data/raw/logistics/evrp_benchmarks/e-cvrp_benchmark_instances/F-n49-k4-s4.evrp,/Users/tstakuma/Desktop/github/research/03_data/raw/logistics/evrp_benchmarks/e-cvrp_benchmark_instances/308_20260704_f_n49_k4_s4.evrp,03_data/raw/logistics/evrp_benchmarks/e-cvrp_benchmark_instances/F-n49-k4-s4.evrp,03_data/raw/logistics/evrp_benchmarks/e-cvrp_benchmark_instances/308_20260704_f_n49_k4_s4.evrp,308,20260704,,normalized retained research artifact name,renamed
/Users/tstakuma/Desktop/github/research/03_data/raw/logistics/evrp_benchmarks/e-cvrp_benchmark_instances/F-n80-k4-s8.evrp,/Users/tstakuma/Desktop/github/research/03_data/raw/logistics/evrp_benchmarks/e-cvrp_benchmark_instances/309_20260704_f_n80_k4_s8.evrp,03_data/raw/logistics/evrp_benchmarks/e-cvrp_benchmark_instances/F-n80-k4-s8.evrp,03_data/raw/logistics/evrp_benchmarks/e-cvrp_benchmark_instances/309_20260704_f_n80_k4_s8.evrp,309,20260704,,normalized retained research artifact name,renamed
/Users/tstakuma/Desktop/github/research/03_data/raw/logistics/evrp_benchmarks/e-cvrp_benchmark_instances/M-n110-k10-s9.evrp,/Users/tstakuma/Desktop/github/research/03_data/raw/logistics/evrp_benchmarks/e-cvrp_benchmark_instances/310_20260704_m_n110_k10_s9.evrp,03_data/raw/logistics/evrp_benchmarks/e-cvrp_benchmark_instances/M-n110-k10-s9.evrp,03_data/raw/logistics/evrp_benchmarks/e-cvrp_benchmark_instances/310_20260704_m_n110_k10_s9.evrp,310,20260704,,normalized retained research artifact name,renamed
/Users/tstakuma/Desktop/github/research/03_data/raw/logistics/evrp_benchmarks/e-cvrp_benchmark_instances/M-n126-k7-s5.evrp,/Users/tstakuma/Desktop/github/research/03_data/raw/logistics/evrp_benchmarks/e-cvrp_benchmark_instances/311_20260704_m_n126_k7_s5.evrp,03_data/raw/logistics/evrp_benchmarks/e-cvrp_benchmark_instances/M-n126-k7-s5.evrp,03_data/raw/logistics/evrp_benchmarks/e-cvrp_benchmark_instances/311_20260704_m_n126_k7_s5.evrp,311,20260704,,normalized retained research artifact name,renamed
/Users/tstakuma/Desktop/github/research/03_data/raw/logistics/evrp_benchmarks/e-cvrp_benchmark_instances/M-n163-k12-s12.evrp,/Users/tstakuma/Desktop/github/research/03_data/raw/logistics/evrp_benchmarks/e-cvrp_benchmark_instances/312_20260704_m_n163_k12_s12.evrp,03_data/raw/logistics/evrp_benchmarks/e-cvrp_benchmark_instances/M-n163-k12-s12.evrp,03_data/raw/logistics/evrp_benchmarks/e-cvrp_benchmark_instances/312_20260704_m_n163_k12_s12.evrp,312,20260704,,normalized retained research artifact name,renamed
/Users/tstakuma/Desktop/github/research/03_data/raw/logistics/evrp_benchmarks/e-cvrp_benchmark_instances/M-n212-k16-s12.evrp,/Users/tstakuma/Desktop/github/research/03_data/raw/logistics/evrp_benchmarks/e-cvrp_benchmark_instances/313_20260704_m_n212_k16_s12.evrp,03_data/raw/logistics/evrp_benchmarks/e-cvrp_benchmark_instances/M-n212-k16-s12.evrp,03_data/raw/logistics/evrp_benchmarks/e-cvrp_benchmark_instances/313_20260704_m_n212_k16_s12.evrp,313,20260704,,normalized retained research artifact name,renamed
/Users/tstakuma/Desktop/github/research/03_data/raw/logistics/evrp_benchmarks/e-cvrp_benchmark_instances/README.txt,/Users/tstakuma/Desktop/github/research/03_data/raw/logistics/evrp_benchmarks/e-cvrp_benchmark_instances/readme.txt,03_data/raw/logistics/evrp_benchmarks/e-cvrp_benchmark_instances/README.txt,03_data/raw/logistics/evrp_benchmarks/e-cvrp_benchmark_instances/readme.txt,314,20260704,,normalized retained research artifact name,renamed
/Users/tstakuma/Desktop/github/research/03_data/raw/logistics/evrp_benchmarks/e-cvrp_benchmark_instances/X-n1006-k43-s5.evrp,/Users/tstakuma/Desktop/github/research/03_data/raw/logistics/evrp_benchmarks/e-cvrp_benchmark_instances/315_20260704_x_n1006_k43_s5.evrp,03_data/raw/logistics/evrp_benchmarks/e-cvrp_benchmark_instances/X-n1006-k43-s5.evrp,03_data/raw/logistics/evrp_benchmarks/e-cvrp_benchmark_instances/315_20260704_x_n1006_k43_s5.evrp,315,20260704,,normalized retained research artifact name,renamed
/Users/tstakuma/Desktop/github/research/03_data/raw/logistics/evrp_benchmarks/e-cvrp_benchmark_instances/X-n147-k7-s4.evrp,/Users/tstakuma/Desktop/github/research/03_data/raw/logistics/evrp_benchmarks/e-cvrp_benchmark_instances/316_20260704_x_n147_k7_s4.evrp,03_data/raw/logistics/evrp_benchmarks/e-cvrp_benchmark_instances/X-n147-k7-s4.evrp,03_data/raw/logistics/evrp_benchmarks/e-cvrp_benchmark_instances/316_20260704_x_n147_k7_s4.evrp,316,20260704,,normalized retained research artifact name,renamed
/Users/tstakuma/Desktop/github/research/03_data/raw/logistics/evrp_benchmarks/e-cvrp_benchmark_instances/X-n221-k11-s7.evrp,/Users/tstakuma/Desktop/github/research/03_data/raw/logistics/evrp_benchmarks/e-cvrp_benchmark_instances/317_20260704_x_n221_k11_s7.evrp,03_data/raw/logistics/evrp_benchmarks/e-cvrp_benchmark_instances/X-n221-k11-s7.evrp,03_data/raw/logistics/evrp_benchmarks/e-cvrp_benchmark_instances/317_20260704_x_n221_k11_s7.evrp,317,20260704,,normalized retained research artifact name,renamed
/Users/tstakuma/Desktop/github/research/03_data/raw/logistics/evrp_benchmarks/e-cvrp_benchmark_instances/X-n360-k40-s9.evrp,/Users/tstakuma/Desktop/github/research/03_data/raw/logistics/evrp_benchmarks/e-cvrp_benchmark_instances/318_20260704_x_n360_k40_s9.evrp,03_data/raw/logistics/evrp_benchmarks/e-cvrp_benchmark_instances/X-n360-k40-s9.evrp,03_data/raw/logistics/evrp_benchmarks/e-cvrp_benchmark_instances/318_20260704_x_n360_k40_s9.evrp,318,20260704,,normalized retained research artifact name,renamed
/Users/tstakuma/Desktop/github/research/03_data/raw/logistics/evrp_benchmarks/e-cvrp_benchmark_instances/X-n469-k26-s10.evrp,/Users/tstakuma/Desktop/github/research/03_data/raw/logistics/evrp_benchmarks/e-cvrp_benchmark_instances/319_20260704_x_n469_k26_s10.evrp,03_data/raw/logistics/evrp_benchmarks/e-cvrp_benchmark_instances/X-n469-k26-s10.evrp,03_data/raw/logistics/evrp_benchmarks/e-cvrp_benchmark_instances/319_20260704_x_n469_k26_s10.evrp,319,20260704,,normalized retained research artifact name,renamed
/Users/tstakuma/Desktop/github/research/03_data/raw/logistics/evrp_benchmarks/e-cvrp_benchmark_instances/X-n577-k30-s4.evrp,/Users/tstakuma/Desktop/github/research/03_data/raw/logistics/evrp_benchmarks/e-cvrp_benchmark_instances/320_20260704_x_n577_k30_s4.evrp,03_data/raw/logistics/evrp_benchmarks/e-cvrp_benchmark_instances/X-n577-k30-s4.evrp,03_data/raw/logistics/evrp_benchmarks/e-cvrp_benchmark_instances/320_20260704_x_n577_k30_s4.evrp,320,20260704,,normalized retained research artifact name,renamed
/Users/tstakuma/Desktop/github/research/03_data/raw/logistics/evrp_benchmarks/e-cvrp_benchmark_instances/X-n698-k75-s13.evrp,/Users/tstakuma/Desktop/github/research/03_data/raw/logistics/evrp_benchmarks/e-cvrp_benchmark_instances/321_20260704_x_n698_k75_s13.evrp,03_data/raw/logistics/evrp_benchmarks/e-cvrp_benchmark_instances/X-n698-k75-s13.evrp,03_data/raw/logistics/evrp_benchmarks/e-cvrp_benchmark_instances/321_20260704_x_n698_k75_s13.evrp,321,20260704,,normalized retained research artifact name,renamed
/Users/tstakuma/Desktop/github/research/03_data/raw/logistics/evrp_benchmarks/e-cvrp_benchmark_instances/X-n759-k98-s10.evrp,/Users/tstakuma/Desktop/github/research/03_data/raw/logistics/evrp_benchmarks/e-cvrp_benchmark_instances/322_20260704_x_n759_k98_s10.evrp,03_data/raw/logistics/evrp_benchmarks/e-cvrp_benchmark_instances/X-n759-k98-s10.evrp,03_data/raw/logistics/evrp_benchmarks/e-cvrp_benchmark_instances/322_20260704_x_n759_k98_s10.evrp,322,20260704,,normalized retained research artifact name,renamed
/Users/tstakuma/Desktop/github/research/03_data/raw/logistics/evrp_benchmarks/e-cvrp_benchmark_instances/X-n830-k171-s11.evrp,/Users/tstakuma/Desktop/github/research/03_data/raw/logistics/evrp_benchmarks/e-cvrp_benchmark_instances/323_20260704_x_n830_k171_s11.evrp,03_data/raw/logistics/evrp_benchmarks/e-cvrp_benchmark_instances/X-n830-k171-s11.evrp,03_data/raw/logistics/evrp_benchmarks/e-cvrp_benchmark_instances/323_20260704_x_n830_k171_s11.evrp,323,20260704,,normalized retained research artifact name,renamed
/Users/tstakuma/Desktop/github/research/03_data/raw/logistics/evrp_benchmarks/e-cvrp_benchmark_instances/X-n920-k207-s4.evrp,/Users/tstakuma/Desktop/github/research/03_data/raw/logistics/evrp_benchmarks/e-cvrp_benchmark_instances/324_20260704_x_n920_k207_s4.evrp,03_data/raw/logistics/evrp_benchmarks/e-cvrp_benchmark_instances/X-n920-k207-s4.evrp,03_data/raw/logistics/evrp_benchmarks/e-cvrp_benchmark_instances/324_20260704_x_n920_k207_s4.evrp,324,20260704,,normalized retained research artifact name,renamed
/Users/tstakuma/Desktop/github/research/03_data/raw/logistics/evrp_benchmarks/e-vrptw_mendeley_schneider/evrptw_instances.zip,/Users/tstakuma/Desktop/github/research/03_data/raw/logistics/evrp_benchmarks/e-vrptw_mendeley_schneider/evrptw_instances.zip,03_data/raw/logistics/evrp_benchmarks/e-vrptw_mendeley_schneider/evrptw_instances.zip,03_data/raw/logistics/evrp_benchmarks/e-vrptw_mendeley_schneider/evrptw_instances.zip,325,20200216,,normalized retained research artifact name,renamed
/Users/tstakuma/Desktop/github/research/03_data/raw/logistics/evrp_benchmarks/e-vrptw_mendeley_schneider/evrptw_instances/c101C10.txt,/Users/tstakuma/Desktop/github/research/03_data/raw/logistics/evrp_benchmarks/e-vrptw_mendeley_schneider/evrptw_instances/326_20120117_c101c10.txt,03_data/raw/logistics/evrp_benchmarks/e-vrptw_mendeley_schneider/evrptw_instances/c101C10.txt,03_data/raw/logistics/evrp_benchmarks/e-vrptw_mendeley_schneider/evrptw_instances/326_20120117_c101c10.txt,326,20120117,,normalized retained research artifact name,renamed
/Users/tstakuma/Desktop/github/research/03_data/raw/logistics/evrp_benchmarks/e-vrptw_mendeley_schneider/evrptw_instances/c101C5.txt,/Users/tstakuma/Desktop/github/research/03_data/raw/logistics/evrp_benchmarks/e-vrptw_mendeley_schneider/evrptw_instances/327_20120117_c101c5.txt,03_data/raw/logistics/evrp_benchmarks/e-vrptw_mendeley_schneider/evrptw_instances/c101C5.txt,03_data/raw/logistics/evrp_benchmarks/e-vrptw_mendeley_schneider/evrptw_instances/327_20120117_c101c5.txt,327,20120117,,normalized retained research artifact name,renamed
/Users/tstakuma/Desktop/github/research/03_data/raw/logistics/evrp_benchmarks/e-vrptw_mendeley_schneider/evrptw_instances/c101_21.txt,/Users/tstakuma/Desktop/github/research/03_data/raw/logistics/evrp_benchmarks/e-vrptw_mendeley_schneider/evrptw_instances/c101_21.txt,03_data/raw/logistics/evrp_benchmarks/e-vrptw_mendeley_schneider/evrptw_instances/c101_21.txt,03_data/raw/logistics/evrp_benchmarks/e-vrptw_mendeley_schneider/evrptw_instances/c101_21.txt,328,20120117,,normalized retained research artifact name,renamed
/Users/tstakuma/Desktop/github/research/03_data/raw/logistics/evrp_benchmarks/e-vrptw_mendeley_schneider/evrptw_instances/c102_21.txt,/Users/tstakuma/Desktop/github/research/03_data/raw/logistics/evrp_benchmarks/e-vrptw_mendeley_schneider/evrptw_instances/c102_21.txt,03_data/raw/logistics/evrp_benchmarks/e-vrptw_mendeley_schneider/evrptw_instances/c102_21.txt,03_data/raw/logistics/evrp_benchmarks/e-vrptw_mendeley_schneider/evrptw_instances/c102_21.txt,329,20120117,,normalized retained research artifact name,renamed
/Users/tstakuma/Desktop/github/research/03_data/raw/logistics/evrp_benchmarks/e-vrptw_mendeley_schneider/evrptw_instances/c103C15.txt,/Users/tstakuma/Desktop/github/research/03_data/raw/logistics/evrp_benchmarks/e-vrptw_mendeley_schneider/evrptw_instances/330_20120117_c103c15.txt,03_data/raw/logistics/evrp_benchmarks/e-vrptw_mendeley_schneider/evrptw_instances/c103C15.txt,03_data/raw/logistics/evrp_benchmarks/e-vrptw_mendeley_schneider/evrptw_instances/330_20120117_c103c15.txt,330,20120117,,normalized retained research artifact name,renamed
/Users/tstakuma/Desktop/github/research/03_data/raw/logistics/evrp_benchmarks/e-vrptw_mendeley_schneider/evrptw_instances/c103C5.txt,/Users/tstakuma/Desktop/github/research/03_data/raw/logistics/evrp_benchmarks/e-vrptw_mendeley_schneider/evrptw_instances/331_20120117_c103c5.txt,03_data/raw/logistics/evrp_benchmarks/e-vrptw_mendeley_schneider/evrptw_instances/c103C5.txt,03_data/raw/logistics/evrp_benchmarks/e-vrptw_mendeley_schneider/evrptw_instances/331_20120117_c103c5.txt,331,20120117,,normalized retained research artifact name,renamed
/Users/tstakuma/Desktop/github/research/03_data/raw/logistics/evrp_benchmarks/e-vrptw_mendeley_schneider/evrptw_instances/c103_21.txt,/Users/tstakuma/Desktop/github/research/03_data/raw/logistics/evrp_benchmarks/e-vrptw_mendeley_schneider/evrptw_instances/c103_21.txt,03_data/raw/logistics/evrp_benchmarks/e-vrptw_mendeley_schneider/evrptw_instances/c103_21.txt,03_data/raw/logistics/evrp_benchmarks/e-vrptw_mendeley_schneider/evrptw_instances/c103_21.txt,332,20120117,,normalized retained research artifact name,renamed
/Users/tstakuma/Desktop/github/research/03_data/raw/logistics/evrp_benchmarks/e-vrptw_mendeley_schneider/evrptw_instances/c104C10.txt,/Users/tstakuma/Desktop/github/research/03_data/raw/logistics/evrp_benchmarks/e-vrptw_mendeley_schneider/evrptw_instances/333_20120117_c104c10.txt,03_data/raw/logistics/evrp_benchmarks/e-vrptw_mendeley_schneider/evrptw_instances/c104C10.txt,03_data/raw/logistics/evrp_benchmarks/e-vrptw_mendeley_schneider/evrptw_instances/333_20120117_c104c10.txt,333,20120117,,normalized retained research artifact name,renamed
/Users/tstakuma/Desktop/github/research/03_data/raw/logistics/evrp_benchmarks/e-vrptw_mendeley_schneider/evrptw_instances/c104_21.txt,/Users/tstakuma/Desktop/github/research/03_data/raw/logistics/evrp_benchmarks/e-vrptw_mendeley_schneider/evrptw_instances/c104_21.txt,03_data/raw/logistics/evrp_benchmarks/e-vrptw_mendeley_schneider/evrptw_instances/c104_21.txt,03_data/raw/logistics/evrp_benchmarks/e-vrptw_mendeley_schneider/evrptw_instances/c104_21.txt,334,20120117,,normalized retained research artifact name,renamed
/Users/tstakuma/Desktop/github/research/03_data/raw/logistics/evrp_benchmarks/e-vrptw_mendeley_schneider/evrptw_instances/c105_21.txt,/Users/tstakuma/Desktop/github/research/03_data/raw/logistics/evrp_benchmarks/e-vrptw_mendeley_schneider/evrptw_instances/c105_21.txt,03_data/raw/logistics/evrp_benchmarks/e-vrptw_mendeley_schneider/evrptw_instances/c105_21.txt,03_data/raw/logistics/evrp_benchmarks/e-vrptw_mendeley_schneider/evrptw_instances/c105_21.txt,335,20120117,,normalized retained research artifact name,renamed
/Users/tstakuma/Desktop/github/research/03_data/raw/logistics/evrp_benchmarks/e-vrptw_mendeley_schneider/evrptw_instances/c106C15.txt,/Users/tstakuma/Desktop/github/research/03_data/raw/logistics/evrp_benchmarks/e-vrptw_mendeley_schneider/evrptw_instances/336_20120117_c106c15.txt,03_data/raw/logistics/evrp_benchmarks/e-vrptw_mendeley_schneider/evrptw_instances/c106C15.txt,03_data/raw/logistics/evrp_benchmarks/e-vrptw_mendeley_schneider/evrptw_instances/336_20120117_c106c15.txt,336,20120117,,normalized retained research artifact name,renamed
/Users/tstakuma/Desktop/github/research/03_data/raw/logistics/evrp_benchmarks/e-vrptw_mendeley_schneider/evrptw_instances/c106_21.txt,/Users/tstakuma/Desktop/github/research/03_data/raw/logistics/evrp_benchmarks/e-vrptw_mendeley_schneider/evrptw_instances/c106_21.txt,03_data/raw/logistics/evrp_benchmarks/e-vrptw_mendeley_schneider/evrptw_instances/c106_21.txt,03_data/raw/logistics/evrp_benchmarks/e-vrptw_mendeley_schneider/evrptw_instances/c106_21.txt,337,20120117,,normalized retained research artifact name,renamed
/Users/tstakuma/Desktop/github/research/03_data/raw/logistics/evrp_benchmarks/e-vrptw_mendeley_schneider/evrptw_instances/c107_21.txt,/Users/tstakuma/Desktop/github/research/03_data/raw/logistics/evrp_benchmarks/e-vrptw_mendeley_schneider/evrptw_instances/c107_21.txt,03_data/raw/logistics/evrp_benchmarks/e-vrptw_mendeley_schneider/evrptw_instances/c107_21.txt,03_data/raw/logistics/evrp_benchmarks/e-vrptw_mendeley_schneider/evrptw_instances/c107_21.txt,338,20120117,,normalized retained research artifact name,renamed
/Users/tstakuma/Desktop/github/research/03_data/raw/logistics/evrp_benchmarks/e-vrptw_mendeley_schneider/evrptw_instances/c108_21.txt,/Users/tstakuma/Desktop/github/research/03_data/raw/logistics/evrp_benchmarks/e-vrptw_mendeley_schneider/evrptw_instances/c108_21.txt,03_data/raw/logistics/evrp_benchmarks/e-vrptw_mendeley_schneider/evrptw_instances/c108_21.txt,03_data/raw/logistics/evrp_benchmarks/e-vrptw_mendeley_schneider/evrptw_instances/c108_21.txt,339,20120117,,normalized retained research artifact name,renamed
/Users/tstakuma/Desktop/github/research/03_data/raw/logistics/evrp_benchmarks/e-vrptw_mendeley_schneider/evrptw_instances/c109_21.txt,/Users/tstakuma/Desktop/github/research/03_data/raw/logistics/evrp_benchmarks/e-vrptw_mendeley_schneider/evrptw_instances/c109_21.txt,03_data/raw/logistics/evrp_benchmarks/e-vrptw_mendeley_schneider/evrptw_instances/c109_21.txt,03_data/raw/logistics/evrp_benchmarks/e-vrptw_mendeley_schneider/evrptw_instances/c109_21.txt,340,20120117,,normalized retained research artifact name,renamed
/Users/tstakuma/Desktop/github/research/03_data/raw/logistics/evrp_benchmarks/e-vrptw_mendeley_schneider/evrptw_instances/c201_21.txt,/Users/tstakuma/Desktop/github/research/03_data/raw/logistics/evrp_benchmarks/e-vrptw_mendeley_schneider/evrptw_instances/c201_21.txt,03_data/raw/logistics/evrp_benchmarks/e-vrptw_mendeley_schneider/evrptw_instances/c201_21.txt,03_data/raw/logistics/evrp_benchmarks/e-vrptw_mendeley_schneider/evrptw_instances/c201_21.txt,341,20120117,,normalized retained research artifact name,renamed
/Users/tstakuma/Desktop/github/research/03_data/raw/logistics/evrp_benchmarks/e-vrptw_mendeley_schneider/evrptw_instances/c202C10.txt,/Users/tstakuma/Desktop/github/research/03_data/raw/logistics/evrp_benchmarks/e-vrptw_mendeley_schneider/evrptw_instances/342_20120117_c202c10.txt,03_data/raw/logistics/evrp_benchmarks/e-vrptw_mendeley_schneider/evrptw_instances/c202C10.txt,03_data/raw/logistics/evrp_benchmarks/e-vrptw_mendeley_schneider/evrptw_instances/342_20120117_c202c10.txt,342,20120117,,normalized retained research artifact name,renamed
/Users/tstakuma/Desktop/github/research/03_data/raw/logistics/evrp_benchmarks/e-vrptw_mendeley_schneider/evrptw_instances/c202C15.txt,/Users/tstakuma/Desktop/github/research/03_data/raw/logistics/evrp_benchmarks/e-vrptw_mendeley_schneider/evrptw_instances/343_20120117_c202c15.txt,03_data/raw/logistics/evrp_benchmarks/e-vrptw_mendeley_schneider/evrptw_instances/c202C15.txt,03_data/raw/logistics/evrp_benchmarks/e-vrptw_mendeley_schneider/evrptw_instances/343_20120117_c202c15.txt,343,20120117,,normalized retained research artifact name,renamed
/Users/tstakuma/Desktop/github/research/03_data/raw/logistics/evrp_benchmarks/e-vrptw_mendeley_schneider/evrptw_instances/c202_21.txt,/Users/tstakuma/Desktop/github/research/03_data/raw/logistics/evrp_benchmarks/e-vrptw_mendeley_schneider/evrptw_instances/c202_21.txt,03_data/raw/logistics/evrp_benchmarks/e-vrptw_mendeley_schneider/evrptw_instances/c202_21.txt,03_data/raw/logistics/evrp_benchmarks/e-vrptw_mendeley_schneider/evrptw_instances/c202_21.txt,344,20120117,,normalized retained research artifact name,renamed
/Users/tstakuma/Desktop/github/research/03_data/raw/logistics/evrp_benchmarks/e-vrptw_mendeley_schneider/evrptw_instances/c203_21.txt,/Users/tstakuma/Desktop/github/research/03_data/raw/logistics/evrp_benchmarks/e-vrptw_mendeley_schneider/evrptw_instances/c203_21.txt,03_data/raw/logistics/evrp_benchmarks/e-vrptw_mendeley_schneider/evrptw_instances/c203_21.txt,03_data/raw/logistics/evrp_benchmarks/e-vrptw_mendeley_schneider/evrptw_instances/c203_21.txt,345,20120117,,normalized retained research artifact name,renamed
/Users/tstakuma/Desktop/github/research/03_data/raw/logistics/evrp_benchmarks/e-vrptw_mendeley_schneider/evrptw_instances/c204_21.txt,/Users/tstakuma/Desktop/github/research/03_data/raw/logistics/evrp_benchmarks/e-vrptw_mendeley_schneider/evrptw_instances/c204_21.txt,03_data/raw/logistics/evrp_benchmarks/e-vrptw_mendeley_schneider/evrptw_instances/c204_21.txt,03_data/raw/logistics/evrp_benchmarks/e-vrptw_mendeley_schneider/evrptw_instances/c204_21.txt,346,20120117,,normalized retained research artifact name,renamed
/Users/tstakuma/Desktop/github/research/03_data/raw/logistics/evrp_benchmarks/e-vrptw_mendeley_schneider/evrptw_instances/c205C10.txt,/Users/tstakuma/Desktop/github/research/03_data/raw/logistics/evrp_benchmarks/e-vrptw_mendeley_schneider/evrptw_instances/347_20120117_c205c10.txt,03_data/raw/logistics/evrp_benchmarks/e-vrptw_mendeley_schneider/evrptw_instances/c205C10.txt,03_data/raw/logistics/evrp_benchmarks/e-vrptw_mendeley_schneider/evrptw_instances/347_20120117_c205c10.txt,347,20120117,,normalized retained research artifact name,renamed
/Users/tstakuma/Desktop/github/research/03_data/raw/logistics/evrp_benchmarks/e-vrptw_mendeley_schneider/evrptw_instances/c205_21.txt,/Users/tstakuma/Desktop/github/research/03_data/raw/logistics/evrp_benchmarks/e-vrptw_mendeley_schneider/evrptw_instances/c205_21.txt,03_data/raw/logistics/evrp_benchmarks/e-vrptw_mendeley_schneider/evrptw_instances/c205_21.txt,03_data/raw/logistics/evrp_benchmarks/e-vrptw_mendeley_schneider/evrptw_instances/c205_21.txt,348,20120117,,normalized retained research artifact name,renamed
/Users/tstakuma/Desktop/github/research/03_data/raw/logistics/evrp_benchmarks/e-vrptw_mendeley_schneider/evrptw_instances/c206C5.txt,/Users/tstakuma/Desktop/github/research/03_data/raw/logistics/evrp_benchmarks/e-vrptw_mendeley_schneider/evrptw_instances/349_20120117_c206c5.txt,03_data/raw/logistics/evrp_benchmarks/e-vrptw_mendeley_schneider/evrptw_instances/c206C5.txt,03_data/raw/logistics/evrp_benchmarks/e-vrptw_mendeley_schneider/evrptw_instances/349_20120117_c206c5.txt,349,20120117,,normalized retained research artifact name,renamed
/Users/tstakuma/Desktop/github/research/03_data/raw/logistics/evrp_benchmarks/e-vrptw_mendeley_schneider/evrptw_instances/c206_21.txt,/Users/tstakuma/Desktop/github/research/03_data/raw/logistics/evrp_benchmarks/e-vrptw_mendeley_schneider/evrptw_instances/c206_21.txt,03_data/raw/logistics/evrp_benchmarks/e-vrptw_mendeley_schneider/evrptw_instances/c206_21.txt,03_data/raw/logistics/evrp_benchmarks/e-vrptw_mendeley_schneider/evrptw_instances/c206_21.txt,350,20120117,,normalized retained research artifact name,renamed
/Users/tstakuma/Desktop/github/research/03_data/raw/logistics/evrp_benchmarks/e-vrptw_mendeley_schneider/evrptw_instances/c207_21.txt,/Users/tstakuma/Desktop/github/research/03_data/raw/logistics/evrp_benchmarks/e-vrptw_mendeley_schneider/evrptw_instances/c207_21.txt,03_data/raw/logistics/evrp_benchmarks/e-vrptw_mendeley_schneider/evrptw_instances/c207_21.txt,03_data/raw/logistics/evrp_benchmarks/e-vrptw_mendeley_schneider/evrptw_instances/c207_21.txt,351,20120117,,normalized retained research artifact name,renamed
/Users/tstakuma/Desktop/github/research/03_data/raw/logistics/evrp_benchmarks/e-vrptw_mendeley_schneider/evrptw_instances/c208C15.txt,/Users/tstakuma/Desktop/github/research/03_data/raw/logistics/evrp_benchmarks/e-vrptw_mendeley_schneider/evrptw_instances/352_20120117_c208c15.txt,03_data/raw/logistics/evrp_benchmarks/e-vrptw_mendeley_schneider/evrptw_instances/c208C15.txt,03_data/raw/logistics/evrp_benchmarks/e-vrptw_mendeley_schneider/evrptw_instances/352_20120117_c208c15.txt,352,20120117,,normalized retained research artifact name,renamed
/Users/tstakuma/Desktop/github/research/03_data/raw/logistics/evrp_benchmarks/e-vrptw_mendeley_schneider/evrptw_instances/c208C5.txt,/Users/tstakuma/Desktop/github/research/03_data/raw/logistics/evrp_benchmarks/e-vrptw_mendeley_schneider/evrptw_instances/353_20120117_c208c5.txt,03_data/raw/logistics/evrp_benchmarks/e-vrptw_mendeley_schneider/evrptw_instances/c208C5.txt,03_data/raw/logistics/evrp_benchmarks/e-vrptw_mendeley_schneider/evrptw_instances/353_20120117_c208c5.txt,353,20120117,,normalized retained research artifact name,renamed
/Users/tstakuma/Desktop/github/research/03_data/raw/logistics/evrp_benchmarks/e-vrptw_mendeley_schneider/evrptw_instances/c208_21.txt,/Users/tstakuma/Desktop/github/research/03_data/raw/logistics/evrp_benchmarks/e-vrptw_mendeley_schneider/evrptw_instances/c208_21.txt,03_data/raw/logistics/evrp_benchmarks/e-vrptw_mendeley_schneider/evrptw_instances/c208_21.txt,03_data/raw/logistics/evrp_benchmarks/e-vrptw_mendeley_schneider/evrptw_instances/c208_21.txt,354,20120117,,normalized retained research artifact name,renamed
/Users/tstakuma/Desktop/github/research/03_data/raw/logistics/evrp_benchmarks/e-vrptw_mendeley_schneider/evrptw_instances/r101_21.txt,/Users/tstakuma/Desktop/github/research/03_data/raw/logistics/evrp_benchmarks/e-vrptw_mendeley_schneider/evrptw_instances/r101_21.txt,03_data/raw/logistics/evrp_benchmarks/e-vrptw_mendeley_schneider/evrptw_instances/r101_21.txt,03_data/raw/logistics/evrp_benchmarks/e-vrptw_mendeley_schneider/evrptw_instances/r101_21.txt,355,20120117,,normalized retained research artifact name,renamed
/Users/tstakuma/Desktop/github/research/03_data/raw/logistics/evrp_benchmarks/e-vrptw_mendeley_schneider/evrptw_instances/r102C10.txt,/Users/tstakuma/Desktop/github/research/03_data/raw/logistics/evrp_benchmarks/e-vrptw_mendeley_schneider/evrptw_instances/356_20120117_r102c10.txt,03_data/raw/logistics/evrp_benchmarks/e-vrptw_mendeley_schneider/evrptw_instances/r102C10.txt,03_data/raw/logistics/evrp_benchmarks/e-vrptw_mendeley_schneider/evrptw_instances/356_20120117_r102c10.txt,356,20120117,,normalized retained research artifact name,renamed
/Users/tstakuma/Desktop/github/research/03_data/raw/logistics/evrp_benchmarks/e-vrptw_mendeley_schneider/evrptw_instances/r102C15.txt,/Users/tstakuma/Desktop/github/research/03_data/raw/logistics/evrp_benchmarks/e-vrptw_mendeley_schneider/evrptw_instances/357_20120117_r102c15.txt,03_data/raw/logistics/evrp_benchmarks/e-vrptw_mendeley_schneider/evrptw_instances/r102C15.txt,03_data/raw/logistics/evrp_benchmarks/e-vrptw_mendeley_schneider/evrptw_instances/357_20120117_r102c15.txt,357,20120117,,normalized retained research artifact name,renamed
/Users/tstakuma/Desktop/github/research/03_data/raw/logistics/evrp_benchmarks/e-vrptw_mendeley_schneider/evrptw_instances/r102_21.txt,/Users/tstakuma/Desktop/github/research/03_data/raw/logistics/evrp_benchmarks/e-vrptw_mendeley_schneider/evrptw_instances/r102_21.txt,03_data/raw/logistics/evrp_benchmarks/e-vrptw_mendeley_schneider/evrptw_instances/r102_21.txt,03_data/raw/logistics/evrp_benchmarks/e-vrptw_mendeley_schneider/evrptw_instances/r102_21.txt,358,20120117,,normalized retained research artifact name,renamed
/Users/tstakuma/Desktop/github/research/03_data/raw/logistics/evrp_benchmarks/e-vrptw_mendeley_schneider/evrptw_instances/r103C10.txt,/Users/tstakuma/Desktop/github/research/03_data/raw/logistics/evrp_benchmarks/e-vrptw_mendeley_schneider/evrptw_instances/359_20120117_r103c10.txt,03_data/raw/logistics/evrp_benchmarks/e-vrptw_mendeley_schneider/evrptw_instances/r103C10.txt,03_data/raw/logistics/evrp_benchmarks/e-vrptw_mendeley_schneider/evrptw_instances/359_20120117_r103c10.txt,359,20120117,,normalized retained research artifact name,renamed
/Users/tstakuma/Desktop/github/research/03_data/raw/logistics/evrp_benchmarks/e-vrptw_mendeley_schneider/evrptw_instances/r103_21.txt,/Users/tstakuma/Desktop/github/research/03_data/raw/logistics/evrp_benchmarks/e-vrptw_mendeley_schneider/evrptw_instances/r103_21.txt,03_data/raw/logistics/evrp_benchmarks/e-vrptw_mendeley_schneider/evrptw_instances/r103_21.txt,03_data/raw/logistics/evrp_benchmarks/e-vrptw_mendeley_schneider/evrptw_instances/r103_21.txt,360,20120117,,normalized retained research artifact name,renamed
/Users/tstakuma/Desktop/github/research/03_data/raw/logistics/evrp_benchmarks/e-vrptw_mendeley_schneider/evrptw_instances/r104C5.txt,/Users/tstakuma/Desktop/github/research/03_data/raw/logistics/evrp_benchmarks/e-vrptw_mendeley_schneider/evrptw_instances/361_20120117_r104c5.txt,03_data/raw/logistics/evrp_benchmarks/e-vrptw_mendeley_schneider/evrptw_instances/r104C5.txt,03_data/raw/logistics/evrp_benchmarks/e-vrptw_mendeley_schneider/evrptw_instances/361_20120117_r104c5.txt,361,20120117,,normalized retained research artifact name,renamed
/Users/tstakuma/Desktop/github/research/03_data/raw/logistics/evrp_benchmarks/e-vrptw_mendeley_schneider/evrptw_instances/r104_21.txt,/Users/tstakuma/Desktop/github/research/03_data/raw/logistics/evrp_benchmarks/e-vrptw_mendeley_schneider/evrptw_instances/r104_21.txt,03_data/raw/logistics/evrp_benchmarks/e-vrptw_mendeley_schneider/evrptw_instances/r104_21.txt,03_data/raw/logistics/evrp_benchmarks/e-vrptw_mendeley_schneider/evrptw_instances/r104_21.txt,362,20120117,,normalized retained research artifact name,renamed
/Users/tstakuma/Desktop/github/research/03_data/raw/logistics/evrp_benchmarks/e-vrptw_mendeley_schneider/evrptw_instances/r105C15.txt,/Users/tstakuma/Desktop/github/research/03_data/raw/logistics/evrp_benchmarks/e-vrptw_mendeley_schneider/evrptw_instances/363_20120117_r105c15.txt,03_data/raw/logistics/evrp_benchmarks/e-vrptw_mendeley_schneider/evrptw_instances/r105C15.txt,03_data/raw/logistics/evrp_benchmarks/e-vrptw_mendeley_schneider/evrptw_instances/363_20120117_r105c15.txt,363,20120117,,normalized retained research artifact name,renamed
/Users/tstakuma/Desktop/github/research/03_data/raw/logistics/evrp_benchmarks/e-vrptw_mendeley_schneider/evrptw_instances/r105C5.txt,/Users/tstakuma/Desktop/github/research/03_data/raw/logistics/evrp_benchmarks/e-vrptw_mendeley_schneider/evrptw_instances/364_20120117_r105c5.txt,03_data/raw/logistics/evrp_benchmarks/e-vrptw_mendeley_schneider/evrptw_instances/r105C5.txt,03_data/raw/logistics/evrp_benchmarks/e-vrptw_mendeley_schneider/evrptw_instances/364_20120117_r105c5.txt,364,20120117,,normalized retained research artifact name,renamed
/Users/tstakuma/Desktop/github/research/03_data/raw/logistics/evrp_benchmarks/e-vrptw_mendeley_schneider/evrptw_instances/r105_21.txt,/Users/tstakuma/Desktop/github/research/03_data/raw/logistics/evrp_benchmarks/e-vrptw_mendeley_schneider/evrptw_instances/r105_21.txt,03_data/raw/logistics/evrp_benchmarks/e-vrptw_mendeley_schneider/evrptw_instances/r105_21.txt,03_data/raw/logistics/evrp_benchmarks/e-vrptw_mendeley_schneider/evrptw_instances/r105_21.txt,365,20120117,,normalized retained research artifact name,renamed
/Users/tstakuma/Desktop/github/research/03_data/raw/logistics/evrp_benchmarks/e-vrptw_mendeley_schneider/evrptw_instances/r106_21.txt,/Users/tstakuma/Desktop/github/research/03_data/raw/logistics/evrp_benchmarks/e-vrptw_mendeley_schneider/evrptw_instances/r106_21.txt,03_data/raw/logistics/evrp_benchmarks/e-vrptw_mendeley_schneider/evrptw_instances/r106_21.txt,03_data/raw/logistics/evrp_benchmarks/e-vrptw_mendeley_schneider/evrptw_instances/r106_21.txt,366,20120117,,normalized retained research artifact name,renamed
/Users/tstakuma/Desktop/github/research/03_data/raw/logistics/evrp_benchmarks/e-vrptw_mendeley_schneider/evrptw_instances/r107_21.txt,/Users/tstakuma/Desktop/github/research/03_data/raw/logistics/evrp_benchmarks/e-vrptw_mendeley_schneider/evrptw_instances/r107_21.txt,03_data/raw/logistics/evrp_benchmarks/e-vrptw_mendeley_schneider/evrptw_instances/r107_21.txt,03_data/raw/logistics/evrp_benchmarks/e-vrptw_mendeley_schneider/evrptw_instances/r107_21.txt,367,20120117,,normalized retained research artifact name,renamed
/Users/tstakuma/Desktop/github/research/03_data/raw/logistics/evrp_benchmarks/e-vrptw_mendeley_schneider/evrptw_instances/r108_21.txt,/Users/tstakuma/Desktop/github/research/03_data/raw/logistics/evrp_benchmarks/e-vrptw_mendeley_schneider/evrptw_instances/r108_21.txt,03_data/raw/logistics/evrp_benchmarks/e-vrptw_mendeley_schneider/evrptw_instances/r108_21.txt,03_data/raw/logistics/evrp_benchmarks/e-vrptw_mendeley_schneider/evrptw_instances/r108_21.txt,368,20120117,,normalized retained research artifact name,renamed
/Users/tstakuma/Desktop/github/research/03_data/raw/logistics/evrp_benchmarks/e-vrptw_mendeley_schneider/evrptw_instances/r109_21.txt,/Users/tstakuma/Desktop/github/research/03_data/raw/logistics/evrp_benchmarks/e-vrptw_mendeley_schneider/evrptw_instances/r109_21.txt,03_data/raw/logistics/evrp_benchmarks/e-vrptw_mendeley_schneider/evrptw_instances/r109_21.txt,03_data/raw/logistics/evrp_benchmarks/e-vrptw_mendeley_schneider/evrptw_instances/r109_21.txt,369,20120117,,normalized retained research artifact name,renamed
/Users/tstakuma/Desktop/github/research/03_data/raw/logistics/evrp_benchmarks/e-vrptw_mendeley_schneider/evrptw_instances/r110_21.txt,/Users/tstakuma/Desktop/github/research/03_data/raw/logistics/evrp_benchmarks/e-vrptw_mendeley_schneider/evrptw_instances/r110_21.txt,03_data/raw/logistics/evrp_benchmarks/e-vrptw_mendeley_schneider/evrptw_instances/r110_21.txt,03_data/raw/logistics/evrp_benchmarks/e-vrptw_mendeley_schneider/evrptw_instances/r110_21.txt,370,20120117,,normalized retained research artifact name,renamed
/Users/tstakuma/Desktop/github/research/03_data/raw/logistics/evrp_benchmarks/e-vrptw_mendeley_schneider/evrptw_instances/r111_21.txt,/Users/tstakuma/Desktop/github/research/03_data/raw/logistics/evrp_benchmarks/e-vrptw_mendeley_schneider/evrptw_instances/r111_21.txt,03_data/raw/logistics/evrp_benchmarks/e-vrptw_mendeley_schneider/evrptw_instances/r111_21.txt,03_data/raw/logistics/evrp_benchmarks/e-vrptw_mendeley_schneider/evrptw_instances/r111_21.txt,371,20120117,,normalized retained research artifact name,renamed
/Users/tstakuma/Desktop/github/research/03_data/raw/logistics/evrp_benchmarks/e-vrptw_mendeley_schneider/evrptw_instances/r112_21.txt,/Users/tstakuma/Desktop/github/research/03_data/raw/logistics/evrp_benchmarks/e-vrptw_mendeley_schneider/evrptw_instances/r112_21.txt,03_data/raw/logistics/evrp_benchmarks/e-vrptw_mendeley_schneider/evrptw_instances/r112_21.txt,03_data/raw/logistics/evrp_benchmarks/e-vrptw_mendeley_schneider/evrptw_instances/r112_21.txt,372,20120117,,normalized retained research artifact name,renamed
/Users/tstakuma/Desktop/github/research/03_data/raw/logistics/evrp_benchmarks/e-vrptw_mendeley_schneider/evrptw_instances/r201C10.txt,/Users/tstakuma/Desktop/github/research/03_data/raw/logistics/evrp_benchmarks/e-vrptw_mendeley_schneider/evrptw_instances/373_20120117_r201c10.txt,03_data/raw/logistics/evrp_benchmarks/e-vrptw_mendeley_schneider/evrptw_instances/r201C10.txt,03_data/raw/logistics/evrp_benchmarks/e-vrptw_mendeley_schneider/evrptw_instances/373_20120117_r201c10.txt,373,20120117,,normalized retained research artifact name,renamed
/Users/tstakuma/Desktop/github/research/03_data/raw/logistics/evrp_benchmarks/e-vrptw_mendeley_schneider/evrptw_instances/r201_21.txt,/Users/tstakuma/Desktop/github/research/03_data/raw/logistics/evrp_benchmarks/e-vrptw_mendeley_schneider/evrptw_instances/r201_21.txt,03_data/raw/logistics/evrp_benchmarks/e-vrptw_mendeley_schneider/evrptw_instances/r201_21.txt,03_data/raw/logistics/evrp_benchmarks/e-vrptw_mendeley_schneider/evrptw_instances/r201_21.txt,374,20120117,,normalized retained research artifact name,renamed
/Users/tstakuma/Desktop/github/research/03_data/raw/logistics/evrp_benchmarks/e-vrptw_mendeley_schneider/evrptw_instances/r202C15.txt,/Users/tstakuma/Desktop/github/research/03_data/raw/logistics/evrp_benchmarks/e-vrptw_mendeley_schneider/evrptw_instances/375_20120117_r202c15.txt,03_data/raw/logistics/evrp_benchmarks/e-vrptw_mendeley_schneider/evrptw_instances/r202C15.txt,03_data/raw/logistics/evrp_benchmarks/e-vrptw_mendeley_schneider/evrptw_instances/375_20120117_r202c15.txt,375,20120117,,normalized retained research artifact name,renamed
/Users/tstakuma/Desktop/github/research/03_data/raw/logistics/evrp_benchmarks/e-vrptw_mendeley_schneider/evrptw_instances/r202C5.txt,/Users/tstakuma/Desktop/github/research/03_data/raw/logistics/evrp_benchmarks/e-vrptw_mendeley_schneider/evrptw_instances/376_20120117_r202c5.txt,03_data/raw/logistics/evrp_benchmarks/e-vrptw_mendeley_schneider/evrptw_instances/r202C5.txt,03_data/raw/logistics/evrp_benchmarks/e-vrptw_mendeley_schneider/evrptw_instances/376_20120117_r202c5.txt,376,20120117,,normalized retained research artifact name,renamed
/Users/tstakuma/Desktop/github/research/03_data/raw/logistics/evrp_benchmarks/e-vrptw_mendeley_schneider/evrptw_instances/r202_21.txt,/Users/tstakuma/Desktop/github/research/03_data/raw/logistics/evrp_benchmarks/e-vrptw_mendeley_schneider/evrptw_instances/r202_21.txt,03_data/raw/logistics/evrp_benchmarks/e-vrptw_mendeley_schneider/evrptw_instances/r202_21.txt,03_data/raw/logistics/evrp_benchmarks/e-vrptw_mendeley_schneider/evrptw_instances/r202_21.txt,377,20120117,,normalized retained research artifact name,renamed
/Users/tstakuma/Desktop/github/research/03_data/raw/logistics/evrp_benchmarks/e-vrptw_mendeley_schneider/evrptw_instances/r203C10.txt,/Users/tstakuma/Desktop/github/research/03_data/raw/logistics/evrp_benchmarks/e-vrptw_mendeley_schneider/evrptw_instances/378_20120117_r203c10.txt,03_data/raw/logistics/evrp_benchmarks/e-vrptw_mendeley_schneider/evrptw_instances/r203C10.txt,03_data/raw/logistics/evrp_benchmarks/e-vrptw_mendeley_schneider/evrptw_instances/378_20120117_r203c10.txt,378,20120117,,normalized retained research artifact name,renamed
/Users/tstakuma/Desktop/github/research/03_data/raw/logistics/evrp_benchmarks/e-vrptw_mendeley_schneider/evrptw_instances/r203C5.txt,/Users/tstakuma/Desktop/github/research/03_data/raw/logistics/evrp_benchmarks/e-vrptw_mendeley_schneider/evrptw_instances/379_20120117_r203c5.txt,03_data/raw/logistics/evrp_benchmarks/e-vrptw_mendeley_schneider/evrptw_instances/r203C5.txt,03_data/raw/logistics/evrp_benchmarks/e-vrptw_mendeley_schneider/evrptw_instances/379_20120117_r203c5.txt,379,20120117,,normalized retained research artifact name,renamed
/Users/tstakuma/Desktop/github/research/03_data/raw/logistics/evrp_benchmarks/e-vrptw_mendeley_schneider/evrptw_instances/r203_21.txt,/Users/tstakuma/Desktop/github/research/03_data/raw/logistics/evrp_benchmarks/e-vrptw_mendeley_schneider/evrptw_instances/r203_21.txt,03_data/raw/logistics/evrp_benchmarks/e-vrptw_mendeley_schneider/evrptw_instances/r203_21.txt,03_data/raw/logistics/evrp_benchmarks/e-vrptw_mendeley_schneider/evrptw_instances/r203_21.txt,380,20120117,,normalized retained research artifact name,renamed
/Users/tstakuma/Desktop/github/research/03_data/raw/logistics/evrp_benchmarks/e-vrptw_mendeley_schneider/evrptw_instances/r204_21.txt,/Users/tstakuma/Desktop/github/research/03_data/raw/logistics/evrp_benchmarks/e-vrptw_mendeley_schneider/evrptw_instances/r204_21.txt,03_data/raw/logistics/evrp_benchmarks/e-vrptw_mendeley_schneider/evrptw_instances/r204_21.txt,03_data/raw/logistics/evrp_benchmarks/e-vrptw_mendeley_schneider/evrptw_instances/r204_21.txt,381,20120117,,normalized retained research artifact name,renamed
/Users/tstakuma/Desktop/github/research/03_data/raw/logistics/evrp_benchmarks/e-vrptw_mendeley_schneider/evrptw_instances/r205_21.txt,/Users/tstakuma/Desktop/github/research/03_data/raw/logistics/evrp_benchmarks/e-vrptw_mendeley_schneider/evrptw_instances/r205_21.txt,03_data/raw/logistics/evrp_benchmarks/e-vrptw_mendeley_schneider/evrptw_instances/r205_21.txt,03_data/raw/logistics/evrp_benchmarks/e-vrptw_mendeley_schneider/evrptw_instances/r205_21.txt,382,20120117,,normalized retained research artifact name,renamed
/Users/tstakuma/Desktop/github/research/03_data/raw/logistics/evrp_benchmarks/e-vrptw_mendeley_schneider/evrptw_instances/r206_21.txt,/Users/tstakuma/Desktop/github/research/03_data/raw/logistics/evrp_benchmarks/e-vrptw_mendeley_schneider/evrptw_instances/r206_21.txt,03_data/raw/logistics/evrp_benchmarks/e-vrptw_mendeley_schneider/evrptw_instances/r206_21.txt,03_data/raw/logistics/evrp_benchmarks/e-vrptw_mendeley_schneider/evrptw_instances/r206_21.txt,383,20120117,,normalized retained research artifact name,renamed
/Users/tstakuma/Desktop/github/research/03_data/raw/logistics/evrp_benchmarks/e-vrptw_mendeley_schneider/evrptw_instances/r207_21.txt,/Users/tstakuma/Desktop/github/research/03_data/raw/logistics/evrp_benchmarks/e-vrptw_mendeley_schneider/evrptw_instances/r207_21.txt,03_data/raw/logistics/evrp_benchmarks/e-vrptw_mendeley_schneider/evrptw_instances/r207_21.txt,03_data/raw/logistics/evrp_benchmarks/e-vrptw_mendeley_schneider/evrptw_instances/r207_21.txt,384,20120117,,normalized retained research artifact name,renamed
/Users/tstakuma/Desktop/github/research/03_data/raw/logistics/evrp_benchmarks/e-vrptw_mendeley_schneider/evrptw_instances/r208_21.txt,/Users/tstakuma/Desktop/github/research/03_data/raw/logistics/evrp_benchmarks/e-vrptw_mendeley_schneider/evrptw_instances/r208_21.txt,03_data/raw/logistics/evrp_benchmarks/e-vrptw_mendeley_schneider/evrptw_instances/r208_21.txt,03_data/raw/logistics/evrp_benchmarks/e-vrptw_mendeley_schneider/evrptw_instances/r208_21.txt,385,20120117,,normalized retained research artifact name,renamed
/Users/tstakuma/Desktop/github/research/03_data/raw/logistics/evrp_benchmarks/e-vrptw_mendeley_schneider/evrptw_instances/r209C15.txt,/Users/tstakuma/Desktop/github/research/03_data/raw/logistics/evrp_benchmarks/e-vrptw_mendeley_schneider/evrptw_instances/386_20120117_r209c15.txt,03_data/raw/logistics/evrp_benchmarks/e-vrptw_mendeley_schneider/evrptw_instances/r209C15.txt,03_data/raw/logistics/evrp_benchmarks/e-vrptw_mendeley_schneider/evrptw_instances/386_20120117_r209c15.txt,386,20120117,,normalized retained research artifact name,renamed
/Users/tstakuma/Desktop/github/research/03_data/raw/logistics/evrp_benchmarks/e-vrptw_mendeley_schneider/evrptw_instances/r209_21.txt,/Users/tstakuma/Desktop/github/research/03_data/raw/logistics/evrp_benchmarks/e-vrptw_mendeley_schneider/evrptw_instances/r209_21.txt,03_data/raw/logistics/evrp_benchmarks/e-vrptw_mendeley_schneider/evrptw_instances/r209_21.txt,03_data/raw/logistics/evrp_benchmarks/e-vrptw_mendeley_schneider/evrptw_instances/r209_21.txt,387,20120117,,normalized retained research artifact name,renamed
/Users/tstakuma/Desktop/github/research/03_data/raw/logistics/evrp_benchmarks/e-vrptw_mendeley_schneider/evrptw_instances/r210_21.txt,/Users/tstakuma/Desktop/github/research/03_data/raw/logistics/evrp_benchmarks/e-vrptw_mendeley_schneider/evrptw_instances/r210_21.txt,03_data/raw/logistics/evrp_benchmarks/e-vrptw_mendeley_schneider/evrptw_instances/r210_21.txt,03_data/raw/logistics/evrp_benchmarks/e-vrptw_mendeley_schneider/evrptw_instances/r210_21.txt,388,20120117,,normalized retained research artifact name,renamed
/Users/tstakuma/Desktop/github/research/03_data/raw/logistics/evrp_benchmarks/e-vrptw_mendeley_schneider/evrptw_instances/r211_21.txt,/Users/tstakuma/Desktop/github/research/03_data/raw/logistics/evrp_benchmarks/e-vrptw_mendeley_schneider/evrptw_instances/r211_21.txt,03_data/raw/logistics/evrp_benchmarks/e-vrptw_mendeley_schneider/evrptw_instances/r211_21.txt,03_data/raw/logistics/evrp_benchmarks/e-vrptw_mendeley_schneider/evrptw_instances/r211_21.txt,389,20120117,,normalized retained research artifact name,renamed
/Users/tstakuma/Desktop/github/research/03_data/raw/logistics/evrp_benchmarks/e-vrptw_mendeley_schneider/evrptw_instances/rc101_21.txt,/Users/tstakuma/Desktop/github/research/03_data/raw/logistics/evrp_benchmarks/e-vrptw_mendeley_schneider/evrptw_instances/rc101_21.txt,03_data/raw/logistics/evrp_benchmarks/e-vrptw_mendeley_schneider/evrptw_instances/rc101_21.txt,03_data/raw/logistics/evrp_benchmarks/e-vrptw_mendeley_schneider/evrptw_instances/rc101_21.txt,390,20120117,,normalized retained research artifact name,renamed
/Users/tstakuma/Desktop/github/research/03_data/raw/logistics/evrp_benchmarks/e-vrptw_mendeley_schneider/evrptw_instances/rc102C10.txt,/Users/tstakuma/Desktop/github/research/03_data/raw/logistics/evrp_benchmarks/e-vrptw_mendeley_schneider/evrptw_instances/391_20120117_rc102c10.txt,03_data/raw/logistics/evrp_benchmarks/e-vrptw_mendeley_schneider/evrptw_instances/rc102C10.txt,03_data/raw/logistics/evrp_benchmarks/e-vrptw_mendeley_schneider/evrptw_instances/391_20120117_rc102c10.txt,391,20120117,,normalized retained research artifact name,renamed
/Users/tstakuma/Desktop/github/research/03_data/raw/logistics/evrp_benchmarks/e-vrptw_mendeley_schneider/evrptw_instances/rc102_21.txt,/Users/tstakuma/Desktop/github/research/03_data/raw/logistics/evrp_benchmarks/e-vrptw_mendeley_schneider/evrptw_instances/rc102_21.txt,03_data/raw/logistics/evrp_benchmarks/e-vrptw_mendeley_schneider/evrptw_instances/rc102_21.txt,03_data/raw/logistics/evrp_benchmarks/e-vrptw_mendeley_schneider/evrptw_instances/rc102_21.txt,392,20120117,,normalized retained research artifact name,renamed
/Users/tstakuma/Desktop/github/research/03_data/raw/logistics/evrp_benchmarks/e-vrptw_mendeley_schneider/evrptw_instances/rc103C15.txt,/Users/tstakuma/Desktop/github/research/03_data/raw/logistics/evrp_benchmarks/e-vrptw_mendeley_schneider/evrptw_instances/393_20120117_rc103c15.txt,03_data/raw/logistics/evrp_benchmarks/e-vrptw_mendeley_schneider/evrptw_instances/rc103C15.txt,03_data/raw/logistics/evrp_benchmarks/e-vrptw_mendeley_schneider/evrptw_instances/393_20120117_rc103c15.txt,393,20120117,,normalized retained research artifact name,renamed
/Users/tstakuma/Desktop/github/research/03_data/raw/logistics/evrp_benchmarks/e-vrptw_mendeley_schneider/evrptw_instances/rc103_21.txt,/Users/tstakuma/Desktop/github/research/03_data/raw/logistics/evrp_benchmarks/e-vrptw_mendeley_schneider/evrptw_instances/rc103_21.txt,03_data/raw/logistics/evrp_benchmarks/e-vrptw_mendeley_schneider/evrptw_instances/rc103_21.txt,03_data/raw/logistics/evrp_benchmarks/e-vrptw_mendeley_schneider/evrptw_instances/rc103_21.txt,394,20120117,,normalized retained research artifact name,renamed
/Users/tstakuma/Desktop/github/research/03_data/raw/logistics/evrp_benchmarks/e-vrptw_mendeley_schneider/evrptw_instances/rc104_21.txt,/Users/tstakuma/Desktop/github/research/03_data/raw/logistics/evrp_benchmarks/e-vrptw_mendeley_schneider/evrptw_instances/rc104_21.txt,03_data/raw/logistics/evrp_benchmarks/e-vrptw_mendeley_schneider/evrptw_instances/rc104_21.txt,03_data/raw/logistics/evrp_benchmarks/e-vrptw_mendeley_schneider/evrptw_instances/rc104_21.txt,395,20120117,,normalized retained research artifact name,renamed
/Users/tstakuma/Desktop/github/research/03_data/raw/logistics/evrp_benchmarks/e-vrptw_mendeley_schneider/evrptw_instances/rc105C5.txt,/Users/tstakuma/Desktop/github/research/03_data/raw/logistics/evrp_benchmarks/e-vrptw_mendeley_schneider/evrptw_instances/396_20120117_rc105c5.txt,03_data/raw/logistics/evrp_benchmarks/e-vrptw_mendeley_schneider/evrptw_instances/rc105C5.txt,03_data/raw/logistics/evrp_benchmarks/e-vrptw_mendeley_schneider/evrptw_instances/396_20120117_rc105c5.txt,396,20120117,,normalized retained research artifact name,renamed
/Users/tstakuma/Desktop/github/research/03_data/raw/logistics/evrp_benchmarks/e-vrptw_mendeley_schneider/evrptw_instances/rc105_21.txt,/Users/tstakuma/Desktop/github/research/03_data/raw/logistics/evrp_benchmarks/e-vrptw_mendeley_schneider/evrptw_instances/rc105_21.txt,03_data/raw/logistics/evrp_benchmarks/e-vrptw_mendeley_schneider/evrptw_instances/rc105_21.txt,03_data/raw/logistics/evrp_benchmarks/e-vrptw_mendeley_schneider/evrptw_instances/rc105_21.txt,397,20120117,,normalized retained research artifact name,renamed
/Users/tstakuma/Desktop/github/research/03_data/raw/logistics/evrp_benchmarks/e-vrptw_mendeley_schneider/evrptw_instances/rc106_21.txt,/Users/tstakuma/Desktop/github/research/03_data/raw/logistics/evrp_benchmarks/e-vrptw_mendeley_schneider/evrptw_instances/rc106_21.txt,03_data/raw/logistics/evrp_benchmarks/e-vrptw_mendeley_schneider/evrptw_instances/rc106_21.txt,03_data/raw/logistics/evrp_benchmarks/e-vrptw_mendeley_schneider/evrptw_instances/rc106_21.txt,398,20120117,,normalized retained research artifact name,renamed
/Users/tstakuma/Desktop/github/research/03_data/raw/logistics/evrp_benchmarks/e-vrptw_mendeley_schneider/evrptw_instances/rc107_21.txt,/Users/tstakuma/Desktop/github/research/03_data/raw/logistics/evrp_benchmarks/e-vrptw_mendeley_schneider/evrptw_instances/rc107_21.txt,03_data/raw/logistics/evrp_benchmarks/e-vrptw_mendeley_schneider/evrptw_instances/rc107_21.txt,03_data/raw/logistics/evrp_benchmarks/e-vrptw_mendeley_schneider/evrptw_instances/rc107_21.txt,399,20120117,,normalized retained research artifact name,renamed
/Users/tstakuma/Desktop/github/research/03_data/raw/logistics/evrp_benchmarks/e-vrptw_mendeley_schneider/evrptw_instances/rc108C10.txt,/Users/tstakuma/Desktop/github/research/03_data/raw/logistics/evrp_benchmarks/e-vrptw_mendeley_schneider/evrptw_instances/300_20120117_v02_rc108c10.txt,03_data/raw/logistics/evrp_benchmarks/e-vrptw_mendeley_schneider/evrptw_instances/rc108C10.txt,03_data/raw/logistics/evrp_benchmarks/e-vrptw_mendeley_schneider/evrptw_instances/300_20120117_v02_rc108c10.txt,300,20120117,v02,normalized retained research artifact name,renamed
/Users/tstakuma/Desktop/github/research/03_data/raw/logistics/evrp_benchmarks/e-vrptw_mendeley_schneider/evrptw_instances/rc108C15.txt,/Users/tstakuma/Desktop/github/research/03_data/raw/logistics/evrp_benchmarks/e-vrptw_mendeley_schneider/evrptw_instances/301_20120117_v02_rc108c15.txt,03_data/raw/logistics/evrp_benchmarks/e-vrptw_mendeley_schneider/evrptw_instances/rc108C15.txt,03_data/raw/logistics/evrp_benchmarks/e-vrptw_mendeley_schneider/evrptw_instances/301_20120117_v02_rc108c15.txt,301,20120117,v02,normalized retained research artifact name,renamed
/Users/tstakuma/Desktop/github/research/03_data/raw/logistics/evrp_benchmarks/e-vrptw_mendeley_schneider/evrptw_instances/rc108C5.txt,/Users/tstakuma/Desktop/github/research/03_data/raw/logistics/evrp_benchmarks/e-vrptw_mendeley_schneider/evrptw_instances/302_20120117_v02_rc108c5.txt,03_data/raw/logistics/evrp_benchmarks/e-vrptw_mendeley_schneider/evrptw_instances/rc108C5.txt,03_data/raw/logistics/evrp_benchmarks/e-vrptw_mendeley_schneider/evrptw_instances/302_20120117_v02_rc108c5.txt,302,20120117,v02,normalized retained research artifact name,renamed
/Users/tstakuma/Desktop/github/research/03_data/raw/logistics/evrp_benchmarks/e-vrptw_mendeley_schneider/evrptw_instances/rc108_21.txt,/Users/tstakuma/Desktop/github/research/03_data/raw/logistics/evrp_benchmarks/e-vrptw_mendeley_schneider/evrptw_instances/rc108_21.txt,03_data/raw/logistics/evrp_benchmarks/e-vrptw_mendeley_schneider/evrptw_instances/rc108_21.txt,03_data/raw/logistics/evrp_benchmarks/e-vrptw_mendeley_schneider/evrptw_instances/rc108_21.txt,303,20120117,v02,normalized retained research artifact name,renamed
/Users/tstakuma/Desktop/github/research/03_data/raw/logistics/evrp_benchmarks/e-vrptw_mendeley_schneider/evrptw_instances/rc201C10.txt,/Users/tstakuma/Desktop/github/research/03_data/raw/logistics/evrp_benchmarks/e-vrptw_mendeley_schneider/evrptw_instances/304_20120117_v02_rc201c10.txt,03_data/raw/logistics/evrp_benchmarks/e-vrptw_mendeley_schneider/evrptw_instances/rc201C10.txt,03_data/raw/logistics/evrp_benchmarks/e-vrptw_mendeley_schneider/evrptw_instances/304_20120117_v02_rc201c10.txt,304,20120117,v02,normalized retained research artifact name,renamed
/Users/tstakuma/Desktop/github/research/03_data/raw/logistics/evrp_benchmarks/e-vrptw_mendeley_schneider/evrptw_instances/rc201_21.txt,/Users/tstakuma/Desktop/github/research/03_data/raw/logistics/evrp_benchmarks/e-vrptw_mendeley_schneider/evrptw_instances/rc201_21.txt,03_data/raw/logistics/evrp_benchmarks/e-vrptw_mendeley_schneider/evrptw_instances/rc201_21.txt,03_data/raw/logistics/evrp_benchmarks/e-vrptw_mendeley_schneider/evrptw_instances/rc201_21.txt,305,20120117,v02,normalized retained research artifact name,renamed
/Users/tstakuma/Desktop/github/research/03_data/raw/logistics/evrp_benchmarks/e-vrptw_mendeley_schneider/evrptw_instances/rc202C15.txt,/Users/tstakuma/Desktop/github/research/03_data/raw/logistics/evrp_benchmarks/e-vrptw_mendeley_schneider/evrptw_instances/306_20120117_v02_rc202c15.txt,03_data/raw/logistics/evrp_benchmarks/e-vrptw_mendeley_schneider/evrptw_instances/rc202C15.txt,03_data/raw/logistics/evrp_benchmarks/e-vrptw_mendeley_schneider/evrptw_instances/306_20120117_v02_rc202c15.txt,306,20120117,v02,normalized retained research artifact name,renamed
/Users/tstakuma/Desktop/github/research/03_data/raw/logistics/evrp_benchmarks/e-vrptw_mendeley_schneider/evrptw_instances/rc202_21.txt,/Users/tstakuma/Desktop/github/research/03_data/raw/logistics/evrp_benchmarks/e-vrptw_mendeley_schneider/evrptw_instances/rc202_21.txt,03_data/raw/logistics/evrp_benchmarks/e-vrptw_mendeley_schneider/evrptw_instances/rc202_21.txt,03_data/raw/logistics/evrp_benchmarks/e-vrptw_mendeley_schneider/evrptw_instances/rc202_21.txt,307,20120117,v02,normalized retained research artifact name,renamed
/Users/tstakuma/Desktop/github/research/03_data/raw/logistics/evrp_benchmarks/e-vrptw_mendeley_schneider/evrptw_instances/rc203_21.txt,/Users/tstakuma/Desktop/github/research/03_data/raw/logistics/evrp_benchmarks/e-vrptw_mendeley_schneider/evrptw_instances/rc203_21.txt,03_data/raw/logistics/evrp_benchmarks/e-vrptw_mendeley_schneider/evrptw_instances/rc203_21.txt,03_data/raw/logistics/evrp_benchmarks/e-vrptw_mendeley_schneider/evrptw_instances/rc203_21.txt,308,20120117,v02,normalized retained research artifact name,renamed
/Users/tstakuma/Desktop/github/research/03_data/raw/logistics/evrp_benchmarks/e-vrptw_mendeley_schneider/evrptw_instances/rc204C15.txt,/Users/tstakuma/Desktop/github/research/03_data/raw/logistics/evrp_benchmarks/e-vrptw_mendeley_schneider/evrptw_instances/309_20120117_v02_rc204c15.txt,03_data/raw/logistics/evrp_benchmarks/e-vrptw_mendeley_schneider/evrptw_instances/rc204C15.txt,03_data/raw/logistics/evrp_benchmarks/e-vrptw_mendeley_schneider/evrptw_instances/309_20120117_v02_rc204c15.txt,309,20120117,v02,normalized retained research artifact name,renamed
/Users/tstakuma/Desktop/github/research/03_data/raw/logistics/evrp_benchmarks/e-vrptw_mendeley_schneider/evrptw_instances/rc204C5.txt,/Users/tstakuma/Desktop/github/research/03_data/raw/logistics/evrp_benchmarks/e-vrptw_mendeley_schneider/evrptw_instances/310_20120117_v02_rc204c5.txt,03_data/raw/logistics/evrp_benchmarks/e-vrptw_mendeley_schneider/evrptw_instances/rc204C5.txt,03_data/raw/logistics/evrp_benchmarks/e-vrptw_mendeley_schneider/evrptw_instances/310_20120117_v02_rc204c5.txt,310,20120117,v02,normalized retained research artifact name,renamed
/Users/tstakuma/Desktop/github/research/03_data/raw/logistics/evrp_benchmarks/e-vrptw_mendeley_schneider/evrptw_instances/rc204_21.txt,/Users/tstakuma/Desktop/github/research/03_data/raw/logistics/evrp_benchmarks/e-vrptw_mendeley_schneider/evrptw_instances/rc204_21.txt,03_data/raw/logistics/evrp_benchmarks/e-vrptw_mendeley_schneider/evrptw_instances/rc204_21.txt,03_data/raw/logistics/evrp_benchmarks/e-vrptw_mendeley_schneider/evrptw_instances/rc204_21.txt,311,20120117,v02,normalized retained research artifact name,renamed
/Users/tstakuma/Desktop/github/research/03_data/raw/logistics/evrp_benchmarks/e-vrptw_mendeley_schneider/evrptw_instances/rc205C10.txt,/Users/tstakuma/Desktop/github/research/03_data/raw/logistics/evrp_benchmarks/e-vrptw_mendeley_schneider/evrptw_instances/312_20120117_v02_rc205c10.txt,03_data/raw/logistics/evrp_benchmarks/e-vrptw_mendeley_schneider/evrptw_instances/rc205C10.txt,03_data/raw/logistics/evrp_benchmarks/e-vrptw_mendeley_schneider/evrptw_instances/312_20120117_v02_rc205c10.txt,312,20120117,v02,normalized retained research artifact name,renamed
/Users/tstakuma/Desktop/github/research/03_data/raw/logistics/evrp_benchmarks/e-vrptw_mendeley_schneider/evrptw_instances/rc205_21.txt,/Users/tstakuma/Desktop/github/research/03_data/raw/logistics/evrp_benchmarks/e-vrptw_mendeley_schneider/evrptw_instances/rc205_21.txt,03_data/raw/logistics/evrp_benchmarks/e-vrptw_mendeley_schneider/evrptw_instances/rc205_21.txt,03_data/raw/logistics/evrp_benchmarks/e-vrptw_mendeley_schneider/evrptw_instances/rc205_21.txt,313,20120117,v02,normalized retained research artifact name,renamed
/Users/tstakuma/Desktop/github/research/03_data/raw/logistics/evrp_benchmarks/e-vrptw_mendeley_schneider/evrptw_instances/rc206_21.txt,/Users/tstakuma/Desktop/github/research/03_data/raw/logistics/evrp_benchmarks/e-vrptw_mendeley_schneider/evrptw_instances/rc206_21.txt,03_data/raw/logistics/evrp_benchmarks/e-vrptw_mendeley_schneider/evrptw_instances/rc206_21.txt,03_data/raw/logistics/evrp_benchmarks/e-vrptw_mendeley_schneider/evrptw_instances/rc206_21.txt,314,20120117,v02,normalized retained research artifact name,renamed
/Users/tstakuma/Desktop/github/research/03_data/raw/logistics/evrp_benchmarks/e-vrptw_mendeley_schneider/evrptw_instances/rc207_21.txt,/Users/tstakuma/Desktop/github/research/03_data/raw/logistics/evrp_benchmarks/e-vrptw_mendeley_schneider/evrptw_instances/rc207_21.txt,03_data/raw/logistics/evrp_benchmarks/e-vrptw_mendeley_schneider/evrptw_instances/rc207_21.txt,03_data/raw/logistics/evrp_benchmarks/e-vrptw_mendeley_schneider/evrptw_instances/rc207_21.txt,315,20120117,v02,normalized retained research artifact name,renamed
/Users/tstakuma/Desktop/github/research/03_data/raw/logistics/evrp_benchmarks/e-vrptw_mendeley_schneider/evrptw_instances/rc208C5.txt,/Users/tstakuma/Desktop/github/research/03_data/raw/logistics/evrp_benchmarks/e-vrptw_mendeley_schneider/evrptw_instances/316_20120117_v02_rc208c5.txt,03_data/raw/logistics/evrp_benchmarks/e-vrptw_mendeley_schneider/evrptw_instances/rc208C5.txt,03_data/raw/logistics/evrp_benchmarks/e-vrptw_mendeley_schneider/evrptw_instances/316_20120117_v02_rc208c5.txt,316,20120117,v02,normalized retained research artifact name,renamed
/Users/tstakuma/Desktop/github/research/03_data/raw/logistics/evrp_benchmarks/e-vrptw_mendeley_schneider/evrptw_instances/rc208_21.txt,/Users/tstakuma/Desktop/github/research/03_data/raw/logistics/evrp_benchmarks/e-vrptw_mendeley_schneider/evrptw_instances/rc208_21.txt,03_data/raw/logistics/evrp_benchmarks/e-vrptw_mendeley_schneider/evrptw_instances/rc208_21.txt,03_data/raw/logistics/evrp_benchmarks/e-vrptw_mendeley_schneider/evrptw_instances/rc208_21.txt,317,20120117,v02,normalized retained research artifact name,renamed
/Users/tstakuma/Desktop/github/research/03_data/raw/logistics/evrp_benchmarks/e-vrptw_mendeley_schneider/evrptw_instances/readme.txt,/Users/tstakuma/Desktop/github/research/03_data/raw/logistics/evrp_benchmarks/e-vrptw_mendeley_schneider/evrptw_instances/readme.txt,03_data/raw/logistics/evrp_benchmarks/e-vrptw_mendeley_schneider/evrptw_instances/readme.txt,03_data/raw/logistics/evrp_benchmarks/e-vrptw_mendeley_schneider/evrptw_instances/readme.txt,318,20190122,v02,normalized retained research artifact name,renamed
/Users/tstakuma/Desktop/github/research/03_data/raw/logistics/evrp_benchmarks/e-vrptw_mendeley_schneider/h3mrm5dhxw-1.zip,/Users/tstakuma/Desktop/github/research/03_data/raw/logistics/evrp_benchmarks/e-vrptw_mendeley_schneider/319_20260704_v02_h3mrm5dhxw_1.zip,03_data/raw/logistics/evrp_benchmarks/e-vrptw_mendeley_schneider/h3mrm5dhxw-1.zip,03_data/raw/logistics/evrp_benchmarks/e-vrptw_mendeley_schneider/319_20260704_v02_h3mrm5dhxw_1.zip,319,20260704,v02,normalized retained research artifact name,renamed
/Users/tstakuma/Desktop/github/research/03_data/raw/logistics/source_collections/freight_flow_census_tokyo/56_01_1011_establishment_locations_by_prefecture.csv,/Users/tstakuma/Desktop/github/research/03_data/raw/logistics/source_collections/freight_flow_census_tokyo/56_01_1011_establishment_locations_by_prefecture.csv,03_data/raw/logistics/source_collections/freight_flow_census_tokyo/56_01_1011_establishment_locations_by_prefecture.csv,03_data/raw/logistics/source_collections/freight_flow_census_tokyo/56_01_1011_establishment_locations_by_prefecture.csv,320,20260705,v02,normalized retained research artifact name,renamed
/Users/tstakuma/Desktop/github/research/03_data/raw/logistics/source_collections/freight_flow_census_tokyo/56_01_2011_generated_attracted_freight_by_prefecture.csv,/Users/tstakuma/Desktop/github/research/03_data/raw/logistics/source_collections/freight_flow_census_tokyo/56_01_2011_generated_attracted_freight_by_prefecture.csv,03_data/raw/logistics/source_collections/freight_flow_census_tokyo/56_01_2011_generated_attracted_freight_by_prefecture.csv,03_data/raw/logistics/source_collections/freight_flow_census_tokyo/56_01_2011_generated_attracted_freight_by_prefecture.csv,321,20260705,v02,normalized retained research artifact name,renamed
/Users/tstakuma/Desktop/github/research/03_data/raw/logistics/source_collections/freight_flow_census_tokyo/56_01_3011_interregional_freight_flow_by_prefecture.csv,/Users/tstakuma/Desktop/github/research/03_data/raw/logistics/source_collections/freight_flow_census_tokyo/56_01_3011_interregional_freight_flow_by_prefecture.csv,03_data/raw/logistics/source_collections/freight_flow_census_tokyo/56_01_3011_interregional_freight_flow_by_prefecture.csv,03_data/raw/logistics/source_collections/freight_flow_census_tokyo/56_01_3011_interregional_freight_flow_by_prefecture.csv,322,20260705,v02,normalized retained research artifact name,renamed
/Users/tstakuma/Desktop/github/research/03_data/raw/logistics/source_collections/mlit_logistics_hubs/P31-13_13.zip,/Users/tstakuma/Desktop/github/research/03_data/raw/logistics/source_collections/mlit_logistics_hubs/323_20260705_v02_p31_13_13.zip,03_data/raw/logistics/source_collections/mlit_logistics_hubs/P31-13_13.zip,03_data/raw/logistics/source_collections/mlit_logistics_hubs/323_20260705_v02_p31_13_13.zip,323,20260705,v02,normalized retained research artifact name,renamed
/Users/tstakuma/Desktop/github/research/03_data/raw/logistics/source_collections/mlit_primary_highway_freight_network/N12-21_13_GML.zip,/Users/tstakuma/Desktop/github/research/03_data/raw/logistics/source_collections/mlit_primary_highway_freight_network/324_20260705_v02_n12_21_13_gml.zip,03_data/raw/logistics/source_collections/mlit_primary_highway_freight_network/N12-21_13_GML.zip,03_data/raw/logistics/source_collections/mlit_primary_highway_freight_network/324_20260705_v02_n12_21_13_gml.zip,324,20260705,v02,normalized retained research artifact name,renamed
/Users/tstakuma/Desktop/github/research/03_data/raw/logistics/vrp_benchmarks/cvrp_augerat/A-n32-k5.vrp,/Users/tstakuma/Desktop/github/research/03_data/raw/logistics/vrp_benchmarks/cvrp_augerat/325_20260701_v02_a_n32_k5.vrp,03_data/raw/logistics/vrp_benchmarks/cvrp_augerat/A-n32-k5.vrp,03_data/raw/logistics/vrp_benchmarks/cvrp_augerat/325_20260701_v02_a_n32_k5.vrp,325,20260701,v02,normalized retained research artifact name,renamed
/Users/tstakuma/Desktop/github/research/03_data/raw/population/estat/tokyo/estat_2020_population_census_table_1-1-3_tokyo_2026-07-04.csv,/Users/tstakuma/Desktop/github/research/03_data/raw/population/estat/tokyo/326_20260704_v02_estat_2020_population_census_table_1_1_3_tokyo_2026_07_04.csv,03_data/raw/population/estat/tokyo/estat_2020_population_census_table_1-1-3_tokyo_2026-07-04.csv,03_data/raw/population/estat/tokyo/326_20260704_v02_estat_2020_population_census_table_1_1_3_tokyo_2026_07_04.csv,326,20260704,v02,normalized retained research artifact name,renamed
/Users/tstakuma/Desktop/github/research/03_data/raw/population/estat/tokyo_mesh/tblT001101H13.zip,/Users/tstakuma/Desktop/github/research/03_data/raw/population/estat/tokyo_mesh/327_20260705_v02_tblt001101h13.zip,03_data/raw/population/estat/tokyo_mesh/tblT001101H13.zip,03_data/raw/population/estat/tokyo_mesh/327_20260705_v02_tblt001101h13.zip,327,20260705,v02,normalized retained research artifact name,renamed
/Users/tstakuma/Desktop/github/research/03_data/raw/road_network/boundary/mlit_n03_tokyo/N03-20240101_13_GML.zip,/Users/tstakuma/Desktop/github/research/03_data/raw/road_network/boundary/mlit_n03_tokyo/328_20240101_v02_n03_20240101_13_gml.zip,03_data/raw/road_network/boundary/mlit_n03_tokyo/N03-20240101_13_GML.zip,03_data/raw/road_network/boundary/mlit_n03_tokyo/328_20240101_v02_n03_20240101_13_gml.zip,328,20240101,v02,normalized retained research artifact name,renamed
/Users/tstakuma/Desktop/github/research/03_data/raw/road_network/osm/tokyo/kanto-260703-free.shp.zip,/Users/tstakuma/Desktop/github/research/03_data/raw/road_network/osm/tokyo/329_20260704_v02_kanto_260703_free_shp.zip,03_data/raw/road_network/osm/tokyo/kanto-260703-free.shp.zip,03_data/raw/road_network/osm/tokyo/329_20260704_v02_kanto_260703_free_shp.zip,329,20260704,v02,normalized retained research artifact name,renamed
/Users/tstakuma/Desktop/github/research/03_data/raw/vehicle_specs/ev_vehicle_specs_sources.csv,/Users/tstakuma/Desktop/github/research/03_data/raw/vehicle_specs/ev_vehicle_specs_sources.csv,03_data/raw/vehicle_specs/ev_vehicle_specs_sources.csv,03_data/raw/vehicle_specs/ev_vehicle_specs_sources.csv,330,20260705,v02,normalized retained research artifact name,renamed
/Users/tstakuma/Desktop/github/research/03_data/raw/vehicle_specs/iea/EV_Data_Explorer_2026_download_2026-06-30.xlsx,/Users/tstakuma/Desktop/github/research/03_data/raw/vehicle_specs/iea/331_20260630_v02_ev_data_explorer_2026_download_2026_06_30.xlsx,03_data/raw/vehicle_specs/iea/EV_Data_Explorer_2026_download_2026-06-30.xlsx,03_data/raw/vehicle_specs/iea/331_20260630_v02_ev_data_explorer_2026_download_2026_06_30.xlsx,331,20260630,v02,normalized retained research artifact name,renamed
/Users/tstakuma/Desktop/github/research/03_data/raw/vehicle_specs/iea/EV_Data_Explorer_2026_existing_raw.xlsx,/Users/tstakuma/Desktop/github/research/03_data/raw/vehicle_specs/iea/332_20260704_v02_ev_data_explorer_2026_existing_raw.xlsx,03_data/raw/vehicle_specs/iea/EV_Data_Explorer_2026_existing_raw.xlsx,03_data/raw/vehicle_specs/iea/332_20260704_v02_ev_data_explorer_2026_existing_raw.xlsx,332,20260704,v02,normalized retained research artifact name,renamed
/Users/tstakuma/Desktop/github/research/03_data/raw/vehicle_specs/official_sources/hino_dutro_z_ev_2024.html,/Users/tstakuma/Desktop/github/research/03_data/raw/vehicle_specs/official_sources/hino_dutro_z_ev_2024.html,03_data/raw/vehicle_specs/official_sources/hino_dutro_z_ev_2024.html,03_data/raw/vehicle_specs/official_sources/hino_dutro_z_ev_2024.html,333,20260705,v02,normalized retained research artifact name,renamed
/Users/tstakuma/Desktop/github/research/03_data/raw/vehicle_specs/official_sources/isuzu_elf_ev_product.html,/Users/tstakuma/Desktop/github/research/03_data/raw/vehicle_specs/official_sources/isuzu_elf_ev_product.html,03_data/raw/vehicle_specs/official_sources/isuzu_elf_ev_product.html,03_data/raw/vehicle_specs/official_sources/isuzu_elf_ev_product.html,334,20260705,v02,normalized retained research artifact name,renamed
/Users/tstakuma/Desktop/github/research/03_data/raw/vehicle_specs/official_sources/mitsubishi_fuso_ecanter_launch_2023.html,/Users/tstakuma/Desktop/github/research/03_data/raw/vehicle_specs/official_sources/mitsubishi_fuso_ecanter_launch_2023.html,03_data/raw/vehicle_specs/official_sources/mitsubishi_fuso_ecanter_launch_2023.html,03_data/raw/vehicle_specs/official_sources/mitsubishi_fuso_ecanter_launch_2023.html,335,20260705,v02,normalized retained research artifact name,renamed
/Users/tstakuma/Desktop/github/research/03_data/raw/vehicle_specs/official_sources/mitsubishi_fuso_ecanter_yamato_2023.html,/Users/tstakuma/Desktop/github/research/03_data/raw/vehicle_specs/official_sources/mitsubishi_fuso_ecanter_yamato_2023.html,03_data/raw/vehicle_specs/official_sources/mitsubishi_fuso_ecanter_yamato_2023.html,03_data/raw/vehicle_specs/official_sources/mitsubishi_fuso_ecanter_yamato_2023.html,336,20260705,v02,normalized retained research artifact name,renamed
/Users/tstakuma/Desktop/github/research/03_data/raw/vehicle_specs/official_sources/toyota_pixisvan_bev_spec_202606.pdf,/Users/tstakuma/Desktop/github/research/03_data/raw/vehicle_specs/official_sources/toyota_pixisvan_bev_spec_202606.pdf,03_data/raw/vehicle_specs/official_sources/toyota_pixisvan_bev_spec_202606.pdf,03_data/raw/vehicle_specs/official_sources/toyota_pixisvan_bev_spec_202606.pdf,337,20260705,v02,normalized retained research artifact name,renamed
/Users/tstakuma/Desktop/github/research/01_research_design/future_design_analysis_methods/.gitignore,/Users/tstakuma/Desktop/github/research/01_research_design/future_design_analysis_methods/100_20260705_gitignore,01_research_design/future_design_analysis_methods/.gitignore,01_research_design/future_design_analysis_methods/100_20260705_gitignore,100,20260705,,normalized retained research artifact name,renamed
/Users/tstakuma/Desktop/github/research/01_research_design/future_design_analysis_methods/assets/fonts/DroidSansFallbackFull.ttf,/Users/tstakuma/Desktop/github/research/01_research_design/future_design_analysis_methods/assets/fonts/101_20260705_droidsansfallbackfull.ttf,01_research_design/future_design_analysis_methods/assets/fonts/DroidSansFallbackFull.ttf,01_research_design/future_design_analysis_methods/assets/fonts/101_20260705_droidsansfallbackfull.ttf,101,20260705,,normalized retained research artifact name,renamed
/Users/tstakuma/Desktop/github/research/01_research_design/future_design_analysis_methods/exercises/ai/01_systems_thinking.ipynb,/Users/tstakuma/Desktop/github/research/01_research_design/future_design_analysis_methods/exercises/ai/01_systems_thinking.ipynb,01_research_design/future_design_analysis_methods/exercises/ai/01_systems_thinking.ipynb,01_research_design/future_design_analysis_methods/exercises/ai/01_systems_thinking.ipynb,102,20260705,,normalized retained research artifact name,renamed
/Users/tstakuma/Desktop/github/research/01_research_design/future_design_analysis_methods/exercises/ai/02_morphological_analysis.ipynb,/Users/tstakuma/Desktop/github/research/01_research_design/future_design_analysis_methods/exercises/ai/02_morphological_analysis.ipynb,01_research_design/future_design_analysis_methods/exercises/ai/02_morphological_analysis.ipynb,01_research_design/future_design_analysis_methods/exercises/ai/02_morphological_analysis.ipynb,103,20260705,,normalized retained research artifact name,renamed
/Users/tstakuma/Desktop/github/research/01_research_design/future_design_analysis_methods/exercises/ai/03_delphi_method.ipynb,/Users/tstakuma/Desktop/github/research/01_research_design/future_design_analysis_methods/exercises/ai/03_delphi_method.ipynb,01_research_design/future_design_analysis_methods/exercises/ai/03_delphi_method.ipynb,01_research_design/future_design_analysis_methods/exercises/ai/03_delphi_method.ipynb,104,20260705,,normalized retained research artifact name,renamed
/Users/tstakuma/Desktop/github/research/01_research_design/future_design_analysis_methods/exercises/ai/04_backcasting.ipynb,/Users/tstakuma/Desktop/github/research/01_research_design/future_design_analysis_methods/exercises/ai/04_backcasting.ipynb,01_research_design/future_design_analysis_methods/exercises/ai/04_backcasting.ipynb,01_research_design/future_design_analysis_methods/exercises/ai/04_backcasting.ipynb,105,20260705,,normalized retained research artifact name,renamed
/Users/tstakuma/Desktop/github/research/01_research_design/future_design_analysis_methods/exercises/ai/05_fmea.ipynb,/Users/tstakuma/Desktop/github/research/01_research_design/future_design_analysis_methods/exercises/ai/05_fmea.ipynb,01_research_design/future_design_analysis_methods/exercises/ai/05_fmea.ipynb,01_research_design/future_design_analysis_methods/exercises/ai/05_fmea.ipynb,106,20260705,,normalized retained research artifact name,renamed
/Users/tstakuma/Desktop/github/research/01_research_design/future_design_analysis_methods/exercises/ai/06_futures_wheel.ipynb,/Users/tstakuma/Desktop/github/research/01_research_design/future_design_analysis_methods/exercises/ai/06_futures_wheel.ipynb,01_research_design/future_design_analysis_methods/exercises/ai/06_futures_wheel.ipynb,01_research_design/future_design_analysis_methods/exercises/ai/06_futures_wheel.ipynb,107,20260705,,normalized retained research artifact name,renamed
/Users/tstakuma/Desktop/github/research/01_research_design/future_design_analysis_methods/exercises/ai/07_simulation_modeling.ipynb,/Users/tstakuma/Desktop/github/research/01_research_design/future_design_analysis_methods/exercises/ai/07_simulation_modeling.ipynb,01_research_design/future_design_analysis_methods/exercises/ai/07_simulation_modeling.ipynb,01_research_design/future_design_analysis_methods/exercises/ai/07_simulation_modeling.ipynb,108,20260705,,normalized retained research artifact name,renamed
/Users/tstakuma/Desktop/github/research/01_research_design/future_design_analysis_methods/exercises/ai/08_social_network_analysis.ipynb,/Users/tstakuma/Desktop/github/research/01_research_design/future_design_analysis_methods/exercises/ai/08_social_network_analysis.ipynb,01_research_design/future_design_analysis_methods/exercises/ai/08_social_network_analysis.ipynb,01_research_design/future_design_analysis_methods/exercises/ai/08_social_network_analysis.ipynb,109,20260705,,normalized retained research artifact name,renamed
/Users/tstakuma/Desktop/github/research/01_research_design/future_design_analysis_methods/exercises/ai/09_systems_engineering.ipynb,/Users/tstakuma/Desktop/github/research/01_research_design/future_design_analysis_methods/exercises/ai/09_systems_engineering.ipynb,01_research_design/future_design_analysis_methods/exercises/ai/09_systems_engineering.ipynb,01_research_design/future_design_analysis_methods/exercises/ai/09_systems_engineering.ipynb,110,20260705,,normalized retained research artifact name,renamed
/Users/tstakuma/Desktop/github/research/01_research_design/future_design_analysis_methods/exercises/ai/10_trend_analysis.ipynb,/Users/tstakuma/Desktop/github/research/01_research_design/future_design_analysis_methods/exercises/ai/10_trend_analysis.ipynb,01_research_design/future_design_analysis_methods/exercises/ai/10_trend_analysis.ipynb,01_research_design/future_design_analysis_methods/exercises/ai/10_trend_analysis.ipynb,111,20260705,,normalized retained research artifact name,renamed
/Users/tstakuma/Desktop/github/research/01_research_design/future_design_analysis_methods/exercises/ai/11_scenario_planning.ipynb,/Users/tstakuma/Desktop/github/research/01_research_design/future_design_analysis_methods/exercises/ai/11_scenario_planning.ipynb,01_research_design/future_design_analysis_methods/exercises/ai/11_scenario_planning.ipynb,01_research_design/future_design_analysis_methods/exercises/ai/11_scenario_planning.ipynb,112,20260705,,normalized retained research artifact name,renamed
/Users/tstakuma/Desktop/github/research/01_research_design/future_design_analysis_methods/exercises/ai/12_cross_impact_analysis.ipynb,/Users/tstakuma/Desktop/github/research/01_research_design/future_design_analysis_methods/exercises/ai/12_cross_impact_analysis.ipynb,01_research_design/future_design_analysis_methods/exercises/ai/12_cross_impact_analysis.ipynb,01_research_design/future_design_analysis_methods/exercises/ai/12_cross_impact_analysis.ipynb,113,20260705,,normalized retained research artifact name,renamed
/Users/tstakuma/Desktop/github/research/01_research_design/future_design_analysis_methods/exercises/ai/13_technology_assessment.ipynb,/Users/tstakuma/Desktop/github/research/01_research_design/future_design_analysis_methods/exercises/ai/13_technology_assessment.ipynb,01_research_design/future_design_analysis_methods/exercises/ai/13_technology_assessment.ipynb,01_research_design/future_design_analysis_methods/exercises/ai/13_technology_assessment.ipynb,114,20260705,,normalized retained research artifact name,renamed
/Users/tstakuma/Desktop/github/research/01_research_design/future_design_analysis_methods/exercises/ai/14_causal_layered_analysis.ipynb,/Users/tstakuma/Desktop/github/research/01_research_design/future_design_analysis_methods/exercises/ai/14_causal_layered_analysis.ipynb,01_research_design/future_design_analysis_methods/exercises/ai/14_causal_layered_analysis.ipynb,01_research_design/future_design_analysis_methods/exercises/ai/14_causal_layered_analysis.ipynb,115,20260705,,normalized retained research artifact name,renamed
/Users/tstakuma/Desktop/github/research/01_research_design/future_design_analysis_methods/exercises/ai/15_life_cycle_assessment.ipynb,/Users/tstakuma/Desktop/github/research/01_research_design/future_design_analysis_methods/exercises/ai/15_life_cycle_assessment.ipynb,01_research_design/future_design_analysis_methods/exercises/ai/15_life_cycle_assessment.ipynb,01_research_design/future_design_analysis_methods/exercises/ai/15_life_cycle_assessment.ipynb,116,20260705,,normalized retained research artifact name,renamed
/Users/tstakuma/Desktop/github/research/01_research_design/future_design_analysis_methods/exercises/quantum_computing/01_systems_thinking.ipynb,/Users/tstakuma/Desktop/github/research/01_research_design/future_design_analysis_methods/exercises/quantum_computing/01_systems_thinking.ipynb,01_research_design/future_design_analysis_methods/exercises/quantum_computing/01_systems_thinking.ipynb,01_research_design/future_design_analysis_methods/exercises/quantum_computing/01_systems_thinking.ipynb,117,20260705,,normalized retained research artifact name,renamed
/Users/tstakuma/Desktop/github/research/01_research_design/future_design_analysis_methods/exercises/quantum_computing/02_morphological_analysis.ipynb,/Users/tstakuma/Desktop/github/research/01_research_design/future_design_analysis_methods/exercises/quantum_computing/02_morphological_analysis.ipynb,01_research_design/future_design_analysis_methods/exercises/quantum_computing/02_morphological_analysis.ipynb,01_research_design/future_design_analysis_methods/exercises/quantum_computing/02_morphological_analysis.ipynb,118,20260705,,normalized retained research artifact name,renamed
/Users/tstakuma/Desktop/github/research/01_research_design/future_design_analysis_methods/exercises/quantum_computing/03_delphi_method.ipynb,/Users/tstakuma/Desktop/github/research/01_research_design/future_design_analysis_methods/exercises/quantum_computing/03_delphi_method.ipynb,01_research_design/future_design_analysis_methods/exercises/quantum_computing/03_delphi_method.ipynb,01_research_design/future_design_analysis_methods/exercises/quantum_computing/03_delphi_method.ipynb,119,20260705,,normalized retained research artifact name,renamed
/Users/tstakuma/Desktop/github/research/01_research_design/future_design_analysis_methods/exercises/quantum_computing/04_backcasting.ipynb,/Users/tstakuma/Desktop/github/research/01_research_design/future_design_analysis_methods/exercises/quantum_computing/04_backcasting.ipynb,01_research_design/future_design_analysis_methods/exercises/quantum_computing/04_backcasting.ipynb,01_research_design/future_design_analysis_methods/exercises/quantum_computing/04_backcasting.ipynb,120,20260705,,normalized retained research artifact name,renamed
/Users/tstakuma/Desktop/github/research/01_research_design/future_design_analysis_methods/exercises/quantum_computing/05_fmea.ipynb,/Users/tstakuma/Desktop/github/research/01_research_design/future_design_analysis_methods/exercises/quantum_computing/05_fmea.ipynb,01_research_design/future_design_analysis_methods/exercises/quantum_computing/05_fmea.ipynb,01_research_design/future_design_analysis_methods/exercises/quantum_computing/05_fmea.ipynb,121,20260705,,normalized retained research artifact name,renamed
/Users/tstakuma/Desktop/github/research/01_research_design/future_design_analysis_methods/exercises/quantum_computing/06_futures_wheel.ipynb,/Users/tstakuma/Desktop/github/research/01_research_design/future_design_analysis_methods/exercises/quantum_computing/06_futures_wheel.ipynb,01_research_design/future_design_analysis_methods/exercises/quantum_computing/06_futures_wheel.ipynb,01_research_design/future_design_analysis_methods/exercises/quantum_computing/06_futures_wheel.ipynb,122,20260705,,normalized retained research artifact name,renamed
/Users/tstakuma/Desktop/github/research/01_research_design/future_design_analysis_methods/exercises/quantum_computing/07_simulation_modeling.ipynb,/Users/tstakuma/Desktop/github/research/01_research_design/future_design_analysis_methods/exercises/quantum_computing/07_simulation_modeling.ipynb,01_research_design/future_design_analysis_methods/exercises/quantum_computing/07_simulation_modeling.ipynb,01_research_design/future_design_analysis_methods/exercises/quantum_computing/07_simulation_modeling.ipynb,123,20260705,,normalized retained research artifact name,renamed
/Users/tstakuma/Desktop/github/research/01_research_design/future_design_analysis_methods/exercises/quantum_computing/08_social_network_analysis.ipynb,/Users/tstakuma/Desktop/github/research/01_research_design/future_design_analysis_methods/exercises/quantum_computing/08_social_network_analysis.ipynb,01_research_design/future_design_analysis_methods/exercises/quantum_computing/08_social_network_analysis.ipynb,01_research_design/future_design_analysis_methods/exercises/quantum_computing/08_social_network_analysis.ipynb,124,20260705,,normalized retained research artifact name,renamed
/Users/tstakuma/Desktop/github/research/01_research_design/future_design_analysis_methods/exercises/quantum_computing/09_systems_engineering.ipynb,/Users/tstakuma/Desktop/github/research/01_research_design/future_design_analysis_methods/exercises/quantum_computing/09_systems_engineering.ipynb,01_research_design/future_design_analysis_methods/exercises/quantum_computing/09_systems_engineering.ipynb,01_research_design/future_design_analysis_methods/exercises/quantum_computing/09_systems_engineering.ipynb,125,20260705,,normalized retained research artifact name,renamed
/Users/tstakuma/Desktop/github/research/01_research_design/future_design_analysis_methods/exercises/quantum_computing/10_trend_analysis.ipynb,/Users/tstakuma/Desktop/github/research/01_research_design/future_design_analysis_methods/exercises/quantum_computing/10_trend_analysis.ipynb,01_research_design/future_design_analysis_methods/exercises/quantum_computing/10_trend_analysis.ipynb,01_research_design/future_design_analysis_methods/exercises/quantum_computing/10_trend_analysis.ipynb,126,20260705,,normalized retained research artifact name,renamed
/Users/tstakuma/Desktop/github/research/01_research_design/future_design_analysis_methods/exercises/quantum_computing/11_scenario_planning.ipynb,/Users/tstakuma/Desktop/github/research/01_research_design/future_design_analysis_methods/exercises/quantum_computing/11_scenario_planning.ipynb,01_research_design/future_design_analysis_methods/exercises/quantum_computing/11_scenario_planning.ipynb,01_research_design/future_design_analysis_methods/exercises/quantum_computing/11_scenario_planning.ipynb,127,20260705,,normalized retained research artifact name,renamed
/Users/tstakuma/Desktop/github/research/01_research_design/future_design_analysis_methods/exercises/quantum_computing/12_cross_impact_analysis.ipynb,/Users/tstakuma/Desktop/github/research/01_research_design/future_design_analysis_methods/exercises/quantum_computing/12_cross_impact_analysis.ipynb,01_research_design/future_design_analysis_methods/exercises/quantum_computing/12_cross_impact_analysis.ipynb,01_research_design/future_design_analysis_methods/exercises/quantum_computing/12_cross_impact_analysis.ipynb,128,20260705,,normalized retained research artifact name,renamed
/Users/tstakuma/Desktop/github/research/01_research_design/future_design_analysis_methods/exercises/quantum_computing/13_technology_assessment.ipynb,/Users/tstakuma/Desktop/github/research/01_research_design/future_design_analysis_methods/exercises/quantum_computing/13_technology_assessment.ipynb,01_research_design/future_design_analysis_methods/exercises/quantum_computing/13_technology_assessment.ipynb,01_research_design/future_design_analysis_methods/exercises/quantum_computing/13_technology_assessment.ipynb,129,20260705,,normalized retained research artifact name,renamed
/Users/tstakuma/Desktop/github/research/01_research_design/future_design_analysis_methods/exercises/quantum_computing/14_causal_layered_analysis.ipynb,/Users/tstakuma/Desktop/github/research/01_research_design/future_design_analysis_methods/exercises/quantum_computing/14_causal_layered_analysis.ipynb,01_research_design/future_design_analysis_methods/exercises/quantum_computing/14_causal_layered_analysis.ipynb,01_research_design/future_design_analysis_methods/exercises/quantum_computing/14_causal_layered_analysis.ipynb,130,20260705,,normalized retained research artifact name,renamed
/Users/tstakuma/Desktop/github/research/01_research_design/future_design_analysis_methods/exercises/quantum_computing/15_life_cycle_assessment.ipynb,/Users/tstakuma/Desktop/github/research/01_research_design/future_design_analysis_methods/exercises/quantum_computing/15_life_cycle_assessment.ipynb,01_research_design/future_design_analysis_methods/exercises/quantum_computing/15_life_cycle_assessment.ipynb,01_research_design/future_design_analysis_methods/exercises/quantum_computing/15_life_cycle_assessment.ipynb,131,20260705,,normalized retained research artifact name,renamed
/Users/tstakuma/Desktop/github/research/01_research_design/future_design_analysis_methods/requirements.txt,/Users/tstakuma/Desktop/github/research/01_research_design/future_design_analysis_methods/requirements.txt,01_research_design/future_design_analysis_methods/requirements.txt,01_research_design/future_design_analysis_methods/requirements.txt,132,20260705,,normalized retained research artifact name,renamed
/Users/tstakuma/Desktop/github/research/04_notebooks/active/tokyo_synthetic_evrp_constraint_gap_analysis.ipynb,/Users/tstakuma/Desktop/github/research/04_notebooks/active/tokyo_synthetic_evrp_constraint_gap_analysis.ipynb,04_notebooks/active/tokyo_synthetic_evrp_constraint_gap_analysis.ipynb,04_notebooks/active/tokyo_synthetic_evrp_constraint_gap_analysis.ipynb,500,20260711,,normalized retained research artifact name,renamed
/Users/tstakuma/Desktop/github/research/04_notebooks/exploratory/literature_to_figures_workflow.ipynb,/Users/tstakuma/Desktop/github/research/04_notebooks/exploratory/literature_to_figures_workflow.ipynb,04_notebooks/exploratory/literature_to_figures_workflow.ipynb,04_notebooks/exploratory/literature_to_figures_workflow.ipynb,501,20260706,,normalized retained research artifact name,renamed
/Users/tstakuma/Desktop/github/research/06_outputs/figures/active/01_quantum_vrp_evidence/figure_1_presentation_plot_data.csv,/Users/tstakuma/Desktop/github/research/06_outputs/figures/active/01_quantum_vrp_evidence/figure_1_presentation_plot_data.csv,06_outputs/figures/active/01_quantum_vrp_evidence/figure_1_presentation_plot_data.csv,06_outputs/figures/active/01_quantum_vrp_evidence/figure_1_presentation_plot_data.csv,600,20260711,,normalized retained research artifact name,renamed
/Users/tstakuma/Desktop/github/research/06_outputs/figures/active/01_quantum_vrp_evidence/figure_1_width_by_instance.png,/Users/tstakuma/Desktop/github/research/06_outputs/figures/active/01_quantum_vrp_evidence/figure_1_width_by_instance.png,06_outputs/figures/active/01_quantum_vrp_evidence/figure_1_width_by_instance.png,06_outputs/figures/active/01_quantum_vrp_evidence/figure_1_width_by_instance.png,601,20260711,,normalized retained research artifact name,renamed
/Users/tstakuma/Desktop/github/research/06_outputs/figures/active/01_quantum_vrp_evidence/qrl_srl_score_summary_table.png,/Users/tstakuma/Desktop/github/research/06_outputs/figures/active/01_quantum_vrp_evidence/qrl_srl_score_summary_table.png,06_outputs/figures/active/01_quantum_vrp_evidence/qrl_srl_score_summary_table.png,06_outputs/figures/active/01_quantum_vrp_evidence/qrl_srl_score_summary_table.png,602,20260711,,normalized retained research artifact name,renamed
/Users/tstakuma/Desktop/github/research/06_outputs/figures/active/01_quantum_vrp_evidence/srl_qrl_methodology_design.png,/Users/tstakuma/Desktop/github/research/06_outputs/figures/active/01_quantum_vrp_evidence/srl_qrl_methodology_design.png,06_outputs/figures/active/01_quantum_vrp_evidence/srl_qrl_methodology_design.png,06_outputs/figures/active/01_quantum_vrp_evidence/srl_qrl_methodology_design.png,603,20260703,,normalized retained research artifact name,renamed
/Users/tstakuma/Desktop/github/research/06_outputs/figures/active/02_requirement_mapping/evrp_benchmark_requirement_table.png,/Users/tstakuma/Desktop/github/research/06_outputs/figures/active/02_requirement_mapping/evrp_benchmark_requirement_table.png,06_outputs/figures/active/02_requirement_mapping/evrp_benchmark_requirement_table.png,06_outputs/figures/active/02_requirement_mapping/evrp_benchmark_requirement_table.png,604,20260705,,normalized retained research artifact name,renamed
/Users/tstakuma/Desktop/github/research/06_outputs/figures/active/02_requirement_mapping/tokyo_evrp_quantum_requirement_map_table.png,/Users/tstakuma/Desktop/github/research/06_outputs/figures/active/02_requirement_mapping/tokyo_evrp_quantum_requirement_map_table.png,06_outputs/figures/active/02_requirement_mapping/tokyo_evrp_quantum_requirement_map_table.png,06_outputs/figures/active/02_requirement_mapping/tokyo_evrp_quantum_requirement_map_table.png,605,20260705,,normalized retained research artifact name,renamed
/Users/tstakuma/Desktop/github/research/06_outputs/figures/active/02_requirement_mapping/tokyo_static_evrp_requirement_coverage.png,/Users/tstakuma/Desktop/github/research/06_outputs/figures/active/02_requirement_mapping/tokyo_static_evrp_requirement_coverage.png,06_outputs/figures/active/02_requirement_mapping/tokyo_static_evrp_requirement_coverage.png,06_outputs/figures/active/02_requirement_mapping/tokyo_static_evrp_requirement_coverage.png,606,20260705,,normalized retained research artifact name,renamed
/Users/tstakuma/Desktop/github/research/06_outputs/figures/active/circuit_width/reported_circuit_width_by_instance.pdf,/Users/tstakuma/Desktop/github/research/06_outputs/figures/active/circuit_width/reported_circuit_width_by_instance.pdf,06_outputs/figures/active/circuit_width/reported_circuit_width_by_instance.pdf,06_outputs/figures/active/circuit_width/reported_circuit_width_by_instance.pdf,607,20260711,,normalized retained research artifact name,renamed
/Users/tstakuma/Desktop/github/research/06_outputs/figures/active/circuit_width/reported_circuit_width_by_instance.png,/Users/tstakuma/Desktop/github/research/06_outputs/figures/active/circuit_width/reported_circuit_width_by_instance.png,06_outputs/figures/active/circuit_width/reported_circuit_width_by_instance.png,06_outputs/figures/active/circuit_width/reported_circuit_width_by_instance.png,608,20260711,,normalized retained research artifact name,renamed
/Users/tstakuma/Desktop/github/research/06_outputs/figures/active/circuit_width/reported_circuit_width_by_instance.svg,/Users/tstakuma/Desktop/github/research/06_outputs/figures/active/circuit_width/reported_circuit_width_by_instance.svg,06_outputs/figures/active/circuit_width/reported_circuit_width_by_instance.svg,06_outputs/figures/active/circuit_width/reported_circuit_width_by_instance.svg,609,20260711,,normalized retained research artifact name,renamed
/Users/tstakuma/Desktop/github/research/06_outputs/figures/active/circuit_width/reported_circuit_width_by_instance_full_revised.pdf,/Users/tstakuma/Desktop/github/research/06_outputs/figures/active/circuit_width/reported_circuit_width_by_instance_full_revised.pdf,06_outputs/figures/active/circuit_width/reported_circuit_width_by_instance_full_revised.pdf,06_outputs/figures/active/circuit_width/reported_circuit_width_by_instance_full_revised.pdf,610,20260711,,normalized retained research artifact name,renamed
/Users/tstakuma/Desktop/github/research/06_outputs/figures/active/circuit_width/reported_circuit_width_by_instance_full_revised.png,/Users/tstakuma/Desktop/github/research/06_outputs/figures/active/circuit_width/reported_circuit_width_by_instance_full_revised.png,06_outputs/figures/active/circuit_width/reported_circuit_width_by_instance_full_revised.png,06_outputs/figures/active/circuit_width/reported_circuit_width_by_instance_full_revised.png,611,20260711,,normalized retained research artifact name,renamed
/Users/tstakuma/Desktop/github/research/06_outputs/figures/active/circuit_width/reported_circuit_width_by_instance_full_revised.svg,/Users/tstakuma/Desktop/github/research/06_outputs/figures/active/circuit_width/reported_circuit_width_by_instance_full_revised.svg,06_outputs/figures/active/circuit_width/reported_circuit_width_by_instance_full_revised.svg,06_outputs/figures/active/circuit_width/reported_circuit_width_by_instance_full_revised.svg,612,20260711,,normalized retained research artifact name,renamed
/Users/tstakuma/Desktop/github/research/06_outputs/figures/active/circuit_width/reported_circuit_width_by_instance_slide.png,/Users/tstakuma/Desktop/github/research/06_outputs/figures/active/circuit_width/reported_circuit_width_by_instance_slide.png,06_outputs/figures/active/circuit_width/reported_circuit_width_by_instance_slide.png,06_outputs/figures/active/circuit_width/reported_circuit_width_by_instance_slide.png,613,20260711,,normalized retained research artifact name,renamed
/Users/tstakuma/Desktop/github/research/06_outputs/figures/active/circuit_width/reported_circuit_width_by_instance_slide.svg,/Users/tstakuma/Desktop/github/research/06_outputs/figures/active/circuit_width/reported_circuit_width_by_instance_slide.svg,06_outputs/figures/active/circuit_width/reported_circuit_width_by_instance_slide.svg,06_outputs/figures/active/circuit_width/reported_circuit_width_by_instance_slide.svg,614,20260711,,normalized retained research artifact name,renamed
/Users/tstakuma/Desktop/github/research/06_outputs/figures/active/circuit_width/reported_circuit_width_by_instance_slide_revised.pdf,/Users/tstakuma/Desktop/github/research/06_outputs/figures/active/circuit_width/reported_circuit_width_by_instance_slide_revised.pdf,06_outputs/figures/active/circuit_width/reported_circuit_width_by_instance_slide_revised.pdf,06_outputs/figures/active/circuit_width/reported_circuit_width_by_instance_slide_revised.pdf,615,20260711,,normalized retained research artifact name,renamed
/Users/tstakuma/Desktop/github/research/06_outputs/figures/active/circuit_width/reported_circuit_width_by_instance_slide_revised.png,/Users/tstakuma/Desktop/github/research/06_outputs/figures/active/circuit_width/reported_circuit_width_by_instance_slide_revised.png,06_outputs/figures/active/circuit_width/reported_circuit_width_by_instance_slide_revised.png,06_outputs/figures/active/circuit_width/reported_circuit_width_by_instance_slide_revised.png,616,20260711,,normalized retained research artifact name,renamed
/Users/tstakuma/Desktop/github/research/06_outputs/figures/active/circuit_width/reported_circuit_width_by_instance_slide_revised.svg,/Users/tstakuma/Desktop/github/research/06_outputs/figures/active/circuit_width/reported_circuit_width_by_instance_slide_revised.svg,06_outputs/figures/active/circuit_width/reported_circuit_width_by_instance_slide_revised.svg,06_outputs/figures/active/circuit_width/reported_circuit_width_by_instance_slide_revised.svg,617,20260711,,normalized retained research artifact name,renamed
/Users/tstakuma/Desktop/github/research/06_outputs/figures/active/circuit_width/reported_circuit_width_plot_data.csv,/Users/tstakuma/Desktop/github/research/06_outputs/figures/active/circuit_width/reported_circuit_width_plot_data.csv,06_outputs/figures/active/circuit_width/reported_circuit_width_plot_data.csv,06_outputs/figures/active/circuit_width/reported_circuit_width_plot_data.csv,618,20260711,,normalized retained research artifact name,renamed
/Users/tstakuma/Desktop/github/research/06_outputs/figures/active/circuit_width/reported_circuit_width_source_audit.csv,/Users/tstakuma/Desktop/github/research/06_outputs/figures/active/circuit_width/reported_circuit_width_source_audit.csv,06_outputs/figures/active/circuit_width/reported_circuit_width_source_audit.csv,06_outputs/figures/active/circuit_width/reported_circuit_width_source_audit.csv,619,20260711,,normalized retained research artifact name,renamed
/Users/tstakuma/Desktop/github/research/06_outputs/figures/active/png/figure_01_data_to_analysis_pipeline.png,/Users/tstakuma/Desktop/github/research/06_outputs/figures/active/png/figure_01_data_to_analysis_pipeline.png,06_outputs/figures/active/png/figure_01_data_to_analysis_pipeline.png,06_outputs/figures/active/png/figure_01_data_to_analysis_pipeline.png,620,20260711,,normalized retained research artifact name,renamed
/Users/tstakuma/Desktop/github/research/06_outputs/figures/active/png/figure_02_scenario_design_matrix.png,/Users/tstakuma/Desktop/github/research/06_outputs/figures/active/png/figure_02_scenario_design_matrix.png,06_outputs/figures/active/png/figure_02_scenario_design_matrix.png,06_outputs/figures/active/png/figure_02_scenario_design_matrix.png,621,20260711,,normalized retained research artifact name,renamed
/Users/tstakuma/Desktop/github/research/06_outputs/figures/active/png/figure_03_tokyo_synthetic_customer_map.png,/Users/tstakuma/Desktop/github/research/06_outputs/figures/active/png/figure_03_tokyo_synthetic_customer_map.png,06_outputs/figures/active/png/figure_03_tokyo_synthetic_customer_map.png,06_outputs/figures/active/png/figure_03_tokyo_synthetic_customer_map.png,622,20260711,,normalized retained research artifact name,renamed
/Users/tstakuma/Desktop/github/research/06_outputs/figures/active/png/figure_04_route_proxy_map.png,/Users/tstakuma/Desktop/github/research/06_outputs/figures/active/png/figure_04_route_proxy_map.png,06_outputs/figures/active/png/figure_04_route_proxy_map.png,06_outputs/figures/active/png/figure_04_route_proxy_map.png,623,20260711,,normalized retained research artifact name,renamed
/Users/tstakuma/Desktop/github/research/06_outputs/figures/active/png/figure_05_route_distance_distribution.png,/Users/tstakuma/Desktop/github/research/06_outputs/figures/active/png/figure_05_route_distance_distribution.png,06_outputs/figures/active/png/figure_05_route_distance_distribution.png,06_outputs/figures/active/png/figure_05_route_distance_distribution.png,624,20260711,,normalized retained research artifact name,renamed
/Users/tstakuma/Desktop/github/research/06_outputs/figures/active/png/figure_06_constraint_unmet_rate.png,/Users/tstakuma/Desktop/github/research/06_outputs/figures/active/png/figure_06_constraint_unmet_rate.png,06_outputs/figures/active/png/figure_06_constraint_unmet_rate.png,06_outputs/figures/active/png/figure_06_constraint_unmet_rate.png,625,20260711,,normalized retained research artifact name,renamed
/Users/tstakuma/Desktop/github/research/06_outputs/figures/active/png/figure_07_seed_variability.png,/Users/tstakuma/Desktop/github/research/06_outputs/figures/active/png/figure_07_seed_variability.png,06_outputs/figures/active/png/figure_07_seed_variability.png,06_outputs/figures/active/png/figure_07_seed_variability.png,626,20260711,,normalized retained research artifact name,renamed
/Users/tstakuma/Desktop/github/research/06_outputs/figures/active/png/figure_08_scenario_confidence_intervals.png,/Users/tstakuma/Desktop/github/research/06_outputs/figures/active/png/figure_08_scenario_confidence_intervals.png,06_outputs/figures/active/png/figure_08_scenario_confidence_intervals.png,06_outputs/figures/active/png/figure_08_scenario_confidence_intervals.png,627,20260711,,normalized retained research artifact name,renamed
/Users/tstakuma/Desktop/github/research/06_outputs/figures/active/png/figure_09_parameter_sensitivity_heatmap.png,/Users/tstakuma/Desktop/github/research/06_outputs/figures/active/png/figure_09_parameter_sensitivity_heatmap.png,06_outputs/figures/active/png/figure_09_parameter_sensitivity_heatmap.png,06_outputs/figures/active/png/figure_09_parameter_sensitivity_heatmap.png,628,20260711,,normalized retained research artifact name,renamed
/Users/tstakuma/Desktop/github/research/06_outputs/figures/active/png/figure_10_tornado_chart.png,/Users/tstakuma/Desktop/github/research/06_outputs/figures/active/png/figure_10_tornado_chart.png,06_outputs/figures/active/png/figure_10_tornado_chart.png,06_outputs/figures/active/png/figure_10_tornado_chart.png,629,20260711,,normalized retained research artifact name,renamed
/Users/tstakuma/Desktop/github/research/06_outputs/figures/active/png/figure_11_charger_candidate_distribution.png,/Users/tstakuma/Desktop/github/research/06_outputs/figures/active/png/figure_11_charger_candidate_distribution.png,06_outputs/figures/active/png/figure_11_charger_candidate_distribution.png,06_outputs/figures/active/png/figure_11_charger_candidate_distribution.png,630,20260711,,normalized retained research artifact name,renamed
/Users/tstakuma/Desktop/github/research/06_outputs/figures/active/png/figure_12_nearest_charger_distance_distribution.png,/Users/tstakuma/Desktop/github/research/06_outputs/figures/active/png/figure_12_nearest_charger_distance_distribution.png,06_outputs/figures/active/png/figure_12_nearest_charger_distance_distribution.png,06_outputs/figures/active/png/figure_12_nearest_charger_distance_distribution.png,631,20260711,,normalized retained research artifact name,renamed
/Users/tstakuma/Desktop/github/research/06_outputs/figures/active/png/figure_13_charger_access_feasibility_by_scenario.png,/Users/tstakuma/Desktop/github/research/06_outputs/figures/active/png/figure_13_charger_access_feasibility_by_scenario.png,06_outputs/figures/active/png/figure_13_charger_access_feasibility_by_scenario.png,06_outputs/figures/active/png/figure_13_charger_access_feasibility_by_scenario.png,632,20260711,,normalized retained research artifact name,renamed
/Users/tstakuma/Desktop/github/research/06_outputs/figures/active/png/figure_14_charging_assisted_range_feasibility_by_scenario.png,/Users/tstakuma/Desktop/github/research/06_outputs/figures/active/png/figure_14_charging_assisted_range_feasibility_by_scenario.png,06_outputs/figures/active/png/figure_14_charging_assisted_range_feasibility_by_scenario.png,06_outputs/figures/active/png/figure_14_charging_assisted_range_feasibility_by_scenario.png,633,20260711,,normalized retained research artifact name,renamed
/Users/tstakuma/Desktop/github/research/06_outputs/figures/active/png/figure_15_quantum_vrp_evidence_landscape.png,/Users/tstakuma/Desktop/github/research/06_outputs/figures/active/png/figure_15_quantum_vrp_evidence_landscape.png,06_outputs/figures/active/png/figure_15_quantum_vrp_evidence_landscape.png,06_outputs/figures/active/png/figure_15_quantum_vrp_evidence_landscape.png,634,20260711,,normalized retained research artifact name,renamed
/Users/tstakuma/Desktop/github/research/06_outputs/figures/active/png/figure_16_integrated_research_priority_matrix.png,/Users/tstakuma/Desktop/github/research/06_outputs/figures/active/png/figure_16_integrated_research_priority_matrix.png,06_outputs/figures/active/png/figure_16_integrated_research_priority_matrix.png,06_outputs/figures/active/png/figure_16_integrated_research_priority_matrix.png,635,20260711,,normalized retained research artifact name,renamed
/Users/tstakuma/Desktop/github/research/06_outputs/figures/active/png/figure_17_assumptions_and_limitations.png,/Users/tstakuma/Desktop/github/research/06_outputs/figures/active/png/figure_17_assumptions_and_limitations.png,06_outputs/figures/active/png/figure_17_assumptions_and_limitations.png,06_outputs/figures/active/png/figure_17_assumptions_and_limitations.png,636,20260711,,normalized retained research artifact name,renamed
/Users/tstakuma/Desktop/github/research/06_outputs/figures/active/png/slide_15_generated_scenario_map.png,/Users/tstakuma/Desktop/github/research/06_outputs/figures/active/png/slide_15_generated_scenario_map.png,06_outputs/figures/active/png/slide_15_generated_scenario_map.png,06_outputs/figures/active/png/slide_15_generated_scenario_map.png,637,20260711,,normalized retained research artifact name,renamed
/Users/tstakuma/Desktop/github/research/06_outputs/figures/active/source_data/figure_01_data_to_analysis_pipeline.csv,/Users/tstakuma/Desktop/github/research/06_outputs/figures/active/source_data/figure_01_data_to_analysis_pipeline.csv,06_outputs/figures/active/source_data/figure_01_data_to_analysis_pipeline.csv,06_outputs/figures/active/source_data/figure_01_data_to_analysis_pipeline.csv,638,20260711,,normalized retained research artifact name,renamed
/Users/tstakuma/Desktop/github/research/06_outputs/figures/active/source_data/figure_02_scenario_design_matrix.csv,/Users/tstakuma/Desktop/github/research/06_outputs/figures/active/source_data/figure_02_scenario_design_matrix.csv,06_outputs/figures/active/source_data/figure_02_scenario_design_matrix.csv,06_outputs/figures/active/source_data/figure_02_scenario_design_matrix.csv,639,20260711,,normalized retained research artifact name,renamed
/Users/tstakuma/Desktop/github/research/06_outputs/figures/active/source_data/figure_03_tokyo_synthetic_customer_map.csv,/Users/tstakuma/Desktop/github/research/06_outputs/figures/active/source_data/figure_03_tokyo_synthetic_customer_map.csv,06_outputs/figures/active/source_data/figure_03_tokyo_synthetic_customer_map.csv,06_outputs/figures/active/source_data/figure_03_tokyo_synthetic_customer_map.csv,640,20260711,,normalized retained research artifact name,renamed
/Users/tstakuma/Desktop/github/research/06_outputs/figures/active/source_data/figure_04_route_proxy_map.csv,/Users/tstakuma/Desktop/github/research/06_outputs/figures/active/source_data/figure_04_route_proxy_map.csv,06_outputs/figures/active/source_data/figure_04_route_proxy_map.csv,06_outputs/figures/active/source_data/figure_04_route_proxy_map.csv,641,20260711,,normalized retained research artifact name,renamed
/Users/tstakuma/Desktop/github/research/06_outputs/figures/active/source_data/figure_05_route_distance_distribution.csv,/Users/tstakuma/Desktop/github/research/06_outputs/figures/active/source_data/figure_05_route_distance_distribution.csv,06_outputs/figures/active/source_data/figure_05_route_distance_distribution.csv,06_outputs/figures/active/source_data/figure_05_route_distance_distribution.csv,642,20260711,,normalized retained research artifact name,renamed
/Users/tstakuma/Desktop/github/research/06_outputs/figures/active/source_data/figure_06_constraint_unmet_rate.csv,/Users/tstakuma/Desktop/github/research/06_outputs/figures/active/source_data/figure_06_constraint_unmet_rate.csv,06_outputs/figures/active/source_data/figure_06_constraint_unmet_rate.csv,06_outputs/figures/active/source_data/figure_06_constraint_unmet_rate.csv,643,20260711,,normalized retained research artifact name,renamed
/Users/tstakuma/Desktop/github/research/06_outputs/figures/active/source_data/figure_07_seed_variability.csv,/Users/tstakuma/Desktop/github/research/06_outputs/figures/active/source_data/figure_07_seed_variability.csv,06_outputs/figures/active/source_data/figure_07_seed_variability.csv,06_outputs/figures/active/source_data/figure_07_seed_variability.csv,644,20260711,,normalized retained research artifact name,renamed
/Users/tstakuma/Desktop/github/research/06_outputs/figures/active/source_data/figure_08_scenario_confidence_intervals.csv,/Users/tstakuma/Desktop/github/research/06_outputs/figures/active/source_data/figure_08_scenario_confidence_intervals.csv,06_outputs/figures/active/source_data/figure_08_scenario_confidence_intervals.csv,06_outputs/figures/active/source_data/figure_08_scenario_confidence_intervals.csv,645,20260711,,normalized retained research artifact name,renamed
/Users/tstakuma/Desktop/github/research/06_outputs/figures/active/source_data/figure_09_parameter_sensitivity_heatmap.csv,/Users/tstakuma/Desktop/github/research/06_outputs/figures/active/source_data/figure_09_parameter_sensitivity_heatmap.csv,06_outputs/figures/active/source_data/figure_09_parameter_sensitivity_heatmap.csv,06_outputs/figures/active/source_data/figure_09_parameter_sensitivity_heatmap.csv,646,20260711,,normalized retained research artifact name,renamed
/Users/tstakuma/Desktop/github/research/06_outputs/figures/active/source_data/figure_10_tornado_chart.csv,/Users/tstakuma/Desktop/github/research/06_outputs/figures/active/source_data/figure_10_tornado_chart.csv,06_outputs/figures/active/source_data/figure_10_tornado_chart.csv,06_outputs/figures/active/source_data/figure_10_tornado_chart.csv,647,20260711,,normalized retained research artifact name,renamed
/Users/tstakuma/Desktop/github/research/06_outputs/figures/active/source_data/figure_11_charger_candidate_distribution.csv,/Users/tstakuma/Desktop/github/research/06_outputs/figures/active/source_data/figure_11_charger_candidate_distribution.csv,06_outputs/figures/active/source_data/figure_11_charger_candidate_distribution.csv,06_outputs/figures/active/source_data/figure_11_charger_candidate_distribution.csv,648,20260711,,normalized retained research artifact name,renamed
/Users/tstakuma/Desktop/github/research/06_outputs/figures/active/source_data/figure_12_nearest_charger_distance_distribution.csv,/Users/tstakuma/Desktop/github/research/06_outputs/figures/active/source_data/figure_12_nearest_charger_distance_distribution.csv,06_outputs/figures/active/source_data/figure_12_nearest_charger_distance_distribution.csv,06_outputs/figures/active/source_data/figure_12_nearest_charger_distance_distribution.csv,649,20260711,,normalized retained research artifact name,renamed
/Users/tstakuma/Desktop/github/research/06_outputs/figures/active/source_data/figure_13_charger_access_feasibility_by_scenario.csv,/Users/tstakuma/Desktop/github/research/06_outputs/figures/active/source_data/figure_13_charger_access_feasibility_by_scenario.csv,06_outputs/figures/active/source_data/figure_13_charger_access_feasibility_by_scenario.csv,06_outputs/figures/active/source_data/figure_13_charger_access_feasibility_by_scenario.csv,650,20260711,,normalized retained research artifact name,renamed
/Users/tstakuma/Desktop/github/research/06_outputs/figures/active/source_data/figure_14_charging_assisted_range_feasibility_by_scenario.csv,/Users/tstakuma/Desktop/github/research/06_outputs/figures/active/source_data/figure_14_charging_assisted_range_feasibility_by_scenario.csv,06_outputs/figures/active/source_data/figure_14_charging_assisted_range_feasibility_by_scenario.csv,06_outputs/figures/active/source_data/figure_14_charging_assisted_range_feasibility_by_scenario.csv,651,20260711,,normalized retained research artifact name,renamed
/Users/tstakuma/Desktop/github/research/06_outputs/figures/active/source_data/figure_15_quantum_vrp_evidence_landscape.csv,/Users/tstakuma/Desktop/github/research/06_outputs/figures/active/source_data/figure_15_quantum_vrp_evidence_landscape.csv,06_outputs/figures/active/source_data/figure_15_quantum_vrp_evidence_landscape.csv,06_outputs/figures/active/source_data/figure_15_quantum_vrp_evidence_landscape.csv,652,20260711,,normalized retained research artifact name,renamed
/Users/tstakuma/Desktop/github/research/06_outputs/figures/active/source_data/figure_16_integrated_research_priority_matrix.csv,/Users/tstakuma/Desktop/github/research/06_outputs/figures/active/source_data/figure_16_integrated_research_priority_matrix.csv,06_outputs/figures/active/source_data/figure_16_integrated_research_priority_matrix.csv,06_outputs/figures/active/source_data/figure_16_integrated_research_priority_matrix.csv,653,20260711,,normalized retained research artifact name,renamed
/Users/tstakuma/Desktop/github/research/06_outputs/figures/active/source_data/figure_17_assumptions_and_limitations.csv,/Users/tstakuma/Desktop/github/research/06_outputs/figures/active/source_data/figure_17_assumptions_and_limitations.csv,06_outputs/figures/active/source_data/figure_17_assumptions_and_limitations.csv,06_outputs/figures/active/source_data/figure_17_assumptions_and_limitations.csv,654,20260711,,normalized retained research artifact name,renamed
/Users/tstakuma/Desktop/github/research/06_outputs/figures/active/source_data/slide_15_generated_scenario_map.csv,/Users/tstakuma/Desktop/github/research/06_outputs/figures/active/source_data/slide_15_generated_scenario_map.csv,06_outputs/figures/active/source_data/slide_15_generated_scenario_map.csv,06_outputs/figures/active/source_data/slide_15_generated_scenario_map.csv,655,20260711,,normalized retained research artifact name,renamed
/Users/tstakuma/Desktop/github/research/06_outputs/figures/active/svg/figure_01_data_to_analysis_pipeline.svg,/Users/tstakuma/Desktop/github/research/06_outputs/figures/active/svg/figure_01_data_to_analysis_pipeline.svg,06_outputs/figures/active/svg/figure_01_data_to_analysis_pipeline.svg,06_outputs/figures/active/svg/figure_01_data_to_analysis_pipeline.svg,656,20260711,,normalized retained research artifact name,renamed
/Users/tstakuma/Desktop/github/research/06_outputs/figures/active/svg/figure_02_scenario_design_matrix.svg,/Users/tstakuma/Desktop/github/research/06_outputs/figures/active/svg/figure_02_scenario_design_matrix.svg,06_outputs/figures/active/svg/figure_02_scenario_design_matrix.svg,06_outputs/figures/active/svg/figure_02_scenario_design_matrix.svg,657,20260711,,normalized retained research artifact name,renamed
/Users/tstakuma/Desktop/github/research/06_outputs/figures/active/svg/figure_03_tokyo_synthetic_customer_map.svg,/Users/tstakuma/Desktop/github/research/06_outputs/figures/active/svg/figure_03_tokyo_synthetic_customer_map.svg,06_outputs/figures/active/svg/figure_03_tokyo_synthetic_customer_map.svg,06_outputs/figures/active/svg/figure_03_tokyo_synthetic_customer_map.svg,658,20260711,,normalized retained research artifact name,renamed
/Users/tstakuma/Desktop/github/research/06_outputs/figures/active/svg/figure_04_route_proxy_map.svg,/Users/tstakuma/Desktop/github/research/06_outputs/figures/active/svg/figure_04_route_proxy_map.svg,06_outputs/figures/active/svg/figure_04_route_proxy_map.svg,06_outputs/figures/active/svg/figure_04_route_proxy_map.svg,659,20260711,,normalized retained research artifact name,renamed
/Users/tstakuma/Desktop/github/research/06_outputs/figures/active/svg/figure_05_route_distance_distribution.svg,/Users/tstakuma/Desktop/github/research/06_outputs/figures/active/svg/figure_05_route_distance_distribution.svg,06_outputs/figures/active/svg/figure_05_route_distance_distribution.svg,06_outputs/figures/active/svg/figure_05_route_distance_distribution.svg,660,20260711,,normalized retained research artifact name,renamed
/Users/tstakuma/Desktop/github/research/06_outputs/figures/active/svg/figure_06_constraint_unmet_rate.svg,/Users/tstakuma/Desktop/github/research/06_outputs/figures/active/svg/figure_06_constraint_unmet_rate.svg,06_outputs/figures/active/svg/figure_06_constraint_unmet_rate.svg,06_outputs/figures/active/svg/figure_06_constraint_unmet_rate.svg,661,20260711,,normalized retained research artifact name,renamed
/Users/tstakuma/Desktop/github/research/06_outputs/figures/active/svg/figure_07_seed_variability.svg,/Users/tstakuma/Desktop/github/research/06_outputs/figures/active/svg/figure_07_seed_variability.svg,06_outputs/figures/active/svg/figure_07_seed_variability.svg,06_outputs/figures/active/svg/figure_07_seed_variability.svg,662,20260711,,normalized retained research artifact name,renamed
/Users/tstakuma/Desktop/github/research/06_outputs/figures/active/svg/figure_08_scenario_confidence_intervals.svg,/Users/tstakuma/Desktop/github/research/06_outputs/figures/active/svg/figure_08_scenario_confidence_intervals.svg,06_outputs/figures/active/svg/figure_08_scenario_confidence_intervals.svg,06_outputs/figures/active/svg/figure_08_scenario_confidence_intervals.svg,663,20260711,,normalized retained research artifact name,renamed
/Users/tstakuma/Desktop/github/research/06_outputs/figures/active/svg/figure_09_parameter_sensitivity_heatmap.svg,/Users/tstakuma/Desktop/github/research/06_outputs/figures/active/svg/figure_09_parameter_sensitivity_heatmap.svg,06_outputs/figures/active/svg/figure_09_parameter_sensitivity_heatmap.svg,06_outputs/figures/active/svg/figure_09_parameter_sensitivity_heatmap.svg,664,20260711,,normalized retained research artifact name,renamed
/Users/tstakuma/Desktop/github/research/06_outputs/figures/active/svg/figure_10_tornado_chart.svg,/Users/tstakuma/Desktop/github/research/06_outputs/figures/active/svg/figure_10_tornado_chart.svg,06_outputs/figures/active/svg/figure_10_tornado_chart.svg,06_outputs/figures/active/svg/figure_10_tornado_chart.svg,665,20260711,,normalized retained research artifact name,renamed
/Users/tstakuma/Desktop/github/research/06_outputs/figures/active/svg/figure_11_charger_candidate_distribution.svg,/Users/tstakuma/Desktop/github/research/06_outputs/figures/active/svg/figure_11_charger_candidate_distribution.svg,06_outputs/figures/active/svg/figure_11_charger_candidate_distribution.svg,06_outputs/figures/active/svg/figure_11_charger_candidate_distribution.svg,666,20260711,,normalized retained research artifact name,renamed
/Users/tstakuma/Desktop/github/research/06_outputs/figures/active/svg/figure_12_nearest_charger_distance_distribution.svg,/Users/tstakuma/Desktop/github/research/06_outputs/figures/active/svg/figure_12_nearest_charger_distance_distribution.svg,06_outputs/figures/active/svg/figure_12_nearest_charger_distance_distribution.svg,06_outputs/figures/active/svg/figure_12_nearest_charger_distance_distribution.svg,667,20260711,,normalized retained research artifact name,renamed
/Users/tstakuma/Desktop/github/research/06_outputs/figures/active/svg/figure_13_charger_access_feasibility_by_scenario.svg,/Users/tstakuma/Desktop/github/research/06_outputs/figures/active/svg/figure_13_charger_access_feasibility_by_scenario.svg,06_outputs/figures/active/svg/figure_13_charger_access_feasibility_by_scenario.svg,06_outputs/figures/active/svg/figure_13_charger_access_feasibility_by_scenario.svg,668,20260711,,normalized retained research artifact name,renamed
/Users/tstakuma/Desktop/github/research/06_outputs/figures/active/svg/figure_14_charging_assisted_range_feasibility_by_scenario.svg,/Users/tstakuma/Desktop/github/research/06_outputs/figures/active/svg/figure_14_charging_assisted_range_feasibility_by_scenario.svg,06_outputs/figures/active/svg/figure_14_charging_assisted_range_feasibility_by_scenario.svg,06_outputs/figures/active/svg/figure_14_charging_assisted_range_feasibility_by_scenario.svg,669,20260711,,normalized retained research artifact name,renamed
/Users/tstakuma/Desktop/github/research/06_outputs/figures/active/svg/figure_15_quantum_vrp_evidence_landscape.svg,/Users/tstakuma/Desktop/github/research/06_outputs/figures/active/svg/figure_15_quantum_vrp_evidence_landscape.svg,06_outputs/figures/active/svg/figure_15_quantum_vrp_evidence_landscape.svg,06_outputs/figures/active/svg/figure_15_quantum_vrp_evidence_landscape.svg,670,20260711,,normalized retained research artifact name,renamed
/Users/tstakuma/Desktop/github/research/06_outputs/figures/active/svg/figure_16_integrated_research_priority_matrix.svg,/Users/tstakuma/Desktop/github/research/06_outputs/figures/active/svg/figure_16_integrated_research_priority_matrix.svg,06_outputs/figures/active/svg/figure_16_integrated_research_priority_matrix.svg,06_outputs/figures/active/svg/figure_16_integrated_research_priority_matrix.svg,671,20260711,,normalized retained research artifact name,renamed
/Users/tstakuma/Desktop/github/research/06_outputs/figures/active/svg/figure_17_assumptions_and_limitations.svg,/Users/tstakuma/Desktop/github/research/06_outputs/figures/active/svg/figure_17_assumptions_and_limitations.svg,06_outputs/figures/active/svg/figure_17_assumptions_and_limitations.svg,06_outputs/figures/active/svg/figure_17_assumptions_and_limitations.svg,672,20260711,,normalized retained research artifact name,renamed
/Users/tstakuma/Desktop/github/research/06_outputs/figures/active/svg/slide_15_generated_scenario_map.svg,/Users/tstakuma/Desktop/github/research/06_outputs/figures/active/svg/slide_15_generated_scenario_map.svg,06_outputs/figures/active/svg/slide_15_generated_scenario_map.svg,06_outputs/figures/active/svg/slide_15_generated_scenario_map.svg,673,20260711,,normalized retained research artifact name,renamed
/Users/tstakuma/Desktop/github/research/06_outputs/reports/logs/analysis_csv_generation.stderr.log,/Users/tstakuma/Desktop/github/research/06_outputs/reports/logs/674_20260711_analysis_csv_generation_stderr.log,06_outputs/reports/logs/analysis_csv_generation.stderr.log,06_outputs/reports/logs/674_20260711_analysis_csv_generation_stderr.log,674,20260711,,normalized retained research artifact name,renamed
/Users/tstakuma/Desktop/github/research/06_outputs/reports/logs/analysis_csv_generation.stdout.log,/Users/tstakuma/Desktop/github/research/06_outputs/reports/logs/675_20260711_analysis_csv_generation_stdout.log,06_outputs/reports/logs/analysis_csv_generation.stdout.log,06_outputs/reports/logs/675_20260711_analysis_csv_generation_stdout.log,675,20260711,,normalized retained research artifact name,renamed
/Users/tstakuma/Desktop/github/research/06_outputs/reports/logs/csv_driven_rendering.stderr.log,/Users/tstakuma/Desktop/github/research/06_outputs/reports/logs/676_20260711_csv_driven_rendering_stderr.log,06_outputs/reports/logs/csv_driven_rendering.stderr.log,06_outputs/reports/logs/676_20260711_csv_driven_rendering_stderr.log,676,20260711,,normalized retained research artifact name,renamed
/Users/tstakuma/Desktop/github/research/06_outputs/reports/logs/csv_driven_rendering.stdout.log,/Users/tstakuma/Desktop/github/research/06_outputs/reports/logs/677_20260711_csv_driven_rendering_stdout.log,06_outputs/reports/logs/csv_driven_rendering.stdout.log,06_outputs/reports/logs/677_20260711_csv_driven_rendering_stdout.log,677,20260711,,normalized retained research artifact name,renamed
/Users/tstakuma/Desktop/github/research/06_outputs/reports/validation/analysis_output_manifest.csv,/Users/tstakuma/Desktop/github/research/06_outputs/reports/validation/analysis_output_manifest.csv,06_outputs/reports/validation/analysis_output_manifest.csv,06_outputs/reports/validation/analysis_output_manifest.csv,678,20260711,,normalized retained research artifact name,renamed
/Users/tstakuma/Desktop/github/research/06_outputs/reports/validation/execution_status.csv,/Users/tstakuma/Desktop/github/research/06_outputs/reports/validation/execution_status.csv,06_outputs/reports/validation/execution_status.csv,06_outputs/reports/validation/execution_status.csv,679,20260711,,normalized retained research artifact name,renamed
/Users/tstakuma/Desktop/github/research/06_outputs/reports/validation/final_output_manifest.csv,/Users/tstakuma/Desktop/github/research/06_outputs/reports/validation/final_output_manifest.csv,06_outputs/reports/validation/final_output_manifest.csv,06_outputs/reports/validation/final_output_manifest.csv,680,20260711,,normalized retained research artifact name,renamed
/Users/tstakuma/Desktop/github/research/06_outputs/reports/validation/final_validation_summary.csv,/Users/tstakuma/Desktop/github/research/06_outputs/reports/validation/final_validation_summary.csv,06_outputs/reports/validation/final_validation_summary.csv,06_outputs/reports/validation/final_validation_summary.csv,681,20260711,,normalized retained research artifact name,renamed
/Users/tstakuma/Desktop/github/research/06_outputs/reports/validation/input_inventory.csv,/Users/tstakuma/Desktop/github/research/06_outputs/reports/validation/input_inventory.csv,06_outputs/reports/validation/input_inventory.csv,06_outputs/reports/validation/input_inventory.csv,682,20260711,,normalized retained research artifact name,renamed
/Users/tstakuma/Desktop/github/research/06_outputs/reports/validation/notebook_execution_status.csv,/Users/tstakuma/Desktop/github/research/06_outputs/reports/validation/notebook_execution_status.csv,06_outputs/reports/validation/notebook_execution_status.csv,06_outputs/reports/validation/notebook_execution_status.csv,683,20260711,,normalized retained research artifact name,renamed
/Users/tstakuma/Desktop/github/research/06_outputs/reports/validation/render_output_manifest.csv,/Users/tstakuma/Desktop/github/research/06_outputs/reports/validation/render_output_manifest.csv,06_outputs/reports/validation/render_output_manifest.csv,06_outputs/reports/validation/render_output_manifest.csv,684,20260711,,normalized retained research artifact name,renamed
/Users/tstakuma/Desktop/github/research/06_outputs/reports/validation/render_status.csv,/Users/tstakuma/Desktop/github/research/06_outputs/reports/validation/render_status.csv,06_outputs/reports/validation/render_status.csv,06_outputs/reports/validation/render_status.csv,685,20260711,,normalized retained research artifact name,renamed
/Users/tstakuma/Desktop/github/research/06_outputs/reports/validation/research_integrity_checks.csv,/Users/tstakuma/Desktop/github/research/06_outputs/reports/validation/research_integrity_checks.csv,06_outputs/reports/validation/research_integrity_checks.csv,06_outputs/reports/validation/research_integrity_checks.csv,686,20260711,,normalized retained research artifact name,renamed
/Users/tstakuma/Desktop/github/research/06_outputs/reports/validation/statistical_validation.csv,/Users/tstakuma/Desktop/github/research/06_outputs/reports/validation/statistical_validation.csv,06_outputs/reports/validation/statistical_validation.csv,06_outputs/reports/validation/statistical_validation.csv,687,20260711,,normalized retained research artifact name,renamed
/Users/tstakuma/Desktop/github/research/06_outputs/tables/csv/table_01_scenario_design.csv,/Users/tstakuma/Desktop/github/research/06_outputs/tables/csv/table_01_scenario_design.csv,06_outputs/tables/csv/table_01_scenario_design.csv,06_outputs/tables/csv/table_01_scenario_design.csv,688,20260711,,normalized retained research artifact name,renamed
/Users/tstakuma/Desktop/github/research/06_outputs/tables/csv/table_02_constraint_unmet_variability.csv,/Users/tstakuma/Desktop/github/research/06_outputs/tables/csv/table_02_constraint_unmet_variability.csv,06_outputs/tables/csv/table_02_constraint_unmet_variability.csv,06_outputs/tables/csv/table_02_constraint_unmet_variability.csv,689,20260711,,normalized retained research artifact name,renamed
/Users/tstakuma/Desktop/github/research/06_outputs/tables/csv/table_03_quantum_vrp_gap.csv,/Users/tstakuma/Desktop/github/research/06_outputs/tables/csv/table_03_quantum_vrp_gap.csv,06_outputs/tables/csv/table_03_quantum_vrp_gap.csv,06_outputs/tables/csv/table_03_quantum_vrp_gap.csv,690,20260711,,normalized retained research artifact name,renamed
/Users/tstakuma/Desktop/github/research/06_outputs/tables/csv/table_04_integrated_research_summary.csv,/Users/tstakuma/Desktop/github/research/06_outputs/tables/csv/table_04_integrated_research_summary.csv,06_outputs/tables/csv/table_04_integrated_research_summary.csv,06_outputs/tables/csv/table_04_integrated_research_summary.csv,691,20260711,,normalized retained research artifact name,renamed
/Users/tstakuma/Desktop/github/research/06_outputs/tables/csv/table_05_constraint_interpretation_full.csv,/Users/tstakuma/Desktop/github/research/06_outputs/tables/csv/table_05_constraint_interpretation_full.csv,06_outputs/tables/csv/table_05_constraint_interpretation_full.csv,06_outputs/tables/csv/table_05_constraint_interpretation_full.csv,692,20260711,,normalized retained research artifact name,renamed
/Users/tstakuma/Desktop/github/research/06_outputs/tables/csv/table_05_constraint_interpretation_slide.csv,/Users/tstakuma/Desktop/github/research/06_outputs/tables/csv/table_05_constraint_interpretation_slide.csv,06_outputs/tables/csv/table_05_constraint_interpretation_slide.csv,06_outputs/tables/csv/table_05_constraint_interpretation_slide.csv,693,20260711,,normalized retained research artifact name,renamed
/Users/tstakuma/Desktop/github/research/06_outputs/tables/png/table_01_scenario_design.png,/Users/tstakuma/Desktop/github/research/06_outputs/tables/png/table_01_scenario_design.png,06_outputs/tables/png/table_01_scenario_design.png,06_outputs/tables/png/table_01_scenario_design.png,694,20260711,,normalized retained research artifact name,renamed
/Users/tstakuma/Desktop/github/research/06_outputs/tables/png/table_02_constraint_unmet_variability.png,/Users/tstakuma/Desktop/github/research/06_outputs/tables/png/table_02_constraint_unmet_variability.png,06_outputs/tables/png/table_02_constraint_unmet_variability.png,06_outputs/tables/png/table_02_constraint_unmet_variability.png,695,20260711,,normalized retained research artifact name,renamed
/Users/tstakuma/Desktop/github/research/06_outputs/tables/png/table_03_quantum_vrp_gap.png,/Users/tstakuma/Desktop/github/research/06_outputs/tables/png/table_03_quantum_vrp_gap.png,06_outputs/tables/png/table_03_quantum_vrp_gap.png,06_outputs/tables/png/table_03_quantum_vrp_gap.png,696,20260711,,normalized retained research artifact name,renamed
/Users/tstakuma/Desktop/github/research/06_outputs/tables/png/table_04_integrated_research_summary.png,/Users/tstakuma/Desktop/github/research/06_outputs/tables/png/table_04_integrated_research_summary.png,06_outputs/tables/png/table_04_integrated_research_summary.png,06_outputs/tables/png/table_04_integrated_research_summary.png,697,20260711,,normalized retained research artifact name,renamed
/Users/tstakuma/Desktop/github/research/06_outputs/tables/png/table_05_constraint_interpretation_full.png,/Users/tstakuma/Desktop/github/research/06_outputs/tables/png/table_05_constraint_interpretation_full.png,06_outputs/tables/png/table_05_constraint_interpretation_full.png,06_outputs/tables/png/table_05_constraint_interpretation_full.png,698,20260711,,normalized retained research artifact name,renamed
/Users/tstakuma/Desktop/github/research/06_outputs/tables/png/table_05_constraint_interpretation_slide.png,/Users/tstakuma/Desktop/github/research/06_outputs/tables/png/table_05_constraint_interpretation_slide.png,06_outputs/tables/png/table_05_constraint_interpretation_slide.png,06_outputs/tables/png/table_05_constraint_interpretation_slide.png,699,20260711,,normalized retained research artifact name,renamed
/Users/tstakuma/Desktop/github/research/06_outputs/tables/stage_layer_table_d/figure_1_width_extraction_audit.csv,/Users/tstakuma/Desktop/github/research/06_outputs/tables/stage_layer_table_d/figure_1_width_extraction_audit.csv,06_outputs/tables/stage_layer_table_d/figure_1_width_extraction_audit.csv,06_outputs/tables/stage_layer_table_d/figure_1_width_extraction_audit.csv,600,20260711,v02,normalized retained research artifact name,renamed
/Users/tstakuma/Desktop/github/research/06_outputs/tables/stage_layer_table_d/qrl_wise_srl_score_summary.csv,/Users/tstakuma/Desktop/github/research/06_outputs/tables/stage_layer_table_d/qrl_wise_srl_score_summary.csv,06_outputs/tables/stage_layer_table_d/qrl_wise_srl_score_summary.csv,06_outputs/tables/stage_layer_table_d/qrl_wise_srl_score_summary.csv,601,20260711,v02,normalized retained research artifact name,renamed
/Users/tstakuma/Desktop/github/research/06_outputs/tables/stage_layer_table_d/quantum_social_readiness_explanatory_table.csv,/Users/tstakuma/Desktop/github/research/06_outputs/tables/stage_layer_table_d/quantum_social_readiness_explanatory_table.csv,06_outputs/tables/stage_layer_table_d/quantum_social_readiness_explanatory_table.csv,06_outputs/tables/stage_layer_table_d/quantum_social_readiness_explanatory_table.csv,602,20260703,v02,normalized retained research artifact name,renamed
/Users/tstakuma/Desktop/github/research/06_outputs/tables/stage_layer_table_d/quantum_social_readiness_key_messages.csv,/Users/tstakuma/Desktop/github/research/06_outputs/tables/stage_layer_table_d/quantum_social_readiness_key_messages.csv,06_outputs/tables/stage_layer_table_d/quantum_social_readiness_key_messages.csv,06_outputs/tables/stage_layer_table_d/quantum_social_readiness_key_messages.csv,603,20260703,v02,normalized retained research artifact name,renamed
/Users/tstakuma/Desktop/github/research/06_outputs/tables/stage_layer_table_d/srl_qrl_placement_from_figure_1_data.csv,/Users/tstakuma/Desktop/github/research/06_outputs/tables/stage_layer_table_d/srl_qrl_placement_from_figure_1_data.csv,06_outputs/tables/stage_layer_table_d/srl_qrl_placement_from_figure_1_data.csv,06_outputs/tables/stage_layer_table_d/srl_qrl_placement_from_figure_1_data.csv,604,20260711,v02,normalized retained research artifact name,renamed
/Users/tstakuma/Desktop/github/research/06_outputs/tables/stage_layer_table_d/srl_qrl_width_definition_registry.csv,/Users/tstakuma/Desktop/github/research/06_outputs/tables/stage_layer_table_d/srl_qrl_width_definition_registry.csv,06_outputs/tables/stage_layer_table_d/srl_qrl_width_definition_registry.csv,06_outputs/tables/stage_layer_table_d/srl_qrl_width_definition_registry.csv,605,20260711,v02,normalized retained research artifact name,renamed
/Users/tstakuma/Desktop/github/research/06_outputs/tables/svg/table_01_scenario_design.svg,/Users/tstakuma/Desktop/github/research/06_outputs/tables/svg/table_01_scenario_design.svg,06_outputs/tables/svg/table_01_scenario_design.svg,06_outputs/tables/svg/table_01_scenario_design.svg,606,20260711,v02,normalized retained research artifact name,renamed
/Users/tstakuma/Desktop/github/research/06_outputs/tables/svg/table_02_constraint_unmet_variability.svg,/Users/tstakuma/Desktop/github/research/06_outputs/tables/svg/table_02_constraint_unmet_variability.svg,06_outputs/tables/svg/table_02_constraint_unmet_variability.svg,06_outputs/tables/svg/table_02_constraint_unmet_variability.svg,607,20260711,v02,normalized retained research artifact name,renamed
/Users/tstakuma/Desktop/github/research/06_outputs/tables/svg/table_03_quantum_vrp_gap.svg,/Users/tstakuma/Desktop/github/research/06_outputs/tables/svg/table_03_quantum_vrp_gap.svg,06_outputs/tables/svg/table_03_quantum_vrp_gap.svg,06_outputs/tables/svg/table_03_quantum_vrp_gap.svg,608,20260711,v02,normalized retained research artifact name,renamed
/Users/tstakuma/Desktop/github/research/06_outputs/tables/svg/table_04_integrated_research_summary.svg,/Users/tstakuma/Desktop/github/research/06_outputs/tables/svg/table_04_integrated_research_summary.svg,06_outputs/tables/svg/table_04_integrated_research_summary.svg,06_outputs/tables/svg/table_04_integrated_research_summary.svg,609,20260711,v02,normalized retained research artifact name,renamed
/Users/tstakuma/Desktop/github/research/06_outputs/tables/svg/table_05_constraint_interpretation_full.svg,/Users/tstakuma/Desktop/github/research/06_outputs/tables/svg/table_05_constraint_interpretation_full.svg,06_outputs/tables/svg/table_05_constraint_interpretation_full.svg,06_outputs/tables/svg/table_05_constraint_interpretation_full.svg,610,20260711,v02,normalized retained research artifact name,renamed
/Users/tstakuma/Desktop/github/research/06_outputs/tables/svg/table_05_constraint_interpretation_slide.svg,/Users/tstakuma/Desktop/github/research/06_outputs/tables/svg/table_05_constraint_interpretation_slide.svg,06_outputs/tables/svg/table_05_constraint_interpretation_slide.svg,06_outputs/tables/svg/table_05_constraint_interpretation_slide.svg,611,20260711,v02,normalized retained research artifact name,renamed
/Users/tstakuma/Desktop/github/research/02_literature/extraction_tables/circuit_resources.csv,/Users/tstakuma/Desktop/github/research/02_literature/extraction_tables/circuit_resources.csv,02_literature/extraction_tables/circuit_resources.csv,02_literature/extraction_tables/circuit_resources.csv,200,20260625,,normalized retained research artifact name,renamed
/Users/tstakuma/Desktop/github/research/02_literature/extraction_tables/logistics_ev_scenarios.csv,/Users/tstakuma/Desktop/github/research/02_literature/extraction_tables/logistics_ev_scenarios.csv,02_literature/extraction_tables/logistics_ev_scenarios.csv,02_literature/extraction_tables/logistics_ev_scenarios.csv,201,20260625,,normalized retained research artifact name,renamed
/Users/tstakuma/Desktop/github/research/02_literature/extraction_tables/quantum_readiness_evidence.csv,/Users/tstakuma/Desktop/github/research/02_literature/extraction_tables/quantum_readiness_evidence.csv,02_literature/extraction_tables/quantum_readiness_evidence.csv,02_literature/extraction_tables/quantum_readiness_evidence.csv,202,20260625,,normalized retained research artifact name,renamed
/Users/tstakuma/Desktop/github/research/02_literature/extraction_tables/quantum_roadmap_scenarios.csv,/Users/tstakuma/Desktop/github/research/02_literature/extraction_tables/quantum_roadmap_scenarios.csv,02_literature/extraction_tables/quantum_roadmap_scenarios.csv,02_literature/extraction_tables/quantum_roadmap_scenarios.csv,203,20260702,,normalized retained research artifact name,renamed
/Users/tstakuma/Desktop/github/research/02_literature/extraction_tables/resource_table_summary.csv,/Users/tstakuma/Desktop/github/research/02_literature/extraction_tables/resource_table_summary.csv,02_literature/extraction_tables/resource_table_summary.csv,02_literature/extraction_tables/resource_table_summary.csv,204,20260625,,normalized retained research artifact name,renamed
/Users/tstakuma/Desktop/github/research/02_literature/extraction_tables/roadmap_gap_matrix.csv,/Users/tstakuma/Desktop/github/research/02_literature/extraction_tables/roadmap_gap_matrix.csv,02_literature/extraction_tables/roadmap_gap_matrix.csv,02_literature/extraction_tables/roadmap_gap_matrix.csv,205,20260626,,normalized retained research artifact name,renamed
/Users/tstakuma/Desktop/github/research/02_literature/extraction_tables/social_quantum_readiness_alignment.csv,/Users/tstakuma/Desktop/github/research/02_literature/extraction_tables/social_quantum_readiness_alignment.csv,02_literature/extraction_tables/social_quantum_readiness_alignment.csv,02_literature/extraction_tables/social_quantum_readiness_alignment.csv,206,20260626,,normalized retained research artifact name,renamed
/Users/tstakuma/Desktop/github/research/02_literature/extraction_tables/social_stage_sources.csv,/Users/tstakuma/Desktop/github/research/02_literature/extraction_tables/social_stage_sources.csv,02_literature/extraction_tables/social_stage_sources.csv,02_literature/extraction_tables/social_stage_sources.csv,207,20260705,,normalized retained research artifact name,renamed
/Users/tstakuma/Desktop/github/research/02_literature/extraction_tables/social_stage_variable_extraction.csv,/Users/tstakuma/Desktop/github/research/02_literature/extraction_tables/social_stage_variable_extraction.csv,02_literature/extraction_tables/social_stage_variable_extraction.csv,02_literature/extraction_tables/social_stage_variable_extraction.csv,208,20260625,,normalized retained research artifact name,renamed
/Users/tstakuma/Desktop/github/research/02_literature/extraction_tables/srl_qrl_network_edge_weights.csv,/Users/tstakuma/Desktop/github/research/02_literature/extraction_tables/srl_qrl_network_edge_weights.csv,02_literature/extraction_tables/srl_qrl_network_edge_weights.csv,02_literature/extraction_tables/srl_qrl_network_edge_weights.csv,209,20260709,,normalized retained research artifact name,renamed
/Users/tstakuma/Desktop/github/research/02_literature/extraction_tables/technical_stage_sources.csv,/Users/tstakuma/Desktop/github/research/02_literature/extraction_tables/technical_stage_sources.csv,02_literature/extraction_tables/technical_stage_sources.csv,02_literature/extraction_tables/technical_stage_sources.csv,210,20260625,,normalized retained research artifact name,renamed
/Users/tstakuma/Desktop/github/research/02_literature/extraction_tables/technical_stage_variable_extraction.csv,/Users/tstakuma/Desktop/github/research/02_literature/extraction_tables/technical_stage_variable_extraction.csv,02_literature/extraction_tables/technical_stage_variable_extraction.csv,02_literature/extraction_tables/technical_stage_variable_extraction.csv,211,20260625,,normalized retained research artifact name,renamed
/Users/tstakuma/Desktop/github/research/02_literature/extraction_tables/use_case_scenario/morphological_analysis_axes.csv,/Users/tstakuma/Desktop/github/research/02_literature/extraction_tables/use_case_scenario/morphological_analysis_axes.csv,02_literature/extraction_tables/use_case_scenario/morphological_analysis_axes.csv,02_literature/extraction_tables/use_case_scenario/morphological_analysis_axes.csv,212,20260704,,normalized retained research artifact name,renamed
/Users/tstakuma/Desktop/github/research/02_literature/extraction_tables/use_case_scenario/open_data_source_inventory.csv,/Users/tstakuma/Desktop/github/research/02_literature/extraction_tables/use_case_scenario/open_data_source_inventory.csv,02_literature/extraction_tables/use_case_scenario/open_data_source_inventory.csv,02_literature/extraction_tables/use_case_scenario/open_data_source_inventory.csv,213,20260705,,normalized retained research artifact name,renamed
/Users/tstakuma/Desktop/github/research/02_literature/extraction_tables/use_case_scenario/selected_use_case_scope.csv,/Users/tstakuma/Desktop/github/research/02_literature/extraction_tables/use_case_scenario/selected_use_case_scope.csv,02_literature/extraction_tables/use_case_scenario/selected_use_case_scope.csv,02_literature/extraction_tables/use_case_scenario/selected_use_case_scope.csv,214,20260704,,normalized retained research artifact name,renamed
/Users/tstakuma/Desktop/github/research/02_literature/extraction_tables/use_case_scenario/socio_technical_open_data_collection_plan.csv,/Users/tstakuma/Desktop/github/research/02_literature/extraction_tables/use_case_scenario/socio_technical_open_data_collection_plan.csv,02_literature/extraction_tables/use_case_scenario/socio_technical_open_data_collection_plan.csv,02_literature/extraction_tables/use_case_scenario/socio_technical_open_data_collection_plan.csv,215,20260704,,normalized retained research artifact name,renamed
/Users/tstakuma/Desktop/github/research/02_literature/references/papers.csv,/Users/tstakuma/Desktop/github/research/02_literature/references/papers.csv,02_literature/references/papers.csv,02_literature/references/papers.csv,216,20260625,,normalized retained research artifact name,renamed
/Users/tstakuma/Desktop/github/research/02_literature/references/pdf_derived/extraction_report.csv,/Users/tstakuma/Desktop/github/research/02_literature/references/pdf_derived/extraction_report.csv,02_literature/references/pdf_derived/extraction_report.csv,02_literature/references/pdf_derived/extraction_report.csv,217,20260625,,normalized retained research artifact name,renamed
/Users/tstakuma/Desktop/github/research/02_literature/references/pdf_derived/metadata/.gitkeep,/Users/tstakuma/Desktop/github/research/02_literature/references/pdf_derived/metadata/218_20260622_gitkeep,02_literature/references/pdf_derived/metadata/.gitkeep,02_literature/references/pdf_derived/metadata/218_20260622_gitkeep,218,20260622,,normalized retained research artifact name,renamed
/Users/tstakuma/Desktop/github/research/02_literature/references/pdf_derived/metadata/bench-2021-lubinski.json,/Users/tstakuma/Desktop/github/research/02_literature/references/pdf_derived/metadata/219_20260622_bench_2021_lubinski.json,02_literature/references/pdf_derived/metadata/bench-2021-lubinski.json,02_literature/references/pdf_derived/metadata/219_20260622_bench_2021_lubinski.json,219,20260622,,normalized retained research artifact name,renamed
/Users/tstakuma/Desktop/github/research/02_literature/references/pdf_derived/metadata/bench-2023-lubinski-optimization.json,/Users/tstakuma/Desktop/github/research/02_literature/references/pdf_derived/metadata/220_20260622_bench_2023_lubinski_optimization.json,02_literature/references/pdf_derived/metadata/bench-2023-lubinski-optimization.json,02_literature/references/pdf_derived/metadata/220_20260622_bench_2023_lubinski_optimization.json,220,20260622,,normalized retained research artifact name,renamed
/Users/tstakuma/Desktop/github/research/02_literature/references/pdf_derived/metadata/bench-2024-lubinski.json,/Users/tstakuma/Desktop/github/research/02_literature/references/pdf_derived/metadata/221_20260622_bench_2024_lubinski.json,02_literature/references/pdf_derived/metadata/bench-2024-lubinski.json,02_literature/references/pdf_derived/metadata/221_20260622_bench_2024_lubinski.json,221,20260622,,normalized retained research artifact name,renamed
/Users/tstakuma/Desktop/github/research/02_literature/references/pdf_derived/metadata/cvrp-2023-palackal.json,/Users/tstakuma/Desktop/github/research/02_literature/references/pdf_derived/metadata/222_20260622_cvrp_2023_palackal.json,02_literature/references/pdf_derived/metadata/cvrp-2023-palackal.json,02_literature/references/pdf_derived/metadata/222_20260622_cvrp_2023_palackal.json,222,20260622,,normalized retained research artifact name,renamed
/Users/tstakuma/Desktop/github/research/02_literature/references/pdf_derived/metadata/cvrp-2023-xie.json,/Users/tstakuma/Desktop/github/research/02_literature/references/pdf_derived/metadata/223_20260622_cvrp_2023_xie.json,02_literature/references/pdf_derived/metadata/cvrp-2023-xie.json,02_literature/references/pdf_derived/metadata/223_20260622_cvrp_2023_xie.json,223,20260622,,normalized retained research artifact name,renamed
/Users/tstakuma/Desktop/github/research/02_literature/references/pdf_derived/metadata/cvrp-2025-onah-utility.json,/Users/tstakuma/Desktop/github/research/02_literature/references/pdf_derived/metadata/224_20260622_cvrp_2025_onah_utility.json,02_literature/references/pdf_derived/metadata/cvrp-2025-onah-utility.json,02_literature/references/pdf_derived/metadata/224_20260622_cvrp_2025_onah_utility.json,224,20260622,,normalized retained research artifact name,renamed
/Users/tstakuma/Desktop/github/research/02_literature/references/pdf_derived/metadata/encoding-2022-glos.json,/Users/tstakuma/Desktop/github/research/02_literature/references/pdf_derived/metadata/225_20260622_encoding_2022_glos.json,02_literature/references/pdf_derived/metadata/encoding-2022-glos.json,02_literature/references/pdf_derived/metadata/225_20260622_encoding_2022_glos.json,225,20260622,,normalized retained research artifact name,renamed
/Users/tstakuma/Desktop/github/research/02_literature/references/pdf_derived/metadata/hvrp-2024-fitzek.json,/Users/tstakuma/Desktop/github/research/02_literature/references/pdf_derived/metadata/226_20260622_hvrp_2024_fitzek.json,02_literature/references/pdf_derived/metadata/hvrp-2024-fitzek.json,02_literature/references/pdf_derived/metadata/226_20260622_hvrp_2024_fitzek.json,226,20260622,,normalized retained research artifact name,renamed
/Users/tstakuma/Desktop/github/research/02_literature/references/pdf_derived/metadata/logistics-2024-phillipson.json,/Users/tstakuma/Desktop/github/research/02_literature/references/pdf_derived/metadata/227_20260622_logistics_2024_phillipson.json,02_literature/references/pdf_derived/metadata/logistics-2024-phillipson.json,02_literature/references/pdf_derived/metadata/227_20260622_logistics_2024_phillipson.json,227,20260622,,normalized retained research artifact name,renamed
/Users/tstakuma/Desktop/github/research/02_literature/references/pdf_derived/metadata/nisq-2018-preskill.json,/Users/tstakuma/Desktop/github/research/02_literature/references/pdf_derived/metadata/228_20260622_nisq_2018_preskill.json,02_literature/references/pdf_derived/metadata/nisq-2018-preskill.json,02_literature/references/pdf_derived/metadata/228_20260622_nisq_2018_preskill.json,228,20260622,,normalized retained research artifact name,renamed
/Users/tstakuma/Desktop/github/research/02_literature/references/pdf_derived/metadata/qaoa-2014-farhi.json,/Users/tstakuma/Desktop/github/research/02_literature/references/pdf_derived/metadata/229_20260622_qaoa_2014_farhi.json,02_literature/references/pdf_derived/metadata/qaoa-2014-farhi.json,02_literature/references/pdf_derived/metadata/229_20260622_qaoa_2014_farhi.json,229,20260622,,normalized retained research artifact name,renamed
/Users/tstakuma/Desktop/github/research/02_literature/references/pdf_derived/metadata/resource-2022-beverland-practical-advantage.json,/Users/tstakuma/Desktop/github/research/02_literature/references/pdf_derived/metadata/230_20260623_resource_2022_beverland_practical_advantage.json,02_literature/references/pdf_derived/metadata/resource-2022-beverland-practical-advantage.json,02_literature/references/pdf_derived/metadata/230_20260623_resource_2022_beverland_practical_advantage.json,230,20260623,,normalized retained research artifact name,renamed
/Users/tstakuma/Desktop/github/research/02_literature/references/pdf_derived/metadata/utility-2023-herrmann.json,/Users/tstakuma/Desktop/github/research/02_literature/references/pdf_derived/metadata/231_20260624_utility_2023_herrmann.json,02_literature/references/pdf_derived/metadata/utility-2023-herrmann.json,02_literature/references/pdf_derived/metadata/231_20260624_utility_2023_herrmann.json,231,20260624,,normalized retained research artifact name,renamed
/Users/tstakuma/Desktop/github/research/02_literature/references/pdf_derived/metadata/vqa-2021-cerezo.json,/Users/tstakuma/Desktop/github/research/02_literature/references/pdf_derived/metadata/232_20260622_vqa_2021_cerezo.json,02_literature/references/pdf_derived/metadata/vqa-2021-cerezo.json,02_literature/references/pdf_derived/metadata/232_20260622_vqa_2021_cerezo.json,232,20260622,,normalized retained research artifact name,renamed
/Users/tstakuma/Desktop/github/research/02_literature/references/pdf_derived/metadata/vrp-2020-azad.json,/Users/tstakuma/Desktop/github/research/02_literature/references/pdf_derived/metadata/233_20260622_vrp_2020_azad.json,02_literature/references/pdf_derived/metadata/vrp-2020-azad.json,02_literature/references/pdf_derived/metadata/233_20260622_vrp_2020_azad.json,233,20260622,,normalized retained research artifact name,renamed
/Users/tstakuma/Desktop/github/research/02_literature/references/pdf_derived/metadata/vrp-2025-azfar-arxiv.json,/Users/tstakuma/Desktop/github/research/02_literature/references/pdf_derived/metadata/234_20260622_vrp_2025_azfar_arxiv.json,02_literature/references/pdf_derived/metadata/vrp-2025-azfar-arxiv.json,02_literature/references/pdf_derived/metadata/234_20260622_vrp_2025_azfar_arxiv.json,234,20260622,,normalized retained research artifact name,renamed
/Users/tstakuma/Desktop/github/research/02_literature/references/pdf_derived/metadata/vrptw-2023-leonidas.json,/Users/tstakuma/Desktop/github/research/02_literature/references/pdf_derived/metadata/235_20260622_vrptw_2023_leonidas.json,02_literature/references/pdf_derived/metadata/vrptw-2023-leonidas.json,02_literature/references/pdf_derived/metadata/235_20260622_vrptw_2023_leonidas.json,235,20260622,,normalized retained research artifact name,renamed
/Users/tstakuma/Desktop/github/research/02_literature/references/pdf_derived/note_candidates/.gitkeep,/Users/tstakuma/Desktop/github/research/02_literature/references/pdf_derived/note_candidates/236_20260622_gitkeep,02_literature/references/pdf_derived/note_candidates/.gitkeep,02_literature/references/pdf_derived/note_candidates/236_20260622_gitkeep,236,20260622,,normalized retained research artifact name,renamed
/Users/tstakuma/Desktop/github/research/02_literature/references/pdf_derived/pdfs/.gitkeep,/Users/tstakuma/Desktop/github/research/02_literature/references/pdf_derived/pdfs/237_20260622_gitkeep,02_literature/references/pdf_derived/pdfs/.gitkeep,02_literature/references/pdf_derived/pdfs/237_20260622_gitkeep,237,20260622,,normalized retained research artifact name,renamed
/Users/tstakuma/Desktop/github/research/02_literature/references/pdf_derived/pdfs/bench-2021-lubinski.pdf,/Users/tstakuma/Desktop/github/research/02_literature/references/pdf_derived/pdfs/238_20260622_bench_2021_lubinski.pdf,02_literature/references/pdf_derived/pdfs/bench-2021-lubinski.pdf,02_literature/references/pdf_derived/pdfs/238_20260622_bench_2021_lubinski.pdf,238,20260622,,normalized retained research artifact name,renamed
/Users/tstakuma/Desktop/github/research/02_literature/references/pdf_derived/pdfs/bench-2023-lubinski-optimization.pdf,/Users/tstakuma/Desktop/github/research/02_literature/references/pdf_derived/pdfs/239_20260622_bench_2023_lubinski_optimization.pdf,02_literature/references/pdf_derived/pdfs/bench-2023-lubinski-optimization.pdf,02_literature/references/pdf_derived/pdfs/239_20260622_bench_2023_lubinski_optimization.pdf,239,20260622,,normalized retained research artifact name,renamed
/Users/tstakuma/Desktop/github/research/02_literature/references/pdf_derived/pdfs/bench-2024-lubinski.pdf,/Users/tstakuma/Desktop/github/research/02_literature/references/pdf_derived/pdfs/240_20260622_bench_2024_lubinski.pdf,02_literature/references/pdf_derived/pdfs/bench-2024-lubinski.pdf,02_literature/references/pdf_derived/pdfs/240_20260622_bench_2024_lubinski.pdf,240,20260622,,normalized retained research artifact name,renamed
/Users/tstakuma/Desktop/github/research/02_literature/references/pdf_derived/pdfs/cvrp-2023-palackal.pdf,/Users/tstakuma/Desktop/github/research/02_literature/references/pdf_derived/pdfs/241_20260622_cvrp_2023_palackal.pdf,02_literature/references/pdf_derived/pdfs/cvrp-2023-palackal.pdf,02_literature/references/pdf_derived/pdfs/241_20260622_cvrp_2023_palackal.pdf,241,20260622,,normalized retained research artifact name,renamed
/Users/tstakuma/Desktop/github/research/02_literature/references/pdf_derived/pdfs/cvrp-2023-xie.pdf,/Users/tstakuma/Desktop/github/research/02_literature/references/pdf_derived/pdfs/242_20260622_cvrp_2023_xie.pdf,02_literature/references/pdf_derived/pdfs/cvrp-2023-xie.pdf,02_literature/references/pdf_derived/pdfs/242_20260622_cvrp_2023_xie.pdf,242,20260622,,normalized retained research artifact name,renamed
/Users/tstakuma/Desktop/github/research/02_literature/references/pdf_derived/pdfs/cvrp-2025-onah-utility.pdf,/Users/tstakuma/Desktop/github/research/02_literature/references/pdf_derived/pdfs/243_20260622_cvrp_2025_onah_utility.pdf,02_literature/references/pdf_derived/pdfs/cvrp-2025-onah-utility.pdf,02_literature/references/pdf_derived/pdfs/243_20260622_cvrp_2025_onah_utility.pdf,243,20260622,,normalized retained research artifact name,renamed
/Users/tstakuma/Desktop/github/research/02_literature/references/pdf_derived/pdfs/encoding-2022-glos.pdf,/Users/tstakuma/Desktop/github/research/02_literature/references/pdf_derived/pdfs/244_20260622_encoding_2022_glos.pdf,02_literature/references/pdf_derived/pdfs/encoding-2022-glos.pdf,02_literature/references/pdf_derived/pdfs/244_20260622_encoding_2022_glos.pdf,244,20260622,,normalized retained research artifact name,renamed
/Users/tstakuma/Desktop/github/research/02_literature/references/pdf_derived/pdfs/geels-2002-mlp.pdf,/Users/tstakuma/Desktop/github/research/02_literature/references/pdf_derived/pdfs/245_20260626_geels_2002_mlp.pdf,02_literature/references/pdf_derived/pdfs/geels-2002-mlp.pdf,02_literature/references/pdf_derived/pdfs/245_20260626_geels_2002_mlp.pdf,245,20260626,,normalized retained research artifact name,renamed
/Users/tstakuma/Desktop/github/research/02_literature/references/pdf_derived/pdfs/hvrp-2024-fitzek.pdf,/Users/tstakuma/Desktop/github/research/02_literature/references/pdf_derived/pdfs/246_20260622_hvrp_2024_fitzek.pdf,02_literature/references/pdf_derived/pdfs/hvrp-2024-fitzek.pdf,02_literature/references/pdf_derived/pdfs/246_20260622_hvrp_2024_fitzek.pdf,246,20260622,,normalized retained research artifact name,renamed
/Users/tstakuma/Desktop/github/research/02_literature/references/pdf_derived/pdfs/logistics-2024-phillipson.pdf,/Users/tstakuma/Desktop/github/research/02_literature/references/pdf_derived/pdfs/247_20260622_logistics_2024_phillipson.pdf,02_literature/references/pdf_derived/pdfs/logistics-2024-phillipson.pdf,02_literature/references/pdf_derived/pdfs/247_20260622_logistics_2024_phillipson.pdf,247,20260622,,normalized retained research artifact name,renamed
/Users/tstakuma/Desktop/github/research/02_literature/references/pdf_derived/pdfs/nasa-2020-tra-guide.pdf,/Users/tstakuma/Desktop/github/research/02_literature/references/pdf_derived/pdfs/248_20260626_nasa_2020_tra_guide.pdf,02_literature/references/pdf_derived/pdfs/nasa-2020-tra-guide.pdf,02_literature/references/pdf_derived/pdfs/248_20260626_nasa_2020_tra_guide.pdf,248,20260626,,normalized retained research artifact name,renamed
/Users/tstakuma/Desktop/github/research/02_literature/references/pdf_derived/pdfs/nisq-2018-preskill.pdf,/Users/tstakuma/Desktop/github/research/02_literature/references/pdf_derived/pdfs/249_20260622_nisq_2018_preskill.pdf,02_literature/references/pdf_derived/pdfs/nisq-2018-preskill.pdf,02_literature/references/pdf_derived/pdfs/249_20260622_nisq_2018_preskill.pdf,249,20260622,,normalized retained research artifact name,renamed
/Users/tstakuma/Desktop/github/research/02_literature/references/pdf_derived/pdfs/papachristos-2014-why-simulate.pdf,/Users/tstakuma/Desktop/github/research/02_literature/references/pdf_derived/pdfs/250_20260626_papachristos_2014_why_simulate.pdf,02_literature/references/pdf_derived/pdfs/papachristos-2014-why-simulate.pdf,02_literature/references/pdf_derived/pdfs/250_20260626_papachristos_2014_why_simulate.pdf,250,20260626,,normalized retained research artifact name,renamed
/Users/tstakuma/Desktop/github/research/02_literature/references/pdf_derived/pdfs/previous-concept-2026-sano.pdf,/Users/tstakuma/Desktop/github/research/02_literature/references/pdf_derived/pdfs/251_20260625_previous_concept_2026_sano.pdf,02_literature/references/pdf_derived/pdfs/previous-concept-2026-sano.pdf,02_literature/references/pdf_derived/pdfs/251_20260625_previous_concept_2026_sano.pdf,251,20260625,,normalized retained research artifact name,renamed
/Users/tstakuma/Desktop/github/research/02_literature/references/pdf_derived/pdfs/qaoa-2014-farhi.pdf,/Users/tstakuma/Desktop/github/research/02_literature/references/pdf_derived/pdfs/252_20260622_qaoa_2014_farhi.pdf,02_literature/references/pdf_derived/pdfs/qaoa-2014-farhi.pdf,02_literature/references/pdf_derived/pdfs/252_20260622_qaoa_2014_farhi.pdf,252,20260622,,normalized retained research artifact name,renamed
/Users/tstakuma/Desktop/github/research/02_literature/references/pdf_derived/pdfs/resource-2022-beverland-practical-advantage.pdf,/Users/tstakuma/Desktop/github/research/02_literature/references/pdf_derived/pdfs/253_20260623_resource_2022_beverland_practical_advantage.pdf,02_literature/references/pdf_derived/pdfs/resource-2022-beverland-practical-advantage.pdf,02_literature/references/pdf_derived/pdfs/253_20260623_resource_2022_beverland_practical_advantage.pdf,253,20260623,,normalized retained research artifact name,renamed
/Users/tstakuma/Desktop/github/research/02_literature/references/pdf_derived/pdfs/utility-2023-herrmann.pdf,/Users/tstakuma/Desktop/github/research/02_literature/references/pdf_derived/pdfs/254_20260624_utility_2023_herrmann.pdf,02_literature/references/pdf_derived/pdfs/utility-2023-herrmann.pdf,02_literature/references/pdf_derived/pdfs/254_20260624_utility_2023_herrmann.pdf,254,20260624,,normalized retained research artifact name,renamed
/Users/tstakuma/Desktop/github/research/02_literature/references/pdf_derived/pdfs/vqa-2021-cerezo.pdf,/Users/tstakuma/Desktop/github/research/02_literature/references/pdf_derived/pdfs/255_20260622_vqa_2021_cerezo.pdf,02_literature/references/pdf_derived/pdfs/vqa-2021-cerezo.pdf,02_literature/references/pdf_derived/pdfs/255_20260622_vqa_2021_cerezo.pdf,255,20260622,,normalized retained research artifact name,renamed
/Users/tstakuma/Desktop/github/research/02_literature/references/pdf_derived/pdfs/vrp-2020-azad.pdf,/Users/tstakuma/Desktop/github/research/02_literature/references/pdf_derived/pdfs/256_20260622_vrp_2020_azad.pdf,02_literature/references/pdf_derived/pdfs/vrp-2020-azad.pdf,02_literature/references/pdf_derived/pdfs/256_20260622_vrp_2020_azad.pdf,256,20260622,,normalized retained research artifact name,renamed
/Users/tstakuma/Desktop/github/research/02_literature/references/pdf_derived/pdfs/vrp-2025-azfar-arxiv.pdf,/Users/tstakuma/Desktop/github/research/02_literature/references/pdf_derived/pdfs/257_20260622_vrp_2025_azfar_arxiv.pdf,02_literature/references/pdf_derived/pdfs/vrp-2025-azfar-arxiv.pdf,02_literature/references/pdf_derived/pdfs/257_20260622_vrp_2025_azfar_arxiv.pdf,257,20260622,,normalized retained research artifact name,renamed
/Users/tstakuma/Desktop/github/research/02_literature/references/pdf_derived/pdfs/vrptw-2023-leonidas.pdf,/Users/tstakuma/Desktop/github/research/02_literature/references/pdf_derived/pdfs/258_20260622_vrptw_2023_leonidas.pdf,02_literature/references/pdf_derived/pdfs/vrptw-2023-leonidas.pdf,02_literature/references/pdf_derived/pdfs/258_20260622_vrptw_2023_leonidas.pdf,258,20260622,,normalized retained research artifact name,renamed
/Users/tstakuma/Desktop/github/research/02_literature/references/pdf_derived/text/.gitkeep,/Users/tstakuma/Desktop/github/research/02_literature/references/pdf_derived/text/259_20260622_gitkeep,02_literature/references/pdf_derived/text/.gitkeep,02_literature/references/pdf_derived/text/259_20260622_gitkeep,259,20260622,,normalized retained research artifact name,renamed
/Users/tstakuma/Desktop/github/research/02_literature/references/pdf_derived/text/bench-2021-lubinski.txt,/Users/tstakuma/Desktop/github/research/02_literature/references/pdf_derived/text/260_20260622_bench_2021_lubinski.txt,02_literature/references/pdf_derived/text/bench-2021-lubinski.txt,02_literature/references/pdf_derived/text/260_20260622_bench_2021_lubinski.txt,260,20260622,,normalized retained research artifact name,renamed
/Users/tstakuma/Desktop/github/research/02_literature/references/pdf_derived/text/bench-2023-lubinski-optimization.txt,/Users/tstakuma/Desktop/github/research/02_literature/references/pdf_derived/text/261_20260622_bench_2023_lubinski_optimization.txt,02_literature/references/pdf_derived/text/bench-2023-lubinski-optimization.txt,02_literature/references/pdf_derived/text/261_20260622_bench_2023_lubinski_optimization.txt,261,20260622,,normalized retained research artifact name,renamed
/Users/tstakuma/Desktop/github/research/02_literature/references/pdf_derived/text/bench-2024-lubinski.txt,/Users/tstakuma/Desktop/github/research/02_literature/references/pdf_derived/text/262_20260622_bench_2024_lubinski.txt,02_literature/references/pdf_derived/text/bench-2024-lubinski.txt,02_literature/references/pdf_derived/text/262_20260622_bench_2024_lubinski.txt,262,20260622,,normalized retained research artifact name,renamed
/Users/tstakuma/Desktop/github/research/02_literature/references/pdf_derived/text/cvrp-2023-palackal.txt,/Users/tstakuma/Desktop/github/research/02_literature/references/pdf_derived/text/263_20260622_cvrp_2023_palackal.txt,02_literature/references/pdf_derived/text/cvrp-2023-palackal.txt,02_literature/references/pdf_derived/text/263_20260622_cvrp_2023_palackal.txt,263,20260622,,normalized retained research artifact name,renamed
/Users/tstakuma/Desktop/github/research/02_literature/references/pdf_derived/text/cvrp-2023-xie.txt,/Users/tstakuma/Desktop/github/research/02_literature/references/pdf_derived/text/264_20260622_cvrp_2023_xie.txt,02_literature/references/pdf_derived/text/cvrp-2023-xie.txt,02_literature/references/pdf_derived/text/264_20260622_cvrp_2023_xie.txt,264,20260622,,normalized retained research artifact name,renamed
/Users/tstakuma/Desktop/github/research/02_literature/references/pdf_derived/text/cvrp-2025-onah-utility.txt,/Users/tstakuma/Desktop/github/research/02_literature/references/pdf_derived/text/265_20260622_cvrp_2025_onah_utility.txt,02_literature/references/pdf_derived/text/cvrp-2025-onah-utility.txt,02_literature/references/pdf_derived/text/265_20260622_cvrp_2025_onah_utility.txt,265,20260622,,normalized retained research artifact name,renamed
/Users/tstakuma/Desktop/github/research/02_literature/references/pdf_derived/text/encoding-2022-glos.txt,/Users/tstakuma/Desktop/github/research/02_literature/references/pdf_derived/text/266_20260622_encoding_2022_glos.txt,02_literature/references/pdf_derived/text/encoding-2022-glos.txt,02_literature/references/pdf_derived/text/266_20260622_encoding_2022_glos.txt,266,20260622,,normalized retained research artifact name,renamed
/Users/tstakuma/Desktop/github/research/02_literature/references/pdf_derived/text/hvrp-2024-fitzek.txt,/Users/tstakuma/Desktop/github/research/02_literature/references/pdf_derived/text/267_20260622_hvrp_2024_fitzek.txt,02_literature/references/pdf_derived/text/hvrp-2024-fitzek.txt,02_literature/references/pdf_derived/text/267_20260622_hvrp_2024_fitzek.txt,267,20260622,,normalized retained research artifact name,renamed
/Users/tstakuma/Desktop/github/research/02_literature/references/pdf_derived/text/logistics-2024-phillipson.txt,/Users/tstakuma/Desktop/github/research/02_literature/references/pdf_derived/text/268_20260622_logistics_2024_phillipson.txt,02_literature/references/pdf_derived/text/logistics-2024-phillipson.txt,02_literature/references/pdf_derived/text/268_20260622_logistics_2024_phillipson.txt,268,20260622,,normalized retained research artifact name,renamed
/Users/tstakuma/Desktop/github/research/02_literature/references/pdf_derived/text/nisq-2018-preskill.txt,/Users/tstakuma/Desktop/github/research/02_literature/references/pdf_derived/text/269_20260622_nisq_2018_preskill.txt,02_literature/references/pdf_derived/text/nisq-2018-preskill.txt,02_literature/references/pdf_derived/text/269_20260622_nisq_2018_preskill.txt,269,20260622,,normalized retained research artifact name,renamed
/Users/tstakuma/Desktop/github/research/02_literature/references/pdf_derived/text/previous-concept-2026-sano.txt,/Users/tstakuma/Desktop/github/research/02_literature/references/pdf_derived/text/270_20260625_previous_concept_2026_sano.txt,02_literature/references/pdf_derived/text/previous-concept-2026-sano.txt,02_literature/references/pdf_derived/text/270_20260625_previous_concept_2026_sano.txt,270,20260625,,normalized retained research artifact name,renamed
/Users/tstakuma/Desktop/github/research/02_literature/references/pdf_derived/text/qaoa-2014-farhi.txt,/Users/tstakuma/Desktop/github/research/02_literature/references/pdf_derived/text/271_20260622_qaoa_2014_farhi.txt,02_literature/references/pdf_derived/text/qaoa-2014-farhi.txt,02_literature/references/pdf_derived/text/271_20260622_qaoa_2014_farhi.txt,271,20260622,,normalized retained research artifact name,renamed
/Users/tstakuma/Desktop/github/research/02_literature/references/pdf_derived/text/resource-2022-beverland-practical-advantage.txt,/Users/tstakuma/Desktop/github/research/02_literature/references/pdf_derived/text/272_20260623_resource_2022_beverland_practical_advantage.txt,02_literature/references/pdf_derived/text/resource-2022-beverland-practical-advantage.txt,02_literature/references/pdf_derived/text/272_20260623_resource_2022_beverland_practical_advantage.txt,272,20260623,,normalized retained research artifact name,renamed
/Users/tstakuma/Desktop/github/research/02_literature/references/pdf_derived/text/utility-2023-herrmann.txt,/Users/tstakuma/Desktop/github/research/02_literature/references/pdf_derived/text/273_20260624_utility_2023_herrmann.txt,02_literature/references/pdf_derived/text/utility-2023-herrmann.txt,02_literature/references/pdf_derived/text/273_20260624_utility_2023_herrmann.txt,273,20260624,,normalized retained research artifact name,renamed
/Users/tstakuma/Desktop/github/research/02_literature/references/pdf_derived/text/vqa-2021-cerezo.txt,/Users/tstakuma/Desktop/github/research/02_literature/references/pdf_derived/text/274_20260622_vqa_2021_cerezo.txt,02_literature/references/pdf_derived/text/vqa-2021-cerezo.txt,02_literature/references/pdf_derived/text/274_20260622_vqa_2021_cerezo.txt,274,20260622,,normalized retained research artifact name,renamed
/Users/tstakuma/Desktop/github/research/02_literature/references/pdf_derived/text/vrp-2020-azad.txt,/Users/tstakuma/Desktop/github/research/02_literature/references/pdf_derived/text/275_20260622_vrp_2020_azad.txt,02_literature/references/pdf_derived/text/vrp-2020-azad.txt,02_literature/references/pdf_derived/text/275_20260622_vrp_2020_azad.txt,275,20260622,,normalized retained research artifact name,renamed
/Users/tstakuma/Desktop/github/research/02_literature/references/pdf_derived/text/vrp-2025-azfar-arxiv.txt,/Users/tstakuma/Desktop/github/research/02_literature/references/pdf_derived/text/276_20260622_vrp_2025_azfar_arxiv.txt,02_literature/references/pdf_derived/text/vrp-2025-azfar-arxiv.txt,02_literature/references/pdf_derived/text/276_20260622_vrp_2025_azfar_arxiv.txt,276,20260622,,normalized retained research artifact name,renamed
/Users/tstakuma/Desktop/github/research/02_literature/references/pdf_derived/text/vrptw-2023-leonidas.txt,/Users/tstakuma/Desktop/github/research/02_literature/references/pdf_derived/text/277_20260622_vrptw_2023_leonidas.txt,02_literature/references/pdf_derived/text/vrptw-2023-leonidas.txt,02_literature/references/pdf_derived/text/277_20260622_vrptw_2023_leonidas.txt,277,20260622,,normalized retained research artifact name,renamed
/Users/tstakuma/Desktop/github/research/02_literature/references/pdf_sources.csv,/Users/tstakuma/Desktop/github/research/02_literature/references/pdf_sources.csv,02_literature/references/pdf_sources.csv,02_literature/references/pdf_sources.csv,278,20260705,,normalized retained research artifact name,renamed
/Users/tstakuma/Desktop/github/research/02_literature/references/references.bib,/Users/tstakuma/Desktop/github/research/02_literature/references/references.bib,02_literature/references/references.bib,02_literature/references/references.bib,279,20260628,,normalized retained research artifact name,renamed
/Users/tstakuma/Desktop/github/research/08_documents/manuscripts/latex/.latexmkrc,/Users/tstakuma/Desktop/github/research/08_documents/manuscripts/latex/800_20260625_latexmkrc,08_documents/manuscripts/latex/.latexmkrc,08_documents/manuscripts/latex/800_20260625_latexmkrc,800,20260625,,normalized retained research artifact name,renamed
/Users/tstakuma/Desktop/github/research/08_documents/manuscripts/latex/main 2.bbl,/Users/tstakuma/Desktop/github/research/08_documents/manuscripts/latex/801_20260625_main_2.bbl,08_documents/manuscripts/latex/main 2.bbl,08_documents/manuscripts/latex/801_20260625_main_2.bbl,801,20260625,,normalized retained research artifact name,renamed
/Users/tstakuma/Desktop/github/research/08_documents/manuscripts/latex/main 2.blg,/Users/tstakuma/Desktop/github/research/08_documents/manuscripts/latex/802_20260625_main_2.blg,08_documents/manuscripts/latex/main 2.blg,08_documents/manuscripts/latex/802_20260625_main_2.blg,802,20260625,,normalized retained research artifact name,renamed
/Users/tstakuma/Desktop/github/research/08_documents/manuscripts/latex/main 2.pdf,/Users/tstakuma/Desktop/github/research/08_documents/manuscripts/latex/803_20260625_main_2.pdf,08_documents/manuscripts/latex/main 2.pdf,08_documents/manuscripts/latex/803_20260625_main_2.pdf,803,20260625,,normalized retained research artifact name,renamed
/Users/tstakuma/Desktop/github/research/08_documents/manuscripts/latex/main 2.synctex(busy),/Users/tstakuma/Desktop/github/research/08_documents/manuscripts/latex/804_20260625_main_2.synctex(busy),08_documents/manuscripts/latex/main 2.synctex(busy),08_documents/manuscripts/latex/804_20260625_main_2.synctex(busy),804,20260625,,normalized retained research artifact name,renamed
/Users/tstakuma/Desktop/github/research/08_documents/manuscripts/latex/main 3.synctex(busy),/Users/tstakuma/Desktop/github/research/08_documents/manuscripts/latex/805_20260625_main_3.synctex(busy),08_documents/manuscripts/latex/main 3.synctex(busy),08_documents/manuscripts/latex/805_20260625_main_3.synctex(busy),805,20260625,,normalized retained research artifact name,renamed
/Users/tstakuma/Desktop/github/research/08_documents/manuscripts/latex/main.bbl,/Users/tstakuma/Desktop/github/research/08_documents/manuscripts/latex/main.bbl,08_documents/manuscripts/latex/main.bbl,08_documents/manuscripts/latex/main.bbl,806,20260630,,normalized retained research artifact name,renamed
/Users/tstakuma/Desktop/github/research/08_documents/manuscripts/latex/main.blg,/Users/tstakuma/Desktop/github/research/08_documents/manuscripts/latex/main.blg,08_documents/manuscripts/latex/main.blg,08_documents/manuscripts/latex/main.blg,807,20260630,,normalized retained research artifact name,renamed
/Users/tstakuma/Desktop/github/research/08_documents/manuscripts/latex/main.pdf,/Users/tstakuma/Desktop/github/research/08_documents/manuscripts/latex/main.pdf,08_documents/manuscripts/latex/main.pdf,08_documents/manuscripts/latex/main.pdf,808,20260630,,normalized retained research artifact name,renamed
/Users/tstakuma/Desktop/github/research/08_documents/manuscripts/latex/main.tex,/Users/tstakuma/Desktop/github/research/08_documents/manuscripts/latex/main.tex,08_documents/manuscripts/latex/main.tex,08_documents/manuscripts/latex/main.tex,809,20260626,,normalized retained research artifact name,renamed
/Users/tstakuma/Desktop/github/research/08_documents/manuscripts/latex/sections/00_abstract.tex,/Users/tstakuma/Desktop/github/research/08_documents/manuscripts/latex/sections/00_abstract.tex,08_documents/manuscripts/latex/sections/00_abstract.tex,08_documents/manuscripts/latex/sections/00_abstract.tex,810,20260709,,normalized retained research artifact name,renamed
/Users/tstakuma/Desktop/github/research/08_documents/manuscripts/latex/sections/01_introduction.tex,/Users/tstakuma/Desktop/github/research/08_documents/manuscripts/latex/sections/01_introduction.tex,08_documents/manuscripts/latex/sections/01_introduction.tex,08_documents/manuscripts/latex/sections/01_introduction.tex,811,20260709,,normalized retained research artifact name,renamed
/Users/tstakuma/Desktop/github/research/08_documents/manuscripts/latex/sections/02_5_survey.tex,/Users/tstakuma/Desktop/github/research/08_documents/manuscripts/latex/sections/02_5_survey.tex,08_documents/manuscripts/latex/sections/02_5_survey.tex,08_documents/manuscripts/latex/sections/02_5_survey.tex,812,20260709,,normalized retained research artifact name,renamed
/Users/tstakuma/Desktop/github/research/08_documents/manuscripts/latex/sections/02_background.tex,/Users/tstakuma/Desktop/github/research/08_documents/manuscripts/latex/sections/02_background.tex,08_documents/manuscripts/latex/sections/02_background.tex,08_documents/manuscripts/latex/sections/02_background.tex,813,20260709,,normalized retained research artifact name,renamed
/Users/tstakuma/Desktop/github/research/08_documents/manuscripts/latex/sections/03_method.tex,/Users/tstakuma/Desktop/github/research/08_documents/manuscripts/latex/sections/03_method.tex,08_documents/manuscripts/latex/sections/03_method.tex,08_documents/manuscripts/latex/sections/03_method.tex,814,20260709,,normalized retained research artifact name,renamed
/Users/tstakuma/Desktop/github/research/08_documents/manuscripts/latex/sections/04_results.tex,/Users/tstakuma/Desktop/github/research/08_documents/manuscripts/latex/sections/04_results.tex,08_documents/manuscripts/latex/sections/04_results.tex,08_documents/manuscripts/latex/sections/04_results.tex,815,20260709,,normalized retained research artifact name,renamed
/Users/tstakuma/Desktop/github/research/08_documents/manuscripts/latex/sections/04_results_table_baseline_2025_fragment.tex,/Users/tstakuma/Desktop/github/research/08_documents/manuscripts/latex/sections/04_results_table_baseline_2025_fragment.tex,08_documents/manuscripts/latex/sections/04_results_table_baseline_2025_fragment.tex,08_documents/manuscripts/latex/sections/04_results_table_baseline_2025_fragment.tex,816,20260709,,normalized retained research artifact name,renamed
/Users/tstakuma/Desktop/github/research/08_documents/manuscripts/latex/sections/05_discussion.tex,/Users/tstakuma/Desktop/github/research/08_documents/manuscripts/latex/sections/05_discussion.tex,08_documents/manuscripts/latex/sections/05_discussion.tex,08_documents/manuscripts/latex/sections/05_discussion.tex,817,20260709,,normalized retained research artifact name,renamed
/Users/tstakuma/Desktop/github/research/08_documents/manuscripts/latex/sections/06_conclusion.tex,/Users/tstakuma/Desktop/github/research/08_documents/manuscripts/latex/sections/06_conclusion.tex,08_documents/manuscripts/latex/sections/06_conclusion.tex,08_documents/manuscripts/latex/sections/06_conclusion.tex,818,20260709,,normalized retained research artifact name,renamed
/Users/tstakuma/Desktop/github/research/08_documents/manuscripts/latex/sections/appendix_analysis_corpus.tex,/Users/tstakuma/Desktop/github/research/08_documents/manuscripts/latex/sections/appendix_analysis_corpus.tex,08_documents/manuscripts/latex/sections/appendix_analysis_corpus.tex,08_documents/manuscripts/latex/sections/appendix_analysis_corpus.tex,819,20260709,,normalized retained research artifact name,renamed
/Users/tstakuma/Desktop/github/research/08_documents/manuscripts/latex/sections/appendix_extracted_circuit_resources.tex,/Users/tstakuma/Desktop/github/research/08_documents/manuscripts/latex/sections/appendix_extracted_circuit_resources.tex,08_documents/manuscripts/latex/sections/appendix_extracted_circuit_resources.tex,08_documents/manuscripts/latex/sections/appendix_extracted_circuit_resources.tex,820,20260709,,normalized retained research artifact name,renamed
/Users/tstakuma/Desktop/github/research/08_documents/manuscripts/latex/sections/notes_for_writing.tex,/Users/tstakuma/Desktop/github/research/08_documents/manuscripts/latex/sections/notes_for_writing.tex,08_documents/manuscripts/latex/sections/notes_for_writing.tex,08_documents/manuscripts/latex/sections/notes_for_writing.tex,821,20260709,,normalized retained research artifact name,renamed
/Users/tstakuma/Desktop/github/research/08_documents/manuscripts/latex/sections/table_e_transition_results.tex,/Users/tstakuma/Desktop/github/research/08_documents/manuscripts/latex/sections/table_e_transition_results.tex,08_documents/manuscripts/latex/sections/table_e_transition_results.tex,08_documents/manuscripts/latex/sections/table_e_transition_results.tex,822,20260709,,normalized retained research artifact name,renamed
/Users/tstakuma/Desktop/github/research/08_documents/supplementary/IEEE_QCE_2026_BoF__Quantum_Future_Design_.zip,/Users/tstakuma/Desktop/github/research/08_documents/supplementary/823_20260706_ieee_qce_2026_bof_quantum_future_design.zip,08_documents/supplementary/IEEE_QCE_2026_BoF__Quantum_Future_Design_.zip,08_documents/supplementary/823_20260706_ieee_qce_2026_bof_quantum_future_design.zip,823,20260706,,normalized retained research artifact name,renamed
/Users/tstakuma/Desktop/github/research/08_documents/supplementary/submissions/ieee_qce_2026_bof_quantum_future_design_overleaf/IEEE-conference-template-062824.aux,/Users/tstakuma/Desktop/github/research/08_documents/supplementary/submissions/ieee_qce_2026_bof_quantum_future_design_overleaf/824_20260710_ieee_conference_template_062824.aux,08_documents/supplementary/submissions/ieee_qce_2026_bof_quantum_future_design_overleaf/IEEE-conference-template-062824.aux,08_documents/supplementary/submissions/ieee_qce_2026_bof_quantum_future_design_overleaf/824_20260710_ieee_conference_template_062824.aux,824,20260710,,normalized retained research artifact name,renamed
/Users/tstakuma/Desktop/github/research/08_documents/supplementary/submissions/ieee_qce_2026_bof_quantum_future_design_overleaf/IEEE-conference-template-062824.fdb_latexmk,/Users/tstakuma/Desktop/github/research/08_documents/supplementary/submissions/ieee_qce_2026_bof_quantum_future_design_overleaf/825_20260710_ieee_conference_template_062824.fdb_latexmk,08_documents/supplementary/submissions/ieee_qce_2026_bof_quantum_future_design_overleaf/IEEE-conference-template-062824.fdb_latexmk,08_documents/supplementary/submissions/ieee_qce_2026_bof_quantum_future_design_overleaf/825_20260710_ieee_conference_template_062824.fdb_latexmk,825,20260710,,normalized retained research artifact name,renamed
/Users/tstakuma/Desktop/github/research/08_documents/supplementary/submissions/ieee_qce_2026_bof_quantum_future_design_overleaf/IEEE-conference-template-062824.fls,/Users/tstakuma/Desktop/github/research/08_documents/supplementary/submissions/ieee_qce_2026_bof_quantum_future_design_overleaf/826_20260710_ieee_conference_template_062824.fls,08_documents/supplementary/submissions/ieee_qce_2026_bof_quantum_future_design_overleaf/IEEE-conference-template-062824.fls,08_documents/supplementary/submissions/ieee_qce_2026_bof_quantum_future_design_overleaf/826_20260710_ieee_conference_template_062824.fls,826,20260710,,normalized retained research artifact name,renamed
/Users/tstakuma/Desktop/github/research/08_documents/supplementary/submissions/ieee_qce_2026_bof_quantum_future_design_overleaf/IEEE-conference-template-062824.log,/Users/tstakuma/Desktop/github/research/08_documents/supplementary/submissions/ieee_qce_2026_bof_quantum_future_design_overleaf/827_20260710_ieee_conference_template_062824.log,08_documents/supplementary/submissions/ieee_qce_2026_bof_quantum_future_design_overleaf/IEEE-conference-template-062824.log,08_documents/supplementary/submissions/ieee_qce_2026_bof_quantum_future_design_overleaf/827_20260710_ieee_conference_template_062824.log,827,20260710,,normalized retained research artifact name,renamed
/Users/tstakuma/Desktop/github/research/08_documents/supplementary/submissions/ieee_qce_2026_bof_quantum_future_design_overleaf/IEEE-conference-template-062824.pdf,/Users/tstakuma/Desktop/github/research/08_documents/supplementary/submissions/ieee_qce_2026_bof_quantum_future_design_overleaf/828_20260710_ieee_conference_template_062824.pdf,08_documents/supplementary/submissions/ieee_qce_2026_bof_quantum_future_design_overleaf/IEEE-conference-template-062824.pdf,08_documents/supplementary/submissions/ieee_qce_2026_bof_quantum_future_design_overleaf/828_20260710_ieee_conference_template_062824.pdf,828,20260710,,normalized retained research artifact name,renamed
/Users/tstakuma/Desktop/github/research/08_documents/supplementary/submissions/ieee_qce_2026_bof_quantum_future_design_overleaf/IEEE-conference-template-062824.synctex.gz,/Users/tstakuma/Desktop/github/research/08_documents/supplementary/submissions/ieee_qce_2026_bof_quantum_future_design_overleaf/829_20260710_ieee_conference_template_062824_synctex.gz,08_documents/supplementary/submissions/ieee_qce_2026_bof_quantum_future_design_overleaf/IEEE-conference-template-062824.synctex.gz,08_documents/supplementary/submissions/ieee_qce_2026_bof_quantum_future_design_overleaf/829_20260710_ieee_conference_template_062824_synctex.gz,829,20260710,,normalized retained research artifact name,renamed
/Users/tstakuma/Desktop/github/research/08_documents/supplementary/submissions/ieee_qce_2026_bof_quantum_future_design_overleaf/IEEE-conference-template-062824.tex,/Users/tstakuma/Desktop/github/research/08_documents/supplementary/submissions/ieee_qce_2026_bof_quantum_future_design_overleaf/830_20260706_ieee_conference_template_062824.tex,08_documents/supplementary/submissions/ieee_qce_2026_bof_quantum_future_design_overleaf/IEEE-conference-template-062824.tex,08_documents/supplementary/submissions/ieee_qce_2026_bof_quantum_future_design_overleaf/830_20260706_ieee_conference_template_062824.tex,830,20260706,,normalized retained research artifact name,renamed
/Users/tstakuma/Desktop/github/research/08_documents/supplementary/submissions/ieee_qce_2026_bof_quantum_future_design_overleaf/IEEEtran.cls,/Users/tstakuma/Desktop/github/research/08_documents/supplementary/submissions/ieee_qce_2026_bof_quantum_future_design_overleaf/831_20260706_ieeetran.cls,08_documents/supplementary/submissions/ieee_qce_2026_bof_quantum_future_design_overleaf/IEEEtran.cls,08_documents/supplementary/submissions/ieee_qce_2026_bof_quantum_future_design_overleaf/831_20260706_ieeetran.cls,831,20260706,,normalized retained research artifact name,renamed
/Users/tstakuma/Desktop/github/research/08_documents/supplementary/submissions/ieee_qce_2026_bof_quantum_future_design_overleaf/IEEEtran_HOWTO.pdf,/Users/tstakuma/Desktop/github/research/08_documents/supplementary/submissions/ieee_qce_2026_bof_quantum_future_design_overleaf/832_20260706_ieeetran_howto.pdf,08_documents/supplementary/submissions/ieee_qce_2026_bof_quantum_future_design_overleaf/IEEEtran_HOWTO.pdf,08_documents/supplementary/submissions/ieee_qce_2026_bof_quantum_future_design_overleaf/832_20260706_ieeetran_howto.pdf,832,20260706,,normalized retained research artifact name,renamed
/Users/tstakuma/Desktop/github/research/08_documents/supplementary/submissions/ieee_qce_2026_bof_quantum_future_design_overleaf/fig1.png,/Users/tstakuma/Desktop/github/research/08_documents/supplementary/submissions/ieee_qce_2026_bof_quantum_future_design_overleaf/fig1.png,08_documents/supplementary/submissions/ieee_qce_2026_bof_quantum_future_design_overleaf/fig1.png,08_documents/supplementary/submissions/ieee_qce_2026_bof_quantum_future_design_overleaf/fig1.png,833,20260706,,normalized retained research artifact name,renamed
/Users/tstakuma/Desktop/github/research/08_documents/supplementary/submissions/ieee_qce_2026_bof_quantum_future_design_overleaf/main.aux,/Users/tstakuma/Desktop/github/research/08_documents/supplementary/submissions/ieee_qce_2026_bof_quantum_future_design_overleaf/main.aux,08_documents/supplementary/submissions/ieee_qce_2026_bof_quantum_future_design_overleaf/main.aux,08_documents/supplementary/submissions/ieee_qce_2026_bof_quantum_future_design_overleaf/main.aux,834,20260708,,normalized retained research artifact name,renamed
/Users/tstakuma/Desktop/github/research/08_documents/supplementary/submissions/ieee_qce_2026_bof_quantum_future_design_overleaf/main.fdb_latexmk,/Users/tstakuma/Desktop/github/research/08_documents/supplementary/submissions/ieee_qce_2026_bof_quantum_future_design_overleaf/main.fdb_latexmk,08_documents/supplementary/submissions/ieee_qce_2026_bof_quantum_future_design_overleaf/main.fdb_latexmk,08_documents/supplementary/submissions/ieee_qce_2026_bof_quantum_future_design_overleaf/main.fdb_latexmk,835,20260706,,normalized retained research artifact name,renamed
/Users/tstakuma/Desktop/github/research/08_documents/supplementary/submissions/ieee_qce_2026_bof_quantum_future_design_overleaf/main.fls,/Users/tstakuma/Desktop/github/research/08_documents/supplementary/submissions/ieee_qce_2026_bof_quantum_future_design_overleaf/main.fls,08_documents/supplementary/submissions/ieee_qce_2026_bof_quantum_future_design_overleaf/main.fls,08_documents/supplementary/submissions/ieee_qce_2026_bof_quantum_future_design_overleaf/main.fls,836,20260706,,normalized retained research artifact name,renamed
/Users/tstakuma/Desktop/github/research/08_documents/supplementary/submissions/ieee_qce_2026_bof_quantum_future_design_overleaf/main.log,/Users/tstakuma/Desktop/github/research/08_documents/supplementary/submissions/ieee_qce_2026_bof_quantum_future_design_overleaf/main.log,08_documents/supplementary/submissions/ieee_qce_2026_bof_quantum_future_design_overleaf/main.log,08_documents/supplementary/submissions/ieee_qce_2026_bof_quantum_future_design_overleaf/main.log,837,20260708,,normalized retained research artifact name,renamed
/Users/tstakuma/Desktop/github/research/08_documents/supplementary/submissions/ieee_qce_2026_bof_quantum_future_design_overleaf/main.pdf,/Users/tstakuma/Desktop/github/research/08_documents/supplementary/submissions/ieee_qce_2026_bof_quantum_future_design_overleaf/main.pdf,08_documents/supplementary/submissions/ieee_qce_2026_bof_quantum_future_design_overleaf/main.pdf,08_documents/supplementary/submissions/ieee_qce_2026_bof_quantum_future_design_overleaf/main.pdf,838,20260708,,normalized retained research artifact name,renamed
/Users/tstakuma/Desktop/github/research/08_documents/supplementary/submissions/ieee_qce_2026_bof_quantum_future_design_overleaf/main.tex,/Users/tstakuma/Desktop/github/research/08_documents/supplementary/submissions/ieee_qce_2026_bof_quantum_future_design_overleaf/main.tex,08_documents/supplementary/submissions/ieee_qce_2026_bof_quantum_future_design_overleaf/main.tex,08_documents/supplementary/submissions/ieee_qce_2026_bof_quantum_future_design_overleaf/main.tex,839,20260708,,normalized retained research artifact name,renamed
/Users/tstakuma/Desktop/github/research/08_documents/supplementary/submissions/ieee_qce_2026_bof_quantum_future_design_overleaf/references/bof/01_quantum_future_society_vision_2022_cao.pdf,/Users/tstakuma/Desktop/github/research/08_documents/supplementary/submissions/ieee_qce_2026_bof_quantum_future_design_overleaf/references/bof/01_quantum_future_society_vision_2022_cao.pdf,08_documents/supplementary/submissions/ieee_qce_2026_bof_quantum_future_design_overleaf/references/bof/01_quantum_future_society_vision_2022_cao.pdf,08_documents/supplementary/submissions/ieee_qce_2026_bof_quantum_future_design_overleaf/references/bof/01_quantum_future_society_vision_2022_cao.pdf,840,20260708,,normalized retained research artifact name,renamed
/Users/tstakuma/Desktop/github/research/08_documents/supplementary/submissions/ieee_qce_2026_bof_quantum_future_design_overleaf/references/bof/01b_vision_of_quantum_future_society_outline_en_cao.pdf,/Users/tstakuma/Desktop/github/research/08_documents/supplementary/submissions/ieee_qce_2026_bof_quantum_future_design_overleaf/references/bof/01b_vision_of_quantum_future_society_outline_en_cao.pdf,08_documents/supplementary/submissions/ieee_qce_2026_bof_quantum_future_design_overleaf/references/bof/01b_vision_of_quantum_future_society_outline_en_cao.pdf,08_documents/supplementary/submissions/ieee_qce_2026_bof_quantum_future_design_overleaf/references/bof/01b_vision_of_quantum_future_society_outline_en_cao.pdf,841,20260708,,normalized retained research artifact name,renamed
/Users/tstakuma/Desktop/github/research/08_documents/supplementary/submissions/ieee_qce_2026_bof_quantum_future_design_overleaf/references/bof/02_darpa_qbi_stage_a_qbit_2026_source_record.pdf,/Users/tstakuma/Desktop/github/research/08_documents/supplementary/submissions/ieee_qce_2026_bof_quantum_future_design_overleaf/references/bof/02_darpa_qbi_stage_a_qbit_2026_source_record.pdf,08_documents/supplementary/submissions/ieee_qce_2026_bof_quantum_future_design_overleaf/references/bof/02_darpa_qbi_stage_a_qbit_2026_source_record.pdf,08_documents/supplementary/submissions/ieee_qce_2026_bof_quantum_future_design_overleaf/references/bof/02_darpa_qbi_stage_a_qbit_2026_source_record.pdf,842,20260708,,normalized retained research artifact name,renamed
/Users/tstakuma/Desktop/github/research/08_documents/supplementary/submissions/ieee_qce_2026_bof_quantum_future_design_overleaf/references/bof/03_johnson_2013_science_fiction_fact_ieee_computer_source_record.pdf,/Users/tstakuma/Desktop/github/research/08_documents/supplementary/submissions/ieee_qce_2026_bof_quantum_future_design_overleaf/references/bof/03_johnson_2013_science_fiction_fact_ieee_computer_source_record.pdf,08_documents/supplementary/submissions/ieee_qce_2026_bof_quantum_future_design_overleaf/references/bof/03_johnson_2013_science_fiction_fact_ieee_computer_source_record.pdf,08_documents/supplementary/submissions/ieee_qce_2026_bof_quantum_future_design_overleaf/references/bof/03_johnson_2013_science_fiction_fact_ieee_computer_source_record.pdf,843,20260708,,normalized retained research artifact name,renamed
/Users/tstakuma/Desktop/github/research/08_documents/supplementary/submissions/ieee_qce_2026_bof_quantum_future_design_overleaf/references/bof/04_burnam_fink_2015_narrative_scenarios_source_record.pdf,/Users/tstakuma/Desktop/github/research/08_documents/supplementary/submissions/ieee_qce_2026_bof_quantum_future_design_overleaf/references/bof/04_burnam_fink_2015_narrative_scenarios_source_record.pdf,08_documents/supplementary/submissions/ieee_qce_2026_bof_quantum_future_design_overleaf/references/bof/04_burnam_fink_2015_narrative_scenarios_source_record.pdf,08_documents/supplementary/submissions/ieee_qce_2026_bof_quantum_future_design_overleaf/references/bof/04_burnam_fink_2015_narrative_scenarios_source_record.pdf,844,20260708,,normalized retained research artifact name,renamed
/Users/tstakuma/Desktop/github/research/08_documents/supplementary/submissions/ieee_qce_2026_bof_quantum_future_design_overleaf/references/bof/05_draudt_2015_six_insights_source_record.pdf,/Users/tstakuma/Desktop/github/research/08_documents/supplementary/submissions/ieee_qce_2026_bof_quantum_future_design_overleaf/references/bof/05_draudt_2015_six_insights_source_record.pdf,08_documents/supplementary/submissions/ieee_qce_2026_bof_quantum_future_design_overleaf/references/bof/05_draudt_2015_six_insights_source_record.pdf,08_documents/supplementary/submissions/ieee_qce_2026_bof_quantum_future_design_overleaf/references/bof/05_draudt_2015_six_insights_source_record.pdf,845,20260708,,normalized retained research artifact name,renamed
/Users/tstakuma/Desktop/github/research/08_documents/supplementary/submissions/ieee_qce_2026_bof_quantum_future_design_overleaf/references/bof/06_zappin_2025_bridging_quantum_divide_acm_source_record.pdf,/Users/tstakuma/Desktop/github/research/08_documents/supplementary/submissions/ieee_qce_2026_bof_quantum_future_design_overleaf/references/bof/06_zappin_2025_bridging_quantum_divide_acm_source_record.pdf,08_documents/supplementary/submissions/ieee_qce_2026_bof_quantum_future_design_overleaf/references/bof/06_zappin_2025_bridging_quantum_divide_acm_source_record.pdf,08_documents/supplementary/submissions/ieee_qce_2026_bof_quantum_future_design_overleaf/references/bof/06_zappin_2025_bridging_quantum_divide_acm_source_record.pdf,846,20260708,,normalized retained research artifact name,renamed
/Users/tstakuma/Desktop/github/research/08_documents/supplementary/submissions/ieee_qce_2026_bof_quantum_future_design_overleaf/references/bof/06_zappin_2025_bridging_quantum_divide_arxiv.pdf,/Users/tstakuma/Desktop/github/research/08_documents/supplementary/submissions/ieee_qce_2026_bof_quantum_future_design_overleaf/references/bof/06_zappin_2025_bridging_quantum_divide_arxiv.pdf,08_documents/supplementary/submissions/ieee_qce_2026_bof_quantum_future_design_overleaf/references/bof/06_zappin_2025_bridging_quantum_divide_arxiv.pdf,08_documents/supplementary/submissions/ieee_qce_2026_bof_quantum_future_design_overleaf/references/bof/06_zappin_2025_bridging_quantum_divide_arxiv.pdf,847,20260708,,normalized retained research artifact name,renamed
/Users/tstakuma/Desktop/github/research/08_documents/supplementary/submissions/ieee_qce_2026_bof_quantum_future_design_overleaf/references/bof/reference_source_registry.csv,/Users/tstakuma/Desktop/github/research/08_documents/supplementary/submissions/ieee_qce_2026_bof_quantum_future_design_overleaf/references/bof/reference_source_registry.csv,08_documents/supplementary/submissions/ieee_qce_2026_bof_quantum_future_design_overleaf/references/bof/reference_source_registry.csv,08_documents/supplementary/submissions/ieee_qce_2026_bof_quantum_future_design_overleaf/references/bof/reference_source_registry.csv,848,20260708,,normalized retained research artifact name,renamed
/Users/tstakuma/Desktop/github/research/07_presentations/archived_versions/0701_quantum-assesment_v1.pptx,/Users/tstakuma/Desktop/github/research/07_presentations/archived_versions/700_20260701_0701_quantum_assesment_v1.pptx,07_presentations/archived_versions/0701_quantum-assesment_v1.pptx,07_presentations/archived_versions/700_20260701_0701_quantum_assesment_v1.pptx,700,20260701,,normalized retained research artifact name,renamed
/Users/tstakuma/Desktop/github/research/07_presentations/archived_versions/0712_MDR2_v1_slide19_revised.pptx,/Users/tstakuma/Desktop/github/research/07_presentations/archived_versions/701_20260712_0712_mdr2_v1_slide19_revised.pptx,07_presentations/archived_versions/0712_MDR2_v1_slide19_revised.pptx,07_presentations/archived_versions/701_20260712_0712_mdr2_v1_slide19_revised.pptx,701,20260712,,normalized retained research artifact name,renamed
/Users/tstakuma/Desktop/github/research/07_presentations/archived_versions/From technical success to unseen impacts(4)_slides13_19_added.pptx,/Users/tstakuma/Desktop/github/research/07_presentations/archived_versions/702_20260712_from_technical_success_to_unseen_impacts_4_slides13_19_added.pptx,07_presentations/archived_versions/From technical success to unseen impacts(4)_slides13_19_added.pptx,07_presentations/archived_versions/702_20260712_from_technical_success_to_unseen_impacts_4_slides13_19_added.pptx,702,20260712,,normalized retained research artifact name,renamed
/Users/tstakuma/Desktop/github/research/07_presentations/archived_versions/From technical success to unseen impacts.pptx,/Users/tstakuma/Desktop/github/research/07_presentations/archived_versions/703_20260711_from_technical_success_to_unseen_impacts.pptx,07_presentations/archived_versions/From technical success to unseen impacts.pptx,07_presentations/archived_versions/703_20260711_from_technical_success_to_unseen_impacts.pptx,703,20260711,,normalized retained research artifact name,renamed
/Users/tstakuma/Desktop/github/research/07_presentations/archived_versions/From technical success to unseen impacts_revised_with_sources.pptx,/Users/tstakuma/Desktop/github/research/07_presentations/archived_versions/704_20260711_from_technical_success_to_unseen_impacts_revised_with_sources.pptx,07_presentations/archived_versions/From technical success to unseen impacts_revised_with_sources.pptx,07_presentations/archived_versions/704_20260711_from_technical_success_to_unseen_impacts_revised_with_sources.pptx,704,20260711,,normalized retained research artifact name,renamed
/Users/tstakuma/Desktop/github/research/07_presentations/archived_versions/quantum_slides.pptx,/Users/tstakuma/Desktop/github/research/07_presentations/archived_versions/quantum_slides.pptx,07_presentations/archived_versions/quantum_slides.pptx,07_presentations/archived_versions/quantum_slides.pptx,705,20260702,,normalized retained research artifact name,renamed
/Users/tstakuma/Desktop/github/research/07_presentations/archived_versions/research_overview_wip.pptx,/Users/tstakuma/Desktop/github/research/07_presentations/archived_versions/research_overview_wip.pptx,07_presentations/archived_versions/research_overview_wip.pptx,07_presentations/archived_versions/research_overview_wip.pptx,706,20260712,,normalized retained research artifact name,renamed
/Users/tstakuma/Desktop/github/research/07_presentations/archived_versions/research_progress_stage_gap_assessment.pptx,/Users/tstakuma/Desktop/github/research/07_presentations/archived_versions/research_progress_stage_gap_assessment.pptx,07_presentations/archived_versions/research_progress_stage_gap_assessment.pptx,07_presentations/archived_versions/research_progress_stage_gap_assessment.pptx,707,20260625,,normalized retained research artifact name,renamed
/Users/tstakuma/Desktop/github/research/07_presentations/archived_versions/新規ドキュメント.pptx,/Users/tstakuma/Desktop/github/research/07_presentations/archived_versions/708_20260711_untitled_presentation.pptx,07_presentations/archived_versions/新規ドキュメント.pptx,07_presentations/archived_versions/708_20260711_untitled_presentation.pptx,708,20260711,,normalized retained research artifact name,renamed
/Users/tstakuma/Desktop/github/research/90_archive/backup/20260711_before_constraint_gap_refactor/scripts/make_evrp_feasibility_sensitivity_analysis.py,/Users/tstakuma/Desktop/github/research/90_archive/backup/20260711_before_constraint_gap_refactor/scripts/make_evrp_feasibility_sensitivity_analysis.py,90_archive/backup/20260711_before_constraint_gap_refactor/scripts/make_evrp_feasibility_sensitivity_analysis.py,90_archive/backup/20260711_before_constraint_gap_refactor/scripts/make_evrp_feasibility_sensitivity_analysis.py,,,,technical exemption: numeric prefix would make Python module names non-importable,kept_import_safe
/Users/tstakuma/Desktop/github/research/90_archive/backup/20260711_before_constraint_gap_refactor/scripts/make_evrp_scenario_story_visuals.py,/Users/tstakuma/Desktop/github/research/90_archive/backup/20260711_before_constraint_gap_refactor/scripts/make_evrp_scenario_story_visuals.py,90_archive/backup/20260711_before_constraint_gap_refactor/scripts/make_evrp_scenario_story_visuals.py,90_archive/backup/20260711_before_constraint_gap_refactor/scripts/make_evrp_scenario_story_visuals.py,,,,technical exemption: numeric prefix would make Python module names non-importable,kept_import_safe
/Users/tstakuma/Desktop/github/research/90_archive/backup/20260711_before_constraint_gap_refactor/scripts/make_evidence_based_propagation_network.py,/Users/tstakuma/Desktop/github/research/90_archive/backup/20260711_before_constraint_gap_refactor/scripts/make_evidence_based_propagation_network.py,90_archive/backup/20260711_before_constraint_gap_refactor/scripts/make_evidence_based_propagation_network.py,90_archive/backup/20260711_before_constraint_gap_refactor/scripts/make_evidence_based_propagation_network.py,,,,technical exemption: numeric prefix would make Python module names non-importable,kept_import_safe
/Users/tstakuma/Desktop/github/research/90_archive/backup/20260711_before_constraint_gap_refactor/scripts/make_simulation_derived_charging_pathway.py,/Users/tstakuma/Desktop/github/research/90_archive/backup/20260711_before_constraint_gap_refactor/scripts/make_simulation_derived_charging_pathway.py,90_archive/backup/20260711_before_constraint_gap_refactor/scripts/make_simulation_derived_charging_pathway.py,90_archive/backup/20260711_before_constraint_gap_refactor/scripts/make_simulation_derived_charging_pathway.py,,,,technical exemption: numeric prefix would make Python module names non-importable,kept_import_safe
/Users/tstakuma/Desktop/github/research/90_archive/backup/20260711_before_constraint_gap_refactor/scripts/make_monte_carlo_evrp_visualizations.py,/Users/tstakuma/Desktop/github/research/90_archive/backup/20260711_before_constraint_gap_refactor/scripts/make_monte_carlo_evrp_visualizations.py,90_archive/backup/20260711_before_constraint_gap_refactor/scripts/make_monte_carlo_evrp_visualizations.py,90_archive/backup/20260711_before_constraint_gap_refactor/scripts/make_monte_carlo_evrp_visualizations.py,,,,technical exemption: numeric prefix would make Python module names non-importable,kept_import_safe
/Users/tstakuma/Desktop/github/research/90_archive/backup/20260711_before_constraint_gap_refactor/scripts/make_tokyo_evrp_scenario_inputs.py,/Users/tstakuma/Desktop/github/research/90_archive/backup/20260711_before_constraint_gap_refactor/scripts/make_tokyo_evrp_scenario_inputs.py,90_archive/backup/20260711_before_constraint_gap_refactor/scripts/make_tokyo_evrp_scenario_inputs.py,90_archive/backup/20260711_before_constraint_gap_refactor/scripts/make_tokyo_evrp_scenario_inputs.py,,,,technical exemption: numeric prefix would make Python module names non-importable,kept_import_safe
/Users/tstakuma/Desktop/github/research/90_archive/deprecated_outputs/charging_pathway_legacy/explanation_package/quantum_evrp_explanation_package/07_executed_python_code/make_evrp_feasibility_sensitivity_analysis.py,/Users/tstakuma/Desktop/github/research/90_archive/deprecated_outputs/charging_pathway_legacy/explanation_package/quantum_evrp_explanation_package/07_executed_python_code/make_evrp_feasibility_sensitivity_analysis.py,90_archive/deprecated_outputs/charging_pathway_legacy/explanation_package/quantum_evrp_explanation_package/07_executed_python_code/make_evrp_feasibility_sensitivity_analysis.py,90_archive/deprecated_outputs/charging_pathway_legacy/explanation_package/quantum_evrp_explanation_package/07_executed_python_code/make_evrp_feasibility_sensitivity_analysis.py,,,,technical exemption: numeric prefix would make Python module names non-importable,kept_import_safe
/Users/tstakuma/Desktop/github/research/90_archive/deprecated_outputs/charging_pathway_legacy/explanation_package/quantum_evrp_explanation_package/07_executed_python_code/make_evrp_scenario_story_visuals.py,/Users/tstakuma/Desktop/github/research/90_archive/deprecated_outputs/charging_pathway_legacy/explanation_package/quantum_evrp_explanation_package/07_executed_python_code/make_evrp_scenario_story_visuals.py,90_archive/deprecated_outputs/charging_pathway_legacy/explanation_package/quantum_evrp_explanation_package/07_executed_python_code/make_evrp_scenario_story_visuals.py,90_archive/deprecated_outputs/charging_pathway_legacy/explanation_package/quantum_evrp_explanation_package/07_executed_python_code/make_evrp_scenario_story_visuals.py,,,,technical exemption: numeric prefix would make Python module names non-importable,kept_import_safe
/Users/tstakuma/Desktop/github/research/90_archive/deprecated_outputs/charging_pathway_legacy/explanation_package/quantum_evrp_explanation_package/07_executed_python_code/process_ev_vehicle_specs.py,/Users/tstakuma/Desktop/github/research/90_archive/deprecated_outputs/charging_pathway_legacy/explanation_package/quantum_evrp_explanation_package/07_executed_python_code/process_ev_vehicle_specs.py,90_archive/deprecated_outputs/charging_pathway_legacy/explanation_package/quantum_evrp_explanation_package/07_executed_python_code/process_ev_vehicle_specs.py,90_archive/deprecated_outputs/charging_pathway_legacy/explanation_package/quantum_evrp_explanation_package/07_executed_python_code/process_ev_vehicle_specs.py,,,,technical exemption: numeric prefix would make Python module names non-importable,kept_import_safe
/Users/tstakuma/Desktop/github/research/90_archive/deprecated_outputs/charging_pathway_legacy/explanation_package/quantum_evrp_explanation_package/07_executed_python_code/analyze_evrp_benchmark_instances.py,/Users/tstakuma/Desktop/github/research/90_archive/deprecated_outputs/charging_pathway_legacy/explanation_package/quantum_evrp_explanation_package/07_executed_python_code/analyze_evrp_benchmark_instances.py,90_archive/deprecated_outputs/charging_pathway_legacy/explanation_package/quantum_evrp_explanation_package/07_executed_python_code/analyze_evrp_benchmark_instances.py,90_archive/deprecated_outputs/charging_pathway_legacy/explanation_package/quantum_evrp_explanation_package/07_executed_python_code/analyze_evrp_benchmark_instances.py,,,,technical exemption: numeric prefix would make Python module names non-importable,kept_import_safe
/Users/tstakuma/Desktop/github/research/90_archive/deprecated_outputs/charging_pathway_legacy/explanation_package/quantum_evrp_explanation_package/07_executed_python_code/make_tokyo_evrp_quantum_requirement_map.py,/Users/tstakuma/Desktop/github/research/90_archive/deprecated_outputs/charging_pathway_legacy/explanation_package/quantum_evrp_explanation_package/07_executed_python_code/make_tokyo_evrp_quantum_requirement_map.py,90_archive/deprecated_outputs/charging_pathway_legacy/explanation_package/quantum_evrp_explanation_package/07_executed_python_code/make_tokyo_evrp_quantum_requirement_map.py,90_archive/deprecated_outputs/charging_pathway_legacy/explanation_package/quantum_evrp_explanation_package/07_executed_python_code/make_tokyo_evrp_quantum_requirement_map.py,,,,technical exemption: numeric prefix would make Python module names non-importable,kept_import_safe
/Users/tstakuma/Desktop/github/research/90_archive/deprecated_outputs/charging_pathway_legacy/explanation_package/quantum_evrp_explanation_package/07_executed_python_code/make_simulation_derived_charging_pathway.py,/Users/tstakuma/Desktop/github/research/90_archive/deprecated_outputs/charging_pathway_legacy/explanation_package/quantum_evrp_explanation_package/07_executed_python_code/make_simulation_derived_charging_pathway.py,90_archive/deprecated_outputs/charging_pathway_legacy/explanation_package/quantum_evrp_explanation_package/07_executed_python_code/make_simulation_derived_charging_pathway.py,90_archive/deprecated_outputs/charging_pathway_legacy/explanation_package/quantum_evrp_explanation_package/07_executed_python_code/make_simulation_derived_charging_pathway.py,,,,technical exemption: numeric prefix would make Python module names non-importable,kept_import_safe
/Users/tstakuma/Desktop/github/research/90_archive/deprecated_outputs/charging_pathway_legacy/explanation_package/quantum_evrp_explanation_package/07_executed_python_code/make_presentation_figure_1.py,/Users/tstakuma/Desktop/github/research/90_archive/deprecated_outputs/charging_pathway_legacy/explanation_package/quantum_evrp_explanation_package/07_executed_python_code/make_presentation_figure_1.py,90_archive/deprecated_outputs/charging_pathway_legacy/explanation_package/quantum_evrp_explanation_package/07_executed_python_code/make_presentation_figure_1.py,90_archive/deprecated_outputs/charging_pathway_legacy/explanation_package/quantum_evrp_explanation_package/07_executed_python_code/make_presentation_figure_1.py,,,,technical exemption: numeric prefix would make Python module names non-importable,kept_import_safe
/Users/tstakuma/Desktop/github/research/90_archive/deprecated_outputs/charging_pathway_legacy/explanation_package/quantum_evrp_explanation_package/07_executed_python_code/make_srl_qrl_methodology_design.py,/Users/tstakuma/Desktop/github/research/90_archive/deprecated_outputs/charging_pathway_legacy/explanation_package/quantum_evrp_explanation_package/07_executed_python_code/make_srl_qrl_methodology_design.py,90_archive/deprecated_outputs/charging_pathway_legacy/explanation_package/quantum_evrp_explanation_package/07_executed_python_code/make_srl_qrl_methodology_design.py,90_archive/deprecated_outputs/charging_pathway_legacy/explanation_package/quantum_evrp_explanation_package/07_executed_python_code/make_srl_qrl_methodology_design.py,,,,technical exemption: numeric prefix would make Python module names non-importable,kept_import_safe
/Users/tstakuma/Desktop/github/research/90_archive/deprecated_outputs/charging_pathway_legacy/explanation_package/quantum_evrp_explanation_package/07_executed_python_code/make_evrp_requirement_gap_analysis.py,/Users/tstakuma/Desktop/github/research/90_archive/deprecated_outputs/charging_pathway_legacy/explanation_package/quantum_evrp_explanation_package/07_executed_python_code/make_evrp_requirement_gap_analysis.py,90_archive/deprecated_outputs/charging_pathway_legacy/explanation_package/quantum_evrp_explanation_package/07_executed_python_code/make_evrp_requirement_gap_analysis.py,90_archive/deprecated_outputs/charging_pathway_legacy/explanation_package/quantum_evrp_explanation_package/07_executed_python_code/make_evrp_requirement_gap_analysis.py,,,,technical exemption: numeric prefix would make Python module names non-importable,kept_import_safe
/Users/tstakuma/Desktop/github/research/90_archive/deprecated_outputs/charging_pathway_legacy/explanation_package/quantum_evrp_explanation_package/07_executed_python_code/make_tokyo_evrp_quantum_requirement_map_ja.py,/Users/tstakuma/Desktop/github/research/90_archive/deprecated_outputs/charging_pathway_legacy/explanation_package/quantum_evrp_explanation_package/07_executed_python_code/make_tokyo_evrp_quantum_requirement_map_ja.py,90_archive/deprecated_outputs/charging_pathway_legacy/explanation_package/quantum_evrp_explanation_package/07_executed_python_code/make_tokyo_evrp_quantum_requirement_map_ja.py,90_archive/deprecated_outputs/charging_pathway_legacy/explanation_package/quantum_evrp_explanation_package/07_executed_python_code/make_tokyo_evrp_quantum_requirement_map_ja.py,,,,technical exemption: numeric prefix would make Python module names non-importable,kept_import_safe
/Users/tstakuma/Desktop/github/research/90_archive/deprecated_outputs/charging_pathway_legacy/explanation_package/quantum_evrp_explanation_package/07_executed_python_code/make_qrl_wise_srl_score_table.py,/Users/tstakuma/Desktop/github/research/90_archive/deprecated_outputs/charging_pathway_legacy/explanation_package/quantum_evrp_explanation_package/07_executed_python_code/make_qrl_wise_srl_score_table.py,90_archive/deprecated_outputs/charging_pathway_legacy/explanation_package/quantum_evrp_explanation_package/07_executed_python_code/make_qrl_wise_srl_score_table.py,90_archive/deprecated_outputs/charging_pathway_legacy/explanation_package/quantum_evrp_explanation_package/07_executed_python_code/make_qrl_wise_srl_score_table.py,,,,technical exemption: numeric prefix would make Python module names non-importable,kept_import_safe
/Users/tstakuma/Desktop/github/research/90_archive/deprecated_outputs/charging_pathway_legacy/explanation_package/quantum_evrp_explanation_package/07_executed_python_code/process_tokyo_public_data_inputs.py,/Users/tstakuma/Desktop/github/research/90_archive/deprecated_outputs/charging_pathway_legacy/explanation_package/quantum_evrp_explanation_package/07_executed_python_code/process_tokyo_public_data_inputs.py,90_archive/deprecated_outputs/charging_pathway_legacy/explanation_package/quantum_evrp_explanation_package/07_executed_python_code/process_tokyo_public_data_inputs.py,90_archive/deprecated_outputs/charging_pathway_legacy/explanation_package/quantum_evrp_explanation_package/07_executed_python_code/process_tokyo_public_data_inputs.py,,,,technical exemption: numeric prefix would make Python module names non-importable,kept_import_safe
/Users/tstakuma/Desktop/github/research/90_archive/deprecated_outputs/charging_pathway_legacy/explanation_package/quantum_evrp_explanation_package/07_executed_python_code/make_monte_carlo_evrp_visualizations.py,/Users/tstakuma/Desktop/github/research/90_archive/deprecated_outputs/charging_pathway_legacy/explanation_package/quantum_evrp_explanation_package/07_executed_python_code/make_monte_carlo_evrp_visualizations.py,90_archive/deprecated_outputs/charging_pathway_legacy/explanation_package/quantum_evrp_explanation_package/07_executed_python_code/make_monte_carlo_evrp_visualizations.py,90_archive/deprecated_outputs/charging_pathway_legacy/explanation_package/quantum_evrp_explanation_package/07_executed_python_code/make_monte_carlo_evrp_visualizations.py,,,,technical exemption: numeric prefix would make Python module names non-importable,kept_import_safe
/Users/tstakuma/Desktop/github/research/90_archive/deprecated_outputs/charging_pathway_legacy/explanation_package/quantum_evrp_explanation_package/07_executed_python_code/make_tokyo_evrp_scenario_inputs.py,/Users/tstakuma/Desktop/github/research/90_archive/deprecated_outputs/charging_pathway_legacy/explanation_package/quantum_evrp_explanation_package/07_executed_python_code/make_tokyo_evrp_scenario_inputs.py,90_archive/deprecated_outputs/charging_pathway_legacy/explanation_package/quantum_evrp_explanation_package/07_executed_python_code/make_tokyo_evrp_scenario_inputs.py,90_archive/deprecated_outputs/charging_pathway_legacy/explanation_package/quantum_evrp_explanation_package/07_executed_python_code/make_tokyo_evrp_scenario_inputs.py,,,,technical exemption: numeric prefix would make Python module names non-importable,kept_import_safe
/Users/tstakuma/Desktop/github/research/90_archive/deprecated_outputs/charging_pathway_legacy/explanation_package/quantum_evrp_explanation_package/07_executed_python_code/fetch_open_charge_map_tokyo.py,/Users/tstakuma/Desktop/github/research/90_archive/deprecated_outputs/charging_pathway_legacy/explanation_package/quantum_evrp_explanation_package/07_executed_python_code/fetch_open_charge_map_tokyo.py,90_archive/deprecated_outputs/charging_pathway_legacy/explanation_package/quantum_evrp_explanation_package/07_executed_python_code/fetch_open_charge_map_tokyo.py,90_archive/deprecated_outputs/charging_pathway_legacy/explanation_package/quantum_evrp_explanation_package/07_executed_python_code/fetch_open_charge_map_tokyo.py,,,,technical exemption: numeric prefix would make Python module names non-importable,kept_import_safe
/Users/tstakuma/Desktop/github/research/90_archive/deprecated_outputs/charging_pathway_legacy/explanation_package/quantum_evrp_explanation_package/07_executed_python_code/process_mlit_logistics_hubs.py,/Users/tstakuma/Desktop/github/research/90_archive/deprecated_outputs/charging_pathway_legacy/explanation_package/quantum_evrp_explanation_package/07_executed_python_code/process_mlit_logistics_hubs.py,90_archive/deprecated_outputs/charging_pathway_legacy/explanation_package/quantum_evrp_explanation_package/07_executed_python_code/process_mlit_logistics_hubs.py,90_archive/deprecated_outputs/charging_pathway_legacy/explanation_package/quantum_evrp_explanation_package/07_executed_python_code/process_mlit_logistics_hubs.py,,,,technical exemption: numeric prefix would make Python module names non-importable,kept_import_safe
/Users/tstakuma/Desktop/github/research/90_archive/deprecated_outputs/charging_pathway_legacy/explanation_package/quantum_evrp_explanation_package/07_executed_python_code/make_qrl_srl_table_figure.py,/Users/tstakuma/Desktop/github/research/90_archive/deprecated_outputs/charging_pathway_legacy/explanation_package/quantum_evrp_explanation_package/07_executed_python_code/make_qrl_srl_table_figure.py,90_archive/deprecated_outputs/charging_pathway_legacy/explanation_package/quantum_evrp_explanation_package/07_executed_python_code/make_qrl_srl_table_figure.py,90_archive/deprecated_outputs/charging_pathway_legacy/explanation_package/quantum_evrp_explanation_package/07_executed_python_code/make_qrl_srl_table_figure.py,,,,technical exemption: numeric prefix would make Python module names non-importable,kept_import_safe
/Users/tstakuma/Desktop/github/research/01_research_design/future_design_analysis_methods/jp_font.py,/Users/tstakuma/Desktop/github/research/01_research_design/future_design_analysis_methods/jp_font.py,01_research_design/future_design_analysis_methods/jp_font.py,01_research_design/future_design_analysis_methods/jp_font.py,,,,technical exemption: numeric prefix would make Python module names non-importable,kept_import_safe
/Users/tstakuma/Desktop/github/research/06_outputs/figures/active/circuit_width/make_reported_circuit_width_figure.py,/Users/tstakuma/Desktop/github/research/06_outputs/figures/active/circuit_width/make_reported_circuit_width_figure.py,06_outputs/figures/active/circuit_width/make_reported_circuit_width_figure.py,06_outputs/figures/active/circuit_width/make_reported_circuit_width_figure.py,,,,technical exemption: numeric prefix would make Python module names non-importable,kept_import_safe
/Users/tstakuma/Desktop/github/research/05_src/visualization/table_rendering_utils.py,/Users/tstakuma/Desktop/github/research/05_src/visualization/table_rendering_utils.py,05_src/visualization/table_rendering_utils.py,05_src/visualization/table_rendering_utils.py,,,,technical exemption: numeric prefix would make Python module names non-importable,kept_import_safe
/Users/tstakuma/Desktop/github/research/05_src/visualization/make_tokyo_evrp_quantum_requirement_map.py,/Users/tstakuma/Desktop/github/research/05_src/visualization/make_tokyo_evrp_quantum_requirement_map.py,05_src/visualization/make_tokyo_evrp_quantum_requirement_map.py,05_src/visualization/make_tokyo_evrp_quantum_requirement_map.py,,,,technical exemption: numeric prefix would make Python module names non-importable,kept_import_safe
/Users/tstakuma/Desktop/github/research/05_src/visualization/make_presentation_figure_1.py,/Users/tstakuma/Desktop/github/research/05_src/visualization/make_presentation_figure_1.py,05_src/visualization/make_presentation_figure_1.py,05_src/visualization/make_presentation_figure_1.py,,,,technical exemption: numeric prefix would make Python module names non-importable,kept_import_safe
/Users/tstakuma/Desktop/github/research/05_src/visualization/render_tokyo_synthetic_evrp_outputs.py,/Users/tstakuma/Desktop/github/research/05_src/visualization/render_tokyo_synthetic_evrp_outputs.py,05_src/visualization/render_tokyo_synthetic_evrp_outputs.py,05_src/visualization/render_tokyo_synthetic_evrp_outputs.py,,,,technical exemption: numeric prefix would make Python module names non-importable,kept_import_safe
/Users/tstakuma/Desktop/github/research/05_src/visualization/make_tokyo_evrp_quantum_requirement_map_ja.py,/Users/tstakuma/Desktop/github/research/05_src/visualization/make_tokyo_evrp_quantum_requirement_map_ja.py,05_src/visualization/make_tokyo_evrp_quantum_requirement_map_ja.py,05_src/visualization/make_tokyo_evrp_quantum_requirement_map_ja.py,,,,technical exemption: numeric prefix would make Python module names non-importable,kept_import_safe
/Users/tstakuma/Desktop/github/research/05_src/visualization/make_future_wheels_figures.py,/Users/tstakuma/Desktop/github/research/05_src/visualization/make_future_wheels_figures.py,05_src/visualization/make_future_wheels_figures.py,05_src/visualization/make_future_wheels_figures.py,,,,technical exemption: numeric prefix would make Python module names non-importable,kept_import_safe
/Users/tstakuma/Desktop/github/research/05_src/visualization/make_qrl_srl_table_figure.py,/Users/tstakuma/Desktop/github/research/05_src/visualization/make_qrl_srl_table_figure.py,05_src/visualization/make_qrl_srl_table_figure.py,05_src/visualization/make_qrl_srl_table_figure.py,,,,technical exemption: numeric prefix would make Python module names non-importable,kept_import_safe
/Users/tstakuma/Desktop/github/research/05_src/visualization/make_slide_15_generated_scenario_map.py,/Users/tstakuma/Desktop/github/research/05_src/visualization/make_slide_15_generated_scenario_map.py,05_src/visualization/make_slide_15_generated_scenario_map.py,05_src/visualization/make_slide_15_generated_scenario_map.py,,,,technical exemption: numeric prefix would make Python module names non-importable,kept_import_safe
/Users/tstakuma/Desktop/github/research/05_src/constraint_evaluation/run_tokyo_synthetic_evrp_analysis.py,/Users/tstakuma/Desktop/github/research/05_src/constraint_evaluation/run_tokyo_synthetic_evrp_analysis.py,05_src/constraint_evaluation/run_tokyo_synthetic_evrp_analysis.py,05_src/constraint_evaluation/run_tokyo_synthetic_evrp_analysis.py,,,,technical exemption: numeric prefix would make Python module names non-importable,kept_import_safe
/Users/tstakuma/Desktop/github/research/05_src/constraint_evaluation/validation_utils.py,/Users/tstakuma/Desktop/github/research/05_src/constraint_evaluation/validation_utils.py,05_src/constraint_evaluation/validation_utils.py,05_src/constraint_evaluation/validation_utils.py,,,,technical exemption: numeric prefix would make Python module names non-importable,kept_import_safe
/Users/tstakuma/Desktop/github/research/05_src/sensitivity/monte_carlo_utils.py,/Users/tstakuma/Desktop/github/research/05_src/sensitivity/monte_carlo_utils.py,05_src/sensitivity/monte_carlo_utils.py,05_src/sensitivity/monte_carlo_utils.py,,,,technical exemption: numeric prefix would make Python module names non-importable,kept_import_safe
/Users/tstakuma/Desktop/github/research/05_src/data_processing/process_ev_vehicle_specs.py,/Users/tstakuma/Desktop/github/research/05_src/data_processing/process_ev_vehicle_specs.py,05_src/data_processing/process_ev_vehicle_specs.py,05_src/data_processing/process_ev_vehicle_specs.py,,,,technical exemption: numeric prefix would make Python module names non-importable,kept_import_safe
/Users/tstakuma/Desktop/github/research/05_src/data_processing/fetch_jartic_tokyo_traffic.py,/Users/tstakuma/Desktop/github/research/05_src/data_processing/fetch_jartic_tokyo_traffic.py,05_src/data_processing/fetch_jartic_tokyo_traffic.py,05_src/data_processing/fetch_jartic_tokyo_traffic.py,,,,technical exemption: numeric prefix would make Python module names non-importable,kept_import_safe
/Users/tstakuma/Desktop/github/research/05_src/data_processing/process_tokyo_freight_flow_census.py,/Users/tstakuma/Desktop/github/research/05_src/data_processing/process_tokyo_freight_flow_census.py,05_src/data_processing/process_tokyo_freight_flow_census.py,05_src/data_processing/process_tokyo_freight_flow_census.py,,,,technical exemption: numeric prefix would make Python module names non-importable,kept_import_safe
/Users/tstakuma/Desktop/github/research/05_src/data_processing/process_tokyo_subcase_open_data.py,/Users/tstakuma/Desktop/github/research/05_src/data_processing/process_tokyo_subcase_open_data.py,05_src/data_processing/process_tokyo_subcase_open_data.py,05_src/data_processing/process_tokyo_subcase_open_data.py,,,,technical exemption: numeric prefix would make Python module names non-importable,kept_import_safe
/Users/tstakuma/Desktop/github/research/05_src/data_processing/process_tokyo_public_data_inputs.py,/Users/tstakuma/Desktop/github/research/05_src/data_processing/process_tokyo_public_data_inputs.py,05_src/data_processing/process_tokyo_public_data_inputs.py,05_src/data_processing/process_tokyo_public_data_inputs.py,,,,technical exemption: numeric prefix would make Python module names non-importable,kept_import_safe
/Users/tstakuma/Desktop/github/research/05_src/data_processing/process_mlit_primary_highway_freight_network.py,/Users/tstakuma/Desktop/github/research/05_src/data_processing/process_mlit_primary_highway_freight_network.py,05_src/data_processing/process_mlit_primary_highway_freight_network.py,05_src/data_processing/process_mlit_primary_highway_freight_network.py,,,,technical exemption: numeric prefix would make Python module names non-importable,kept_import_safe
/Users/tstakuma/Desktop/github/research/05_src/data_processing/fetch_open_charge_map_tokyo.py,/Users/tstakuma/Desktop/github/research/05_src/data_processing/fetch_open_charge_map_tokyo.py,05_src/data_processing/fetch_open_charge_map_tokyo.py,05_src/data_processing/fetch_open_charge_map_tokyo.py,,,,technical exemption: numeric prefix would make Python module names non-importable,kept_import_safe
/Users/tstakuma/Desktop/github/research/05_src/data_processing/process_mlit_logistics_hubs.py,/Users/tstakuma/Desktop/github/research/05_src/data_processing/process_mlit_logistics_hubs.py,05_src/data_processing/process_mlit_logistics_hubs.py,05_src/data_processing/process_mlit_logistics_hubs.py,,,,technical exemption: numeric prefix would make Python module names non-importable,kept_import_safe
/Users/tstakuma/Desktop/github/research/05_src/data_processing/process_tokyo_gtfs.py,/Users/tstakuma/Desktop/github/research/05_src/data_processing/process_tokyo_gtfs.py,05_src/data_processing/process_tokyo_gtfs.py,05_src/data_processing/process_tokyo_gtfs.py,,,,technical exemption: numeric prefix would make Python module names non-importable,kept_import_safe
/Users/tstakuma/Desktop/github/research/05_src/scenario_generation/scenario_utils.py,/Users/tstakuma/Desktop/github/research/05_src/scenario_generation/scenario_utils.py,05_src/scenario_generation/scenario_utils.py,05_src/scenario_generation/scenario_utils.py,,,,technical exemption: numeric prefix would make Python module names non-importable,kept_import_safe
/Users/tstakuma/Desktop/github/research/05_src/scenario_generation/build_tokyo_synthetic_evrp_notebook.py,/Users/tstakuma/Desktop/github/research/05_src/scenario_generation/build_tokyo_synthetic_evrp_notebook.py,05_src/scenario_generation/build_tokyo_synthetic_evrp_notebook.py,05_src/scenario_generation/build_tokyo_synthetic_evrp_notebook.py,,,,technical exemption: numeric prefix would make Python module names non-importable,kept_import_safe
/Users/tstakuma/Desktop/github/research/05_src/literature_analysis/make_scale_gap_analysis.py,/Users/tstakuma/Desktop/github/research/05_src/literature_analysis/make_scale_gap_analysis.py,05_src/literature_analysis/make_scale_gap_analysis.py,05_src/literature_analysis/make_scale_gap_analysis.py,,,,technical exemption: numeric prefix would make Python module names non-importable,kept_import_safe
/Users/tstakuma/Desktop/github/research/05_src/literature_analysis/make_srl_qrl_requirement_evidence_network.py,/Users/tstakuma/Desktop/github/research/05_src/literature_analysis/make_srl_qrl_requirement_evidence_network.py,05_src/literature_analysis/make_srl_qrl_requirement_evidence_network.py,05_src/literature_analysis/make_srl_qrl_requirement_evidence_network.py,,,,technical exemption: numeric prefix would make Python module names non-importable,kept_import_safe
/Users/tstakuma/Desktop/github/research/05_src/literature_analysis/make_future_wheels_scoring_tables.py,/Users/tstakuma/Desktop/github/research/05_src/literature_analysis/make_future_wheels_scoring_tables.py,05_src/literature_analysis/make_future_wheels_scoring_tables.py,05_src/literature_analysis/make_future_wheels_scoring_tables.py,,,,technical exemption: numeric prefix would make Python module names non-importable,kept_import_safe
/Users/tstakuma/Desktop/github/research/05_src/literature_analysis/make_explanatory_quantum_social_readiness_table.py,/Users/tstakuma/Desktop/github/research/05_src/literature_analysis/make_explanatory_quantum_social_readiness_table.py,05_src/literature_analysis/make_explanatory_quantum_social_readiness_table.py,05_src/literature_analysis/make_explanatory_quantum_social_readiness_table.py,,,,technical exemption: numeric prefix would make Python module names non-importable,kept_import_safe
/Users/tstakuma/Desktop/github/research/05_src/literature_analysis/analyze_evrp_benchmark_instances.py,/Users/tstakuma/Desktop/github/research/05_src/literature_analysis/analyze_evrp_benchmark_instances.py,05_src/literature_analysis/analyze_evrp_benchmark_instances.py,05_src/literature_analysis/analyze_evrp_benchmark_instances.py,,,,technical exemption: numeric prefix would make Python module names non-importable,kept_import_safe
/Users/tstakuma/Desktop/github/research/05_src/literature_analysis/research_summary_utils.py,/Users/tstakuma/Desktop/github/research/05_src/literature_analysis/research_summary_utils.py,05_src/literature_analysis/research_summary_utils.py,05_src/literature_analysis/research_summary_utils.py,,,,technical exemption: numeric prefix would make Python module names non-importable,kept_import_safe
/Users/tstakuma/Desktop/github/research/05_src/literature_analysis/make_future_wheels_node_scoring.py,/Users/tstakuma/Desktop/github/research/05_src/literature_analysis/make_future_wheels_node_scoring.py,05_src/literature_analysis/make_future_wheels_node_scoring.py,05_src/literature_analysis/make_future_wheels_node_scoring.py,,,,technical exemption: numeric prefix would make Python module names non-importable,kept_import_safe
/Users/tstakuma/Desktop/github/research/05_src/literature_analysis/make_srl_qrl_requirement_evidence_network_v2.py,/Users/tstakuma/Desktop/github/research/05_src/literature_analysis/make_srl_qrl_requirement_evidence_network_v2.py,05_src/literature_analysis/make_srl_qrl_requirement_evidence_network_v2.py,05_src/literature_analysis/make_srl_qrl_requirement_evidence_network_v2.py,,,,technical exemption: numeric prefix would make Python module names non-importable,kept_import_safe
/Users/tstakuma/Desktop/github/research/05_src/literature_analysis/make_srl_qrl_methodology_design.py,/Users/tstakuma/Desktop/github/research/05_src/literature_analysis/make_srl_qrl_methodology_design.py,05_src/literature_analysis/make_srl_qrl_methodology_design.py,05_src/literature_analysis/make_srl_qrl_methodology_design.py,,,,technical exemption: numeric prefix would make Python module names non-importable,kept_import_safe
/Users/tstakuma/Desktop/github/research/05_src/literature_analysis/make_evrp_requirement_gap_analysis.py,/Users/tstakuma/Desktop/github/research/05_src/literature_analysis/make_evrp_requirement_gap_analysis.py,05_src/literature_analysis/make_evrp_requirement_gap_analysis.py,05_src/literature_analysis/make_evrp_requirement_gap_analysis.py,,,,technical exemption: numeric prefix would make Python module names non-importable,kept_import_safe
/Users/tstakuma/Desktop/github/research/05_src/literature_analysis/make_qrl_wise_srl_score_table.py,/Users/tstakuma/Desktop/github/research/05_src/literature_analysis/make_qrl_wise_srl_score_table.py,05_src/literature_analysis/make_qrl_wise_srl_score_table.py,05_src/literature_analysis/make_qrl_wise_srl_score_table.py,,,,technical exemption: numeric prefix would make Python module names non-importable,kept_import_safe
/Users/tstakuma/Desktop/github/research/05_src/literature_analysis/make_morphological_use_case_analysis.py,/Users/tstakuma/Desktop/github/research/05_src/literature_analysis/make_morphological_use_case_analysis.py,05_src/literature_analysis/make_morphological_use_case_analysis.py,05_src/literature_analysis/make_morphological_use_case_analysis.py,,,,technical exemption: numeric prefix would make Python module names non-importable,kept_import_safe
/Users/tstakuma/Desktop/github/research/05_src/literature_analysis/make_midterm_presentation_artifacts.py,/Users/tstakuma/Desktop/github/research/05_src/literature_analysis/make_midterm_presentation_artifacts.py,05_src/literature_analysis/make_midterm_presentation_artifacts.py,05_src/literature_analysis/make_midterm_presentation_artifacts.py,,,,technical exemption: numeric prefix would make Python module names non-importable,kept_import_safe
/Users/tstakuma/Desktop/github/research/05_src/literature_analysis/make_updated_future_wheels.py,/Users/tstakuma/Desktop/github/research/05_src/literature_analysis/make_updated_future_wheels.py,05_src/literature_analysis/make_updated_future_wheels.py,05_src/literature_analysis/make_updated_future_wheels.py,,,,technical exemption: numeric prefix would make Python module names non-importable,kept_import_safe
/Users/tstakuma/Desktop/github/research/.gitignore,/Users/tstakuma/Desktop/github/research/.gitignore,.gitignore,.gitignore,,,,tooling-reserved filename,kept_tooling_name
/Users/tstakuma/Desktop/github/research/.vscode/settings.json,/Users/tstakuma/Desktop/github/research/.vscode/settings.json,.vscode/settings.json,.vscode/settings.json,,,,tooling-reserved filename,kept_tooling_name
/Users/tstakuma/Desktop/github/research/.vscode/tasks.json,/Users/tstakuma/Desktop/github/research/.vscode/tasks.json,.vscode/tasks.json,.vscode/tasks.json,,,,tooling-reserved filename,kept_tooling_name
