Deleted path,SHA-256,Size,Modified date,Git status,Latest retained,Reason,Deletion timestamp,Result
/Users/tstakuma/Desktop/github/research/07_presentations/archived_versions/700_20260701_0701_quantum_assesment_v1.pptx,56ab1a813f99a02dbdd31ac73e7d028204076b5c01befd1d856de364da17d774,28597,2026-07-01T21:36:39.122390,??,07_presentations/current/701_20260712_v02_mdr2_presentation.pptx,"confirmed superseded, archived, backup, deprecated, or generated old version",2026-07-12T15:14:55.088097+00:00,deleted
/Users/tstakuma/Desktop/github/research/07_presentations/archived_versions/704_20260711_from_technical_success_to_unseen_impacts_revised_with_sources.pptx,e16c41af34a88facc10461fdb494b1e21572744216b3c345c5bce672a8abdef5,2311927,2026-07-11T02:00:43.773243,??,07_presentations/current/701_20260712_v02_mdr2_presentation.pptx,"confirmed superseded, archived, backup, deprecated, or generated old version",2026-07-12T15:14:55.088097+00:00,deleted
/Users/tstakuma/Desktop/github/research/07_presentations/archived_versions/702_20260712_from_technical_success_to_unseen_impacts_4_slides13_19_added.pptx,eef6cd9af3b96a93aa11a5ae64f0cac63aac98ed7e2b0098d0208fd9c9cf68be,2654329,2026-07-12T02:17:00.852804,??,07_presentations/current/701_20260712_v02_mdr2_presentation.pptx,"confirmed superseded, archived, backup, deprecated, or generated old version",2026-07-12T15:14:55.088097+00:00,deleted
/Users/tstakuma/Desktop/github/research/07_presentations/archived_versions/706_20260712_research_overview_wip.pptx,7457c59dfd78eeddae6cf8dc496d32edae4b41e0c3ac672395fb3e94dfddc8b7,14176,2026-07-12T02:05:41.658459,??,07_presentations/current/701_20260712_v02_mdr2_presentation.pptx,"confirmed superseded, archived, backup, deprecated, or generated old version",2026-07-12T15:14:55.088097+00:00,deleted
/Users/tstakuma/Desktop/github/research/07_presentations/archived_versions/708_20260711_untitled_presentation.pptx,61d3a3971355d19cece2588aa25919a0aa0ac5e9b0462c590f1b7a0cb0dc4a84,5250128,2026-07-11T01:29:33.506065,??,07_presentations/current/701_20260712_v02_mdr2_presentation.pptx,"confirmed superseded, archived, backup, deprecated, or generated old version",2026-07-12T15:14:55.088097+00:00,deleted
/Users/tstakuma/Desktop/github/research/07_presentations/archived_versions/701_20260712_0712_mdr2_v1_slide19_revised.pptx,8045a12c0c657ce954c0158c6039de00bb694079a60d095bcea9e7912ad0cfd3,2732974,2026-07-12T03:58:48.123334,??,07_presentations/current/701_20260712_v02_mdr2_presentation.pptx,"confirmed superseded, archived, backup, deprecated, or generated old version",2026-07-12T15:14:55.088097+00:00,deleted
/Users/tstakuma/Desktop/github/research/07_presentations/archived_versions/707_20260625_research_progress_stage_gap_assessment.pptx,4d154954da051d21828a83f6778e4683dadf8f3227faf1bccf177b82395d16e8,448757,2026-06-25T09:33:22.910455,??,07_presentations/current/701_20260712_v02_mdr2_presentation.pptx,"confirmed superseded, archived, backup, deprecated, or generated old version",2026-07-12T15:14:55.088097+00:00,deleted
/Users/tstakuma/Desktop/github/research/07_presentations/archived_versions/703_20260711_from_technical_success_to_unseen_impacts.pptx,bd2966f054eccf4345919a2d6bdfe3d372406681c4994190cb40a92bfd06d15f,222413,2026-07-11T20:57:31.854000,??,07_presentations/current/701_20260712_v02_mdr2_presentation.pptx,"confirmed superseded, archived, backup, deprecated, or generated old version",2026-07-12T15:14:55.088097+00:00,deleted
/Users/tstakuma/Desktop/github/research/07_presentations/archived_versions/705_20260702_quantum_slides.pptx,cd7074ece165ebb766e622165dad8345b422c9942da5ef47e70b1af09602e17d,28666,2026-07-02T17:45:55.998762,??,07_presentations/current/701_20260712_v02_mdr2_presentation.pptx,"confirmed superseded, archived, backup, deprecated, or generated old version",2026-07-12T15:14:55.088097+00:00,deleted
/Users/tstakuma/Desktop/github/research/90_archive/deprecated_outputs/902_20260711_v04_manifest.csv,590b8ebb48ad8fe8db5a811c4a18a8e9e4cc52c4b6734607c4401799ca4a2780,2171,2026-07-12T04:52:44.181963,??,active files under 01_research_design through 08_documents,"confirmed superseded, archived, backup, deprecated, or generated old version",2026-07-12T15:14:55.088097+00:00,deleted
/Users/tstakuma/Desktop/github/research/90_archive/exports/903_20260710_v04_quantum_evrp_explanation_package_2026_07_10.zip,e3c5b942b03a577c2a7e9d92471b7a46abd8b4a1b4d7055993d208202f4693dc,10840080,2026-07-10T16:55:47.620169,??,active files under 01_research_design through 08_documents,"confirmed superseded, archived, backup, deprecated, or generated old version",2026-07-12T15:14:55.088097+00:00,deleted
/Users/tstakuma/Desktop/github/research/90_archive/backup/20260711_before_constraint_gap_refactor/scripts/make_evrp_feasibility_sensitivity_analysis.py,f5c8113bd56abe7f6563208d2a43b5058df33cbb8392b7affbdf69ebf5e90808,69465,2026-07-12T04:52:44.219871,??,active files under 01_research_design through 08_documents,"confirmed superseded, archived, backup, deprecated, or generated old version",2026-07-12T15:14:55.088097+00:00,deleted
/Users/tstakuma/Desktop/github/research/90_archive/backup/20260711_before_constraint_gap_refactor/scripts/make_evrp_scenario_story_visuals.py,755e7f2ef30e86d3645582efaa21f6c437190c768acc1b56d6de22251878d1d2,19089,2026-07-12T04:52:44.230452,??,active files under 01_research_design through 08_documents,"confirmed superseded, archived, backup, deprecated, or generated old version",2026-07-12T15:14:55.088097+00:00,deleted
/Users/tstakuma/Desktop/github/research/90_archive/backup/20260711_before_constraint_gap_refactor/scripts/make_evidence_based_propagation_network.py,ad72bc1cc7b53affc91b78d9f6c373a004dd8a1ebece170252461c5a505c1b15,100769,2026-07-12T04:52:44.278643,??,active files under 01_research_design through 08_documents,"confirmed superseded, archived, backup, deprecated, or generated old version",2026-07-12T15:14:55.088097+00:00,deleted
/Users/tstakuma/Desktop/github/research/90_archive/backup/20260711_before_constraint_gap_refactor/scripts/make_simulation_derived_charging_pathway.py,d6a0baca1133715b0610e608f3095bef7177acdcb1507fbe88232d4dfb8cd249,84275,2026-07-12T04:52:44.317119,??,active files under 01_research_design through 08_documents,"confirmed superseded, archived, backup, deprecated, or generated old version",2026-07-12T15:14:55.088097+00:00,deleted
/Users/tstakuma/Desktop/github/research/90_archive/backup/20260711_before_constraint_gap_refactor/scripts/make_monte_carlo_evrp_visualizations.py,d6981f06ff2df652041759184dd8d9f750c63c1df7c77bd845c55b9adea6197f,17315,2026-07-12T04:52:44.327523,??,active files under 01_research_design through 08_documents,"confirmed superseded, archived, backup, deprecated, or generated old version",2026-07-12T15:14:55.088097+00:00,deleted
/Users/tstakuma/Desktop/github/research/90_archive/backup/20260711_before_constraint_gap_refactor/scripts/make_tokyo_evrp_scenario_inputs.py,6a01aa338f41b716d6bff9602242674ec2aef2f0ad16580c674e640fe8ac8446,18809,2026-07-12T04:52:44.338888,??,active files under 01_research_design through 08_documents,"confirmed superseded, archived, backup, deprecated, or generated old version",2026-07-12T15:14:55.088097+00:00,deleted
/Users/tstakuma/Desktop/github/research/90_archive/backup/20260711_before_constraint_gap_refactor/notebooks/900_20260711_tokyo_evrp_scenario_to_charging_pathway.ipynb,723ba0e99aa8b51a804d77942bdc3305233e8c2b77fb68f15f5920c4483e66fa,3980995,2026-07-12T04:52:46.135047,??,active files under 01_research_design through 08_documents,"confirmed superseded, archived, backup, deprecated, or generated old version",2026-07-12T15:14:55.088097+00:00,deleted
/Users/tstakuma/Desktop/github/research/90_archive/deprecated_outputs/legacy_evrp_outputs/use_case_scenario/948_20260706_v02_cross_domain_readiness_examples.csv,dceaf694097f40326f49c822ed28a1a225e217a9d1af69a0c7acadb2d1fda4bc,2878,2026-07-06T12:31:25.887054,??,active files under 01_research_design through 08_documents,"confirmed superseded, archived, backup, deprecated, or generated old version",2026-07-12T15:14:55.088097+00:00,deleted
/Users/tstakuma/Desktop/github/research/90_archive/deprecated_outputs/legacy_evrp_outputs/use_case_scenario/909_20260711_v03_feasibility_customer_results_by_seed.csv,02e2a7a9d10fac0ff651c61973d40dbef8e32269e15a017de90ed0c1a6c4d170,107732,2026-07-11T12:41:51.641290,??,active files under 01_research_design through 08_documents,"confirmed superseded, archived, backup, deprecated, or generated old version",2026-07-12T15:14:55.088097+00:00,deleted
/Users/tstakuma/Desktop/github/research/90_archive/deprecated_outputs/legacy_evrp_outputs/use_case_scenario/933_20260711_v03_scenario_available_chargers.csv,0cd5a995f0f5cbf4c874a932f50c5239bff03a1c523f4ca578a8fa7cf39ae2bf,4152,2026-07-11T12:39:55.765655,??,active files under 01_research_design through 08_documents,"confirmed superseded, archived, backup, deprecated, or generated old version",2026-07-12T15:14:55.088097+00:00,deleted
/Users/tstakuma/Desktop/github/research/90_archive/deprecated_outputs/legacy_evrp_outputs/use_case_scenario/939_20260711_v03_source_data_inventory.csv,a0423fd2306b2342a7a497c2b21bd135fbda68337855eefd8b0c2aaea954e68a,2654,2026-07-12T04:52:46.205165,??,active files under 01_research_design through 08_documents,"confirmed superseded, archived, backup, deprecated, or generated old version",2026-07-12T15:14:55.088097+00:00,deleted
/Users/tstakuma/Desktop/github/research/90_archive/deprecated_outputs/legacy_evrp_outputs/use_case_scenario/943_20260705_v03_tokyo_evrp_quantum_requirement_map.csv,ad5665e5605dafa3883fa0ec09385470209ca637612a0be35e1bcf535ac91363,7861,2026-07-05T00:10:04.654485,??,active files under 01_research_design through 08_documents,"confirmed superseded, archived, backup, deprecated, or generated old version",2026-07-12T15:14:55.088097+00:00,deleted
/Users/tstakuma/Desktop/github/research/90_archive/deprecated_outputs/legacy_evrp_outputs/use_case_scenario/906_20260705_v03_evrp_vs_quantum_vrp_scale_comparison.csv,4193ad47b1b6e82fab810ebaae432782b48488f47ba8cb789ead4bc4af9a36e3,40147,2026-07-12T04:52:46.232267,??,active files under 01_research_design through 08_documents,"confirmed superseded, archived, backup, deprecated, or generated old version",2026-07-12T15:14:55.088097+00:00,deleted
/Users/tstakuma/Desktop/github/research/90_archive/deprecated_outputs/legacy_evrp_outputs/use_case_scenario/945_20260705_v03_tokyo_evrp_quantum_requirement_map_presentation.csv,bf066b835130455867d6e63ab506f81e505bbcf130a87cd98f94a354da544817,3937,2026-07-05T00:10:05.839345,??,active files under 01_research_design through 08_documents,"confirmed superseded, archived, backup, deprecated, or generated old version",2026-07-12T15:14:55.088097+00:00,deleted
/Users/tstakuma/Desktop/github/research/90_archive/deprecated_outputs/legacy_evrp_outputs/use_case_scenario/938_20260705_v03_social_side_variable_sources.csv,ed970541f1bcf2fd0c5281ff24373c269e553946e79e154d2c4c531e168dad54,3750,2026-07-12T04:52:46.239061,??,active files under 01_research_design through 08_documents,"confirmed superseded, archived, backup, deprecated, or generated old version",2026-07-12T15:14:55.088097+00:00,deleted
/Users/tstakuma/Desktop/github/research/90_archive/deprecated_outputs/legacy_evrp_outputs/use_case_scenario/936_20260711_v03_scenario_depots.csv,839d4bac5e0acf317376e09526e76b8811a6e89c6121c90c53eb829a1601e5b6,131138,2026-07-11T12:39:57.279580,??,active files under 01_research_design through 08_documents,"confirmed superseded, archived, backup, deprecated, or generated old version",2026-07-12T15:14:55.088097+00:00,deleted
/Users/tstakuma/Desktop/github/research/90_archive/deprecated_outputs/legacy_evrp_outputs/use_case_scenario/928_20260706_v03_next_analysis_plan.csv,40aa91e839abca26746464ffc09b3bec6510fef0841a8946eb1113ee0e5dd9cc,3439,2026-07-12T04:52:46.302333,??,active files under 01_research_design through 08_documents,"confirmed superseded, archived, backup, deprecated, or generated old version",2026-07-12T15:14:55.088097+00:00,deleted
/Users/tstakuma/Desktop/github/research/90_archive/deprecated_outputs/legacy_evrp_outputs/use_case_scenario/901_20260704_v03_evrp_benchmark_comparison.csv,4b14c014f21aa8bc1880d90b5c359f2b9a68089d8cf6401ef4b205d94175ffbf,4630,2026-07-04T23:55:11.236755,??,active files under 01_research_design through 08_documents,"confirmed superseded, archived, backup, deprecated, or generated old version",2026-07-12T15:14:55.088097+00:00,deleted
/Users/tstakuma/Desktop/github/research/90_archive/deprecated_outputs/legacy_evrp_outputs/use_case_scenario/919_20260704_v03_morphological_use_case_candidates.csv,3336dc0bdd74ea0c52b384212289d4fbbb739d1322be3a49d2a35b817a63a706,7282,2026-07-12T04:52:46.311465,??,active files under 01_research_design through 08_documents,"confirmed superseded, archived, backup, deprecated, or generated old version",2026-07-12T15:14:55.088097+00:00,deleted
/Users/tstakuma/Desktop/github/research/90_archive/deprecated_outputs/legacy_evrp_outputs/use_case_scenario/908_20260706_v03_feasibility_charger_sensitivity_rules.csv,d878049a5348d260600498433342a6f0235c0176471965d38e7f0ba02682fcd7,1233,2026-07-06T21:18:53.136890,??,active files under 01_research_design through 08_documents,"confirmed superseded, archived, backup, deprecated, or generated old version",2026-07-12T15:14:55.088097+00:00,deleted
/Users/tstakuma/Desktop/github/research/90_archive/deprecated_outputs/legacy_evrp_outputs/use_case_scenario/929_20260711_v03_pipeline_csv_generation_usage_map.csv,d01cf38039b18d48314c596d0799cecad86ed17788f97d54606631104bb9fd3e,12431,2026-07-12T04:52:46.320821,??,active files under 01_research_design through 08_documents,"confirmed superseded, archived, backup, deprecated, or generated old version",2026-07-12T15:14:55.088097+00:00,deleted
/Users/tstakuma/Desktop/github/research/90_archive/deprecated_outputs/legacy_evrp_outputs/use_case_scenario/932_20260705_v03_quantum_evrp_gap_score.csv,8451da1be7259137fba65869e34a8c9c4ee952c1a7407b574bb7fa8188d23f0d,3294,2026-07-05T14:52:10.290005,??,active files under 01_research_design through 08_documents,"confirmed superseded, archived, backup, deprecated, or generated old version",2026-07-12T15:14:55.088097+00:00,deleted
/Users/tstakuma/Desktop/github/research/90_archive/deprecated_outputs/legacy_evrp_outputs/use_case_scenario/949_20260711_v02_data_source_api_rule_registry.csv,b9d3725added75130f21f04007c3ea70de16f137d2bf3adcbd2e07cda8bc550c,9619,2026-07-12T04:52:46.329755,??,active files under 01_research_design through 08_documents,"confirmed superseded, archived, backup, deprecated, or generated old version",2026-07-12T15:14:55.088097+00:00,deleted
/Users/tstakuma/Desktop/github/research/90_archive/deprecated_outputs/legacy_evrp_outputs/use_case_scenario/931_20260706_v03_problem_structure_social_instance_mapping.csv,9eb8f15a6079795b609d2e32c3ac405cd1bc47cfb1bfa0d9e2c7c0cc7604df33,4645,2026-07-06T12:08:22.681951,??,active files under 01_research_design through 08_documents,"confirmed superseded, archived, backup, deprecated, or generated old version",2026-07-12T15:14:55.088097+00:00,deleted
/Users/tstakuma/Desktop/github/research/90_archive/deprecated_outputs/legacy_evrp_outputs/use_case_scenario/903_20260705_v03_evrp_benchmark_instance_summary.csv,79356f4d40714140ccd59d613d0e09b744125ff61d70e87fd131de8275df4691,1400,2026-07-05T00:10:02.325012,??,active files under 01_research_design through 08_documents,"confirmed superseded, archived, backup, deprecated, or generated old version",2026-07-12T15:14:55.088097+00:00,deleted
/Users/tstakuma/Desktop/github/research/90_archive/deprecated_outputs/legacy_evrp_outputs/use_case_scenario/915_20260711_v03_feasibility_summary_by_scenario.csv,ac64d786ec743c21d5857b5e3a539b17d620c3f4cfa000163d24dbec354745db,4151,2026-07-11T12:41:54.149038,??,active files under 01_research_design through 08_documents,"confirmed superseded, archived, backup, deprecated, or generated old version",2026-07-12T15:14:55.088097+00:00,deleted
/Users/tstakuma/Desktop/github/research/90_archive/deprecated_outputs/legacy_evrp_outputs/use_case_scenario/948_20260711_v03_tokyo_evrp_scenario_design_consistency_check.csv,0061e4fa09641b1161c85719cf36f44e563d16ee32216116a0297c95aac5cdb7,1852,2026-07-11T11:30:27.203845,??,active files under 01_research_design through 08_documents,"confirmed superseded, archived, backup, deprecated, or generated old version",2026-07-12T15:14:55.088097+00:00,deleted
/Users/tstakuma/Desktop/github/research/90_archive/deprecated_outputs/legacy_evrp_outputs/use_case_scenario/944_20260711_v02_bottleneck_to_evidence_gap_matrix.csv,42428571d7841eb4b99507ce9112a473679f014675744140ea20ee6ab6e355d1,2880,2026-07-11T12:41:58.250007,??,active files under 01_research_design through 08_documents,"confirmed superseded, archived, backup, deprecated, or generated old version",2026-07-12T15:14:55.088097+00:00,deleted
/Users/tstakuma/Desktop/github/research/90_archive/deprecated_outputs/legacy_evrp_outputs/use_case_scenario/946_20260711_v03_tokyo_evrp_route_proxy_results.csv,83edac54d1ea296e11db548b0c6650079ed1680c95c2f03626f1654561dc0323,745637,2026-07-11T12:41:52.481899,??,active files under 01_research_design through 08_documents,"confirmed superseded, archived, backup, deprecated, or generated old version",2026-07-12T15:14:55.088097+00:00,deleted
/Users/tstakuma/Desktop/github/research/90_archive/deprecated_outputs/legacy_evrp_outputs/use_case_scenario/913_20260711_v03_feasibility_results_by_seed.csv,42c8733447276aa5a6859c36863207eb1d243f14b8ccdbdc82c42071bd614819,88153,2026-07-11T12:41:53.376986,??,active files under 01_research_design through 08_documents,"confirmed superseded, archived, backup, deprecated, or generated old version",2026-07-12T15:14:55.088097+00:00,deleted
/Users/tstakuma/Desktop/github/research/90_archive/deprecated_outputs/legacy_evrp_outputs/use_case_scenario/912_20260711_v03_feasibility_regression_coefficients.csv,add2a1fed432afa4554636682034a2fe96c3c8f1ecd9159238671b9ad46f2247,905,2026-07-11T12:41:56.273203,??,active files under 01_research_design through 08_documents,"confirmed superseded, archived, backup, deprecated, or generated old version",2026-07-12T15:14:55.088097+00:00,deleted
/Users/tstakuma/Desktop/github/research/90_archive/deprecated_outputs/legacy_evrp_outputs/use_case_scenario/943_20260711_v02_benchmark_design_implications.csv,d0285b6942df5b5002f9424e8c3ff03f91c15ea0b8815eb0edd76eadbf49e259,1824,2026-07-11T12:41:58.871016,??,active files under 01_research_design through 08_documents,"confirmed superseded, archived, backup, deprecated, or generated old version",2026-07-12T15:14:55.088097+00:00,deleted
/Users/tstakuma/Desktop/github/research/90_archive/deprecated_outputs/legacy_evrp_outputs/use_case_scenario/949_20260711_v03_tokyo_evrp_scenario_design_generation_trace.csv,2940ba0e98c0493adcc8d89f65baf44b898bb0a1a11520f91b27c7beed626c13,3526,2026-07-12T04:52:46.747332,??,active files under 01_research_design through 08_documents,"confirmed superseded, archived, backup, deprecated, or generated old version",2026-07-12T15:14:55.088097+00:00,deleted
/Users/tstakuma/Desktop/github/research/90_archive/deprecated_outputs/legacy_evrp_outputs/use_case_scenario/902_20260705_v03_evrp_benchmark_instance_fields.csv,6aaa9d0aa64bf3a75b3fb5dfe5465ed61c3e4f8071b5e2cc74026f044ad181cc,49543,2026-07-12T04:52:46.773929,??,active files under 01_research_design through 08_documents,"confirmed superseded, archived, backup, deprecated, or generated old version",2026-07-12T15:14:55.088097+00:00,deleted
/Users/tstakuma/Desktop/github/research/90_archive/deprecated_outputs/legacy_evrp_outputs/use_case_scenario/942_20260711_v03_tokyo_evrp_distance_proxy_by_customer.csv,a6d3ed9883e29077c7429315c21a31276d84b6df495542ca02a235c30b7d41ed,38154569,2026-07-11T12:41:50.879943,??,active files under 01_research_design through 08_documents,"confirmed superseded, archived, backup, deprecated, or generated old version",2026-07-12T15:14:55.088097+00:00,deleted
/Users/tstakuma/Desktop/github/research/90_archive/deprecated_outputs/legacy_evrp_outputs/use_case_scenario/918_20260711_v03_monte_carlo_unmet_rates_long.csv,8bdec7dec2742a982526480017d48808004704770b227488c2664d8db3d44a78,575050,2026-07-11T12:20:18.226081,??,active files under 01_research_design through 08_documents,"confirmed superseded, archived, backup, deprecated, or generated old version",2026-07-12T15:14:55.088097+00:00,deleted
/Users/tstakuma/Desktop/github/research/90_archive/deprecated_outputs/legacy_evrp_outputs/use_case_scenario/947_20260704_v02_commercial_ev_delivery_evidence.csv,1f794ae9960fe515ad77d063a384cd12a986262e11e7b136f0252d4a921dfcf3,4810,2026-07-04T17:51:14.315508,??,active files under 01_research_design through 08_documents,"confirmed superseded, archived, backup, deprecated, or generated old version",2026-07-12T15:14:55.088097+00:00,deleted
/Users/tstakuma/Desktop/github/research/90_archive/deprecated_outputs/legacy_evrp_outputs/use_case_scenario/935_20260711_v03_scenario_customers_seeded.csv,e6fc4a3f741e42474e24e40858951652106d9f64062da4b34432508f51b118b2,4660142,2026-07-11T12:41:42.889244,??,active files under 01_research_design through 08_documents,"confirmed superseded, archived, backup, deprecated, or generated old version",2026-07-12T15:14:55.088097+00:00,deleted
/Users/tstakuma/Desktop/github/research/90_archive/deprecated_outputs/legacy_evrp_outputs/use_case_scenario/941_20260711_v03_synthetic_customer_node_rules.csv,04409693bc58abaa8c31240b9e3af0991f39aadb5910dd9a94477846ce69ea85,2732,2026-07-11T12:39:57.947191,??,active files under 01_research_design through 08_documents,"confirmed superseded, archived, backup, deprecated, or generated old version",2026-07-12T15:14:55.088097+00:00,deleted
/Users/tstakuma/Desktop/github/research/90_archive/deprecated_outputs/legacy_evrp_outputs/use_case_scenario/910_20260711_v03_feasibility_effect_sizes.csv,e670163e55da84b9e42a386484296987bb81deb7edfcfaad62885e4be8d02b40,873,2026-07-11T12:41:54.884907,??,active files under 01_research_design through 08_documents,"confirmed superseded, archived, backup, deprecated, or generated old version",2026-07-12T15:14:55.088097+00:00,deleted
/Users/tstakuma/Desktop/github/research/90_archive/deprecated_outputs/legacy_evrp_outputs/use_case_scenario/930_20260711_v03_problem_structure_growth_score.csv,d685adfc3a8fa3c215b214a0c72dfd43b1c803d6f4f57648f227e9ffc49511dc,1181,2026-07-11T12:41:57.651023,??,active files under 01_research_design through 08_documents,"confirmed superseded, archived, backup, deprecated, or generated old version",2026-07-12T15:14:55.088097+00:00,deleted
/Users/tstakuma/Desktop/github/research/90_archive/deprecated_outputs/legacy_evrp_outputs/use_case_scenario/937_20260706_v03_service_candidate_traceability_matrix.csv,b77d7b1ef7f9106ed92e96f8343ce6c29594c5e55b69c5450f87fe445e97d5d0,5185,2026-07-06T11:52:14.070977,??,active files under 01_research_design through 08_documents,"confirmed superseded, archived, backup, deprecated, or generated old version",2026-07-12T15:14:55.088097+00:00,deleted
/Users/tstakuma/Desktop/github/research/90_archive/deprecated_outputs/legacy_evrp_outputs/use_case_scenario/900_20260711_v04_tokyo_open_data_coverage_summary.csv,64e9f83a9f1bf3c2d0aba2ab876fdd5ccf8a9ac9f870335785e79e520a26ab67,3389,2026-07-11T12:41:57.018804,??,active files under 01_research_design through 08_documents,"confirmed superseded, archived, backup, deprecated, or generated old version",2026-07-12T15:14:55.088097+00:00,deleted
/Users/tstakuma/Desktop/github/research/90_archive/deprecated_outputs/legacy_evrp_outputs/use_case_scenario/934_20260711_v03_scenario_customers.csv,059810b6c3c2648ffc28e9c0d62db9f610e40096ec2a70d6181a1a3d892b70d2,46642,2026-07-11T12:41:43.635922,??,active files under 01_research_design through 08_documents,"confirmed superseded, archived, backup, deprecated, or generated old version",2026-07-12T15:14:55.088097+00:00,deleted
/Users/tstakuma/Desktop/github/research/90_archive/deprecated_outputs/legacy_evrp_outputs/use_case_scenario/946_20260711_v02_charger_sensitivity_scenarios.csv,83b68091bd8db9fbd91ee67891372f51697dd93872df55a19149c8e219e11658,21672,2026-07-11T12:41:44.351887,??,active files under 01_research_design through 08_documents,"confirmed superseded, archived, backup, deprecated, or generated old version",2026-07-12T15:14:55.088097+00:00,deleted
/Users/tstakuma/Desktop/github/research/90_archive/deprecated_outputs/legacy_evrp_outputs/use_case_scenario/907_20260711_v03_feasibility_anova_results.csv,e635fea23c116f9b5ba6e54c224387e8e4b3b67253de048b99166a67012da464,451,2026-07-11T12:41:55.595278,??,active files under 01_research_design through 08_documents,"confirmed superseded, archived, backup, deprecated, or generated old version",2026-07-12T15:14:55.088097+00:00,deleted
/Users/tstakuma/Desktop/github/research/90_archive/deprecated_outputs/legacy_evrp_outputs/use_case_scenario/944_20260705_v03_tokyo_evrp_quantum_requirement_map_ja.csv,7fa91241de5c2b71df09fd02d0af797a4bd2939b5d68002b4ddcce1022d57ac3,8291,2026-07-05T00:10:04.695810,??,active files under 01_research_design through 08_documents,"confirmed superseded, archived, backup, deprecated, or generated old version",2026-07-12T15:14:55.088097+00:00,deleted
/Users/tstakuma/Desktop/github/research/90_archive/deprecated_outputs/legacy_evrp_outputs/use_case_scenario/916_20260706_v03_future_extension_modules.csv,380fcb5354022f313e1e1ac0ee81d747f08aa454afeb316f5512bbe6b6c17668,2400,2026-07-06T13:07:25.175905,??,active files under 01_research_design through 08_documents,"confirmed superseded, archived, backup, deprecated, or generated old version",2026-07-12T15:14:55.088097+00:00,deleted
/Users/tstakuma/Desktop/github/research/90_archive/deprecated_outputs/legacy_evrp_outputs/use_case_scenario/911_20260706_v03_feasibility_metric_definitions.csv,5e4dbc380a0bda43dbe0202f6c6dd21f595bb4bfba3d1be445a747252dc67cbf,2203,2026-07-06T21:18:53.137292,??,active files under 01_research_design through 08_documents,"confirmed superseded, archived, backup, deprecated, or generated old version",2026-07-12T15:14:55.088097+00:00,deleted
/Users/tstakuma/Desktop/github/research/90_archive/deprecated_outputs/legacy_evrp_outputs/use_case_scenario/945_20260711_v02_charger_screening_rules.csv,1fca1f4f6a3e8269dac37ba861164e292e2dc644df3272c2d994f342ba2dd219,1503,2026-07-11T12:39:55.090730,??,active files under 01_research_design through 08_documents,"confirmed superseded, archived, backup, deprecated, or generated old version",2026-07-12T15:14:55.088097+00:00,deleted
/Users/tstakuma/Desktop/github/research/90_archive/deprecated_outputs/legacy_evrp_outputs/use_case_scenario/940_20260705_v03_static_vs_dynamic_readiness_table.csv,0111a55eda5e349d9c4ffbd0ed62f3985a5967968b701e9bb58b81b199d1070a,1131,2026-07-05T14:52:10.289361,??,active files under 01_research_design through 08_documents,"confirmed superseded, archived, backup, deprecated, or generated old version",2026-07-12T15:14:55.088097+00:00,deleted
/Users/tstakuma/Desktop/github/research/90_archive/deprecated_outputs/legacy_evrp_outputs/use_case_scenario/905_20260705_v03_evrp_requirement_gap_evidence_table.csv,8fb47165bd00e9315d0b2e6e16fd201b2d545845bb72e8d1a6bbd9b7488cb2df,5732,2026-07-05T14:52:10.288205,??,active files under 01_research_design through 08_documents,"confirmed superseded, archived, backup, deprecated, or generated old version",2026-07-12T15:14:55.088097+00:00,deleted
/Users/tstakuma/Desktop/github/research/90_archive/deprecated_outputs/legacy_evrp_outputs/use_case_scenario/900_20260711_v03_depot_selection_rules.csv,3e6d9c85f110353f8a57f0adccda6e8436f3d62cb8e026aa0407cc2563983729,1014,2026-07-11T12:39:56.518255,??,active files under 01_research_design through 08_documents,"confirmed superseded, archived, backup, deprecated, or generated old version",2026-07-12T15:14:55.088097+00:00,deleted
/Users/tstakuma/Desktop/github/research/90_archive/deprecated_outputs/legacy_evrp_outputs/use_case_scenario/914_20260706_v03_feasibility_scenario_size_rules.csv,a58e31ae1bbac65d12ab8e7a6cfa6b0ca5a5a0ae9a5cf08b6d58734506aac5a5,609,2026-07-06T21:18:53.137079,??,active files under 01_research_design through 08_documents,"confirmed superseded, archived, backup, deprecated, or generated old version",2026-07-12T15:14:55.088097+00:00,deleted
/Users/tstakuma/Desktop/github/research/90_archive/deprecated_outputs/legacy_evrp_outputs/use_case_scenario/904_20260705_v03_evrp_benchmark_requirement_table.csv,63810b8f1edabf2c9fdac083fdd0698dd791ee401454d652b9ee6930472ad22f,2597,2026-07-05T00:10:05.328645,??,active files under 01_research_design through 08_documents,"confirmed superseded, archived, backup, deprecated, or generated old version",2026-07-12T15:14:55.088097+00:00,deleted
/Users/tstakuma/Desktop/github/research/90_archive/deprecated_outputs/legacy_evrp_outputs/use_case_scenario/947_20260711_v03_tokyo_evrp_scenario_design.csv,623f78b5dc4bb9940f08bc874df42e4d8b95cd573b939cc8225fdd8c00e1fd35,3335,2026-07-11T12:40:01.049639,??,active files under 01_research_design through 08_documents,"confirmed superseded, archived, backup, deprecated, or generated old version",2026-07-12T15:14:55.088097+00:00,deleted
/Users/tstakuma/Desktop/github/research/90_archive/deprecated_outputs/legacy_evrp_outputs/use_case_scenario/901_20260711_v04_vehicle_scenario_rules.csv,365e7dd6ba51b17433077afafaf2c34a10ad9c901040f8cdf00007e2a40359a0,4454,2026-07-11T12:40:00.125705,??,active files under 01_research_design through 08_documents,"confirmed superseded, archived, backup, deprecated, or generated old version",2026-07-12T15:14:55.088097+00:00,deleted
/Users/tstakuma/Desktop/github/research/90_archive/deprecated_outputs/legacy_evrp_outputs/use_case_scenario/917_20260711_v03_monte_carlo_evrp_gap_summary_external.csv,5f8a069b8f580884d3744351b9fd31205641779f2b3bcffc4d4ee725e341b610,1791,2026-07-11T12:20:24.795353,??,active files under 01_research_design through 08_documents,"confirmed superseded, archived, backup, deprecated, or generated old version",2026-07-12T15:14:55.088097+00:00,deleted
/Users/tstakuma/Desktop/github/research/90_archive/deprecated_outputs/legacy_evrp_outputs/evrp_scenarios/939_20260711_v02_constraint_results.csv,9a1f6b9a68b1bb0b3a4af0574c71802d2bd6665998038d0dc0861d7658fd93bd,5772303,2026-07-11T12:42:03.226597,??,active files under 01_research_design through 08_documents,"confirmed superseded, archived, backup, deprecated, or generated old version",2026-07-12T15:14:55.088097+00:00,deleted
/Users/tstakuma/Desktop/github/research/90_archive/deprecated_outputs/legacy_evrp_outputs/evrp_scenarios/942_20260711_v02_scenario_instances.csv,eea2bab2f70686818ec54cb38d4c7a51393364519dba11e07aacc1d48b34c644,663590,2026-07-11T12:42:01.061320,??,active files under 01_research_design through 08_documents,"confirmed superseded, archived, backup, deprecated, or generated old version",2026-07-12T15:14:55.088097+00:00,deleted
/Users/tstakuma/Desktop/github/research/90_archive/deprecated_outputs/legacy_evrp_outputs/evrp_scenarios/941_20260711_v02_route_results.csv,7787e4ff8f53727b55e780534e2ea81986256760442190ec4b4b94e2ae5fe752,1038384,2026-07-11T12:42:01.785575,??,active files under 01_research_design through 08_documents,"confirmed superseded, archived, backup, deprecated, or generated old version",2026-07-12T15:14:55.088097+00:00,deleted
/Users/tstakuma/Desktop/github/research/90_archive/deprecated_outputs/legacy_evrp_outputs/evrp_scenarios/940_20260711_v02_constraint_unmet_rates.csv,b472172c225c2b1e6c30b46416c606fe612af5e720a66bfb67606d6420fbb32f,9403,2026-07-11T12:42:28.833141,??,active files under 01_research_design through 08_documents,"confirmed superseded, archived, backup, deprecated, or generated old version",2026-07-12T15:14:55.088097+00:00,deleted
/Users/tstakuma/Desktop/github/research/90_archive/deprecated_outputs/legacy_evrp_outputs/use_case_scenario/network_feasibility_audit/926_20260710_v03_07_minimal_viable_network.csv,473ab0935f07b6468a8e63e7f0550d9b663ade7928bfdba4563119e449878f41,3119,2026-07-10T13:40:29.339309,??,active files under 01_research_design through 08_documents,"confirmed superseded, archived, backup, deprecated, or generated old version",2026-07-12T15:14:55.088097+00:00,deleted
/Users/tstakuma/Desktop/github/research/90_archive/deprecated_outputs/legacy_evrp_outputs/use_case_scenario/network_feasibility_audit/924_20260710_v03_05_calculable_edges.csv,80f5b905fa378525899d15b07925dc6e4e70bc1976a2b8c4e3b9e7e23030a41f,5120,2026-07-10T13:40:29.303710,??,active files under 01_research_design through 08_documents,"confirmed superseded, archived, backup, deprecated, or generated old version",2026-07-12T15:14:55.088097+00:00,deleted
/Users/tstakuma/Desktop/github/research/90_archive/deprecated_outputs/legacy_evrp_outputs/use_case_scenario/network_feasibility_audit/922_20260710_v03_03_available_comparisons.csv,9ad034f0df9621810e00c7032de6072383c723e2bbfd650454d827effc17eb12,3488,2026-07-10T13:40:19.809997,??,active files under 01_research_design through 08_documents,"confirmed superseded, archived, backup, deprecated, or generated old version",2026-07-12T15:14:55.088097+00:00,deleted
/Users/tstakuma/Desktop/github/research/90_archive/deprecated_outputs/legacy_evrp_outputs/use_case_scenario/network_feasibility_audit/920_20260710_v03_01_simulation_input_inventory.csv,fcd121d89e07b3da48a96808d891251519ff1279712ac7b6d01b126852cc5bdf,6062,2026-07-12T04:53:11.601357,??,active files under 01_research_design through 08_documents,"confirmed superseded, archived, backup, deprecated, or generated old version",2026-07-12T15:14:55.088097+00:00,deleted
/Users/tstakuma/Desktop/github/research/90_archive/deprecated_outputs/legacy_evrp_outputs/use_case_scenario/network_feasibility_audit/927_20260710_v03_08_full_calculable_network.csv,de05c8d184eccadbf1fe1b4a3c7c1bf085ed089f8a734d233d4e8a01aaf8a4fd,5735,2026-07-10T13:40:29.346684,??,active files under 01_research_design through 08_documents,"confirmed superseded, archived, backup, deprecated, or generated old version",2026-07-12T15:14:55.088097+00:00,deleted
/Users/tstakuma/Desktop/github/research/90_archive/deprecated_outputs/legacy_evrp_outputs/use_case_scenario/network_feasibility_audit/921_20260710_v03_02_simulation_output_inventory.csv,061f18e2d62c2e39187ec60b3193e8d95420726473f8943de1290d76f518c927,8426,2026-07-12T04:53:11.611726,??,active files under 01_research_design through 08_documents,"confirmed superseded, archived, backup, deprecated, or generated old version",2026-07-12T15:14:55.088097+00:00,deleted
/Users/tstakuma/Desktop/github/research/90_archive/deprecated_outputs/legacy_evrp_outputs/use_case_scenario/network_feasibility_audit/925_20260710_v03_06_non_calculable_edges.csv,600ce3e5cb304be990a901d17639f9e54464a2e376e37582a495be35efa194fc,3055,2026-07-10T13:40:29.307571,??,active files under 01_research_design through 08_documents,"confirmed superseded, archived, backup, deprecated, or generated old version",2026-07-12T15:14:55.088097+00:00,deleted
/Users/tstakuma/Desktop/github/research/90_archive/deprecated_outputs/legacy_evrp_outputs/use_case_scenario/network_feasibility_audit/923_20260710_v03_04_candidate_edge_estimands.csv,1aa225ba777e68d14969e13383f5ebdd73a78fa3da809ab83a13d5181a625cdd,5371,2026-07-10T13:40:29.298575,??,active files under 01_research_design through 08_documents,"confirmed superseded, archived, backup, deprecated, or generated old version",2026-07-12T15:14:55.088097+00:00,deleted
/Users/tstakuma/Desktop/github/research/90_archive/deprecated_outputs/charging_pathway_legacy/figures/910_20260711_v02_simulation_derived_charging_pathway_ja.svg,0b492007f393b4906212d1c7d9980deff72847e70730348beb67a65cd666ff94,314275,2026-07-11T12:34:20.727886,??,active files under 01_research_design through 08_documents,"confirmed superseded, archived, backup, deprecated, or generated old version",2026-07-12T15:14:55.088097+00:00,deleted
/Users/tstakuma/Desktop/github/research/90_archive/deprecated_outputs/charging_pathway_legacy/figures/909_20260711_v02_simulation_derived_charging_pathway_ja.png,7453021e8635cf619f3aa5c662c13f177ee786e993222bf7f55b1a737f7488a5,682463,2026-07-11T12:34:20.243634,??,active files under 01_research_design through 08_documents,"confirmed superseded, archived, backup, deprecated, or generated old version",2026-07-12T15:14:55.088097+00:00,deleted
/Users/tstakuma/Desktop/github/research/90_archive/deprecated_outputs/charging_pathway_legacy/outputs/simulation_derived_charging_pathway/919_20260711_v02_09_simulation_derived_edges.csv,021d28dc69be4cc862dd825a67c79c375197e32091c2f7929156e7989d02eec6,7811,2026-07-12T04:53:11.622910,??,active files under 01_research_design through 08_documents,"confirmed superseded, archived, backup, deprecated, or generated old version",2026-07-12T15:14:55.088097+00:00,deleted
/Users/tstakuma/Desktop/github/research/90_archive/deprecated_outputs/charging_pathway_legacy/outputs/simulation_derived_charging_pathway/922_20260711_v02_13_data_driven_pathway_edges.csv,b42e1b11f826410c11c20b41af999cbd8a475fc33e1da384ab7a5dc46a48a0e0,9897,2026-07-12T04:53:11.627522,??,active files under 01_research_design through 08_documents,"confirmed superseded, archived, backup, deprecated, or generated old version",2026-07-12T15:14:55.088097+00:00,deleted
/Users/tstakuma/Desktop/github/research/90_archive/deprecated_outputs/charging_pathway_legacy/outputs/simulation_derived_charging_pathway/917_20260711_v02_07_charger_side_output_changes.csv,7d41fc9b0713fc43d9c778a0ea9edfad52c84a9dfdec7fea0b77538584abaa44,2376,2026-07-11T12:34:15.416131,??,active files under 01_research_design through 08_documents,"confirmed superseded, archived, backup, deprecated, or generated old version",2026-07-12T15:14:55.088097+00:00,deleted
/Users/tstakuma/Desktop/github/research/90_archive/deprecated_outputs/charging_pathway_legacy/outputs/simulation_derived_charging_pathway/912_20260711_v02_02_charger_branch_variables.csv,3146d9ccc8710fc52f0dcd40c61434e560a7c330f35f119194203cc65eeb73c3,4956,2026-07-12T04:53:11.633278,??,active files under 01_research_design through 08_documents,"confirmed superseded, archived, backup, deprecated, or generated old version",2026-07-12T15:14:55.088097+00:00,deleted
/Users/tstakuma/Desktop/github/research/90_archive/deprecated_outputs/charging_pathway_legacy/outputs/simulation_derived_charging_pathway/915_20260711_v02_05_charger_condition_paired_transitions.csv,a78a0edc91fc41ff3994ea8f6c270a78de3fb2d30262a045d3b6e66a423ae315,41665,2026-07-11T12:34:15.355076,??,active files under 01_research_design through 08_documents,"confirmed superseded, archived, backup, deprecated, or generated old version",2026-07-12T15:14:55.088097+00:00,deleted
/Users/tstakuma/Desktop/github/research/90_archive/deprecated_outputs/charging_pathway_legacy/outputs/simulation_derived_charging_pathway/920_20260711_v02_10_model_boundary_notes.csv,8ad84bf138a7c8bafdc1c3ab7ae61e568dbf79fde37562410404905804ed39cb,1921,2026-07-12T04:53:11.656052,??,active files under 01_research_design through 08_documents,"confirmed superseded, archived, backup, deprecated, or generated old version",2026-07-12T15:14:55.088097+00:00,deleted
/Users/tstakuma/Desktop/github/research/90_archive/deprecated_outputs/charging_pathway_legacy/outputs/simulation_derived_charging_pathway/911_20260711_v02_01_route_branch_variables.csv,c39661d6bee1317d631266b6812aab4aabf1ad25cfe2b6eacaa7e38d0196e78d,3968,2026-07-12T04:53:11.658808,??,active files under 01_research_design through 08_documents,"confirmed superseded, archived, backup, deprecated, or generated old version",2026-07-12T15:14:55.088097+00:00,deleted
/Users/tstakuma/Desktop/github/research/90_archive/deprecated_outputs/charging_pathway_legacy/outputs/simulation_derived_charging_pathway/916_20260711_v02_06_selected_charger_paired_changes.csv,8d04691cc9b20d97882e248920320a13cb2b7860d7ee28c82afad611043304aa,292414,2026-07-11T12:34:15.410993,??,active files under 01_research_design through 08_documents,"confirmed superseded, archived, backup, deprecated, or generated old version",2026-07-12T15:14:55.088097+00:00,deleted
/Users/tstakuma/Desktop/github/research/90_archive/deprecated_outputs/charging_pathway_legacy/outputs/simulation_derived_charging_pathway/918_20260711_v02_08_supplemental_charging_energy_proxy_results.csv,21b19466a2e749a844b98c39927b051ad008dedb0b21328cf2024cf39556adf0,1474529,2026-07-11T12:34:15.715623,??,active files under 01_research_design through 08_documents,"confirmed superseded, archived, backup, deprecated, or generated old version",2026-07-12T15:14:55.088097+00:00,deleted
/Users/tstakuma/Desktop/github/research/90_archive/deprecated_outputs/charging_pathway_legacy/outputs/simulation_derived_charging_pathway/921_20260711_v02_12_data_driven_pathway_nodes.csv,6c962ca1f86ba6a166ca3320dcba0a08e0930a3b5f13198585fe39572716ff5c,9228,2026-07-12T04:53:12.498905,??,active files under 01_research_design through 08_documents,"confirmed superseded, archived, backup, deprecated, or generated old version",2026-07-12T15:14:55.088097+00:00,deleted
/Users/tstakuma/Desktop/github/research/90_archive/deprecated_outputs/charging_pathway_legacy/outputs/simulation_derived_charging_pathway/913_20260711_v02_03_potential_charging_event_results.csv,5b6293be18b57fcc98cd640dcf84db2a4ea841cdbcc9a8fc46c7e63838279b0e,28776,2026-07-11T12:34:15.339598,??,active files under 01_research_design through 08_documents,"confirmed superseded, archived, backup, deprecated, or generated old version",2026-07-12T15:14:55.088097+00:00,deleted
/Users/tstakuma/Desktop/github/research/90_archive/deprecated_outputs/charging_pathway_legacy/outputs/simulation_derived_charging_pathway/914_20260711_v02_04_potential_charging_event_summary.csv,5da178db2dcef224bac3a2640600f59faf7f4d8ca5c73f2752eee418fabac22e,1378,2026-07-11T12:34:15.346743,??,active files under 01_research_design through 08_documents,"confirmed superseded, archived, backup, deprecated, or generated old version",2026-07-12T15:14:55.088097+00:00,deleted
/Users/tstakuma/Desktop/github/research/90_archive/deprecated_outputs/charging_pathway_legacy/explanation_package/quantum_evrp_explanation_package/08_simulation_derived_outputs/908_20260710_v02_10_model_boundary_notes.csv,8ad84bf138a7c8bafdc1c3ab7ae61e568dbf79fde37562410404905804ed39cb,1921,2026-07-12T04:53:12.523542,??,active files under 01_research_design through 08_documents,"confirmed superseded, archived, backup, deprecated, or generated old version",2026-07-12T15:14:55.088097+00:00,deleted
/Users/tstakuma/Desktop/github/research/90_archive/deprecated_outputs/charging_pathway_legacy/explanation_package/quantum_evrp_explanation_package/08_simulation_derived_outputs/905_20260710_v02_07_charger_side_output_changes.csv,7d41fc9b0713fc43d9c778a0ea9edfad52c84a9dfdec7fea0b77538584abaa44,2376,2026-07-10T15:06:10.164150,??,active files under 01_research_design through 08_documents,"confirmed superseded, archived, backup, deprecated, or generated old version",2026-07-12T15:14:55.088097+00:00,deleted
/Users/tstakuma/Desktop/github/research/90_archive/deprecated_outputs/charging_pathway_legacy/explanation_package/quantum_evrp_explanation_package/08_simulation_derived_outputs/903_20260710_v02_05_charger_condition_paired_transitions.csv,a78a0edc91fc41ff3994ea8f6c270a78de3fb2d30262a045d3b6e66a423ae315,41665,2026-07-10T15:06:04.435111,??,active files under 01_research_design through 08_documents,"confirmed superseded, archived, backup, deprecated, or generated old version",2026-07-12T15:14:55.088097+00:00,deleted
/Users/tstakuma/Desktop/github/research/90_archive/deprecated_outputs/charging_pathway_legacy/explanation_package/quantum_evrp_explanation_package/08_simulation_derived_outputs/907_20260710_v02_09_simulation_derived_edges.csv,021d28dc69be4cc862dd825a67c79c375197e32091c2f7929156e7989d02eec6,7811,2026-07-12T04:53:12.552334,??,active files under 01_research_design through 08_documents,"confirmed superseded, archived, backup, deprecated, or generated old version",2026-07-12T15:14:55.088097+00:00,deleted
/Users/tstakuma/Desktop/github/research/90_archive/deprecated_outputs/charging_pathway_legacy/explanation_package/quantum_evrp_explanation_package/08_simulation_derived_outputs/901_20260710_v02_03_potential_charging_event_results.csv,5b6293be18b57fcc98cd640dcf84db2a4ea841cdbcc9a8fc46c7e63838279b0e,28776,2026-07-10T15:06:02.121663,??,active files under 01_research_design through 08_documents,"confirmed superseded, archived, backup, deprecated, or generated old version",2026-07-12T15:14:55.088097+00:00,deleted
/Users/tstakuma/Desktop/github/research/90_archive/deprecated_outputs/charging_pathway_legacy/explanation_package/quantum_evrp_explanation_package/08_simulation_derived_outputs/904_20260710_v02_06_selected_charger_paired_changes.csv,8d04691cc9b20d97882e248920320a13cb2b7860d7ee28c82afad611043304aa,292414,2026-07-10T15:06:08.222044,??,active files under 01_research_design through 08_documents,"confirmed superseded, archived, backup, deprecated, or generated old version",2026-07-12T15:14:55.088097+00:00,deleted
/Users/tstakuma/Desktop/github/research/90_archive/deprecated_outputs/charging_pathway_legacy/explanation_package/quantum_evrp_explanation_package/08_simulation_derived_outputs/902_20260710_v02_04_potential_charging_event_summary.csv,5da178db2dcef224bac3a2640600f59faf7f4d8ca5c73f2752eee418fabac22e,1378,2026-07-10T15:06:02.123649,??,active files under 01_research_design through 08_documents,"confirmed superseded, archived, backup, deprecated, or generated old version",2026-07-12T15:14:55.088097+00:00,deleted
/Users/tstakuma/Desktop/github/research/90_archive/deprecated_outputs/charging_pathway_legacy/explanation_package/quantum_evrp_explanation_package/08_simulation_derived_outputs/906_20260710_v02_08_supplemental_charging_energy_proxy_results.csv,21b19466a2e749a844b98c39927b051ad008dedb0b21328cf2024cf39556adf0,1474529,2026-07-10T15:06:13.797498,??,active files under 01_research_design through 08_documents,"confirmed superseded, archived, backup, deprecated, or generated old version",2026-07-12T15:14:55.088097+00:00,deleted
/Users/tstakuma/Desktop/github/research/90_archive/deprecated_outputs/charging_pathway_legacy/explanation_package/quantum_evrp_explanation_package/08_simulation_derived_outputs/900_20260710_v02_02_charger_branch_variables.csv,3146d9ccc8710fc52f0dcd40c61434e560a7c330f35f119194203cc65eeb73c3,4956,2026-07-12T04:53:13.409734,??,active files under 01_research_design through 08_documents,"confirmed superseded, archived, backup, deprecated, or generated old version",2026-07-12T15:14:55.088097+00:00,deleted
/Users/tstakuma/Desktop/github/research/90_archive/deprecated_outputs/charging_pathway_legacy/explanation_package/quantum_evrp_explanation_package/08_simulation_derived_outputs/949_20260710_01_route_branch_variables.csv,c39661d6bee1317d631266b6812aab4aabf1ad25cfe2b6eacaa7e38d0196e78d,3968,2026-07-12T04:53:13.412576,??,active files under 01_research_design through 08_documents,"confirmed superseded, archived, backup, deprecated, or generated old version",2026-07-12T15:14:55.088097+00:00,deleted
/Users/tstakuma/Desktop/github/research/90_archive/deprecated_outputs/charging_pathway_legacy/explanation_package/quantum_evrp_explanation_package/03_width_figure/917_20260705_figure_1_width_by_instance.png,d3e6c331ef15c359b8a1fcb13fe5a9ef42e5f22e659f52ae7c40cbc7cb426863,373812,2026-07-05T00:10:04.535728,??,active files under 01_research_design through 08_documents,"confirmed superseded, archived, backup, deprecated, or generated old version",2026-07-12T15:14:55.088097+00:00,deleted
/Users/tstakuma/Desktop/github/research/90_archive/deprecated_outputs/charging_pathway_legacy/explanation_package/quantum_evrp_explanation_package/03_width_figure/916_20260705_figure_1_presentation_plot_data.csv,581d4c953d3234bbb07ef419372b975f5bc530cf653b81c6bf51c3289d32d32f,14035,2026-07-05T00:10:04.541253,??,active files under 01_research_design through 08_documents,"confirmed superseded, archived, backup, deprecated, or generated old version",2026-07-12T15:14:55.088097+00:00,deleted
/Users/tstakuma/Desktop/github/research/90_archive/deprecated_outputs/charging_pathway_legacy/explanation_package/quantum_evrp_explanation_package/04_semi_quantitative_tables/924_20260703_srl_qrl_methodology_design.png,7dc173cc75f3bf2822b1019242f403543f35921e30fbf43eb80f14006595c6c0,279937,2026-07-03T10:04:28.404509,??,active files under 01_research_design through 08_documents,"confirmed superseded, archived, backup, deprecated, or generated old version",2026-07-12T15:14:55.088097+00:00,deleted
/Users/tstakuma/Desktop/github/research/90_archive/deprecated_outputs/charging_pathway_legacy/explanation_package/quantum_evrp_explanation_package/04_semi_quantitative_tables/920_20260709_monte_carlo_evrp_gap_summary_external.csv,5f8a069b8f580884d3744351b9fd31205641779f2b3bcffc4d4ee725e341b610,1791,2026-07-09T12:21:27.861880,??,active files under 01_research_design through 08_documents,"confirmed superseded, archived, backup, deprecated, or generated old version",2026-07-12T15:14:55.088097+00:00,deleted
/Users/tstakuma/Desktop/github/research/90_archive/deprecated_outputs/charging_pathway_legacy/explanation_package/quantum_evrp_explanation_package/04_semi_quantitative_tables/922_20260703_qrl_wise_srl_score_summary.csv,90b52507e5f7f58dc13f22725953f784e98863fbfc38acbb1df5e03cae46863e,971,2026-07-03T14:38:54.963140,??,active files under 01_research_design through 08_documents,"confirmed superseded, archived, backup, deprecated, or generated old version",2026-07-12T15:14:55.088097+00:00,deleted
/Users/tstakuma/Desktop/github/research/90_archive/deprecated_outputs/charging_pathway_legacy/explanation_package/quantum_evrp_explanation_package/04_semi_quantitative_tables/923_20260705_quantum_evrp_gap_score.csv,8451da1be7259137fba65869e34a8c9c4ee952c1a7407b574bb7fa8188d23f0d,3294,2026-07-05T14:52:10.290005,??,active files under 01_research_design through 08_documents,"confirmed superseded, archived, backup, deprecated, or generated old version",2026-07-12T15:14:55.088097+00:00,deleted
/Users/tstakuma/Desktop/github/research/90_archive/deprecated_outputs/charging_pathway_legacy/explanation_package/quantum_evrp_explanation_package/04_semi_quantitative_tables/918_20260709_bottleneck_to_evidence_gap_matrix.csv,42428571d7841eb4b99507ce9112a473679f014675744140ea20ee6ab6e355d1,2880,2026-07-09T23:59:40.041897,??,active files under 01_research_design through 08_documents,"confirmed superseded, archived, backup, deprecated, or generated old version",2026-07-12T15:14:55.088097+00:00,deleted
/Users/tstakuma/Desktop/github/research/90_archive/deprecated_outputs/charging_pathway_legacy/explanation_package/quantum_evrp_explanation_package/04_semi_quantitative_tables/921_20260703_qrl_srl_score_summary_table.png,36761e7988ceeac5836bd4ce44ebaa8d2b3d616e3db2b125f9075ef87b829d80,252488,2026-07-03T14:58:29.552665,??,active files under 01_research_design through 08_documents,"confirmed superseded, archived, backup, deprecated, or generated old version",2026-07-12T15:14:55.088097+00:00,deleted
/Users/tstakuma/Desktop/github/research/90_archive/deprecated_outputs/charging_pathway_legacy/explanation_package/quantum_evrp_explanation_package/04_semi_quantitative_tables/925_20260703_srl_qrl_placement_from_figure_1_data.csv,2925fec84951bee37a9026ec876c2ae767a1b410b6efde8e919078198abd0164,11958,2026-07-03T14:38:54.962768,??,active files under 01_research_design through 08_documents,"confirmed superseded, archived, backup, deprecated, or generated old version",2026-07-12T15:14:55.088097+00:00,deleted
/Users/tstakuma/Desktop/github/research/90_archive/deprecated_outputs/charging_pathway_legacy/explanation_package/quantum_evrp_explanation_package/04_semi_quantitative_tables/919_20260705_evrp_requirement_gap_evidence_table.csv,8fb47165bd00e9315d0b2e6e16fd201b2d545845bb72e8d1a6bbd9b7488cb2df,5732,2026-07-05T14:52:10.288205,??,active files under 01_research_design through 08_documents,"confirmed superseded, archived, backup, deprecated, or generated old version",2026-07-12T15:14:55.088097+00:00,deleted
/Users/tstakuma/Desktop/github/research/90_archive/deprecated_outputs/charging_pathway_legacy/explanation_package/quantum_evrp_explanation_package/05_scenario_generation_rules/932_20260705_scenario_available_chargers.csv,0cd5a995f0f5cbf4c874a932f50c5239bff03a1c523f4ca578a8fa7cf39ae2bf,4152,2026-07-05T14:34:12.936955,??,active files under 01_research_design through 08_documents,"confirmed superseded, archived, backup, deprecated, or generated old version",2026-07-12T15:14:55.088097+00:00,deleted
/Users/tstakuma/Desktop/github/research/90_archive/deprecated_outputs/charging_pathway_legacy/explanation_package/quantum_evrp_explanation_package/05_scenario_generation_rules/933_20260705_scenario_depots.csv,839d4bac5e0acf317376e09526e76b8811a6e89c6121c90c53eb829a1601e5b6,131138,2026-07-05T14:34:12.942390,??,active files under 01_research_design through 08_documents,"confirmed superseded, archived, backup, deprecated, or generated old version",2026-07-12T15:14:55.088097+00:00,deleted
/Users/tstakuma/Desktop/github/research/90_archive/deprecated_outputs/charging_pathway_legacy/explanation_package/quantum_evrp_explanation_package/05_scenario_generation_rules/929_20260705_evrp_benchmark_instance_fields.csv,6aaa9d0aa64bf3a75b3fb5dfe5465ed61c3e4f8071b5e2cc74026f044ad181cc,49543,2026-07-12T04:53:13.532986,??,active files under 01_research_design through 08_documents,"confirmed superseded, archived, backup, deprecated, or generated old version",2026-07-12T15:14:55.088097+00:00,deleted
/Users/tstakuma/Desktop/github/research/90_archive/deprecated_outputs/charging_pathway_legacy/explanation_package/quantum_evrp_explanation_package/05_scenario_generation_rules/934_20260705_synthetic_customer_node_rules.csv,04409693bc58abaa8c31240b9e3af0991f39aadb5910dd9a94477846ce69ea85,2732,2026-07-05T14:34:12.943191,??,active files under 01_research_design through 08_documents,"confirmed superseded, archived, backup, deprecated, or generated old version",2026-07-12T15:14:55.088097+00:00,deleted
/Users/tstakuma/Desktop/github/research/90_archive/deprecated_outputs/charging_pathway_legacy/explanation_package/quantum_evrp_explanation_package/05_scenario_generation_rules/927_20260705_depot_selection_rules.csv,3e6d9c85f110353f8a57f0adccda6e8436f3d62cb8e026aa0407cc2563983729,1014,2026-07-05T14:34:12.937907,??,active files under 01_research_design through 08_documents,"confirmed superseded, archived, backup, deprecated, or generated old version",2026-07-12T15:14:55.088097+00:00,deleted
/Users/tstakuma/Desktop/github/research/90_archive/deprecated_outputs/charging_pathway_legacy/explanation_package/quantum_evrp_explanation_package/05_scenario_generation_rules/931_20260705_evrp_benchmark_requirement_table.csv,63810b8f1edabf2c9fdac083fdd0698dd791ee401454d652b9ee6930472ad22f,2597,2026-07-05T00:10:05.328645,??,active files under 01_research_design through 08_documents,"confirmed superseded, archived, backup, deprecated, or generated old version",2026-07-12T15:14:55.088097+00:00,deleted
/Users/tstakuma/Desktop/github/research/90_archive/deprecated_outputs/charging_pathway_legacy/explanation_package/quantum_evrp_explanation_package/05_scenario_generation_rules/935_20260705_tokyo_evrp_scenario_design.csv,623f78b5dc4bb9940f08bc874df42e4d8b95cd573b939cc8225fdd8c00e1fd35,3335,2026-07-05T14:34:12.945062,??,active files under 01_research_design through 08_documents,"confirmed superseded, archived, backup, deprecated, or generated old version",2026-07-12T15:14:55.088097+00:00,deleted
/Users/tstakuma/Desktop/github/research/90_archive/deprecated_outputs/charging_pathway_legacy/explanation_package/quantum_evrp_explanation_package/05_scenario_generation_rules/930_20260705_evrp_benchmark_instance_summary.csv,79356f4d40714140ccd59d613d0e09b744125ff61d70e87fd131de8275df4691,1400,2026-07-05T00:10:02.325012,??,active files under 01_research_design through 08_documents,"confirmed superseded, archived, backup, deprecated, or generated old version",2026-07-12T15:14:55.088097+00:00,deleted
/Users/tstakuma/Desktop/github/research/90_archive/deprecated_outputs/charging_pathway_legacy/explanation_package/quantum_evrp_explanation_package/05_scenario_generation_rules/926_20260705_charger_screening_rules.csv,1fca1f4f6a3e8269dac37ba861164e292e2dc644df3272c2d994f342ba2dd219,1503,2026-07-05T14:34:12.935549,??,active files under 01_research_design through 08_documents,"confirmed superseded, archived, backup, deprecated, or generated old version",2026-07-12T15:14:55.088097+00:00,deleted
/Users/tstakuma/Desktop/github/research/90_archive/deprecated_outputs/charging_pathway_legacy/explanation_package/quantum_evrp_explanation_package/05_scenario_generation_rules/936_20260705_vehicle_scenario_rules.csv,365e7dd6ba51b17433077afafaf2c34a10ad9c901040f8cdf00007e2a40359a0,4454,2026-07-05T14:34:12.943979,??,active files under 01_research_design through 08_documents,"confirmed superseded, archived, backup, deprecated, or generated old version",2026-07-12T15:14:55.088097+00:00,deleted
/Users/tstakuma/Desktop/github/research/90_archive/deprecated_outputs/charging_pathway_legacy/explanation_package/quantum_evrp_explanation_package/05_scenario_generation_rules/928_20260704_evrp_benchmark_comparison.csv,4b14c014f21aa8bc1880d90b5c359f2b9a68089d8cf6401ef4b205d94175ffbf,4630,2026-07-04T23:55:11.236755,??,active files under 01_research_design through 08_documents,"confirmed superseded, archived, backup, deprecated, or generated old version",2026-07-12T15:14:55.088097+00:00,deleted
/Users/tstakuma/Desktop/github/research/90_archive/deprecated_outputs/charging_pathway_legacy/explanation_package/quantum_evrp_explanation_package/07_executed_python_code/make_evrp_feasibility_sensitivity_analysis.py,f5c8113bd56abe7f6563208d2a43b5058df33cbb8392b7affbdf69ebf5e90808,69465,2026-07-12T04:53:13.589397,??,active files under 01_research_design through 08_documents,"confirmed superseded, archived, backup, deprecated, or generated old version",2026-07-12T15:14:55.088097+00:00,deleted
/Users/tstakuma/Desktop/github/research/90_archive/deprecated_outputs/charging_pathway_legacy/explanation_package/quantum_evrp_explanation_package/07_executed_python_code/make_evrp_scenario_story_visuals.py,755e7f2ef30e86d3645582efaa21f6c437190c768acc1b56d6de22251878d1d2,19089,2026-07-12T04:53:13.600346,??,active files under 01_research_design through 08_documents,"confirmed superseded, archived, backup, deprecated, or generated old version",2026-07-12T15:14:55.088097+00:00,deleted
/Users/tstakuma/Desktop/github/research/90_archive/deprecated_outputs/charging_pathway_legacy/explanation_package/quantum_evrp_explanation_package/07_executed_python_code/process_ev_vehicle_specs.py,f51fb93fc42511ae75573e30967c7bfbeab9440334af707bcc62d9360d567549,16683,2026-07-12T04:53:13.609788,??,active files under 01_research_design through 08_documents,"confirmed superseded, archived, backup, deprecated, or generated old version",2026-07-12T15:14:55.088097+00:00,deleted
/Users/tstakuma/Desktop/github/research/90_archive/deprecated_outputs/charging_pathway_legacy/explanation_package/quantum_evrp_explanation_package/07_executed_python_code/analyze_evrp_benchmark_instances.py,354ac6511038bbd5fc85a70237fe690f93979fb7334c41066c6b16c24b16b579,20650,2026-07-12T04:53:13.621349,??,active files under 01_research_design through 08_documents,"confirmed superseded, archived, backup, deprecated, or generated old version",2026-07-12T15:14:55.088097+00:00,deleted
/Users/tstakuma/Desktop/github/research/90_archive/deprecated_outputs/charging_pathway_legacy/explanation_package/quantum_evrp_explanation_package/07_executed_python_code/make_tokyo_evrp_quantum_requirement_map.py,8322e06ebc39d2ceaa2df30b2ad4802016879658838b079e8e932f64bb615f9b,17984,2026-07-12T04:53:13.631762,??,active files under 01_research_design through 08_documents,"confirmed superseded, archived, backup, deprecated, or generated old version",2026-07-12T15:14:55.088097+00:00,deleted
/Users/tstakuma/Desktop/github/research/90_archive/deprecated_outputs/charging_pathway_legacy/explanation_package/quantum_evrp_explanation_package/07_executed_python_code/make_simulation_derived_charging_pathway.py,4054d2d29c4b4c8fd2a9b9e0845ae6a13cd22f3f2250049344b1b19348585e81,60511,2026-07-12T04:53:13.658650,??,active files under 01_research_design through 08_documents,"confirmed superseded, archived, backup, deprecated, or generated old version",2026-07-12T15:14:55.088097+00:00,deleted
/Users/tstakuma/Desktop/github/research/90_archive/deprecated_outputs/charging_pathway_legacy/explanation_package/quantum_evrp_explanation_package/07_executed_python_code/make_presentation_figure_1.py,75d6d601bc7fbb7e9b57bf50aeed80f9d9aa7d0db9d71ecc04e0316075f7ed52,14618,2026-07-12T04:53:13.667841,??,active files under 01_research_design through 08_documents,"confirmed superseded, archived, backup, deprecated, or generated old version",2026-07-12T15:14:55.088097+00:00,deleted
/Users/tstakuma/Desktop/github/research/90_archive/deprecated_outputs/charging_pathway_legacy/explanation_package/quantum_evrp_explanation_package/07_executed_python_code/make_srl_qrl_methodology_design.py,a5ce579eb273a5af794771a99aa221a5cf5ea70287da07fff89c9e2cdc495c5d,5622,2026-07-12T04:53:13.672524,??,active files under 01_research_design through 08_documents,"confirmed superseded, archived, backup, deprecated, or generated old version",2026-07-12T15:14:55.088097+00:00,deleted
/Users/tstakuma/Desktop/github/research/90_archive/deprecated_outputs/charging_pathway_legacy/explanation_package/quantum_evrp_explanation_package/07_executed_python_code/make_evrp_requirement_gap_analysis.py,9000738b40379f511e58ddeeb307d775b716d9cca72ce92dff11c25f6675596c,21774,2026-07-12T04:53:13.685873,??,active files under 01_research_design through 08_documents,"confirmed superseded, archived, backup, deprecated, or generated old version",2026-07-12T15:14:55.088097+00:00,deleted
/Users/tstakuma/Desktop/github/research/90_archive/deprecated_outputs/charging_pathway_legacy/explanation_package/quantum_evrp_explanation_package/07_executed_python_code/make_tokyo_evrp_quantum_requirement_map_ja.py,84adfc46032143f598536a9426760e776c983ece8687669268f254ca66a6b98a,15165,2026-07-12T04:53:13.692045,??,active files under 01_research_design through 08_documents,"confirmed superseded, archived, backup, deprecated, or generated old version",2026-07-12T15:14:55.088097+00:00,deleted
/Users/tstakuma/Desktop/github/research/90_archive/deprecated_outputs/charging_pathway_legacy/explanation_package/quantum_evrp_explanation_package/07_executed_python_code/make_qrl_wise_srl_score_table.py,f76da0eec459dfda9f48c4fc77e5de3d8c32f82a3b0a925b37e2fb3fd7870e54,11367,2026-07-09T12:37:05.910915,??,active files under 01_research_design through 08_documents,"confirmed superseded, archived, backup, deprecated, or generated old version",2026-07-12T15:14:55.088097+00:00,deleted
/Users/tstakuma/Desktop/github/research/90_archive/deprecated_outputs/charging_pathway_legacy/explanation_package/quantum_evrp_explanation_package/07_executed_python_code/process_tokyo_public_data_inputs.py,b748483508be16e9c91f19ebb2f6e041d261635e307eed775385396d8da333cb,21630,2026-07-12T04:53:13.712220,??,active files under 01_research_design through 08_documents,"confirmed superseded, archived, backup, deprecated, or generated old version",2026-07-12T15:14:55.088097+00:00,deleted
/Users/tstakuma/Desktop/github/research/90_archive/deprecated_outputs/charging_pathway_legacy/explanation_package/quantum_evrp_explanation_package/07_executed_python_code/make_monte_carlo_evrp_visualizations.py,d6981f06ff2df652041759184dd8d9f750c63c1df7c77bd845c55b9adea6197f,17315,2026-07-12T04:53:13.721659,??,active files under 01_research_design through 08_documents,"confirmed superseded, archived, backup, deprecated, or generated old version",2026-07-12T15:14:55.088097+00:00,deleted
/Users/tstakuma/Desktop/github/research/90_archive/deprecated_outputs/charging_pathway_legacy/explanation_package/quantum_evrp_explanation_package/07_executed_python_code/make_tokyo_evrp_scenario_inputs.py,6a01aa338f41b716d6bff9602242674ec2aef2f0ad16580c674e640fe8ac8446,18809,2026-07-12T04:53:13.733614,??,active files under 01_research_design through 08_documents,"confirmed superseded, archived, backup, deprecated, or generated old version",2026-07-12T15:14:55.088097+00:00,deleted
/Users/tstakuma/Desktop/github/research/90_archive/deprecated_outputs/charging_pathway_legacy/explanation_package/quantum_evrp_explanation_package/07_executed_python_code/fetch_open_charge_map_tokyo.py,44d030adff76c5671a3fe1602161d8bdde2543c6c664de4c1a993fe0c1c4137a,23209,2026-07-12T04:53:13.747447,??,active files under 01_research_design through 08_documents,"confirmed superseded, archived, backup, deprecated, or generated old version",2026-07-12T15:14:55.088097+00:00,deleted
/Users/tstakuma/Desktop/github/research/90_archive/deprecated_outputs/charging_pathway_legacy/explanation_package/quantum_evrp_explanation_package/07_executed_python_code/process_mlit_logistics_hubs.py,6c94e38df3597fcd21c1f1fad4c9cc5040b271fa65fcde66997444e310feeb72,10545,2026-07-12T04:53:13.756967,??,active files under 01_research_design through 08_documents,"confirmed superseded, archived, backup, deprecated, or generated old version",2026-07-12T15:14:55.088097+00:00,deleted
/Users/tstakuma/Desktop/github/research/90_archive/deprecated_outputs/charging_pathway_legacy/explanation_package/quantum_evrp_explanation_package/07_executed_python_code/make_qrl_srl_table_figure.py,e503a3b3acda56121855df2c2b5b2983f0d68084fbd8f37583983287f61e18f3,5461,2026-07-09T12:37:05.919566,??,active files under 01_research_design through 08_documents,"confirmed superseded, archived, backup, deprecated, or generated old version",2026-07-12T15:14:55.088097+00:00,deleted
/Users/tstakuma/Desktop/github/research/90_archive/deprecated_outputs/charging_pathway_legacy/explanation_package/quantum_evrp_explanation_package/06_figures_for_explanation/942_20260709_monte_carlo_evrp_quantum_gap_table_ja.png,8f1d21f4e9993ffc64876a330635854ed688a966cb712a829d14cfa7a80dea0d,227135,2026-07-09T12:21:32.046333,??,active files under 01_research_design through 08_documents,"confirmed superseded, archived, backup, deprecated, or generated old version",2026-07-12T15:14:55.088097+00:00,deleted
/Users/tstakuma/Desktop/github/research/90_archive/deprecated_outputs/charging_pathway_legacy/explanation_package/quantum_evrp_explanation_package/06_figures_for_explanation/944_20260709_monte_carlo_unmet_rate_mean_ci_ja.png,40fa3cd393a7acfc24b76fc5ff80aabfcfe9caaeca61405200ca788249310114,176028,2026-07-09T12:21:30.465612,??,active files under 01_research_design through 08_documents,"confirmed superseded, archived, backup, deprecated, or generated old version",2026-07-12T15:14:55.088097+00:00,deleted
/Users/tstakuma/Desktop/github/research/90_archive/deprecated_outputs/charging_pathway_legacy/explanation_package/quantum_evrp_explanation_package/06_figures_for_explanation/941_20260709_monte_carlo_evrp_design_overview_ja.png,367efb1fb15624e50f4e52d51c0f97f141ab945755f77b6697636dd514c59eca,321384,2026-07-09T12:21:29.849910,??,active files under 01_research_design through 08_documents,"confirmed superseded, archived, backup, deprecated, or generated old version",2026-07-12T15:14:55.088097+00:00,deleted
/Users/tstakuma/Desktop/github/research/90_archive/deprecated_outputs/charging_pathway_legacy/explanation_package/quantum_evrp_explanation_package/06_figures_for_explanation/937_20260705_evrp_benchmark_requirement_table.png,fb3616d12d61c106ddd2471fc8428d03dec20359c5be9a1e0e6001f0898427dd,437302,2026-07-05T00:10:05.837353,??,active files under 01_research_design through 08_documents,"confirmed superseded, archived, backup, deprecated, or generated old version",2026-07-12T15:14:55.088097+00:00,deleted
/Users/tstakuma/Desktop/github/research/90_archive/deprecated_outputs/charging_pathway_legacy/explanation_package/quantum_evrp_explanation_package/06_figures_for_explanation/939_20260710_evrp_scenario_size_examples_ja.png,f902e1aaa1817658adf975402f35238c065847de479a7265ea952ff4799ad19d,1125749,2026-07-10T00:01:41.151987,??,active files under 01_research_design through 08_documents,"confirmed superseded, archived, backup, deprecated, or generated old version",2026-07-12T15:14:55.088097+00:00,deleted
/Users/tstakuma/Desktop/github/research/90_archive/deprecated_outputs/charging_pathway_legacy/explanation_package/quantum_evrp_explanation_package/06_figures_for_explanation/946_20260710_simulation_derived_charging_pathway_ja.svg,f70d64b8c74842b36834474c3f464191e39ce7f98290fa60f893de2b5f71632b,260818,2026-07-10T15:06:27.246390,??,active files under 01_research_design through 08_documents,"confirmed superseded, archived, backup, deprecated, or generated old version",2026-07-12T15:14:55.088097+00:00,deleted
/Users/tstakuma/Desktop/github/research/90_archive/deprecated_outputs/charging_pathway_legacy/explanation_package/quantum_evrp_explanation_package/06_figures_for_explanation/940_20260710_evrp_scenario_snapshot_medium_seed1_ja.png,bc0c05068e3ae425a29550e5498072600d630d50b8a9295c39905b4063e56fb4,815060,2026-07-10T00:01:36.183486,??,active files under 01_research_design through 08_documents,"confirmed superseded, archived, backup, deprecated, or generated old version",2026-07-12T15:14:55.088097+00:00,deleted
/Users/tstakuma/Desktop/github/research/90_archive/deprecated_outputs/charging_pathway_legacy/explanation_package/quantum_evrp_explanation_package/06_figures_for_explanation/948_20260705_tokyo_static_evrp_requirement_coverage.png,b578d20576407905d054e3a6053753c8ffe4814c823917bfe0c3e07d93eef1c4,283692,2026-07-05T14:52:11.216179,??,active files under 01_research_design through 08_documents,"confirmed superseded, archived, backup, deprecated, or generated old version",2026-07-12T15:14:55.088097+00:00,deleted
/Users/tstakuma/Desktop/github/research/90_archive/deprecated_outputs/charging_pathway_legacy/explanation_package/quantum_evrp_explanation_package/06_figures_for_explanation/945_20260710_simulation_derived_charging_pathway_ja.png,a90338ff9fd3dd3b458bdf9dec06c22bebd723dba65e79eb8cf159e7f027fb45,607252,2026-07-10T15:06:24.692830,??,active files under 01_research_design through 08_documents,"confirmed superseded, archived, backup, deprecated, or generated old version",2026-07-12T15:14:55.088097+00:00,deleted
/Users/tstakuma/Desktop/github/research/90_archive/deprecated_outputs/charging_pathway_legacy/explanation_package/quantum_evrp_explanation_package/06_figures_for_explanation/938_20260710_evrp_monte_carlo_scenario_matrix_ja.png,3c44fbeda0cc1acd8da98ac9c3a7eb717e813e614d0075b9ac0ab444af074381,163797,2026-07-10T00:01:41.697578,??,active files under 01_research_design through 08_documents,"confirmed superseded, archived, backup, deprecated, or generated old version",2026-07-12T15:14:55.088097+00:00,deleted
/Users/tstakuma/Desktop/github/research/90_archive/deprecated_outputs/charging_pathway_legacy/explanation_package/quantum_evrp_explanation_package/06_figures_for_explanation/943_20260709_monte_carlo_unmet_rate_distribution_ja.png,e668079e80e02821fecc7ccbea511275db64c177305e876c8a766a388624187d,199396,2026-07-09T12:21:31.214319,??,active files under 01_research_design through 08_documents,"confirmed superseded, archived, backup, deprecated, or generated old version",2026-07-12T15:14:55.088097+00:00,deleted
/Users/tstakuma/Desktop/github/research/90_archive/deprecated_outputs/charging_pathway_legacy/explanation_package/quantum_evrp_explanation_package/06_figures_for_explanation/947_20260705_tokyo_evrp_quantum_requirement_map_table.png,4c3c02f4c17b4b3b72b6457af2fecf22cfcea806a2a4b8a69a62dae0e806b0c6,636570,2026-07-05T00:10:06.371243,??,active files under 01_research_design through 08_documents,"confirmed superseded, archived, backup, deprecated, or generated old version",2026-07-12T15:14:55.088097+00:00,deleted
/Users/tstakuma/Desktop/github/research/90_archive/deprecated_outputs/charging_pathway_legacy/explanation_package/quantum_evrp_explanation_package/02_literature_pdfs/914_20260710_cvrp_2025_onah_utility.pdf,10d8c4d964ec804e179a545c8b6a3c57e9a6bd9254bdb49a241668728fb80b14,811257,2026-07-10T16:52:44.968950,??,active files under 01_research_design through 08_documents,"confirmed superseded, archived, backup, deprecated, or generated old version",2026-07-12T15:14:55.088097+00:00,deleted
/Users/tstakuma/Desktop/github/research/90_archive/deprecated_outputs/charging_pathway_legacy/explanation_package/quantum_evrp_explanation_package/02_literature_pdfs/912_20260710_bench_2023_lubinski_optimization.pdf,275806ea0824ac0fbc85ff97c41a82a0153207cea6125bf47aa0d5ceae58aaf1,1338274,2026-07-10T16:52:43.958983,??,active files under 01_research_design through 08_documents,"confirmed superseded, archived, backup, deprecated, or generated old version",2026-07-12T15:14:55.088097+00:00,deleted
/Users/tstakuma/Desktop/github/research/90_archive/deprecated_outputs/charging_pathway_legacy/explanation_package/quantum_evrp_explanation_package/02_literature_pdfs/913_20260710_bench_2024_lubinski.pdf,613494c4aff3077af3e4027265a109ef59b01385ce07e6d18c3cb9bc34532282,1921738,2026-07-10T16:52:44.105924,??,active files under 01_research_design through 08_documents,"confirmed superseded, archived, backup, deprecated, or generated old version",2026-07-12T15:14:55.088097+00:00,deleted
/Users/tstakuma/Desktop/github/research/90_archive/deprecated_outputs/charging_pathway_legacy/explanation_package/quantum_evrp_explanation_package/02_literature_pdfs/911_20260710_bench_2021_lubinski.pdf,b05b558d23567fc664b4c2c9a142c6a8469e37d78f6ade6b5fdc3568b58eec1e,2062784,2026-07-10T16:52:43.649921,??,active files under 01_research_design through 08_documents,"confirmed superseded, archived, backup, deprecated, or generated old version",2026-07-12T15:14:55.088097+00:00,deleted
/Users/tstakuma/Desktop/github/research/90_archive/deprecated_outputs/charging_pathway_legacy/explanation_package/quantum_evrp_explanation_package/02_literature_pdfs/915_20260710_utility_2023_herrmann.pdf,78841053f5a9f357df9c4a88a0ead4a9ea26e5e79cf300563e87a0e4d2f85396,1070104,2026-07-10T16:52:43.438878,??,active files under 01_research_design through 08_documents,"confirmed superseded, archived, backup, deprecated, or generated old version",2026-07-12T15:14:55.088097+00:00,deleted
/Users/tstakuma/Desktop/github/research/90_archive/deprecated_outputs/charging_pathway_legacy/explanation_package/quantum_evrp_explanation_package/01_literature_notes/910_20260624_utility_2023_herrmann.txt,0c372d78f4d383c25aaf184db74069192e2be4b45fac850c9cbd445dbca69f1b,78338,2026-06-24T16:45:56.234653,??,active files under 01_research_design through 08_documents,"confirmed superseded, archived, backup, deprecated, or generated old version",2026-07-12T15:14:55.088097+00:00,deleted
/Users/tstakuma/Desktop/github/research/90_archive/deprecated_outputs/charging_pathway_legacy/explanation_package/quantum_evrp_explanation_package/01_literature_notes/903_20260622_bench_2023_lubinski_optimization.json,ca509b7a3745cc6cf479862b07c5a463ebd79352079b43b73a021ee9533516a7,658,2026-06-22T19:32:13.929424,??,active files under 01_research_design through 08_documents,"confirmed superseded, archived, backup, deprecated, or generated old version",2026-07-12T15:14:55.088097+00:00,deleted
/Users/tstakuma/Desktop/github/research/90_archive/deprecated_outputs/charging_pathway_legacy/explanation_package/quantum_evrp_explanation_package/01_literature_notes/907_20260622_cvrp_2025_onah_utility.json,3ca52982e982aab71c69ef2a7a1ada2b3d0f09c2c3050a450112d327e7186461,826,2026-06-22T19:32:16.389275,??,active files under 01_research_design through 08_documents,"confirmed superseded, archived, backup, deprecated, or generated old version",2026-07-12T15:14:55.088097+00:00,deleted
/Users/tstakuma/Desktop/github/research/90_archive/deprecated_outputs/charging_pathway_legacy/explanation_package/quantum_evrp_explanation_package/01_literature_notes/902_20260622_bench_2021_lubinski.txt,112157911b02803c62c849ecb5a127e3ed637b1b6633e523531df44627626e24,179078,2026-06-22T19:32:12.491918,??,active files under 01_research_design through 08_documents,"confirmed superseded, archived, backup, deprecated, or generated old version",2026-07-12T15:14:55.088097+00:00,deleted
/Users/tstakuma/Desktop/github/research/90_archive/deprecated_outputs/charging_pathway_legacy/explanation_package/quantum_evrp_explanation_package/01_literature_notes/908_20260622_cvrp_2025_onah_utility.txt,e4a11141b19ef519871f30e6d5d7a53ffc34f7e708c5ba95b02f3982515368ec,31878,2026-06-22T19:32:16.388860,??,active files under 01_research_design through 08_documents,"confirmed superseded, archived, backup, deprecated, or generated old version",2026-07-12T15:14:55.088097+00:00,deleted
/Users/tstakuma/Desktop/github/research/90_archive/deprecated_outputs/charging_pathway_legacy/explanation_package/quantum_evrp_explanation_package/01_literature_notes/901_20260622_bench_2021_lubinski.json,127108105c8d8f87bd8ea612241cd0bc6d3b3d6520dfea5720c8bd29f258b610,618,2026-06-22T19:32:12.492371,??,active files under 01_research_design through 08_documents,"confirmed superseded, archived, backup, deprecated, or generated old version",2026-07-12T15:14:55.088097+00:00,deleted
/Users/tstakuma/Desktop/github/research/90_archive/deprecated_outputs/charging_pathway_legacy/explanation_package/quantum_evrp_explanation_package/01_literature_notes/909_20260624_utility_2023_herrmann.json,0732e98b29c0f0c16022126d2694c81e973d9a733edde0fcba1e6fb5765cdad0,623,2026-06-24T16:45:56.235054,??,active files under 01_research_design through 08_documents,"confirmed superseded, archived, backup, deprecated, or generated old version",2026-07-12T15:14:55.088097+00:00,deleted
/Users/tstakuma/Desktop/github/research/90_archive/deprecated_outputs/charging_pathway_legacy/explanation_package/quantum_evrp_explanation_package/01_literature_notes/906_20260622_bench_2024_lubinski.txt,858952602061acd0e5c5d2bcb6bb45227a6e4258876a3794b1959529c3f2e48f,139130,2026-06-22T19:32:14.974633,??,active files under 01_research_design through 08_documents,"confirmed superseded, archived, backup, deprecated, or generated old version",2026-07-12T15:14:55.088097+00:00,deleted
/Users/tstakuma/Desktop/github/research/90_archive/deprecated_outputs/charging_pathway_legacy/explanation_package/quantum_evrp_explanation_package/01_literature_notes/905_20260622_bench_2024_lubinski.json,830dfb726148688883088c75102543169ba763a2311815e76d982c98dea35f5a,619,2026-06-22T19:32:14.975097,??,active files under 01_research_design through 08_documents,"confirmed superseded, archived, backup, deprecated, or generated old version",2026-07-12T15:14:55.088097+00:00,deleted
/Users/tstakuma/Desktop/github/research/90_archive/deprecated_outputs/charging_pathway_legacy/explanation_package/quantum_evrp_explanation_package/01_literature_notes/904_20260622_bench_2023_lubinski_optimization.txt,a7beb57dde4120d80fbf7d3deae2f3bffe54bd76d922b97f6e749f08414adbeb,167542,2026-06-22T19:32:13.928524,??,active files under 01_research_design through 08_documents,"confirmed superseded, archived, backup, deprecated, or generated old version",2026-07-12T15:14:55.088097+00:00,deleted
/Users/tstakuma/Desktop/github/research/90_archive/deprecated_outputs/legacy_evrp_figures/05_monte_carlo_uncertainty/936_20260711_v02_monte_carlo_evrp_quantum_gap_table_ja.png,8f1d21f4e9993ffc64876a330635854ed688a966cb712a829d14cfa7a80dea0d,227135,2026-07-11T12:20:47.845629,??,active files under 01_research_design through 08_documents,"confirmed superseded, archived, backup, deprecated, or generated old version",2026-07-12T15:14:55.088097+00:00,deleted
/Users/tstakuma/Desktop/github/research/90_archive/deprecated_outputs/legacy_evrp_figures/05_monte_carlo_uncertainty/935_20260711_v02_monte_carlo_evrp_design_overview_ja.png,367efb1fb15624e50f4e52d51c0f97f141ab945755f77b6697636dd514c59eca,321384,2026-07-11T12:20:27.659814,??,active files under 01_research_design through 08_documents,"confirmed superseded, archived, backup, deprecated, or generated old version",2026-07-12T15:14:55.088097+00:00,deleted
/Users/tstakuma/Desktop/github/research/90_archive/deprecated_outputs/legacy_evrp_figures/05_monte_carlo_uncertainty/938_20260711_v02_monte_carlo_unmet_rate_mean_ci_ja.png,40fa3cd393a7acfc24b76fc5ff80aabfcfe9caaeca61405200ca788249310114,176028,2026-07-11T12:20:31.392601,??,active files under 01_research_design through 08_documents,"confirmed superseded, archived, backup, deprecated, or generated old version",2026-07-12T15:14:55.088097+00:00,deleted
/Users/tstakuma/Desktop/github/research/90_archive/deprecated_outputs/legacy_evrp_figures/05_monte_carlo_uncertainty/937_20260711_v02_monte_carlo_unmet_rate_distribution_ja.png,e668079e80e02821fecc7ccbea511275db64c177305e876c8a766a388624187d,199396,2026-07-11T12:20:45.687361,??,active files under 01_research_design through 08_documents,"confirmed superseded, archived, backup, deprecated, or generated old version",2026-07-12T15:14:55.088097+00:00,deleted
/Users/tstakuma/Desktop/github/research/90_archive/deprecated_outputs/legacy_evrp_figures/03_tokyo_evrp_scenario/924_20260711_v02_evrp_monte_carlo_scenario_matrix_ja.svg,58ceb4eaf992013dc75818bb1ce0f5631f90a1fd6b53674dabbc34bce04711a9,76178,2026-07-11T12:20:05.810603,??,active files under 01_research_design through 08_documents,"confirmed superseded, archived, backup, deprecated, or generated old version",2026-07-12T15:14:55.088097+00:00,deleted
/Users/tstakuma/Desktop/github/research/90_archive/deprecated_outputs/legacy_evrp_figures/03_tokyo_evrp_scenario/928_20260711_v02_evrp_scenario_snapshot_medium_seed1_ja.svg,1859321e1abdbdad2c2595eac394fbffca98ac6e648bf6430fc71f4d3b1efdca,2256559,2026-07-11T12:19:27.347492,??,active files under 01_research_design through 08_documents,"confirmed superseded, archived, backup, deprecated, or generated old version",2026-07-12T15:14:55.088097+00:00,deleted
/Users/tstakuma/Desktop/github/research/90_archive/deprecated_outputs/legacy_evrp_figures/03_tokyo_evrp_scenario/926_20260711_v02_evrp_scenario_size_examples_ja.svg,b9b75d3f47db8593f879074c01b58b518654debf3accd5bdd5ef478643cc8e81,6595534,2026-07-11T12:19:53.346398,??,active files under 01_research_design through 08_documents,"confirmed superseded, archived, backup, deprecated, or generated old version",2026-07-12T15:14:55.088097+00:00,deleted
/Users/tstakuma/Desktop/github/research/90_archive/deprecated_outputs/legacy_evrp_figures/03_tokyo_evrp_scenario/925_20260711_v02_evrp_scenario_size_examples_ja.png,f902e1aaa1817658adf975402f35238c065847de479a7265ea952ff4799ad19d,1125749,2026-07-11T12:19:46.353769,??,active files under 01_research_design through 08_documents,"confirmed superseded, archived, backup, deprecated, or generated old version",2026-07-12T15:14:55.088097+00:00,deleted
/Users/tstakuma/Desktop/github/research/90_archive/deprecated_outputs/legacy_evrp_figures/03_tokyo_evrp_scenario/923_20260711_v02_evrp_monte_carlo_scenario_matrix_ja.png,3c44fbeda0cc1acd8da98ac9c3a7eb717e813e614d0075b9ac0ab444af074381,163797,2026-07-11T12:20:02.977404,??,active files under 01_research_design through 08_documents,"confirmed superseded, archived, backup, deprecated, or generated old version",2026-07-12T15:14:55.088097+00:00,deleted
/Users/tstakuma/Desktop/github/research/90_archive/deprecated_outputs/legacy_evrp_figures/03_tokyo_evrp_scenario/927_20260711_v02_evrp_scenario_snapshot_medium_seed1_ja.png,bc0c05068e3ae425a29550e5498072600d630d50b8a9295c39905b4063e56fb4,815060,2026-07-11T12:19:23.721200,??,active files under 01_research_design through 08_documents,"confirmed superseded, archived, backup, deprecated, or generated old version",2026-07-12T15:14:55.088097+00:00,deleted
/Users/tstakuma/Desktop/github/research/90_archive/deprecated_outputs/legacy_evrp_figures/04_evrp_feasibility/934_20260711_v02_problem_structure_growth_proxy.png,5c65b9115652142c829d429b5b60240db0bf34c73c1d01d7412d6fabe4c69d50,84492,2026-07-11T12:42:43.570801,??,active files under 01_research_design through 08_documents,"confirmed superseded, archived, backup, deprecated, or generated old version",2026-07-12T15:14:55.088097+00:00,deleted
/Users/tstakuma/Desktop/github/research/90_archive/deprecated_outputs/legacy_evrp_figures/04_evrp_feasibility/929_20260711_v02_bottleneck_evidence_quadrant_plot.png,d17d620057cbd6bca2cb8ac5a93b07dd2b1d474f1dabf2d841081fc150fcb5f6,179045,2026-07-11T12:42:46.851793,??,active files under 01_research_design through 08_documents,"confirmed superseded, archived, backup, deprecated, or generated old version",2026-07-12T15:14:55.088097+00:00,deleted
/Users/tstakuma/Desktop/github/research/90_archive/deprecated_outputs/legacy_evrp_figures/04_evrp_feasibility/932_20260711_v02_feasibility_robustness_errorbar.png,fca5b8b3f06a5bb01c74ee5dc8e0b1af33ee12b59e2ce8a2ed11ab511b5e2b34,101713,2026-07-11T12:42:41.771933,??,active files under 01_research_design through 08_documents,"confirmed superseded, archived, backup, deprecated, or generated old version",2026-07-12T15:14:55.088097+00:00,deleted
/Users/tstakuma/Desktop/github/research/90_archive/deprecated_outputs/legacy_evrp_figures/04_evrp_feasibility/931_20260711_v02_feasibility_component_decomposition.png,fca03d08d226021055841d802b0bd0286997cdce4681ef59eb71ab14e292c486,114503,2026-07-11T12:42:40.234324,??,active files under 01_research_design through 08_documents,"confirmed superseded, archived, backup, deprecated, or generated old version",2026-07-12T15:14:55.088097+00:00,deleted
/Users/tstakuma/Desktop/github/research/90_archive/deprecated_outputs/legacy_evrp_figures/04_evrp_feasibility/933_20260711_v02_feasibility_sensitivity_heatmap.png,82730c9936f0434544a5a782b6d2a909c65ef80bdd3c16083f3b7dc97266cfaf,91310,2026-07-11T12:42:35.173685,??,active files under 01_research_design through 08_documents,"confirmed superseded, archived, backup, deprecated, or generated old version",2026-07-12T15:14:55.088097+00:00,deleted
/Users/tstakuma/Desktop/github/research/90_archive/deprecated_outputs/legacy_evrp_figures/04_evrp_feasibility/930_20260711_v02_bottleneck_to_evidence_gap_matrix.png,ec1aa4cbc9a55ea7e614f215191c5de4eae59ce8b95c9d5a7127a898b2a419ad,160251,2026-07-11T12:42:45.488401,??,active files under 01_research_design through 08_documents,"confirmed superseded, archived, backup, deprecated, or generated old version",2026-07-12T15:14:55.088097+00:00,deleted
/Users/tstakuma/Desktop/github/research/99_quarantine/unused_generated/951_20260711_from_technical_success_to_unseen_impacts_revised_with_sources_pptx_inspect.ndjson,247c224cb5f90b3552201a600bec15f7594e3806bf3d50e61d956e3cff5a0350,120010,2026-07-11T01:51:38.165947,??,current active artifact or regenerating source; quarantine copy not retained,"confirmed superseded, archived, backup, deprecated, or generated old version",2026-07-12T15:14:55.088097+00:00,deleted
/Users/tstakuma/Desktop/github/research/99_quarantine/unused_generated/950_20260712_ds_store,a99c9033c812cd708b7791a3f031bafa47a6ac29b43ccccf4750d161db164f70,10244,2026-07-12T02:10:27.000038,??,current active artifact or regenerating source; quarantine copy not retained,"confirmed superseded, archived, backup, deprecated, or generated old version",2026-07-12T15:14:55.088097+00:00,deleted
/Users/tstakuma/Desktop/github/research/99_quarantine/unused_generated/985_20260712_v16_research_overview_wip_pptx_inspect.ndjson,0f2d4fdf3748eb06f96de21fa722ca37a5b3b922f1078d05af5e9419bbe8525f,5173,2026-07-12T02:05:41.659597,??,current active artifact or regenerating source; quarantine copy not retained,"confirmed superseded, archived, backup, deprecated, or generated old version",2026-07-12T15:14:55.088097+00:00,deleted
/Users/tstakuma/Desktop/github/research/99_quarantine/environment_dependent_files/future_design_nested_git/config,cd00e987ce14cf278d4c8aad65a224cb255d3690e3f56a0b0822921914209dc1,357,2026-07-11T14:59:27.151824,??,current active artifact or regenerating source; quarantine copy not retained,"confirmed superseded, archived, backup, deprecated, or generated old version",2026-07-12T15:14:55.088097+00:00,deleted
/Users/tstakuma/Desktop/github/research/99_quarantine/environment_dependent_files/future_design_nested_git/HEAD,28d25bf82af4c0e2b72f50959b2beb859e3e60b9630a5e8c603dad4ddb2b6e80,21,2026-07-05T13:17:24.373796,??,current active artifact or regenerating source; quarantine copy not retained,"confirmed superseded, archived, backup, deprecated, or generated old version",2026-07-12T15:14:55.088097+00:00,deleted
/Users/tstakuma/Desktop/github/research/99_quarantine/environment_dependent_files/future_design_nested_git/description,85ab6c163d43a17ea9cf7788308bca1466f1b0a8d1cc92e26e9bf63da4062aee,73,2026-07-05T13:17:23.038547,??,current active artifact or regenerating source; quarantine copy not retained,"confirmed superseded, archived, backup, deprecated, or generated old version",2026-07-12T15:14:55.088097+00:00,deleted
/Users/tstakuma/Desktop/github/research/99_quarantine/environment_dependent_files/future_design_nested_git/index,ea79644c78cad3e4778cfb59f3434902f8158c2aef99f7c9f8dd2cd16597515f,5658,2026-07-11T17:54:16.874883,??,current active artifact or regenerating source; quarantine copy not retained,"confirmed superseded, archived, backup, deprecated, or generated old version",2026-07-12T15:14:55.088097+00:00,deleted
/Users/tstakuma/Desktop/github/research/99_quarantine/environment_dependent_files/future_design_nested_git/packed-refs,42212aacf8cebf165137c29259465cfdf74d56ce8c94fe06ba580ded536dde60,112,2026-07-05T13:17:24.371365,??,current active artifact or regenerating source; quarantine copy not retained,"confirmed superseded, archived, backup, deprecated, or generated old version",2026-07-12T15:14:55.088097+00:00,deleted
/Users/tstakuma/Desktop/github/research/99_quarantine/environment_dependent_files/future_design_nested_git/info/exclude,6671fe83b7a07c8932ee89164d1f2793b2318058eb8b98dc5c06ee0a5a3b0ec1,240,2026-07-05T13:17:23.036467,??,current active artifact or regenerating source; quarantine copy not retained,"confirmed superseded, archived, backup, deprecated, or generated old version",2026-07-12T15:14:55.088097+00:00,deleted
/Users/tstakuma/Desktop/github/research/99_quarantine/environment_dependent_files/future_design_nested_git/logs/HEAD,e30de5747695fc4407da030a5f4cdea413eaab789f94edd9a5428331b9437e21,201,2026-07-05T13:17:24.374467,??,current active artifact or regenerating source; quarantine copy not retained,"confirmed superseded, archived, backup, deprecated, or generated old version",2026-07-12T15:14:55.088097+00:00,deleted
/Users/tstakuma/Desktop/github/research/99_quarantine/environment_dependent_files/future_design_nested_git/hooks/commit-msg.sample,1f74d5e9292979b573ebd59741d46cb93ff391acdd083d340b94370753d92437,896,2026-07-05T13:17:23.039482,??,current active artifact or regenerating source; quarantine copy not retained,"confirmed superseded, archived, backup, deprecated, or generated old version",2026-07-12T15:14:55.088097+00:00,deleted
/Users/tstakuma/Desktop/github/research/99_quarantine/environment_dependent_files/future_design_nested_git/hooks/pre-rebase.sample,4febce867790052338076f4e66cc47efb14879d18097d1d61c8261859eaaa7b3,4898,2026-07-05T13:17:23.041546,??,current active artifact or regenerating source; quarantine copy not retained,"confirmed superseded, archived, backup, deprecated, or generated old version",2026-07-12T15:14:55.088097+00:00,deleted
/Users/tstakuma/Desktop/github/research/99_quarantine/environment_dependent_files/future_design_nested_git/hooks/sendemail-validate.sample,44ebfc923dc5466bc009602f0ecf067b9c65459abfe8868ddc49b78e6ced7a92,2308,2026-07-05T13:17:23.041776,??,current active artifact or regenerating source; quarantine copy not retained,"confirmed superseded, archived, backup, deprecated, or generated old version",2026-07-12T15:14:55.088097+00:00,deleted
/Users/tstakuma/Desktop/github/research/99_quarantine/environment_dependent_files/future_design_nested_git/hooks/pre-commit.sample,57185b7b9f05239d7ab52db045f5b89eb31348d7b2177eab214f5eb872e1971b,1649,2026-07-05T13:17:23.041965,??,current active artifact or regenerating source; quarantine copy not retained,"confirmed superseded, archived, backup, deprecated, or generated old version",2026-07-12T15:14:55.088097+00:00,deleted
/Users/tstakuma/Desktop/github/research/99_quarantine/environment_dependent_files/future_design_nested_git/hooks/applypatch-msg.sample,0223497a0b8b033aa58a3a521b8629869386cf7ab0e2f101963d328aa62193f7,478,2026-07-05T13:17:23.042130,??,current active artifact or regenerating source; quarantine copy not retained,"confirmed superseded, archived, backup, deprecated, or generated old version",2026-07-12T15:14:55.088097+00:00,deleted
/Users/tstakuma/Desktop/github/research/99_quarantine/environment_dependent_files/future_design_nested_git/hooks/fsmonitor-watchman.sample,e0549964e93897b519bd8e333c037e51fff0f88ba13e086a331592bf801fa1d0,4726,2026-07-05T13:17:23.042544,??,current active artifact or regenerating source; quarantine copy not retained,"confirmed superseded, archived, backup, deprecated, or generated old version",2026-07-12T15:14:55.088097+00:00,deleted
/Users/tstakuma/Desktop/github/research/99_quarantine/environment_dependent_files/future_design_nested_git/hooks/pre-receive.sample,a4c3d2b9c7bb3fd8d1441c31bd4ee71a595d66b44fcf49ddb310252320169989,544,2026-07-05T13:17:23.042733,??,current active artifact or regenerating source; quarantine copy not retained,"confirmed superseded, archived, backup, deprecated, or generated old version",2026-07-12T15:14:55.088097+00:00,deleted
/Users/tstakuma/Desktop/github/research/99_quarantine/environment_dependent_files/future_design_nested_git/hooks/prepare-commit-msg.sample,e9ddcaa4189fddd25ed97fc8c789eca7b6ca16390b2392ae3276f0c8e1aa4619,1492,2026-07-05T13:17:23.042912,??,current active artifact or regenerating source; quarantine copy not retained,"confirmed superseded, archived, backup, deprecated, or generated old version",2026-07-12T15:14:55.088097+00:00,deleted
/Users/tstakuma/Desktop/github/research/99_quarantine/environment_dependent_files/future_design_nested_git/hooks/post-update.sample,81765af2daef323061dcbc5e61fc16481cb74b3bac9ad8a174b186523586f6c5,189,2026-07-05T13:17:23.043225,??,current active artifact or regenerating source; quarantine copy not retained,"confirmed superseded, archived, backup, deprecated, or generated old version",2026-07-12T15:14:55.088097+00:00,deleted
/Users/tstakuma/Desktop/github/research/99_quarantine/environment_dependent_files/future_design_nested_git/hooks/pre-merge-commit.sample,d3825a70337940ebbd0a5c072984e13245920cdf8898bd225c8d27a6dfc9cb53,416,2026-07-05T13:17:23.043444,??,current active artifact or regenerating source; quarantine copy not retained,"confirmed superseded, archived, backup, deprecated, or generated old version",2026-07-12T15:14:55.088097+00:00,deleted
/Users/tstakuma/Desktop/github/research/99_quarantine/environment_dependent_files/future_design_nested_git/hooks/pre-applypatch.sample,e15c5b469ea3e0a695bea6f2c82bcf8e62821074939ddd85b77e0007ff165475,424,2026-07-05T13:17:23.043628,??,current active artifact or regenerating source; quarantine copy not retained,"confirmed superseded, archived, backup, deprecated, or generated old version",2026-07-12T15:14:55.088097+00:00,deleted
/Users/tstakuma/Desktop/github/research/99_quarantine/environment_dependent_files/future_design_nested_git/hooks/pre-push.sample,ecce9c7e04d3f5dd9d8ada81753dd1d549a9634b26770042b58dda00217d086a,1374,2026-07-05T13:17:23.043785,??,current active artifact or regenerating source; quarantine copy not retained,"confirmed superseded, archived, backup, deprecated, or generated old version",2026-07-12T15:14:55.088097+00:00,deleted
/Users/tstakuma/Desktop/github/research/99_quarantine/environment_dependent_files/future_design_nested_git/hooks/update.sample,8d5f2fa83e103cf08b57eaa67521df9194f45cbdbcb37da52ad586097a14d106,3650,2026-07-05T13:17:23.043951,??,current active artifact or regenerating source; quarantine copy not retained,"confirmed superseded, archived, backup, deprecated, or generated old version",2026-07-12T15:14:55.088097+00:00,deleted
/Users/tstakuma/Desktop/github/research/99_quarantine/environment_dependent_files/future_design_nested_git/hooks/push-to-checkout.sample,a53d0741798b287c6dd7afa64aee473f305e65d3f49463bb9d7408ec3b12bf5f,2783,2026-07-05T13:17:23.044132,??,current active artifact or regenerating source; quarantine copy not retained,"confirmed superseded, archived, backup, deprecated, or generated old version",2026-07-12T15:14:55.088097+00:00,deleted
/Users/tstakuma/Desktop/github/research/99_quarantine/environment_dependent_files/future_design_nested_git/refs/heads/main,ae4dae80fdc88650dbf4b656c837903bf5adf779ba9e30cb0aee395339045040,41,2026-07-05T13:17:24.374375,??,current active artifact or regenerating source; quarantine copy not retained,"confirmed superseded, archived, backup, deprecated, or generated old version",2026-07-12T15:14:55.088097+00:00,deleted
/Users/tstakuma/Desktop/github/research/99_quarantine/environment_dependent_files/future_design_nested_git/refs/remotes/origin/HEAD,2bb6a24aa0fc6c484100f5d51a29bbad841cd2c755f5d93faa204e5dbb4eb2b4,30,2026-07-05T13:17:24.373544,??,current active artifact or regenerating source; quarantine copy not retained,"confirmed superseded, archived, backup, deprecated, or generated old version",2026-07-12T15:14:55.088097+00:00,deleted
/Users/tstakuma/Desktop/github/research/99_quarantine/environment_dependent_files/future_design_nested_git/logs/refs/heads/main,e30de5747695fc4407da030a5f4cdea413eaab789f94edd9a5428331b9437e21,201,2026-07-05T13:17:24.374636,??,current active artifact or regenerating source; quarantine copy not retained,"confirmed superseded, archived, backup, deprecated, or generated old version",2026-07-12T15:14:55.088097+00:00,deleted
/Users/tstakuma/Desktop/github/research/99_quarantine/environment_dependent_files/future_design_nested_git/logs/refs/remotes/origin/HEAD,e30de5747695fc4407da030a5f4cdea413eaab789f94edd9a5428331b9437e21,201,2026-07-05T13:17:24.373484,??,current active artifact or regenerating source; quarantine copy not retained,"confirmed superseded, archived, backup, deprecated, or generated old version",2026-07-12T15:14:55.088097+00:00,deleted
/Users/tstakuma/Desktop/github/research/99_quarantine/environment_dependent_files/future_design_nested_git/objects/pack/pack-362dde27363926e26d82e1cd4fccbf0a4f3252e8.idx,e90b5e4bda48bc14deb3950431cd6fd706b661aad1f73d6fa8e6748e583dcd67,8856,2026-07-05T13:17:24.351402,??,current active artifact or regenerating source; quarantine copy not retained,"confirmed superseded, archived, backup, deprecated, or generated old version",2026-07-12T15:14:55.088097+00:00,deleted
/Users/tstakuma/Desktop/github/research/99_quarantine/environment_dependent_files/future_design_nested_git/objects/pack/pack-362dde27363926e26d82e1cd4fccbf0a4f3252e8.rev,215cff2acbaaeeb19bd6cd66f42d3ba84d84d72abba207c914ecd3b88f16fc24,1164,2026-07-05T13:17:24.351613,??,current active artifact or regenerating source; quarantine copy not retained,"confirmed superseded, archived, backup, deprecated, or generated old version",2026-07-12T15:14:55.088097+00:00,deleted
/Users/tstakuma/Desktop/github/research/99_quarantine/environment_dependent_files/future_design_nested_git/objects/pack/pack-362dde27363926e26d82e1cd4fccbf0a4f3252e8.pack,ac2fe9a68635dcc7d124d42767851c7418fb3f3a25f91ecf113bb251ebcf50fa,2574105,2026-07-05T13:17:24.351058,??,current active artifact or regenerating source; quarantine copy not retained,"confirmed superseded, archived, backup, deprecated, or generated old version",2026-07-12T15:14:55.088097+00:00,deleted
/Users/tstakuma/Desktop/github/research/99_quarantine/unused_generated/presentation_revision/994_20260711_v15_from_technical_success_to_unseen_impacts_revised_pptx_inspect.ndjson,6ec19a110d078b5d9437047e92c9de9b76a4145c595d9b34317957cc3f52be47,87128,2026-07-12T04:56:40.523606,??,current active artifact or regenerating source; quarantine copy not retained,"confirmed superseded, archived, backup, deprecated, or generated old version",2026-07-12T15:14:55.088097+00:00,deleted
/Users/tstakuma/Desktop/github/research/99_quarantine/unused_generated/presentation_revision/997_20260711_v15_latest_workspace_path.txt,851b384574d2f1180f2ab7337713bdda96ddb34fbadb7f19d04f2c6d9c22ce68,138,2026-07-11T00:50:06.601667,??,current active artifact or regenerating source; quarantine copy not retained,"confirmed superseded, archived, backup, deprecated, or generated old version",2026-07-12T15:14:55.088097+00:00,deleted
/Users/tstakuma/Desktop/github/research/99_quarantine/unused_generated/presentation_revision/996_20260711_v15_latest_tmp_dir.txt,da88754119492c4b990786d7a7dd586500e6ddcdade0c28d6a5415086017a9c5,142,2026-07-11T00:50:06.601832,??,current active artifact or regenerating source; quarantine copy not retained,"confirmed superseded, archived, backup, deprecated, or generated old version",2026-07-12T15:14:55.088097+00:00,deleted
/Users/tstakuma/Desktop/github/research/99_quarantine/unused_generated/presentation_revision/993_20260711_v15_from_technical_success_to_unseen_impacts_revised.pptx,3ebab844b0f4d3302e11f24851e3710dadca78ffc77d1bc2acec10ed0e1084d3,2891462,2026-07-11T02:01:47.555198,??,current active artifact or regenerating source; quarantine copy not retained,"confirmed superseded, archived, backup, deprecated, or generated old version",2026-07-12T15:14:55.088097+00:00,deleted
/Users/tstakuma/Desktop/github/research/99_quarantine/unused_generated/presentation_revision/995_20260711_v15_build_from_technical_success_revised.mjs,60606617176b63a9fdfc35803ff4f36b80fd3e709a68a27a9fd39f8f7bd837aa,29735,2026-07-12T04:56:42.621384,??,current active artifact or regenerating source; quarantine copy not retained,"confirmed superseded, archived, backup, deprecated, or generated old version",2026-07-12T15:14:55.088097+00:00,deleted
/Users/tstakuma/Desktop/github/research/99_quarantine/unused_generated/slide_revision/954_20260711_v17_deck_montage.webp,f0df239f04fc9db99fb6735a18889d4ac50a7e2810c459662ac0046b673b98de,34756,2026-07-11T01:51:35.817542,??,current active artifact or regenerating source; quarantine copy not retained,"confirmed superseded, archived, backup, deprecated, or generated old version",2026-07-12T15:14:55.088097+00:00,deleted
/Users/tstakuma/Desktop/github/research/99_quarantine/unused_generated/slide_revision/952_20260711_v17_build_revised_with_sources.mjs,7f04d2b2981b4a0e102d06ea61b80ac6d7a9c51cd012cf6131c649b9bb00476f,44033,2026-07-12T04:56:45.160170,??,current active artifact or regenerating source; quarantine copy not retained,"confirmed superseded, archived, backup, deprecated, or generated old version",2026-07-12T15:14:55.088097+00:00,deleted
/Users/tstakuma/Desktop/github/research/99_quarantine/unused_generated/slide_revision/953_20260711_v17_contact_sheet.png,c12f91abdb15365ae6fc19840a9667f5bba753408f7b01e5ceb3a6c278d0682e,515902,2026-07-11T01:51:48.039047,??,current active artifact or regenerating source; quarantine copy not retained,"confirmed superseded, archived, backup, deprecated, or generated old version",2026-07-12T15:14:55.088097+00:00,deleted
/Users/tstakuma/Desktop/github/research/99_quarantine/unused_generated/slide_revision/rendered_slides/973_20260711_v17_slide_10_layout.json,f89b8d1cb9bf4dbb076c35c2da48b680ec84ef7bf6be1f66bef79754c994945e,51749,2026-07-11T01:51:34.348082,??,current active artifact or regenerating source; quarantine copy not retained,"confirmed superseded, archived, backup, deprecated, or generated old version",2026-07-12T15:14:55.088097+00:00,deleted
/Users/tstakuma/Desktop/github/research/99_quarantine/unused_generated/slide_revision/rendered_slides/985_20260711_v17_slide_16_layout.json,a0e6b88307a57ca2633c0184ac5b0e55b1f3be2a0566a32ca507d3cdd2b9da65,49854,2026-07-11T01:51:34.997685,??,current active artifact or regenerating source; quarantine copy not retained,"confirmed superseded, archived, backup, deprecated, or generated old version",2026-07-12T15:14:55.088097+00:00,deleted
/Users/tstakuma/Desktop/github/research/99_quarantine/unused_generated/slide_revision/rendered_slides/971_20260711_v17_slide_09_layout.json,70726823bea935e9df2f3bc6be14c6bef18ac3e86a476539ae097f5df5c5fa90,53891,2026-07-11T01:51:34.253510,??,current active artifact or regenerating source; quarantine copy not retained,"confirmed superseded, archived, backup, deprecated, or generated old version",2026-07-12T15:14:55.088097+00:00,deleted
/Users/tstakuma/Desktop/github/research/99_quarantine/unused_generated/slide_revision/rendered_slides/981_20260711_v17_slide_14_layout.json,02970d9b2236cea1997f98471eb6024a76b25a52b6170eae9179e8da2446666c,32137,2026-07-12T04:52:28.158748,??,current active artifact or regenerating source; quarantine copy not retained,"confirmed superseded, archived, backup, deprecated, or generated old version",2026-07-12T15:14:55.088097+00:00,deleted
/Users/tstakuma/Desktop/github/research/99_quarantine/unused_generated/slide_revision/rendered_slides/977_20260711_v17_slide_12_layout.json,16896716c1324dce23b8d2f30d17dc5aaa7de49f6fc40baba0d54db1bc31ef27,26306,2026-07-12T04:56:55.640382,??,current active artifact or regenerating source; quarantine copy not retained,"confirmed superseded, archived, backup, deprecated, or generated old version",2026-07-12T15:14:55.088097+00:00,deleted
/Users/tstakuma/Desktop/github/research/99_quarantine/unused_generated/slide_revision/rendered_slides/950_20260711_v18_slide_23.png,1bf5d7aa7c09fad578c3a0f0f94a6776b1f2e31129c3a80c94a17770b6ab0b65,89478,2026-07-11T01:51:35.672325,??,current active artifact or regenerating source; quarantine copy not retained,"confirmed superseded, archived, backup, deprecated, or generated old version",2026-07-12T15:14:55.088097+00:00,deleted
/Users/tstakuma/Desktop/github/research/99_quarantine/unused_generated/slide_revision/rendered_slides/966_20260711_v17_slide_06.png,41c0d95c6d833c30c5187a8a4babf519cf4b3c5ce1c4817c30df2cf6e11607eb,81957,2026-07-11T01:51:33.895671,??,current active artifact or regenerating source; quarantine copy not retained,"confirmed superseded, archived, backup, deprecated, or generated old version",2026-07-12T15:14:55.088097+00:00,deleted
/Users/tstakuma/Desktop/github/research/99_quarantine/unused_generated/slide_revision/rendered_slides/972_20260711_v17_slide_09.png,800d47d0933c2f88bda25144d56f81363d555801ffded85414c4550ef2bb1df4,75672,2026-07-11T01:51:34.241041,??,current active artifact or regenerating source; quarantine copy not retained,"confirmed superseded, archived, backup, deprecated, or generated old version",2026-07-12T15:14:55.088097+00:00,deleted
/Users/tstakuma/Desktop/github/research/99_quarantine/unused_generated/slide_revision/rendered_slides/994_20260711_v17_slide_20.png,97fcd4228a2483ae4bbca895db642bfd2bf8d1e3e799744059ec7a59290a61ce,93319,2026-07-11T01:51:35.411071,??,current active artifact or regenerating source; quarantine copy not retained,"confirmed superseded, archived, backup, deprecated, or generated old version",2026-07-12T15:14:55.088097+00:00,deleted
/Users/tstakuma/Desktop/github/research/99_quarantine/unused_generated/slide_revision/rendered_slides/980_20260711_v17_slide_13.png,19d9acfec16c3c731de02ea429e8c8848feaf7d91dcdc9658b89cf2dc4c10f01,104332,2026-07-11T01:51:34.636857,??,current active artifact or regenerating source; quarantine copy not retained,"confirmed superseded, archived, backup, deprecated, or generated old version",2026-07-12T15:14:55.088097+00:00,deleted
/Users/tstakuma/Desktop/github/research/99_quarantine/unused_generated/slide_revision/rendered_slides/974_20260711_v17_slide_10.png,30e0e112bf6329647b67b1a7c4f96ef0016873540194829b3543beea0a157e3c,89504,2026-07-11T01:51:34.340349,??,current active artifact or regenerating source; quarantine copy not retained,"confirmed superseded, archived, backup, deprecated, or generated old version",2026-07-12T15:14:55.088097+00:00,deleted
/Users/tstakuma/Desktop/github/research/99_quarantine/unused_generated/slide_revision/rendered_slides/988_20260711_v17_slide_17.png,46c97632d1940f41b15e0dc9ae45acee692d4c773a154a65bb0008b655fdc046,89032,2026-07-11T01:51:35.087801,??,current active artifact or regenerating source; quarantine copy not retained,"confirmed superseded, archived, backup, deprecated, or generated old version",2026-07-12T15:14:55.088097+00:00,deleted
/Users/tstakuma/Desktop/github/research/99_quarantine/unused_generated/slide_revision/rendered_slides/993_20260711_v17_slide_20_layout.json,df2ab6d95ba455adcfaab48d400080db1d03bd7320007fc1cec8966aff9671a4,33968,2026-07-11T01:51:35.419329,??,current active artifact or regenerating source; quarantine copy not retained,"confirmed superseded, archived, backup, deprecated, or generated old version",2026-07-12T15:14:55.088097+00:00,deleted
/Users/tstakuma/Desktop/github/research/99_quarantine/unused_generated/slide_revision/rendered_slides/997_20260711_v17_slide_22_layout.json,7d0bb120e22dfed9ab07519667199f905d61612443634c0a7bb3c0bfc7fee893,31388,2026-07-11T01:51:35.597708,??,current active artifact or regenerating source; quarantine copy not retained,"confirmed superseded, archived, backup, deprecated, or generated old version",2026-07-12T15:14:55.088097+00:00,deleted
/Users/tstakuma/Desktop/github/research/99_quarantine/unused_generated/slide_revision/rendered_slides/958_20260711_v17_slide_02.png,dd670b1abf382b0c98600a63e485d4097f0394507fec85bc30dbaf1952e9ba49,78714,2026-07-11T01:51:33.466451,??,current active artifact or regenerating source; quarantine copy not retained,"confirmed superseded, archived, backup, deprecated, or generated old version",2026-07-12T15:14:55.088097+00:00,deleted
/Users/tstakuma/Desktop/github/research/99_quarantine/unused_generated/slide_revision/rendered_slides/964_20260711_v17_slide_05.png,0cfb15563358aa7ee22ae14085162d46ef8656fe319bb127174566bf595b07a2,125659,2026-07-11T01:51:33.805016,??,current active artifact or regenerating source; quarantine copy not retained,"confirmed superseded, archived, backup, deprecated, or generated old version",2026-07-12T15:14:55.088097+00:00,deleted
/Users/tstakuma/Desktop/github/research/99_quarantine/unused_generated/slide_revision/rendered_slides/975_20260711_v17_slide_11_layout.json,d5290b7ef293c5e00f196c8379c783bf9e1289197b15e7d18df0e746ff89134b,54767,2026-07-11T01:51:34.455743,??,current active artifact or regenerating source; quarantine copy not retained,"confirmed superseded, archived, backup, deprecated, or generated old version",2026-07-12T15:14:55.088097+00:00,deleted
/Users/tstakuma/Desktop/github/research/99_quarantine/unused_generated/slide_revision/rendered_slides/967_20260711_v17_slide_07_layout.json,7b4768e69b5c2310b911327f08627c5cdcdd500f78aa2f554b0b716700dbef37,31265,2026-07-12T04:52:28.233694,??,current active artifact or regenerating source; quarantine copy not retained,"confirmed superseded, archived, backup, deprecated, or generated old version",2026-07-12T15:14:55.088097+00:00,deleted
/Users/tstakuma/Desktop/github/research/99_quarantine/unused_generated/slide_revision/rendered_slides/970_20260711_v17_slide_08.png,d7f4614f471d883e44f6fc5292bfeacb48ec9f1510551c8db31c7eb1bff463a9,141753,2026-07-11T01:51:34.115676,??,current active artifact or regenerating source; quarantine copy not retained,"confirmed superseded, archived, backup, deprecated, or generated old version",2026-07-12T15:14:55.088097+00:00,deleted
/Users/tstakuma/Desktop/github/research/99_quarantine/unused_generated/slide_revision/rendered_slides/996_20260711_v17_slide_21.png,e2450940a89d797cba2ba72b2ee997e0581e4eccb08663ff6070b219ff5c93bb,80809,2026-07-11T01:51:35.505454,??,current active artifact or regenerating source; quarantine copy not retained,"confirmed superseded, archived, backup, deprecated, or generated old version",2026-07-12T15:14:55.088097+00:00,deleted
/Users/tstakuma/Desktop/github/research/99_quarantine/unused_generated/slide_revision/rendered_slides/963_20260711_v17_slide_05_layout.json,8ff3e2194569a86bbf69597c59f4616af3644100517212e68f765603953a893a,21618,2026-07-12T04:57:03.680432,??,current active artifact or regenerating source; quarantine copy not retained,"confirmed superseded, archived, backup, deprecated, or generated old version",2026-07-12T15:14:55.088097+00:00,deleted
/Users/tstakuma/Desktop/github/research/99_quarantine/unused_generated/slide_revision/rendered_slides/969_20260711_v17_slide_08_layout.json,774416996a80a94ecee48a103d715955de201691e87f1c0464255a09834295bb,20109,2026-07-12T04:52:28.253224,??,current active artifact or regenerating source; quarantine copy not retained,"confirmed superseded, archived, backup, deprecated, or generated old version",2026-07-12T15:14:55.088097+00:00,deleted
/Users/tstakuma/Desktop/github/research/99_quarantine/unused_generated/slide_revision/rendered_slides/976_20260711_v17_slide_11.png,3301d60ab5c6e0d917b6ce17b37101a2b3c38aba762b687d357ca5b4c8a14a4a,99582,2026-07-11T01:51:34.446586,??,current active artifact or regenerating source; quarantine copy not retained,"confirmed superseded, archived, backup, deprecated, or generated old version",2026-07-12T15:14:55.088097+00:00,deleted
/Users/tstakuma/Desktop/github/research/99_quarantine/unused_generated/slide_revision/rendered_slides/982_20260711_v17_slide_14.png,07925ad99c001dee02eaa0ad277519ea6603f46e9e0a0736253804a851473e8f,193015,2026-07-11T01:51:34.773683,??,current active artifact or regenerating source; quarantine copy not retained,"confirmed superseded, archived, backup, deprecated, or generated old version",2026-07-12T15:14:55.088097+00:00,deleted
/Users/tstakuma/Desktop/github/research/99_quarantine/unused_generated/slide_revision/rendered_slides/959_20260711_v17_slide_03_layout.json,d54807c819c200aad853e5c7b684eae9085faa23b411601b05f1ab4cd5768490,28736,2026-07-11T01:51:33.577354,??,current active artifact or regenerating source; quarantine copy not retained,"confirmed superseded, archived, backup, deprecated, or generated old version",2026-07-12T15:14:55.088097+00:00,deleted
/Users/tstakuma/Desktop/github/research/99_quarantine/unused_generated/slide_revision/rendered_slides/995_20260711_v17_slide_21_layout.json,cb93b5fd1ceff12309d009916c34df8ac9ea65eebfe7674450728cf11e2a0150,42910,2026-07-11T01:51:35.513813,??,current active artifact or regenerating source; quarantine copy not retained,"confirmed superseded, archived, backup, deprecated, or generated old version",2026-07-12T15:14:55.088097+00:00,deleted
/Users/tstakuma/Desktop/github/research/99_quarantine/unused_generated/slide_revision/rendered_slides/952_20260711_v18_slide_24.png,6531564e22d5184997d3e07a928b4dbacf048415b43484d3430074a17a84ebcd,83707,2026-07-11T01:51:35.741124,??,current active artifact or regenerating source; quarantine copy not retained,"confirmed superseded, archived, backup, deprecated, or generated old version",2026-07-12T15:14:55.088097+00:00,deleted
/Users/tstakuma/Desktop/github/research/99_quarantine/unused_generated/slide_revision/rendered_slides/962_20260711_v17_slide_04.png,c08b1de61d437b7117ecc2b6278240b2c0430dd1268fbaa83b9ac8d3b8b09a23,105362,2026-07-11T01:51:33.662262,??,current active artifact or regenerating source; quarantine copy not retained,"confirmed superseded, archived, backup, deprecated, or generated old version",2026-07-12T15:14:55.088097+00:00,deleted
/Users/tstakuma/Desktop/github/research/99_quarantine/unused_generated/slide_revision/rendered_slides/987_20260711_v17_slide_17_layout.json,454b0f11d272a9e972c98cd7cc3c981eaf3b77564e3483d44a5677be24bef89c,44409,2026-07-11T01:51:35.096364,??,current active artifact or regenerating source; quarantine copy not retained,"confirmed superseded, archived, backup, deprecated, or generated old version",2026-07-12T15:14:55.088097+00:00,deleted
/Users/tstakuma/Desktop/github/research/99_quarantine/unused_generated/slide_revision/rendered_slides/983_20260711_v17_slide_15_layout.json,a1d16b39fdeb21c294a9d1a21190262ed86143a758e046710f9c86f4303ee45b,53079,2026-07-12T04:57:13.232134,??,current active artifact or regenerating source; quarantine copy not retained,"confirmed superseded, archived, backup, deprecated, or generated old version",2026-07-12T15:14:55.088097+00:00,deleted
/Users/tstakuma/Desktop/github/research/99_quarantine/unused_generated/slide_revision/rendered_slides/998_20260711_v17_slide_22.png,8df4a287b5104cfb1dfa210f795a218c9150f918635a59f93bcee6c6371e42b8,85729,2026-07-11T01:51:35.591160,??,current active artifact or regenerating source; quarantine copy not retained,"confirmed superseded, archived, backup, deprecated, or generated old version",2026-07-12T15:14:55.088097+00:00,deleted
/Users/tstakuma/Desktop/github/research/99_quarantine/unused_generated/slide_revision/rendered_slides/956_20260711_v17_slide_01.png,6b155acea7f0bd161c2e22872110513e5930bf55bfc656229d48fe6d73e887d0,71227,2026-07-11T01:51:33.350833,??,current active artifact or regenerating source; quarantine copy not retained,"confirmed superseded, archived, backup, deprecated, or generated old version",2026-07-12T15:14:55.088097+00:00,deleted
/Users/tstakuma/Desktop/github/research/99_quarantine/unused_generated/slide_revision/rendered_slides/957_20260711_v17_slide_02_layout.json,3a99c16355ee129fb626b72bf465d4404cb4f852651ded6d195ea995abf026d8,37532,2026-07-11T01:51:33.477272,??,current active artifact or regenerating source; quarantine copy not retained,"confirmed superseded, archived, backup, deprecated, or generated old version",2026-07-12T15:14:55.088097+00:00,deleted
/Users/tstakuma/Desktop/github/research/99_quarantine/unused_generated/slide_revision/rendered_slides/990_20260711_v17_slide_18.png,df78a571fd2cb28be8f50e6b8d0bf0d34536333cba204c5861933ef8fc20933c,108990,2026-07-11T01:51:35.187130,??,current active artifact or regenerating source; quarantine copy not retained,"confirmed superseded, archived, backup, deprecated, or generated old version",2026-07-12T15:14:55.088097+00:00,deleted
/Users/tstakuma/Desktop/github/research/99_quarantine/unused_generated/slide_revision/rendered_slides/978_20260711_v17_slide_12.png,1ea9467ec8e88c9c31709e0bfc4d04794f5ed5ae4f76e839054760c5f446ebde,79560,2026-07-11T01:51:34.535496,??,current active artifact or regenerating source; quarantine copy not retained,"confirmed superseded, archived, backup, deprecated, or generated old version",2026-07-12T15:14:55.088097+00:00,deleted
/Users/tstakuma/Desktop/github/research/99_quarantine/unused_generated/slide_revision/rendered_slides/989_20260711_v17_slide_18_layout.json,8ae6665c3399e25fdf8de0bea268b31f291feedb8e0e0e874a9243ef9c1f0ecf,28677,2026-07-11T01:51:35.193080,??,current active artifact or regenerating source; quarantine copy not retained,"confirmed superseded, archived, backup, deprecated, or generated old version",2026-07-12T15:14:55.088097+00:00,deleted
/Users/tstakuma/Desktop/github/research/99_quarantine/unused_generated/slide_revision/rendered_slides/984_20260711_v17_slide_15.png,f4103cbf16aa952f9d417f14c58f125e3101972ced7a8ee301eebd6be006ae0c,107157,2026-07-11T01:51:34.867811,??,current active artifact or regenerating source; quarantine copy not retained,"confirmed superseded, archived, backup, deprecated, or generated old version",2026-07-12T15:14:55.088097+00:00,deleted
/Users/tstakuma/Desktop/github/research/99_quarantine/unused_generated/slide_revision/rendered_slides/991_20260711_v17_slide_19_layout.json,e411e909de2022e3990609a69788e7f4fa58ccb61b50220f0bb74a8388e068a8,32246,2026-07-12T04:57:18.274614,??,current active artifact or regenerating source; quarantine copy not retained,"confirmed superseded, archived, backup, deprecated, or generated old version",2026-07-12T15:14:55.088097+00:00,deleted
/Users/tstakuma/Desktop/github/research/99_quarantine/unused_generated/slide_revision/rendered_slides/979_20260711_v17_slide_13_layout.json,b26deb5a09a1c98e42d57d9e3423c02c1c023221a2241b21c6f52dc9a8f465a3,66966,2026-07-11T01:51:34.646772,??,current active artifact or regenerating source; quarantine copy not retained,"confirmed superseded, archived, backup, deprecated, or generated old version",2026-07-12T15:14:55.088097+00:00,deleted
/Users/tstakuma/Desktop/github/research/99_quarantine/unused_generated/slide_revision/rendered_slides/965_20260711_v17_slide_06_layout.json,cb0d57ef7b045c8060546b0ff86c995ee1bc9b0f4038a8aa549bbc297df3be6b,30311,2026-07-11T01:51:33.902460,??,current active artifact or regenerating source; quarantine copy not retained,"confirmed superseded, archived, backup, deprecated, or generated old version",2026-07-12T15:14:55.088097+00:00,deleted
/Users/tstakuma/Desktop/github/research/99_quarantine/unused_generated/slide_revision/rendered_slides/961_20260711_v17_slide_04_layout.json,42a0451b5cb8890efad3e814145581e2b67b0068b06cbe3639d9563100519b4f,19474,2026-07-11T01:51:33.666844,??,current active artifact or regenerating source; quarantine copy not retained,"confirmed superseded, archived, backup, deprecated, or generated old version",2026-07-12T15:14:55.088097+00:00,deleted
/Users/tstakuma/Desktop/github/research/99_quarantine/unused_generated/slide_revision/rendered_slides/968_20260711_v17_slide_07.png,d363ac54da9e665077fef98937bdfe784d4d5196b6b241912853696922c71027,122800,2026-07-11T01:51:34.014127,??,current active artifact or regenerating source; quarantine copy not retained,"confirmed superseded, archived, backup, deprecated, or generated old version",2026-07-12T15:14:55.088097+00:00,deleted
/Users/tstakuma/Desktop/github/research/99_quarantine/unused_generated/slide_revision/rendered_slides/955_20260711_v17_slide_01_layout.json,5fe7a596133b58c44704aa5196922a30a17ae99c671cc12f3211c83325b59a60,14978,2026-07-11T01:51:33.361313,??,current active artifact or regenerating source; quarantine copy not retained,"confirmed superseded, archived, backup, deprecated, or generated old version",2026-07-12T15:14:55.088097+00:00,deleted
/Users/tstakuma/Desktop/github/research/99_quarantine/unused_generated/slide_revision/rendered_slides/999_20260711_v17_slide_23_layout.json,427a09a3d869ae437d2d4ffcc73f91be57b2e0171d78160f47af2a4cd4c7d15f,18310,2026-07-11T01:51:35.676679,??,current active artifact or regenerating source; quarantine copy not retained,"confirmed superseded, archived, backup, deprecated, or generated old version",2026-07-12T15:14:55.088097+00:00,deleted
/Users/tstakuma/Desktop/github/research/99_quarantine/unused_generated/slide_revision/rendered_slides/951_20260711_v18_slide_24_layout.json,7152521280ed26b6b8f1caec82e5a41fb24895603fad6a9218fd8b4624e3194b,18094,2026-07-11T01:51:35.745263,??,current active artifact or regenerating source; quarantine copy not retained,"confirmed superseded, archived, backup, deprecated, or generated old version",2026-07-12T15:14:55.088097+00:00,deleted
/Users/tstakuma/Desktop/github/research/99_quarantine/unused_generated/slide_revision/rendered_slides/986_20260711_v17_slide_16.png,3c61bc589d8579a93deac90f6a292da02c69b2a86dc00da41fe7e6d98363b461,108393,2026-07-11T01:51:34.988730,??,current active artifact or regenerating source; quarantine copy not retained,"confirmed superseded, archived, backup, deprecated, or generated old version",2026-07-12T15:14:55.088097+00:00,deleted
/Users/tstakuma/Desktop/github/research/99_quarantine/unused_generated/slide_revision/rendered_slides/992_20260711_v17_slide_19.png,9fda1e114aa3b787da0d41d903579b69dde0901e12051f076acdb8638701218e,91040,2026-07-11T01:51:35.281111,??,current active artifact or regenerating source; quarantine copy not retained,"confirmed superseded, archived, backup, deprecated, or generated old version",2026-07-12T15:14:55.088097+00:00,deleted
/Users/tstakuma/Desktop/github/research/99_quarantine/unused_generated/slide_revision/rendered_slides/960_20260711_v17_slide_03.png,0d19bd9d679b83a2ea9d3b9ef97226de89c666f2b6047cc9d663bfa564b26289,90691,2026-07-11T01:51:33.571852,??,current active artifact or regenerating source; quarantine copy not retained,"confirmed superseded, archived, backup, deprecated, or generated old version",2026-07-12T15:14:55.088097+00:00,deleted
/Users/tstakuma/Desktop/github/research/99_quarantine/unused_generated/presentation_revision/revised_preview/980_20260711_v16_slide_16.png,9ede23ef6dee286906397fcb723555e37a4abe7429a2569dee590ddab0fa7a8f,105699,2026-07-11T00:57:11.829856,??,current active artifact or regenerating source; quarantine copy not retained,"confirmed superseded, archived, backup, deprecated, or generated old version",2026-07-12T15:14:55.088097+00:00,deleted
/Users/tstakuma/Desktop/github/research/99_quarantine/unused_generated/presentation_revision/revised_preview/951_20260711_v16_slide_02_layout.json,848b1d87cadf6bbd636d295170cbb0c95a5d6fb75a669afc0a68676b9a46bfea,37749,2026-07-11T00:57:09.371784,??,current active artifact or regenerating source; quarantine copy not retained,"confirmed superseded, archived, backup, deprecated, or generated old version",2026-07-12T15:14:55.088097+00:00,deleted
/Users/tstakuma/Desktop/github/research/99_quarantine/unused_generated/presentation_revision/revised_preview/957_20260711_v16_slide_05_layout.json,7780581f2e7c83785030c3c7054806187fa35abe4842391be19e7c9f5fd85cf3,20859,2026-07-12T04:52:43.943768,??,current active artifact or regenerating source; quarantine copy not retained,"confirmed superseded, archived, backup, deprecated, or generated old version",2026-07-12T15:14:55.088097+00:00,deleted
/Users/tstakuma/Desktop/github/research/99_quarantine/unused_generated/presentation_revision/revised_preview/969_20260711_v16_slide_11_layout.json,eb09149ec7125fbdea78b63c380f483c4243f3066e244215dcb84bdc9040afec,53596,2026-07-11T00:57:11.360652,??,current active artifact or regenerating source; quarantine copy not retained,"confirmed superseded, archived, backup, deprecated, or generated old version",2026-07-12T15:14:55.088097+00:00,deleted
/Users/tstakuma/Desktop/github/research/99_quarantine/unused_generated/presentation_revision/revised_preview/974_20260711_v16_slide_13.png,6ed8f43586a2420152e6df63c6e784f59bbd0bb1d1129e09eeb98749ad17fd6a,98953,2026-07-11T00:57:11.500705,??,current active artifact or regenerating source; quarantine copy not retained,"confirmed superseded, archived, backup, deprecated, or generated old version",2026-07-12T15:14:55.088097+00:00,deleted
/Users/tstakuma/Desktop/github/research/99_quarantine/unused_generated/presentation_revision/revised_preview/959_20260711_v16_slide_06_layout.json,73a57c3114e3ef3f244581f1d75df68a233a286a88922f4a609a3f2eb51ab24a,30025,2026-07-11T00:57:10.848184,??,current active artifact or regenerating source; quarantine copy not retained,"confirmed superseded, archived, backup, deprecated, or generated old version",2026-07-12T15:14:55.088097+00:00,deleted
/Users/tstakuma/Desktop/github/research/99_quarantine/unused_generated/presentation_revision/revised_preview/981_20260711_v16_slide_17_layout.json,720b21c6e68a167eec2c3e8dbc09eb197468525a4d355c152cc9b04f5fa893ac,44214,2026-07-11T00:57:12.047044,??,current active artifact or regenerating source; quarantine copy not retained,"confirmed superseded, archived, backup, deprecated, or generated old version",2026-07-12T15:14:55.088097+00:00,deleted
/Users/tstakuma/Desktop/github/research/99_quarantine/unused_generated/presentation_revision/revised_preview/952_20260711_v16_slide_02.png,8f1421518828c885b9297bb9d18cc17bdf3537035ea91bfc637ac1bb313095e1,84485,2026-07-11T00:57:09.360626,??,current active artifact or regenerating source; quarantine copy not retained,"confirmed superseded, archived, backup, deprecated, or generated old version",2026-07-12T15:14:55.088097+00:00,deleted
/Users/tstakuma/Desktop/github/research/99_quarantine/unused_generated/presentation_revision/revised_preview/973_20260711_v16_slide_13_layout.json,e098f5836fcecd7112169c4583da8a6a2162a4fe1fd85ed1a462ae1c7538ac87,65917,2026-07-11T00:57:11.511143,??,current active artifact or regenerating source; quarantine copy not retained,"confirmed superseded, archived, backup, deprecated, or generated old version",2026-07-12T15:14:55.088097+00:00,deleted
/Users/tstakuma/Desktop/github/research/99_quarantine/unused_generated/presentation_revision/revised_preview/975_20260711_v16_slide_14_layout.json,777457f45f58e9b5b60c3f4a581ffeefad5b1c4d61c3df9cf85a3ce287d51e8b,30588,2026-07-12T04:52:44.035990,??,current active artifact or regenerating source; quarantine copy not retained,"confirmed superseded, archived, backup, deprecated, or generated old version",2026-07-12T15:14:55.088097+00:00,deleted
/Users/tstakuma/Desktop/github/research/99_quarantine/unused_generated/presentation_revision/revised_preview/983_20260711_v16_slide_18_layout.json,25509e1ed2d233add0785c852b230702ee89c2d541aae321ba6b8834b0f0742d,28043,2026-07-11T00:57:12.276707,??,current active artifact or regenerating source; quarantine copy not retained,"confirmed superseded, archived, backup, deprecated, or generated old version",2026-07-12T15:14:55.088097+00:00,deleted
/Users/tstakuma/Desktop/github/research/99_quarantine/unused_generated/presentation_revision/revised_preview/958_20260711_v16_slide_05.png,f2a15e18e9dfa679d0528e76c0e8ba4bd970dca3919323567c91fc35ea9ec916,130247,2026-07-11T00:57:09.736764,??,current active artifact or regenerating source; quarantine copy not retained,"confirmed superseded, archived, backup, deprecated, or generated old version",2026-07-12T15:14:55.088097+00:00,deleted
/Users/tstakuma/Desktop/github/research/99_quarantine/unused_generated/presentation_revision/revised_preview/982_20260711_v16_slide_17.png,d5b466b71e3d953541ddabb9d92c3c19de662cfc72e9c97532b2b622187254d2,90707,2026-07-11T00:57:12.025138,??,current active artifact or regenerating source; quarantine copy not retained,"confirmed superseded, archived, backup, deprecated, or generated old version",2026-07-12T15:14:55.088097+00:00,deleted
/Users/tstakuma/Desktop/github/research/99_quarantine/unused_generated/presentation_revision/revised_preview/999_20260711_v15_slide_01_layout.json,e0ebfd2cb485268c747ddc33deafb9b9c5d7327bad7a79fc677c6fb2de6bd8f5,15045,2026-07-11T00:57:09.265551,??,current active artifact or regenerating source; quarantine copy not retained,"confirmed superseded, archived, backup, deprecated, or generated old version",2026-07-12T15:14:55.088097+00:00,deleted
/Users/tstakuma/Desktop/github/research/99_quarantine/unused_generated/presentation_revision/revised_preview/984_20260711_v16_slide_18.png,10603b7f69fb5d43ff3a34455d6813dca188fed9b6864965c283e95175646840,102458,2026-07-11T00:57:12.266010,??,current active artifact or regenerating source; quarantine copy not retained,"confirmed superseded, archived, backup, deprecated, or generated old version",2026-07-12T15:14:55.088097+00:00,deleted
/Users/tstakuma/Desktop/github/research/99_quarantine/unused_generated/presentation_revision/revised_preview/976_20260711_v16_slide_14.png,180b306a96321d2d6aaf3e120d5cef959dc21bf9bfcf86d9b3b9ed19ed50d77d,181823,2026-07-11T00:57:11.628333,??,current active artifact or regenerating source; quarantine copy not retained,"confirmed superseded, archived, backup, deprecated, or generated old version",2026-07-12T15:14:55.088097+00:00,deleted
/Users/tstakuma/Desktop/github/research/99_quarantine/unused_generated/presentation_revision/revised_preview/950_20260711_v16_slide_01.png,d9971034e5682e5e716689cb168c4be06dccbad1e079948dfdfd16dc00f36de6,72316,2026-07-11T00:57:09.254622,??,current active artifact or regenerating source; quarantine copy not retained,"confirmed superseded, archived, backup, deprecated, or generated old version",2026-07-12T15:14:55.088097+00:00,deleted
/Users/tstakuma/Desktop/github/research/99_quarantine/unused_generated/presentation_revision/revised_preview/970_20260711_v16_slide_11.png,aefc00251c6d719ab77f0856c4a15dd3c58be4eb3f1e4f6eab29aa4226634799,87841,2026-07-11T00:57:11.350569,??,current active artifact or regenerating source; quarantine copy not retained,"confirmed superseded, archived, backup, deprecated, or generated old version",2026-07-12T15:14:55.088097+00:00,deleted
/Users/tstakuma/Desktop/github/research/99_quarantine/unused_generated/presentation_revision/revised_preview/956_20260711_v16_slide_04.png,58ea053143cf711d1eba8b2c695be0dc3a0b401cfe100b0c6da2ff778b88ca86,103469,2026-07-11T00:57:09.562677,??,current active artifact or regenerating source; quarantine copy not retained,"confirmed superseded, archived, backup, deprecated, or generated old version",2026-07-12T15:14:55.088097+00:00,deleted
/Users/tstakuma/Desktop/github/research/99_quarantine/unused_generated/presentation_revision/revised_preview/955_20260711_v16_slide_04_layout.json,93b2a030a74b094857d88919909c9e644fbe565effa2076f20d51f783a314e4f,18966,2026-07-11T00:57:09.569308,??,current active artifact or regenerating source; quarantine copy not retained,"confirmed superseded, archived, backup, deprecated, or generated old version",2026-07-12T15:14:55.088097+00:00,deleted
/Users/tstakuma/Desktop/github/research/99_quarantine/unused_generated/presentation_revision/revised_preview/953_20260711_v16_slide_03_layout.json,a6784ee9ee69efbc05f25bf337dc50fb81616b2b702ff64ce0a50343e7a48d65,28447,2026-07-11T00:57:09.456391,??,current active artifact or regenerating source; quarantine copy not retained,"confirmed superseded, archived, backup, deprecated, or generated old version",2026-07-12T15:14:55.088097+00:00,deleted
/Users/tstakuma/Desktop/github/research/99_quarantine/unused_generated/presentation_revision/revised_preview/963_20260711_v16_slide_08_layout.json,a4cce2c0644b79078b4807bde1fd1763580a658e4c82cbe52483854d043e25bc,19550,2026-07-11T00:57:11.106244,??,current active artifact or regenerating source; quarantine copy not retained,"confirmed superseded, archived, backup, deprecated, or generated old version",2026-07-12T15:14:55.088097+00:00,deleted
/Users/tstakuma/Desktop/github/research/99_quarantine/unused_generated/presentation_revision/revised_preview/964_20260711_v16_slide_08.png,5810c554ce4545b77dbd7a704a645843fe2c5d4f351f357eb250eab86066e24a,138575,2026-07-11T00:57:11.099624,??,current active artifact or regenerating source; quarantine copy not retained,"confirmed superseded, archived, backup, deprecated, or generated old version",2026-07-12T15:14:55.088097+00:00,deleted
/Users/tstakuma/Desktop/github/research/99_quarantine/unused_generated/presentation_revision/revised_preview/977_20260711_v16_slide_15_layout.json,79c00eef461eebc0f4a8e4e0743384b87ab941bda925fa4f4b42242e6d873245,21038,2026-07-11T00:57:11.751334,??,current active artifact or regenerating source; quarantine copy not retained,"confirmed superseded, archived, backup, deprecated, or generated old version",2026-07-12T15:14:55.088097+00:00,deleted
/Users/tstakuma/Desktop/github/research/99_quarantine/unused_generated/presentation_revision/revised_preview/971_20260711_v16_slide_12_layout.json,396a045e935a01c0f9f3ed49eab56b046dd5f0e4eb45b4328834e65a42d24b8c,24830,2026-07-11T00:57:11.428372,??,current active artifact or regenerating source; quarantine copy not retained,"confirmed superseded, archived, backup, deprecated, or generated old version",2026-07-12T15:14:55.088097+00:00,deleted
/Users/tstakuma/Desktop/github/research/99_quarantine/unused_generated/presentation_revision/revised_preview/998_20260711_v15_deck_montage.webp,5eea840de6a2adfd2e3b0efe599b76e5e02a37185208087c0a92155771e052e2,36680,2026-07-11T00:57:12.578393,??,current active artifact or regenerating source; quarantine copy not retained,"confirmed superseded, archived, backup, deprecated, or generated old version",2026-07-12T15:14:55.088097+00:00,deleted
/Users/tstakuma/Desktop/github/research/99_quarantine/unused_generated/presentation_revision/revised_preview/978_20260711_v16_slide_15.png,7d75daeeae739d5853bb6be75d1c0bf7e23f66dd81b4ab0023be8ad1d9b3c7e9,130166,2026-07-11T00:57:11.746533,??,current active artifact or regenerating source; quarantine copy not retained,"confirmed superseded, archived, backup, deprecated, or generated old version",2026-07-12T15:14:55.088097+00:00,deleted
/Users/tstakuma/Desktop/github/research/99_quarantine/unused_generated/presentation_revision/revised_preview/979_20260711_v16_slide_16_layout.json,d57673266ba48d6bf87bb4f3f5ef8da7e7a390f961b1cf56f8f852e056b68011,49592,2026-07-11T00:57:11.845463,??,current active artifact or regenerating source; quarantine copy not retained,"confirmed superseded, archived, backup, deprecated, or generated old version",2026-07-12T15:14:55.088097+00:00,deleted
/Users/tstakuma/Desktop/github/research/99_quarantine/unused_generated/presentation_revision/revised_preview/962_20260711_v16_slide_07.png,ff479d038c4e7cf4863eed3a23deee2bcca17077ce64eea54b24fab598933372,123683,2026-07-11T00:57:10.971571,??,current active artifact or regenerating source; quarantine copy not retained,"confirmed superseded, archived, backup, deprecated, or generated old version",2026-07-12T15:14:55.088097+00:00,deleted
/Users/tstakuma/Desktop/github/research/99_quarantine/unused_generated/presentation_revision/revised_preview/972_20260711_v16_slide_12.png,5d7710d6d53a29afc531bb7272abd14eae74707b9fcff8027ec89be65ddf941f,79238,2026-07-11T00:57:11.424346,??,current active artifact or regenerating source; quarantine copy not retained,"confirmed superseded, archived, backup, deprecated, or generated old version",2026-07-12T15:14:55.088097+00:00,deleted
/Users/tstakuma/Desktop/github/research/99_quarantine/unused_generated/presentation_revision/revised_preview/966_20260711_v16_slide_09.png,4b3596531ef0875d07219e6e56d6afc7532f72eaf382bf6c5aefe44941a8753d,79593,2026-07-11T00:57:11.183558,??,current active artifact or regenerating source; quarantine copy not retained,"confirmed superseded, archived, backup, deprecated, or generated old version",2026-07-12T15:14:55.088097+00:00,deleted
/Users/tstakuma/Desktop/github/research/99_quarantine/unused_generated/presentation_revision/revised_preview/965_20260711_v16_slide_09_layout.json,bcffba93dc007489215910f21f18939853f2f10f9707a42bd1b652e1202aaff4,53698,2026-07-11T00:57:11.193290,??,current active artifact or regenerating source; quarantine copy not retained,"confirmed superseded, archived, backup, deprecated, or generated old version",2026-07-12T15:14:55.088097+00:00,deleted
/Users/tstakuma/Desktop/github/research/99_quarantine/unused_generated/presentation_revision/revised_preview/967_20260711_v16_slide_10_layout.json,1f2503837eddd349d26065a057e52cf1232d0bd568e8d71644204dd0da9d3a34,51195,2026-07-11T00:57:11.271679,??,current active artifact or regenerating source; quarantine copy not retained,"confirmed superseded, archived, backup, deprecated, or generated old version",2026-07-12T15:14:55.088097+00:00,deleted
/Users/tstakuma/Desktop/github/research/99_quarantine/unused_generated/presentation_revision/revised_preview/968_20260711_v16_slide_10.png,1e17d43f48f2ad9971344e94c4fff9ab9e5eb323158076a7f9f40a77a9c2d0fc,84347,2026-07-11T00:57:11.264051,??,current active artifact or regenerating source; quarantine copy not retained,"confirmed superseded, archived, backup, deprecated, or generated old version",2026-07-12T15:14:55.088097+00:00,deleted
/Users/tstakuma/Desktop/github/research/99_quarantine/unused_generated/presentation_revision/revised_preview/954_20260711_v16_slide_03.png,0f6466aaca394a4bb8b0bda2beb7366c36d0892d656f045c4d4af443ab950348,87581,2026-07-11T00:57:09.449031,??,current active artifact or regenerating source; quarantine copy not retained,"confirmed superseded, archived, backup, deprecated, or generated old version",2026-07-12T15:14:55.088097+00:00,deleted
/Users/tstakuma/Desktop/github/research/99_quarantine/unused_generated/presentation_revision/revised_preview/961_20260711_v16_slide_07_layout.json,61eadc9390a7062d6ebb315d6eb209f8353bda01b4f09805c64cce0848c8e7ab,30419,2026-07-11T00:57:10.980346,??,current active artifact or regenerating source; quarantine copy not retained,"confirmed superseded, archived, backup, deprecated, or generated old version",2026-07-12T15:14:55.088097+00:00,deleted
/Users/tstakuma/Desktop/github/research/99_quarantine/unused_generated/presentation_revision/revised_preview/960_20260711_v16_slide_06.png,b840e6ca2af059c52f6aeee47d7bd4ce17a26754979e25e8be5031f7fa7a7d97,82674,2026-07-11T00:57:10.820250,??,current active artifact or regenerating source; quarantine copy not retained,"confirmed superseded, archived, backup, deprecated, or generated old version",2026-07-12T15:14:55.088097+00:00,deleted
/Users/tstakuma/Desktop/github/research/05_src/literature_analysis/make_srl_qrl_requirement_evidence_network.py,36e71ffb9c44e3d6d936b3b886f7eedee4479066d575d4283eae80f6a0a9fe37,47039,2026-07-12T04:53:49.767645,??,05_src/literature_analysis/make_srl_qrl_requirement_evidence_network_v2.py,"confirmed superseded, archived, backup, deprecated, or generated old version",2026-07-12T15:14:55.088097+00:00,deleted
/Users/tstakuma/Desktop/github/research/06_outputs/figures/active/circuit_width/reported_circuit_width_by_instance.pdf,59e10a27ea28d04859f3e68946e9a0a483abbaf7078b9bf3ba271c22e3229bc3,45626,2026-07-11T20:39:25.514207,??,same-directory full_revised or slide_revised artifact,"confirmed superseded, archived, backup, deprecated, or generated old version",2026-07-12T15:14:55.088097+00:00,deleted
/Users/tstakuma/Desktop/github/research/06_outputs/figures/active/circuit_width/reported_circuit_width_by_instance.png,dbd0f2988ec254f287697b6fe9ff7de81b51541b9cf30251b65388be186d1aa4,1137309,2026-07-11T20:39:25.116642,??,same-directory full_revised or slide_revised artifact,"confirmed superseded, archived, backup, deprecated, or generated old version",2026-07-12T15:14:55.088097+00:00,deleted
/Users/tstakuma/Desktop/github/research/06_outputs/figures/active/circuit_width/reported_circuit_width_by_instance.svg,1e29a4c28fc04f5815394d216d0c2a20ca68032bca82da247b91aa02d543a406,117932,2026-07-11T20:39:25.197441,??,same-directory full_revised or slide_revised artifact,"confirmed superseded, archived, backup, deprecated, or generated old version",2026-07-12T15:14:55.088097+00:00,deleted
/Users/tstakuma/Desktop/github/research/06_outputs/figures/active/circuit_width/reported_circuit_width_by_instance_slide.png,e1cd2fc6542f5ac46b5117d89e035791be37da4ab69f873dcebd95f61b2e36d5,277487,2026-07-11T20:54:15.224794,??,same-directory full_revised or slide_revised artifact,"confirmed superseded, archived, backup, deprecated, or generated old version",2026-07-12T15:14:55.088097+00:00,deleted
/Users/tstakuma/Desktop/github/research/06_outputs/figures/active/circuit_width/reported_circuit_width_by_instance_slide.svg,0ac31366f5a690bab23e2dcc1d0ce58cb346701629691bde5cc2d023f8c8c5dc,12680,2026-07-11T20:54:15.253818,??,same-directory full_revised or slide_revised artifact,"confirmed superseded, archived, backup, deprecated, or generated old version",2026-07-12T15:14:55.088097+00:00,deleted
