file,kind,sha256,bytes,current_use,profile_scope
03_data/processed/traffic_simulation/demand/.gitkeep,data/artifact,01ba4719c80b6fe911b091a7c05124b64eeece964e09c058ef8f9805daca546b,1,CANDIDATE_SAVED_SYNTHETIC_OR_SOURCE_STATISTIC,BYTE_INVENTORY_METADATA
03_data/processed/traffic_simulation/demand/household_parcel_v1/additional/catalog.csv,data/artifact,299f10e23558342f2be07c6ef396fad2feb2feb2bf6b43e17600e6c571f410d0,7529,CANDIDATE_SAVED_SYNTHETIC_OR_SOURCE_STATISTIC,FULL_TABULAR
03_data/processed/traffic_simulation/demand/household_parcel_v1/additional/region.csv,data/artifact,8e95b970c9725637ebe840ddad3b147b48beb5e895c2a6e21f81c0f8977d5bba,34714,CANDIDATE_SAVED_SYNTHETIC_OR_SOURCE_STATISTIC,FULL_TABULAR
03_data/processed/traffic_simulation/demand/household_parcel_v1/additional/ss515.csv,data/artifact,074342f3e6e5a5aa992393fd8de744747ff914d8acd2643e452e0c0f9898c443,1077,CANDIDATE_SAVED_SYNTHETIC_OR_SOURCE_STATISTIC,FULL_TABULAR
03_data/processed/traffic_simulation/demand/household_parcel_v1/additional/ss523.csv,data/artifact,daf1659867cd062fb7bd90d71373dfa11f50ed19803bdcab62c117bafe8d8a44,22289,CANDIDATE_SAVED_SYNTHETIC_OR_SOURCE_STATISTIC,FULL_TABULAR
03_data/processed/traffic_simulation/demand/household_parcel_v1/additional/ss531.csv,data/artifact,7c6d1c82ed67fbccf401784ea52766e3ec0353007d13608eea9f79a1f8d9bc9c,24939,CANDIDATE_SAVED_SYNTHETIC_OR_SOURCE_STATISTIC,FULL_TABULAR
03_data/processed/traffic_simulation/demand/household_parcel_v1/additional/ss532.csv,data/artifact,710eba8ce6af0cff023cd6c104bd673a9fec6a92a4addc975e6f0008eee6bd09,83642,CANDIDATE_SAVED_SYNTHETIC_OR_SOURCE_STATISTIC,FULL_TABULAR
03_data/processed/traffic_simulation/demand/household_parcel_v1/additional/ss534.csv,data/artifact,9f8416967d9d7d7177bf4f8c14e406ad150766f53306e43c51ef893a414445a5,6262,CANDIDATE_SAVED_SYNTHETIC_OR_SOURCE_STATISTIC,FULL_TABULAR
03_data/processed/traffic_simulation/demand/household_parcel_v1/additional/ss535.csv,data/artifact,4f5fe2dee1bf6f11815ab47ceb7b01a449089d1c23bb1a0063cf8756f35a614f,2957,CANDIDATE_SAVED_SYNTHETIC_OR_SOURCE_STATISTIC,FULL_TABULAR
03_data/processed/traffic_simulation/demand/household_parcel_v1/household_delivery_frequency.csv,data/artifact,4fafc4f0a4a7ea57500b2d1532bfb10a3d987ce81c1fdc5ffc588f388cdb0938,1383,CANDIDATE_SAVED_SYNTHETIC_OR_SOURCE_STATISTIC,FULL_TABULAR
03_data/processed/traffic_simulation/demand/household_parcel_v1/household_type_delivery_frequency.csv,data/artifact,f350715699ed837039f43a05272dfa69a2838fcf206b900c9bb7df3ac45982cf,7202,CANDIDATE_SAVED_SYNTHETIC_OR_SOURCE_STATISTIC,FULL_TABULAR
03_data/processed/traffic_simulation/demand/household_parcel_v1/household_type_delivery_time.csv,data/artifact,2787a52a6e107a927606f4fd8c37684ff21ac50bfbfadb672df860f1643d383e,2407336,CANDIDATE_SAVED_SYNTHETIC_OR_SOURCE_STATISTIC,FULL_TABULAR
03_data/processed/traffic_simulation/demand/household_parcel_v1/housing_delivery_environment.csv,data/artifact,4d47bcbafd082ae0f9556cdabce606faa3b5ea39690e5f02a9e62de616f3b14f,36305,CANDIDATE_SAVED_SYNTHETIC_OR_SOURCE_STATISTIC,FULL_TABULAR
03_data/processed/traffic_simulation/demand/household_parcel_v1/packages_per_delivery.csv,data/artifact,c7957b6e802d20b16f0ae00699f2f3a91e375fe718b3a4a265b99acad136da15,1050,CANDIDATE_SAVED_SYNTHETIC_OR_SOURCE_STATISTIC,FULL_TABULAR
03_data/processed/traffic_simulation/demand/household_parcel_v1/pipelines_v1/building_delivery_stops.csv,data/artifact,4c31c7a2f82babe33febbc115a1a422cebf304c6814a2264c7c3efcf403365fa,111,HISTORICAL_UNRESOLVED_NOT_SCOPED_PRIMARY,FULL_TABULAR
03_data/processed/traffic_simulation/demand/household_parcel_v1/pipelines_v1/building_delivery_stops.parquet,data/artifact,332ddd41dd3c80a621ef1e424ba64ac263da819ab72ebd9a17f83ac123657dfb,2015559,CANDIDATE_SAVED_SYNTHETIC_OR_SOURCE_STATISTIC,FULL_TABULAR
03_data/processed/traffic_simulation/demand/household_parcel_v1/pipelines_v1/building_delivery_stops_scoped.csv,data/artifact,fcfca5cb87bc482f1d98306c98823773e872f200c58ecb9090aa12985e3e80e0,9168049,CANDIDATE_SAVED_SYNTHETIC_OR_SOURCE_STATISTIC,FULL_TABULAR
03_data/processed/traffic_simulation/demand/household_parcel_v1/pipelines_v1/daily_requests.csv,data/artifact,4bb78cf27b2a3e9a0648cca39266cb06de4dee0789febed9cd74b61a8e4c2f99,10051846,CANDIDATE_SAVED_SYNTHETIC_OR_SOURCE_STATISTIC,FULL_TABULAR
03_data/processed/traffic_simulation/demand/household_parcel_v1/pipelines_v1/household_building_assignment.csv,data/artifact,ca9a59ba2aeda4331c022fc8ffab6489d2defc92168d55bcdab5c84c46393c7f,33567569,HISTORICAL_UNRESOLVED_NOT_SCOPED_PRIMARY,FULL_TABULAR
03_data/processed/traffic_simulation/demand/household_parcel_v1/pipelines_v1/household_building_assignment.parquet,data/artifact,659316929505f07fba1e31e9a8261ea8cb0319f7073a24f98637f9b860c9d935,3618978,CANDIDATE_SAVED_SYNTHETIC_OR_SOURCE_STATISTIC,FULL_TABULAR
03_data/processed/traffic_simulation/demand/household_parcel_v1/pipelines_v1/household_building_assignment_scoped.csv,data/artifact,a9f110ddbebf9d7fa40934c06b1b40e4b149175171b8c471e3603022cd6eeae6,64840141,CANDIDATE_SAVED_SYNTHETIC_OR_SOURCE_STATISTIC,FULL_TABULAR
03_data/processed/traffic_simulation/demand/household_parcel_v1/pipelines_v1/household_daily_expected_demand.csv,data/artifact,b011f352fdc3b2aa4b3365e785e356c4ca49b6db8687d2b8d094ffb33c868589,57984226,CANDIDATE_SAVED_SYNTHETIC_OR_SOURCE_STATISTIC,FULL_TABULAR
03_data/processed/traffic_simulation/demand/household_parcel_v1/pipelines_v1/housing_type_assignment.parquet,data/artifact,06dc52f7adec9806407491835e71239318ee99eb1c327798e193e124fa59a0c6,2003167,CANDIDATE_SAVED_SYNTHETIC_OR_SOURCE_STATISTIC,FULL_TABULAR
03_data/processed/traffic_simulation/demand/household_parcel_v1/pipelines_v1/pipeline_run_summary.json,data/artifact,7cbcc67664e1b9c3bf3c20e418fe4e6875335da1491555dc05aec56bd32d50c4,934,CANDIDATE_SAVED_SYNTHETIC_OR_SOURCE_STATISTIC,BYTE_INVENTORY_METADATA
03_data/processed/traffic_simulation/demand/household_parcel_v1/pipelines_v1/plateau_residential_building_candidates.csv,data/artifact,de61a44c89544308b3aa0a689e3f6d3fd6e64cbae9225d7c86c7f654c88cb4cc,36907751,HISTORICAL_UNRESOLVED_NOT_SCOPED_PRIMARY,FULL_TABULAR
03_data/processed/traffic_simulation/demand/household_parcel_v1/pipelines_v1/relative_parcel_propensity.csv,data/artifact,4cde64f3590ac4a1841a8bf45812d3eb753142a53e73346913242b6c81f20e5c,881,CANDIDATE_SAVED_SYNTHETIC_OR_SOURCE_STATISTIC,FULL_TABULAR
03_data/processed/traffic_simulation/demand/household_parcel_v1/pipelines_v1/request_building_mapping.csv,data/artifact,bdbb2b2c25c2a64f7fe0f6e4b89fa812a02d152d7cdbd10f17b34ce3601f88e4,12438316,CANDIDATE_SAVED_SYNTHETIC_OR_SOURCE_STATISTIC,FULL_TABULAR
03_data/processed/traffic_simulation/demand/household_parcel_v1/pipelines_v1/request_building_mapping.parquet,data/artifact,b6d4d262b6c037b4229b858e24d70beb0320573fce52c20520d2ae55b0ea29e0,1293044,CANDIDATE_SAVED_SYNTHETIC_OR_SOURCE_STATISTIC,FULL_TABULAR
03_data/processed/traffic_simulation/demand/household_parcel_v1/pipelines_v1/stop_generation_chocho_summary.csv,data/artifact,96150678bb65f4e236191545e0e079e5a4a1f31998709441fd525261c67bd325,2940,CANDIDATE_SAVED_SYNTHETIC_OR_SOURCE_STATISTIC,FULL_TABULAR
03_data/processed/traffic_simulation/demand/household_parcel_v1/pipelines_v1/stop_generation_run_summary.json,data/artifact,9d4b087462f17897524878d15a6db842efb34f583e02c2f9b120517e1be6c47a,2150,CANDIDATE_SAVED_SYNTHETIC_OR_SOURCE_STATISTIC,BYTE_INVENTORY_METADATA
03_data/processed/traffic_simulation/demand/household_parcel_v1/pipelines_v1/synthetic_households.csv,data/artifact,fbb7ace4fa84e927898088885db727576cf3b33490562ca43928fbd1470f69be,39486132,CANDIDATE_SAVED_SYNTHETIC_OR_SOURCE_STATISTIC,FULL_TABULAR
03_data/processed/traffic_simulation/demand/household_parcel_v1/pipelines_v1/synthetic_households_with_housing_type.csv,data/artifact,1739aa4723c888861eef7765fda8d65b152ea306570c759e847ac6232845bc78,60472266,CANDIDATE_SAVED_SYNTHETIC_OR_SOURCE_STATISTIC,FULL_TABULAR
03_data/processed/traffic_simulation/demand/household_parcel_v1/regional_delivery_frequency.csv,data/artifact,00b81a3eae7f81a1752b41fce60e2755a8a8a3607a2eaa8a91621cbb6f38e92a,2412,CANDIDATE_SAVED_SYNTHETIC_OR_SOURCE_STATISTIC,FULL_TABULAR
03_data/processed/traffic_simulation/demand/ota_ward_baseline_demand_2024_500m.parquet,data/artifact,e7caeb262665ba3396834bb54e2dff296b3cbbd02af6922e906eb683829f5048,57463,CANDIDATE_SAVED_SYNTHETIC_OR_SOURCE_STATISTIC,FULL_TABULAR
03_data/processed/traffic_simulation/demand/receipt_experience_sensitivity_20260831/candidate_stop_summary.csv,data/artifact,4f095063118bc050e24b50d06ef2f4d538a56db5e2a39686b479a38710790f60,1181,SAVED_SENSITIVITY_VARIANT_NOT_PRIMARY,FULL_TABULAR
03_data/processed/traffic_simulation/demand/receipt_experience_sensitivity_20260831/chocho_demand.csv,data/artifact,69812fa440ef2b2adb44af9862ca84bc67fd03c56b8924c8a0ed629d5128aabd,121668,SAVED_SENSITIVITY_VARIANT_NOT_PRIMARY,FULL_TABULAR
03_data/processed/traffic_simulation/demand/receipt_experience_sensitivity_20260831/household_rate_analytical_range.csv,data/artifact,2dc79fbcc0f007edcc0bbbb58c2024ad27fc750d1dac007e85d12ce663f59b52,1051,SAVED_SENSITIVITY_VARIANT_NOT_PRIMARY,FULL_TABULAR
03_data/processed/traffic_simulation/demand/receipt_experience_sensitivity_20260831/household_size_class_demand.csv,data/artifact,951b2a6b8b8bcdac02af1a188463eabeeefe037c277ee125abf4f4964c8e5568,3709,SAVED_SENSITIVITY_VARIANT_NOT_PRIMARY,FULL_TABULAR
03_data/processed/traffic_simulation/demand/receipt_experience_sensitivity_20260831/household_size_distribution.csv,data/artifact,49a5d8f3ef521fce711aac9ae3e53fd780545c1a009f353b30b684893f52d9d4,453,SAVED_SENSITIVITY_VARIANT_NOT_PRIMARY,FULL_TABULAR
03_data/processed/traffic_simulation/demand/receipt_experience_sensitivity_20260831/scenario0_current_v1_candidate_stops.parquet,data/artifact,9a498cd5703ebc7f947d4b6d6dd874b38e5d0b8bab0e3ec6cdcad5a5ea78f48c,338951,SAVED_SENSITIVITY_VARIANT_NOT_PRIMARY,FULL_TABULAR
03_data/processed/traffic_simulation/demand/receipt_experience_sensitivity_20260831/scenario0_current_v1_daily_requests.csv,data/artifact,72585bef3c199f1df7ab5229f13ca8dda72dd27377fad2b84445be8e5912fbbb,8023976,SAVED_SENSITIVITY_VARIANT_NOT_PRIMARY,FULL_TABULAR
03_data/processed/traffic_simulation/demand/receipt_experience_sensitivity_20260831/scenario0_current_v1_household_demand.parquet,data/artifact,dbd5f2d37fd111ea3f12c4bfb9fc786415ae75bd4b862abf1890fb70020bb781,2012038,SAVED_SENSITIVITY_VARIANT_NOT_PRIMARY,FULL_TABULAR
03_data/processed/traffic_simulation/demand/receipt_experience_sensitivity_20260831/scenario1_uniform_p006_independence_candidate_stops.parquet,data/artifact,dd7119c0919d1c6a6074a73e9562bc47f383d5bc7568fc424bb3d9e1055d8014,339026,SAVED_SENSITIVITY_VARIANT_NOT_PRIMARY,FULL_TABULAR
03_data/processed/traffic_simulation/demand/receipt_experience_sensitivity_20260831/scenario1_uniform_p006_independence_daily_requests.csv,data/artifact,72585bef3c199f1df7ab5229f13ca8dda72dd27377fad2b84445be8e5912fbbb,8023976,SAVED_SENSITIVITY_VARIANT_NOT_PRIMARY,FULL_TABULAR
03_data/processed/traffic_simulation/demand/receipt_experience_sensitivity_20260831/scenario1_uniform_p006_independence_household_demand.parquet,data/artifact,0a01822a6062821c945ad75367f02810524ee2bcbddc5cf26a7cda005dccec7f,2012038,SAVED_SENSITIVITY_VARIANT_NOT_PRIMARY,FULL_TABULAR
03_data/processed/traffic_simulation/demand/receipt_experience_sensitivity_20260831/scenario1_uniform_p006_perfect_correlation_candidate_stops.parquet,data/artifact,26a5f2fe561a13c431c4745bb00317d2f759f4efa167b73bd66342d2c7e28682,339061,SAVED_SENSITIVITY_VARIANT_NOT_PRIMARY,FULL_TABULAR
03_data/processed/traffic_simulation/demand/receipt_experience_sensitivity_20260831/scenario1_uniform_p006_perfect_correlation_daily_requests.csv,data/artifact,72585bef3c199f1df7ab5229f13ca8dda72dd27377fad2b84445be8e5912fbbb,8023976,SAVED_SENSITIVITY_VARIANT_NOT_PRIMARY,FULL_TABULAR
03_data/processed/traffic_simulation/demand/receipt_experience_sensitivity_20260831/scenario1_uniform_p006_perfect_correlation_household_demand.parquet,data/artifact,535c0dd846ef214d2403255d246eb26be8a94715132754114da624a6e35cfeb7,2012038,SAVED_SENSITIVITY_VARIANT_NOT_PRIMARY,FULL_TABULAR
03_data/processed/traffic_simulation/demand/receipt_experience_sensitivity_20260831/scenario1_uniform_p010_independence_candidate_stops.parquet,data/artifact,a89d756df4625d7af6916c4487d4eb642fe7c7b54f091a48829c806328be540c,339026,SAVED_SENSITIVITY_VARIANT_NOT_PRIMARY,FULL_TABULAR
03_data/processed/traffic_simulation/demand/receipt_experience_sensitivity_20260831/scenario1_uniform_p010_independence_daily_requests.csv,data/artifact,72585bef3c199f1df7ab5229f13ca8dda72dd27377fad2b84445be8e5912fbbb,8023976,SAVED_SENSITIVITY_VARIANT_NOT_PRIMARY,FULL_TABULAR
03_data/processed/traffic_simulation/demand/receipt_experience_sensitivity_20260831/scenario1_uniform_p010_independence_household_demand.parquet,data/artifact,9b475cb55549c395f2091bb8e9cdec0a6a5330451fdeb6c90fd7a6b72aed4112,2012038,SAVED_SENSITIVITY_VARIANT_NOT_PRIMARY,FULL_TABULAR
03_data/processed/traffic_simulation/demand/receipt_experience_sensitivity_20260831/scenario1_uniform_p010_perfect_correlation_candidate_stops.parquet,data/artifact,0ad2350788cbb1a06d4ec3a0b1fddd21d9bcb7eca3db1661ca33738e61b213f6,339061,SAVED_SENSITIVITY_VARIANT_NOT_PRIMARY,FULL_TABULAR
03_data/processed/traffic_simulation/demand/receipt_experience_sensitivity_20260831/scenario1_uniform_p010_perfect_correlation_daily_requests.csv,data/artifact,72585bef3c199f1df7ab5229f13ca8dda72dd27377fad2b84445be8e5912fbbb,8023976,SAVED_SENSITIVITY_VARIANT_NOT_PRIMARY,FULL_TABULAR
03_data/processed/traffic_simulation/demand/receipt_experience_sensitivity_20260831/scenario1_uniform_p010_perfect_correlation_household_demand.parquet,data/artifact,765b56e63f6dceabc4a47a11e520e78cf5e809cbe94d9c48310fb1f32ea1fcb9,2012038,SAVED_SENSITIVITY_VARIANT_NOT_PRIMARY,FULL_TABULAR
03_data/processed/traffic_simulation/demand/receipt_experience_sensitivity_20260831/scenario2_size_p006_independence_candidate_stops.parquet,data/artifact,17f32afe249ba05ab7d3f45875a9ce72a04b53f55d473d453f10b760ce326ae7,340010,SAVED_SENSITIVITY_VARIANT_NOT_PRIMARY,FULL_TABULAR
03_data/processed/traffic_simulation/demand/receipt_experience_sensitivity_20260831/scenario2_size_p006_independence_daily_requests.csv,data/artifact,082e56f25be499b162f498b75e2d78ef84e191304fb89fdf1dd882edd7ad4d2d,8022534,SAVED_SENSITIVITY_VARIANT_NOT_PRIMARY,FULL_TABULAR
03_data/processed/traffic_simulation/demand/receipt_experience_sensitivity_20260831/scenario2_size_p006_independence_household_demand.parquet,data/artifact,b00bc7e7eab96b7de43c1aa907f95cd60084a159a10c08f8a3f74d6e8a1b7fb8,2016167,SAVED_SENSITIVITY_VARIANT_NOT_PRIMARY,FULL_TABULAR
03_data/processed/traffic_simulation/demand/receipt_experience_sensitivity_20260831/scenario2_size_p006_perfect_correlation_candidate_stops.parquet,data/artifact,5097648a4f0b6795c8e6d0077dda949a4b81d7c3e6c89440f404793bda94dda5,339046,SAVED_SENSITIVITY_VARIANT_NOT_PRIMARY,FULL_TABULAR
03_data/processed/traffic_simulation/demand/receipt_experience_sensitivity_20260831/scenario2_size_p006_perfect_correlation_daily_requests.csv,data/artifact,72585bef3c199f1df7ab5229f13ca8dda72dd27377fad2b84445be8e5912fbbb,8023976,SAVED_SENSITIVITY_VARIANT_NOT_PRIMARY,FULL_TABULAR
03_data/processed/traffic_simulation/demand/receipt_experience_sensitivity_20260831/scenario2_size_p006_perfect_correlation_household_demand.parquet,data/artifact,535c0dd846ef214d2403255d246eb26be8a94715132754114da624a6e35cfeb7,2012038,SAVED_SENSITIVITY_VARIANT_NOT_PRIMARY,FULL_TABULAR
03_data/processed/traffic_simulation/demand/receipt_experience_sensitivity_20260831/scenario2_size_p010_independence_candidate_stops.parquet,data/artifact,f9e07228711091c921944fcded95a53be5cea6effb6a023c4bc1674e8f7d50ef,338714,SAVED_SENSITIVITY_VARIANT_NOT_PRIMARY,FULL_TABULAR
03_data/processed/traffic_simulation/demand/receipt_experience_sensitivity_20260831/scenario2_size_p010_independence_daily_requests.csv,data/artifact,90ea9c4e985e4b6b1b20f53f67a0a624d29d5ea53433da9c4eb1289b13131abd,8021276,SAVED_SENSITIVITY_VARIANT_NOT_PRIMARY,FULL_TABULAR
03_data/processed/traffic_simulation/demand/receipt_experience_sensitivity_20260831/scenario2_size_p010_independence_household_demand.parquet,data/artifact,eba5e0f73797ebb4afb825da2a3127d33236f74c50ba1f67490d78e7f2257d39,2016037,SAVED_SENSITIVITY_VARIANT_NOT_PRIMARY,FULL_TABULAR
03_data/processed/traffic_simulation/demand/receipt_experience_sensitivity_20260831/scenario2_size_p010_perfect_correlation_candidate_stops.parquet,data/artifact,b9bd518f33d5478379cdd5c8acfd8590e2b087e1c03c97eab77d40435f8ecd01,339046,SAVED_SENSITIVITY_VARIANT_NOT_PRIMARY,FULL_TABULAR
03_data/processed/traffic_simulation/demand/receipt_experience_sensitivity_20260831/scenario2_size_p010_perfect_correlation_daily_requests.csv,data/artifact,72585bef3c199f1df7ab5229f13ca8dda72dd27377fad2b84445be8e5912fbbb,8023976,SAVED_SENSITIVITY_VARIANT_NOT_PRIMARY,FULL_TABULAR
03_data/processed/traffic_simulation/demand/receipt_experience_sensitivity_20260831/scenario2_size_p010_perfect_correlation_household_demand.parquet,data/artifact,765b56e63f6dceabc4a47a11e520e78cf5e809cbe94d9c48310fb1f32ea1fcb9,2012038,SAVED_SENSITIVITY_VARIANT_NOT_PRIMARY,FULL_TABULAR
03_data/processed/traffic_simulation/demand/receipt_experience_sensitivity_20260831/scenario_summary.csv,data/artifact,c82573feeac14489e0c69c42b0db7260ebcf2727b644950e901b7d50724c8b86,2793,SAVED_SENSITIVITY_VARIANT_NOT_PRIMARY,FULL_TABULAR
03_data/processed/traffic_simulation/demand/receipt_experience_sensitivity_20260831/validation_report.json,data/artifact,d1043db57efbf664a21687e1e9ab0a7ccdae7137e03ba0825470dad06ae0a01c,1391,SAVED_SENSITIVITY_VARIANT_NOT_PRIMARY,BYTE_INVENTORY_METADATA
reproducibility/outputs/traffic_simulation/demand/candidate_validation/20260909_r03_edge_mapping/candidate_delivery_edge_connections.csv,data/artifact,226ff0d1ae91f08ea872cd99a3da5092fee19cf99259f7da81db79135762df7a,7081464,CANDIDATE_SAVED_SYNTHETIC_OR_SOURCE_STATISTIC,FULL_TABULAR
reproducibility/outputs/traffic_simulation/demand/candidate_validation/20260909_r03_edge_mapping/candidate_validation_manifest.json,data/artifact,c99d877a255f58433a642a4ac88854d2af02f1879579631360c46f1221bd986f,1351,CANDIDATE_SAVED_SYNTHETIC_OR_SOURCE_STATISTIC,BYTE_INVENTORY_METADATA
reproducibility/outputs/traffic_simulation/demand/evrp_r04_demand_weight/20260909_r04_demand_weight/candidate_demand_weights.csv,data/artifact,e8cfa7b2af3ff176b54e4ac2775089de3edf4900a823e5499e508aba6c30bdab,12603943,HISTORICAL_FIXTURE_OR_ROUTING_EVIDENCE_CONDITIONAL_REUSE,FULL_TABULAR
reproducibility/outputs/traffic_simulation/demand/evrp_r04_demand_weight/20260909_r04_demand_weight/mesh_weight_summary.csv,data/artifact,3a9fd5d2f92ff4570d8dfd3b33ec1695afdaa942d51cf2d1b74f04c87bb2c3a1,797689,HISTORICAL_FIXTURE_OR_ROUTING_EVIDENCE_CONDITIONAL_REUSE,FULL_TABULAR
reproducibility/outputs/traffic_simulation/demand/evrp_r04_demand_weight/20260909_r04_demand_weight/r04_weight_manifest.json,data/artifact,49e54832b3c15326ca5ccd186b20e71fa3e5a0e1335e7659cc45b9497d1fdd2d,2707,HISTORICAL_FIXTURE_OR_ROUTING_EVIDENCE_CONDITIONAL_REUSE,BYTE_INVENTORY_METADATA
reproducibility/outputs/traffic_simulation/demand/evrp_r04_demand_weight/20260909_r04_demand_weight/r04_weight_validation.json,data/artifact,bd984749aa2c24b0f15d398ca8f35fc3185ae6d192973b72aea20356c5751cce,671,HISTORICAL_FIXTURE_OR_ROUTING_EVIDENCE_CONDITIONAL_REUSE,BYTE_INVENTORY_METADATA
reproducibility/outputs/traffic_simulation/demand/evrp_r04_demand_weight/20260909_r04_demand_weight_v2/candidate_demand_weights.csv,data/artifact,e7694dd7461ae048d1de9289408faa91f6d3924defaf06b15b09341e38842ad8,12961005,HISTORICAL_FIXTURE_OR_ROUTING_EVIDENCE_CONDITIONAL_REUSE,FULL_TABULAR
reproducibility/outputs/traffic_simulation/demand/evrp_r04_demand_weight/20260909_r04_demand_weight_v2/mesh_weight_summary.csv,data/artifact,3a9fd5d2f92ff4570d8dfd3b33ec1695afdaa942d51cf2d1b74f04c87bb2c3a1,797689,HISTORICAL_FIXTURE_OR_ROUTING_EVIDENCE_CONDITIONAL_REUSE,FULL_TABULAR
reproducibility/outputs/traffic_simulation/demand/evrp_r04_demand_weight/20260909_r04_demand_weight_v2/r04_weight_manifest.json,data/artifact,df74bc07ea00beba2bd3a1250c39a181ae314b591a073d1436eee420dc2033d7,2861,HISTORICAL_FIXTURE_OR_ROUTING_EVIDENCE_CONDITIONAL_REUSE,BYTE_INVENTORY_METADATA
reproducibility/outputs/traffic_simulation/demand/evrp_r04_demand_weight/20260909_r04_demand_weight_v2/r04_weight_validation.json,data/artifact,4ca35d3dd9b68653d006751bc3489c6f5694781a403722c2860ec4f2261ee557,807,HISTORICAL_FIXTURE_OR_ROUTING_EVIDENCE_CONDITIONAL_REUSE,BYTE_INVENTORY_METADATA
reproducibility/outputs/traffic_simulation/demand/evrp_r04_demand_weight/20260909_r04_demand_weight_v3/candidate_demand_weights.csv,data/artifact,e7694dd7461ae048d1de9289408faa91f6d3924defaf06b15b09341e38842ad8,12961005,HISTORICAL_FIXTURE_OR_ROUTING_EVIDENCE_CONDITIONAL_REUSE,FULL_TABULAR
reproducibility/outputs/traffic_simulation/demand/evrp_r04_demand_weight/20260909_r04_demand_weight_v3/mesh_weight_summary.csv,data/artifact,3a9fd5d2f92ff4570d8dfd3b33ec1695afdaa942d51cf2d1b74f04c87bb2c3a1,797689,HISTORICAL_FIXTURE_OR_ROUTING_EVIDENCE_CONDITIONAL_REUSE,FULL_TABULAR
reproducibility/outputs/traffic_simulation/demand/evrp_r04_demand_weight/20260909_r04_demand_weight_v3/r04_weight_manifest.json,data/artifact,9d79879b323239ece5f9c8d8cadf8d18fcef85e141728675c078d14d8722fd29,2919,HISTORICAL_FIXTURE_OR_ROUTING_EVIDENCE_CONDITIONAL_REUSE,BYTE_INVENTORY_METADATA
reproducibility/outputs/traffic_simulation/demand/evrp_r04_demand_weight/20260909_r04_demand_weight_v3/r04_weight_validation.json,data/artifact,3cdc6be4175747bb0265cbf72d2efdedcd8108dd06b4fb4f831e1f8e7a23c203,863,HISTORICAL_FIXTURE_OR_ROUTING_EVIDENCE_CONDITIONAL_REUSE,BYTE_INVENTORY_METADATA
reproducibility/outputs/traffic_simulation/demand/evrp_r05_pps_sampling/20260909_r05_pps_n10_seed20260909/candidate_population_order.csv,data/artifact,36d51776df4cce64c7cbf7915b3ff4b957ab9b0793a34b31573e0a759d33b2ab,2810307,HISTORICAL_FIXTURE_OR_ROUTING_EVIDENCE_CONDITIONAL_REUSE,FULL_TABULAR
reproducibility/outputs/traffic_simulation/demand/evrp_r05_pps_sampling/20260909_r05_pps_n10_seed20260909/customer_ids.csv,data/artifact,a3307ac024c639b2690b120d11cd163abbbf83820428d090abb09fa18b0e4d0e,527,HISTORICAL_FIXTURE_OR_ROUTING_EVIDENCE_CONDITIONAL_REUSE,FULL_TABULAR
reproducibility/outputs/traffic_simulation/demand/evrp_r05_pps_sampling/20260909_r05_pps_n10_seed20260909/r05_sampling_validation.json,data/artifact,88b40d906775753e73c6d99eeff0dd8f7ebf51b8f752c2b5c1ac4a0ec5e5d752,259,HISTORICAL_FIXTURE_OR_ROUTING_EVIDENCE_CONDITIONAL_REUSE,BYTE_INVENTORY_METADATA
reproducibility/outputs/traffic_simulation/demand/evrp_r05_pps_sampling/20260909_r05_pps_n10_seed20260909/sampling_draws.csv,data/artifact,23660d19c556c15ff141179f8ac2f33f46605a26643aaa2c88abb12d8ffb5241,1521,HISTORICAL_FIXTURE_OR_ROUTING_EVIDENCE_CONDITIONAL_REUSE,FULL_TABULAR
reproducibility/outputs/traffic_simulation/demand/evrp_r05_pps_sampling/20260909_r05_pps_n10_seed20260909/sampling_manifest.json,data/artifact,e520a7c35091bbfb4af957e050d8211bb4fa3733dc2480c24e9daafedfb6850e,2171,HISTORICAL_FIXTURE_OR_ROUTING_EVIDENCE_CONDITIONAL_REUSE,BYTE_INVENTORY_METADATA
reproducibility/outputs/traffic_simulation/demand/evrp_r05_pps_sampling/20260909_r05_pps_n10_seed20260909_final/candidate_population_order.csv,data/artifact,36d51776df4cce64c7cbf7915b3ff4b957ab9b0793a34b31573e0a759d33b2ab,2810307,HISTORICAL_FIXTURE_OR_ROUTING_EVIDENCE_CONDITIONAL_REUSE,FULL_TABULAR
reproducibility/outputs/traffic_simulation/demand/evrp_r05_pps_sampling/20260909_r05_pps_n10_seed20260909_final/customer_ids.csv,data/artifact,a3307ac024c639b2690b120d11cd163abbbf83820428d090abb09fa18b0e4d0e,527,HISTORICAL_FIXTURE_OR_ROUTING_EVIDENCE_CONDITIONAL_REUSE,FULL_TABULAR
reproducibility/outputs/traffic_simulation/demand/evrp_r05_pps_sampling/20260909_r05_pps_n10_seed20260909_final/r05_sampling_validation.json,data/artifact,88b40d906775753e73c6d99eeff0dd8f7ebf51b8f752c2b5c1ac4a0ec5e5d752,259,HISTORICAL_FIXTURE_OR_ROUTING_EVIDENCE_CONDITIONAL_REUSE,BYTE_INVENTORY_METADATA
reproducibility/outputs/traffic_simulation/demand/evrp_r05_pps_sampling/20260909_r05_pps_n10_seed20260909_final/sampling_draws.csv,data/artifact,23660d19c556c15ff141179f8ac2f33f46605a26643aaa2c88abb12d8ffb5241,1521,HISTORICAL_FIXTURE_OR_ROUTING_EVIDENCE_CONDITIONAL_REUSE,FULL_TABULAR
reproducibility/outputs/traffic_simulation/demand/evrp_r05_pps_sampling/20260909_r05_pps_n10_seed20260909_final/sampling_manifest.json,data/artifact,8dd63dd802a58150a810a159f87caa3fc3c0e53dd2a7ac8aaa4635d979ecb1d2,2444,HISTORICAL_FIXTURE_OR_ROUTING_EVIDENCE_CONDITIONAL_REUSE,BYTE_INVENTORY_METADATA
reproducibility/outputs/traffic_simulation/demand/evrp_r05_pps_sampling/20260909_r05_pps_n10_seed20260909_final_repeat/candidate_population_order.csv,data/artifact,36d51776df4cce64c7cbf7915b3ff4b957ab9b0793a34b31573e0a759d33b2ab,2810307,HISTORICAL_FIXTURE_OR_ROUTING_EVIDENCE_CONDITIONAL_REUSE,FULL_TABULAR
reproducibility/outputs/traffic_simulation/demand/evrp_r05_pps_sampling/20260909_r05_pps_n10_seed20260909_final_repeat/customer_ids.csv,data/artifact,a3307ac024c639b2690b120d11cd163abbbf83820428d090abb09fa18b0e4d0e,527,HISTORICAL_FIXTURE_OR_ROUTING_EVIDENCE_CONDITIONAL_REUSE,FULL_TABULAR
reproducibility/outputs/traffic_simulation/demand/evrp_r05_pps_sampling/20260909_r05_pps_n10_seed20260909_final_repeat/r05_sampling_validation.json,data/artifact,88b40d906775753e73c6d99eeff0dd8f7ebf51b8f752c2b5c1ac4a0ec5e5d752,259,HISTORICAL_FIXTURE_OR_ROUTING_EVIDENCE_CONDITIONAL_REUSE,BYTE_INVENTORY_METADATA
reproducibility/outputs/traffic_simulation/demand/evrp_r05_pps_sampling/20260909_r05_pps_n10_seed20260909_final_repeat/sampling_draws.csv,data/artifact,23660d19c556c15ff141179f8ac2f33f46605a26643aaa2c88abb12d8ffb5241,1521,HISTORICAL_FIXTURE_OR_ROUTING_EVIDENCE_CONDITIONAL_REUSE,FULL_TABULAR
reproducibility/outputs/traffic_simulation/demand/evrp_r05_pps_sampling/20260909_r05_pps_n10_seed20260909_final_repeat/sampling_manifest.json,data/artifact,02c4653d0a8667b055dd518fb0ffbd9d5800e954186a821b9235c7391d1bbded,2472,HISTORICAL_FIXTURE_OR_ROUTING_EVIDENCE_CONDITIONAL_REUSE,BYTE_INVENTORY_METADATA
reproducibility/outputs/traffic_simulation/demand/evrp_r05_pps_sampling/20260909_r05_pps_n10_seed20260909_repeat/candidate_population_order.csv,data/artifact,36d51776df4cce64c7cbf7915b3ff4b957ab9b0793a34b31573e0a759d33b2ab,2810307,HISTORICAL_FIXTURE_OR_ROUTING_EVIDENCE_CONDITIONAL_REUSE,FULL_TABULAR
reproducibility/outputs/traffic_simulation/demand/evrp_r05_pps_sampling/20260909_r05_pps_n10_seed20260909_repeat/customer_ids.csv,data/artifact,a3307ac024c639b2690b120d11cd163abbbf83820428d090abb09fa18b0e4d0e,527,HISTORICAL_FIXTURE_OR_ROUTING_EVIDENCE_CONDITIONAL_REUSE,FULL_TABULAR
reproducibility/outputs/traffic_simulation/demand/evrp_r05_pps_sampling/20260909_r05_pps_n10_seed20260909_repeat/r05_sampling_validation.json,data/artifact,88b40d906775753e73c6d99eeff0dd8f7ebf51b8f752c2b5c1ac4a0ec5e5d752,259,HISTORICAL_FIXTURE_OR_ROUTING_EVIDENCE_CONDITIONAL_REUSE,BYTE_INVENTORY_METADATA
reproducibility/outputs/traffic_simulation/demand/evrp_r05_pps_sampling/20260909_r05_pps_n10_seed20260909_repeat/sampling_draws.csv,data/artifact,23660d19c556c15ff141179f8ac2f33f46605a26643aaa2c88abb12d8ffb5241,1521,HISTORICAL_FIXTURE_OR_ROUTING_EVIDENCE_CONDITIONAL_REUSE,FULL_TABULAR
reproducibility/outputs/traffic_simulation/demand/evrp_r05_pps_sampling/20260909_r05_pps_n10_seed20260909_repeat/sampling_manifest.json,data/artifact,0c20fbd05ae119d3e0aab279ec64a477e4790005cfa2c2c39a562ef1825a9cd9,2199,HISTORICAL_FIXTURE_OR_ROUTING_EVIDENCE_CONDITIONAL_REUSE,BYTE_INVENTORY_METADATA
reproducibility/outputs/traffic_simulation/demand/evrp_r06_customer_demand/20260909_r06_customer_demand_final/customer_demand.csv,data/artifact,9c321d63d5c611d0f348f8e9eb6c5581e4db9dbefa3e4db9e9c747ebde746825,4365,HISTORICAL_FIXTURE_OR_ROUTING_EVIDENCE_CONDITIONAL_REUSE,FULL_TABULAR
reproducibility/outputs/traffic_simulation/demand/evrp_r06_customer_demand/20260909_r06_customer_demand_final/r06_demand_manifest.json,data/artifact,63ad47fa09bb919cb3e0161dc5b734f7821b0cbe84e87667f6795f4696818750,2848,HISTORICAL_FIXTURE_OR_ROUTING_EVIDENCE_CONDITIONAL_REUSE,BYTE_INVENTORY_METADATA
reproducibility/outputs/traffic_simulation/demand/evrp_r06_customer_demand/20260909_r06_customer_demand_final/r06_demand_validation.json,data/artifact,2580ef768b5e226c75c3992182fe167f62242d882f904bbfc048421750ba6677,343,HISTORICAL_FIXTURE_OR_ROUTING_EVIDENCE_CONDITIONAL_REUSE,BYTE_INVENTORY_METADATA
reproducibility/outputs/traffic_simulation/demand/evrp_r06_customer_demand/20260909_r06_customer_demand_final/r06_independent_validation.json,data/artifact,0b7be6f3b48eb0447ada060e69c77d453245e6ebb3288f9aed62dcd6b874dae8,304,HISTORICAL_FIXTURE_OR_ROUTING_EVIDENCE_CONDITIONAL_REUSE,BYTE_INVENTORY_METADATA
reproducibility/outputs/traffic_simulation/demand/evrp_r06_customer_demand/20260909_r06_customer_demand_repeat/customer_demand.csv,data/artifact,9c321d63d5c611d0f348f8e9eb6c5581e4db9dbefa3e4db9e9c747ebde746825,4365,HISTORICAL_FIXTURE_OR_ROUTING_EVIDENCE_CONDITIONAL_REUSE,FULL_TABULAR
reproducibility/outputs/traffic_simulation/demand/evrp_r06_customer_demand/20260909_r06_customer_demand_repeat/r06_demand_manifest.json,data/artifact,5f18c4d2535923c747b4d0db863c0d243674f7c345e6d0985870a17f0f75510e,2851,HISTORICAL_FIXTURE_OR_ROUTING_EVIDENCE_CONDITIONAL_REUSE,BYTE_INVENTORY_METADATA
reproducibility/outputs/traffic_simulation/demand/evrp_r06_customer_demand/20260909_r06_customer_demand_repeat/r06_demand_validation.json,data/artifact,2580ef768b5e226c75c3992182fe167f62242d882f904bbfc048421750ba6677,343,HISTORICAL_FIXTURE_OR_ROUTING_EVIDENCE_CONDITIONAL_REUSE,BYTE_INVENTORY_METADATA
reproducibility/outputs/traffic_simulation/demand/evrp_r06_customer_demand/20260909_r06_customer_demand_repeat/r06_independent_validation.json,data/artifact,0b7be6f3b48eb0447ada060e69c77d453245e6ebb3288f9aed62dcd6b874dae8,304,HISTORICAL_FIXTURE_OR_ROUTING_EVIDENCE_CONDITIONAL_REUSE,BYTE_INVENTORY_METADATA
reproducibility/outputs/traffic_simulation/demand/evrp_r07_time_window/20260909_r07_time_window_fixture_n10_repeat/customer_time_windows.csv,data/artifact,4915372ccc64131631cc1bcd0850b823e2c916663d869e93dd76622e7d4aa6c3,10493,HISTORICAL_FIXTURE_OR_ROUTING_EVIDENCE_CONDITIONAL_REUSE,FULL_TABULAR
reproducibility/outputs/traffic_simulation/demand/evrp_r07_time_window/20260909_r07_time_window_fixture_n10_repeat/r07_independent_validation.json,data/artifact,5c1e943f46dc3270bbefc2f9aebef06659dddffd43ad94e2a4e09fcb948663df,399,HISTORICAL_FIXTURE_OR_ROUTING_EVIDENCE_CONDITIONAL_REUSE,BYTE_INVENTORY_METADATA
reproducibility/outputs/traffic_simulation/demand/evrp_r07_time_window/20260909_r07_time_window_fixture_n10_repeat/r07_time_window_manifest.json,data/artifact,cf023e6056e30714279cc03ec083b4932e8912850126b4390ab005cfb82d92b7,4069,HISTORICAL_FIXTURE_OR_ROUTING_EVIDENCE_CONDITIONAL_REUSE,BYTE_INVENTORY_METADATA
reproducibility/outputs/traffic_simulation/demand/evrp_r07_time_window/20260909_r07_time_window_fixture_n10_repeat/r07_time_window_summary.json,data/artifact,25adf6f0a111ab4022caa192a1d05835a60923f13d44c1a9ca4161408dd55f9f,1221,HISTORICAL_FIXTURE_OR_ROUTING_EVIDENCE_CONDITIONAL_REUSE,BYTE_INVENTORY_METADATA
reproducibility/outputs/traffic_simulation/demand/evrp_r07_time_window/20260909_r07_time_window_fixture_n10_v2/customer_time_windows.csv,data/artifact,4915372ccc64131631cc1bcd0850b823e2c916663d869e93dd76622e7d4aa6c3,10493,HISTORICAL_FIXTURE_OR_ROUTING_EVIDENCE_CONDITIONAL_REUSE,FULL_TABULAR
reproducibility/outputs/traffic_simulation/demand/evrp_r07_time_window/20260909_r07_time_window_fixture_n10_v2/r07_independent_validation.json,data/artifact,5c1e943f46dc3270bbefc2f9aebef06659dddffd43ad94e2a4e09fcb948663df,399,HISTORICAL_FIXTURE_OR_ROUTING_EVIDENCE_CONDITIONAL_REUSE,BYTE_INVENTORY_METADATA
reproducibility/outputs/traffic_simulation/demand/evrp_r07_time_window/20260909_r07_time_window_fixture_n10_v2/r07_time_window_manifest.json,data/artifact,029b69fc4d3f5a5e6d1112c7175add0a3e38facaf6fb858ccb92feac19a98776,4057,HISTORICAL_FIXTURE_OR_ROUTING_EVIDENCE_CONDITIONAL_REUSE,BYTE_INVENTORY_METADATA
reproducibility/outputs/traffic_simulation/demand/evrp_r07_time_window/20260909_r07_time_window_fixture_n10_v2/r07_time_window_summary.json,data/artifact,25adf6f0a111ab4022caa192a1d05835a60923f13d44c1a9ca4161408dd55f9f,1221,HISTORICAL_FIXTURE_OR_ROUTING_EVIDENCE_CONDITIONAL_REUSE,BYTE_INVENTORY_METADATA
reproducibility/outputs/traffic_simulation/demand/evrp_r08_service_time/20260909_r08_service_time_fixture_n10_final/customer_service_times.csv,data/artifact,3d0ac325e0c5bf7686fc8501d9bfaa207a77a4ddc77527b6ea4b014508a2d6e2,16553,HISTORICAL_FIXTURE_OR_ROUTING_EVIDENCE_CONDITIONAL_REUSE,FULL_TABULAR
reproducibility/outputs/traffic_simulation/demand/evrp_r08_service_time/20260909_r08_service_time_fixture_n10_final/r08_independent_validation.json,data/artifact,967b386ee529ae0d259d36efc8c6615f6d058b9247fee46a367bfe758b25c01a,359,HISTORICAL_FIXTURE_OR_ROUTING_EVIDENCE_CONDITIONAL_REUSE,BYTE_INVENTORY_METADATA
reproducibility/outputs/traffic_simulation/demand/evrp_r08_service_time/20260909_r08_service_time_fixture_n10_final/r08_service_time_manifest.json,data/artifact,23923e162a32ea3fe3519f5a59137bd8b2804dcd1f7fb5ef80d1f58eaff1a6c7,2438,HISTORICAL_FIXTURE_OR_ROUTING_EVIDENCE_CONDITIONAL_REUSE,BYTE_INVENTORY_METADATA
reproducibility/outputs/traffic_simulation/demand/evrp_r08_service_time/20260909_r08_service_time_fixture_n10_final/r08_service_time_validation.json,data/artifact,e4a7dbce977d22a065382e6c3c2fa13b15facc73b20801d070581c00b78559af,191,HISTORICAL_FIXTURE_OR_ROUTING_EVIDENCE_CONDITIONAL_REUSE,BYTE_INVENTORY_METADATA
reproducibility/outputs/traffic_simulation/demand/evrp_r08_service_time/20260909_r08_service_time_fixture_n10_repeat/customer_service_times.csv,data/artifact,3d0ac325e0c5bf7686fc8501d9bfaa207a77a4ddc77527b6ea4b014508a2d6e2,16553,HISTORICAL_FIXTURE_OR_ROUTING_EVIDENCE_CONDITIONAL_REUSE,FULL_TABULAR
reproducibility/outputs/traffic_simulation/demand/evrp_r08_service_time/20260909_r08_service_time_fixture_n10_repeat/r08_independent_validation.json,data/artifact,967b386ee529ae0d259d36efc8c6615f6d058b9247fee46a367bfe758b25c01a,359,HISTORICAL_FIXTURE_OR_ROUTING_EVIDENCE_CONDITIONAL_REUSE,BYTE_INVENTORY_METADATA
reproducibility/outputs/traffic_simulation/demand/evrp_r08_service_time/20260909_r08_service_time_fixture_n10_repeat/r08_service_time_manifest.json,data/artifact,5a46f45c2b9fc0901e0f3db4da06897bf28a8f9f447f68cb501e09e2613dc8ec,2441,HISTORICAL_FIXTURE_OR_ROUTING_EVIDENCE_CONDITIONAL_REUSE,BYTE_INVENTORY_METADATA
reproducibility/outputs/traffic_simulation/demand/evrp_r08_service_time/20260909_r08_service_time_fixture_n10_repeat/r08_service_time_validation.json,data/artifact,e4a7dbce977d22a065382e6c3c2fa13b15facc73b20801d070581c00b78559af,191,HISTORICAL_FIXTURE_OR_ROUTING_EVIDENCE_CONDITIONAL_REUSE,BYTE_INVENTORY_METADATA
reproducibility/outputs/traffic_simulation/demand/evrp_r09_depot/20260909_r09_depot_fixture_n10_repeat/depot_candidate_comparison.csv,data/artifact,be5180e7922a5b40c08c7bfb8c4cf41de13f3461d62e40ab97de097a66fe3797,139635,HISTORICAL_FIXTURE_OR_ROUTING_EVIDENCE_CONDITIONAL_REUSE,FULL_TABULAR
reproducibility/outputs/traffic_simulation/demand/evrp_r09_depot/20260909_r09_depot_fixture_n10_repeat/depot_definition.csv,data/artifact,3b7b168f1ae9159234f812cb476c0721364554e03db7ebadfd2b155295b40eeb,749,HISTORICAL_FIXTURE_OR_ROUTING_EVIDENCE_CONDITIONAL_REUSE,FULL_TABULAR
reproducibility/outputs/traffic_simulation/demand/evrp_r09_depot/20260909_r09_depot_fixture_n10_repeat/r09_depot_manifest.json,data/artifact,06b214510ea2da3af84bd890622f16d643dee4dc37db231634cba8cf20b68432,3686,HISTORICAL_FIXTURE_OR_ROUTING_EVIDENCE_CONDITIONAL_REUSE,BYTE_INVENTORY_METADATA
reproducibility/outputs/traffic_simulation/demand/evrp_r09_depot/20260909_r09_depot_fixture_n10_repeat/r09_depot_validation.json,data/artifact,3f61d5ebcee94aee67f73c25e1b6506fa3df970adcf0f287f755d21c212258ba,315,HISTORICAL_FIXTURE_OR_ROUTING_EVIDENCE_CONDITIONAL_REUSE,BYTE_INVENTORY_METADATA
reproducibility/outputs/traffic_simulation/demand/evrp_r09_depot/20260909_r09_depot_fixture_n10_repeat/r09_independent_validation.json,data/artifact,cf75c56bba254fd6c5791e50f984afd7909b2c2e03ec03f0a07f59168737697f,276,HISTORICAL_FIXTURE_OR_ROUTING_EVIDENCE_CONDITIONAL_REUSE,BYTE_INVENTORY_METADATA
reproducibility/outputs/traffic_simulation/demand/evrp_r09_depot/20260909_r09_depot_fixture_n10_v18_geometry_reaccepted/depot_candidate_comparison.csv,data/artifact,be5180e7922a5b40c08c7bfb8c4cf41de13f3461d62e40ab97de097a66fe3797,139635,HISTORICAL_FIXTURE_OR_ROUTING_EVIDENCE_CONDITIONAL_REUSE,FULL_TABULAR
reproducibility/outputs/traffic_simulation/demand/evrp_r09_depot/20260909_r09_depot_fixture_n10_v18_geometry_reaccepted/depot_definition.csv,data/artifact,fd38e10752236652b825e2e25665b4189bcf4cb57fd92918a315fd3b41018822,754,HISTORICAL_FIXTURE_OR_ROUTING_EVIDENCE_CONDITIONAL_REUSE,FULL_TABULAR
reproducibility/outputs/traffic_simulation/demand/evrp_r09_depot/20260909_r09_depot_fixture_n10_v18_geometry_reaccepted/r09_depot_manifest.json,data/artifact,ed5fb81a40e10312373baba5b4a6c4aa23042bc29e1a28e25c83300cff2c7cdf,4396,HISTORICAL_FIXTURE_OR_ROUTING_EVIDENCE_CONDITIONAL_REUSE,BYTE_INVENTORY_METADATA
reproducibility/outputs/traffic_simulation/demand/evrp_r09_depot/20260909_r09_depot_fixture_n10_v18_geometry_reaccepted/r09_depot_validation.json,data/artifact,f9feca437bba2cdf9e82de3310b395d4453849702a83e9694ec1e351f010b4cc,315,HISTORICAL_FIXTURE_OR_ROUTING_EVIDENCE_CONDITIONAL_REUSE,BYTE_INVENTORY_METADATA
reproducibility/outputs/traffic_simulation/demand/evrp_r09_depot/20260909_r09_depot_fixture_n10_v18_geometry_reaccepted/r09_independent_validation.json,data/artifact,cf75c56bba254fd6c5791e50f984afd7909b2c2e03ec03f0a07f59168737697f,276,HISTORICAL_FIXTURE_OR_ROUTING_EVIDENCE_CONDITIONAL_REUSE,BYTE_INVENTORY_METADATA
reproducibility/outputs/traffic_simulation/demand/evrp_r09_depot/20260909_r09_depot_fixture_n10_v18_geometry_reaccepted/r09_v18_config.yml,data/artifact,55e1b28b6bcbae6ce7459ba8d4a071d9ebd21bd5ff97fd066f0ef0e04e8c96e8,1132,HISTORICAL_FIXTURE_OR_ROUTING_EVIDENCE_CONDITIONAL_REUSE,BYTE_INVENTORY_METADATA
reproducibility/outputs/traffic_simulation/demand/evrp_r09_depot/20260909_r09_depot_fixture_n10_v18_geometry_reaccepted/r09_v18_validation_report.json,data/artifact,b1d496d8cd1639637f4edb62383f019cb3e75071059b5dec1dc76b71db60b3da,692,HISTORICAL_FIXTURE_OR_ROUTING_EVIDENCE_CONDITIONAL_REUSE,BYTE_INVENTORY_METADATA
reproducibility/outputs/traffic_simulation/demand/evrp_r09_depot/20260909_r09_depot_fixture_n10_v18_geometry_reaccepted_repeat/depot_candidate_comparison.csv,data/artifact,be5180e7922a5b40c08c7bfb8c4cf41de13f3461d62e40ab97de097a66fe3797,139635,HISTORICAL_FIXTURE_OR_ROUTING_EVIDENCE_CONDITIONAL_REUSE,FULL_TABULAR
reproducibility/outputs/traffic_simulation/demand/evrp_r09_depot/20260909_r09_depot_fixture_n10_v18_geometry_reaccepted_repeat/depot_definition.csv,data/artifact,fd38e10752236652b825e2e25665b4189bcf4cb57fd92918a315fd3b41018822,754,HISTORICAL_FIXTURE_OR_ROUTING_EVIDENCE_CONDITIONAL_REUSE,FULL_TABULAR
reproducibility/outputs/traffic_simulation/demand/evrp_r09_depot/20260909_r09_depot_fixture_n10_v18_geometry_reaccepted_repeat/r09_depot_manifest.json,data/artifact,7a539142ad61d78fbbccd29cb8812b1f917c2b5005f9080098d5917009f51696,3852,HISTORICAL_FIXTURE_OR_ROUTING_EVIDENCE_CONDITIONAL_REUSE,BYTE_INVENTORY_METADATA
reproducibility/outputs/traffic_simulation/demand/evrp_r09_depot/20260909_r09_depot_fixture_n10_v18_geometry_reaccepted_repeat/r09_depot_validation.json,data/artifact,f9feca437bba2cdf9e82de3310b395d4453849702a83e9694ec1e351f010b4cc,315,HISTORICAL_FIXTURE_OR_ROUTING_EVIDENCE_CONDITIONAL_REUSE,BYTE_INVENTORY_METADATA
reproducibility/outputs/traffic_simulation/demand/evrp_r09_depot/20260909_r09_depot_fixture_n10_v18_geometry_reaccepted_repeat/r09_v18_validation_report.json,data/artifact,79031d77170a5140150b6b6629e5f96c98597074b6fcd6243c799dbdc7c90569,699,HISTORICAL_FIXTURE_OR_ROUTING_EVIDENCE_CONDITIONAL_REUSE,BYTE_INVENTORY_METADATA
reproducibility/outputs/traffic_simulation/demand/evrp_r09_depot/20260909_r09_depot_fixture_n10_v2/depot_candidate_comparison.csv,data/artifact,be5180e7922a5b40c08c7bfb8c4cf41de13f3461d62e40ab97de097a66fe3797,139635,HISTORICAL_FIXTURE_OR_ROUTING_EVIDENCE_CONDITIONAL_REUSE,FULL_TABULAR
reproducibility/outputs/traffic_simulation/demand/evrp_r09_depot/20260909_r09_depot_fixture_n10_v2/depot_definition.csv,data/artifact,3b7b168f1ae9159234f812cb476c0721364554e03db7ebadfd2b155295b40eeb,749,HISTORICAL_FIXTURE_OR_ROUTING_EVIDENCE_CONDITIONAL_REUSE,FULL_TABULAR
reproducibility/outputs/traffic_simulation/demand/evrp_r09_depot/20260909_r09_depot_fixture_n10_v2/r09_depot_manifest.json,data/artifact,5e4aaafff2d147423567cdeb4caa80bdf4c4f81c2fc8a995584894e8c68940ef,3670,HISTORICAL_FIXTURE_OR_ROUTING_EVIDENCE_CONDITIONAL_REUSE,BYTE_INVENTORY_METADATA
reproducibility/outputs/traffic_simulation/demand/evrp_r09_depot/20260909_r09_depot_fixture_n10_v2/r09_depot_validation.json,data/artifact,3f61d5ebcee94aee67f73c25e1b6506fa3df970adcf0f287f755d21c212258ba,315,HISTORICAL_FIXTURE_OR_ROUTING_EVIDENCE_CONDITIONAL_REUSE,BYTE_INVENTORY_METADATA
reproducibility/outputs/traffic_simulation/demand/evrp_r09_depot/20260909_r09_depot_fixture_n10_v2/r09_independent_validation.json,data/artifact,cf75c56bba254fd6c5791e50f984afd7909b2c2e03ec03f0a07f59168737697f,276,HISTORICAL_FIXTURE_OR_ROUTING_EVIDENCE_CONDITIONAL_REUSE,BYTE_INVENTORY_METADATA
reproducibility/outputs/traffic_simulation/demand/evrp_r10_ev/20260909_r10_ev_fixture_n10_repeat/r10_ev_generation_report.json,data/artifact,1667aef3fea28948d3d2ce143a15206043ec844ed03d8b44632977d6330b7607,203,HISTORICAL_FIXTURE_OR_ROUTING_EVIDENCE_CONDITIONAL_REUSE,BYTE_INVENTORY_METADATA
reproducibility/outputs/traffic_simulation/demand/evrp_r10_ev/20260909_r10_ev_fixture_n10_repeat/r10_ev_manifest.json,data/artifact,f0fccc29f70591a667a7fb649975f8ebc074b01757447147303bd41267864daa,2807,HISTORICAL_FIXTURE_OR_ROUTING_EVIDENCE_CONDITIONAL_REUSE,BYTE_INVENTORY_METADATA
reproducibility/outputs/traffic_simulation/demand/evrp_r10_ev/20260909_r10_ev_fixture_n10_repeat/r10_independent_validation.json,data/artifact,8899a552d195b9094044f254cb381baf3ff67247a9d47933d21e681376792c72,1134,HISTORICAL_FIXTURE_OR_ROUTING_EVIDENCE_CONDITIONAL_REUSE,BYTE_INVENTORY_METADATA
reproducibility/outputs/traffic_simulation/demand/evrp_r10_ev/20260909_r10_ev_fixture_n10_repeat/vehicle_definition.csv,data/artifact,c00f60b5aa1dba13506bcccc8bc83eb473f01b415b7633039e5b822d06056e30,1515,HISTORICAL_FIXTURE_OR_ROUTING_EVIDENCE_CONDITIONAL_REUSE,FULL_TABULAR
reproducibility/outputs/traffic_simulation/demand/evrp_r10_ev/20260909_r10_ev_fixture_n10_soc_full_repeat/r10_ev_generation_report.json,data/artifact,01c9b0668b0babd8e8b1d38915c614c34e6ab64d8ce11d45a60ef0c3da004765,203,HISTORICAL_FIXTURE_OR_ROUTING_EVIDENCE_CONDITIONAL_REUSE,BYTE_INVENTORY_METADATA
reproducibility/outputs/traffic_simulation/demand/evrp_r10_ev/20260909_r10_ev_fixture_n10_soc_full_repeat/r10_ev_manifest.json,data/artifact,f0f9790b2464fd64c08b136a9fcc8847b2666f81ef28ff411a10a868a28ab4e8,4328,HISTORICAL_FIXTURE_OR_ROUTING_EVIDENCE_CONDITIONAL_REUSE,BYTE_INVENTORY_METADATA
reproducibility/outputs/traffic_simulation/demand/evrp_r10_ev/20260909_r10_ev_fixture_n10_soc_full_repeat/r10_independent_validation.json,data/artifact,64856cc3b48911f4affbea5a9a4bf927e4ad3d1e955ebd9707b3a0d71dfa5ac0,1315,HISTORICAL_FIXTURE_OR_ROUTING_EVIDENCE_CONDITIONAL_REUSE,BYTE_INVENTORY_METADATA
reproducibility/outputs/traffic_simulation/demand/evrp_r10_ev/20260909_r10_ev_fixture_n10_soc_full_repeat/vehicle_definition.csv,data/artifact,53b1122a76f2f65661991d9f4b0b9091efa93108b8a8763b4e079c140a56f96c,1761,HISTORICAL_FIXTURE_OR_ROUTING_EVIDENCE_CONDITIONAL_REUSE,FULL_TABULAR
reproducibility/outputs/traffic_simulation/demand/evrp_r10_ev/20260909_r10_ev_fixture_n10_soc_full_v2/r10_ev_generation_report.json,data/artifact,01c9b0668b0babd8e8b1d38915c614c34e6ab64d8ce11d45a60ef0c3da004765,203,HISTORICAL_FIXTURE_OR_ROUTING_EVIDENCE_CONDITIONAL_REUSE,BYTE_INVENTORY_METADATA
reproducibility/outputs/traffic_simulation/demand/evrp_r10_ev/20260909_r10_ev_fixture_n10_soc_full_v2/r10_ev_manifest.json,data/artifact,a1f24174d23d34003a855532e394a33a3bc29abad374d75aec056a38c8fade8d,4324,HISTORICAL_FIXTURE_OR_ROUTING_EVIDENCE_CONDITIONAL_REUSE,BYTE_INVENTORY_METADATA
reproducibility/outputs/traffic_simulation/demand/evrp_r10_ev/20260909_r10_ev_fixture_n10_soc_full_v2/r10_independent_validation.json,data/artifact,64856cc3b48911f4affbea5a9a4bf927e4ad3d1e955ebd9707b3a0d71dfa5ac0,1315,HISTORICAL_FIXTURE_OR_ROUTING_EVIDENCE_CONDITIONAL_REUSE,BYTE_INVENTORY_METADATA
reproducibility/outputs/traffic_simulation/demand/evrp_r10_ev/20260909_r10_ev_fixture_n10_soc_full_v2/vehicle_definition.csv,data/artifact,53b1122a76f2f65661991d9f4b0b9091efa93108b8a8763b4e079c140a56f96c,1761,HISTORICAL_FIXTURE_OR_ROUTING_EVIDENCE_CONDITIONAL_REUSE,FULL_TABULAR
reproducibility/outputs/traffic_simulation/demand/evrp_r10_ev/20260909_r10_ev_fixture_n10_v1/r10_ev_generation_report.json,data/artifact,1667aef3fea28948d3d2ce143a15206043ec844ed03d8b44632977d6330b7607,203,HISTORICAL_FIXTURE_OR_ROUTING_EVIDENCE_CONDITIONAL_REUSE,BYTE_INVENTORY_METADATA
reproducibility/outputs/traffic_simulation/demand/evrp_r10_ev/20260909_r10_ev_fixture_n10_v1/r10_ev_manifest.json,data/artifact,dda34ce7d82492029c353ab7e6bdf60290d80d126d46b32981f6f950a97a689b,2803,HISTORICAL_FIXTURE_OR_ROUTING_EVIDENCE_CONDITIONAL_REUSE,BYTE_INVENTORY_METADATA
reproducibility/outputs/traffic_simulation/demand/evrp_r10_ev/20260909_r10_ev_fixture_n10_v1/r10_independent_validation.json,data/artifact,8899a552d195b9094044f254cb381baf3ff67247a9d47933d21e681376792c72,1134,HISTORICAL_FIXTURE_OR_ROUTING_EVIDENCE_CONDITIONAL_REUSE,BYTE_INVENTORY_METADATA
reproducibility/outputs/traffic_simulation/demand/evrp_r10_ev/20260909_r10_ev_fixture_n10_v1/vehicle_definition.csv,data/artifact,c00f60b5aa1dba13506bcccc8bc83eb473f01b415b7633039e5b822d06056e30,1515,HISTORICAL_FIXTURE_OR_ROUTING_EVIDENCE_CONDITIONAL_REUSE,FULL_TABULAR
reproducibility/outputs/traffic_simulation/demand/evrp_r11_charging/20260909_r11_ota_primary_station/customer_edge_mapping.csv,data/artifact,f45418c060d614545f3d312c1afa02a9ee6441f86b33cd36e6a1eed61d334e57,619,HISTORICAL_FIXTURE_OR_ROUTING_EVIDENCE_CONDITIONAL_REUSE,FULL_TABULAR
reproducibility/outputs/traffic_simulation/demand/evrp_r11_charging/20260909_r11_ota_primary_station/duarouter.stderr,data/artifact,e3b0c44298fc1c149afbf4c8996fb92427ae41e4649b934ca495991b7852b855,0,HISTORICAL_FIXTURE_OR_ROUTING_EVIDENCE_CONDITIONAL_REUSE,BYTE_INVENTORY_METADATA
reproducibility/outputs/traffic_simulation/demand/evrp_r11_charging/20260909_r11_ota_primary_station/r11_charging_config.json,data/artifact,0b5a7ae9b786539ddca641fe476007a7bb533caedfb68c98dffb1b0ae2227298,907,HISTORICAL_FIXTURE_OR_ROUTING_EVIDENCE_CONDITIONAL_REUSE,BYTE_INVENTORY_METADATA
reproducibility/outputs/traffic_simulation/demand/evrp_r11_charging/20260909_r11_ota_primary_station/r11_independent_validation.json,data/artifact,942347fac7f5008b2bc3dc7052561bfba5cfc39be35081f0e8e10b7bacd65485,3783,HISTORICAL_FIXTURE_OR_ROUTING_EVIDENCE_CONDITIONAL_REUSE,BYTE_INVENTORY_METADATA
reproducibility/outputs/traffic_simulation/demand/evrp_r11_charging/20260909_r11_ota_primary_station/r11_manifest.json,data/artifact,de5f920fb23254a2aaa3241d66b3fd0a14f53f9f2d4a656c460cb28927902895,3616,HISTORICAL_FIXTURE_OR_ROUTING_EVIDENCE_CONDITIONAL_REUSE,BYTE_INVENTORY_METADATA
reproducibility/outputs/traffic_simulation/demand/evrp_r11_charging/20260909_r11_ota_primary_station/route_check_routes.alt.xml,data/artifact,96fbe4847c1f3c9c1c033afda6ef6975142ea4a4c72a06d405c11bbc231bbf01,41830,HISTORICAL_FIXTURE_OR_ROUTING_EVIDENCE_CONDITIONAL_REUSE,BYTE_INVENTORY_METADATA
reproducibility/outputs/traffic_simulation/demand/evrp_r11_charging/20260909_r11_ota_primary_station/route_check_routes.xml,data/artifact,486d5c46a17588ac1f2c80a193d724a52086564b378e56055720776cf2577513,39432,HISTORICAL_FIXTURE_OR_ROUTING_EVIDENCE_CONDITIONAL_REUSE,BYTE_INVENTORY_METADATA
reproducibility/outputs/traffic_simulation/demand/evrp_r11_charging/20260909_r11_ota_primary_station/route_check_trips.xml,data/artifact,9c51ff3ae6cd7e6136d65399290fd238a73c125b706d4626f9f92323ddde7736,1852,HISTORICAL_FIXTURE_OR_ROUTING_EVIDENCE_CONDITIONAL_REUSE,BYTE_INVENTORY_METADATA
reproducibility/outputs/traffic_simulation/demand/evrp_r11_charging/20260909_r11_ota_primary_station/station_catalog.csv,data/artifact,9673c61a83ed5f0a8d1baacb2ad0b21ab25c281ab149a139fec3d039836291da,1854,HISTORICAL_FIXTURE_OR_ROUTING_EVIDENCE_CONDITIONAL_REUSE,FULL_TABULAR
reproducibility/outputs/traffic_simulation/demand/evrp_r11_charging/20260909_r11_ota_primary_station_revision_model_access/customer_edge_mapping.csv,data/artifact,f45418c060d614545f3d312c1afa02a9ee6441f86b33cd36e6a1eed61d334e57,619,HISTORICAL_FIXTURE_OR_ROUTING_EVIDENCE_CONDITIONAL_REUSE,FULL_TABULAR
reproducibility/outputs/traffic_simulation/demand/evrp_r11_charging/20260909_r11_ota_primary_station_revision_model_access/duarouter.stderr,data/artifact,e3b0c44298fc1c149afbf4c8996fb92427ae41e4649b934ca495991b7852b855,0,HISTORICAL_FIXTURE_OR_ROUTING_EVIDENCE_CONDITIONAL_REUSE,BYTE_INVENTORY_METADATA
reproducibility/outputs/traffic_simulation/demand/evrp_r11_charging/20260909_r11_ota_primary_station_revision_model_access/r11_charging_config.json,data/artifact,683a8290bccdcb1432589ad3ed090c0a468b7f189c21b3edd032c784407e5202,2208,HISTORICAL_FIXTURE_OR_ROUTING_EVIDENCE_CONDITIONAL_REUSE,BYTE_INVENTORY_METADATA
reproducibility/outputs/traffic_simulation/demand/evrp_r11_charging/20260909_r11_ota_primary_station_revision_model_access/r11_independent_validation.json,data/artifact,a207a7306d8be5291a073ba80a9774f0a2d3799d2f6be9754eb09b77e1727332,1031,HISTORICAL_FIXTURE_OR_ROUTING_EVIDENCE_CONDITIONAL_REUSE,BYTE_INVENTORY_METADATA
reproducibility/outputs/traffic_simulation/demand/evrp_r11_charging/20260909_r11_ota_primary_station_revision_model_access/r11_manifest.json,data/artifact,f60bad51c7a6ad8936ce5094f7821da2df965cdc050fc9bba3c9ce07f2592bf9,1846,HISTORICAL_FIXTURE_OR_ROUTING_EVIDENCE_CONDITIONAL_REUSE,BYTE_INVENTORY_METADATA
reproducibility/outputs/traffic_simulation/demand/evrp_r11_charging/20260909_r11_ota_primary_station_revision_model_access/route_check_routes.alt.xml,data/artifact,96fbe4847c1f3c9c1c033afda6ef6975142ea4a4c72a06d405c11bbc231bbf01,41830,HISTORICAL_FIXTURE_OR_ROUTING_EVIDENCE_CONDITIONAL_REUSE,BYTE_INVENTORY_METADATA
reproducibility/outputs/traffic_simulation/demand/evrp_r11_charging/20260909_r11_ota_primary_station_revision_model_access/route_check_routes.xml,data/artifact,486d5c46a17588ac1f2c80a193d724a52086564b378e56055720776cf2577513,39432,HISTORICAL_FIXTURE_OR_ROUTING_EVIDENCE_CONDITIONAL_REUSE,BYTE_INVENTORY_METADATA
reproducibility/outputs/traffic_simulation/demand/evrp_r11_charging/20260909_r11_ota_primary_station_revision_model_access/route_check_trips.xml,data/artifact,9c51ff3ae6cd7e6136d65399290fd238a73c125b706d4626f9f92323ddde7736,1852,HISTORICAL_FIXTURE_OR_ROUTING_EVIDENCE_CONDITIONAL_REUSE,BYTE_INVENTORY_METADATA
reproducibility/outputs/traffic_simulation/demand/evrp_r11_charging/20260909_r11_ota_primary_station_revision_model_access/station_catalog.csv,data/artifact,3077eb1ed6d41ae16c5c7262706755a3dd042f4cb822a76b445cb7a1484a0c72,1870,HISTORICAL_FIXTURE_OR_ROUTING_EVIDENCE_CONDITIONAL_REUSE,FULL_TABULAR
reproducibility/outputs/traffic_simulation/demand/evrp_r11_charging/20260909_r11_tokyo_official_preflight/official_station_catalog.csv,data/artifact,08e88622baf9a332b7f55605dde494f0d2c90845470e9f8a7bced9b1c73e29ee,7038,HISTORICAL_FIXTURE_OR_ROUTING_EVIDENCE_CONDITIONAL_REUSE,FULL_TABULAR
reproducibility/outputs/traffic_simulation/demand/evrp_r11_charging/20260909_r11_tokyo_official_preflight/r11_charging_config.json,data/artifact,ee730654ddd7e90ea63d999d4a21a7bf791b1ad05ce6495d8c8ab61789df796c,1789,HISTORICAL_FIXTURE_OR_ROUTING_EVIDENCE_CONDITIONAL_REUSE,BYTE_INVENTORY_METADATA
reproducibility/outputs/traffic_simulation/demand/evrp_r11_charging/20260909_r11_tokyo_official_preflight/r11_independent_validation.json,data/artifact,759671c1ae69730205104f7070ca7631f8405a61294b9fbafb6706a9bc3e9457,3506,HISTORICAL_FIXTURE_OR_ROUTING_EVIDENCE_CONDITIONAL_REUSE,BYTE_INVENTORY_METADATA
reproducibility/outputs/traffic_simulation/demand/evrp_r11_charging/20260909_r11_tokyo_official_preflight/r11_manifest.json,data/artifact,c4a9ba9ecc3887fdffc731f12b5070c7ab5e94ba51a03feb126707c846ebd0f4,1338,HISTORICAL_FIXTURE_OR_ROUTING_EVIDENCE_CONDITIONAL_REUSE,BYTE_INVENTORY_METADATA
reproducibility/outputs/traffic_simulation/demand/evrp_r12_routing/20260909_r12_routing_spec_fixture_n10/endpoint_manifest.csv,data/artifact,d7bee802f0401458cf6fa217f2016053fcdb55b8c06fad1aa52fb30e92e46502,3635,HISTORICAL_FIXTURE_OR_ROUTING_EVIDENCE_CONDITIONAL_REUSE,FULL_TABULAR
reproducibility/outputs/traffic_simulation/demand/evrp_r12_routing/20260909_r12_routing_spec_fixture_n10/od_manifest.csv,data/artifact,bee697860ab422d0eacdc8ac4d3019bb3caf1673bcbd2f31ae903e977f530b74,9559,HISTORICAL_FIXTURE_OR_ROUTING_EVIDENCE_CONDITIONAL_REUSE,FULL_TABULAR
reproducibility/outputs/traffic_simulation/demand/evrp_r12_routing/20260909_r12_routing_spec_fixture_n10/r12_independent_validation.json,data/artifact,df4333eeadb98e41259a8ff538b6826e06291d62cf6c7e8f999f51065b36834f,718,HISTORICAL_FIXTURE_OR_ROUTING_EVIDENCE_CONDITIONAL_REUSE,BYTE_INVENTORY_METADATA
reproducibility/outputs/traffic_simulation/demand/evrp_r12_routing/20260909_r12_routing_spec_fixture_n10/r12_manifest.json,data/artifact,690525f8dad28fe821325c404067c007b07517e47224397621114503818c2792,1360,HISTORICAL_FIXTURE_OR_ROUTING_EVIDENCE_CONDITIONAL_REUSE,BYTE_INVENTORY_METADATA
reproducibility/outputs/traffic_simulation/demand/evrp_r12_routing/20260909_r12_routing_spec_fixture_n10/r12_routing_config.json,data/artifact,11a90e451d7c15a02a3b7c57d943b8fca9e299d47faea2a70e7cb22097e848b2,2298,HISTORICAL_FIXTURE_OR_ROUTING_EVIDENCE_CONDITIONAL_REUSE,BYTE_INVENTORY_METADATA
reproducibility/outputs/traffic_simulation/demand/evrp_r12_routing/20260909_r12_routing_spec_fixture_n10/routing_output_schema.json,data/artifact,7ef7a66cd221376b7f3e7588934439cd00164721283d2eaca540cc4b9428544b,2319,HISTORICAL_FIXTURE_OR_ROUTING_EVIDENCE_CONDITIONAL_REUSE,BYTE_INVENTORY_METADATA
reproducibility/outputs/traffic_simulation/demand/evrp_r12_routing/20260909_r12_routing_spec_fixture_n10_v18_geometry_reaccepted/endpoint_manifest.csv,data/artifact,9f0d0cdd289fad73c696e7a3efe56af7bb4385fa5f268cb5db6e6d8844335913,3914,HISTORICAL_FIXTURE_OR_ROUTING_EVIDENCE_CONDITIONAL_REUSE,FULL_TABULAR
reproducibility/outputs/traffic_simulation/demand/evrp_r12_routing/20260909_r12_routing_spec_fixture_n10_v18_geometry_reaccepted/od_manifest.csv,data/artifact,bee697860ab422d0eacdc8ac4d3019bb3caf1673bcbd2f31ae903e977f530b74,9559,HISTORICAL_FIXTURE_OR_ROUTING_EVIDENCE_CONDITIONAL_REUSE,FULL_TABULAR
reproducibility/outputs/traffic_simulation/demand/evrp_r12_routing/20260909_r12_routing_spec_fixture_n10_v18_geometry_reaccepted/r12_independent_validation.json,data/artifact,a38c1fec8b106ceb620511534a7afdd359d8e3407e1db9d170ae34c796e5be70,742,HISTORICAL_FIXTURE_OR_ROUTING_EVIDENCE_CONDITIONAL_REUSE,BYTE_INVENTORY_METADATA
reproducibility/outputs/traffic_simulation/demand/evrp_r12_routing/20260909_r12_routing_spec_fixture_n10_v18_geometry_reaccepted/r12_manifest.json,data/artifact,f6194ec010e1cd97fbcfd9e97b080bfe9a7bb46fdfcc5112cbc8c1d1eb55fc3e,2024,HISTORICAL_FIXTURE_OR_ROUTING_EVIDENCE_CONDITIONAL_REUSE,BYTE_INVENTORY_METADATA
reproducibility/outputs/traffic_simulation/demand/evrp_r12_routing/20260909_r12_routing_spec_fixture_n10_v18_geometry_reaccepted/r12_routing_config.json,data/artifact,12c32ada0b3d615e8acdc32c033138fb309ccf434d3b3f3aaaea3c05b40fb5c8,2528,HISTORICAL_FIXTURE_OR_ROUTING_EVIDENCE_CONDITIONAL_REUSE,BYTE_INVENTORY_METADATA
reproducibility/outputs/traffic_simulation/demand/evrp_r12_routing/20260909_r12_routing_spec_fixture_n10_v18_geometry_reaccepted/r12_v18_independent_validation.json,data/artifact,fe645a7a432e87072e67d56e48c87b6623ba8c30e6d126f6fe7a5b1cdca30e52,1308,HISTORICAL_FIXTURE_OR_ROUTING_EVIDENCE_CONDITIONAL_REUSE,BYTE_INVENTORY_METADATA
reproducibility/outputs/traffic_simulation/demand/evrp_r12_routing/20260909_r12_routing_spec_fixture_n10_v18_geometry_reaccepted/routing_output_schema.json,data/artifact,7ef7a66cd221376b7f3e7588934439cd00164721283d2eaca540cc4b9428544b,2319,HISTORICAL_FIXTURE_OR_ROUTING_EVIDENCE_CONDITIONAL_REUSE,BYTE_INVENTORY_METADATA
reproducibility/outputs/traffic_simulation/demand/evrp_r13_routing/20260909_r13_preflight_blocked_missing_runner/r13_preflight_manifest.json,data/artifact,3992e5e7ccb2793a608cb6837c7c25b3adc10e473eff8f42dc9db361826da638,264,HISTORICAL_FIXTURE_OR_ROUTING_EVIDENCE_CONDITIONAL_REUSE,BYTE_INVENTORY_METADATA
reproducibility/outputs/traffic_simulation/demand/evrp_r13_routing/20260909_r13_preflight_blocked_missing_runner/r13_preflight_report.json,data/artifact,82cabba9e78761eac5f7b49682e3bc8fb41ef398953dc057f5fd60893240df2a,985,HISTORICAL_FIXTURE_OR_ROUTING_EVIDENCE_CONDITIONAL_REUSE,BYTE_INVENTORY_METADATA
reproducibility/outputs/traffic_simulation/demand/evrp_r13_routing/20260909_r13_routing_fixture_n10/config_snapshot.json,data/artifact,11a90e451d7c15a02a3b7c57d943b8fca9e299d47faea2a70e7cb22097e848b2,2298,HISTORICAL_FIXTURE_OR_ROUTING_EVIDENCE_CONDITIONAL_REUSE,BYTE_INVENTORY_METADATA
reproducibility/outputs/traffic_simulation/demand/evrp_r13_routing/20260909_r13_routing_fixture_n10/execution_log.json,data/artifact,6f1478be8c8704ebf3a0b4ada47120af5ede78435dc5ea6ac5b5ca26c18cc8f4,544,HISTORICAL_FIXTURE_OR_ROUTING_EVIDENCE_CONDITIONAL_REUSE,BYTE_INVENTORY_METADATA
reproducibility/outputs/traffic_simulation/demand/evrp_r13_routing/20260909_r13_routing_fixture_n10/input_identifiers.json,data/artifact,2ca9cc3f8f4f8560efde4e164673f518e45482e3eba749081915e996ccf7e2b4,928,HISTORICAL_FIXTURE_OR_ROUTING_EVIDENCE_CONDITIONAL_REUSE,BYTE_INVENTORY_METADATA
reproducibility/outputs/traffic_simulation/demand/evrp_r13_routing/20260909_r13_routing_fixture_n10/r13_manifest.json,data/artifact,5c70db24ff0a5cac646a535b14f3e117f1d4870a3e65ab45945e150279ff4770,1301,HISTORICAL_FIXTURE_OR_ROUTING_EVIDENCE_CONDITIONAL_REUSE,BYTE_INVENTORY_METADATA
reproducibility/outputs/traffic_simulation/demand/evrp_r13_routing/20260909_r13_routing_fixture_n10/routing_arcs.csv,data/artifact,d952327969bb9fd61027499d49372ba9350f743cb62eb5cf0b067d57c9b528e5,339198,HISTORICAL_FIXTURE_OR_ROUTING_EVIDENCE_CONDITIONAL_REUSE,FULL_TABULAR
reproducibility/outputs/traffic_simulation/demand/evrp_r13_routing/20260909_r13_routing_fixture_n10/routing_summary.json,data/artifact,fd1cf53f8052e6265d72db8068a037a65cf5c95156f84d32da93290c964bbe61,642,HISTORICAL_FIXTURE_OR_ROUTING_EVIDENCE_CONDITIONAL_REUSE,BYTE_INVENTORY_METADATA
reproducibility/outputs/traffic_simulation/demand/evrp_r13_routing/20260909_r13_routing_fixture_n10/routing_validation.json,data/artifact,a16ddc52a046aa813ed3eb3d61c7306d8b78def654aa4b45b51645c4e0265bfc,1333,HISTORICAL_FIXTURE_OR_ROUTING_EVIDENCE_CONDITIONAL_REUSE,BYTE_INVENTORY_METADATA
reproducibility/outputs/traffic_simulation/demand/evrp_r13_routing/20260909_r13_routing_fixture_n10_repeat2/execution_log.json,data/artifact,3c681f9c1ab8dbc47a992737c3a2f090bc735e5a63e8ecfa6f92caa7c733c4bd,550,HISTORICAL_FIXTURE_OR_ROUTING_EVIDENCE_CONDITIONAL_REUSE,BYTE_INVENTORY_METADATA
reproducibility/outputs/traffic_simulation/demand/evrp_r13_routing/20260909_r13_routing_fixture_n10_repeat2/routing_arcs.csv,data/artifact,d952327969bb9fd61027499d49372ba9350f743cb62eb5cf0b067d57c9b528e5,339198,HISTORICAL_FIXTURE_OR_ROUTING_EVIDENCE_CONDITIONAL_REUSE,FULL_TABULAR
reproducibility/outputs/traffic_simulation/demand/evrp_r13_routing/20260909_r13_routing_fixture_n10_v18_geometry_reaccepted/endpoint_manifest_input.csv,data/artifact,9f0d0cdd289fad73c696e7a3efe56af7bb4385fa5f268cb5db6e6d8844335913,3914,HISTORICAL_FIXTURE_OR_ROUTING_EVIDENCE_CONDITIONAL_REUSE,FULL_TABULAR
reproducibility/outputs/traffic_simulation/demand/evrp_r13_routing/20260909_r13_routing_fixture_n10_v18_geometry_reaccepted/execution_log.json,data/artifact,8ce3c0747d7e793d5d813f9c6ee0db417772acfd134342691ecab188f6763e77,591,HISTORICAL_FIXTURE_OR_ROUTING_EVIDENCE_CONDITIONAL_REUSE,BYTE_INVENTORY_METADATA
reproducibility/outputs/traffic_simulation/demand/evrp_r13_routing/20260909_r13_routing_fixture_n10_v18_geometry_reaccepted/od_manifest_input.csv,data/artifact,bee697860ab422d0eacdc8ac4d3019bb3caf1673bcbd2f31ae903e977f530b74,9559,HISTORICAL_FIXTURE_OR_ROUTING_EVIDENCE_CONDITIONAL_REUSE,FULL_TABULAR
reproducibility/outputs/traffic_simulation/demand/evrp_r13_routing/20260909_r13_routing_fixture_n10_v18_geometry_reaccepted/r12_config_snapshot.json,data/artifact,12c32ada0b3d615e8acdc32c033138fb309ccf434d3b3f3aaaea3c05b40fb5c8,2528,HISTORICAL_FIXTURE_OR_ROUTING_EVIDENCE_CONDITIONAL_REUSE,BYTE_INVENTORY_METADATA
reproducibility/outputs/traffic_simulation/demand/evrp_r13_routing/20260909_r13_routing_fixture_n10_v18_geometry_reaccepted/r13_basic_validation.json,data/artifact,c084785bdf642ab02e3050453752625a4f9a2c34a80bf8aa8b1611ee97424a15,1499,HISTORICAL_FIXTURE_OR_ROUTING_EVIDENCE_CONDITIONAL_REUSE,BYTE_INVENTORY_METADATA
reproducibility/outputs/traffic_simulation/demand/evrp_r13_routing/20260909_r13_routing_fixture_n10_v18_geometry_reaccepted/r13_command_contract.txt,data/artifact,e52a736ebb425f5686825b6134e86aa32955c868e95bcdfa92f0d14414808738,379,HISTORICAL_FIXTURE_OR_ROUTING_EVIDENCE_CONDITIONAL_REUSE,BYTE_INVENTORY_METADATA
reproducibility/outputs/traffic_simulation/demand/evrp_r13_routing/20260909_r13_routing_fixture_n10_v18_geometry_reaccepted/r13_manifest.json,data/artifact,b3367f49e8fee9f9971cdf88eb426b58df7f04b477d2c77e78b4f5a7224b601e,1415,HISTORICAL_FIXTURE_OR_ROUTING_EVIDENCE_CONDITIONAL_REUSE,BYTE_INVENTORY_METADATA
reproducibility/outputs/traffic_simulation/demand/evrp_r13_routing/20260909_r13_routing_fixture_n10_v18_geometry_reaccepted/r13_summary.json,data/artifact,1ee5873dbdcdc08da568b3f86981acbf0cbef0cb3ae5f2c0c1e77992e8642294,478,HISTORICAL_FIXTURE_OR_ROUTING_EVIDENCE_CONDITIONAL_REUSE,BYTE_INVENTORY_METADATA
reproducibility/outputs/traffic_simulation/demand/evrp_r13_routing/20260909_r13_routing_fixture_n10_v18_geometry_reaccepted/routing_arcs.csv,data/artifact,29c1a68a71838bb44629cbf4bf7230a0492e9484c0a97d0c2fb2e370f2ca2ec1,322310,HISTORICAL_FIXTURE_OR_ROUTING_EVIDENCE_CONDITIONAL_REUSE,FULL_TABULAR
reproducibility/outputs/traffic_simulation/demand/evrp_r13_routing/20260909_r13_routing_fixture_n10_v18_geometry_reaccepted/runner_fixture_validation.json,data/artifact,d9739978b2b15d2e75f5635c7c3771c474c6bb42d3add6d1914a475fc19504ed,292,HISTORICAL_FIXTURE_OR_ROUTING_EVIDENCE_CONDITIONAL_REUSE,BYTE_INVENTORY_METADATA
reproducibility/outputs/traffic_simulation/demand/evrp_r13_routing/20260909_r13_runner_fixture_validation/r13_runner_fixture_validation.json,data/artifact,d9739978b2b15d2e75f5635c7c3771c474c6bb42d3add6d1914a475fc19504ed,292,HISTORICAL_FIXTURE_OR_ROUTING_EVIDENCE_CONDITIONAL_REUSE,BYTE_INVENTORY_METADATA
reproducibility/outputs/traffic_simulation/demand/evrp_r14_routing_validation/20260909_r14_root_cause_investigation_fixture_n10/r14_root_cause_manifest.json,data/artifact,0e526c9b3986358b5d6e6db328e38d1d3f8d2b894cff1603ac8966665b773e4b,445,HISTORICAL_FIXTURE_OR_ROUTING_EVIDENCE_CONDITIONAL_REUSE,BYTE_INVENTORY_METADATA
reproducibility/outputs/traffic_simulation/demand/evrp_r14_routing_validation/20260909_r14_root_cause_investigation_fixture_n10/r14_root_cause_report.json,data/artifact,de39d73c4be61e7f868204e74874130d4faa23a9751c801d2b3bc4ecf5ddda92,260456,HISTORICAL_FIXTURE_OR_ROUTING_EVIDENCE_CONDITIONAL_REUSE,BYTE_INVENTORY_METADATA
reproducibility/outputs/traffic_simulation/demand/evrp_r14_routing_validation/20260909_r14_root_cause_investigation_fixture_n10/r14_route_decomposition.csv,data/artifact,d57d8b7936bfbc4a1423f6c578562d5897764ef1c9b8299ef3890255e8ec35b3,31087,HISTORICAL_FIXTURE_OR_ROUTING_EVIDENCE_CONDITIONAL_REUSE,FULL_TABULAR
reproducibility/outputs/traffic_simulation/demand/evrp_r14_routing_validation/20260909_r14_routing_validation_fixture_n10/anomaly_report.json,data/artifact,2f72ae880d3c439091d2341251c09d8d73d41cdcb891b914eb5a1e6835de2112,56430,HISTORICAL_FIXTURE_OR_ROUTING_EVIDENCE_CONDITIONAL_REUSE,BYTE_INVENTORY_METADATA
reproducibility/outputs/traffic_simulation/demand/evrp_r14_routing_validation/20260909_r14_routing_validation_fixture_n10/asymmetry_diagnostics.json,data/artifact,7c5b9fa4f4de222e88046a6614d4b1002d43ac0716fba3cc2d4e55df00776f62,22916,HISTORICAL_FIXTURE_OR_ROUTING_EVIDENCE_CONDITIONAL_REUSE,BYTE_INVENTORY_METADATA
reproducibility/outputs/traffic_simulation/demand/evrp_r14_routing_validation/20260909_r14_routing_validation_fixture_n10/failure_diagnosis.json,data/artifact,3735067c37161d4f18c4533927d5da5a1b2516af262a757c8d25740c90cecf04,41401,HISTORICAL_FIXTURE_OR_ROUTING_EVIDENCE_CONDITIONAL_REUSE,BYTE_INVENTORY_METADATA
reproducibility/outputs/traffic_simulation/demand/evrp_r14_routing_validation/20260909_r14_routing_validation_fixture_n10/od_completeness.json,data/artifact,43798e6dc7b9fa0908392174952c6bd0917c0f822ac116702b7f5caaae9cf2d6,176,HISTORICAL_FIXTURE_OR_ROUTING_EVIDENCE_CONDITIONAL_REUSE,BYTE_INVENTORY_METADATA
reproducibility/outputs/traffic_simulation/demand/evrp_r14_routing_validation/20260909_r14_routing_validation_fixture_n10/r14_manifest.json,data/artifact,a2a271177705492b44560c7bc742160b87ad5831abe0374373b55a8cf6084040,1112,HISTORICAL_FIXTURE_OR_ROUTING_EVIDENCE_CONDITIONAL_REUSE,BYTE_INVENTORY_METADATA
reproducibility/outputs/traffic_simulation/demand/evrp_r14_routing_validation/20260909_r14_routing_validation_fixture_n10/r14_statistics.json,data/artifact,c923a31d0892234b40fbd8f806d245991d57c516a9f683cdbbe454984c81f31f,1283,HISTORICAL_FIXTURE_OR_ROUTING_EVIDENCE_CONDITIONAL_REUSE,BYTE_INVENTORY_METADATA
reproducibility/outputs/traffic_simulation/demand/evrp_r14_routing_validation/20260909_r14_routing_validation_fixture_n10/r14_validation_report.json,data/artifact,e796d46b091292af815f423144bd52724e13cc85840f0c6144720d509071b1a2,993612,HISTORICAL_FIXTURE_OR_ROUTING_EVIDENCE_CONDITIONAL_REUSE,BYTE_INVENTORY_METADATA
reproducibility/outputs/traffic_simulation/demand/evrp_r14_routing_validation/20260909_r14_routing_validation_fixture_n10/spatial_detour_diagnostics.json,data/artifact,57b565bf965d83cd594ec8a5813a4769b1f704136dde8dca21ee1ecb3349edf5,40815,HISTORICAL_FIXTURE_OR_ROUTING_EVIDENCE_CONDITIONAL_REUSE,BYTE_INVENTORY_METADATA
reproducibility/outputs/traffic_simulation/demand/evrp_r14_routing_validation/20260909_r14_routing_validation_fixture_n10/speed_diagnostics.json,data/artifact,ef03af1259be933e692d8e7cbe8a15598e58160ad0c7315d8e5b943312519d8f,381,HISTORICAL_FIXTURE_OR_ROUTING_EVIDENCE_CONDITIONAL_REUSE,BYTE_INVENTORY_METADATA
reproducibility/outputs/traffic_simulation/demand/evrp_r14_routing_validation/20260909_r14_routing_validation_fixture_n10/spot_validation.json,data/artifact,a6d43d528088f5e96b3d3b4865d007b89faf67bca1212a2f7af26d840f882317,577864,HISTORICAL_FIXTURE_OR_ROUTING_EVIDENCE_CONDITIONAL_REUSE,BYTE_INVENTORY_METADATA
reproducibility/outputs/traffic_simulation/demand/evrp_r14_routing_validation/20260909_r14_routing_validation_fixture_n10_v18_geometry_reaccepted/anomaly_report.json,data/artifact,b21182697b7f6b9447cea4e0d6b7ccc84cdffd0c9bc3d426192a54c60f7aec38,4155,HISTORICAL_FIXTURE_OR_ROUTING_EVIDENCE_CONDITIONAL_REUSE,BYTE_INVENTORY_METADATA
reproducibility/outputs/traffic_simulation/demand/evrp_r14_routing_validation/20260909_r14_routing_validation_fixture_n10_v18_geometry_reaccepted/asymmetry_diagnostics.json,data/artifact,dd2744a502dc9f816e124f142d712e32419520ac76abd7a7ee3b39037d7f1da6,22917,HISTORICAL_FIXTURE_OR_ROUTING_EVIDENCE_CONDITIONAL_REUSE,BYTE_INVENTORY_METADATA
reproducibility/outputs/traffic_simulation/demand/evrp_r14_routing_validation/20260909_r14_routing_validation_fixture_n10_v18_geometry_reaccepted/od_completeness.json,data/artifact,43798e6dc7b9fa0908392174952c6bd0917c0f822ac116702b7f5caaae9cf2d6,176,HISTORICAL_FIXTURE_OR_ROUTING_EVIDENCE_CONDITIONAL_REUSE,BYTE_INVENTORY_METADATA
reproducibility/outputs/traffic_simulation/demand/evrp_r14_routing_validation/20260909_r14_routing_validation_fixture_n10_v18_geometry_reaccepted/r14_manifest.json,data/artifact,9218f4bfc8139ef910a67a7bc62486d0a184497b8f047a0c6f8642a2ea6fa2cf,1576,HISTORICAL_FIXTURE_OR_ROUTING_EVIDENCE_CONDITIONAL_REUSE,BYTE_INVENTORY_METADATA
reproducibility/outputs/traffic_simulation/demand/evrp_r14_routing_validation/20260909_r14_routing_validation_fixture_n10_v18_geometry_reaccepted/r14_statistics.json,data/artifact,469387eee1afb79cd28d198be4063a6bacbb86f6cf885b6bcca35fb101c448ea,1310,HISTORICAL_FIXTURE_OR_ROUTING_EVIDENCE_CONDITIONAL_REUSE,BYTE_INVENTORY_METADATA
reproducibility/outputs/traffic_simulation/demand/evrp_r14_routing_validation/20260909_r14_routing_validation_fixture_n10_v18_geometry_reaccepted/r14_validation_report.json,data/artifact,489516593b6c125bfd32a8b5c10572d59c1d1da11bd7d6adf4796e6e7bb57ea2,788523,HISTORICAL_FIXTURE_OR_ROUTING_EVIDENCE_CONDITIONAL_REUSE,BYTE_INVENTORY_METADATA
reproducibility/outputs/traffic_simulation/demand/evrp_r14_routing_validation/20260909_r14_routing_validation_fixture_n10_v18_geometry_reaccepted/spatial_detour_diagnostics.json,data/artifact,548f56bf17d334c6fe5e45774e72c89ad2a204943d874eadd44bb04abdc4d1c6,305,HISTORICAL_FIXTURE_OR_ROUTING_EVIDENCE_CONDITIONAL_REUSE,BYTE_INVENTORY_METADATA
reproducibility/outputs/traffic_simulation/demand/evrp_r14_routing_validation/20260909_r14_routing_validation_fixture_n10_v18_geometry_reaccepted/speed_diagnostics.json,data/artifact,312afd437a08043afd4b0638acd89eaef4a3fc363d260ff1b5afa82daeb4e179,407,HISTORICAL_FIXTURE_OR_ROUTING_EVIDENCE_CONDITIONAL_REUSE,BYTE_INVENTORY_METADATA
reproducibility/outputs/traffic_simulation/demand/evrp_r14_routing_validation/20260909_r14_routing_validation_fixture_n10_v18_geometry_reaccepted/spot_validation.json,data/artifact,a42e8d734063701ff5336ecabaca0159bfcfc83f2bb5d6c9a9aec76d4f75cea3,499477,HISTORICAL_FIXTURE_OR_ROUTING_EVIDENCE_CONDITIONAL_REUSE,BYTE_INVENTORY_METADATA
reproducibility/outputs/traffic_simulation/demand/evrp_r14_routing_validation/20260909_r14_routing_validation_fixture_n10_v18_geometry_reaccepted/v18_route_geometry_length_validation.json,data/artifact,d50799973ceb576be6139f1af46ef92cc3e988b6599839b1233635081fabcc17,5700,HISTORICAL_FIXTURE_OR_ROUTING_EVIDENCE_CONDITIONAL_REUSE,BYTE_INVENTORY_METADATA
reproducibility/outputs/traffic_simulation/demand/evrp_r15_common_instance/20260909_r15_common_instance_fixture_n10_v18/common_instance.json,data/artifact,1d01afb5b871dc0cfdbeda701f5853827e0d24bb126d86d958644cb36ec5f1ca,547093,HISTORICAL_FIXTURE_OR_ROUTING_EVIDENCE_CONDITIONAL_REUSE,BYTE_INVENTORY_METADATA
reproducibility/outputs/traffic_simulation/demand/evrp_r15_common_instance/20260909_r15_common_instance_fixture_n10_v18/node_index_mapping.csv,data/artifact,a9ab24fab2129b2c7fb8203adcfb9c123c9d697605292f0493265c420143954c,487,HISTORICAL_FIXTURE_OR_ROUTING_EVIDENCE_CONDITIONAL_REUSE,FULL_TABULAR
reproducibility/outputs/traffic_simulation/demand/evrp_r15_common_instance/20260909_r15_common_instance_fixture_n10_v18/provenance_ledger.json,data/artifact,9f8d3206991dd6eaeb08ad1b21f62926dd09f4ece85c6ae8857a21c0bb2f0493,5473,HISTORICAL_FIXTURE_OR_ROUTING_EVIDENCE_CONDITIONAL_REUSE,BYTE_INVENTORY_METADATA
reproducibility/outputs/traffic_simulation/demand/evrp_r15_common_instance/20260909_r15_common_instance_fixture_n10_v18/r15_config.json,data/artifact,6a57af71934a9db4f6718f3ae2cd59ec791f9ae3eb8c33eb0a361ae8a74971de,748,HISTORICAL_FIXTURE_OR_ROUTING_EVIDENCE_CONDITIONAL_REUSE,BYTE_INVENTORY_METADATA
reproducibility/outputs/traffic_simulation/demand/evrp_r15_common_instance/20260909_r15_common_instance_fixture_n10_v18/r15_manifest.json,data/artifact,33aba4e492fa96103b7516472ec9d1f8b7433f5752c632096d903cc705cda19c,1248,HISTORICAL_FIXTURE_OR_ROUTING_EVIDENCE_CONDITIONAL_REUSE,BYTE_INVENTORY_METADATA
reproducibility/outputs/traffic_simulation/demand/evrp_r15_common_instance/20260909_r15_common_instance_fixture_n10_v18/r15_validation_report.json,data/artifact,5a615f02814cf4c15e81a14fa7201eebf66dcba82fbecabe57abd8ded6a359e7,754,HISTORICAL_FIXTURE_OR_ROUTING_EVIDENCE_CONDITIONAL_REUSE,BYTE_INVENTORY_METADATA
reproducibility/outputs/traffic_simulation/demand/evrp_r15_common_instance/20260909_r15_common_instance_fixture_n10_v18_payload_fixed/common_instance.json,data/artifact,cbbe1c70e3a227ae0a17104f184c7d24f9676f4beaac6a5a38c9277a6d35eb3c,552963,HISTORICAL_FIXTURE_OR_ROUTING_EVIDENCE_CONDITIONAL_REUSE,BYTE_INVENTORY_METADATA
reproducibility/outputs/traffic_simulation/demand/evrp_r15_common_instance/20260909_r15_common_instance_fixture_n10_v18_payload_fixed/node_index_mapping.csv,data/artifact,a9ab24fab2129b2c7fb8203adcfb9c123c9d697605292f0493265c420143954c,487,HISTORICAL_FIXTURE_OR_ROUTING_EVIDENCE_CONDITIONAL_REUSE,FULL_TABULAR
reproducibility/outputs/traffic_simulation/demand/evrp_r15_common_instance/20260909_r15_common_instance_fixture_n10_v18_payload_fixed/provenance_ledger.json,data/artifact,9f8d3206991dd6eaeb08ad1b21f62926dd09f4ece85c6ae8857a21c0bb2f0493,5473,HISTORICAL_FIXTURE_OR_ROUTING_EVIDENCE_CONDITIONAL_REUSE,BYTE_INVENTORY_METADATA
reproducibility/outputs/traffic_simulation/demand/evrp_r15_common_instance/20260909_r15_common_instance_fixture_n10_v18_payload_fixed/r15_config.json,data/artifact,6a57af71934a9db4f6718f3ae2cd59ec791f9ae3eb8c33eb0a361ae8a74971de,748,HISTORICAL_FIXTURE_OR_ROUTING_EVIDENCE_CONDITIONAL_REUSE,BYTE_INVENTORY_METADATA
reproducibility/outputs/traffic_simulation/demand/evrp_r15_common_instance/20260909_r15_common_instance_fixture_n10_v18_payload_fixed/r15_validation_report.json,data/artifact,cf85cc9d84404a028af2f14fc12d195bcc39361312a0959d2e6da3ed90fcc75d,754,HISTORICAL_FIXTURE_OR_ROUTING_EVIDENCE_CONDITIONAL_REUSE,BYTE_INVENTORY_METADATA
reproducibility/outputs/traffic_simulation/demand/evrp_r15_common_instance/20260909_r15_common_instance_fixture_n10_v18_r09_v18_authority_closed/common_instance.json,data/artifact,7ca39facf83de619db7ec37daa90409834d89b4b75bfeb4e7c501ddef94b2ac4,552990,HISTORICAL_FIXTURE_OR_ROUTING_EVIDENCE_CONDITIONAL_REUSE,BYTE_INVENTORY_METADATA
reproducibility/outputs/traffic_simulation/demand/evrp_r15_common_instance/20260909_r15_common_instance_fixture_n10_v18_r09_v18_authority_closed/node_index_mapping.csv,data/artifact,a9ab24fab2129b2c7fb8203adcfb9c123c9d697605292f0493265c420143954c,487,HISTORICAL_FIXTURE_OR_ROUTING_EVIDENCE_CONDITIONAL_REUSE,FULL_TABULAR
reproducibility/outputs/traffic_simulation/demand/evrp_r15_common_instance/20260909_r15_common_instance_fixture_n10_v18_r09_v18_authority_closed/provenance_ledger.json,data/artifact,031dff487223d1b0fc094173d4d1aaa6d49bb9428d2712ef07e7118b510802be,5498,HISTORICAL_FIXTURE_OR_ROUTING_EVIDENCE_CONDITIONAL_REUSE,BYTE_INVENTORY_METADATA
reproducibility/outputs/traffic_simulation/demand/evrp_r15_common_instance/20260909_r15_common_instance_fixture_n10_v18_r09_v18_authority_closed/r15_config.json,data/artifact,3c796877e6eb41e5b06f8e2b9d9114a0f5f3202e8554e023745c7bb43c914c4b,899,HISTORICAL_FIXTURE_OR_ROUTING_EVIDENCE_CONDITIONAL_REUSE,BYTE_INVENTORY_METADATA
reproducibility/outputs/traffic_simulation/demand/evrp_r15_common_instance/20260909_r15_common_instance_fixture_n10_v18_r09_v18_authority_closed/r15_manifest.json,data/artifact,655c24a503de6af9e6f16401771857c2332d157476c7c8be9773c30dad4585cd,1042,HISTORICAL_FIXTURE_OR_ROUTING_EVIDENCE_CONDITIONAL_REUSE,BYTE_INVENTORY_METADATA
reproducibility/outputs/traffic_simulation/demand/evrp_r15_common_instance/20260909_r15_common_instance_fixture_n10_v18_r09_v18_authority_closed/r15_validation_report.json,data/artifact,037a1266801f53b6f64c9952cf0cb732175a0656b25cf5edddab717c60156beb,754,HISTORICAL_FIXTURE_OR_ROUTING_EVIDENCE_CONDITIONAL_REUSE,BYTE_INVENTORY_METADATA
reproducibility/outputs/traffic_simulation/demand/evrp_r16_constraints/20260909_r16_common_hard_constraints_v1_fixture_n10/constraint_config.json,data/artifact,8bb0ec1c1817b34b93aa84741ab4a7c1c353f69ead9549bf517381a3defa1eda,421,HISTORICAL_FIXTURE_OR_ROUTING_EVIDENCE_CONDITIONAL_REUSE,BYTE_INVENTORY_METADATA
reproducibility/outputs/traffic_simulation/demand/evrp_r16_constraints/20260909_r16_common_hard_constraints_v1_fixture_n10/constraint_spec.json,data/artifact,8380356f06bd79f78d722617aba206d5e4a90f56703ad36c66380a339318c6d0,13356,HISTORICAL_FIXTURE_OR_ROUTING_EVIDENCE_CONDITIONAL_REUSE,BYTE_INVENTORY_METADATA
reproducibility/outputs/traffic_simulation/demand/evrp_r16_constraints/20260909_r16_common_hard_constraints_v1_fixture_n10/r16_manifest.json,data/artifact,70b1f80d486c4bfd8ddda6fef3b67b16d50aed13623cbddc0c610a662cf5ba7f,1005,HISTORICAL_FIXTURE_OR_ROUTING_EVIDENCE_CONDITIONAL_REUSE,BYTE_INVENTORY_METADATA
reproducibility/outputs/traffic_simulation/demand/evrp_r16_constraints/20260909_r16_common_hard_constraints_v1_fixture_n10/r16_validation_report.json,data/artifact,55797983a0d7fda3fd51e3d6a8877f3ad877bfadd38418d00b2fda989d031ac3,615,HISTORICAL_FIXTURE_OR_ROUTING_EVIDENCE_CONDITIONAL_REUSE,BYTE_INVENTORY_METADATA
reproducibility/outputs/traffic_simulation/demand/evrp_r16_constraints/20260909_r16_common_hard_constraints_v1_fixture_n10/validator_contract.json,data/artifact,d8982f927efb463026f05427172f85627234d2252646310d614d777402237f94,658,HISTORICAL_FIXTURE_OR_ROUTING_EVIDENCE_CONDITIONAL_REUSE,BYTE_INVENTORY_METADATA
reproducibility/outputs/traffic_simulation/demand/evrp_r16_constraints/20260909_r16_common_hard_constraints_v1_fixture_n10_charger_revisit_resolved/constraint_config.json,data/artifact,809fa1bd989a279c2a64169b8278258145728c319e1dabac4178962d3eb1bd83,459,HISTORICAL_FIXTURE_OR_ROUTING_EVIDENCE_CONDITIONAL_REUSE,BYTE_INVENTORY_METADATA
reproducibility/outputs/traffic_simulation/demand/evrp_r16_constraints/20260909_r16_common_hard_constraints_v1_fixture_n10_charger_revisit_resolved/constraint_spec.json,data/artifact,f5532f521b00855eeda7e74286c76e169ad4b5ac890ea093402d92f5c5a90313,14160,HISTORICAL_FIXTURE_OR_ROUTING_EVIDENCE_CONDITIONAL_REUSE,BYTE_INVENTORY_METADATA
reproducibility/outputs/traffic_simulation/demand/evrp_r16_constraints/20260909_r16_common_hard_constraints_v1_fixture_n10_charger_revisit_resolved/r16_manifest.json,data/artifact,bf390f8f1018855a39ee659481e6d54d13d2ef23fa33a5f86e4353edc375d2b7,1123,HISTORICAL_FIXTURE_OR_ROUTING_EVIDENCE_CONDITIONAL_REUSE,BYTE_INVENTORY_METADATA
reproducibility/outputs/traffic_simulation/demand/evrp_r16_constraints/20260909_r16_common_hard_constraints_v1_fixture_n10_charger_revisit_resolved/r16_validation_report.json,data/artifact,f93dc13bb7e40b4e6e32bf4c182704ce89546f9593bc218c99976c2586030924,571,HISTORICAL_FIXTURE_OR_ROUTING_EVIDENCE_CONDITIONAL_REUSE,BYTE_INVENTORY_METADATA
reproducibility/outputs/traffic_simulation/demand/evrp_r16_constraints/20260909_r16_common_hard_constraints_v1_fixture_n10_charger_revisit_resolved/validator_contract.json,data/artifact,176656214dbc42fb91dd298911e28a7da39567d43d7945f13f1dc2d6ac858fe4,928,HISTORICAL_FIXTURE_OR_ROUTING_EVIDENCE_CONDITIONAL_REUSE,BYTE_INVENTORY_METADATA
reproducibility/outputs/traffic_simulation/demand/evrp_r16_constraints/20260909_r16_common_hard_constraints_v1_fixture_n10_charger_revisit_resolved_payload_fixed/constraint_config.json,data/artifact,809fa1bd989a279c2a64169b8278258145728c319e1dabac4178962d3eb1bd83,459,HISTORICAL_FIXTURE_OR_ROUTING_EVIDENCE_CONDITIONAL_REUSE,BYTE_INVENTORY_METADATA
reproducibility/outputs/traffic_simulation/demand/evrp_r16_constraints/20260909_r16_common_hard_constraints_v1_fixture_n10_charger_revisit_resolved_payload_fixed/constraint_spec.json,data/artifact,1b1c3132b44a542605b19f354a5d9c7464a093aa4cb23b04583ca92e0841ec67,14174,HISTORICAL_FIXTURE_OR_ROUTING_EVIDENCE_CONDITIONAL_REUSE,BYTE_INVENTORY_METADATA
reproducibility/outputs/traffic_simulation/demand/evrp_r16_constraints/20260909_r16_common_hard_constraints_v1_fixture_n10_charger_revisit_resolved_payload_fixed/r16_manifest.json,data/artifact,b0348205722ab596255de8baa163077b7205069adba2a3ccaceab7f75f9c3e0d,1137,HISTORICAL_FIXTURE_OR_ROUTING_EVIDENCE_CONDITIONAL_REUSE,BYTE_INVENTORY_METADATA
reproducibility/outputs/traffic_simulation/demand/evrp_r16_constraints/20260909_r16_common_hard_constraints_v1_fixture_n10_charger_revisit_resolved_payload_fixed/r16_validation_report.json,data/artifact,fef09ea670915e19c86b264be60c336ac1ceef1ae28061fc18c06c3bd2792a7c,571,HISTORICAL_FIXTURE_OR_ROUTING_EVIDENCE_CONDITIONAL_REUSE,BYTE_INVENTORY_METADATA
reproducibility/outputs/traffic_simulation/demand/evrp_r16_constraints/20260909_r16_common_hard_constraints_v1_fixture_n10_charger_revisit_resolved_payload_fixed/validator_contract.json,data/artifact,176656214dbc42fb91dd298911e28a7da39567d43d7945f13f1dc2d6ac858fe4,928,HISTORICAL_FIXTURE_OR_ROUTING_EVIDENCE_CONDITIONAL_REUSE,BYTE_INVENTORY_METADATA
reproducibility/outputs/traffic_simulation/demand/evrp_r17_cpsat_standalone/20260910_r17_cpsat_standalone_formulation_fixture_n10_v18/cpsat_formulation_spec.json,data/artifact,943350776a9211aeaf21dae480a9403aea455ab3274d5a948c9e9ce16b5d5b9a,13666,HISTORICAL_FIXTURE_OR_ROUTING_EVIDENCE_CONDITIONAL_REUSE,BYTE_INVENTORY_METADATA
reproducibility/outputs/traffic_simulation/demand/evrp_r17_cpsat_standalone/20260910_r17_cpsat_standalone_formulation_fixture_n10_v18/r17_cpsat_formulation_validation_report.json,data/artifact,2adc02c8801b676d21814b095d16f20cf3adc03559d9c6d15aedda8b8ffc453c,1558,HISTORICAL_FIXTURE_OR_ROUTING_EVIDENCE_CONDITIONAL_REUSE,BYTE_INVENTORY_METADATA
reproducibility/outputs/traffic_simulation/demand/evrp_r17_cpsat_standalone/20260910_r17_cpsat_standalone_formulation_fixture_n10_v18_slot_order_proof/charger_slot_ordering_proof.json,data/artifact,92d9bccce409aba6ad44cccd9d8e5493a1c4c9db55cb5bd6246e234dec818e0d,3718,HISTORICAL_FIXTURE_OR_ROUTING_EVIDENCE_CONDITIONAL_REUSE,BYTE_INVENTORY_METADATA
reproducibility/outputs/traffic_simulation/demand/evrp_r17_cpsat_standalone/20260910_r17_cpsat_standalone_formulation_fixture_n10_v18_slot_order_proof/integer_model_smoke_test_contract.json,data/artifact,a68c3ec63b922eb24a5cbea59c695bec57bb79ca9fdec59843904321921de3d5,5445,HISTORICAL_FIXTURE_OR_ROUTING_EVIDENCE_CONDITIONAL_REUSE,BYTE_INVENTORY_METADATA
reproducibility/outputs/traffic_simulation/demand/evrp_r17_cpsat_standalone/20260910_r17_cpsat_standalone_formulation_fixture_n10_v18_slot_order_proof/r17_slot_order_validation_report.json,data/artifact,8ad2dec265505136379e9f73f8cf5be05dabbf3a116cee16f9724b2a2a69518b,1291,HISTORICAL_FIXTURE_OR_ROUTING_EVIDENCE_CONDITIONAL_REUSE,BYTE_INVENTORY_METADATA
reproducibility/outputs/traffic_simulation/demand/evrp_r17_cpsat_standalone/20260910_r17_integer_model_smoke_fixture_n10_v18_retry_01/T01_no_charger.json,data/artifact,7a0127638bce14e0ade6d9a300fa822488cb8f55f4c09f85189e8d16b44c8395,1314,HISTORICAL_FIXTURE_OR_ROUTING_EVIDENCE_CONDITIONAL_REUSE,BYTE_INVENTORY_METADATA
reproducibility/outputs/traffic_simulation/demand/evrp_r17_cpsat_standalone/20260910_r17_integer_model_smoke_fixture_n10_v18_retry_01/T02_one_charger.json,data/artifact,998d35f867eeafbfd5534a62ce28b2446b496c90fa643c1ec761d3a418af900f,1386,HISTORICAL_FIXTURE_OR_ROUTING_EVIDENCE_CONDITIONAL_REUSE,BYTE_INVENTORY_METADATA
reproducibility/outputs/traffic_simulation/demand/evrp_r17_cpsat_standalone/20260910_r17_integer_model_smoke_fixture_n10_v18_retry_01/T03_multiple_revisit.json,data/artifact,aeb3d30908c51949e08adaa565d0e501ec82e24d8e2842e221b6eeee11bb8fe8,1559,HISTORICAL_FIXTURE_OR_ROUTING_EVIDENCE_CONDITIONAL_REUSE,BYTE_INVENTORY_METADATA
reproducibility/outputs/traffic_simulation/demand/evrp_r17_cpsat_standalone/20260910_r17_integer_model_smoke_fixture_n10_v18_retry_01/T04_consecutive_charger.json,data/artifact,d3d8b9e7671c66d03c109e3beb0a68ee64724973f09118b3c8d9873a1d8ffedc,514,HISTORICAL_FIXTURE_OR_ROUTING_EVIDENCE_CONDITIONAL_REUSE,BYTE_INVENTORY_METADATA
reproducibility/outputs/traffic_simulation/demand/evrp_r17_cpsat_standalone/20260910_r17_integer_model_smoke_fixture_n10_v18_retry_01/T05_duration_over_cap.json,data/artifact,5189eb560487417757a367455bf947d3ee9f0cdb0f5dec7d761aee6a30f0d66c,487,HISTORICAL_FIXTURE_OR_ROUTING_EVIDENCE_CONDITIONAL_REUSE,BYTE_INVENTORY_METADATA
reproducibility/outputs/traffic_simulation/demand/evrp_r17_cpsat_standalone/20260910_r17_integer_model_smoke_fixture_n10_v18_retry_01/T06_capacity_overflow.json,data/artifact,f988d7416f2ffc7bd774dd16369e1f5e3b2c5f175fab83e922198f765c424aa5,484,HISTORICAL_FIXTURE_OR_ROUTING_EVIDENCE_CONDITIONAL_REUSE,BYTE_INVENTORY_METADATA
reproducibility/outputs/traffic_simulation/demand/evrp_r17_cpsat_standalone/20260910_r17_integer_model_smoke_fixture_n10_v18_retry_01/T07_minimum_energy.json,data/artifact,e2573ed2a5e83d484e4753fb82a02a8a367d3254b26a64c71d3f37aca38be6c5,1723,HISTORICAL_FIXTURE_OR_ROUTING_EVIDENCE_CONDITIONAL_REUSE,BYTE_INVENTORY_METADATA
reproducibility/outputs/traffic_simulation/demand/evrp_r17_cpsat_standalone/20260910_r17_integer_model_smoke_fixture_n10_v18_retry_01/T08_unused_slot_neutrality.json,data/artifact,a0155f975c5487fd770ff5b04e502671c17f9e0deba66a395c5e3af6b0edb21b,1398,HISTORICAL_FIXTURE_OR_ROUTING_EVIDENCE_CONDITIONAL_REUSE,BYTE_INVENTORY_METADATA
reproducibility/outputs/traffic_simulation/demand/evrp_r17_cpsat_standalone/20260910_r17_integer_model_smoke_fixture_n10_v18_retry_01/aggregate_validation_report.json,data/artifact,65cc606b2847370dcb2f9c7fd5bf0de5855acfafa4c97a12f741ba5633e38fc5,1454,HISTORICAL_FIXTURE_OR_ROUTING_EVIDENCE_CONDITIONAL_REUSE,BYTE_INVENTORY_METADATA
reproducibility/outputs/traffic_simulation/demand/evrp_r17_cpsat_standalone/20260910_r17_integer_model_smoke_fixture_n10_v18_retry_01/manifest.json,data/artifact,da216680b93ae22775b917acf53143c3b88b70b562115207f02fc0aaed60f8fe,1254,HISTORICAL_FIXTURE_OR_ROUTING_EVIDENCE_CONDITIONAL_REUSE,BYTE_INVENTORY_METADATA
reproducibility/outputs/traffic_simulation/demand/evrp_r17_cpsat_standalone/20260910_r17_integer_model_smoke_fixture_n10_v18_retry_01/repeated_run_comparison.json,data/artifact,8543f8ff4c2789e02f50c01c106bea74d25ecf00eaa3d8839e0d624e7e1d582f,12514,HISTORICAL_FIXTURE_OR_ROUTING_EVIDENCE_CONDITIONAL_REUSE,BYTE_INVENTORY_METADATA
reproducibility/outputs/traffic_simulation/demand/evrp_r17_cpsat_standalone/20260910_r17_relaxed_diagnostics_formulation_gate_fixture_n10_v18_retry_01/T04_consecutive_charger_relaxed_diagnostic.json,data/artifact,74b2ecfd0d83d23f3788c4a7e1a7e7dbecf7fd68ff353f924cf10e10da6cd660,656,HISTORICAL_FIXTURE_OR_ROUTING_EVIDENCE_CONDITIONAL_REUSE,BYTE_INVENTORY_METADATA
reproducibility/outputs/traffic_simulation/demand/evrp_r17_cpsat_standalone/20260910_r17_relaxed_diagnostics_formulation_gate_fixture_n10_v18_retry_01/T05_duration_over_cap_relaxed_diagnostic.json,data/artifact,c056e17bb60b2baef849827fab66ed4e54498b414a697bf25c5ce7570e8128e4,769,HISTORICAL_FIXTURE_OR_ROUTING_EVIDENCE_CONDITIONAL_REUSE,BYTE_INVENTORY_METADATA
reproducibility/outputs/traffic_simulation/demand/evrp_r17_cpsat_standalone/20260910_r17_relaxed_diagnostics_formulation_gate_fixture_n10_v18_retry_01/T06_capacity_overflow_relaxed_diagnostic.json,data/artifact,f26e7ff8e5d534ad9a74c25808c20dd377e9b7adf55b352e8369335b4f0b36e5,721,HISTORICAL_FIXTURE_OR_ROUTING_EVIDENCE_CONDITIONAL_REUSE,BYTE_INVENTORY_METADATA
reproducibility/outputs/traffic_simulation/demand/evrp_r17_cpsat_standalone/20260910_r17_relaxed_diagnostics_formulation_gate_fixture_n10_v18_retry_01/T07_minimum_energy_relaxed_diagnostic.json,data/artifact,f3eab057da187d6d3b4530b2b5fe690bad6560df6f8d591a7aaf3677c891d8c4,747,HISTORICAL_FIXTURE_OR_ROUTING_EVIDENCE_CONDITIONAL_REUSE,BYTE_INVENTORY_METADATA
reproducibility/outputs/traffic_simulation/demand/evrp_r17_cpsat_standalone/20260910_r17_relaxed_diagnostics_formulation_gate_fixture_n10_v18_retry_01/manifest.json,data/artifact,71074af7c79ce05ac025eb36d5ce236a4280d96096f71f7cb343c0ed569e136c,846,HISTORICAL_FIXTURE_OR_ROUTING_EVIDENCE_CONDITIONAL_REUSE,BYTE_INVENTORY_METADATA
reproducibility/outputs/traffic_simulation/demand/evrp_r17_cpsat_standalone/20260910_r17_relaxed_diagnostics_formulation_gate_fixture_n10_v18_retry_01/relaxed_diagnostics_aggregate.json,data/artifact,2f9524b095929ed9f56f4346a0cbd231fce8a0b691a399d078e7f4a54f804952,3761,HISTORICAL_FIXTURE_OR_ROUTING_EVIDENCE_CONDITIONAL_REUSE,BYTE_INVENTORY_METADATA
reproducibility/outputs/traffic_simulation/demand/evrp_r17_cpsat_standalone/20260910_r17_relaxed_diagnostics_formulation_gate_fixture_n10_v18_retry_02/T04_consecutive_charger_relaxed_diagnostic.json,data/artifact,ccdfcd4c82a7cb81a5186d9eb5f61c9722be1ed74dfe16025af73013ae2dc9ef,650,HISTORICAL_FIXTURE_OR_ROUTING_EVIDENCE_CONDITIONAL_REUSE,BYTE_INVENTORY_METADATA
reproducibility/outputs/traffic_simulation/demand/evrp_r17_cpsat_standalone/20260910_r17_relaxed_diagnostics_formulation_gate_fixture_n10_v18_retry_02/T05_duration_over_cap_relaxed_diagnostic.json,data/artifact,bd5f60b5be31dbf8c8da0650c36eaa26e87a72e4346945dc434c6b23b21aea96,770,HISTORICAL_FIXTURE_OR_ROUTING_EVIDENCE_CONDITIONAL_REUSE,BYTE_INVENTORY_METADATA
reproducibility/outputs/traffic_simulation/demand/evrp_r17_cpsat_standalone/20260910_r17_relaxed_diagnostics_formulation_gate_fixture_n10_v18_retry_02/T06_capacity_overflow_relaxed_diagnostic.json,data/artifact,cc52a6ba32ebd47fc5e8f29e169160101df0d9b184519119ce9bc9b213d07e53,721,HISTORICAL_FIXTURE_OR_ROUTING_EVIDENCE_CONDITIONAL_REUSE,BYTE_INVENTORY_METADATA
reproducibility/outputs/traffic_simulation/demand/evrp_r17_cpsat_standalone/20260910_r17_relaxed_diagnostics_formulation_gate_fixture_n10_v18_retry_02/T07_minimum_energy_relaxed_diagnostic.json,data/artifact,3f787e08801ceb087b7a0b83a7b3c8cc38fa0fbb2a96fa097a7ea8d7cb709e33,747,HISTORICAL_FIXTURE_OR_ROUTING_EVIDENCE_CONDITIONAL_REUSE,BYTE_INVENTORY_METADATA
reproducibility/outputs/traffic_simulation/demand/evrp_r17_cpsat_standalone/20260910_r17_relaxed_diagnostics_formulation_gate_fixture_n10_v18_retry_02/manifest.json,data/artifact,c92f2565ec245cc8540ae77089ae26989a571be535b5f7d9a7d40f375509f351,955,HISTORICAL_FIXTURE_OR_ROUTING_EVIDENCE_CONDITIONAL_REUSE,BYTE_INVENTORY_METADATA
reproducibility/outputs/traffic_simulation/demand/evrp_r17_cpsat_standalone/20260910_r17_relaxed_diagnostics_formulation_gate_fixture_n10_v18_retry_02/r17_formulation_gate_review.json,data/artifact,aba514751bc2d06641311cfca536a6edaab55beb077701223a8d500846f49d6f,5577,HISTORICAL_FIXTURE_OR_ROUTING_EVIDENCE_CONDITIONAL_REUSE,BYTE_INVENTORY_METADATA
reproducibility/outputs/traffic_simulation/demand/evrp_r17_cpsat_standalone/20260910_r17_relaxed_diagnostics_formulation_gate_fixture_n10_v18_retry_02/relaxed_diagnostics_aggregate.json,data/artifact,c94b50f282e0b5452d98a20f00b10c809259abab52ba71c2962c2fb4b64aced6,3755,HISTORICAL_FIXTURE_OR_ROUTING_EVIDENCE_CONDITIONAL_REUSE,BYTE_INVENTORY_METADATA
reproducibility/outputs/traffic_simulation/demand/evrp_r17_cpsat_standalone/20260910_r17_t05_duration_cap_causal_retry_03/T05_causal_diagnostic_preflight.json,data/artifact,5a3bc0f74acc770b74a02245f3ea9fbf3b6a1322f75c4a61fec1bd1f7b076246,1200,HISTORICAL_FIXTURE_OR_ROUTING_EVIDENCE_CONDITIONAL_REUSE,BYTE_INVENTORY_METADATA
reproducibility/outputs/traffic_simulation/demand/evrp_r17_cpsat_standalone/20260910_r17_t05_duration_cap_causal_retry_03/manifest.json,data/artifact,aea8729da11eacb0d26b768729ceff87960f64230060bc119876091ca0629218,217,HISTORICAL_FIXTURE_OR_ROUTING_EVIDENCE_CONDITIONAL_REUSE,BYTE_INVENTORY_METADATA
reproducibility/outputs/traffic_simulation/demand/evrp_r17_cpsat_standalone/20260910_r17_t05_redundant_bound_proof_20260910/T05_redundant_bound_proof.json,data/artifact,9365f36041a358217b67418a7e0430012f770dda15327f9ebc40ed3fd45072ab,1664,HISTORICAL_FIXTURE_OR_ROUTING_EVIDENCE_CONDITIONAL_REUSE,BYTE_INVENTORY_METADATA
reproducibility/outputs/traffic_simulation/demand/evrp_r17_cpsat_standalone/20260910_r17_t05_redundant_bound_proof_20260910/manifest.json,data/artifact,8c54379a97d0bdbb253a6e0de2624b4af0492e227dfd6a6e2207810e9e4756b1,209,HISTORICAL_FIXTURE_OR_ROUTING_EVIDENCE_CONDITIONAL_REUSE,BYTE_INVENTORY_METADATA
reproducibility/outputs/traffic_simulation/demand/evrp_r17_ortools/20260909_r17_ortools_formulation_fixture_n10_v18/hc_mapping_table.json,data/artifact,2f338d925535344c54be732ed54c6ccd37bb4c038e93340cfb37a00767c917ac,5211,HISTORICAL_FIXTURE_OR_ROUTING_EVIDENCE_CONDITIONAL_REUSE,BYTE_INVENTORY_METADATA
reproducibility/outputs/traffic_simulation/demand/evrp_r17_ortools/20260909_r17_ortools_formulation_fixture_n10_v18/ortools_formulation_spec.json,data/artifact,370bdd0369411a81328346f98733ee93938f0777b4fc7cda1b661775b16fdef0,9848,HISTORICAL_FIXTURE_OR_ROUTING_EVIDENCE_CONDITIONAL_REUSE,BYTE_INVENTORY_METADATA
reproducibility/outputs/traffic_simulation/demand/evrp_r17_ortools/20260909_r17_ortools_formulation_fixture_n10_v18/r17_manifest.json,data/artifact,871d9afda8fab42d672e93f4aaa2c32836fbf1f5b1064eb2c25a346af6378c18,1653,HISTORICAL_FIXTURE_OR_ROUTING_EVIDENCE_CONDITIONAL_REUSE,BYTE_INVENTORY_METADATA
reproducibility/outputs/traffic_simulation/demand/evrp_r17_ortools/20260909_r17_ortools_formulation_fixture_n10_v18/r17_validation_report.json,data/artifact,41949fe54e76dfd5eb5152be7b078741085bdcb9ff2372eb2713c07a3c8fa94a,976,HISTORICAL_FIXTURE_OR_ROUTING_EVIDENCE_CONDITIONAL_REUSE,BYTE_INVENTORY_METADATA
reproducibility/outputs/traffic_simulation/demand/evrp_r17_ortools/20260909_r17_ortools_formulation_fixture_n10_v18/r18_execution_contract.json,data/artifact,64d57d32e3ef890af1c232033e7b525968a5cfcd313b89a6aba8f4b66f20216a,392,HISTORICAL_FIXTURE_OR_ROUTING_EVIDENCE_CONDITIONAL_REUSE,BYTE_INVENTORY_METADATA
reproducibility/outputs/traffic_simulation/demand/evrp_r17_ortools/20260909_r17_ortools_formulation_fixture_n10_v18/r18_output_schema.json,data/artifact,b9ae2a2b695a45b4536ba707d9ed813b9f87f8185a4ccc6cbbe1c84a4f715571,716,HISTORICAL_FIXTURE_OR_ROUTING_EVIDENCE_CONDITIONAL_REUSE,BYTE_INVENTORY_METADATA
reproducibility/outputs/traffic_simulation/demand/evrp_r17_ortools/20260909_r17_ortools_formulation_fixture_n10_v18/r18_solver_config.json,data/artifact,9da8d141314022e6ab1a6128341207ca77a681a605cb8e965ab1a08d19c6d57d,323,HISTORICAL_FIXTURE_OR_ROUTING_EVIDENCE_CONDITIONAL_REUSE,BYTE_INVENTORY_METADATA
reproducibility/outputs/traffic_simulation/demand/evrp_r17_ortools/20260909_r17_ortools_formulation_fixture_n10_v18_payload_charger_solver_fixed/hc_mapping_table.json,data/artifact,c0716140d93b5fa2f54fddd61cb852c6bc9bec9dd2837ad0d3f8ec15465c0493,5302,HISTORICAL_FIXTURE_OR_ROUTING_EVIDENCE_CONDITIONAL_REUSE,BYTE_INVENTORY_METADATA
reproducibility/outputs/traffic_simulation/demand/evrp_r17_ortools/20260909_r17_ortools_formulation_fixture_n10_v18_payload_charger_solver_fixed/ortools_formulation_spec.json,data/artifact,f572b338ed14aa0ab87301bf4f10ce4195e405d017f15e205903ea1d59055c73,10356,HISTORICAL_FIXTURE_OR_ROUTING_EVIDENCE_CONDITIONAL_REUSE,BYTE_INVENTORY_METADATA
reproducibility/outputs/traffic_simulation/demand/evrp_r17_ortools/20260909_r17_ortools_formulation_fixture_n10_v18_payload_charger_solver_fixed/r17_validation_report.json,data/artifact,2df8de97d8537c9da02ca0ca3d6b59cf8266f7d9144bfe03b4979ce3c036ec7e,712,HISTORICAL_FIXTURE_OR_ROUTING_EVIDENCE_CONDITIONAL_REUSE,BYTE_INVENTORY_METADATA
reproducibility/outputs/traffic_simulation/demand/evrp_r17_ortools/20260909_r17_ortools_formulation_fixture_n10_v18_payload_charger_solver_fixed/r18_execution_contract.json,data/artifact,6439a080bc318a157958e60a41fdd4e1787973b71a5e7fcfbb0a5937569b5d98,460,HISTORICAL_FIXTURE_OR_ROUTING_EVIDENCE_CONDITIONAL_REUSE,BYTE_INVENTORY_METADATA
reproducibility/outputs/traffic_simulation/demand/evrp_r17_ortools/20260909_r17_ortools_formulation_fixture_n10_v18_payload_charger_solver_fixed/r18_output_schema.json,data/artifact,2ea3bd0b1742583333c2f6e1a1903d91b7c8765748561fb76d81c0099b5efc66,783,HISTORICAL_FIXTURE_OR_ROUTING_EVIDENCE_CONDITIONAL_REUSE,BYTE_INVENTORY_METADATA
reproducibility/outputs/traffic_simulation/demand/evrp_r17_ortools/20260909_r17_ortools_formulation_fixture_n10_v18_payload_charger_solver_fixed/r18_solver_config.json,data/artifact,b948bbd31edf8576e3ec2420c50bc6996e4e89db8a5f0e8116d42f76bdd7f3b1,364,HISTORICAL_FIXTURE_OR_ROUTING_EVIDENCE_CONDITIONAL_REUSE,BYTE_INVENTORY_METADATA
reproducibility/outputs/traffic_simulation/demand/evrp_r17_ortools/20260909_r17_ortools_formulation_fixture_n10_v18_r09_v18_authority_closed/hc_mapping_table.json,data/artifact,c0716140d93b5fa2f54fddd61cb852c6bc9bec9dd2837ad0d3f8ec15465c0493,5302,HISTORICAL_FIXTURE_OR_ROUTING_EVIDENCE_CONDITIONAL_REUSE,BYTE_INVENTORY_METADATA
reproducibility/outputs/traffic_simulation/demand/evrp_r17_ortools/20260909_r17_ortools_formulation_fixture_n10_v18_r09_v18_authority_closed/ortools_formulation_spec.json,data/artifact,656cdf23ab85fed1d04e2e20f9840da161d2c3aac5f4ac61e6bad6219ff84143,10381,HISTORICAL_FIXTURE_OR_ROUTING_EVIDENCE_CONDITIONAL_REUSE,BYTE_INVENTORY_METADATA
reproducibility/outputs/traffic_simulation/demand/evrp_r17_ortools/20260909_r17_ortools_formulation_fixture_n10_v18_r09_v18_authority_closed/r17_dependency_manifest.json,data/artifact,2d6b38db641e24cbb0d7fe9ab0fbfe2e1d21d2ee3891d742ed6b2486f107e619,1392,HISTORICAL_FIXTURE_OR_ROUTING_EVIDENCE_CONDITIONAL_REUSE,BYTE_INVENTORY_METADATA
reproducibility/outputs/traffic_simulation/demand/evrp_r17_ortools/20260909_r17_ortools_formulation_fixture_n10_v18_r09_v18_authority_closed/r17_validation_report.json,data/artifact,1931762972a65f8d008e6be44c8b9fb65ceb1de62b25c10874a1adfe08e1995e,712,HISTORICAL_FIXTURE_OR_ROUTING_EVIDENCE_CONDITIONAL_REUSE,BYTE_INVENTORY_METADATA
reproducibility/outputs/traffic_simulation/demand/evrp_r17_ortools/20260909_r17_ortools_formulation_fixture_n10_v18_r09_v18_authority_closed/r18_execution_contract.json,data/artifact,bbf90206ee96a483dfa5887edea39f3e731a9f686fc9e0811a8ca0ece6f62ed5,485,HISTORICAL_FIXTURE_OR_ROUTING_EVIDENCE_CONDITIONAL_REUSE,BYTE_INVENTORY_METADATA
reproducibility/outputs/traffic_simulation/demand/evrp_r17_ortools/20260909_r17_ortools_formulation_fixture_n10_v18_r09_v18_authority_closed/r18_output_schema.json,data/artifact,2ea3bd0b1742583333c2f6e1a1903d91b7c8765748561fb76d81c0099b5efc66,783,HISTORICAL_FIXTURE_OR_ROUTING_EVIDENCE_CONDITIONAL_REUSE,BYTE_INVENTORY_METADATA
reproducibility/outputs/traffic_simulation/demand/evrp_r17_ortools/20260909_r17_ortools_formulation_fixture_n10_v18_r09_v18_authority_closed/r18_solver_config.json,data/artifact,b948bbd31edf8576e3ec2420c50bc6996e4e89db8a5f0e8116d42f76bdd7f3b1,364,HISTORICAL_FIXTURE_OR_ROUTING_EVIDENCE_CONDITIONAL_REUSE,BYTE_INVENTORY_METADATA
reproducibility/outputs/traffic_simulation/demand/evrp_r18_cpsat_execution/20260910_r18_cpsat_standalone_fixture_n10_v18_execution_01/exact_model_config.json,data/artifact,4e8dec80141533363c5fff9406481d8bf24d4deb47fcfbb3cdfde699a2bb6c2f,347,HISTORICAL_FIXTURE_OR_ROUTING_EVIDENCE_CONDITIONAL_REUSE,BYTE_INVENTORY_METADATA
reproducibility/outputs/traffic_simulation/demand/evrp_r18_cpsat_execution/20260910_r18_cpsat_standalone_fixture_n10_v18_execution_01/execution_level_validation_report.json,data/artifact,577ef6611126443053ff13a0f76aaff0a458aa1e872d711f16822e46c00fae9a,137,HISTORICAL_FIXTURE_OR_ROUTING_EVIDENCE_CONDITIONAL_REUSE,BYTE_INVENTORY_METADATA
reproducibility/outputs/traffic_simulation/demand/evrp_r18_cpsat_execution/20260910_r18_cpsat_standalone_fixture_n10_v18_execution_01/formulation_snapshot.json,data/artifact,ce9304b480e5fd58a6f1d4b3713bd21ca7f56ddd0c8ba0107f1d5c0567cf7318,14870,HISTORICAL_FIXTURE_OR_ROUTING_EVIDENCE_CONDITIONAL_REUSE,BYTE_INVENTORY_METADATA
reproducibility/outputs/traffic_simulation/demand/evrp_r18_cpsat_execution/20260910_r18_cpsat_standalone_fixture_n10_v18_execution_01/manifest.json,data/artifact,0c19b758eabdbf0467847ba83238e38e99332dee433ce6f6dab2592300a40d1f,176,HISTORICAL_FIXTURE_OR_ROUTING_EVIDENCE_CONDITIONAL_REUSE,BYTE_INVENTORY_METADATA
reproducibility/outputs/traffic_simulation/demand/evrp_r18_cpsat_execution/20260910_r18_cpsat_standalone_fixture_n10_v18_execution_01/model_build_manifest.json,data/artifact,4fdf3308acd5d0d6273786544fba0f915ca3f72634c26cd8bba0f3670b2e1795,212,HISTORICAL_FIXTURE_OR_ROUTING_EVIDENCE_CONDITIONAL_REUSE,BYTE_INVENTORY_METADATA
reproducibility/outputs/traffic_simulation/demand/evrp_r18_cpsat_execution/20260910_r18_cpsat_standalone_fixture_n10_v18_execution_01/preflight_report.json,data/artifact,2ce80d237f9849ffcf2685fe4897cb6b3a3675db2ebe9db02550eb89bfcd5a1c,779,HISTORICAL_FIXTURE_OR_ROUTING_EVIDENCE_CONDITIONAL_REUSE,BYTE_INVENTORY_METADATA
reproducibility/outputs/traffic_simulation/demand/evrp_r18_cpsat_execution/20260910_r18_cpsat_standalone_fixture_n10_v18_execution_01/solver_config.json,data/artifact,b2f877dce3b1fd7fbff4228ef8c831ced7391acf1cb1a684a91347b9d786be83,340,HISTORICAL_FIXTURE_OR_ROUTING_EVIDENCE_CONDITIONAL_REUSE,BYTE_INVENTORY_METADATA
reproducibility/outputs/traffic_simulation/demand/evrp_r18_cpsat_execution/20260910_r18_cpsat_standalone_fixture_n10_v18_execution_01/stage_1_solver.log,data/artifact,267989419f8aef9159a02fbb9e81161079c812c146e0b52efe62b9f7c631d33f,1107,HISTORICAL_FIXTURE_OR_ROUTING_EVIDENCE_CONDITIONAL_REUSE,BYTE_INVENTORY_METADATA
reproducibility/outputs/traffic_simulation/demand/evrp_r18_cpsat_execution/20260910_r18_cpsat_standalone_fixture_n10_v18_execution_02/exact_model_config.json,data/artifact,4e8dec80141533363c5fff9406481d8bf24d4deb47fcfbb3cdfde699a2bb6c2f,347,HISTORICAL_FIXTURE_OR_ROUTING_EVIDENCE_CONDITIONAL_REUSE,BYTE_INVENTORY_METADATA
reproducibility/outputs/traffic_simulation/demand/evrp_r18_cpsat_execution/20260910_r18_cpsat_standalone_fixture_n10_v18_execution_02/execution_level_validation_report.json,data/artifact,be309535cf3c0e7ec90c42880bca07b9f7885152d3613fefac72d874b1ff1821,103,HISTORICAL_FIXTURE_OR_ROUTING_EVIDENCE_CONDITIONAL_REUSE,BYTE_INVENTORY_METADATA
reproducibility/outputs/traffic_simulation/demand/evrp_r18_cpsat_execution/20260910_r18_cpsat_standalone_fixture_n10_v18_execution_02/formulation_snapshot.json,data/artifact,ce9304b480e5fd58a6f1d4b3713bd21ca7f56ddd0c8ba0107f1d5c0567cf7318,14870,HISTORICAL_FIXTURE_OR_ROUTING_EVIDENCE_CONDITIONAL_REUSE,BYTE_INVENTORY_METADATA
reproducibility/outputs/traffic_simulation/demand/evrp_r18_cpsat_execution/20260910_r18_cpsat_standalone_fixture_n10_v18_execution_02/manifest.json,data/artifact,c72a5dc43ed0251dae4750fc2efa486bb2eab830f02d13109cb2ec83d8fd9942,176,HISTORICAL_FIXTURE_OR_ROUTING_EVIDENCE_CONDITIONAL_REUSE,BYTE_INVENTORY_METADATA
reproducibility/outputs/traffic_simulation/demand/evrp_r18_cpsat_execution/20260910_r18_cpsat_standalone_fixture_n10_v18_execution_02/model_build_manifest.json,data/artifact,4fdf3308acd5d0d6273786544fba0f915ca3f72634c26cd8bba0f3670b2e1795,212,HISTORICAL_FIXTURE_OR_ROUTING_EVIDENCE_CONDITIONAL_REUSE,BYTE_INVENTORY_METADATA
reproducibility/outputs/traffic_simulation/demand/evrp_r18_cpsat_execution/20260910_r18_cpsat_standalone_fixture_n10_v18_execution_02/preflight_report.json,data/artifact,2ce80d237f9849ffcf2685fe4897cb6b3a3675db2ebe9db02550eb89bfcd5a1c,779,HISTORICAL_FIXTURE_OR_ROUTING_EVIDENCE_CONDITIONAL_REUSE,BYTE_INVENTORY_METADATA
reproducibility/outputs/traffic_simulation/demand/evrp_r18_cpsat_execution/20260910_r18_cpsat_standalone_fixture_n10_v18_execution_02/solver_config.json,data/artifact,b2f877dce3b1fd7fbff4228ef8c831ced7391acf1cb1a684a91347b9d786be83,340,HISTORICAL_FIXTURE_OR_ROUTING_EVIDENCE_CONDITIONAL_REUSE,BYTE_INVENTORY_METADATA
reproducibility/outputs/traffic_simulation/demand/evrp_r18_cpsat_execution/20260910_r18_cpsat_standalone_fixture_n10_v18_execution_02/stage_1_result.json,data/artifact,367b5594488301b1828eba350cbb5b886ee85867d4fec24e05b7631a4911eb0e,329,HISTORICAL_FIXTURE_OR_ROUTING_EVIDENCE_CONDITIONAL_REUSE,BYTE_INVENTORY_METADATA
reproducibility/outputs/traffic_simulation/demand/evrp_r18_cpsat_execution/20260910_r18_cpsat_standalone_fixture_n10_v18_execution_02/stage_1_solver.log,data/artifact,1fa3cbecc6bdd7862d9be3880338a5e7ffa47add31c847ea5b5270d86191cb77,1105,HISTORICAL_FIXTURE_OR_ROUTING_EVIDENCE_CONDITIONAL_REUSE,BYTE_INVENTORY_METADATA
reproducibility/outputs/traffic_simulation/demand/evrp_r18_cpsat_execution/20260910_r18_cpsat_standalone_fixture_n10_v18_execution_03/charging_event_table.json,data/artifact,dec25b372566490d6fc1e0c350251fe16fc1679364b7d1351f58ca1929f7cc85,1749,HISTORICAL_FIXTURE_OR_ROUTING_EVIDENCE_CONDITIONAL_REUSE,BYTE_INVENTORY_METADATA
reproducibility/outputs/traffic_simulation/demand/evrp_r18_cpsat_execution/20260910_r18_cpsat_standalone_fixture_n10_v18_execution_03/decoded_solution.json,data/artifact,6b5a5bebd815b832f3b69f90410eef0a462ccf890f31e0361b600477420aaa58,20286,HISTORICAL_FIXTURE_OR_ROUTING_EVIDENCE_CONDITIONAL_REUSE,BYTE_INVENTORY_METADATA
reproducibility/outputs/traffic_simulation/demand/evrp_r18_cpsat_execution/20260910_r18_cpsat_standalone_fixture_n10_v18_execution_03/exact_model_config.json,data/artifact,4e8dec80141533363c5fff9406481d8bf24d4deb47fcfbb3cdfde699a2bb6c2f,347,HISTORICAL_FIXTURE_OR_ROUTING_EVIDENCE_CONDITIONAL_REUSE,BYTE_INVENTORY_METADATA
reproducibility/outputs/traffic_simulation/demand/evrp_r18_cpsat_execution/20260910_r18_cpsat_standalone_fixture_n10_v18_execution_03/execution_level_validation_report.json,data/artifact,0466fdcf71f5283c3f05defbd08c4dd88a414fb0733fb617f3b4b01dd53389bd,316,HISTORICAL_FIXTURE_OR_ROUTING_EVIDENCE_CONDITIONAL_REUSE,BYTE_INVENTORY_METADATA
reproducibility/outputs/traffic_simulation/demand/evrp_r18_cpsat_execution/20260910_r18_cpsat_standalone_fixture_n10_v18_execution_03/formulation_snapshot.json,data/artifact,ce9304b480e5fd58a6f1d4b3713bd21ca7f56ddd0c8ba0107f1d5c0567cf7318,14870,HISTORICAL_FIXTURE_OR_ROUTING_EVIDENCE_CONDITIONAL_REUSE,BYTE_INVENTORY_METADATA
reproducibility/outputs/traffic_simulation/demand/evrp_r18_cpsat_execution/20260910_r18_cpsat_standalone_fixture_n10_v18_execution_03/manifest.json,data/artifact,481b4ce6cc18c6268145f2fc8afe782725692def4ee17abf2b5a49947bb7d1d9,2017,HISTORICAL_FIXTURE_OR_ROUTING_EVIDENCE_CONDITIONAL_REUSE,BYTE_INVENTORY_METADATA
reproducibility/outputs/traffic_simulation/demand/evrp_r18_cpsat_execution/20260910_r18_cpsat_standalone_fixture_n10_v18_execution_03/model_build_manifest.json,data/artifact,4fdf3308acd5d0d6273786544fba0f915ca3f72634c26cd8bba0f3670b2e1795,212,HISTORICAL_FIXTURE_OR_ROUTING_EVIDENCE_CONDITIONAL_REUSE,BYTE_INVENTORY_METADATA
reproducibility/outputs/traffic_simulation/demand/evrp_r18_cpsat_execution/20260910_r18_cpsat_standalone_fixture_n10_v18_execution_03/node_state_trajectory.json,data/artifact,2324ddc312c122f128737d0d90247204a0066a4721bc503356dc10a52fc0be79,11606,HISTORICAL_FIXTURE_OR_ROUTING_EVIDENCE_CONDITIONAL_REUSE,BYTE_INVENTORY_METADATA
reproducibility/outputs/traffic_simulation/demand/evrp_r18_cpsat_execution/20260910_r18_cpsat_standalone_fixture_n10_v18_execution_03/objective_summary.json,data/artifact,f959bca418b64371f236ece3736d15e63cef3d7084c011f1a076afceef680001,504,HISTORICAL_FIXTURE_OR_ROUTING_EVIDENCE_CONDITIONAL_REUSE,BYTE_INVENTORY_METADATA
reproducibility/outputs/traffic_simulation/demand/evrp_r18_cpsat_execution/20260910_r18_cpsat_standalone_fixture_n10_v18_execution_03/preflight_report.json,data/artifact,2ce80d237f9849ffcf2685fe4897cb6b3a3675db2ebe9db02550eb89bfcd5a1c,779,HISTORICAL_FIXTURE_OR_ROUTING_EVIDENCE_CONDITIONAL_REUSE,BYTE_INVENTORY_METADATA
reproducibility/outputs/traffic_simulation/demand/evrp_r18_cpsat_execution/20260910_r18_cpsat_standalone_fixture_n10_v18_execution_03/repeat_02/charging_event_table.json,data/artifact,dec25b372566490d6fc1e0c350251fe16fc1679364b7d1351f58ca1929f7cc85,1749,HISTORICAL_FIXTURE_OR_ROUTING_EVIDENCE_CONDITIONAL_REUSE,BYTE_INVENTORY_METADATA
reproducibility/outputs/traffic_simulation/demand/evrp_r18_cpsat_execution/20260910_r18_cpsat_standalone_fixture_n10_v18_execution_03/repeat_02/decoded_solution.json,data/artifact,6b5a5bebd815b832f3b69f90410eef0a462ccf890f31e0361b600477420aaa58,20286,HISTORICAL_FIXTURE_OR_ROUTING_EVIDENCE_CONDITIONAL_REUSE,BYTE_INVENTORY_METADATA
reproducibility/outputs/traffic_simulation/demand/evrp_r18_cpsat_execution/20260910_r18_cpsat_standalone_fixture_n10_v18_execution_03/repeat_02/node_state_trajectory.json,data/artifact,2324ddc312c122f128737d0d90247204a0066a4721bc503356dc10a52fc0be79,11606,HISTORICAL_FIXTURE_OR_ROUTING_EVIDENCE_CONDITIONAL_REUSE,BYTE_INVENTORY_METADATA
reproducibility/outputs/traffic_simulation/demand/evrp_r18_cpsat_execution/20260910_r18_cpsat_standalone_fixture_n10_v18_execution_03/repeat_02/objective_summary.json,data/artifact,25b24f7f501c1ee19decf632e7fff55987598825bc423372c7892013bcc5598b,512,HISTORICAL_FIXTURE_OR_ROUTING_EVIDENCE_CONDITIONAL_REUSE,BYTE_INVENTORY_METADATA
reproducibility/outputs/traffic_simulation/demand/evrp_r18_cpsat_execution/20260910_r18_cpsat_standalone_fixture_n10_v18_execution_03/repeat_02/stage_1_solver.log,data/artifact,5403eba281a6ac836dbeb03748d69dc1c9f96def932b4d209c21ecb8238dd2ca,14591,HISTORICAL_FIXTURE_OR_ROUTING_EVIDENCE_CONDITIONAL_REUSE,BYTE_INVENTORY_METADATA
reproducibility/outputs/traffic_simulation/demand/evrp_r18_cpsat_execution/20260910_r18_cpsat_standalone_fixture_n10_v18_execution_03/repeat_02/stage_2_solver.log,data/artifact,94212b09e4d9ee3aa7b8d957bf1d5aa9b59da50f6fb181f2a568d59833b4d612,16604,HISTORICAL_FIXTURE_OR_ROUTING_EVIDENCE_CONDITIONAL_REUSE,BYTE_INVENTORY_METADATA
reproducibility/outputs/traffic_simulation/demand/evrp_r18_cpsat_execution/20260910_r18_cpsat_standalone_fixture_n10_v18_execution_03/repeated_run_comparison.json,data/artifact,0af6e8cfe518e6ead9d2694ee16babe779c148a6acc8c33f6326bb38fbd56415,1822,HISTORICAL_FIXTURE_OR_ROUTING_EVIDENCE_CONDITIONAL_REUSE,BYTE_INVENTORY_METADATA
reproducibility/outputs/traffic_simulation/demand/evrp_r18_cpsat_execution/20260910_r18_cpsat_standalone_fixture_n10_v18_execution_03/solver_config.json,data/artifact,b2f877dce3b1fd7fbff4228ef8c831ced7391acf1cb1a684a91347b9d786be83,340,HISTORICAL_FIXTURE_OR_ROUTING_EVIDENCE_CONDITIONAL_REUSE,BYTE_INVENTORY_METADATA
reproducibility/outputs/traffic_simulation/demand/evrp_r18_cpsat_execution/20260910_r18_cpsat_standalone_fixture_n10_v18_execution_03/stage_1_result.json,data/artifact,5a10b6bfdfdf6f7edec257526716277bb2b6da9920365842514beb83826b6d9e,327,HISTORICAL_FIXTURE_OR_ROUTING_EVIDENCE_CONDITIONAL_REUSE,BYTE_INVENTORY_METADATA
reproducibility/outputs/traffic_simulation/demand/evrp_r18_cpsat_execution/20260910_r18_cpsat_standalone_fixture_n10_v18_execution_03/stage_1_solver.log,data/artifact,a279a3e8e330c688e2a3e102d5bc08146124ea322cc40b6afd3454ef64c5835d,14590,HISTORICAL_FIXTURE_OR_ROUTING_EVIDENCE_CONDITIONAL_REUSE,BYTE_INVENTORY_METADATA
reproducibility/outputs/traffic_simulation/demand/evrp_r18_cpsat_execution/20260910_r18_cpsat_standalone_fixture_n10_v18_execution_03/stage_2_result.json,data/artifact,33b421134d8a2c8ffa00cc1acaf322e41e10ce004d07c40bd9ec9a25a435e913,349,HISTORICAL_FIXTURE_OR_ROUTING_EVIDENCE_CONDITIONAL_REUSE,BYTE_INVENTORY_METADATA
reproducibility/outputs/traffic_simulation/demand/evrp_r18_cpsat_execution/20260910_r18_cpsat_standalone_fixture_n10_v18_execution_03/stage_2_solver.log,data/artifact,c556501d2c694e1c0d2d78d6c3d22508b20c4fa41800bccea38d7350d3f0f163,16603,HISTORICAL_FIXTURE_OR_ROUTING_EVIDENCE_CONDITIONAL_REUSE,BYTE_INVENTORY_METADATA
reproducibility/outputs/traffic_simulation/demand/evrp_r18_cpsat_execution/20260910_r18_cpsat_standalone_fixture_n10_v18_preflight_blocked/exact_model_config.json,data/artifact,4e8dec80141533363c5fff9406481d8bf24d4deb47fcfbb3cdfde699a2bb6c2f,347,HISTORICAL_FIXTURE_OR_ROUTING_EVIDENCE_CONDITIONAL_REUSE,BYTE_INVENTORY_METADATA
reproducibility/outputs/traffic_simulation/demand/evrp_r18_cpsat_execution/20260910_r18_cpsat_standalone_fixture_n10_v18_preflight_blocked/execution_validation_report.json,data/artifact,bb50bcc9081d14a1ed1368f8d9ddee840af26f5439a01240d670ad16234e25a2,163,HISTORICAL_FIXTURE_OR_ROUTING_EVIDENCE_CONDITIONAL_REUSE,BYTE_INVENTORY_METADATA
reproducibility/outputs/traffic_simulation/demand/evrp_r18_cpsat_execution/20260910_r18_cpsat_standalone_fixture_n10_v18_preflight_blocked/formulation_snapshot.json,data/artifact,0a5076cb01e4979e055c9641635e147bad8a3f78b6c307bd6121fd4945b9174a,14694,HISTORICAL_FIXTURE_OR_ROUTING_EVIDENCE_CONDITIONAL_REUSE,BYTE_INVENTORY_METADATA
reproducibility/outputs/traffic_simulation/demand/evrp_r18_cpsat_execution/20260910_r18_cpsat_standalone_fixture_n10_v18_preflight_blocked/manifest.json,data/artifact,8adda918b0b86ceab2c48b15b64786c9896b7543c24fc4960fbaac114202bee3,1328,HISTORICAL_FIXTURE_OR_ROUTING_EVIDENCE_CONDITIONAL_REUSE,BYTE_INVENTORY_METADATA
reproducibility/outputs/traffic_simulation/demand/evrp_r18_cpsat_execution/20260910_r18_cpsat_standalone_fixture_n10_v18_preflight_blocked/model_build_manifest.json,data/artifact,424cf9621dda459f5a32140c7a4ee12288a01beb4fab6cbda3c1963105c63cc5,207,HISTORICAL_FIXTURE_OR_ROUTING_EVIDENCE_CONDITIONAL_REUSE,BYTE_INVENTORY_METADATA
reproducibility/outputs/traffic_simulation/demand/evrp_r18_cpsat_execution/20260910_r18_cpsat_standalone_fixture_n10_v18_preflight_blocked/preflight_report.json,data/artifact,81b76bbad0614c7051e85e77db8b194d0a0585a685b62fee92eb195432ce162b,776,HISTORICAL_FIXTURE_OR_ROUTING_EVIDENCE_CONDITIONAL_REUSE,BYTE_INVENTORY_METADATA
reproducibility/outputs/traffic_simulation/demand/evrp_r18_cpsat_execution/20260910_r18_cpsat_standalone_fixture_n10_v18_preflight_blocked/solver_config.json,data/artifact,fe9e423ea2582c6e40a5cefa101bcf2b146e3af195cb3d2f32693bae00af5e87,260,HISTORICAL_FIXTURE_OR_ROUTING_EVIDENCE_CONDITIONAL_REUSE,BYTE_INVENTORY_METADATA
reproducibility/outputs/traffic_simulation/demand/evrp_r18_cpsat_execution/20260910_r18_cpsat_standalone_fixture_n10_v18_preflight_blocked/stage_1_result.json,data/artifact,57753993cff9a40514396c447274aa68da228d48cf9e8c1580c0c2f0cf6f4e11,152,HISTORICAL_FIXTURE_OR_ROUTING_EVIDENCE_CONDITIONAL_REUSE,BYTE_INVENTORY_METADATA
reproducibility/outputs/traffic_simulation/demand/evrp_r18_cpsat_execution/20260910_r18_cpsat_standalone_fixture_n10_v18_preflight_blocked/stage_2_result.json,data/artifact,57753993cff9a40514396c447274aa68da228d48cf9e8c1580c0c2f0cf6f4e11,152,HISTORICAL_FIXTURE_OR_ROUTING_EVIDENCE_CONDITIONAL_REUSE,BYTE_INVENTORY_METADATA
reproducibility/outputs/traffic_simulation/demand/evrp_r18_cpsat_execution/20260910_r18_cpsat_standalone_fixture_n10_v18_preflight_ready_01/exact_model_config.json,data/artifact,4e8dec80141533363c5fff9406481d8bf24d4deb47fcfbb3cdfde699a2bb6c2f,347,HISTORICAL_FIXTURE_OR_ROUTING_EVIDENCE_CONDITIONAL_REUSE,BYTE_INVENTORY_METADATA
reproducibility/outputs/traffic_simulation/demand/evrp_r18_cpsat_execution/20260910_r18_cpsat_standalone_fixture_n10_v18_preflight_ready_01/execution_validation_report.json,data/artifact,ecec821214ef1c8684b4c14cbd1305e56cc1781c78d515598b1c5a03d15f64a2,191,HISTORICAL_FIXTURE_OR_ROUTING_EVIDENCE_CONDITIONAL_REUSE,BYTE_INVENTORY_METADATA
reproducibility/outputs/traffic_simulation/demand/evrp_r18_cpsat_execution/20260910_r18_cpsat_standalone_fixture_n10_v18_preflight_ready_01/formulation_snapshot.json,data/artifact,ce9304b480e5fd58a6f1d4b3713bd21ca7f56ddd0c8ba0107f1d5c0567cf7318,14870,HISTORICAL_FIXTURE_OR_ROUTING_EVIDENCE_CONDITIONAL_REUSE,BYTE_INVENTORY_METADATA
reproducibility/outputs/traffic_simulation/demand/evrp_r18_cpsat_execution/20260910_r18_cpsat_standalone_fixture_n10_v18_preflight_ready_01/manifest.json,data/artifact,afbde6da3ad5a6353fe2e1a70a19ad3280ec384169f698d291130f390e91a2e9,1330,HISTORICAL_FIXTURE_OR_ROUTING_EVIDENCE_CONDITIONAL_REUSE,BYTE_INVENTORY_METADATA
reproducibility/outputs/traffic_simulation/demand/evrp_r18_cpsat_execution/20260910_r18_cpsat_standalone_fixture_n10_v18_preflight_ready_01/model_build_manifest.json,data/artifact,4fdf3308acd5d0d6273786544fba0f915ca3f72634c26cd8bba0f3670b2e1795,212,HISTORICAL_FIXTURE_OR_ROUTING_EVIDENCE_CONDITIONAL_REUSE,BYTE_INVENTORY_METADATA
reproducibility/outputs/traffic_simulation/demand/evrp_r18_cpsat_execution/20260910_r18_cpsat_standalone_fixture_n10_v18_preflight_ready_01/preflight_report.json,data/artifact,2ce80d237f9849ffcf2685fe4897cb6b3a3675db2ebe9db02550eb89bfcd5a1c,779,HISTORICAL_FIXTURE_OR_ROUTING_EVIDENCE_CONDITIONAL_REUSE,BYTE_INVENTORY_METADATA
reproducibility/outputs/traffic_simulation/demand/evrp_r18_cpsat_execution/20260910_r18_cpsat_standalone_fixture_n10_v18_preflight_ready_01/solver_config.json,data/artifact,b2f877dce3b1fd7fbff4228ef8c831ced7391acf1cb1a684a91347b9d786be83,340,HISTORICAL_FIXTURE_OR_ROUTING_EVIDENCE_CONDITIONAL_REUSE,BYTE_INVENTORY_METADATA
reproducibility/outputs/traffic_simulation/demand/evrp_r18_cpsat_execution/20260910_r18_cpsat_standalone_fixture_n10_v18_preflight_ready_01/stage_1_result.json,data/artifact,0cd03191ee1efd619727003613f2b27062c1f8f5db7e5a4c445e663bcbdb7bf3,49,HISTORICAL_FIXTURE_OR_ROUTING_EVIDENCE_CONDITIONAL_REUSE,BYTE_INVENTORY_METADATA
reproducibility/outputs/traffic_simulation/demand/evrp_r18_cpsat_execution/20260910_r18_cpsat_standalone_fixture_n10_v18_preflight_ready_01/stage_2_result.json,data/artifact,0cd03191ee1efd619727003613f2b27062c1f8f5db7e5a4c445e663bcbdb7bf3,49,HISTORICAL_FIXTURE_OR_ROUTING_EVIDENCE_CONDITIONAL_REUSE,BYTE_INVENTORY_METADATA
reproducibility/outputs/traffic_simulation/demand/evrp_r18_cpsat_execution/20260910_r18_cpsat_standalone_fixture_n10_v18_preflight_ready_02/exact_model_config.json,data/artifact,4e8dec80141533363c5fff9406481d8bf24d4deb47fcfbb3cdfde699a2bb6c2f,347,HISTORICAL_FIXTURE_OR_ROUTING_EVIDENCE_CONDITIONAL_REUSE,BYTE_INVENTORY_METADATA
reproducibility/outputs/traffic_simulation/demand/evrp_r18_cpsat_execution/20260910_r18_cpsat_standalone_fixture_n10_v18_preflight_ready_02/execution_validation_report.json,data/artifact,623d546e2cd5b01dbc40d2b83adb288303142c8bf7503f3bffbbd25246127ebd,185,HISTORICAL_FIXTURE_OR_ROUTING_EVIDENCE_CONDITIONAL_REUSE,BYTE_INVENTORY_METADATA
reproducibility/outputs/traffic_simulation/demand/evrp_r18_cpsat_execution/20260910_r18_cpsat_standalone_fixture_n10_v18_preflight_ready_02/formulation_snapshot.json,data/artifact,ce9304b480e5fd58a6f1d4b3713bd21ca7f56ddd0c8ba0107f1d5c0567cf7318,14870,HISTORICAL_FIXTURE_OR_ROUTING_EVIDENCE_CONDITIONAL_REUSE,BYTE_INVENTORY_METADATA
reproducibility/outputs/traffic_simulation/demand/evrp_r18_cpsat_execution/20260910_r18_cpsat_standalone_fixture_n10_v18_preflight_ready_02/manifest.json,data/artifact,234fa55e14687cbdb5d8d387370bc68bba0cb2d8b4aa9747dd613d34254017a8,1461,HISTORICAL_FIXTURE_OR_ROUTING_EVIDENCE_CONDITIONAL_REUSE,BYTE_INVENTORY_METADATA
reproducibility/outputs/traffic_simulation/demand/evrp_r18_cpsat_execution/20260910_r18_cpsat_standalone_fixture_n10_v18_preflight_ready_02/model_build_manifest.json,data/artifact,4fdf3308acd5d0d6273786544fba0f915ca3f72634c26cd8bba0f3670b2e1795,212,HISTORICAL_FIXTURE_OR_ROUTING_EVIDENCE_CONDITIONAL_REUSE,BYTE_INVENTORY_METADATA
reproducibility/outputs/traffic_simulation/demand/evrp_r18_cpsat_execution/20260910_r18_cpsat_standalone_fixture_n10_v18_preflight_ready_02/preflight_report.json,data/artifact,2ce80d237f9849ffcf2685fe4897cb6b3a3675db2ebe9db02550eb89bfcd5a1c,779,HISTORICAL_FIXTURE_OR_ROUTING_EVIDENCE_CONDITIONAL_REUSE,BYTE_INVENTORY_METADATA
reproducibility/outputs/traffic_simulation/demand/evrp_r18_cpsat_execution/20260910_r18_cpsat_standalone_fixture_n10_v18_preflight_ready_02/r16_hash_audit.json,data/artifact,79ee59e83141e7c3275a70cbe9acbcc02d8db685ac34abe3b12dea5da66d5b21,1686,HISTORICAL_FIXTURE_OR_ROUTING_EVIDENCE_CONDITIONAL_REUSE,BYTE_INVENTORY_METADATA
reproducibility/outputs/traffic_simulation/demand/evrp_r18_cpsat_execution/20260910_r18_cpsat_standalone_fixture_n10_v18_preflight_ready_02/solver_config.json,data/artifact,b2f877dce3b1fd7fbff4228ef8c831ced7391acf1cb1a684a91347b9d786be83,340,HISTORICAL_FIXTURE_OR_ROUTING_EVIDENCE_CONDITIONAL_REUSE,BYTE_INVENTORY_METADATA
reproducibility/outputs/traffic_simulation/demand/evrp_r18_cpsat_execution/20260910_r18_cpsat_standalone_fixture_n10_v18_preflight_ready_02/stage_1_result.json,data/artifact,7d894ac4ddec4705167dd9a3d1d466c75f24e12857bd821b69ebebbae5d59918,123,HISTORICAL_FIXTURE_OR_ROUTING_EVIDENCE_CONDITIONAL_REUSE,BYTE_INVENTORY_METADATA
reproducibility/outputs/traffic_simulation/demand/evrp_r18_cpsat_execution/20260910_r18_cpsat_standalone_fixture_n10_v18_preflight_ready_02/stage_2_result.json,data/artifact,7d894ac4ddec4705167dd9a3d1d466c75f24e12857bd821b69ebebbae5d59918,123,HISTORICAL_FIXTURE_OR_ROUTING_EVIDENCE_CONDITIONAL_REUSE,BYTE_INVENTORY_METADATA
reproducibility/outputs/traffic_simulation/demand/evrp_r18_cpsat_execution/20260910_r18_cpsat_standalone_fixture_n10_v18_retry_02/exact_model_config.json,data/artifact,4e8dec80141533363c5fff9406481d8bf24d4deb47fcfbb3cdfde699a2bb6c2f,347,HISTORICAL_FIXTURE_OR_ROUTING_EVIDENCE_CONDITIONAL_REUSE,BYTE_INVENTORY_METADATA
reproducibility/outputs/traffic_simulation/demand/evrp_r18_cpsat_execution/20260910_r18_cpsat_standalone_fixture_n10_v18_retry_02/execution_validation_report.json,data/artifact,c44affc855f1c5272b863903b7ed3a04b1234e64f3fd633cec9d4d8b95a0cf22,190,HISTORICAL_FIXTURE_OR_ROUTING_EVIDENCE_CONDITIONAL_REUSE,BYTE_INVENTORY_METADATA
reproducibility/outputs/traffic_simulation/demand/evrp_r18_cpsat_execution/20260910_r18_cpsat_standalone_fixture_n10_v18_retry_02/formulation_snapshot.json,data/artifact,0a5076cb01e4979e055c9641635e147bad8a3f78b6c307bd6121fd4945b9174a,14694,HISTORICAL_FIXTURE_OR_ROUTING_EVIDENCE_CONDITIONAL_REUSE,BYTE_INVENTORY_METADATA
reproducibility/outputs/traffic_simulation/demand/evrp_r18_cpsat_execution/20260910_r18_cpsat_standalone_fixture_n10_v18_retry_02/manifest.json,data/artifact,caff97d140a27342c0a5d17bae408f83fbeda78f131a8e20be1f5e2b16c396e2,1319,HISTORICAL_FIXTURE_OR_ROUTING_EVIDENCE_CONDITIONAL_REUSE,BYTE_INVENTORY_METADATA
reproducibility/outputs/traffic_simulation/demand/evrp_r18_cpsat_execution/20260910_r18_cpsat_standalone_fixture_n10_v18_retry_02/model_build_manifest.json,data/artifact,4fdf3308acd5d0d6273786544fba0f915ca3f72634c26cd8bba0f3670b2e1795,212,HISTORICAL_FIXTURE_OR_ROUTING_EVIDENCE_CONDITIONAL_REUSE,BYTE_INVENTORY_METADATA
reproducibility/outputs/traffic_simulation/demand/evrp_r18_cpsat_execution/20260910_r18_cpsat_standalone_fixture_n10_v18_retry_02/preflight_report.json,data/artifact,91c1c34bff5cc55f41d561a2494a2aeae597cf812378be96aada52837be3e5ce,775,HISTORICAL_FIXTURE_OR_ROUTING_EVIDENCE_CONDITIONAL_REUSE,BYTE_INVENTORY_METADATA
reproducibility/outputs/traffic_simulation/demand/evrp_r18_cpsat_execution/20260910_r18_cpsat_standalone_fixture_n10_v18_retry_02/solver_config.json,data/artifact,fe9e423ea2582c6e40a5cefa101bcf2b146e3af195cb3d2f32693bae00af5e87,260,HISTORICAL_FIXTURE_OR_ROUTING_EVIDENCE_CONDITIONAL_REUSE,BYTE_INVENTORY_METADATA
reproducibility/outputs/traffic_simulation/demand/evrp_r18_cpsat_execution/20260910_r18_cpsat_standalone_fixture_n10_v18_retry_02/stage_1_result.json,data/artifact,57753993cff9a40514396c447274aa68da228d48cf9e8c1580c0c2f0cf6f4e11,152,HISTORICAL_FIXTURE_OR_ROUTING_EVIDENCE_CONDITIONAL_REUSE,BYTE_INVENTORY_METADATA
reproducibility/outputs/traffic_simulation/demand/evrp_r18_cpsat_execution/20260910_r18_cpsat_standalone_fixture_n10_v18_retry_02/stage_2_result.json,data/artifact,57753993cff9a40514396c447274aa68da228d48cf9e8c1580c0c2f0cf6f4e11,152,HISTORICAL_FIXTURE_OR_ROUTING_EVIDENCE_CONDITIONAL_REUSE,BYTE_INVENTORY_METADATA
reproducibility/outputs/traffic_simulation/demand/evrp_r18_ortools_execution/20260910_r18_ortools_execution_fixture_n10_v18/exact_solver_config.json,data/artifact,b948bbd31edf8576e3ec2420c50bc6996e4e89db8a5f0e8116d42f76bdd7f3b1,364,HISTORICAL_FIXTURE_OR_ROUTING_EVIDENCE_CONDITIONAL_REUSE,BYTE_INVENTORY_METADATA
reproducibility/outputs/traffic_simulation/demand/evrp_r18_ortools_execution/20260910_r18_ortools_execution_fixture_n10_v18/execution.log,data/artifact,62157e7ec891b7d2edc86a9527639de41100a2dccd7eaeb88b98b6fe8ab46c8e,310,HISTORICAL_FIXTURE_OR_ROUTING_EVIDENCE_CONDITIONAL_REUSE,BYTE_INVENTORY_METADATA
reproducibility/outputs/traffic_simulation/demand/evrp_r18_ortools_execution/20260910_r18_ortools_execution_fixture_n10_v18/execution_level_validation_report.json,data/artifact,4642fc3d93aa57149d3ad868784b428ec0fef3264f04618f6eb44de7a1d8adcb,864,HISTORICAL_FIXTURE_OR_ROUTING_EVIDENCE_CONDITIONAL_REUSE,BYTE_INVENTORY_METADATA
reproducibility/outputs/traffic_simulation/demand/evrp_r18_ortools_execution/20260910_r18_ortools_execution_fixture_n10_v18/formulation_snapshot.json,data/artifact,656cdf23ab85fed1d04e2e20f9840da161d2c3aac5f4ac61e6bad6219ff84143,10381,HISTORICAL_FIXTURE_OR_ROUTING_EVIDENCE_CONDITIONAL_REUSE,BYTE_INVENTORY_METADATA
reproducibility/outputs/traffic_simulation/demand/evrp_r18_ortools_execution/20260910_r18_ortools_execution_fixture_n10_v18/manifest.json,data/artifact,b686f1957fdb1b6eca76d225000dc39175d51125123bc85ede6a9c74a947eb57,622,HISTORICAL_FIXTURE_OR_ROUTING_EVIDENCE_CONDITIONAL_REUSE,BYTE_INVENTORY_METADATA
reproducibility/outputs/traffic_simulation/demand/evrp_r18_ortools_execution/20260910_r18_ortools_execution_fixture_n10_v18/preflight_report.json,data/artifact,465b9626f1795fa4db955c36bc6a48fa6571af0f299a92c85d18fdcb125fd5b6,788,HISTORICAL_FIXTURE_OR_ROUTING_EVIDENCE_CONDITIONAL_REUSE,BYTE_INVENTORY_METADATA
reproducibility/outputs/traffic_simulation/demand/evrp_r18_ortools_execution/20260910_r18_ortools_execution_fixture_n10_v18/solver_output.json,data/artifact,ee058a2cea407263b7ad82e15232b27f6dfff6bb86629a97e5b5e9e1bcef2d42,231,HISTORICAL_FIXTURE_OR_ROUTING_EVIDENCE_CONDITIONAL_REUSE,BYTE_INVENTORY_METADATA
reproducibility/outputs/traffic_simulation/demand/evrp_r18_ortools_execution/20260910_r18_ortools_execution_fixture_n10_v18_retry_01/exact_solver_config.json,data/artifact,b948bbd31edf8576e3ec2420c50bc6996e4e89db8a5f0e8116d42f76bdd7f3b1,364,HISTORICAL_FIXTURE_OR_ROUTING_EVIDENCE_CONDITIONAL_REUSE,BYTE_INVENTORY_METADATA
reproducibility/outputs/traffic_simulation/demand/evrp_r18_ortools_execution/20260910_r18_ortools_execution_fixture_n10_v18_retry_01/execution.log,data/artifact,6f96e285ce94387d753a73aa7a2ddb7a202ea6ed87d7dc0dd9aa9f60786afc4f,318,HISTORICAL_FIXTURE_OR_ROUTING_EVIDENCE_CONDITIONAL_REUSE,BYTE_INVENTORY_METADATA
reproducibility/outputs/traffic_simulation/demand/evrp_r18_ortools_execution/20260910_r18_ortools_execution_fixture_n10_v18_retry_01/execution_level_validation_report.json,data/artifact,ce5726378561238f35c824e9544f78e783596bffc173bcecfef18bc4fdd23f32,815,HISTORICAL_FIXTURE_OR_ROUTING_EVIDENCE_CONDITIONAL_REUSE,BYTE_INVENTORY_METADATA
reproducibility/outputs/traffic_simulation/demand/evrp_r18_ortools_execution/20260910_r18_ortools_execution_fixture_n10_v18_retry_01/formulation_snapshot.json,data/artifact,656cdf23ab85fed1d04e2e20f9840da161d2c3aac5f4ac61e6bad6219ff84143,10381,HISTORICAL_FIXTURE_OR_ROUTING_EVIDENCE_CONDITIONAL_REUSE,BYTE_INVENTORY_METADATA
reproducibility/outputs/traffic_simulation/demand/evrp_r18_ortools_execution/20260910_r18_ortools_execution_fixture_n10_v18_retry_01/manifest.json,data/artifact,d955ffa9a50c9eb2ecb33367f981826ed1c9c4f04279c449e25a0599c1afc597,692,HISTORICAL_FIXTURE_OR_ROUTING_EVIDENCE_CONDITIONAL_REUSE,BYTE_INVENTORY_METADATA
reproducibility/outputs/traffic_simulation/demand/evrp_r18_ortools_execution/20260910_r18_ortools_execution_fixture_n10_v18_retry_01/preflight_report.json,data/artifact,465b9626f1795fa4db955c36bc6a48fa6571af0f299a92c85d18fdcb125fd5b6,788,HISTORICAL_FIXTURE_OR_ROUTING_EVIDENCE_CONDITIONAL_REUSE,BYTE_INVENTORY_METADATA
reproducibility/outputs/traffic_simulation/demand/evrp_r18_ortools_execution/20260910_r18_ortools_execution_fixture_n10_v18_retry_01/smoke_test_report.json,data/artifact,791ef75c2c29681ad4096ce2a808a98acaeede8b0a0bf3b40ade14b88353ddf7,3924,HISTORICAL_FIXTURE_OR_ROUTING_EVIDENCE_CONDITIONAL_REUSE,BYTE_INVENTORY_METADATA
reproducibility/outputs/traffic_simulation/demand/evrp_r18_ortools_execution/20260910_r18_ortools_execution_fixture_n10_v18_retry_01/solver_output.json,data/artifact,1f756007918e45b196d5ea68c40f6b0ee383f454091017a1157e51302870de91,219,HISTORICAL_FIXTURE_OR_ROUTING_EVIDENCE_CONDITIONAL_REUSE,BYTE_INVENTORY_METADATA
reproducibility/outputs/traffic_simulation/demand/evrp_r18_ortools_execution/20260910_r18_ortools_execution_fixture_n10_v18_retry_02/execution.log,data/artifact,b349febb1a66bd343ce9939ce644091e476f5af3cf138627067489f0eee559f2,291,HISTORICAL_FIXTURE_OR_ROUTING_EVIDENCE_CONDITIONAL_REUSE,BYTE_INVENTORY_METADATA
reproducibility/outputs/traffic_simulation/demand/evrp_r18_ortools_execution/20260910_r18_ortools_execution_fixture_n10_v18_retry_02/execution_level_validation_report.json,data/artifact,ac9f6b903a22dc45b6c6decb5f80b7507c5fdb7e807d0d9fc813493e8aaec895,882,HISTORICAL_FIXTURE_OR_ROUTING_EVIDENCE_CONDITIONAL_REUSE,BYTE_INVENTORY_METADATA
reproducibility/outputs/traffic_simulation/demand/evrp_r18_ortools_execution/20260910_r18_ortools_execution_fixture_n10_v18_retry_02/manifest.json,data/artifact,626e6637833b85f77202ce98e521ce08242e45194562ff0fa5e0fb39e1192454,782,HISTORICAL_FIXTURE_OR_ROUTING_EVIDENCE_CONDITIONAL_REUSE,BYTE_INVENTORY_METADATA
reproducibility/outputs/traffic_simulation/demand/evrp_r18_ortools_execution/20260910_r18_ortools_execution_fixture_n10_v18_retry_02/parameter_compatibility_smoke_report.json,data/artifact,5b14d9c3d2a080c3820ead215af50b31fe0703e5beae16a6a43333ef7b2a99de,1532,HISTORICAL_FIXTURE_OR_ROUTING_EVIDENCE_CONDITIONAL_REUSE,BYTE_INVENTORY_METADATA
reproducibility/outputs/traffic_simulation/demand/evrp_r18_ortools_execution/20260910_r18_ortools_execution_fixture_n10_v18_retry_02/preflight_report.json,data/artifact,465b9626f1795fa4db955c36bc6a48fa6571af0f299a92c85d18fdcb125fd5b6,788,HISTORICAL_FIXTURE_OR_ROUTING_EVIDENCE_CONDITIONAL_REUSE,BYTE_INVENTORY_METADATA
reproducibility/outputs/traffic_simulation/demand/evrp_r18_ortools_execution/20260910_r18_ortools_execution_fixture_n10_v18_retry_02/smoke_test_report.json,data/artifact,791ef75c2c29681ad4096ce2a808a98acaeede8b0a0bf3b40ade14b88353ddf7,3924,HISTORICAL_FIXTURE_OR_ROUTING_EVIDENCE_CONDITIONAL_REUSE,BYTE_INVENTORY_METADATA
reproducibility/outputs/traffic_simulation/demand/evrp_r18_ortools_execution/20260910_r18_ortools_execution_fixture_n10_v18_retry_02/solver_output.json,data/artifact,be2845614c25b1dcc3c42c158c350934cf11321f7b223ad040c38c7905a6e0e0,273,HISTORICAL_FIXTURE_OR_ROUTING_EVIDENCE_CONDITIONAL_REUSE,BYTE_INVENTORY_METADATA
reproducibility/outputs/traffic_simulation/demand/evrp_r19_validation/20260910_r19_cpsat_solution_validation_fixture_n10_v18/charging_event_validation.json,data/artifact,b7d1c4a1a493fea29b60cb24f3b193486f6f25cd17dad76588d2011afbebab23,3329,HISTORICAL_FIXTURE_OR_ROUTING_EVIDENCE_CONDITIONAL_REUSE,BYTE_INVENTORY_METADATA
reproducibility/outputs/traffic_simulation/demand/evrp_r19_validation/20260910_r19_cpsat_solution_validation_fixture_n10_v18/energy_soc_trajectory.json,data/artifact,05f2cb46647cd2e20d6016515c18e92848b8677b4800ebc48b434771a75151e0,5743,HISTORICAL_FIXTURE_OR_ROUTING_EVIDENCE_CONDITIONAL_REUSE,BYTE_INVENTORY_METADATA
reproducibility/outputs/traffic_simulation/demand/evrp_r19_validation/20260910_r19_cpsat_solution_validation_fixture_n10_v18/hc01_hc13_result_table.json,data/artifact,b7de9a8300715aee8eb9fe7ca733564546102e3e5b03e2351c45854b64353949,19304,HISTORICAL_FIXTURE_OR_ROUTING_EVIDENCE_CONDITIONAL_REUSE,BYTE_INVENTORY_METADATA
reproducibility/outputs/traffic_simulation/demand/evrp_r19_validation/20260910_r19_cpsat_solution_validation_fixture_n10_v18/independent_validation_summary.json,data/artifact,e5672497c2076c842c4e042f12b0c1daa6c0b9fe8648536d717cbcb4139c3998,19151,HISTORICAL_FIXTURE_OR_ROUTING_EVIDENCE_CONDITIONAL_REUSE,BYTE_INVENTORY_METADATA
reproducibility/outputs/traffic_simulation/demand/evrp_r19_validation/20260910_r19_cpsat_solution_validation_fixture_n10_v18/manifest.json,data/artifact,ce7bd81b99e029e42107c5e98bf6bf09f9971f3f1313fc93858551a71ddd4c89,1366,HISTORICAL_FIXTURE_OR_ROUTING_EVIDENCE_CONDITIONAL_REUSE,BYTE_INVENTORY_METADATA
reproducibility/outputs/traffic_simulation/demand/evrp_r19_validation/20260910_r19_cpsat_solution_validation_fixture_n10_v18/objective_distance_time_reconciliation.json,data/artifact,4531a84ae0d9d1221328b4fff356d6688651b8c7028970027ec65f02cd822b43,452,HISTORICAL_FIXTURE_OR_ROUTING_EVIDENCE_CONDITIONAL_REUSE,BYTE_INVENTORY_METADATA
reproducibility/outputs/traffic_simulation/demand/evrp_r19_validation/20260910_r19_cpsat_solution_validation_fixture_n10_v18/payload_trajectory.json,data/artifact,3b2e6c51adcafd647288626d897d855aa9932cce7a3e53f0e9d4cc28f1b5eb3c,1846,HISTORICAL_FIXTURE_OR_ROUTING_EVIDENCE_CONDITIONAL_REUSE,BYTE_INVENTORY_METADATA
reproducibility/outputs/traffic_simulation/demand/evrp_r19_validation/20260910_r19_cpsat_solution_validation_fixture_n10_v18/time_window_validation.json,data/artifact,e5dd934af6df0d4007dc0799e19fbdfe89bd29ab0bd50fa87813c7d8b0666ee0,2255,HISTORICAL_FIXTURE_OR_ROUTING_EVIDENCE_CONDITIONAL_REUSE,BYTE_INVENTORY_METADATA
reproducibility/outputs/traffic_simulation/demand/evrp_r19_validation/20260910_r19_cpsat_solution_validation_fixture_n10_v18_retry_01/charging_event_validation.json,data/artifact,b7d1c4a1a493fea29b60cb24f3b193486f6f25cd17dad76588d2011afbebab23,3329,HISTORICAL_FIXTURE_OR_ROUTING_EVIDENCE_CONDITIONAL_REUSE,BYTE_INVENTORY_METADATA
reproducibility/outputs/traffic_simulation/demand/evrp_r19_validation/20260910_r19_cpsat_solution_validation_fixture_n10_v18_retry_01/energy_soc_trajectory.json,data/artifact,95260a6d5e281f52f0cb330ecae6069737f4a0d21de332c6449ad1ff5e4b61a7,6614,HISTORICAL_FIXTURE_OR_ROUTING_EVIDENCE_CONDITIONAL_REUSE,BYTE_INVENTORY_METADATA
reproducibility/outputs/traffic_simulation/demand/evrp_r19_validation/20260910_r19_cpsat_solution_validation_fixture_n10_v18_retry_01/hc01_hc13_result_table.json,data/artifact,ad77f7a85941fb6ab4b544213f32a6b1debf43f27f9fd19e383de7ab4c91a9a7,19325,HISTORICAL_FIXTURE_OR_ROUTING_EVIDENCE_CONDITIONAL_REUSE,BYTE_INVENTORY_METADATA
reproducibility/outputs/traffic_simulation/demand/evrp_r19_validation/20260910_r19_cpsat_solution_validation_fixture_n10_v18_retry_01/independent_validation_summary.json,data/artifact,d94c5f66c08056cd7a8eda1f64dab1b6597b57fd6ef4c4481d9675bc6b5cca39,19172,HISTORICAL_FIXTURE_OR_ROUTING_EVIDENCE_CONDITIONAL_REUSE,BYTE_INVENTORY_METADATA
reproducibility/outputs/traffic_simulation/demand/evrp_r19_validation/20260910_r19_cpsat_solution_validation_fixture_n10_v18_retry_01/manifest.json,data/artifact,2fec43b6f4acf554e9b25b2c2ed816e1f9f24cc69f6d12606954cda5e338f62c,1375,HISTORICAL_FIXTURE_OR_ROUTING_EVIDENCE_CONDITIONAL_REUSE,BYTE_INVENTORY_METADATA
reproducibility/outputs/traffic_simulation/demand/evrp_r19_validation/20260910_r19_cpsat_solution_validation_fixture_n10_v18_retry_01/objective_distance_time_reconciliation.json,data/artifact,4531a84ae0d9d1221328b4fff356d6688651b8c7028970027ec65f02cd822b43,452,HISTORICAL_FIXTURE_OR_ROUTING_EVIDENCE_CONDITIONAL_REUSE,BYTE_INVENTORY_METADATA
reproducibility/outputs/traffic_simulation/demand/evrp_r19_validation/20260910_r19_cpsat_solution_validation_fixture_n10_v18_retry_01/payload_trajectory.json,data/artifact,3b2e6c51adcafd647288626d897d855aa9932cce7a3e53f0e9d4cc28f1b5eb3c,1846,HISTORICAL_FIXTURE_OR_ROUTING_EVIDENCE_CONDITIONAL_REUSE,BYTE_INVENTORY_METADATA
reproducibility/outputs/traffic_simulation/demand/evrp_r19_validation/20260910_r19_cpsat_solution_validation_fixture_n10_v18_retry_01/time_window_validation.json,data/artifact,e5dd934af6df0d4007dc0799e19fbdfe89bd29ab0bd50fa87813c7d8b0666ee0,2255,HISTORICAL_FIXTURE_OR_ROUTING_EVIDENCE_CONDITIONAL_REUSE,BYTE_INVENTORY_METADATA
reproducibility/outputs/traffic_simulation/demand/evrp_r19_validation/20260910_r19_cpsat_solution_validation_fixture_n10_v18_retry_02/charging_event_validation.json,data/artifact,b7d1c4a1a493fea29b60cb24f3b193486f6f25cd17dad76588d2011afbebab23,3329,HISTORICAL_FIXTURE_OR_ROUTING_EVIDENCE_CONDITIONAL_REUSE,BYTE_INVENTORY_METADATA
reproducibility/outputs/traffic_simulation/demand/evrp_r19_validation/20260910_r19_cpsat_solution_validation_fixture_n10_v18_retry_02/energy_soc_trajectory.json,data/artifact,95260a6d5e281f52f0cb330ecae6069737f4a0d21de332c6449ad1ff5e4b61a7,6614,HISTORICAL_FIXTURE_OR_ROUTING_EVIDENCE_CONDITIONAL_REUSE,BYTE_INVENTORY_METADATA
reproducibility/outputs/traffic_simulation/demand/evrp_r19_validation/20260910_r19_cpsat_solution_validation_fixture_n10_v18_retry_02/hc01_hc13_result_table.json,data/artifact,1b4caa6450635c27b1968ca364b4157eb149af96ef3ee3aac71581e92e3a49ee,19396,HISTORICAL_FIXTURE_OR_ROUTING_EVIDENCE_CONDITIONAL_REUSE,BYTE_INVENTORY_METADATA
reproducibility/outputs/traffic_simulation/demand/evrp_r19_validation/20260910_r19_cpsat_solution_validation_fixture_n10_v18_retry_02/independent_validation_summary.json,data/artifact,f2aa25c9b31794ea39c2e22ffb5dde41d672cd0db2528b4276b8f8005359e9c4,19236,HISTORICAL_FIXTURE_OR_ROUTING_EVIDENCE_CONDITIONAL_REUSE,BYTE_INVENTORY_METADATA
reproducibility/outputs/traffic_simulation/demand/evrp_r19_validation/20260910_r19_cpsat_solution_validation_fixture_n10_v18_retry_02/manifest.json,data/artifact,de7adca18e4d709fb7c1d4ec62fe11866c78b79ae0485af64c0a1f16f2160966,1375,HISTORICAL_FIXTURE_OR_ROUTING_EVIDENCE_CONDITIONAL_REUSE,BYTE_INVENTORY_METADATA
reproducibility/outputs/traffic_simulation/demand/evrp_r19_validation/20260910_r19_cpsat_solution_validation_fixture_n10_v18_retry_02/objective_distance_time_reconciliation.json,data/artifact,4531a84ae0d9d1221328b4fff356d6688651b8c7028970027ec65f02cd822b43,452,HISTORICAL_FIXTURE_OR_ROUTING_EVIDENCE_CONDITIONAL_REUSE,BYTE_INVENTORY_METADATA
reproducibility/outputs/traffic_simulation/demand/evrp_r19_validation/20260910_r19_cpsat_solution_validation_fixture_n10_v18_retry_02/payload_trajectory.json,data/artifact,3b2e6c51adcafd647288626d897d855aa9932cce7a3e53f0e9d4cc28f1b5eb3c,1846,HISTORICAL_FIXTURE_OR_ROUTING_EVIDENCE_CONDITIONAL_REUSE,BYTE_INVENTORY_METADATA
reproducibility/outputs/traffic_simulation/demand/evrp_r19_validation/20260910_r19_cpsat_solution_validation_fixture_n10_v18_retry_02/time_window_validation.json,data/artifact,e5dd934af6df0d4007dc0799e19fbdfe89bd29ab0bd50fa87813c7d8b0666ee0,2255,HISTORICAL_FIXTURE_OR_ROUTING_EVIDENCE_CONDITIONAL_REUSE,BYTE_INVENTORY_METADATA
reproducibility/outputs/traffic_simulation/demand/evrp_r19_validation/20260910_r19_cpsat_solution_validation_fixture_n10_v18_retry_03/charging_event_validation.json,data/artifact,b7d1c4a1a493fea29b60cb24f3b193486f6f25cd17dad76588d2011afbebab23,3329,HISTORICAL_FIXTURE_OR_ROUTING_EVIDENCE_CONDITIONAL_REUSE,BYTE_INVENTORY_METADATA
reproducibility/outputs/traffic_simulation/demand/evrp_r19_validation/20260910_r19_cpsat_solution_validation_fixture_n10_v18_retry_03/energy_soc_trajectory.json,data/artifact,95260a6d5e281f52f0cb330ecae6069737f4a0d21de332c6449ad1ff5e4b61a7,6614,HISTORICAL_FIXTURE_OR_ROUTING_EVIDENCE_CONDITIONAL_REUSE,BYTE_INVENTORY_METADATA
reproducibility/outputs/traffic_simulation/demand/evrp_r19_validation/20260910_r19_cpsat_solution_validation_fixture_n10_v18_retry_03/hc01_hc13_result_table.json,data/artifact,102eca4385c2ba41c789c1e9a8e3c36e738c6da0a889f8b45c32493c269e29a7,19434,HISTORICAL_FIXTURE_OR_ROUTING_EVIDENCE_CONDITIONAL_REUSE,BYTE_INVENTORY_METADATA
reproducibility/outputs/traffic_simulation/demand/evrp_r19_validation/20260910_r19_cpsat_solution_validation_fixture_n10_v18_retry_03/independent_validation_summary.json,data/artifact,ecbff840e400634c539a5cad99b950f4cfb58f53027828dfc60d5897a5ffe87d,19274,HISTORICAL_FIXTURE_OR_ROUTING_EVIDENCE_CONDITIONAL_REUSE,BYTE_INVENTORY_METADATA
reproducibility/outputs/traffic_simulation/demand/evrp_r19_validation/20260910_r19_cpsat_solution_validation_fixture_n10_v18_retry_03/manifest.json,data/artifact,f8a4d34aefd3bcc1bd6a31e2cfd12927d8fc927ccd641778525747334640fcf0,1375,HISTORICAL_FIXTURE_OR_ROUTING_EVIDENCE_CONDITIONAL_REUSE,BYTE_INVENTORY_METADATA
reproducibility/outputs/traffic_simulation/demand/evrp_r19_validation/20260910_r19_cpsat_solution_validation_fixture_n10_v18_retry_03/objective_distance_time_reconciliation.json,data/artifact,4531a84ae0d9d1221328b4fff356d6688651b8c7028970027ec65f02cd822b43,452,HISTORICAL_FIXTURE_OR_ROUTING_EVIDENCE_CONDITIONAL_REUSE,BYTE_INVENTORY_METADATA
reproducibility/outputs/traffic_simulation/demand/evrp_r19_validation/20260910_r19_cpsat_solution_validation_fixture_n10_v18_retry_03/payload_trajectory.json,data/artifact,3b2e6c51adcafd647288626d897d855aa9932cce7a3e53f0e9d4cc28f1b5eb3c,1846,HISTORICAL_FIXTURE_OR_ROUTING_EVIDENCE_CONDITIONAL_REUSE,BYTE_INVENTORY_METADATA
reproducibility/outputs/traffic_simulation/demand/evrp_r19_validation/20260910_r19_cpsat_solution_validation_fixture_n10_v18_retry_03/time_window_validation.json,data/artifact,e5dd934af6df0d4007dc0799e19fbdfe89bd29ab0bd50fa87813c7d8b0666ee0,2255,HISTORICAL_FIXTURE_OR_ROUTING_EVIDENCE_CONDITIONAL_REUSE,BYTE_INVENTORY_METADATA
reproducibility/outputs/traffic_simulation/demand/evrp_r20_qubo_formulation/20260910_r20_qubo_formulation_fixture_n10_v18/feasibility_assessment.json,data/artifact,db5e867016447c32e360ba39ea404f6465d31db49cda2c3f906ed98bc7586e25,597,HISTORICAL_FIXTURE_OR_ROUTING_EVIDENCE_CONDITIONAL_REUSE,BYTE_INVENTORY_METADATA
reproducibility/outputs/traffic_simulation/demand/evrp_r20_qubo_formulation/20260910_r20_qubo_formulation_fixture_n10_v18/hc01_hc13_mapping.json,data/artifact,8f73c0c51fe4e298ed2de7be059bfc891fb0b0f4d179bbe487f2b1ab363a908b,5468,HISTORICAL_FIXTURE_OR_ROUTING_EVIDENCE_CONDITIONAL_REUSE,BYTE_INVENTORY_METADATA
reproducibility/outputs/traffic_simulation/demand/evrp_r20_qubo_formulation/20260910_r20_qubo_formulation_fixture_n10_v18/manifest.json,data/artifact,fde33c81990ba3e85f12a8cd21771074fae427456ca4d8a13f0ecfc288f1020f,1484,HISTORICAL_FIXTURE_OR_ROUTING_EVIDENCE_CONDITIONAL_REUSE,BYTE_INVENTORY_METADATA
reproducibility/outputs/traffic_simulation/demand/evrp_r20_qubo_formulation/20260910_r20_qubo_formulation_fixture_n10_v18/objective_specification.json,data/artifact,fa5bdd1962fd3f0ca355d18448be3e0be7681152d321295fde40bef315ddaccb,505,HISTORICAL_FIXTURE_OR_ROUTING_EVIDENCE_CONDITIONAL_REUSE,BYTE_INVENTORY_METADATA
reproducibility/outputs/traffic_simulation/demand/evrp_r20_qubo_formulation/20260910_r20_qubo_formulation_fixture_n10_v18/penalty_derivation.json,data/artifact,fa5bdd1962fd3f0ca355d18448be3e0be7681152d321295fde40bef315ddaccb,505,HISTORICAL_FIXTURE_OR_ROUTING_EVIDENCE_CONDITIONAL_REUSE,BYTE_INVENTORY_METADATA
reproducibility/outputs/traffic_simulation/demand/evrp_r20_qubo_formulation/20260910_r20_qubo_formulation_fixture_n10_v18/quadratization_registry.json,data/artifact,058768a7c1caac75d65f16cb29516760495c21ae056ec994468d882151ecd380,217,HISTORICAL_FIXTURE_OR_ROUTING_EVIDENCE_CONDITIONAL_REUSE,BYTE_INVENTORY_METADATA
reproducibility/outputs/traffic_simulation/demand/evrp_r20_qubo_formulation/20260910_r20_qubo_formulation_fixture_n10_v18/qubo_formulation_spec.json,data/artifact,b06d77889e231963717e363800c1f51befed9be7e47e689cbe8c2f0f4d423151,16678,HISTORICAL_FIXTURE_OR_ROUTING_EVIDENCE_CONDITIONAL_REUSE,BYTE_INVENTORY_METADATA
reproducibility/outputs/traffic_simulation/demand/evrp_r20_qubo_formulation/20260910_r20_qubo_formulation_fixture_n10_v18/r20_validation_report.json,data/artifact,0223d5170e6fda97c988c718c4c9dcfdc1a29a633f2688a8ad79d59d4571b1f5,582,HISTORICAL_FIXTURE_OR_ROUTING_EVIDENCE_CONDITIONAL_REUSE,BYTE_INVENTORY_METADATA
reproducibility/outputs/traffic_simulation/demand/evrp_r20_qubo_formulation/20260910_r20_qubo_formulation_fixture_n10_v18/resource_estimate.json,data/artifact,e13463d65084085ca5dc66515ae24d85d7a11878f73a7f63c27b11be25f1abf1,3839,HISTORICAL_FIXTURE_OR_ROUTING_EVIDENCE_CONDITIONAL_REUSE,BYTE_INVENTORY_METADATA
reproducibility/outputs/traffic_simulation/demand/evrp_r20_qubo_formulation/20260910_r20_qubo_formulation_fixture_n10_v18/scaling_estimate.json,data/artifact,57fde64db863f546d5aef27385bb13dc5995b0f5a227a5ecb74f0b448a8979f9,2880,HISTORICAL_FIXTURE_OR_ROUTING_EVIDENCE_CONDITIONAL_REUSE,BYTE_INVENTORY_METADATA
reproducibility/outputs/traffic_simulation/demand/evrp_r20_qubo_formulation/20260910_r20_qubo_formulation_fixture_n10_v18/variable_registry.json,data/artifact,9d25f736228efeeaff236a61627e551174b8f71f283e16b46003423356171bed,2454,HISTORICAL_FIXTURE_OR_ROUTING_EVIDENCE_CONDITIONAL_REUSE,BYTE_INVENTORY_METADATA
reproducibility/outputs/traffic_simulation/r24_demand_capacity_authority/20260914_v1/INTEGRITY_REVIEW.md,data/artifact,3964fbcf7200c1e115d9b1efa0657e007540e49027eed116cba7f64d1cc8ed84,801,LEGACY_ASSUMED_LOAD_NOT_R24_AUTHORITY,BYTE_INVENTORY_METADATA
reproducibility/outputs/traffic_simulation/r24_demand_capacity_authority/20260914_v1/PROVENANCE.md,data/artifact,cacd23a387e6bf85c58e78964e82e69c0cb05328a18f6a9e183472eb87b513ef,1723,LEGACY_ASSUMED_LOAD_NOT_R24_AUTHORITY,BYTE_INVENTORY_METADATA
reproducibility/outputs/traffic_simulation/r24_demand_capacity_authority/20260914_v1/R24_DEMAND_CAPACITY_AUTHORITY.md,data/artifact,d8273e953db640aa3da89dc5a3e0a621e379cadb7bc700cbbc827b33e88a20ae,5839,LEGACY_ASSUMED_LOAD_NOT_R24_AUTHORITY,BYTE_INVENTORY_METADATA
reproducibility/outputs/traffic_simulation/r24_demand_capacity_authority/20260914_v1/SHA256SUMS,data/artifact,ca47ba43a40b915ee7a74761ef706b7972638145103634700038543ed5998471,1004,LEGACY_ASSUMED_LOAD_NOT_R24_AUTHORITY,BYTE_INVENTORY_METADATA
reproducibility/outputs/traffic_simulation/r24_demand_capacity_authority/20260914_v1/STOP_CONDITIONS.md,data/artifact,cb34c1c1d41ac42ec6fbcc04238495a7c9476ed7ac9666e560ea385b7db31d08,1140,LEGACY_ASSUMED_LOAD_NOT_R24_AUTHORITY,BYTE_INVENTORY_METADATA
reproducibility/outputs/traffic_simulation/r24_demand_capacity_authority/20260914_v1/build_authority_artifact.py,data/artifact,116772a7053142bfb8de654298c04a425837c604cb027af8256f79aad381afc7,6695,LEGACY_ASSUMED_LOAD_NOT_R24_AUTHORITY,BYTE_INVENTORY_METADATA
reproducibility/outputs/traffic_simulation/r24_demand_capacity_authority/20260914_v1/customer_demand_kg.csv,data/artifact,656231f0fbfee037632d3443425fc49dcd054c16b76e1c508aa864e4894dbf3a,5023598,LEGACY_ASSUMED_LOAD_NOT_R24_AUTHORITY,FULL_TABULAR
reproducibility/outputs/traffic_simulation/r24_demand_capacity_authority/20260914_v1/demand_conversion_spec.md,data/artifact,e107122310d3030b82e1b7d82225f9dcad740a90cdd0657d07437c1da0948978,2758,LEGACY_ASSUMED_LOAD_NOT_R24_AUTHORITY,BYTE_INVENTORY_METADATA
reproducibility/outputs/traffic_simulation/r24_demand_capacity_authority/20260914_v1/ota_capacity_summary.json,data/artifact,91a5a29088a69ac6261d0192f4a137b1ef12d92afd6318f657a630da1fb4b421,1346,LEGACY_ASSUMED_LOAD_NOT_R24_AUTHORITY,BYTE_INVENTORY_METADATA
reproducibility/outputs/traffic_simulation/r24_demand_capacity_authority/20260914_v1/parcel_weight_sources.csv,data/artifact,126781e56a871e71ac4f341a7f705c3568743e65fc5a0771d2c4d9b82a94eae6,2032,LEGACY_ASSUMED_LOAD_NOT_R24_AUTHORITY,FULL_TABULAR
reproducibility/outputs/traffic_simulation/r24_demand_capacity_authority/20260914_v1/representative_instance_schema.md,data/artifact,584b6e8449b1669fd58e8763956e3bb3b0f9180813ad20d01b2271874e59a137,1427,LEGACY_ASSUMED_LOAD_NOT_R24_AUTHORITY,BYTE_INVENTORY_METADATA
reproducibility/outputs/traffic_simulation/r24_demand_capacity_authority/20260914_v1/stratum_capacity_summary.csv,data/artifact,404d8c0424fcc72f72380d04c8ca80a8b84046c11931dd0941e6fd9becb1c5fb,326,LEGACY_ASSUMED_LOAD_NOT_R24_AUTHORITY,FULL_TABULAR
reproducibility/outputs/traffic_simulation/r24_demand_capacity_authority/20260914_v2/PROVENANCE.json,data/artifact,ef162d701c6ec07e3455ec22118ac4ee6d5b7313b7cde5d9135c87525771c43c,14502,LEGACY_ASSUMED_LOAD_NOT_R24_AUTHORITY,BYTE_INVENTORY_METADATA
reproducibility/outputs/traffic_simulation/r24_demand_capacity_authority/20260914_v2/PROVENANCE.md,data/artifact,4c02e1be5992ca93b17a7b93a68e1b8101be236fcc2ef789556a25e42186efd9,2941,LEGACY_ASSUMED_LOAD_NOT_R24_AUTHORITY,BYTE_INVENTORY_METADATA
reproducibility/outputs/traffic_simulation/r24_demand_capacity_authority/20260914_v2/R24_DEMAND_CAPACITY_AUTHORITY.md,data/artifact,3b5dce4786509568ea08383ef42d1a9d2def3d98fe65fb657630932055558db2,10040,LEGACY_ASSUMED_LOAD_NOT_R24_AUTHORITY,BYTE_INVENTORY_METADATA
reproducibility/outputs/traffic_simulation/r24_demand_capacity_authority/20260914_v2/SHA256SUMS,data/artifact,0801882e1e6d5982e20e9c9516488fa2e22a16881945402363202cd07440cd2e,1732,LEGACY_ASSUMED_LOAD_NOT_R24_AUTHORITY,BYTE_INVENTORY_METADATA
reproducibility/outputs/traffic_simulation/r24_demand_capacity_authority/20260914_v2/STOP_CONDITIONS.md,data/artifact,366cb91a75b45880617820a5737ea235b5d8bcdb8e6b47281936a0d0f41139cf,1469,LEGACY_ASSUMED_LOAD_NOT_R24_AUTHORITY,BYTE_INVENTORY_METADATA
reproducibility/outputs/traffic_simulation/r24_demand_capacity_authority/20260914_v2/VALIDATION.json,data/artifact,df7aee63d624c2e24c16c671634ac32b8a69e2957e173bd2df6aaa379587f342,438,LEGACY_ASSUMED_LOAD_NOT_R24_AUTHORITY,BYTE_INVENTORY_METADATA
reproducibility/outputs/traffic_simulation/r24_demand_capacity_authority/20260914_v2/build_review.py,data/artifact,d630cb8b1a92e95ceb0fbd58a806b3df6298d14ef0f956a1f14ab6fa1e1c8260,9814,LEGACY_ASSUMED_LOAD_NOT_R24_AUTHORITY,BYTE_INVENTORY_METADATA
reproducibility/outputs/traffic_simulation/r24_demand_capacity_authority/20260914_v2/customer_demand_kg.csv,data/artifact,612a66e8933790ee8256292aa1c9c71c66da358e4ddcdf79ca59a4288c5c8ee8,9179186,LEGACY_ASSUMED_LOAD_NOT_R24_AUTHORITY,FULL_TABULAR
reproducibility/outputs/traffic_simulation/r24_demand_capacity_authority/20260914_v2/demand_conversion_spec.md,data/artifact,1b2b5ab6c7b52d4a27577c3dd4b54f41d7c6db8be128b7c5a703190b22ac5b37,3662,LEGACY_ASSUMED_LOAD_NOT_R24_AUTHORITY,BYTE_INVENTORY_METADATA
reproducibility/outputs/traffic_simulation/r24_demand_capacity_authority/20260914_v2/demand_source_registry.csv,data/artifact,cc1b8b03c69e452478796285d72562efc32a0ddf7f306d9ac92867746caee92b,3162,LEGACY_ASSUMED_LOAD_NOT_R24_AUTHORITY,FULL_TABULAR
reproducibility/outputs/traffic_simulation/r24_demand_capacity_authority/20260914_v2/lineage_validation.json,data/artifact,5542901a0f56b6c85aa883e5a145b756af47eb7c30de2f33cfe77d75b335e8e9,548,LEGACY_ASSUMED_LOAD_NOT_R24_AUTHORITY,BYTE_INVENTORY_METADATA
reproducibility/outputs/traffic_simulation/r24_demand_capacity_authority/20260914_v2/ota_capacity_summary.json,data/artifact,894d6eb6f8c9a7e7755d47707321453edd6c4ea1a00ffc37adf00bc72f670eb5,1453,LEGACY_ASSUMED_LOAD_NOT_R24_AUTHORITY,BYTE_INVENTORY_METADATA
reproducibility/outputs/traffic_simulation/r24_demand_capacity_authority/20260914_v2/parcel_weight_sources.csv,data/artifact,12d9cb5c0f0c29a078fafeac163f8c8c51c5332b8cf72357fc6b0041e6227be8,3588,LEGACY_ASSUMED_LOAD_NOT_R24_AUTHORITY,FULL_TABULAR
reproducibility/outputs/traffic_simulation/r24_demand_capacity_authority/20260914_v2/representative_instance_schema.md,data/artifact,071054f0fccb2f82b9d07c876e1963503ec7d9dfb59d32865e2a366dd6eefe22,5361,LEGACY_ASSUMED_LOAD_NOT_R24_AUTHORITY,BYTE_INVENTORY_METADATA
reproducibility/outputs/traffic_simulation/r24_demand_capacity_authority/20260914_v2/small_instance_capacity_diagnostics.csv,data/artifact,20dca1526a75f13e9c3099c5d0e0c26782db3a88821db5b2193789a75119ddfd,531,LEGACY_ASSUMED_LOAD_NOT_R24_AUTHORITY,FULL_TABULAR
reproducibility/outputs/traffic_simulation/r24_demand_capacity_authority/20260914_v2/sources/mlit_aircargo_2024.pdf,data/artifact,7da5fabd8a2b75b78be655887ed6c6da50911d9d05d0cd488afeb7d0e758d176,2822353,LEGACY_ASSUMED_LOAD_NOT_R24_AUTHORITY,BYTE_INVENTORY_METADATA
reproducibility/outputs/traffic_simulation/r24_demand_capacity_authority/20260914_v2/stratum_capacity_summary.csv,data/artifact,2e755089a62ae74bc6fef1c3eec9e8867dbfa09cd1dc632adfa5d3a7e7d59302,734,LEGACY_ASSUMED_LOAD_NOT_R24_AUTHORITY,FULL_TABULAR
reproducibility/outputs/traffic_simulation/r24_demand_capacity_authority/20260914_v2/validate_review.py,data/artifact,55a6c6f64703665c8eef0fb381865691baebd9efafa3a9caad0d5ad630b348bb,3450,LEGACY_ASSUMED_LOAD_NOT_R24_AUTHORITY,BYTE_INVENTORY_METADATA
reproducibility/outputs/traffic_simulation/r24_demand_capacity_authority/20260914_v2/vehicle_plausibility_records.csv,data/artifact,ed296b8fe662c0f9b57ee4e57fa97ddde4d59ffff36530a2dcb637c55dd52f21,2426,LEGACY_ASSUMED_LOAD_NOT_R24_AUTHORITY,FULL_TABULAR
reproducibility/outputs/traffic_simulation/r24_demand_capacity_authority/20260914_v2/weight_source_review.json,data/artifact,0efc8398e55f55ecc8561804b8296d1ad9adb1772465e6e18922d22539e47b71,4991,LEGACY_ASSUMED_LOAD_NOT_R24_AUTHORITY,BYTE_INVENTORY_METADATA
