origin_region,city,industry_group,distance_km,car_dependency,time_cost,non_energy_cost,base_energy_cost_per_km,flow_count,energy_cost_classical,generalized_cost_classical,log_cost,car_dep_centered,car_dep_centered_log_cost,efficiency_improvement_rate,energy_cost_quantum,generalized_cost_quantum,predicted_classical,predicted_quantum,delta_flow,pct_change,scenario
北海道,東京,金属素材群,832.2,0.615,10286.7,4311.1,6.0,1,3070.818,17668.618000000002,9.779545350596873,0.09547321428571431,0.9336846288743964,0.022314202019231566,3002.295146783708,17600.095146783708,1.0063825003188465,1.010341511485996,0.003959011167149473,0.003933903029807416,low
北海道,東京,化学・高分子素材群,832.2,0.615,10286.7,4311.1,6.0,1,3070.818,17668.618000000002,9.779545350596873,0.09547321428571431,0.9336846288743964,0.015556256231014044,3023.04756835319,17620.84756835319,2.0100041751807947,2.0141526742512146,0.00414849907041992,0.0020639255985857707,low
北海道,東京,無機素材群,832.2,0.615,10286.7,4311.1,6.0,25,3070.818,17668.618000000002,9.779545350596873,0.09547321428571431,0.9336846288743964,0.006304335362433347,3051.4585334910034,17649.258533491004,24.286614972238688,24.303177950932913,0.01656297869422474,0.0006819797124118528,low
北海道,大阪,金属素材群,1058.7,0.627,13004.3,5443.5,6.0,0,3982.8293999999996,22430.629399999998,10.018182687753642,0.10747321428571432,1.0766862947543807,0.022314202019231566,3893.955740160265,22341.755740160264,0.4271266440792926,0.42884960800293154,0.0017229639236389649,0.004033847917291507,low
北海道,大阪,化学・高分子素材群,1058.7,0.627,13004.3,5443.5,6.0,1,3982.8293999999996,22430.629399999998,10.018182687753642,0.10747321428571432,1.0766862947543807,0.015556256231014044,3920.8714853291835,22368.67148532918,1.519409175154545,1.5226293807076223,0.0032202055530772267,0.0021193800891387187,low
北海道,大阪,無機素材群,1058.7,0.627,13004.3,5443.5,6.0,19,3982.8293999999996,22430.629399999998,10.018182687753642,0.10747321428571432,1.0766862947543807,0.006304335362433347,3957.7203077710406,22405.52030777104,17.309786462154953,17.321861122743503,0.012074660588549335,0.0006975626542215657,low
北海道,札幌,金属素材群,5.0,0.557,360.0,175.0,6.0,11,16.71,551.71,6.313022545907119,0.037473214285714374,0.23656924665332357,0.022314202019231566,16.33712968425864,551.3371296842587,11.633953681062039,11.641765552219963,0.007811871157924699,0.0006714717431479038,low
北海道,札幌,化学・高分子素材群,5.0,0.557,360.0,175.0,6.0,23,16.71,551.71,6.313022545907119,0.037473214285714374,0.23656924665332357,0.015556256231014044,16.450054958379756,551.4500549583797,19.766731889042802,19.773653955616815,0.006922066574013286,0.00035018770998003783,low
北海道,札幌,無機素材群,5.0,0.557,360.0,175.0,6.0,81,16.71,551.71,6.313022545907119,0.037473214285714374,0.23656924665332357,0.006304335362433347,16.604654556093738,551.6046545560937,78.88478752113835,78.89410317215763,0.009315651019278448,0.00011809185664323658,low
北海道,仙台,金属素材群,534.8,0.703,6717.7,2824.0,6.0,1,2255.7864,11797.486400000002,9.37564177081327,0.18347321428571428,1.720179131682517,0.022314202019231566,2205.4503265581648,11747.150326558165,0.2990825768364638,0.3004116799919547,0.0013291031554909516,0.004443933744150184,low
北海道,仙台,化学・高分子素材群,534.8,0.703,6717.7,2824.0,6.0,1,2255.7864,11797.486400000002,9.37564177081327,0.18347321428571428,1.720179131682517,0.015556256231014044,2220.694808759163,11762.394808759163,1.4140558985539424,1.4173867736790866,0.0033308751251441837,0.00235554699679867,low
北海道,仙台,無機素材群,534.8,0.703,6717.7,2824.0,6.0,14,2255.7864,11797.486400000002,9.37564177081327,0.18347321428571428,1.720179131682517,0.006304335362433347,2241.565166028384,11783.265166028385,16.701776818186197,16.714415948888963,0.01263913070276601,0.0007567536580301768,low
北海道,名古屋,金属素材群,956.2,0.715,11774.2,4930.9,6.0,1,4102.098,20807.197999999997,9.943054263517563,0.1954732142857143,1.9436007767070538,0.022314202019231566,4010.5629565253143,20715.662956525313,0.331447613483618,0.33297182794208136,0.0015242144584633466,0.0045986587214895775,low
北海道,名古屋,化学・高分子素材群,956.2,0.715,11774.2,4930.9,6.0,0,4102.098,20807.197999999997,9.943054263517563,0.1954732142857143,1.9436007767070538,0.015556256231014044,4038.2847124272694,20743.38471242727,1.0360881461821845,1.0386170023166992,0.002528856134514701,0.002440773156061212,low
北海道,名古屋,無機素材群,956.2,0.715,11774.2,4930.9,6.0,13,4102.098,20807.197999999997,9.943054263517563,0.1954732142857143,1.9436007767070538,0.006304335362433347,4076.2369985184328,20781.336998518433,13.775320244576688,13.786081274442596,0.010761029865907545,0.0007811818291588639,low
北海道,広島,金属素材群,1233.9,0.727,15106.7,6319.5,6.0,0,5382.2718,26808.4718,10.196473228486393,0.2074732142857143,2.1154950750923067,0.022314202019231566,5262.170699732387,26688.37069973239,0.10901637874057551,0.10952873917632787,0.0005123604357523542,0.004699848239975114,low
北海道,広島,化学・高分子素材群,1233.9,0.727,15106.7,6319.5,6.0,0,5382.2718,26808.4718,10.196473228486393,0.2074732142857143,2.1154950750923067,0.015556256231014044,5298.543800774239,26724.74380077424,0.531634482126005,0.5329623938270661,0.0013279117010611685,0.002497790767353639,low
北海道,広島,無機素材群,1233.9,0.727,15106.7,6319.5,6.0,10,5382.2718,26808.4718,10.196473228486393,0.2074732142857143,2.1154950750923067,0.006304335362433347,5348.340153561033,26774.540153561033,10.870065103648178,10.878722620268316,0.00865751662013814,0.0007964549004616844,low
北海道,福岡,金属素材群,1419.3,0.69,17331.1,7246.3,6.0,0,5875.901999999999,30453.301999999996,10.323949707324525,0.17047321428571427,1.759956890731671,0.022314202019231566,5744.785935726793,30322.18593572679,0.1929906054791982,0.19385278798223887,0.0008621825030406816,0.004467484315621847,low
北海道,福岡,化学・高分子素材群,1419.3,0.69,17331.1,7246.3,6.0,1,5875.901999999999,30453.301999999996,10.323949707324525,0.17047321428571427,1.759956890731671,0.015556256231014044,5784.494962899671,30361.89496289967,0.7220762337603556,0.723783547885306,0.0017073141249503987,0.0023644513489375226,low
北海道,福岡,無機素材群,1419.3,0.69,17331.1,7246.3,6.0,10,5875.901999999999,30453.301999999996,10.323949707324525,0.17047321428571427,1.759956890731671,0.006304335362433347,5838.858343235206,30416.258343235204,10.171648878064488,10.179406679663273,0.007757801598785363,0.00076268869401453,low
青森,東京,金属素材群,578.2,0.595,7238.9,3041.2,6.0,1,2064.174,12344.273999999998,9.420947590815441,0.0754732142857143,0.7110291962960976,0.022314202019231566,2018.1136043611548,12298.213604361154,1.4190166450163473,1.4243544571850506,0.005337812168703326,0.0037616275943273617,low
青森,東京,化学・高分子素材群,578.2,0.595,7238.9,3041.2,6.0,5,2064.174,12344.273999999998,9.420947590815441,0.0754732142857143,0.7110291962960976,0.015556256231014044,2032.0631803506028,12312.1631803506,4.319848144721092,4.328353097995004,0.008504953273911653,0.0019688083907080877,low
青森,東京,無機素材群,578.2,0.595,7238.9,3041.2,6.0,45,2064.174,12344.273999999998,9.420947590815441,0.0754732142857143,0.7110291962960976,0.006304335362433347,2051.1607548575844,12331.260754857583,29.25365820142929,29.272815041612073,0.019156840182784407,0.0006548528068140358,low
青森,大阪,金属素材群,822.2,0.608,10167.0,4261.2,6.0,0,2999.3856,17427.585600000002,9.765809609125855,0.08847321428571431,0.8640125662216797,0.022314202019231566,2932.456703788026,17360.656703788027,0.5409901880912173,0.5430931302057214,0.002102942114504014,0.003887209344634977,low
青森,大阪,化学・高分子素材群,822.2,0.608,10167.0,4261.2,6.0,3,2999.3856,17427.585600000002,9.765809609125855,0.08847321428571431,0.8640125662216797,0.015556256231014044,2952.7263890707864,17380.926389070788,3.0118674132073022,3.0180047316692344,0.006137318461932217,0.0020377120304232313,low
青森,大阪,無機素材群,822.2,0.608,10167.0,4261.2,6.0,11,2999.3856,17427.585600000002,9.765809609125855,0.08847321428571431,0.8640125662216797,0.006304335362433347,2980.4764672963465,17408.676467296347,19.51734869590179,19.530520262708684,0.013171566806892798,0.0006748645531787079,low
青森,札幌,金属素材群,253.9,0.708,3347.2,1419.7,6.0,2,1078.5672,5845.467199999999,8.673421802277252,0.18847321428571429,1.6347076859309868,0.022314202019231566,1054.4998336078831,5821.399833607883,0.6966670811983697,0.699658520545615,0.002991439347245217,0.004293929522404736,low
青森,札幌,化学・高分子素材群,253.9,0.708,3347.2,1419.7,6.0,1,1078.5672,5845.467199999999,8.673421802277252,0.18847321428571429,1.6347076859309868,0.015556256231014044,1061.7887322744325,5828.688732274432,3.460585685851758,3.4684670790629717,0.007881393211213616,0.002277473793940681,low
青森,札幌,無機素材群,253.9,0.708,3347.2,1419.7,6.0,11,1078.5672,5845.467199999999,8.673421802277252,0.18847321428571429,1.6347076859309868,0.006304335362433347,1071.7675506602793,5838.667550660279,16.138967327185615,16.150758130747107,0.011790803561492424,0.0007305798024407152,low
青森,仙台,金属素材群,284.4,0.683,3713.3,1572.2,6.0,0,1165.4712,6450.9712,8.771985972098156,0.16347321428571437,1.4339847425280823,0.022314202019231566,1139.4646401956038,6424.964640195603,0.5467928296652603,0.5490747886964839,0.002281959031223524,0.004173352149881904,low
青森,仙台,化学・高分子素材群,284.4,0.683,3713.3,1572.2,6.0,6,1165.4712,6450.9712,8.771985972098156,0.16347321428571437,1.4339847425280823,0.015556256231014044,1147.3408313829325,6432.840831382932,3.7100956145667188,3.718284637879657,0.008189023312938026,0.002207227026922425,low
青森,仙台,無機素材群,284.4,0.683,3713.3,1572.2,6.0,25,1165.4712,6450.9712,8.771985972098156,0.16347321428571437,1.4339847425280823,0.006304335362433347,1158.1236786999423,6443.6236786999425,23.4860048101647,23.502764764674417,0.016759954509716124,0.0007136145396028551,low
青森,名古屋,金属素材群,711.5,0.695,8838.0,3707.5,6.0,0,2966.955,15512.455,9.649398528622273,0.17547321428571427,1.6932109757411922,0.022314202019231566,2900.749766748031,15446.249766748031,0.44218025224841573,0.4441412299058669,0.0019609776574511795,0.0044347924799443715,low
青森,名古屋,化学・高分子素材群,711.5,0.695,8838.0,3707.5,6.0,2,2966.955,15512.455,9.649398528622273,0.17547321428571427,1.6932109757411922,0.015556256231014044,2920.8002877941117,15466.30028779411,2.1424980463432948,2.1475297879081743,0.0050317415648795105,0.002348539628060538,low
青森,名古屋,無機素材群,711.5,0.695,8838.0,3707.5,6.0,15,2966.955,15512.455,9.649398528622273,0.17547321428571427,1.6932109757411922,0.006304335362433347,2948.2503206747515,15493.750320674751,15.968480021600806,15.980558333401188,0.012078311800381769,0.0007563845640939684,low
青森,広島,金属素材群,1021.5,0.708,12557.5,5257.3,6.0,0,4339.332,22154.131999999998,10.005779304351083,0.18847321428571429,1.885821386924527,0.022314202019231566,4242.503269123485,22057.303269123484,0.13063675640041006,0.13123238167452642,0.000595625274116357,0.004559400359656261,low
青森,広島,化学・高分子素材群,1021.5,0.708,12557.5,5257.3,6.0,0,4339.332,22154.131999999998,10.005779304351083,0.18847321428571429,1.885821386924527,0.015556256231014044,4271.828239536561,22086.62823953656,1.0128977585098202,1.0153469800929182,0.0024492215830980157,0.0024180343598561435,low
青森,広島,無機素材群,1021.5,0.708,12557.5,5257.3,6.0,13,4339.332,22154.131999999998,10.005779304351083,0.18847321428571429,1.885821386924527,0.006304335362433347,4311.975395823061,22126.77539582306,11.81142239943794,11.820583240580696,0.00916084114275506,0.000775591696999253,low
青森,福岡,金属素材群,1217.2,0.67,14905.8,6235.8,6.0,1,4893.144,26034.744,10.167187232631429,0.15047321428571436,1.5298893431387282,0.022314202019231566,4783.95739627481,25925.55739627481,0.22371624738389626,0.2246839673514723,0.0009677199675760528,0.004325657965804553,low
青森,福岡,化学・高分子素材群,1217.2,0.67,14905.8,6235.8,6.0,2,4893.144,26034.744,10.167187232631429,0.15047321428571436,1.5298893431387282,0.015556256231014044,4817.024998160751,25958.62499816075,1.3422073368000755,1.3452731550170336,0.0030658182169580606,0.002284161420445819,low
青森,福岡,無機素材群,1217.2,0.67,14905.8,6235.8,6.0,7,4893.144,26034.744,10.167187232631429,0.15047321428571436,1.5298893431387282,0.006304335362433347,4862.295979247322,26003.89597924732,10.824118544283824,10.83214431765478,0.008025773370956557,0.0007414713113240004,low
宮城,東京,金属素材群,305.4,0.455,3964.3,1676.8,6.0,4,833.742,6474.842000000001,8.775679484725615,-0.06452678571428566,-0.5662663896081426,0.022314202019231566,815.1377125800818,6456.237712580082,3.974002006245134,3.985017848336831,0.011015842091696815,0.002771976982997353,low
宮城,東京,化学・高分子素材群,305.4,0.455,3964.3,1676.8,6.0,12,833.742,6474.842000000001,8.775679484725615,-0.06452678571428566,-0.5662663896081426,0.015556256231014044,820.7720958174418,6461.872095817442,12.871229461507996,12.889571528120248,0.01834206661225224,0.001425043867573415,low
宮城,東京,無機素材群,305.4,0.455,3964.3,1676.8,6.0,28,833.742,6474.842000000001,8.775679484725615,-0.06452678571428566,-0.5662663896081426,0.006304335362433347,828.485810826254,6469.585810826255,32.650709460737566,32.66694737612968,0.016237915392110835,0.0004973219773872573,low
宮城,大阪,金属素材群,623.1,0.468,7777.3,3265.6,6.0,3,1749.6648000000002,12792.5648,9.456619406134465,-0.05152678571428565,-0.4872692017214458,0.022314202019231566,1710.622426186862,12753.52242618686,1.1140066135240982,1.1173006048642211,0.0032939913401228704,0.00295688670079122,low
宮城,大阪,化学・高分子素材群,623.1,0.468,7777.3,3265.6,6.0,7,1749.6648000000002,12792.5648,9.456619406134465,-0.05152678571428565,-0.4872692017214458,0.015556256231014044,1722.4465660528142,12765.346566052815,7.188224111620422,7.199169657087134,0.010945545466712225,0.001522705093323085,low
宮城,大阪,無機素材群,623.1,0.468,7777.3,3265.6,6.0,25,1749.6648000000002,12792.5648,9.456619406134465,-0.05152678571428565,-0.4872692017214458,0.006304335362433347,1738.6343263289555,12781.534326328954,17.78864482756083,17.79805392926543,0.0094091017045983,0.0005289386457376624,low
宮城,札幌,金属素材群,534.5,0.568,6714.1,2822.5,6.0,0,1821.5759999999996,11358.176,9.337693116003182,0.04847321428571427,0.45262799934626124,0.022314202019231566,1780.9289851426158,11317.528985142617,0.5242513360005489,0.5261269983922091,0.00187566239166026,0.0035777922970487122,low
宮城,札幌,化学・高分子素材群,534.5,0.568,6714.1,2822.5,6.0,5,1821.5759999999996,11358.176,9.337693116003182,0.04847321428571427,0.45262799934626124,0.015556256231014044,1793.2390969997339,11329.839096999734,3.840083512822394,3.8472506043050294,0.0071670914826356125,0.0018663894831203623,low
宮城,札幌,無機素材群,534.5,0.568,6714.1,2822.5,6.0,14,1821.5759999999996,11358.176,9.337693116003182,0.04847321428571427,0.45262799934626124,0.006304335362433347,1810.0921740078397,11346.69217400784,7.992793463769194,7.997800090830824,0.00500662706163002,0.0006263926478676986,low
宮城,仙台,金属素材群,5.0,0.372,360.0,175.0,6.0,11,11.16,546.16,6.3029119731100245,-0.14752678571428568,-0.9298483440330081,0.022314202019231566,10.910973505465376,545.9109735054653,12.741466642983372,12.746912089314371,0.005445446330998749,0.000427379867921054,low
宮城,仙台,化学・高分子素材群,5.0,0.372,360.0,175.0,6.0,59,11.16,546.16,6.3029119731100245,-0.14752678571428568,-0.9298483440330081,0.015556256231014044,10.986392180461882,545.9863921804618,59.42219859483799,59.43511325721033,0.012914662372345731,0.00021733733651295138,low
宮城,仙台,無機素材群,5.0,0.372,360.0,175.0,6.0,77,11.16,546.16,6.3029119731100245,-0.14752678571428568,-0.9298483440330081,0.006304335362433347,11.089643617355243,546.0896436173553,86.08886746603702,86.0956022895901,0.006734823553088631,7.823106228857746e-05,low
宮城,名古屋,金属素材群,492.6,0.555,6211.2,2613.0,6.0,1,1640.3580000000002,10464.558,9.255749397963289,0.03547321428571437,0.32833118176882353,0.022314202019231566,1603.7547202041376,10427.954720204138,0.9933134171583601,0.9967730086171953,0.0034595914588352317,0.0034828800246475304,low
宮城,名古屋,化学・高分子素材群,492.6,0.555,6211.2,2613.0,6.0,8,1640.3580000000002,10464.558,9.255749397963289,0.03547321428571437,0.32833118176882353,0.015556256231014044,1614.8401706414063,10439.040170641407,5.462754869713236,5.472663978020123,0.009909108306887404,0.0018139397690761798,low
宮城,名古屋,無機素材群,492.6,0.555,6211.2,2613.0,6.0,24,1640.3580000000002,10464.558,9.255749397963289,0.03547321428571437,0.32833118176882353,0.006304335362433347,1630.0166330535496,10454.216633053551,15.344062202668583,15.353444477704738,0.009382275036154297,0.0006114596586113009,low
宮城,広島,金属素材群,868.4,0.568,10720.5,4491.9,6.0,0,2959.5071999999996,18171.907199999998,9.807632120108606,0.04847321428571427,0.4754074533934786,0.022314202019231566,2893.4681584618293,18105.868158461828,0.24558194425284002,0.24647425449693747,0.000892310244097444,0.0036334521530571556,low
宮城,広島,化学・高分子素材群,868.4,0.568,10720.5,4491.9,6.0,1,2959.5071999999996,18171.907199999998,9.807632120108606,0.04847321428571427,0.4754074533934786,0.015556256231014044,2913.4683476792684,18125.86834767927,2.2716803629546622,2.2759860691572738,0.004305706202611503,0.001895383819320111,low
宮城,広島,無機素材群,868.4,0.568,10720.5,4491.9,6.0,5,2959.5071999999996,18171.907199999998,9.807632120108606,0.04847321428571427,0.4754074533934786,0.006304335362433347,2940.8494741036634,18153.249474103664,10.089248212740616,10.09566608638177,0.00641787364115487,0.0006361101943205673,low
宮城,福岡,金属素材群,1075.8,0.53,13209.3,5528.9,6.0,1,3421.044,22159.244,10.006010024755806,0.01047321428571435,0.1047950871342735,0.022314202019231566,3344.70613306732,22082.906133067318,0.40737803983571647,0.4087647042301115,0.001386664394395054,0.0034038761513857127,low
宮城,福岡,化学・高分子素材群,1075.8,0.53,13209.3,5528.9,6.0,2,3421.044,22159.244,10.006010024755806,0.01047321428571435,0.1047950871342735,0.015556256231014044,3367.8253629584265,22106.025362958422,2.943829086542071,2.949031228086471,0.0052021415443999075,0.0017671343653005796,low
宮城,福岡,無機素材群,1075.8,0.53,13209.3,5528.9,6.0,6,3421.044,22159.244,10.006010024755806,0.01047321428571435,0.1047950871342735,0.006304335362433347,3399.4765913343595,22137.676591334355,9.045674366492094,9.051108497487553,0.0054341309954590855,0.0006007436013381982,low
埼玉,東京,金属素材群,19.6,0.185,535.2,248.0,6.0,76,21.756,804.956,6.690787617539646,-0.3345267857142857,-2.2382476755924814,0.022314202019231566,21.2705322208696,804.4705322208697,75.12403572738845,75.16394450250691,0.03990877511846236,0.0005312384343046225,low
埼玉,東京,化学・高分子素材群,19.6,0.185,535.2,248.0,6.0,74,21.756,804.956,6.690787617539646,-0.3345267857142857,-2.2382476755924814,0.015556256231014044,21.417558089438057,804.6175580894381,77.99090111547147,78.01135387781503,0.020452762343552422,0.00026224549339762786,low
埼玉,東京,無機素材群,19.6,0.185,535.2,248.0,6.0,119,21.756,804.956,6.690787617539646,-0.3345267857142857,-2.2382476755924814,0.006304335362433347,21.6188428798549,804.818842879855,113.51133266541892,113.52286092677939,0.011528261360467695,0.00010156044414039168,low
埼玉,大阪,金属素材群,397.9,0.368,5074.2,2139.3,6.0,7,878.5632,8092.0632000000005,8.998639008440033,-0.15152678571428568,-1.3635348447521052,0.022314202019231566,858.9587632685376,8072.458763268538,3.352843139361465,3.360461531291857,0.007618391930392043,0.002272218416947157,low
埼玉,大阪,化学・高分子素材群,397.9,0.368,5074.2,2139.3,6.0,10,878.5632,8092.0632000000005,8.998639008440033,-0.15152678571428568,-1.3635348447521052,0.015556256231014044,864.8960457456603,8078.396045745661,10.27257610564429,10.284430183367958,0.011854077723667089,0.0011539537504281754,low
埼玉,大阪,無機素材群,397.9,0.368,5074.2,2139.3,6.0,20,878.5632,8092.0632000000005,8.998639008440033,-0.15152678571428568,-1.3635348447521052,0.006304335362433347,873.0244429501074,8086.524442950107,21.63492290301114,21.643916338633368,0.008993435622226542,0.000415690671168273,low
埼玉,札幌,金属素材群,813.9,0.468,10066.7,4219.5,6.0,0,2285.4312,16571.6312,9.715447548544638,-0.05152678571428565,-0.5006057839522414,0.022314202019231566,2234.433626502145,16520.633626502145,0.7110905663574763,0.7132107630831915,0.0021201967257152843,0.0029816127874904594,low
埼玉,札幌,化学・高分子素材群,813.9,0.468,10066.7,4219.5,6.0,2,2285.4312,16571.6312,9.715447548544638,-0.05152678571428565,-0.5006057839522414,0.015556256231014044,2249.878446654446,16536.078446654446,3.0538157777589636,3.0585046771585347,0.004688899399571067,0.0015354231364316305,low
埼玉,札幌,無機素材群,813.9,0.468,10066.7,4219.5,6.0,6,2285.4312,16571.6312,9.715447548544638,-0.05152678571428565,-0.5006057839522414,0.006304335362433347,2271.0230752674315,16557.223075267433,5.835840435654884,5.8389529896271375,0.003112553972253629,0.000533351452386711,low
埼玉,仙台,金属素材群,288.8,0.443,3765.3,1593.9,6.0,1,767.6304,6126.830400000001,8.720432831585232,-0.07652678571428567,-0.6673466946385445,0.022314202019231566,750.5013401782966,6109.701340178297,1.6159222748138964,1.620263846407443,0.004341571593546645,0.0026867453102264204,low
埼玉,仙台,化学・高分子素材群,288.8,0.443,3765.3,1593.9,6.0,9,767.6304,6126.830400000001,8.720432831585232,-0.07652678571428567,-0.6673466946385445,0.015556256231014044,755.6889448068841,6114.888944806885,7.20234849013858,7.212280388608702,0.009931898470122213,0.0013789805483198875,low
埼玉,仙台,無機素材群,288.8,0.443,3765.3,1593.9,6.0,19,767.6304,6126.830400000001,8.720432831585232,-0.07652678571428567,-0.6673466946385445,0.006304335362433347,762.7910005240011,6121.991000524002,16.624987753527588,16.633022866026142,0.008035112498554042,0.00048331539353158953,low
埼玉,名古屋,金属素材群,259.1,0.455,3409.7,1445.7,6.0,2,707.3430000000001,5562.7429999999995,8.623846610913574,-0.06452678571428566,-0.5564691022952889,0.022314202019231566,691.5592054011108,5546.95920540111,3.555256947698121,3.5649885383290285,0.009731590630907672,0.0027372397478073887,low
埼玉,名古屋,化学・高分子素材群,259.1,0.455,3409.7,1445.7,6.0,12,707.3430000000001,5562.7429999999995,8.623846610913574,-0.06452678571428566,-0.5564691022952889,0.015556256231014044,696.3393910487858,5551.739391048785,8.889295590227666,8.901804654590574,0.012509064362907552,0.0014072053556931138,low
埼玉,名古屋,無機素材群,259.1,0.455,3409.7,1445.7,6.0,16,707.3430000000001,5562.7429999999995,8.623846610913574,-0.06452678571428566,-0.5564691022952889,0.006304335362433347,702.8836725117304,5558.28367251173,20.78323872392789,20.79344543645913,0.010206712531239504,0.0004911030791119404,low
埼玉,広島,金属素材群,674.0,0.468,8388.5,3520.2,6.0,0,1892.592,13801.292000000001,9.532517489951324,-0.05152678571428565,-0.491179986022402,0.022314202019231566,1850.3603197720188,13759.06031977202,0.6347977764434758,0.6366797501091906,0.0018819736657148534,0.0029646821957361245,low
埼玉,広島,化学・高分子素材群,674.0,0.468,8388.5,3520.2,6.0,2,1892.592,13801.292000000001,9.532517489951324,-0.05152678571428565,-0.491179986022402,0.015556256231014044,1863.1503539072328,13771.850353907234,2.9238200011256006,2.928283840364829,0.004463839239228218,0.0015267147900724896,low
埼玉,広島,無機素材群,674.0,0.468,8388.5,3520.2,6.0,13,1892.592,13801.292000000001,9.532517489951324,-0.05152678571428565,-0.491179986022402,0.006304335362433347,1880.6604653277416,13789.360465327742,11.023101794050001,11.028947674608027,0.005845880558025485,0.0005303299077924643,low
埼玉,福岡,金属素材群,881.3,0.43,10875.9,4556.6,6.0,0,2273.754,17706.254,9.781673189487732,-0.08952678571428568,-0.8757217595624416,0.022314202019231566,2223.0169939019643,17655.516993901965,1.0060535679360265,1.008812811091669,0.0027592431556424657,0.0027426403956831076,low
埼玉,福岡,化学・高分子素材群,881.3,0.43,10875.9,4556.6,6.0,5,2273.754,17706.254,9.781673189487732,-0.08952678571428568,-0.8757217595624416,0.015556256231014044,2238.3829001697068,17670.88290016971,3.66724291963003,3.6723956920818916,0.005152772451861853,0.0014050807554307559,low
埼玉,福岡,無機素材群,881.3,0.43,10875.9,4556.6,6.0,6,2273.754,17706.254,9.781673189487732,-0.08952678571428568,-0.8757217595624416,0.006304335362433347,2259.4194922523257,17691.919492252324,9.586575724413926,9.59131863475983,0.004742910345903795,0.0004947449936503528,low
千葉,東京,金属素材群,38.6,0.275,762.9,342.9,6.0,84,63.69000000000001,1169.49,7.064323035325001,-0.24452678571428565,-1.7274162050754085,0.022314202019231566,62.268808473395154,1168.0688084733952,81.56613644528386,81.65620010240141,0.09006365711755393,0.0011041795166793313,low
千葉,東京,化学・高分子素材群,38.6,0.275,762.9,342.9,6.0,42,63.69000000000001,1169.49,7.064323035325001,-0.24452678571428565,-1.7274162050754085,0.015556256231014044,62.699222040646724,1168.4992220406466,48.7737281406724,48.800704874912554,0.026976734240157896,0.0005530996966717827,low
千葉,東京,無機素材群,38.6,0.275,762.9,342.9,6.0,162,63.69000000000001,1169.49,7.064323035325001,-0.24452678571428565,-1.7274162050754085,0.006304335362433347,63.28847688076663,1169.0884768807666,172.01153780315934,172.04706351874907,0.035525715589727724,0.00020653100392824475,low
千葉,大阪,金属素材群,430.7,0.387,5468.5,2303.5,6.0,3,1000.0854,8772.0854,9.079329845012504,-0.13252678571428567,-1.2032544007992907,0.022314202019231566,977.7692923479161,8749.769292347915,5.395370499709853,5.408324538344004,0.012954038634151566,0.0024009544172820378,low
千葉,大阪,化学・高分子素材群,430.7,0.387,5468.5,2303.5,6.0,8,1000.0854,8772.0854,9.079329845012504,-0.13252678571428567,-1.2032544007992907,0.015556256231014044,984.5278152647038,8756.527815264704,8.905370612509891,8.916258898827987,0.010888286318095908,0.0012226651525092621,low
千葉,大阪,無機素材群,430.7,0.387,5468.5,2303.5,6.0,43,1000.0854,8772.0854,9.079329845012504,-0.13252678571428567,-1.2032544007992907,0.006304335362433347,993.7805262473267,8765.780526247327,40.10524811622523,40.12278781669389,0.017539700468653052,0.00043734177676255494,low
千葉,札幌,金属素材群,835.8,0.488,10329.4,4328.9,6.0,0,2447.2223999999997,17105.522399999998,9.747156637722895,-0.03152678571428569,-0.3072965186410671,0.022314202019231566,2392.614584980411,17050.91458498041,1.188704942541473,1.192405133697004,0.0037001911555309963,0.003112791932722951,low
千葉,札幌,化学・高分子素材群,835.8,0.488,10329.4,4328.9,6.0,2,2447.2223999999997,17105.522399999998,9.747156637722895,-0.03152678571428569,-0.3072965186410671,0.015556256231014044,2409.1527812913223,17067.452781291322,2.714931390097851,2.719294940576137,0.004363550478286182,0.0016072415289024714,low
千葉,札幌,無機素材群,835.8,0.488,10329.4,4328.9,6.0,11,2447.2223999999997,17105.522399999998,9.747156637722895,-0.03152678571428569,-0.3072965186410671,0.006304335362433347,2431.7942892839405,17090.09428928394,11.127344451294102,11.133513290514733,0.006168839220631384,0.0005543855721940874,low
千葉,仙台,金属素材群,303.5,0.463,3942.4,1667.7,6.0,4,843.123,6453.223,8.772334974908864,-0.056526785714285654,-0.49587189934060677,0.022314202019231566,824.3093830509396,6434.40938305094,2.6658143596416095,2.673331310894714,0.007516951253104587,0.0028197579572326863,low
千葉,仙台,化学・高分子素材群,303.5,0.463,3942.4,1667.7,6.0,10,843.123,6453.223,8.772334974908864,-0.056526785714285654,-0.49587189934060677,0.015556256231014044,830.0071625777388,6440.1071625777395,6.353666645625813,6.362886925795453,0.009220280169640382,0.0014511746813138352,low
千葉,仙台,無機素材群,303.5,0.463,3942.4,1667.7,6.0,27,843.123,6453.223,8.772334974908864,-0.056526785714285654,-0.49587189934060677,0.006304335362433347,837.8076698562191,6447.907669856219,31.34855111622908,31.3643822789825,0.01583116275342178,0.00050500460754073,low
千葉,名古屋,金属素材群,293.9,0.475,3826.6,1619.4,6.0,6,837.615,6283.615,8.745700730789528,-0.0445267857142857,-0.38941794236113714,0.022314202019231566,818.9242896756614,6264.924289675661,5.4833117932746385,5.499147386208939,0.015835592934300813,0.002887961423919646,low
千葉,名古屋,化学・高分子素材群,293.9,0.475,3826.6,1619.4,6.0,8,837.615,6283.615,8.745700730789528,-0.0445267857142857,-0.38941794236113714,0.015556256231014044,824.5848464370591,6270.584846437059,7.461559397091337,7.472667193938165,0.011107796846827611,0.001488669627311102,low
千葉,名古屋,無機素材群,293.9,0.475,3826.6,1619.4,6.0,39,837.615,6283.615,8.745700730789528,-0.0445267857142857,-0.38941794236113714,0.006304335362433347,832.3343941353954,6278.334394135395,37.546351365421124,37.5657201200809,0.019368754659772947,0.0005158624994281306,low
千葉,広島,金属素材群,709.9,0.488,8818.4,3699.3,6.0,0,2078.5872,14596.2872,9.588522473986488,-0.03152678571428569,-0.3022952933539845,0.022314202019231566,2032.2051853046112,14549.905185304611,1.0375500981450585,1.040764806530985,0.0032147083859264125,0.0030983644950481884,low
千葉,広島,化学・高分子素材群,709.9,0.488,8818.4,3699.3,6.0,8,2078.5872,14596.2872,9.588522473986488,-0.03152678571428569,-0.3022952933539845,0.015556256231014044,2046.2521649182938,14563.952164918295,2.5572389186248796,2.561329992779657,0.004091074154777274,0.0015998013032654742,low
千葉,広島,無機素材群,709.9,0.488,8818.4,3699.3,6.0,26,2078.5872,14596.2872,9.588522473986488,-0.03152678571428569,-0.3022952933539845,0.006304335362433347,2065.4830892111386,14583.18308921114,20.71126987011986,20.722698809686232,0.01142893956637181,0.0005518222512691188,low
千葉,福岡,金属素材群,915.7,0.45,11288.7,4728.6,6.0,2,2472.3900000000003,18489.690000000002,9.824968558421261,-0.06952678571428567,-0.6830984836109492,0.022314202019231566,2417.2205900696727,18434.520590069675,1.6631118614024964,1.6678922027899399,0.004780341387443432,0.002874335454148097,low
千葉,福岡,化学・高分子素材群,915.7,0.45,11288.7,4728.6,6.0,2,2472.3900000000003,18489.690000000002,9.824968558421261,-0.06952678571428567,-0.6830984836109492,0.015556256231014044,2433.9288676570036,18451.228867657006,3.233504895377099,3.2382794390050953,0.0047745436279962306,0.001476584629521463,low
千葉,福岡,無機素材群,915.7,0.45,11288.7,4728.6,6.0,23,2472.3900000000003,18489.690000000002,9.824968558421261,-0.06952678571428567,-0.6830984836109492,0.006304335362433347,2456.8032242932736,18474.103224293274,18.14969727756301,18.159066187742493,0.00936891017948227,0.0005162020080116868,low
神奈川,東京,金属素材群,27.2,0.255,626.9,286.2,6.0,75,41.616,954.7159999999999,6.861413914054923,-0.2645267857142857,-1.8150277681402247,0.022314202019231566,40.68737216876766,953.7873721687675,77.85510162253617,77.92343486319562,0.0683332406594559,0.0008776976618790509,low
神奈川,東京,化学・高分子素材群,27.2,0.255,626.9,286.2,6.0,109,41.616,954.7159999999999,6.861413914054923,-0.2645267857142857,-1.8150277681402247,0.015556256231014044,40.96861084069012,954.06861084069,104.10593922700913,104.1515674472711,0.04562822026197466,0.00043828642823614167,low
神奈川,東京,無機素材群,27.2,0.255,626.9,286.2,6.0,119,41.616,954.7159999999999,6.861413914054923,-0.2645267857142857,-1.8150277681402247,0.006304335362433347,41.353638779556974,954.4536387795569,119.79704173885402,119.81680451841632,0.019762779562299215,0.00016496884460118945,low
神奈川,大阪,金属素材群,386.0,0.368,4931.6,2079.9,6.0,5,852.288,7863.7880000000005,8.970023703172675,-0.15152678571428568,-1.3591988595227094,0.022314202019231566,833.2698733894332,7844.769873389433,4.795941237807099,4.8068195866319,0.010878348824800987,0.0022682406404493424,low
神奈川,大阪,化学・高分子素材群,386.0,0.368,4931.6,2079.9,6.0,14,852.288,7863.7880000000005,8.970023703172675,-0.15152678571428568,-1.3591988595227094,0.015556256231014044,839.0295894893815,7850.529589489382,18.144964798101277,18.1658666270042,0.020901828902921693,0.001151935489293917,low
神奈川,大阪,無機素材群,386.0,0.368,4931.6,2079.9,6.0,33,852.288,7863.7880000000005,8.970023703172675,-0.15152678571428568,-1.3591988595227094,0.006304335362433347,846.9148906226225,7858.414890622623,26.47472549439955,26.485711559326514,0.01098606492696419,0.00041496426201994717,low
神奈川,札幌,金属素材群,859.3,0.468,10611.8,4446.6,6.0,1,2412.9144,17471.3144,9.768315637847985,-0.05152678571428565,-0.5033299066608987,0.022314202019231566,2359.0721406232874,17417.472140623286,0.9409766304832614,0.9437862362561774,0.0028096057729160018,0.002985840117488423,low
神奈川,札幌,化学・高分子素材群,859.3,0.468,10611.8,4446.6,6.0,5,2412.9144,17471.3144,9.768315637847985,-0.05152678571428565,-0.5033299066608987,0.015556256231014044,2375.3784853300963,17433.778485330095,5.093762872824072,5.101595029726956,0.00783215690288408,0.0015375974693815683,low
神奈川,札幌,無機素材群,859.3,0.468,10611.8,4446.6,6.0,11,2412.9144,17471.3144,9.768315637847985,-0.05152678571428565,-0.5033299066608987,0.006304335362433347,2397.7025784215552,17456.102578421556,6.794560251329933,6.798189265891888,0.0036290145619553016,0.0005341058770131558,low
神奈川,仙台,金属素材群,332.1,0.443,4284.7,1810.3,6.0,2,882.7218,6977.7218,8.850477752794898,-0.07652678571428567,-0.6772986144571878,0.022314202019231566,863.0245674280203,6958.02456742802,1.9866688529691308,1.992058464287968,0.005389611318837195,0.002712888617940667,low
神奈川,仙台,化学・高分子素材群,332.1,0.443,4284.7,1810.3,6.0,10,882.7218,6977.7218,8.850477752794898,-0.07652678571428567,-0.6772986144571878,0.015556256231014044,868.989953498498,6963.989953498498,11.380977193655784,11.396823885363588,0.01584669170780373,0.0013923841018359403,low
神奈川,仙台,無機素材群,332.1,0.443,4284.7,1810.3,6.0,20,882.7218,6977.7218,8.850477752794898,-0.07652678571428567,-0.6772986144571878,0.006304335362433347,877.1568257410692,6972.156825741069,18.46536182962419,18.474373079421703,0.009011249797513443,0.00048800829795041397,low
神奈川,名古屋,金属素材群,250.0,0.455,3299.9,1400.0,6.0,7,682.5,5382.4,8.590889650338575,-0.06452678571428566,-0.5543424955624717,0.022314202019231566,667.2705571218745,5367.1705571218745,5.110607676989624,5.124557465312333,0.013949788322708656,0.002729575268615748,low
神奈川,名古屋,化学・高分子素材群,250.0,0.455,3299.9,1400.0,6.0,13,682.5,5382.4,8.590889650338575,-0.06452678571428566,-0.5543424955624717,0.015556256231014044,671.8828551223329,5371.782855122333,15.762688938130639,15.784808236725214,0.022119298594574843,0.001403269371196388,low
神奈川,名古屋,無機素材群,250.0,0.455,3299.9,1400.0,6.0,23,682.5,5382.4,8.590889650338575,-0.06452678571428566,-0.5543424955624717,0.006304335362433347,678.1972911151393,5378.097291115138,25.504032229811386,25.516522342111358,0.012490112299971656,0.0004897308859801432,low
神奈川,広島,金属素材群,665.7,0.468,8288.6,3478.6,6.0,1,1869.2856000000002,13636.4856,9.520504244240025,-0.05152678571428565,-0.4905609820849028,0.022314202019231566,1827.5739834899598,13594.77398348996,0.8943494863619802,0.8969999439492652,0.0026504575872849934,0.0029635591317511457,low
神奈川,広島,化学・高分子素材群,665.7,0.468,8288.6,3478.6,6.0,5,1869.2856000000002,13636.4856,9.520504244240025,-0.05152678571428565,-0.4905609820849028,0.015556256231014044,1840.2065142374552,13607.406514237457,5.108291098897882,5.116087051622721,0.007795952724838351,0.0015261371315586016,low
神奈川,広島,無機素材群,665.7,0.468,8288.6,3478.6,6.0,9,1869.2856000000002,13636.4856,9.520504244240025,-0.05152678571428565,-0.4905609820849028,0.006304335362433347,1857.5009966894327,13624.700996689433,13.354722871738442,13.361802603971157,0.00707973223271452,0.0005301294755952447,low
神奈川,福岡,金属素材群,871.1,0.43,10753.0,4505.4,6.0,2,2247.438,17505.838,9.770289704279497,-0.08952678571428568,-0.8747026327215222,0.022314202019231566,2197.2882144423024,17455.688214442303,1.416354492851921,1.4202380396855345,0.0038835468336135825,0.002741931383148163,low
神奈川,福岡,化学・高分子素材群,871.1,0.43,10753.0,4505.4,6.0,10,2247.438,17505.838,9.770289704279497,-0.08952678571428568,-0.8747026327215222,0.015556256231014044,2212.476278608682,17470.87627860868,6.403375871377028,6.412370808222557,0.008994936845528656,0.0014047179216412796,low
神奈川,福岡,無機素材群,871.1,0.43,10753.0,4505.4,6.0,7,2247.438,17505.838,9.770289704279497,-0.08952678571428568,-0.8747026327215222,0.006304335362433347,2233.2693971417234,17491.669397141723,11.609555584249213,11.615297872095967,0.005742287846754124,0.0004946173697247065,low
新潟,東京,金属素材群,253.1,0.535,3337.6,1415.7,6.0,4,812.451,5565.751,8.624387205188642,0.015473214285714354,0.13344699130885698,0.022314202019231566,794.3218042552734,5547.621804255274,3.7542558714399306,3.766354988364455,0.012099116924524367,0.003222773657109257,low
新潟,東京,化学・高分子素材群,253.1,0.535,3337.6,1415.7,6.0,18,812.451,5565.751,8.624387205188642,0.015473214285714354,0.13344699130885698,0.015556256231014044,799.8123040688564,5553.112304068856,13.029053111760525,13.050867942645523,0.02181483088499725,0.0016743220476479863,low
新潟,東京,無機素材群,253.1,0.535,3337.6,1415.7,6.0,13,812.451,5565.751,8.624387205188642,0.015473214285714354,0.13344699130885698,0.006304335362433347,807.3290364304556,5560.629036430456,18.920838372309365,18.931590456553167,0.010752084243801363,0.0005682667983431976,low
新潟,大阪,金属素材群,476.2,0.547,6014.4,2531.0,6.0,2,1562.8884,10108.2884,9.221110999957014,0.027473214285714365,0.25333355845417693,0.022314202019231566,1528.0137925088866,10073.413792508887,1.1290458603738478,1.1329148702323761,0.0038690098585283383,0.003426796018053012,low
新潟,大阪,化学・高分子素材群,476.2,0.547,6014.4,2531.0,6.0,9,1562.8884,10108.2884,9.221110999957014,0.027473214285714365,0.25333355845417693,0.015556256231014044,1538.5757075891204,10083.97570758912,7.637413894456918,7.651030932360051,0.013617037903133067,0.0017829383206553779,low
新潟,大阪,無機素材群,476.2,0.547,6014.4,2531.0,6.0,13,1562.8884,10108.2884,9.221110999957014,0.027473214285714365,0.25333355845417693,0.006304335362433347,1553.035427392343,10098.435427392342,10.830663783036636,10.837190759014746,0.006526975978109917,0.0006026385925055392,low
新潟,札幌,金属素材群,606.6,0.648,7579.0,3182.9,6.0,0,2358.4608000000003,13120.3608,9.481920562119962,0.12847321428571434,1.218172812217359,0.022314202019231566,2305.8336292543618,13067.733629254362,0.363259132458691,0.36475195261218185,0.001492820153490837,0.004109518578065197,low
新潟,札幌,化学・高分子素材群,606.6,0.648,7579.0,3182.9,6.0,6,2358.4608000000003,13120.3608,9.481920562119962,0.12847321428571434,1.218172812217359,0.015556256231014044,2321.771979484398,13083.671979484398,3.066541717271349,3.0731793920503683,0.006637674779019331,0.002164547360185801,low
新潟,札幌,無機素材群,606.6,0.648,7579.0,3182.9,6.0,3,2358.4608000000003,13120.3608,9.481920562119962,0.12847321428571434,1.218172812217359,0.006304335362433347,2343.5922721776474,13105.492272177647,3.8454826784135707,3.8482038338286815,0.002721155415110754,0.0007076238908540213,low
新潟,仙台,金属素材群,166.6,0.623,2299.5,983.1,6.0,0,622.7508,3905.3508,8.27010289178573,0.10347321428571432,0.8557341286866504,0.022314202019231566,608.854612841162,3891.454612841162,1.0835137139783295,1.087432587348738,0.003918873370408527,0.003616819353416052,low
新潟,仙台,化学・高分子素材群,166.6,0.623,2299.5,983.1,6.0,5,622.7508,3905.3508,8.27010289178573,0.10347321428571432,0.8557341286866504,0.015556256231014044,613.063128987131,3895.663128987131,9.023677736805311,9.040819611064153,0.017141874258841838,0.001899654969827263,low
新潟,仙台,無機素材群,166.6,0.623,2299.5,983.1,6.0,20,622.7508,3905.3508,8.27010289178573,0.10347321428571432,0.8557341286866504,0.006304335362433347,618.8247701095763,3901.4247701095765,12.668896679836761,12.676829317525675,0.007932637688913502,0.0006261506340594542,low
新潟,名古屋,金属素材群,356.7,0.635,4580.8,1933.7,6.0,1,1359.027,7873.527,8.971261398579198,0.11547321428571433,1.0359403898912931,0.022314202019231566,1328.7013969724098,7843.20139697241,1.0668970361373784,1.0710901733728928,0.004193137235514399,0.003930217343836048,low
新潟,名古屋,化学・高分子素材群,356.7,0.635,4580.8,1933.7,6.0,4,1359.027,7873.527,8.971261398579198,0.11547321428571433,1.0359403898912931,0.015556256231014044,1337.8856277631337,7852.385627763134,6.079724207589491,6.092291099385458,0.012566891795967372,0.002067016753865211,low
新潟,名古屋,無機素材群,356.7,0.635,4580.8,1933.7,6.0,4,1359.027,7873.527,8.971261398579198,0.11547321428571433,1.0359403898912931,0.006304335362433347,1350.4592380253982,7864.959238025398,9.647644513903664,9.654191450367916,0.006546936464252084,0.0006786046536869174,low
新潟,広島,金属素材群,707.3,0.648,8788.1,3686.7,6.0,0,2749.9824,15224.7824,9.630679800193532,0.12847321428571434,1.2372843896873642,0.022314202019231566,2688.618737177069,15163.418737177068,0.23348825240901475,0.23445243762110043,0.0009641852120856886,0.004129480614710628,low
新潟,広島,化学・高分子素材群,707.3,0.648,8788.1,3686.7,6.0,1,2749.9824,15224.7824,9.630679800193532,0.12847321428571434,1.2372843896873642,0.015556256231014044,2707.202969154821,15182.00296915482,2.296775441770984,2.301771031731496,0.004995589960512081,0.0021750450086056787,low
新潟,広島,無機素材群,707.3,0.648,8788.1,3686.7,6.0,9,2749.9824,15224.7824,9.630679800193532,0.12847321428571434,1.2372843896873642,0.006304335362433347,2732.6455887096104,15207.44558870961,5.917611138239211,5.921818857746317,0.004207719507105523,0.0007110503560998657,low
新潟,福岡,金属素材群,913.3,0.61,11259.9,4716.6,6.0,1,3342.678,19319.178,9.868853560277527,0.09047321428571431,0.8928669029133233,0.022314202019231566,3268.088807822759,19244.588807822758,0.3695401332027787,0.3709851746658626,0.0014450414630839403,0.0039103776105720005,low
新潟,福岡,化学・高分子素材群,913.3,0.61,11259.9,4716.6,6.0,1,3342.678,19319.178,9.868853560277527,0.09047321428571431,0.8928669029133233,0.015556256231014044,3290.6784445342264,19267.178444534227,2.8668138903448925,2.8726918425079777,0.005877952163085176,0.002050343129312112,low
新潟,福岡,無機素材群,913.3,0.61,11259.9,4716.6,6.0,5,3342.678,19319.178,9.868853560277527,0.09047321428571431,0.8928669029133233,0.006304335362433347,3321.604636879372,19298.104636879372,5.168862834263103,5.172370423216309,0.003507588953206131,0.0006785997357010904,low
長野,東京,金属素材群,172.7,0.555,2372.4,1013.5,6.0,12,575.091,3960.991,8.284249525465839,0.03547321428571437,0.2938689586131773,0.022314202019231566,562.2583032465582,3948.1583032465583,10.194128645440683,10.227005599102261,0.03287695366157806,0.0032250871854832097,low
長野,東京,化学・高分子素材群,172.7,0.555,2372.4,1013.5,6.0,20,575.091,3960.991,8.284249525465839,0.03547321428571437,0.2938689586131773,0.015556256231014044,566.1447370478498,3952.04473704785,18.02427165893735,18.054549669197204,0.03027801025985255,0.0016798465332073028,low
長野,東京,無機素材群,172.7,0.555,2372.4,1013.5,6.0,50,575.091,3960.991,8.284249525465839,0.03547321428571437,0.2938689586131773,0.006304335362433347,571.4654334720829,3957.365433472083,57.59074656987952,57.623361003321904,0.03261443344238302,0.0005663137810309384,low
長野,大阪,金属素材群,325.4,0.567,4205.3,1777.2,6.0,1,1107.0107999999998,7089.5108,8.866371618556098,0.04747321428571427,0.4209151597844889,0.022314202019231566,1082.3087373713288,7064.808737371329,3.1032851269199773,3.1140910170492213,0.010805890129244045,0.003482080984279048,low
長野,大阪,化学・高分子素材群,325.4,0.567,4205.3,1777.2,6.0,10,1107.0107999999998,7089.5108,8.866371618556098,0.04747321428571427,0.4209151597844889,0.015556256231014044,1089.7898563447,7072.2898563447,10.65437585967964,10.673727384739083,0.019351525059443375,0.0018162983279646795,low
長野,大阪,無機素材群,325.4,0.567,4205.3,1777.2,6.0,38,1107.0107999999998,7089.5108,8.866371618556098,0.04747321428571427,0.4209151597844889,0.006304335362433347,1100.0318326669642,7082.531832666964,33.24965627252219,33.269932121496616,0.020275848974428357,0.0006098062731308443,low
長野,札幌,金属素材群,762.4,0.667,9448.7,3962.0,6.0,1,3051.1248,16461.824800000002,9.708799330783695,0.14747321428571436,1.431787844165664,0.022314202019231566,2983.0413848269127,16393.741384826913,0.556355930551603,0.5587269869440193,0.002371056392416304,0.004261761692852817,low
長野,札幌,化学・高分子素材群,762.4,0.667,9448.7,3962.0,6.0,3,3051.1248,16461.824800000002,9.708799330783695,0.14747321428571436,1.431787844165664,0.015556256231014044,3003.6607208183987,16414.3607208184,2.755435527319742,2.76163437516818,0.006198847848438049,0.002249679873463696,low
長野,札幌,無機素材群,762.4,0.667,9448.7,3962.0,6.0,8,3051.1248,16461.824800000002,9.708799330783695,0.14747321428571436,1.431787844165664,0.006304335362433347,3031.8894860281625,16442.589486028162,8.22721416832319,8.233228163614823,0.006013995291633378,0.0007309880560528918,low
長野,仙台,金属素材群,297.7,0.642,3872.2,1638.4,6.0,1,1146.7404000000001,6657.340400000001,8.803475344437908,0.12247321428571434,1.0781899223183469,0.022314202019231566,1121.1518030507857,6631.751803050786,1.2250668168151195,1.2298816790173572,0.004814862202237702,0.0039302853821109865,low
長野,仙台,化学・高分子素材群,297.7,0.642,3872.2,1638.4,6.0,7,1146.7404000000001,6657.340400000001,8.803475344437908,0.12247321428571434,1.0781899223183469,0.015556256231014044,1128.9014125071446,6639.501412507145,6.462528036652659,6.475897689493338,0.01336965284067837,0.0020687961065470805,low
長野,仙台,無機素材群,297.7,0.642,3872.2,1638.4,6.0,24,1146.7404000000001,6657.340400000001,8.803475344437908,0.12247321428571434,1.0781899223183469,0.006304335362433347,1139.5109639447492,6650.1109639447495,22.428472210015624,22.44367121661524,0.015199006599615927,0.0006776657124611761,low
長野,名古屋,金属素材群,199.7,0.655,2696.4,1148.5,6.0,4,784.8209999999999,4629.721,8.440251886085356,0.13547321428571435,1.143428052389046,0.022314202019231566,767.3083456570646,4612.2083456570645,3.5502999374068973,3.564084411284707,0.013784473877809678,0.0038826223476424687,low
長野,名古屋,化学・高分子素材群,199.7,0.655,2696.4,1148.5,6.0,11,784.8209999999999,4629.721,8.440251886085356,0.13547321428571435,1.143428052389046,0.015556256231014044,772.6121234285192,4617.51212342852,9.835512649918986,9.85564520623676,0.02013255631777433,0.002046924957992928,low
長野,名古屋,無機素材群,199.7,0.655,2696.4,1148.5,6.0,33,784.8209999999999,4629.721,8.440251886085356,0.13547321428571435,1.143428052389046,0.006304335362433347,779.8732252165196,4624.77322521652,33.13528199175488,33.15740768056252,0.022125688807641097,0.000667738056768211,low
長野,広島,金属素材群,576.1,0.667,7212.9,3030.4,6.0,0,2305.5522,12548.8522,9.437384482210046,0.14747321428571436,1.3917614240416376,0.022314202019231566,2254.1056424433164,12497.405642443315,0.5498920293728835,0.5522149778686413,0.0023229484957577595,0.004224372007004599,low
長野,広島,化学・高分子素材群,576.1,0.667,7212.9,3030.4,6.0,2,2305.5522,12548.8522,9.437384482210046,0.14747321428571436,1.3917614240416376,0.015556256231014044,2269.6864392228217,12512.986439222821,2.8594350239638597,2.8658114915999797,0.006376467636119987,0.0022299746567700216,low
長野,広島,無機素材群,576.1,0.667,7212.9,3030.4,6.0,15,2305.5522,12548.8522,9.437384482210046,0.14747321428571436,1.3917614240416376,0.006304335362433347,2291.017225735604,12534.317225735604,16.459742853485537,16.471669509107006,0.011926655621468996,0.0007245955011346603,low
長野,福岡,金属素材群,784.8,0.63,9717.6,4074.0,6.0,1,2966.544,16758.144,9.726639628047161,0.11047321428571433,1.0745331439091748,0.022314202019231566,2900.3479378850607,16691.94793788506,0.8209715134925499,0.8242760164915103,0.003304502998960346,0.004025112862811084,low
長野,福岡,化学・高分子素材群,784.8,0.63,9717.6,4074.0,6.0,1,2966.544,16758.144,9.726639628047161,0.11047321428571433,1.0745331439091748,0.015556256231014044,2920.3956814154226,16711.99568141542,3.4084412435267413,3.415652031726833,0.007210788200091578,0.0021155676993951985,low
長野,福岡,無機素材群,784.8,0.63,9717.6,4074.0,6.0,17,2966.544,16758.144,9.726639628047161,0.11047321428571433,1.0745331439091748,0.006304335362433347,2947.8419117565854,16739.441911756585,13.908885934026738,13.918561470820203,0.009675536793464445,0.0006956370797314676,low
静岡,東京,金属素材群,142.7,0.495,2012.7,863.6,6.0,8,423.81899999999996,3300.119,8.101713807410464,-0.02452678571428568,-0.19870899847282603,0.022314202019231566,414.3618172144113,3290.6618172144117,7.624730541840991,7.646075448050105,0.021344906209114,0.002799430890309243,low
静岡,東京,化学・高分子素材群,142.7,0.495,2012.7,863.6,6.0,17,423.81899999999996,3300.119,8.101713807410464,-0.02452678571428568,-0.19870899847282603,0.015556256231014044,417.2259630404278,3293.525963040428,17.402426874434273,17.427607833103337,0.02518095866906478,0.001446979714424651,low
静岡,東京,無機素材群,142.7,0.495,2012.7,863.6,6.0,81,423.81899999999996,3300.119,8.101713807410464,-0.02452678571428568,-0.19870899847282603,0.006304335362433347,421.1471028910288,3297.447102891029,73.37788819124478,73.4144271834371,0.0365389921923196,0.0004979564429149014,low
静岡,大阪,金属素材群,264.8,0.507,3477.5,1474.0,6.0,1,805.5216,5757.0216,8.658175536622913,-0.012526785714285671,-0.10845910962394559,0.022314202019231566,787.5470282867454,5739.047028286745,2.4069531639149995,2.414323609800205,0.007370445885205523,0.0030621476128838408,low
静岡,大阪,化学・高分子素材群,264.8,0.507,3477.5,1474.0,6.0,13,805.5216,5757.0216,8.658175536622913,-0.012526785714285671,-0.10845910962394559,0.015556256231014044,792.9906995907836,5744.490699590784,10.60609548874599,10.62290763249926,0.016812143753270448,0.0015851397690233534,low
静岡,大阪,無機素材群,264.8,0.507,3477.5,1474.0,6.0,20,805.5216,5757.0216,8.658175536622913,-0.012526785714285671,-0.10845910962394559,0.006304335362433347,800.4433216919161,5751.943321691916,43.13484517018675,43.15827580667442,0.0234306364876673,0.0005431950988863572,low
静岡,札幌,金属素材群,934.8,0.608,11517.1,4823.8,6.0,1,3410.1503999999995,19751.0504,9.890961953725133,0.08847321428571431,0.8750851964237711,0.022314202019231566,3334.0556150584366,19674.95561505844,0.2966125273979872,0.2977692282647319,0.0011567008667446865,0.0038997033499959173,low
静岡,札幌,化学・高分子素材群,934.8,0.608,11517.1,4823.8,6.0,2,3410.1503999999995,19751.0504,9.890961953725133,0.08847321428571431,0.8750851964237711,0.015556256231014044,3357.1012265913046,19698.001226591306,2.080255725644373,2.0845082917884907,0.004252566144117509,0.002044251623343206,low
静岡,札幌,無機素材群,934.8,0.608,11517.1,4823.8,6.0,10,3410.1503999999995,19751.0504,9.890961953725133,0.08847321428571431,0.8750851964237711,0.006304335362433347,3388.6516682420634,19729.551668242064,8.405409099753527,8.411099790126322,0.005690690372794904,0.0006770271744372053,low
静岡,仙台,金属素材群,427.9,0.583,5435.3,2289.7,6.0,2,1496.7941999999998,9221.7942,9.12932489631725,0.06347321428571429,0.5794675954278512,0.022314202019231566,1463.3944318399858,9188.394431839986,0.5573538795765722,0.5593813279865774,0.002027448410005128,0.003637632183605509,low
静岡,仙台,化学・高分子素材群,427.9,0.583,5435.3,2289.7,6.0,5,1496.7941999999998,9221.7942,9.12932489631725,0.06347321428571429,0.5794675954278512,0.015556256231014044,1473.509685899704,9198.509685899704,4.311565653794649,4.31976259646503,0.008196942670380736,0.0019011522329867641,low
静岡,仙台,無機素材群,427.9,0.583,5435.3,2289.7,6.0,22,1496.7941999999998,9221.7942,9.12932489631725,0.06347321428571429,0.5794675954278512,0.006304335362433347,1487.3579073946546,9212.357907394655,20.899801587049698,20.913070479213463,0.013268892163765145,0.0006348812503553646,low
静岡,名古屋,金属素材群,136.3,0.595,1935.2,831.3,6.0,2,486.591,3253.091,8.087360900259764,0.0754732142857143,0.6103791222312125,0.022314202019231566,475.7331101252601,3242.2331101252603,3.1774081997783847,3.188095401323885,0.01068720154550018,0.0033634965586875434,low
静岡,名古屋,化学・高分子素材群,136.3,0.595,1935.2,831.3,6.0,11,486.591,3253.091,8.087360900259764,0.0754732142857143,0.6103791222312125,0.015556256231014044,479.0214657242946,3245.5214657242946,10.896002090005346,10.915186697210885,0.019184607205538384,0.0017607014983170742,low
静岡,名古屋,無機素材群,136.3,0.595,1935.2,831.3,6.0,57,486.591,3253.091,8.087360900259764,0.0754732142857143,0.6103791222312125,0.006304335362433347,483.5233671516582,3250.023367151658,47.00504721714346,47.03257911341798,0.027531896274517464,0.0005857221278245234,low
静岡,広島,金属素材群,545.9,0.608,6851.1,2879.6,6.0,1,1991.4432,11722.1432,9.36923491330709,0.08847321428571431,0.828926328178214,0.022314202019231566,1947.005734125375,11677.705734125375,0.3755092930567288,0.3769500899844157,0.0014407969276868937,0.0038369141705082385,low
静岡,広島,化学・高分子素材群,545.9,0.608,6851.1,2879.6,6.0,2,1991.4432,11722.1432,9.36923491330709,0.08847321428571431,0.828926328178214,0.015556256231014044,1960.4637993112892,11691.163799311289,2.5972753911208994,2.602499514399754,0.0052241232788543535,0.002011385968817035,low
静岡,広島,無機素材群,545.9,0.608,6851.1,2879.6,6.0,20,1991.4432,11722.1432,9.36923491330709,0.08847321428571431,0.828926328178214,0.006304335362433347,1978.8884742119626,11709.588474211963,19.62757228645008,19.640647358722283,0.013075072272204835,0.0006661584062146712,low
静岡,福岡,金属素材群,749.1,0.57,9289.3,3895.5,6.0,0,2561.9219999999996,15746.721999999998,9.664387495608226,0.050473214285714274,0.4877927010060115,0.022314202019231566,2504.754754934486,15689.554754934485,0.561432394434474,0.5634714838074476,0.0020390893729735904,0.003631941072847333,low
静岡,福岡,化学・高分子素材群,749.1,0.57,9289.3,3895.5,6.0,1,2561.9219999999996,15746.721999999998,9.664387495608226,0.050473214285714274,0.4877927010060115,0.015556256231014044,2522.0680849241276,15706.868084924126,3.106378776254699,3.1122656020416493,0.005886825786950212,0.0018950766184566339,low
静岡,福岡,無機素材群,749.1,0.57,9289.3,3895.5,6.0,19,2561.9219999999996,15746.721999999998,9.664387495608226,0.050473214285714274,0.4877927010060115,0.006304335362433347,2545.7707845396035,15730.570784539603,16.549436448177097,16.559955015270493,0.010518567093395603,0.0006355846089583438,low
愛知,東京,金属素材群,258.6,0.415,3403.1,1443.0,6.0,6,643.914,5490.014,8.6106860845914,-0.1045267857142857,-0.900047339217067,0.022314202019231566,629.5455729209885,5475.645572920989,9.572625968262528,9.596485400392961,0.023859432130432623,0.002492464681011997,low
愛知,東京,化学・高分子素材群,258.6,0.415,3403.1,1443.0,6.0,12,643.914,5490.014,8.6106860845914,-0.1045267857142857,-0.900047339217067,0.015556256231014044,633.8971088252628,5479.997108825263,15.871050771627639,15.891275840603656,0.020225068976017724,0.0012743371101914486,low
愛知,東京,無機素材群,258.6,0.415,3403.1,1443.0,6.0,50,643.914,5490.014,8.6106860845914,-0.1045267857142857,-0.900047339217067,0.006304335362433347,639.8545501994341,5485.954550199434,47.54676617721785,47.56821840336088,0.021452226143033215,0.00045118160219510584,low
愛知,大阪,金属素材群,139.0,0.427,1967.6,844.8,6.0,12,356.118,3168.5179999999996,8.061019249669007,-0.09252678571428569,-0.7458602007528562,0.022314202019231566,348.1715110053153,3160.571511005315,8.777829487942114,8.798872663123145,0.02104317518103116,0.0023973096321747473,low
愛知,大阪,化学・高分子素材群,139.0,0.427,1967.6,844.8,6.0,25,356.118,3168.5179999999996,8.061019249669007,-0.09252678571428569,-0.7458602007528562,0.015556256231014044,350.57813714352375,3162.9781371435233,21.269364665634996,21.295479545456512,0.026114879821516723,0.0012278166382520418,low
愛知,大阪,無機素材群,139.0,0.427,1967.6,844.8,6.0,53,356.118,3168.5179999999996,8.061019249669007,-0.09252678571428569,-0.7458602007528562,0.006304335362433347,353.87291269940096,3166.2729126994004,55.0405708444287,55.06439521304265,0.023824368613951208,0.00043285104511888887,low
愛知,札幌,金属素材群,956.3,0.527,11776.0,4931.7,6.0,1,3023.8206,19731.5206,9.889972666497975,0.007473214285714347,0.07390988501659708,0.022314202019231566,2956.3464562616864,19664.046456261687,0.6331287733258611,0.6352659751687165,0.002137201842855374,0.0033756195151715064,low
愛知,札幌,化学・高分子素材群,956.3,0.527,11776.0,4931.7,6.0,3,3023.8206,19731.5206,9.889972666497975,0.007473214285714347,0.07390988501659708,0.015556256231014044,2976.781271949781,19684.481271949782,2.843860157288841,2.848842027267181,0.004981869978339937,0.001751798507240715,low
愛知,札幌,無機素材群,956.3,0.527,11776.0,4931.7,6.0,6,3023.8206,19731.5206,9.889972666497975,0.007473214285714347,0.07390988501659708,0.006304335362433347,3004.7574208617657,19712.457420861767,7.50202901778052,7.5065013064108275,0.004472288630307908,0.0005961438725054462,low
愛知,仙台,金属素材群,492.5,0.502,6209.9,2612.4,6.0,1,1483.41,10305.71,9.240453389544076,-0.017526785714285675,-0.16195544646138374,0.022314202019231566,1450.3088895826518,10272.60888958265,1.046628019330463,1.0499202313264848,0.003292211996021921,0.0031455416205348466,low
愛知,仙台,化学・高分子素材群,492.5,0.502,6209.9,2612.4,6.0,6,1483.41,10305.71,9.240453389544076,-0.017526785714285675,-0.16195544646138374,0.015556256231014044,1460.3336939443516,10282.63369394435,5.327292253274021,5.335960688092406,0.008668434818384974,0.0016271746332402863,low
愛知,仙台,無機素材群,492.5,0.502,6209.9,2612.4,6.0,19,1483.41,10305.71,9.240453389544076,-0.017526785714285675,-0.16195544646138374,0.006304335362433347,1474.0580858800129,10296.358085880012,17.34599442935112,17.35568290026393,0.009688470912809777,0.0005585422589791645,low
愛知,名古屋,金属素材群,5.0,0.345,360.0,175.0,6.0,53,10.35,545.35,6.301427790374752,-0.1745267857142857,-1.099767937664779,0.022314202019231566,10.119048009100954,545.119048009101,51.480422862055335,51.50067918189286,0.020256319837528736,0.0003934761742693271,low
愛知,名古屋,化学・高分子素材群,5.0,0.345,360.0,175.0,6.0,76,10.35,545.35,6.301427790374752,-0.1745267857142857,-1.099767937664779,0.015556256231014044,10.188992748009003,545.188992748009,73.51549092399199,73.53014245068015,0.014651526688155059,0.00019929849483428386,low
愛知,名古屋,無機素材群,5.0,0.345,360.0,175.0,6.0,129,10.35,545.35,6.301427790374752,-0.1745267857142857,-1.099767937664779,0.006304335362433347,10.284750128998814,545.2847501289988,133.09031776896924,133.09996224177235,0.009644472803103099,7.246562308044742e-05,low
愛知,広島,金属素材群,416.0,0.527,5291.8,2229.9,6.0,1,1315.392,8837.092,9.0867131422367,0.007473214285714347,0.0679069544647516,0.022314202019231566,1286.0400771775192,8807.74007717752,1.0438977987754818,1.0473201091557371,0.003422310380255311,0.0032783960118220067,low
愛知,広島,化学・高分子素材群,416.0,0.527,5291.8,2229.9,6.0,4,1315.392,8837.092,9.0867131422367,0.007473214285714347,0.0679069544647516,0.015556256231014044,1294.929425003774,8816.629425003775,4.30603518258555,4.313361508988956,0.007326326403406469,0.0017014088582080259,low
愛知,広島,無機素材群,416.0,0.527,5291.8,2229.9,6.0,25,1315.392,8837.092,9.0867131422367,0.007473214285714347,0.0679069544647516,0.006304335362433347,1307.0993276989382,8828.799327698938,20.785805917938397,20.79784126342551,0.012035345487113602,0.0005790175052451036,low
愛知,福岡,金属素材群,622.4,0.49,7768.9,3262.1,6.0,0,1829.856,12860.856,9.461943558562396,-0.029526785714285686,-0.2793807798943376,0.022314202019231566,1789.024223549897,12820.024223549897,1.4454670903077749,1.449944546284903,0.00447745597712812,0.0030975841699548905,low
愛知,福岡,化学・高分子素材群,622.4,0.49,7768.9,3262.1,6.0,2,1829.856,12860.856,9.461943558562396,-0.029526785714285686,-0.2793807798943376,0.015556256231014044,1801.3902911981415,12832.390291198142,4.866906045593151,4.874692261883343,0.007786216290192272,0.001599828765390381,low
愛知,福岡,無機素材群,622.4,0.49,7768.9,3262.1,6.0,16,1829.856,12860.856,9.461943558562396,-0.029526785714285686,-0.2793807798943376,0.006304335362433347,1818.319974111039,12849.319974111038,16.68851584432437,16.697718708914056,0.009202864589685333,0.0005514489530125085,low
京都,東京,金属素材群,363.7,0.375,4664.6,1968.6,6.0,8,818.3249999999999,7451.525000000001,8.916173988412408,-0.14452678571428568,-1.288625967414568,0.022314202019231566,800.0647306326123,7433.264730632613,6.9853857771554,7.001477472407517,0.016091695252116622,0.002303622987400634,low
京都,東京,化学・高分子素材群,363.7,0.375,4664.6,1968.6,6.0,9,818.3249999999999,7451.525000000001,8.916173988412408,-0.14452678571428568,-1.288625967414568,0.015556256231014044,805.5949266197554,7438.794926619756,8.195283813720833,8.204881252187576,0.009597438466743213,0.0011710928730344695,low
京都,東京,無機素材群,363.7,0.375,4664.6,1968.6,6.0,56,818.3249999999999,7451.525000000001,8.916173988412408,-0.14452678571428568,-1.288625967414568,0.006304335362433347,813.1660047645366,7446.366004764537,58.81875057029572,58.84349955370329,0.02474898340756937,0.00042076690116005195,low
京都,大阪,金属素材群,42.9,0.287,814.4,364.3,6.0,22,73.87379999999999,1252.5738000000001,7.132955753378867,-0.2325267857142857,-1.658603273975409,0.022314202019231566,72.22536510287168,1250.9253651028716,25.189797036772706,25.220041987348207,0.030244950575500695,0.0012006825831644592,low
京都,大阪,化学・高分子素材群,42.9,0.287,814.4,364.3,6.0,28,73.87379999999999,1252.5738000000001,7.132955753378867,-0.2325267857142857,-1.658603273975409,0.015556256231014044,72.7246002384413,1251.4246002384414,32.01517514591837,32.03446613638143,0.019290990463062485,0.0006025577050613731,low
京都,大阪,無機素材群,42.9,0.287,814.4,364.3,6.0,156,73.87379999999999,1252.5738000000001,7.132955753378867,-0.2325267857142857,-1.658603273975409,0.006304335362433347,73.40807479030266,1252.1080747903027,150.26419778607985,150.29784776295747,0.033649976877626386,0.00022393875170139595,low
京都,札幌,金属素材群,1016.3,0.488,12495.6,5231.5,6.0,2,2975.7263999999996,20702.826399999998,9.938025510995379,-0.03152678571428569,-0.3133140007082558,0.022314202019231566,2909.325439956439,20636.425439956438,0.5945805103532814,0.5964399985904744,0.0018594882371929522,0.003127395205214684,low
京都,札幌,化学・高分子素材群,1016.3,0.488,12495.6,5231.5,6.0,0,2975.7263999999996,20702.826399999998,9.938025510995379,-0.03152678571428569,-0.3133140007082558,0.015556256231014044,2929.4352376482066,20656.535237648204,1.7717196477849313,1.7745805716766552,0.0028609238917238766,0.0016147723457832102,low
京都,札幌,無機素材群,1016.3,0.488,12495.6,5231.5,6.0,7,2975.7263999999996,20702.826399999998,9.938025510995379,-0.03152678571428569,-0.3133140007082558,0.006304335362433347,2956.966422827553,20684.066422827553,10.874795000358688,10.88085204449438,0.006057044135692635,0.0005569800750720224,low
京都,仙台,金属素材群,581.5,0.463,7277.5,3057.3,6.0,0,1615.4070000000002,11950.206999999999,9.388503879385361,-0.056526785714285654,-0.5307019469677559,0.022314202019231566,1579.3604818587194,11914.160481858718,0.8860490567007214,0.8886343217931579,0.002585265092436506,0.0029177448730242535,low
京都,仙台,化学・高分子素材群,581.5,0.463,7277.5,3057.3,6.0,1,1615.4070000000002,11950.206999999999,9.388503879385361,-0.056526785714285654,-0.5307019469677559,0.015556256231014044,1590.2773147906264,11925.077314790626,3.066726582300042,3.0713314086841383,0.004604826384096317,0.0015015444841654912,low
京都,仙台,無機素材群,581.5,0.463,7277.5,3057.3,6.0,20,1615.4070000000002,11950.206999999999,9.388503879385361,-0.056526785714285654,-0.5307019469677559,0.006304335362433347,1605.2229325251778,11940.022932525177,23.61573234076895,23.628071882430312,0.012339541661361864,0.0005225136143696688,low
京都,名古屋,金属素材群,105.3,0.375,1563.4,676.4,6.0,10,236.92499999999998,2476.7250000000004,7.814692401929177,-0.14452678571428568,-1.1294323741966745,0.022314202019231566,231.63820768659355,2471.4382076865936,10.299502015888688,10.32016280114683,0.02066078525814241,0.002005998467330724,low
京都,名古屋,化学・高分子素材群,105.3,0.375,1563.4,676.4,6.0,16,236.92499999999998,2476.7250000000004,7.814692401929177,-0.14452678571428568,-1.1294323741966745,0.015556256231014044,233.23933399246698,2473.039333992467,13.99312458882112,14.007396357306982,0.014271768485862424,0.001019912914751285,low
京都,名古屋,無機素材群,105.3,0.375,1563.4,676.4,6.0,73,236.92499999999998,2476.7250000000004,7.814692401929177,-0.14452678571428568,-1.1294323741966745,0.006304335362433347,235.43134534425545,2475.2313453442557,76.55663254183779,76.58468982793413,0.028057286096341727,0.0003664905987212613,low
京都,広島,金属素材群,310.7,0.488,4028.9,1703.7,6.0,1,909.7296,6642.3296,8.801218024312828,-0.03152678571428569,-0.2774741146772194,0.022314202019231566,889.4297099227254,6622.0297099227255,1.342958147059264,1.3469595182696674,0.004001371210403448,0.00297952041109057,low
京都,広島,化学・高分子素材群,310.7,0.488,4028.9,1703.7,6.0,4,909.7296,6642.3296,8.801218024312828,-0.03152678571428569,-0.2774741146772194,0.015556256231014044,895.577613241462,6628.1776132414625,3.3776016974313614,3.38279817210031,0.005196474668948792,0.0015385102017507477,low
京都,広島,無機素材群,310.7,0.488,4028.9,1703.7,6.0,35,909.7296,6642.3296,8.801218024312828,-0.03152678571428569,-0.2774741146772194,0.006304335362433347,903.9943595124677,6636.594359512468,36.91165150179695,36.93124070163104,0.019589199834086912,0.0005307050494105705,low
京都,福岡,金属素材群,517.6,0.45,6510.9,2737.9,6.0,4,1397.52,10646.32,9.272969571518798,-0.06952678571428567,-0.6447197683340788,0.022314202019231566,1366.3354563940836,10615.135456394082,1.7017274560700286,1.706528937894552,0.004801481824523446,0.0028215339697297906,low
京都,福岡,化学・高分子素材群,517.6,0.45,6510.9,2737.9,6.0,8,1397.52,10646.32,9.272969571518798,-0.06952678571428567,-0.6447197683340788,0.015556256231014044,1375.7798207920332,10624.579820792032,3.5803685240206473,3.585558233862112,0.005189709841464829,0.0014494904104555527,low
京都,福岡,無機素材群,517.6,0.45,6510.9,2737.9,6.0,38,1397.52,10646.32,9.272969571518798,-0.06952678571428567,-0.6447197683340788,0.006304335362433347,1388.7095652442922,10637.50956524429,27.95824025887177,27.97240782605225,0.014167567180482621,0.0005067403044434079,low
兵庫,東京,金属素材群,424.4,0.395,5393.3,2272.2,6.0,1,1005.828,8671.328,9.067777229901955,-0.12452678571428566,-1.1291811520128796,0.022314202019231566,983.3837508114004,8648.883750811401,3.0487865895762973,3.0562536498953157,0.007467060319018337,0.002449190882873854,low
兵庫,東京,化学・高分子素材群,424.4,0.395,5393.3,2272.2,6.0,12,1005.828,8671.328,9.067777229901955,-0.12452678571428566,-1.1291811520128796,0.015556256231014044,990.1810819076716,8655.68108190767,7.11658188189443,7.125468008373966,0.008886126479535683,0.0012486509151455447,low
兵庫,東京,無機素材群,424.4,0.395,5393.3,2272.2,6.0,38,1005.828,8671.328,9.067777229901955,-0.12452678571428566,-1.1291811520128796,0.006304335362433347,999.4869229710744,8664.986922971075,39.400195632561584,39.417741370885466,0.017545738323882176,0.0004453210965628256,low
兵庫,大阪,金属素材群,29.2,0.307,650.3,296.0,6.0,16,53.7864,1000.0863999999999,6.907841675249872,-0.21252678571428568,-1.4681013874640418,0.022314202019231566,52.586199404512804,998.8861994045128,15.763976610852795,15.781349368996363,0.017372758143567424,0.0011020542958435407,low
兵庫,大阪,化学・高分子素材群,29.2,0.307,650.3,296.0,6.0,33,53.7864,1000.0863999999999,6.907841675249872,-0.21252678571428568,-1.4681013874640418,0.015556256231014044,52.94968497985619,999.2496849798562,36.25053020251679,36.27064247506939,0.020112272552594845,0.0005548131969445924,low
兵庫,大阪,無機素材群,29.2,0.307,650.3,296.0,6.0,128,53.7864,1000.0863999999999,6.907841675249872,-0.21252678571428568,-1.4681013874640418,0.006304335362433347,53.44731249646202,999.747312496462,126.71426597531374,126.74019339649622,0.025927421182487365,0.00020461327683134355,low
兵庫,札幌,金属素材群,1072.4,0.508,13169.2,5512.2,6.0,0,3268.6752000000006,21950.075200000003,9.996525844465559,-0.01152678571428567,-0.1152278112964731,0.022314202019231566,3195.7373212519487,21877.13732125195,0.2810339515770616,0.2819503036090712,0.0009163520320095708,0.003260645295229748,low
兵庫,札幌,化学・高分子素材群,1072.4,0.508,13169.2,5512.2,6.0,1,3268.6752000000006,21950.075200000003,9.996525844465559,-0.01152678571428567,-0.1152278112964731,0.015556256231014044,3217.826851052839,21899.22685105284,1.626554743506619,1.6293003429121142,0.002745599405495236,0.0016879846291408041,low
兵庫,札幌,無機素材群,1072.4,0.508,13169.2,5512.2,6.0,2,3268.6752000000006,21950.075200000003,9.996525844465559,-0.01152678571428567,-0.1152278112964731,0.006304335362433347,3248.0683753483318,21929.468375348333,7.696704201156294,7.70115440074125,0.004450199584955961,0.0005781954806431819,low
兵庫,仙台,金属素材群,645.3,0.483,8043.3,3376.4,6.0,2,1870.0793999999999,13289.779400000001,9.49475055262295,-0.03652678571428569,-0.34681271884625414,0.022314202019231566,1828.3500704763967,13248.050070476398,0.40134493190949294,0.40257173051699935,0.0012267986075064075,0.003056718822060676,low
兵庫,仙台,化学・高分子素材群,645.3,0.483,8043.3,3376.4,6.0,3,1870.0793999999999,13289.779400000001,9.49475055262295,-0.03652678571428569,-0.34681271884625414,0.015556256231014044,1840.9879656812589,13260.68796568126,2.731316272348702,2.7356242719247024,0.004307999576000476,0.0015772613445077012,low
兵庫,仙台,無機素材群,645.3,0.483,8043.3,3376.4,6.0,22,1870.0793999999999,13289.779400000001,9.49475055262295,-0.03652678571428569,-0.34681271884625414,0.006304335362433347,1858.2897923080218,13277.989792308023,16.243545117809074,16.252397897649573,0.008852779840498926,0.000545002939708828,low
兵庫,名古屋,金属素材群,166.3,0.495,2295.6,981.5,6.0,2,493.911,3771.011,8.235098414252246,-0.02452678571428568,-0.20198049414241864,0.022314202019231566,482.88977016647937,3759.9897701664795,2.7370976237553033,2.744912544566344,0.007814920811040516,0.0028551852674945618,low
兵庫,名古屋,化学・高分子素材群,166.3,0.495,2295.6,981.5,6.0,5,493.911,3771.011,8.235098414252246,-0.02452678571428568,-0.20198049414241864,0.015556256231014044,486.2275939286836,3763.3275939286837,7.802288787951143,7.813803137615819,0.011514349664675905,0.0014757656346247006,low
兵庫,名古屋,無機素材群,166.3,0.495,2295.6,981.5,6.0,49,493.911,3771.011,8.235098414252246,-0.02452678571428568,-0.20198049414241864,0.006304335362433347,490.7972194168052,3767.897219416805,41.49071156290931,41.511782699288084,0.021071136378772337,0.0005078518922680737,low
兵庫,広島,金属素材群,252.1,0.508,3325.8,1410.7,6.0,1,768.4008,5504.9008,8.613394029012584,-0.01152678571428567,-0.09928474724513574,0.022314202019231566,751.2545493170609,5487.754549317061,0.8132520496346616,0.8157371365086281,0.0024850868739665355,0.0030557400686329838,low
兵庫,広島,化学・高分子素材群,252.1,0.508,3325.8,1410.7,6.0,4,768.4008,5504.9008,8.613394029012584,-0.01152678571428567,-0.09928474724513574,0.015556256231014044,756.4473602670838,5492.947360267084,3.73634145391683,3.7422524824171726,0.005911028500342752,0.0015820364849540678,low
兵庫,広島,無機素材群,252.1,0.508,3325.8,1410.7,6.0,28,768.4008,5504.9008,8.613394029012584,-0.01152678571428567,-0.09928474724513574,0.006304335362433347,763.5565436640379,5500.056543664038,30.442315721293305,30.458813834729316,0.016498113436011153,0.0005419467292519839,low
兵庫,福岡,金属素材群,456.7,0.47,5780.3,2433.5,6.0,2,1287.8939999999998,9501.694,9.159225377481736,-0.049526785714285704,-0.4536269925793855,0.022314202019231566,1259.1556731046437,9472.955673104643,0.9545082426941593,0.9573069453582815,0.002798702664122188,0.0029320885236388053,low
兵庫,福岡,化学・高分子素材群,456.7,0.47,5780.3,2433.5,6.0,5,1287.8939999999998,9501.694,9.159225377481736,-0.049526785714285704,-0.4536269925793855,0.015556256231014044,1267.8591909376141,9481.659190937613,3.7363866578641773,3.742029953245833,0.005643295381655644,0.0015103617206687887,low
兵庫,福岡,無機素材群,456.7,0.47,5780.3,2433.5,6.0,17,1287.8939999999998,9501.694,9.159225377481736,-0.049526785714285704,-0.4536269925793855,0.006304335362433347,1279.774684312734,9493.574684312733,22.012261788959457,22.02380255036853,0.011540761409072786,0.0005242878500954959,low
岡山,東京,金属素材群,537.0,0.475,6744.3,2835.1,6.0,1,1530.4499999999998,11109.849999999999,9.315587381192396,-0.0445267857142857,-0.4147931631250577,0.022314202019231566,1496.299229519667,11075.699229519667,3.757999240379853,3.769215983051481,0.01121674267162831,0.00298476448614038,low
岡山,東京,化学・高分子素材群,537.0,0.475,6744.3,2835.1,6.0,8,1530.4499999999998,11109.849999999999,9.315587381192396,-0.0445267857142857,-0.4147931631250577,0.015556256231014044,1506.6419276512443,11086.041927651244,10.41088707583001,10.426904328222525,0.016017252392515502,0.0015385098575990965,low
岡山,東京,無機素材群,537.0,0.475,6744.3,2835.1,6.0,35,1530.4499999999998,11109.849999999999,9.315587381192396,-0.0445267857142857,-0.4147931631250577,0.006304335362433347,1520.8015299445638,11100.201529944563,37.660151964117,37.68022910864323,0.020077144526233326,0.0005331137416907677,low
岡山,大阪,金属素材群,144.8,0.487,2037.6,874.0,6.0,9,423.1056,3334.7056,8.112139678591111,-0.03252678571428569,-0.26386182900988747,0.022314202019231566,413.6643361661318,3325.2643361661317,6.552825907940745,6.570903576586236,0.018077668645490874,0.0027587591825969726,low
岡山,大阪,化学・高分子素材群,144.8,0.487,2037.6,874.0,6.0,24,423.1056,3334.7056,8.112139678591111,-0.03252678571428569,-0.26386182900988747,0.015556256231014044,416.52366087362304,3328.123660873623,22.522646577113797,22.55472897783728,0.032082400723481896,0.0014244507462139093,low
岡山,大阪,無機素材群,144.8,0.487,2037.6,874.0,6.0,70,423.1056,3334.7056,8.112139678591111,-0.03252678571428569,-0.26386182900988747,0.006304335362433347,420.4382004038764,3332.0382004038765,65.23250229286172,65.26456880583225,0.032066512970530425,0.0004915726339389468,low
岡山,札幌,金属素材群,1134.0,0.588,13907.4,5819.8,6.0,0,4000.7519999999995,23727.952,10.074409041449167,0.06847321428571429,0.6898271690970863,0.022314202019231566,3911.478411643155,23638.678411643155,0.3982118360082194,0.3997190883840671,0.0015072523758477008,0.0037850516723882356,low
岡山,札幌,化学・高分子素材群,1134.0,0.588,13907.4,5819.8,6.0,1,4000.7519999999995,23727.952,10.074409041449167,0.06847321428571429,0.6898271690970863,0.015556256231014044,3938.5152767712575,23665.715276771258,2.6168813970994482,2.6220610516146166,0.00517965451516833,0.0019793233735810344,low
岡山,札幌,無機素材群,1134.0,0.588,13907.4,5819.8,6.0,14,4000.7519999999995,23727.952,10.074409041449167,0.06847321428571429,0.6898271690970863,0.006304335362433347,3975.5299176900735,23702.729917690074,8.124279216099042,8.129640107750546,0.005360891651504218,0.0006598605868790298,low
岡山,仙台,金属素材群,739.7,0.562,9176.7,3848.6,6.0,1,2494.2684000000004,15519.568400000002,9.649856984072175,0.04247321428571438,0.40986044351099493,0.022314202019231566,2438.610791032215,15463.910791032216,0.5349462555287314,0.5368607766872688,0.0019145211585374078,0.0035789037473402422,low
岡山,仙台,化学・高分子素材群,739.7,0.562,9176.7,3848.6,6.0,5,2494.2684000000004,15519.568400000002,9.649856984072175,0.04247321428571438,0.40986044351099493,0.015556256231014044,2455.466921660679,15480.766921660681,4.218128262733142,4.225997376149329,0.007869113416187012,0.0018655462627132655,low
岡山,仙台,無機素材群,739.7,0.562,9176.7,3848.6,6.0,20,2494.2684000000004,15519.568400000002,9.649856984072175,0.04247321428571438,0.40986044351099493,0.006304335362433347,2478.5436955224804,15503.843695522482,16.396966693823682,16.40725353590558,0.010286842081896452,0.0006273625039301472,low
岡山,名古屋,金属素材群,278.6,0.575,3642.7,1542.8,6.0,2,961.17,6146.67,8.723665750741677,0.05547321428571428,0.4839297795478396,0.022314202019231566,939.7222584451752,6125.222258445176,2.686783109858924,2.6961750236542628,0.00939191379533888,0.003495598048415611,low
岡山,名古屋,化学・高分子素材群,278.6,0.575,3642.7,1542.8,6.0,9,961.17,6146.67,8.723665750741677,0.05547321428571428,0.4839297795478396,0.015556256231014044,946.2177931984362,6131.717793198436,9.660182723165343,9.677814341456251,0.01763161829090798,0.0018251847605974313,low
岡山,名古屋,無機素材群,278.6,0.575,3642.7,1542.8,6.0,28,961.17,6146.67,8.723665750741677,0.05547321428571428,0.4839297795478396,0.006304335362433347,955.11046197969,6140.61046197969,34.24988411018937,34.27081628115746,0.02093217096808786,0.0006111603443896185,low
岡山,広島,金属素材群,137.5,0.588,1949.5,837.3,6.0,4,485.09999999999997,3271.9,8.093126134908411,0.06847321428571429,0.5541623600768983,0.022314202019231566,474.2753806004708,3261.075380600471,2.1700484897416783,2.1772677554703312,0.007219265728652946,0.0033267762277110796,low
岡山,広島,化学・高分子素材群,137.5,0.588,1949.5,837.3,6.0,13,485.09999999999997,3271.9,8.093126134908411,0.06847321428571429,0.5541623600768983,0.015556256231014044,477.553660102335,3264.353660102335,9.77168106906483,9.788683661726806,0.017002592661976124,0.001739986450827064,low
岡山,広島,無機素材群,137.5,0.588,1949.5,837.3,6.0,44,485.09999999999997,3271.9,8.093126134908411,0.06847321428571429,0.5541623600768983,0.006304335362433347,482.0417669156835,3268.841766915684,46.87845834468287,46.90565592164871,0.027197576965839687,0.0005801721713172451,low
岡山,福岡,金属素材群,344.8,0.55,4437.2,1873.8,6.0,1,1137.8400000000001,7448.84,8.915813594552384,0.030473214285714367,0.2716934981982801,0.022314202019231566,1112.4500083744379,7423.450008374438,1.8991851605413703,1.9056206022862212,0.006435441744850889,0.003388527816327525,low
岡山,福岡,化学・高分子素材群,344.8,0.55,4437.2,1873.8,6.0,7,1137.8400000000001,7448.84,8.915813594552384,0.030473214285714367,0.2716934981982801,0.015556256231014044,1120.1394694101032,7431.139469410104,7.799592894993212,7.81334930311254,0.013756408119328434,0.0017637341210666364,low
岡山,福岡,無機素材群,344.8,0.55,4437.2,1873.8,6.0,26,1137.8400000000001,7448.84,8.915813594552384,0.030473214285714367,0.2716934981982801,0.006304335362433347,1130.666675051209,7441.666675051209,28.45775737823387,28.47470554566405,0.01694816743017924,0.0005955552717988302,low
広島県,東京,金属素材群,674.4,0.455,8393.1,3522.1,6.0,5,1841.1119999999999,13756.312,9.529253052306869,-0.06452678571428566,-0.6148920697234079,0.022314202019231566,1800.0290548919686,13715.22905489197,3.454635501400523,3.4645899197930357,0.009954418392512654,0.0028814670573717813,low
広島県,東京,化学・高分子素材群,674.4,0.455,8393.1,3522.1,6.0,6,1841.1119999999999,13756.312,9.529253052306869,-0.06452678571428566,-0.6148920697234079,0.015556256231014044,1812.471189978005,13727.671189978006,6.2560642725479765,6.265331172534874,0.00926689998689767,0.0014812667490584199,low
広島県,東京,無機素材群,674.4,0.455,8393.1,3522.1,6.0,21,1841.1119999999999,13756.312,9.529253052306869,-0.06452678571428566,-0.6148920697234079,0.006304335362433347,1829.5050125121995,13744.7050125122,16.867926859959542,16.876646252889262,0.008719392929720016,0.0005169214333278731,low
広島県,大阪,金属素材群,281.2,0.468,3674.1,1555.9,6.0,4,789.6096,6019.6096,8.702777685701644,-0.05152678571428565,-0.4484261609302154,0.022314202019231566,771.9900918692754,6001.990091869276,4.1413416396817375,4.153084370669675,0.011742730987937655,0.002835489561020637,low
広島県,大阪,化学・高分子素材群,281.2,0.468,3674.1,1555.9,6.0,14,789.6096,6019.6096,8.702777685701644,-0.05152678571428565,-0.4484261609302154,0.015556256231014044,777.3262307399315,6007.326230739932,10.223631181668887,10.23856034086497,0.014929159196082509,0.0014602599537090794,low
広島県,大阪,無機素材群,281.2,0.468,3674.1,1555.9,6.0,22,789.6096,6019.6096,8.702777685701644,-0.05152678571428565,-0.4484261609302154,0.006304335362433347,784.6316362762032,6014.631636276203,23.14031507691633,23.15205348106204,0.011738404145710035,0.0005072707137604926,low
広島県,札幌,金属素材群,1234.1,0.568,15109.2,6320.5,6.0,0,4205.8128,25635.5128,10.151733887918642,0.04847321428571427,0.4920871721206276,0.022314202019231566,4111.96344352573,25541.66344352573,0.41818464743510547,0.4197153408760724,0.0015306934409669015,0.0036603291162295402,low
広島県,札幌,化学・高分子素材群,1234.1,0.568,15109.2,6320.5,6.0,2,4205.8128,25635.5128,10.151733887918642,0.04847321428571427,0.4920871721206276,0.015556256231014044,4140.386098423521,25570.086098423522,1.7359897077563824,1.7393043789336609,0.003314671177278461,0.001909384118159542,low
広島県,札幌,無機素材群,1234.1,0.568,15109.2,6320.5,6.0,5,4205.8128,25635.5128,10.151733887918642,0.04847321428571427,0.4920871721206276,0.006304335362433347,4179.297945637185,25608.997945637188,3.9571640645593686,3.959699824365717,0.0025357598063484588,0.0006408022930004082,low
広島県,仙台,金属素材群,868.1,0.542,10717.6,4490.7,6.0,0,2823.0612,18031.3612,9.799867809742551,0.02247321428571436,0.2202345292600186,0.022314202019231566,2760.066842070546,17968.366842070543,0.5218122825964254,0.5236202795123541,0.0018079969159287002,0.0034648416226089915,low
広島県,仙台,化学・高分子素材群,868.1,0.542,10717.6,4490.7,6.0,2,2823.0612,18031.3612,9.799867809742551,0.02247321428571436,0.2202345292600186,0.015556256231014044,2779.144936616966,17987.444936616965,2.6465433092233184,2.651311174827772,0.004767865604453636,0.0018015445233174221,low
広島県,仙台,無機素材群,868.1,0.542,10717.6,4490.7,6.0,3,2823.0612,18031.3612,9.799867809742551,0.02247321428571436,0.2202345292600186,0.006304335362433347,2805.2636754465266,18013.563675446527,7.633111207481944,7.637766987519493,0.004655780037548851,0.0006099452649118062,low
広島県,名古屋,金属素材群,416.0,0.555,5292.1,2230.0,6.0,2,1385.2800000000002,8907.380000000001,9.094635425595813,0.03547321428571437,0.3226159513026094,0.022314202019231566,1354.3685822267992,8876.4685822268,2.0918445423864878,2.0990726699244036,0.007228127537915796,0.003455384657633097,low
広島県,名古屋,化学・高分子素材群,416.0,0.555,5292.1,2230.0,6.0,2,1385.2800000000002,8907.380000000001,9.094635425595813,0.03547321428571437,0.3226159513026094,0.015556256231014044,1363.730229368301,8885.830229368301,5.110443801697411,5.119640756170703,0.009196954473292607,0.0017996390979268533,low
広島県,名古屋,無機素材群,416.0,0.555,5292.1,2230.0,6.0,13,1385.2800000000002,8907.380000000001,9.094635425595813,0.03547321428571437,0.3226159513026094,0.006304335362433347,1376.5467303091286,8898.646730309129,13.89100624087306,13.899433155880832,0.008426915007772706,0.0006066453978673808,low
広島県,広島,金属素材群,5.0,0.398,360.0,175.0,6.0,22,11.940000000000001,546.94,6.304339107191786,-0.12152678571428566,-0.7661460677498871,0.022314202019231566,11.673568427890377,546.6735684278904,19.982322594400188,19.991523365874215,0.009200771474027647,0.0004604455478366692,low
広島県,広島,化学・高分子素材群,5.0,0.398,360.0,175.0,6.0,35,11.940000000000001,546.94,6.304339107191786,-0.12152678571428566,-0.7661460677498871,0.015556256231014044,11.754258300601693,546.7542583006017,36.35774752176563,36.36629289690729,0.008545375141657985,0.00023503587884651767,low
広島県,広島,無機素材群,5.0,0.398,360.0,175.0,6.0,81,11.940000000000001,546.94,6.304339107191786,-0.12152678571428566,-0.7661460677498871,0.006304335362433347,11.864726235772547,546.8647262357725,77.13659161768862,77.14305532569195,0.006463708003323632,8.379561331099056e-05,low
広島県,福岡,金属素材群,209.0,0.53,2807.5,1194.8,6.0,1,664.6200000000001,4666.92,8.448254604170156,0.01047321428571435,0.0884803808097469,0.022314202019231566,649.7895350539785,4652.089535053979,3.389858792099064,3.4004997115952613,0.010640919496197387,0.003139045060224568,low
広島県,福岡,化学・高分子素材群,209.0,0.53,2807.5,1194.8,6.0,9,664.6200000000001,4666.92,8.448254604170156,0.01047321428571435,0.0884803808097469,0.015556256231014044,654.2810009837435,4656.581000983744,7.669580205339868,7.682080210562563,0.012500005222695343,0.0016298160900634876,low
広島県,福岡,無機素材群,209.0,0.53,2807.5,1194.8,6.0,17,664.6200000000001,4666.92,8.448254604170156,0.01047321428571435,0.0884803808097469,0.006304335362433347,660.4300126314197,4662.73001263142,19.373884932526,19.3846203435052,0.010735410979201276,0.0005541176184637107,low
福岡県,東京,金属素材群,881.0,0.415,10871.5,4554.8,6.0,5,2193.69,17619.989999999998,9.77678933195312,-0.1045267857142857,-1.0219363634747782,0.022314202019231566,2144.739558172432,17571.03955817243,4.044222664111363,4.054924236063709,0.010701571952346,0.002646138168234972,low
福岡県,東京,化学・高分子素材群,881.0,0.415,10871.5,4554.8,6.0,6,2193.69,17619.989999999998,9.77678933195312,-0.1045267857142857,-1.0219363634747782,0.015556256231014044,2159.5643962685867,17585.864396268586,5.085514202240942,5.092394002163742,0.006879799922799634,0.0013528228708452011,low
福岡県,東京,無機素材群,881.0,0.415,10871.5,4554.8,6.0,15,2193.69,17619.989999999998,9.77678933195312,-0.1045267857142857,-1.0219363634747782,0.006304335362433347,2179.8602425587837,17606.160242558784,17.395482911882993,17.403814330543398,0.00833141866040421,0.000478941498928607,low
福岡県,大阪,金属素材群,485.1,0.427,6121.4,2575.6,6.0,2,1242.8262,9939.8262,9.2043048145883,-0.09252678571428569,-0.8516447392283797,0.022314202019231566,1215.0935250984062,9912.093525098406,3.774003308941749,3.78407124051767,0.010067931575921119,0.002667706080719951,low
福岡県,大阪,化学・高分子素材群,485.1,0.427,6121.4,2575.6,6.0,8,1242.8262,9939.8262,9.2043048145883,-0.09252678571428569,-0.8516447392283797,0.015556256231014044,1223.4924771821825,9920.492477182182,6.89416124244467,6.903579739198386,0.009418496753715644,0.0013661555659199877,low
福岡県,大阪,無機素材群,485.1,0.427,6121.4,2575.6,6.0,20,1242.8262,9939.8262,9.2043048145883,-0.09252678571428569,-0.8516447392283797,0.006304335362433347,1234.9910068379813,9931.991006837981,20.40246252075104,20.412287752765817,0.009825232014776475,0.00048157088904260344,low
福岡県,札幌,金属素材群,1419.5,0.527,17333.9,7247.5,6.0,1,4488.459,29069.859,10.277457143179962,0.007473214285714347,0.07680563954322946,0.022314202019231566,4388.302619118962,28969.702619118965,0.5531059481485203,0.5549871345138843,0.0018811863653639405,0.003401132046511283,low
福岡県,札幌,化学・高分子素材群,1419.5,0.527,17333.9,7247.5,6.0,3,4488.459,29069.859,10.277457143179962,0.007473214285714347,0.07680563954322946,0.015556256231014044,4418.635381713599,29000.0353817136,1.5466648336920754,1.5493947291001233,0.002729895408047911,0.0017650206745383364,low
福岡県,札幌,無機素材群,1419.5,0.527,17333.9,7247.5,6.0,2,4488.459,29069.859,10.277457143179962,0.007473214285714347,0.07680563954322946,0.006304335362433347,4460.162249203468,29041.562249203467,4.401171846646859,4.403815355921209,0.0026435092743497535,0.0006006375952722174,low
福岡県,仙台,金属素材群,1075.5,0.502,13206.2,5527.6,6.0,1,3239.406,21973.206000000002,9.997579080995541,-0.017526785714285675,-0.17522542621423395,0.022314202019231566,3167.1212400936893,21900.921240093692,0.6392407922900283,0.6413003884047536,0.0020595961147252817,0.0032219409955784356,low
福岡県,仙台,化学・高分子素材群,1075.5,0.502,13206.2,5527.6,6.0,1,3239.406,21973.206000000002,9.997579080995541,-0.017526785714285675,-0.17522542621423395,0.015556256231014044,3189.0129702277154,21922.81297022772,2.2228671155453656,2.2265718466273854,0.003704731082019741,0.0016666453231104685,low
福岡県,仙台,無機素材群,1075.5,0.502,13206.2,5527.6,6.0,7,3239.406,21973.206000000002,9.997579080995541,-0.017526785714285675,-0.17522542621423395,0.006304335362433347,3218.983698200921,21952.783698200925,8.111575713553732,8.11621613734282,0.004640423789087578,0.0005720742742170102,low
福岡県,名古屋,金属素材群,622.4,0.515,7769.3,3262.2,6.0,1,1923.216,12954.716,9.469215170718096,-0.004526785714285664,-0.04286510796030376,0.022314202019231566,1880.3009696493816,12911.800969649381,2.134753713982353,2.1417079907494134,0.006954276767060286,0.003257648281162692,low
福岡県,名古屋,化学・高分子素材群,622.4,0.515,7769.3,3262.2,6.0,3,1923.216,12954.716,9.469215170718096,-0.004526785714285664,-0.04286510796030376,0.015556256231014044,1893.297959116414,12924.797959116415,3.7356857745270187,3.7419915956611685,0.006305821134149792,0.0016879955956542363,low
福岡県,名古屋,無機素材群,622.4,0.515,7769.3,3262.2,6.0,15,1923.216,12954.716,9.469215170718096,-0.004526785714285664,-0.04286510796030376,0.006304335362433347,1911.0914013616023,12942.591401361602,13.2137994579096,13.22142135925359,0.00762190134398999,0.0005768137596055027,low
福岡県,広島,金属素材群,208.9,0.527,2807.4,1194.7,6.0,2,660.5418000000001,4662.6418,8.447337476358243,0.007473214285714347,0.06312876310457059,0.022314202019231566,645.8023368326533,4647.902336832653,2.504399419409576,2.5122124257913505,0.00781300638177429,0.003119712583073607,low
福岡県,広島,化学・高分子素材群,208.9,0.527,2807.4,1194.7,6.0,5,660.5418000000001,4662.6418,8.447337476358243,0.007473214285714347,0.06312876310457059,0.015556256231014044,650.2662425079048,4652.366242507906,4.9726799253757505,4.980731475214599,0.00805154983884826,0.001619157066144743,low
福岡県,広島,無機素材群,208.9,0.527,2807.4,1194.7,6.0,21,660.5418000000001,4662.6418,8.447337476358243,0.007473214285714347,0.06312876310457059,0.006304335362433347,656.3775229718947,4658.477522971895,22.967748287354574,22.980404875229933,0.012656587875358838,0.0005510591511631646,low
福岡県,福岡,金属素材群,5.0,0.32,360.0,175.0,6.0,57,9.600000000000001,544.6,6.300051580239659,-0.19952678571428567,-1.2570290416394252,0.022314202019231566,9.38578366061538,544.3857836606154,55.350274153116096,55.37033749465522,0.020063341539120927,0.0003624795332290401,low
福岡県,福岡,化学・高分子素材群,5.0,0.32,360.0,175.0,6.0,47,9.600000000000001,544.6,6.300051580239659,-0.19952678571428567,-1.2570290416394252,0.015556256231014044,9.450659940182266,544.4506599401823,48.54242690617304,48.55130562748771,0.008878721314665938,0.00018290641569749882,low
福岡県,福岡,無機素材群,5.0,0.32,360.0,175.0,6.0,99,9.600000000000001,544.6,6.300051580239659,-0.19952678571428567,-1.2570290416394252,0.006304335362433347,9.539478380520642,544.5394783805207,92.50775926190354,92.51397016208956,0.00621090018601933,6.713923497417473e-05,low
熊本,東京,金属素材群,885.5,0.535,10926.0,4577.5,6.0,4,2842.455,18345.955,9.817164393215835,0.015473214285714354,0.15190308833431354,0.022314202019231566,2779.0278848994253,18282.527884899424,1.6185542536027406,1.624091877894769,0.00553762429202842,0.003421339927099892,low
熊本,東京,化学・高分子素材群,885.5,0.535,10926.0,4577.5,6.0,4,2842.455,18345.955,9.817164393215835,0.015473214285714354,0.15190308833431354,0.015556256231014044,2798.237041694873,18301.737041694872,3.5372160724380497,3.5435029229004105,0.006286850462360771,0.0017773441977005147,low
熊本,東京,無機素材群,885.5,0.535,10926.0,4577.5,6.0,15,2842.455,18345.955,9.817164393215835,0.015473214285714354,0.15190308833431354,0.006304335362433347,2824.5352104273743,18328.035210427373,12.910357908718042,12.91814526945693,0.007787360738888083,0.0006031870529034267,low
熊本,大阪,金属素材群,490.5,0.547,6186.2,2602.6,6.0,1,1609.8210000000004,10398.621,9.24942848018397,0.027473214285714365,0.25411153065648356,0.022314202019231566,1573.8991289911992,10362.699128991198,1.534663534086319,1.5399292184542814,0.0052656843679623755,0.003431165366874613,low
熊本,大阪,化学・高分子素材群,490.5,0.547,6186.2,2602.6,6.0,5,1609.8210000000004,10398.621,9.24942848018397,0.027473214285714365,0.25411153065648356,0.015556256231014044,1584.7782120379331,10373.578212037932,4.884193525575162,4.892912829891586,0.00871930431642376,0.0017852086062451786,low
熊本,大阪,無機素材群,490.5,0.547,6186.2,2602.6,6.0,15,1609.8210000000004,10398.621,9.24942848018397,0.027473214285714365,0.25411153065648356,0.006304335362433347,1599.6721485425126,10388.472148542513,15.159843778669355,15.168991303494847,0.00914752482549197,0.0006034049531805194,low
熊本,札幌,金属素材群,1471.6,0.648,17959.1,7507.9,6.0,0,5721.5808,31188.5808,10.347807306803226,0.12847321428571434,1.3294160655142115,0.022314202019231566,5593.908290159444,31060.908290159445,0.20988250510119222,0.21076282607562513,0.0008803209744329132,0.004194351377731448,low
熊本,札幌,化学・高分子素材群,1471.6,0.648,17959.1,7507.9,6.0,0,5721.5808,31188.5808,10.347807306803226,0.12847321428571434,1.3294160655142115,0.015556256231014044,5632.574423028749,31099.57442302875,1.0261854142380746,1.0284524201357481,0.0022670058976734797,0.0022091581757246992,low
熊本,札幌,無機素材群,1471.6,0.648,17959.1,7507.9,6.0,2,5721.5808,31188.5808,10.347807306803226,0.12847321428571434,1.3294160655142115,0.006304335362433347,5685.51003583354,31152.51003583354,3.1914572565428094,3.193762077960774,0.0023048214179643978,0.0007221846425294531,low
熊本,仙台,金属素材群,1101.1,0.623,13512.7,5655.3,6.0,0,4115.9118,23283.9118,10.055517920375518,0.10347321428571432,1.0404767605288565,0.022314202019231566,4024.068512601461,23192.06851260146,0.24829671436492906,0.24929263130882529,0.0009959169438962245,0.0040109952580060955,low
熊本,仙台,化学・高分子素材群,1101.1,0.623,13512.7,5655.3,6.0,1,4115.9118,23283.9118,10.055517920375518,0.10347321428571432,1.0404767605288565,0.015556256231014044,4051.8836214149455,23219.883621414945,1.5060123399422805,1.5091845544089035,0.00317221446662308,0.0021063668487236024,low
熊本,仙台,無機素材群,1101.1,0.623,13512.7,5655.3,6.0,5,4115.9118,23283.9118,10.055517920375518,0.10347321428571432,1.0404767605288565,0.006304335362433347,4089.9637116906033,23257.9637116906,5.94035422655076,5.944477911906595,0.004123685355835072,0.0006941817269758122,low
熊本,名古屋,金属素材群,629.5,0.635,7854.5,3297.7,6.0,2,2398.395,13550.595000000001,9.514185736782883,0.11547321428571433,1.0986336083376167,0.022314202019231566,2344.8767294480854,13497.076729448087,0.8588732578966992,0.8623349805920827,0.0034617226953834734,0.004030539621015691,low
熊本,名古屋,化学・高分子素材群,629.5,0.635,7854.5,3297.7,6.0,4,2398.395,13550.595000000001,9.514185736782883,0.11547321428571433,1.0986336083376167,0.015556256231014044,2361.084952836817,13513.284952836817,2.616659464639147,2.6222059907471147,0.005546526107967686,0.0021196973404151334,low
熊本,名古屋,無機素材群,629.5,0.635,7854.5,3297.7,6.0,10,2398.395,13550.595000000001,9.514185736782883,0.11547321428571433,1.0986336083376167,0.006304335362433347,2383.2747135884165,13535.474713588417,9.798189806517248,9.805008105223141,0.0068182987058929,0.0006958733031848109,low
熊本,広島,金属素材群,239.0,0.648,3168.6,1345.2,6.0,0,929.2320000000001,5443.032,8.602091537527702,0.12847321428571434,1.1051383494061264,0.022314202019231566,908.4969294292655,5422.296929429265,0.9322994857959493,0.9359374461987312,0.003637960402781859,0.003902137090289131,low
熊本,広島,化学・高分子素材群,239.0,0.648,3168.6,1345.2,6.0,2,929.2320000000001,5443.032,8.602091537527702,0.12847321428571434,1.1051383494061264,0.015556256231014044,914.7766289099424,5428.576628909943,3.318864670765287,3.325686530507235,0.006821859741948266,0.002055479936268457,low
熊本,広島,無機素材群,239.0,0.648,3168.6,1345.2,6.0,17,929.2320000000001,5443.032,8.602091537527702,0.12847321428571434,1.1051383494061264,0.006304335362433347,923.3738098424955,5437.173809842496,16.012672079346743,16.02343292925854,0.010760849911797266,0.0006720208756211704,low
熊本,福岡,金属素材群,92.0,0.51,1404.5,610.2,6.0,4,281.52,2296.2200000000003,7.739019571664459,-0.009526785714285668,-0.07372798109791015,0.022314202019231566,275.2381058475459,2289.938105847546,5.5974302491519525,5.612457106846152,0.015026857694199869,0.002684599365302772,low
熊本,福岡,化学・高分子素材群,92.0,0.51,1404.5,610.2,6.0,13,281.52,2296.2200000000003,7.739019571664459,-0.009526785714285668,-0.07372798109791015,0.015556256231014044,277.1406027458449,2291.840602745845,12.11086851240157,12.127708178710904,0.016839666309333978,0.0013904590155602882,low
熊本,福岡,無機素材群,92.0,0.51,1404.5,610.2,6.0,28,281.52,2296.2200000000003,7.739019571664459,-0.009526785714285668,-0.07372798109791015,0.006304335362433347,279.74520350876776,2294.445203508768,28.987124943657548,29.000924547680512,0.013799604022963763,0.00047605976963172915,low
北海道,東京,金属素材群,832.2,0.615,10286.7,4311.1,6.0,1,3070.818,17668.618000000002,9.779545350596873,0.09547321428571431,0.9336846288743964,0.02643700887486316,2989.634757280911,17587.434757280913,1.0063825003188465,1.0110763786378605,0.004693878319014022,0.00466410963776386,base
北海道,東京,化学・高分子素材群,832.2,0.615,10286.7,4311.1,6.0,1,3070.818,17668.618000000002,9.779545350596873,0.09547321428571431,0.9336846288743964,0.018693142866570464,3013.4147604087643,17611.214760408766,2.0100041751807947,2.0149916116635773,0.004987436482782659,0.0024813065287956687,base
北海道,東京,無機素材群,832.2,0.615,10286.7,4311.1,6.0,25,3070.818,17668.618000000002,9.779545350596873,0.09547321428571431,0.9336846288743964,0.007682405634391281,3047.22673049461,17645.02673049461,24.286614972238688,24.306802392178845,0.02018741994015727,0.0008312158760384234,base
北海道,大阪,金属素材群,1058.7,0.627,13004.3,5443.5,6.0,0,3982.8293999999996,22430.629399999998,10.018182687753642,0.10747321428571432,1.0766862947543807,0.02643700887486316,3877.535303805134,22325.335303805132,0.4271266440792926,0.4291694574556042,0.002042813376311625,0.004782687768671237,base
北海道,大阪,化学・高分子素材群,1058.7,0.627,13004.3,5443.5,6.0,1,3982.8293999999996,22430.629399999998,10.018182687753642,0.10747321428571432,1.0766862947543807,0.018693142866570464,3908.3778010126225,22356.17780101262,1.519409175154545,1.523280636991321,0.0038714618367758913,0.002548004777174068,base
北海道,大阪,無機素材群,1058.7,0.627,13004.3,5443.5,6.0,19,3982.8293999999996,22430.629399999998,10.018182687753642,0.10747321428571432,1.0766862947543807,0.007682405634391281,3952.2316889766203,22400.031688976618,17.309786462154953,17.324503458234204,0.014716996079251032,0.000850212457064526,base
北海道,札幌,金属素材群,5.0,0.557,360.0,175.0,6.0,11,16.71,551.71,6.313022545907119,0.037473214285714374,0.23656924665332357,0.02643700887486316,16.268237581701037,551.268237581701,11.633953681062039,11.643210038244415,0.009256357182376718,0.0007956329753525136,base
北海道,札幌,化学・高分子素材群,5.0,0.557,360.0,175.0,6.0,23,16.71,551.71,6.313022545907119,0.037473214285714374,0.23656924665332357,0.018693142866570464,16.39763758269961,551.3976375826996,19.766731889042802,19.775050464978545,0.0083185759357427,0.00042083719162265245,base
北海道,札幌,無機素材群,5.0,0.557,360.0,175.0,6.0,81,16.71,551.71,6.313022545907119,0.037473214285714374,0.23656924665332357,0.007682405634391281,16.581627001849323,551.5816270018494,78.88478752113835,78.89613987208205,0.01135235094369591,0.0001439105219197539,base
北海道,仙台,金属素材群,534.8,0.703,6717.7,2824.0,6.0,1,2255.7864,11797.486400000002,9.37564177081327,0.18347321428571428,1.720179131682517,0.02643700887486316,2196.1501549234044,11737.850154923406,0.2990825768364638,0.3006585179558638,0.001575941119400015,0.005269250840585503,base
北海道,仙台,化学・高分子素材群,534.8,0.703,6717.7,2824.0,6.0,1,2255.7864,11797.486400000002,9.37564177081327,0.18347321428571428,1.720179131682517,0.018693142866570464,2213.6186625483333,11755.318662548334,1.4140558985539424,1.4180605935126875,0.004004694958745114,0.002832062694862657,base
北海道,仙台,無機素材群,534.8,0.703,6717.7,2824.0,6.0,14,2255.7864,11797.486400000002,9.37564177081327,0.18347321428571428,1.720179131682517,0.007682405634391281,2238.456533850657,11780.156533850657,16.701776818186197,16.717182054048184,0.015405235861987165,0.0009223710764242008,base
北海道,名古屋,金属素材群,956.2,0.715,11774.2,4930.9,6.0,1,4102.098,20807.197999999997,9.943054263517563,0.1954732142857143,1.9436007767070538,0.02643700887486316,3993.6507987684417,20698.75079876844,0.331447613483618,0.3332549497128075,0.0018073362291894934,0.0054528563660296864,base
北海道,名古屋,化学・高分子素材群,956.2,0.715,11774.2,4930.9,6.0,0,4102.098,20807.197999999997,9.943054263517563,0.1954732142857143,1.9436007767070538,0.018693142866570464,4025.4168960333272,20730.516896033325,1.0360881461821845,1.0391286322645672,0.0030404860823827207,0.0029345824422240666,base
北海道,名古屋,無機素材群,956.2,0.715,11774.2,4930.9,6.0,13,4102.098,20807.197999999997,9.943054263517563,0.1954732142857143,1.9436007767070538,0.007682405634391281,4070.584019211975,20775.684019211974,13.775320244576688,13.788436441415062,0.013116196838373284,0.0009521518632960348,base
北海道,広島,金属素材群,1233.9,0.727,15106.7,6319.5,6.0,0,5382.2718,26808.4718,10.196473228486393,0.2074732142857143,2.1154950750923067,0.02643700887486316,5239.980632656475,26666.180632656477,0.10901637874057551,0.10962392002923889,0.0006075412886633741,0.005572935880663677,base
北海道,広島,化学・高分子素材群,1233.9,0.727,15106.7,6319.5,6.0,0,5382.2718,26808.4718,10.196473228486393,0.2074732142857143,2.1154950750923067,0.018693142866570464,5281.660224295887,26707.860224295888,0.531634482126005,0.5332310709134956,0.0015965887874906937,0.0030031701124914605,base
北海道,広島,無機素材群,1233.9,0.727,15106.7,6319.5,6.0,10,5382.2718,26808.4718,10.196473228486393,0.2074732142857143,2.1154950750923067,0.007682405634391281,5340.923004797855,26767.123004797857,10.870065103648178,10.880617454783472,0.010552351135293847,0.0009707716591092264,base
北海道,福岡,金属素材群,1419.3,0.69,17331.1,7246.3,6.0,0,5875.901999999999,30453.301999999996,10.323949707324525,0.17047321428571427,1.759956890731671,0.02643700887486316,5720.5607266781735,30297.96072667817,0.1929906054791982,0.19401291644905996,0.0010223109698617727,0.00529720587861446,base
北海道,福岡,化学・高分子素材群,1419.3,0.69,17331.1,7246.3,6.0,1,5875.901999999999,30453.301999999996,10.323949707324525,0.17047321428571427,1.759956890731671,0.018693142866570464,5766.062924444032,30343.46292444403,0.7220762337603556,0.7241289367075588,0.0020527029472032776,0.0028427787139779117,base
北海道,福岡,無機素材群,1419.3,0.69,17331.1,7246.3,6.0,10,5875.901999999999,30453.301999999996,10.323949707324525,0.17047321428571427,1.759956890731671,0.007682405634391281,5830.760937368068,30408.160937368066,10.171648878064488,10.181104511314333,0.009455633249844553,0.0009296067297639376,base
青森,東京,金属素材群,578.2,0.595,7238.9,3041.2,6.0,1,2064.174,12344.273999999998,9.420947590815441,0.0754732142857143,0.7110291962960976,0.02643700887486316,2009.6034136427384,12289.703413642737,1.4190166450163473,1.4253450684297302,0.006328423413382911,0.004459724581532309,base
青森,東京,化学・高分子素材群,578.2,0.595,7238.9,3041.2,6.0,5,2064.174,12344.273999999998,9.420947590815441,0.0754732142857143,0.7110291962960976,0.018693142866570464,2025.58810051654,12305.688100516538,4.319848144721092,4.330072822593832,0.010224677872739285,0.002366906782414092,base
青森,東京,無機素材群,578.2,0.595,7238.9,3041.2,6.0,45,2064.174,12344.273999999998,9.420947590815441,0.0754732142857143,0.7110291962960976,0.007682405634391281,2048.316178032036,12328.416178032036,29.25365820142929,29.2770069166133,0.02334871518401016,0.0007981468513524021,base
青森,大阪,金属素材群,822.2,0.608,10167.0,4261.2,6.0,0,2999.3856,17427.585600000002,9.765809609125855,0.08847321428571431,0.8640125662216797,0.02643700887486316,2920.0908162736637,17348.290816273664,0.5409901880912173,0.5434834563833455,0.002493268292128148,0.004608712592228666,base
青森,大阪,化学・高分子素材群,822.2,0.608,10167.0,4261.2,6.0,3,2999.3856,17427.585600000002,9.765809609125855,0.08847321428571431,0.8640125662216797,0.018693142866570464,2943.317656467266,17371.517656467266,3.0118674132073022,3.019245822283966,0.007378409076663761,0.0024497788462761647,base
青森,大阪,無機素材群,822.2,0.608,10167.0,4261.2,6.0,11,2999.3856,17427.585600000002,9.765809609125855,0.08847321428571431,0.8640125662216797,0.007682405634391281,2976.343103166848,17404.54310316685,19.51734869590179,19.533402537252883,0.016053841351091336,0.0008225421188720313,base
青森,札幌,金属素材群,253.9,0.708,3347.2,1419.7,6.0,2,1078.5672,5845.467199999999,8.673421802277252,0.18847321428571429,1.6347076859309868,0.02643700887486316,1050.0531093614636,5816.953109361463,0.6966670811983697,0.7002139851441013,0.0035469039457315388,0.005091246653466592,base
青森,札幌,化学・高分子素材群,253.9,0.708,3347.2,1419.7,6.0,1,1078.5672,5845.467199999999,8.673421802277252,0.18847321428571429,1.6347076859309868,0.018693142866570464,1058.405389239203,5825.305389239203,3.460585685851758,3.4700612717705974,0.009475585918839347,0.0027381451520126455,base
青森,札幌,無機素材群,253.9,0.708,3347.2,1419.7,6.0,11,1078.5672,5845.467199999999,8.673421802277252,0.18847321428571429,1.6347076859309868,0.007682405634391281,1070.2812092656504,5837.18120926565,16.138967327185615,16.153338469804215,0.014371142618600175,0.0008904623404492807,base
青森,仙台,金属素材群,284.4,0.683,3713.3,1572.2,6.0,0,1165.4712,6450.9712,8.771985972098156,0.16347321428571437,1.4339847425280823,0.02643700887486316,1134.6596275422025,6420.1596275422025,0.5467928296652603,0.5494984618326904,0.0027056321674300277,0.004948185163814935,base
青森,仙台,化学・高分子素材群,284.4,0.683,3713.3,1572.2,6.0,6,1165.4712,6450.9712,8.771985972098156,0.16347321428571437,1.4339847425280823,0.018693142866570464,1143.6848803515268,6429.184880351527,3.7100956145667188,3.719940926283792,0.009845311717073368,0.002653654444488797,base
青森,仙台,無機素材群,284.4,0.683,3713.3,1572.2,6.0,25,1165.4712,6450.9712,8.771985972098156,0.16347321428571437,1.4339847425280823,0.007682405634391281,1156.5175774863992,6442.017577486399,23.4860048101647,23.506432477236228,0.020427667071526656,0.0008697804175994036,base
青森,名古屋,金属素材群,711.5,0.695,8838.0,3707.5,6.0,0,2966.955,15512.455,9.649398528622273,0.17547321428571427,1.6932109757411922,0.02643700887486316,2888.5175843336806,15434.01758433368,0.44218025224841573,0.44450541643785085,0.002325164189435125,0.005258408030688927,base
青森,名古屋,化学・高分子素材群,711.5,0.695,8838.0,3707.5,6.0,2,2966.955,15512.455,9.649398528622273,0.17547321428571427,1.6932109757411922,0.018693142866570464,2911.4932863063145,15456.993286306315,2.1424980463432948,2.1485476809856254,0.006049634642330659,0.0028236360134170782,base
青森,名古屋,無機素材群,711.5,0.695,8838.0,3707.5,6.0,15,2966.955,15512.455,9.649398528622273,0.17547321428571427,1.6932109757411922,0.007682405634391281,2944.1616481910146,15489.661648191015,15.968480021600806,15.983201701902225,0.014721680301418516,0.0009219212023626717,base
青森,広島,金属素材群,1021.5,0.708,12557.5,5257.3,6.0,0,4339.332,22154.131999999998,10.005779304351083,0.18847321428571429,1.885821386924527,0.02643700887486316,4224.613041405023,22039.413041405023,0.13063675640041006,0.1313430142118582,0.0007062578114481466,0.005406271794466643,base
青森,広島,化学・高分子素材群,1021.5,0.708,12557.5,5257.3,6.0,0,4339.332,22154.131999999998,10.005779304351083,0.18847321428571429,1.885821386924527,0.018693142866570464,4258.21624697852,22073.01624697852,1.0128977585098202,1.015842485939951,0.0029447274301308557,0.0029072306710039046,base
青森,広島,無機素材群,1021.5,0.708,12557.5,5257.3,6.0,13,4339.332,22154.131999999998,10.005779304351083,0.18847321428571429,1.885821386924527,0.007682405634391281,4305.995491393706,22120.795491393706,11.81142239943794,11.822588172380229,0.011165772942288044,0.0009453368582279624,base
青森,福岡,金属素材群,1217.2,0.67,14905.8,6235.8,6.0,1,4893.144,26034.744,10.167187232631429,0.15047321428571436,1.5298893431387282,0.02643700887486316,4763.783908646017,25905.383908646014,0.22371624738389626,0.2248636697350875,0.0011474223511912518,0.005128918282015876,base
青森,福岡,化学・高分子素材群,1217.2,0.67,14905.8,6235.8,6.0,2,4893.144,26034.744,10.167187232631429,0.15047321428571436,1.5298893431387282,0.018693142866570464,4801.675760141298,25943.275760141296,1.3422073368000755,1.3458933096002683,0.0036859728001927827,0.002746202243969566,base
青森,福岡,無機素材群,1217.2,0.67,14905.8,6235.8,6.0,7,4893.144,26034.744,10.167187232631429,0.15047321428571436,1.5298893431387282,0.007682405634391281,4855.552882964513,25997.15288296451,10.824118544283824,10.83390073970751,0.009782195423685636,0.0009037406033262244,base
宮城,東京,金属素材群,305.4,0.455,3964.3,1676.8,6.0,4,833.742,6474.842000000001,8.775679484725615,-0.06452678571428566,-0.5662663896081426,0.02643700887486316,811.7003553466539,6452.800355346654,3.974002006245134,3.987059972565347,0.01305796632021261,0.0032858479436326526,base
宮城,東京,化学・高分子素材群,305.4,0.455,3964.3,1676.8,6.0,12,833.742,6474.842000000001,8.775679484725615,-0.06452678571428566,-0.5662663896081426,0.018693142866570464,818.1567416801398,6459.25674168014,12.871229461507996,12.893277797696248,0.022048336188252193,0.0017129937939641864,base
宮城,東京,無機素材群,305.4,0.455,3964.3,1676.8,6.0,28,833.742,6474.842000000001,8.775679484725615,-0.06452678571428566,-0.5662663896081426,0.007682405634391281,827.3368557615713,6468.436855761572,32.650709460737566,32.67049966954688,0.019790208809311594,0.0006061187991369465,base
宮城,大阪,金属素材群,623.1,0.468,7777.3,3265.6,6.0,3,1749.6648000000002,12792.5648,9.456619406134465,-0.05152678571428565,-0.4872692017214458,0.02643700887486316,1703.4088961543646,12746.308896154364,1.1140066135240982,1.1179113787920356,0.0039047652679373712,0.003505154476224214,base
宮城,大阪,化学・高分子素材群,623.1,0.468,7777.3,3265.6,6.0,7,1749.6648000000002,12792.5648,9.456619406134465,-0.05152678571428565,-0.4872692017214458,0.018693142866570464,1716.958065924991,12759.858065924991,7.188224111620422,7.201381652308471,0.013157540688048641,0.0018304299481673467,base
宮城,大阪,無機素材群,623.1,0.468,7777.3,3265.6,6.0,25,1749.6648000000002,12792.5648,9.456619406134465,-0.05152678571428565,-0.4872692017214458,0.007682405634391281,1736.2231652821843,12779.123165282184,17.78864482756083,17.800112417802076,0.011467590241245773,0.0006446578900422176,base
宮城,札幌,金属素材群,534.5,0.568,6714.1,2822.5,6.0,0,1821.5759999999996,11358.176,9.337693116003182,0.04847321428571427,0.45262799934626124,0.02643700887486316,1773.4189791217618,11310.018979121762,0.5242513360005489,0.5264750214703853,0.002223685469836423,0.004241640062952734,base
宮城,札幌,化学・高分子素材群,534.5,0.568,6714.1,2822.5,6.0,5,1821.5759999999996,11358.176,9.337693116003182,0.04847321428571427,0.45262799934626124,0.018693142866570464,1787.5250195896838,11324.125019589685,3.840083512822394,3.848699627627034,0.008616114804640418,0.0022437311000842596,base
宮城,札幌,無機素材群,534.5,0.568,6714.1,2822.5,6.0,14,1821.5759999999996,11358.176,9.337693116003182,0.04847321428571427,0.45262799934626124,0.007682405634391281,1807.5819142741277,11344.181914274128,7.992793463769194,7.998895586674591,0.006102122905396357,0.0007634530947229998,base
宮城,仙台,金属素材群,5.0,0.372,360.0,175.0,6.0,11,11.16,546.16,6.3029119731100245,-0.14752678571428568,-0.9298483440330081,0.02643700887486316,10.864962980956529,545.8649629809565,12.741466642983372,12.7479187251312,0.006452082147827554,0.000506384573190455,base
宮城,仙台,化学・高分子素材群,5.0,0.372,360.0,175.0,6.0,59,11.16,546.16,6.3029119731100245,-0.14752678571428568,-0.9298483440330081,0.018693142866570464,10.951384525609074,545.9513845256091,59.42219859483799,59.4377183095862,0.015519714748215563,0.00026117705361315533,base
宮城,仙台,無機素材群,5.0,0.372,360.0,175.0,6.0,77,11.16,546.16,6.3029119731100245,-0.14752678571428568,-0.9298483440330081,0.007682405634391281,11.074264353120194,546.0742643531202,86.08886746603702,86.09707464640029,0.008207180363271505,9.533381730813598e-05,base
宮城,名古屋,金属素材群,492.6,0.555,6211.2,2613.0,6.0,1,1640.3580000000002,10464.558,9.255749397963289,0.03547321428571437,0.32833118176882353,0.02643700887486316,1596.9918409960474,10421.191840996049,0.9933134171583601,0.9974148577571176,0.0041014405987575,0.004129049832519904,base
宮城,名古屋,化学・高分子素材群,492.6,0.555,6211.2,2613.0,6.0,8,1640.3580000000002,10464.558,9.255749397963289,0.03547321428571437,0.32833118176882353,0.018693142866570464,1609.6945535536784,10433.894553553679,5.462754869713236,5.474667243872436,0.011912374159200212,0.0021806532497449485,base
宮城,名古屋,無機素材群,492.6,0.555,6211.2,2613.0,6.0,24,1640.3580000000002,10464.558,9.255749397963289,0.03547321428571437,0.32833118176882353,0.007682405634391281,1627.7561044583813,10451.956104458382,15.344062202668583,15.355497358120212,0.011435155451628987,0.0007452495499946699,base
宮城,広島,金属素材群,868.4,0.568,10720.5,4491.9,6.0,0,2959.5071999999996,18171.907199999998,9.807632120108606,0.04847321428571427,0.4754074533934786,0.02643700887486316,2881.266681888378,18093.66668188838,0.24558194425284002,0.2466398306782011,0.0010578864253610876,0.004307671838740456,base
宮城,広島,化学・高分子素材群,868.4,0.568,10720.5,4491.9,6.0,1,2959.5071999999996,18171.907199999998,9.807632120108606,0.04847321428571427,0.4754074533934786,0.018693142866570464,2904.184709095756,18116.584709095754,2.2716803629546622,2.276856620717695,0.0051762577630327655,0.0022786030321185957,base
宮城,広島,無機素材群,868.4,0.568,10720.5,4491.9,6.0,5,2959.5071999999996,18171.907199999998,9.807632120108606,0.04847321428571427,0.4754074533934786,0.007682405634391281,2936.771065211698,18149.171065211696,10.089248212740616,10.097070397637676,0.007822184897060325,0.0007752990839478542,base
宮城,福岡,金属素材群,1075.8,0.53,13209.3,5528.9,6.0,1,3421.044,22159.244,10.006010024755806,0.01047321428571435,0.1047950871342735,0.02643700887486316,3330.6018294107025,22068.8018294107,0.40737803983571647,0.4090219484299677,0.001643908594251231,0.0040353392512619745,base
宮城,福岡,化学・高分子素材群,1075.8,0.53,13209.3,5528.9,6.0,2,3421.044,22159.244,10.006010024755806,0.01047321428571435,0.1047950871342735,0.018693142866570464,3357.0939357551765,22095.293935755173,2.943829086542071,2.950082861402767,0.006253774860696115,0.0021243675080478354,base
宮城,福岡,無機素材群,1075.8,0.53,13209.3,5528.9,6.0,6,3421.044,22159.244,10.006010024755806,0.01047321428571435,0.1047950871342735,0.007682405634391281,3394.7621522988993,22132.962152298896,9.045674366492094,9.05229748913358,0.006623122641485679,0.0007321867196568255,base
埼玉,東京,金属素材群,19.6,0.185,535.2,248.0,6.0,76,21.756,804.956,6.690787617539646,-0.3345267857142857,-2.2382476755924814,0.02643700887486316,21.18083643491848,804.3808364349185,75.12403572738845,75.17132306710891,0.04728733972046939,0.0006294568610779458,base
埼玉,東京,化学・高分子素材群,19.6,0.185,535.2,248.0,6.0,74,21.756,804.956,6.690787617539646,-0.3345267857142857,-2.2382476755924814,0.018693142866570464,21.349311983794895,804.549311983795,77.99090111547147,78.01547982695119,0.024578711479719573,0.0003151484484495046,base
埼玉,東京,無機素材群,19.6,0.185,535.2,248.0,6.0,119,21.756,804.956,6.690787617539646,-0.3345267857142857,-2.2382476755924814,0.007682405634391281,21.588861583018183,804.7888615830183,113.51133266541892,113.52538131729463,0.014048651875711471,0.00012376431097959768,base
埼玉,大阪,金属素材群,397.9,0.368,5074.2,2139.3,6.0,7,878.5632,8092.0632000000005,8.998639008440033,-0.15152678571428568,-1.3635348447521052,0.02643700887486316,855.3366168844719,8068.836616884472,3.352843139361465,3.361873038698868,0.009029899337403169,0.0026932066195983376,base
埼玉,大阪,化学・高分子素材群,397.9,0.368,5074.2,2139.3,6.0,10,878.5632,8092.0632000000005,8.998639008440033,-0.15152678571428568,-1.3635348447521052,0.018693142866570464,862.1400925850887,8075.6400925850885,10.27257610564429,10.286824621787979,0.01424851614368805,0.0013870441062840285,base
埼玉,大阪,無機素材群,397.9,0.368,5074.2,2139.3,6.0,20,878.5632,8092.0632000000005,8.998639008440033,-0.15152678571428568,-1.3635348447521052,0.007682405634391281,871.8137211221513,8085.313721122151,21.63492290301114,21.645883540236767,0.010960637225625902,0.0005066178083814851,base
埼玉,札幌,金属素材群,813.9,0.468,10066.7,4219.5,6.0,0,2285.4312,16571.6312,9.715447548544638,-0.05152678571428565,-0.5006057839522414,0.02643700887486316,2225.0112350827108,16511.211235082712,0.7110905663574763,0.7136039029736511,0.0025133366161748105,0.0035344817314188885,base
埼玉,札幌,化学・高分子素材群,813.9,0.468,10066.7,4219.5,6.0,2,2285.4312,16571.6312,9.715447548544638,-0.05152678571428565,-0.5006057839522414,0.018693142866570464,2242.7093080666823,16528.909308066683,3.0538157777589636,3.059452278454724,0.0056365006957603825,0.0018457238766042125,base
埼玉,札幌,無機素材群,813.9,0.468,10066.7,4219.5,6.0,6,2285.4312,16571.6312,9.715447548544638,-0.05152678571428565,-0.5006057839522414,0.007682405634391281,2267.8735904721066,16554.073590472108,5.835840435654884,5.839633947511182,0.0037935118562977266,0.0006500369395161552,base
埼玉,仙台,金属素材群,288.8,0.443,3765.3,1593.9,6.0,1,767.6304,6126.830400000001,8.720432831585232,-0.07652678571428567,-0.6673466946385445,0.02643700887486316,747.3365483025852,6106.536548302586,1.6159222748138964,1.6210686122236704,0.005146337409773993,0.003184767912408838,base
埼玉,仙台,化学・高分子素材群,288.8,0.443,3765.3,1593.9,6.0,9,767.6304,6126.830400000001,8.720432831585232,-0.07652678571428567,-0.6673466946385445,0.018693142866570464,753.2809752640774,6112.480975264078,7.20234849013858,7.214287145929853,0.011938655791272623,0.0016576059611137911,base
埼玉,仙台,無機素材群,288.8,0.443,3765.3,1593.9,6.0,19,767.6304,6126.830400000001,8.720432831585232,-0.07652678571428567,-0.6673466946385445,0.007682405634391281,761.73315188991,6120.933151889911,16.624987753527588,16.63478063181628,0.009792878288692464,0.0005890457445067623,base
埼玉,名古屋,金属素材群,259.1,0.455,3409.7,1445.7,6.0,2,707.3430000000001,5562.7429999999995,8.623846610913574,-0.06452678571428566,-0.5564691022952889,0.02643700887486316,688.6429668314278,5544.042966831427,3.555256947698121,3.5667925116127805,0.011535563914659708,0.0032446498479184465,base
埼玉,名古屋,化学・高分子素材群,259.1,0.455,3409.7,1445.7,6.0,12,707.3430000000001,5562.7429999999995,8.623846610913574,-0.06452678571428566,-0.5564691022952889,0.018693142866570464,694.1205362453316,5549.520536245331,8.889295590227666,8.904332219789282,0.015036629561615555,0.0016915434309717277,base
埼玉,名古屋,無機素材群,259.1,0.455,3409.7,1445.7,6.0,16,707.3430000000001,5562.7429999999995,8.623846610913574,-0.06452678571428566,-0.5564691022952889,0.007682405634391281,701.9089041513529,5557.308904151352,20.78323872392789,20.79567828933325,0.012439565405358621,0.0005985383496094313,base
埼玉,広島,金属素材群,674.0,0.468,8388.5,3520.2,6.0,0,1892.592,13801.292000000001,9.532517489951324,-0.05152678571428565,-0.491179986022402,0.02643700887486316,1842.5575284995052,13751.257528499505,0.6347977764434758,0.6370287101114858,0.002230933668009971,0.003514400571011798,base
埼玉,広島,化学・高分子素材群,674.0,0.468,8388.5,3520.2,6.0,2,1892.592,13801.292000000001,9.532517489951324,-0.05152678571428565,-0.491179986022402,0.018693142866570464,1857.2135073558718,13765.913507355872,2.9238200011256006,2.9291859468998593,0.005365945774258751,0.0018352517501737421,base
埼玉,広島,無機素材群,674.0,0.468,8388.5,3520.2,6.0,13,1892.592,13801.292000000001,9.532517489951324,-0.05152678571428565,-0.491179986022402,0.007682405634391281,1878.0523405555962,13786.752340555597,11.023101794050001,11.030226617627942,0.007124823577941086,0.0006463537859903363,base
埼玉,福岡,金属素材群,881.3,0.43,10875.9,4556.6,6.0,0,2273.754,17706.254,9.781673189487732,-0.08952678571428568,-0.8757217595624416,0.02643700887486316,2213.6427453227443,17646.142745322744,1.0060535679360265,1.009324310199657,0.003270742263630444,0.0032510617405199895,base
埼玉,福岡,化学・高分子素材群,881.3,0.43,10875.9,4556.6,6.0,5,2273.754,17706.254,9.781673189487732,-0.08952678571428568,-0.8757217595624416,0.018693142866570464,2231.250391634564,17663.750391634563,3.66724291963003,3.6734368654998737,0.006193945869843898,0.001688992522608449,base
埼玉,福岡,無機素材群,881.3,0.43,10875.9,4556.6,6.0,6,2273.754,17706.254,9.781673189487732,-0.08952678571428568,-0.8757217595624416,0.007682405634391281,2256.28609945918,17688.78609945918,9.586575724413926,9.592356216223,0.0057804918090731405,0.0006029777446343105,base
千葉,東京,金属素材群,38.6,0.275,762.9,342.9,6.0,84,63.69000000000001,1169.49,7.064323035325001,-0.24452678571428565,-1.7274162050754085,0.02643700887486316,62.00622690475998,1167.80622690476,81.56613644528386,81.67286328752837,0.10672684224451245,0.0013084699961988131,base
千葉,東京,化学・高分子素材群,38.6,0.275,762.9,342.9,6.0,42,63.69000000000001,1169.49,7.064323035325001,-0.24452678571428565,-1.7274162050754085,0.018693142866570464,62.499433730828144,1168.299433730828,48.7737281406724,48.80614925685887,0.032421116186476695,0.0006647249948367334,base
千葉,東京,無機素材群,38.6,0.275,762.9,342.9,6.0,162,63.69000000000001,1169.49,7.064323035325001,-0.24452678571428565,-1.7274162050754085,0.007682405634391281,63.20070758514563,1169.0007075851456,172.01153780315934,172.05483171893965,0.0432939157803105,0.0002516919291184624,base
千葉,大阪,金属素材群,430.7,0.387,5468.5,2303.5,6.0,3,1000.0854,8772.0854,9.079329845012504,-0.13252678571428567,-1.2032544007992907,0.02643700887486316,973.646133404579,8745.64613340458,5.395370499709853,5.410724970289978,0.015354470580125401,0.00284586027612953,base
千葉,大阪,化学・高分子素材群,430.7,0.387,5468.5,2303.5,6.0,8,1000.0854,8772.0854,9.079329845012504,-0.13252678571428567,-1.2032544007992907,0.018693142866570464,981.3906607390288,8753.390660739029,8.905370612509891,8.91845845706438,0.013087844554489081,0.0014696574824301894,base
千葉,大阪,無機素材群,430.7,0.387,5468.5,2303.5,6.0,43,1000.0854,8772.0854,9.079329845012504,-0.13252678571428567,-1.2032544007992907,0.007682405634391281,992.4023382881676,8764.402338288168,40.10524811622523,40.126624537679355,0.02137642145412144,0.0005330080839338645,base
千葉,札幌,金属素材群,835.8,0.488,10329.4,4328.9,6.0,0,2447.2223999999997,17105.522399999998,9.747156637722895,-0.03152678571428569,-0.3072965186410671,0.02643700887486316,2382.525159692436,17040.825159692435,1.188704942541473,1.193091345958325,0.004386403416851925,0.00369006913311365,base
千葉,札幌,化学・高分子素材群,835.8,0.488,10329.4,4328.9,6.0,2,2447.2223999999997,17105.522399999998,9.747156637722895,-0.03152678571428569,-0.3072965186410671,0.018693142866570464,2401.4761220505284,17059.776122050527,2.714931390097851,2.7201768712166627,0.0052454811188118455,0.001932086069630949,base
千葉,札幌,無機素材群,835.8,0.488,10329.4,4328.9,6.0,11,2447.2223999999997,17105.522399999998,9.747156637722895,-0.03152678571428569,-0.3072965186410671,0.007682405634391281,2428.4218448456313,17086.72184484563,11.127344451294102,11.13486293997254,0.0075184886784391836,0.0006756768168136279,base
千葉,仙台,金属素材群,303.5,0.463,3942.4,1667.7,6.0,4,843.123,6453.223,8.772334974908864,-0.056526785714285654,-0.49587189934060677,0.02643700887486316,820.8333497663988,6430.933349766399,2.6658143596416095,2.674724882577398,0.008910522935788645,0.0033425144191160296,base
千葉,仙台,化学・高分子素材群,303.5,0.463,3942.4,1667.7,6.0,10,843.123,6453.223,8.772334974908864,-0.056526785714285654,-0.49587189934060677,0.018693142866570464,827.3623813069086,6437.462381306909,6.353666645625813,6.36475007372587,0.011083428100056913,0.001744414480367381,base
千葉,仙台,無機素材群,303.5,0.463,3942.4,1667.7,6.0,27,843.123,6453.223,8.772334974908864,-0.056526785714285654,-0.49587189934060677,0.007682405634391281,836.6457871143152,6446.745787114316,31.34855111622908,31.36784563032296,0.019294514093882498,0.0006154834404418062,base
千葉,名古屋,金属素材群,293.9,0.475,3826.6,1619.4,6.0,6,837.615,6283.615,8.745700730789528,-0.0445267857142857,-0.38941794236113714,0.02643700887486316,815.4709648112815,6261.470964811281,5.4833117932746385,5.502083376933936,0.018771583659297875,0.0034234025652747843,base
千葉,名古屋,化学・高分子素材群,293.9,0.475,3826.6,1619.4,6.0,8,837.615,6283.615,8.745700730789528,-0.0445267857142857,-0.38941794236113714,0.018693142866570464,821.9573431378176,6267.957343137818,7.461559397091337,7.4749118598238,0.013352462732463266,0.0017895002936877135,base
千葉,名古屋,無機素材群,293.9,0.475,3826.6,1619.4,6.0,39,837.615,6283.615,8.745700730789528,-0.0445267857142857,-0.38941794236113714,0.007682405634391281,831.1801018045494,6277.18010180455,37.546351365421124,37.56995745442379,0.02360608900266925,0.0006287185876710682,base
千葉,広島,金属素材群,709.9,0.488,8818.4,3699.3,6.0,0,2078.5872,14596.2872,9.588522473986488,-0.03152678571428569,-0.3022952933539845,0.02643700887486316,2023.635571746423,14541.335571746424,1.0375500981450585,1.0413609741514962,0.0038108760064377023,0.0036729561427933178,base
千葉,広島,化学・高分子素材群,709.9,0.488,8818.4,3699.3,6.0,8,2078.5872,14596.2872,9.588522473986488,-0.03152678571428569,-0.3022952933539845,0.018693142866570464,2039.7318725097753,14557.431872509776,2.5572389186248796,2.562156843575443,0.004917924950563535,0.0019231386300064923,base
千葉,広島,無機素材群,709.9,0.488,8818.4,3699.3,6.0,26,2078.5872,14596.2872,9.588522473986488,-0.03152678571428569,-0.3022952933539845,0.007682405634391281,2062.6186499831465,14580.318649983146,20.71126987011986,20.72519927991138,0.01392940979151902,0.0006725521843358805,base
千葉,福岡,金属素材群,915.7,0.45,11288.7,4728.6,6.0,2,2472.3900000000003,18489.690000000002,9.824968558421261,-0.06952678571428567,-0.6830984836109492,0.02643700887486316,2407.0274036278774,18424.327403627878,1.6631118614024964,1.668778497515065,0.005666636112568568,0.0034072489314037565,base
千葉,福岡,化学・高分子素材群,915.7,0.45,11288.7,4728.6,6.0,2,2472.3900000000003,18489.690000000002,9.824968558421261,-0.06952678571428567,-0.6830984836109492,0.018693142866570464,2426.17326050812,18443.473260508123,3.233504895377099,3.2392442765345693,0.005739381157470191,0.0017749721565833137,base
千葉,福岡,無機素材群,915.7,0.45,11288.7,4728.6,6.0,23,2472.3900000000003,18489.690000000002,9.824968558421261,-0.06952678571428567,-0.6830984836109492,0.007682405634391281,2453.396097133588,18470.69609713359,18.14969727756301,18.161115843347208,0.011418565784197199,0.0006291325750271902,base
神奈川,東京,金属素材群,27.2,0.255,626.9,286.2,6.0,75,41.616,954.7159999999999,6.861413914054923,-0.2645267857142857,-1.8150277681402247,0.02643700887486316,40.5157974386637,953.6157974386635,77.85510162253617,77.93607406813857,0.08097244560239858,0.0010400403302403508,base
神奈川,東京,化学・高分子素材群,27.2,0.255,626.9,286.2,6.0,109,41.616,954.7159999999999,6.861413914054923,-0.2645267857142857,-1.8150277681402247,0.018693142866570464,40.838066166464806,953.9380661664648,104.10593922700913,104.16077445754304,0.05483523053391082,0.0005267252852341053,base
神奈川,東京,無機素材群,27.2,0.255,626.9,286.2,6.0,119,41.616,954.7159999999999,6.861413914054923,-0.2645267857142857,-1.8150277681402247,0.007682405634391281,41.29628900711917,954.3962890071191,119.79704173885402,119.82112563977837,0.024083900924352974,0.0002010391957495374,base
神奈川,大阪,金属素材群,386.0,0.368,4931.6,2079.9,6.0,5,852.288,7863.7880000000005,8.970023703172675,-0.15152678571428568,-1.3591988595227094,0.02643700887486316,829.7560545800607,7841.256054580061,4.795941237807099,4.808835076956844,0.012893839149744402,0.0026884898105298707,base
神奈川,大阪,化学・高分子素材群,386.0,0.368,4931.6,2079.9,6.0,14,852.288,7863.7880000000005,8.970023703172675,-0.15152678571428568,-1.3591988595227094,0.018693142866570464,836.3560586525365,7847.856058652536,18.144964798101277,18.170088633457084,0.025123835355806534,0.001384617475721724,base
神奈川,大阪,無機素材群,386.0,0.368,4931.6,2079.9,6.0,33,852.288,7863.7880000000005,8.970023703172675,-0.15152678571428568,-1.3591988595227094,0.007682405634391281,845.740377866676,7857.240377866676,26.47472549439955,26.488114620862596,0.013389126463046352,0.000505732399978186,base
神奈川,札幌,金属素材群,859.3,0.468,10611.8,4446.6,6.0,1,2412.9144,17471.3144,9.768315637847985,-0.05152678571428565,-0.5033299066608987,0.02643700887486316,2349.124160592915,17407.524160592915,0.9409766304832614,0.9443072132525919,0.0033305827693305146,0.0035394957339376356,base
神奈川,札幌,化学・高分子素材群,859.3,0.468,10611.8,4446.6,6.0,5,2412.9144,17471.3144,9.768315637847985,-0.05152678571428565,-0.5033299066608987,0.018693142866570464,2367.809446395995,17426.209446395995,5.093762872824072,5.103177871380228,0.009414998556156462,0.0018483386037435664,base
神奈川,札幌,無機素材群,859.3,0.468,10611.8,4446.6,6.0,11,2412.9144,17471.3144,9.768315637847985,-0.05152678571428565,-0.5033299066608987,0.007682405634391281,2394.3774128181362,17452.777412818137,6.794560251329933,6.798983214876347,0.004422963546414138,0.0006509565568350667,base
神奈川,仙台,金属素材群,332.1,0.443,4284.7,1810.3,6.0,2,882.7218,6977.7218,8.850477752794898,-0.07652678571428567,-0.6772986144571878,0.02643700887486316,859.3852759393649,6954.385275939365,1.9866688529691308,1.9930575292177592,0.006388676248628489,0.003215773096296566,base
神奈川,仙台,化学・高分子素材群,332.1,0.443,4284.7,1810.3,6.0,10,882.7218,6977.7218,8.850477752794898,-0.07652678571428567,-0.6772986144571878,0.018693142866570464,866.2209552811638,6961.220955281164,11.380977193655784,11.400025799156682,0.019048605500897153,0.0016737231941309587,base
神奈川,仙台,無機素材群,332.1,0.443,4284.7,1810.3,6.0,20,882.7218,6977.7218,8.850477752794898,-0.07652678571428567,-0.6772986144571878,0.007682405634391281,875.94037307008,6970.94037307008,18.46536182962419,18.476344400414174,0.010982570789984436,0.0005947660756024272,base
神奈川,名古屋,金属素材群,250.0,0.455,3299.9,1400.0,6.0,7,682.5,5382.4,8.590889650338575,-0.06452678571428566,-0.5543424955624717,0.02643700887486316,664.4567414429059,5364.356741442905,5.110607676989624,5.12714335428858,0.016535677298955775,0.0032355599067811886,base
神奈川,名古屋,化学・高分子素材群,250.0,0.455,3299.9,1400.0,6.0,13,682.5,5382.4,8.590889650338575,-0.06452678571428566,-0.5543424955624717,0.018693142866570464,669.7419299935657,5369.641929993565,15.762688938130639,15.789277607866325,0.026588669735685855,0.0016868105334088457,base
神奈川,名古屋,無機素材群,250.0,0.455,3299.9,1400.0,6.0,23,682.5,5382.4,8.590889650338575,-0.06452678571428566,-0.5543424955624717,0.007682405634391281,677.2567581545279,5377.156758154528,25.504032229811386,25.519254712762184,0.0152224829507972,0.0005968657353327764,base
神奈川,広島,金属素材群,665.7,0.468,8288.6,3478.6,6.0,1,1869.2856000000002,13636.4856,9.520504244240025,-0.05152678571428565,-0.4905609820849028,0.02643700887486316,1819.8672800031463,13587.067280003146,0.8943494863619802,0.897491397391591,0.003141911029610811,0.0035130685235717236,base
神奈川,広島,化学・高分子素材群,665.7,0.468,8288.6,3478.6,6.0,5,1869.2856000000002,13636.4856,9.520504244240025,-0.05152678571428565,-0.4905609820849028,0.018693142866570464,1834.3427772207774,13601.542777220779,5.108291098897882,5.117662550575787,0.009371451677904652,0.001834557094823071,base
神奈川,広島,無機素材群,665.7,0.468,8288.6,3478.6,6.0,9,1869.2856000000002,13636.4856,9.520504244240025,-0.05152678571428565,-0.4905609820849028,0.007682405634391281,1854.9249897742736,13622.124989774275,13.354722871738442,13.36335148460998,0.008628612871538266,0.0006461094666216044,base
神奈川,福岡,金属素材群,871.1,0.43,10753.0,4505.4,6.0,2,2247.438,17505.838,9.770289704279497,-0.08952678571428568,-0.8747026327215222,0.02643700887486316,2188.0224616482956,17446.422461648297,1.416354492851921,1.4209579577661349,0.004603464914213928,0.0032502208574525402,base
神奈川,福岡,化学・高分子素材群,871.1,0.43,10753.0,4505.4,6.0,10,2247.438,17505.838,9.770289704279497,-0.08952678571428568,-0.8747026327215222,0.018693142866570464,2205.4263203822406,17463.82632038224,6.403375871377028,6.4141883315622215,0.010812460185193551,0.0016885562244635752,base
神奈川,福岡,無機素材群,871.1,0.43,10753.0,4505.4,6.0,7,2247.438,17505.838,9.770289704279497,-0.08952678571428568,-0.8747026327215222,0.007682405634391281,2230.172269645855,17488.572269645854,11.609555584249213,11.616554081842704,0.0069984975934911375,0.0006028221789114874,base
新潟,東京,金属素材群,253.1,0.535,3337.6,1415.7,6.0,4,812.451,5565.751,8.624387205188642,0.015473214285714354,0.13344699130885698,0.02643700887486316,790.9722257026086,5544.272225702609,3.7542558714399306,3.7685990405564196,0.01434316911648903,0.0038205092054601386,base
新潟,東京,化学・高分子素材群,253.1,0.535,3337.6,1415.7,6.0,18,812.451,5565.751,8.624387205188642,0.015473214285714354,0.13344699130885698,0.018693142866570464,797.263737384912,5550.563737384912,13.029053111760525,13.055277302974844,0.026224191214318182,0.002012747280203134,base
新潟,東京,無機素材群,253.1,0.535,3337.6,1415.7,6.0,13,812.451,5565.751,8.624387205188642,0.015473214285714354,0.13344699130885698,0.007682405634391281,806.2094218599332,5559.509421859933,18.920838372309365,18.933942897438428,0.013104525129062239,0.0006925974880817493,base
新潟,大阪,金属素材群,476.2,0.547,6014.4,2531.0,6.0,2,1562.8884,10108.2884,9.221110999957014,0.027473214285714365,0.25333355845417693,0.02643700887486316,1521.5703054987794,10066.970305498779,1.1290458603738478,1.1336326335613356,0.0045867731874877915,0.004062521593205281,base
新潟,大阪,化学・高分子素材群,476.2,0.547,6014.4,2531.0,6.0,9,1562.8884,10108.2884,9.221110999957014,0.027473214285714365,0.25333355845417693,0.018693142866570464,1533.6731038542944,10079.073103854294,7.637413894456918,7.653783702009944,0.016369807553026305,0.0021433704889173527,base
新潟,大阪,無機素材群,476.2,0.547,6014.4,2531.0,6.0,13,1562.8884,10108.2884,9.221110999957014,0.027473214285714365,0.25333355845417693,0.007682405634391281,1550.8816573499153,10096.281657349915,10.830663783036636,10.83861886881562,0.007955085778984738,0.0007344966050413523,base
新潟,札幌,金属素材群,606.6,0.648,7579.0,3182.9,6.0,0,2358.4608000000003,13120.3608,9.481920562119962,0.12847321428571434,1.218172812217359,0.02643700887486316,2296.1101508993834,13058.010150899383,0.363259132458691,0.365029098837102,0.001769966378410981,0.004872462163390366,base
新潟,札幌,化学・高分子素材群,606.6,0.648,7579.0,3182.9,6.0,6,2358.4608000000003,13120.3608,9.481920562119962,0.12847321428571434,1.218172812217359,0.018693142866570464,2314.373755320394,13076.273755320393,3.066541717271349,3.0745218633259013,0.007980146054552328,0.0026023275697201905,base
新潟,札幌,無機素材群,606.6,0.648,7579.0,3182.9,6.0,3,2358.4608000000003,13120.3608,9.481920562119962,0.12847321428571434,1.218172812217359,0.007682405634391281,2340.3421474615893,13102.24214746159,3.8454826784135707,3.8487993213962364,0.003316642982665652,0.0008624776809640738,base
新潟,仙台,金属素材群,166.6,0.623,2299.5,983.1,6.0,0,622.7508,3905.3508,8.27010289178573,0.10347321428571432,0.8557341286866504,0.02643700887486316,606.287131573572,3888.887131573572,1.0835137139783295,1.0881597295124814,0.004646015534151893,0.0042879157635145665,base
新潟,仙台,化学・高分子素材群,166.6,0.623,2299.5,983.1,6.0,5,622.7508,3905.3508,8.27010289178573,0.10347321428571432,0.8557341286866504,0.018693142866570464,611.109630325329,3893.709630325329,9.023677736805311,9.044285348598862,0.020607611793550973,0.0022837264798916423,base
新潟,仙台,無機素材群,166.6,0.623,2299.5,983.1,6.0,20,622.7508,3905.3508,8.27010289178573,0.10347321428571432,0.8557341286866504,0.007682405634391281,617.9665757452584,3900.5665757452584,12.668896679836761,12.678565044922404,0.00966836508564306,0.0007631576237440463,base
新潟,名古屋,金属素材群,356.7,0.635,4580.8,1933.7,6.0,1,1359.027,7873.527,8.971261398579198,0.11547321428571433,1.0359403898912931,0.02643700887486316,1323.0983911398214,7837.598391139822,1.0668970361373784,1.0718684847001048,0.004971448562726355,0.00465972665996441,base
新潟,名古屋,化学・高分子素材群,356.7,0.635,4580.8,1933.7,6.0,4,1359.027,7873.527,8.971261398579198,0.11547321428571433,1.0359403898912931,0.018693142866570464,1333.6225141294735,7848.1225141294735,6.079724207589491,6.094832437104496,0.0151082295150049,0.0024850188921637056,base
新潟,名古屋,無機素材群,356.7,0.635,4580.8,1933.7,6.0,4,1359.027,7873.527,8.971261398579198,0.11547321428571433,1.0359403898912931,0.007682405634391281,1348.5864033179103,7863.0864033179105,9.647644513903664,9.655624092966297,0.007979579062633135,0.0008271012733868248,base
新潟,広島,金属素材群,707.3,0.648,8788.1,3686.7,6.0,0,2749.9824,15224.7824,9.630679800193532,0.12847321428571434,1.2372843896873642,0.02643700887486316,2677.2810908854826,15152.081090885482,0.23348825240901475,0.23463144547192447,0.0011431930629097198,0.004896148097879987,base
新潟,広島,化学・高分子素材群,707.3,0.648,8788.1,3686.7,6.0,1,2749.9824,15224.7824,9.630679800193532,0.12847321428571434,1.2372843896873642,0.018693142866570464,2698.576586116246,15173.376586116245,2.296775441770984,2.302781405572234,0.006005963801249958,0.0026149547282771864,base
新潟,広島,無機素材群,707.3,0.648,8788.1,3686.7,6.0,9,2749.9824,15224.7824,9.630679800193532,0.12847321428571434,1.2372843896873642,0.007682405634391281,2728.855919715763,15203.655919715762,5.917611138239211,5.922739664493017,0.005128526253805887,0.0008666548264156275,base
新潟,福岡,金属素材群,913.3,0.61,11259.9,4716.6,6.0,1,3342.678,19319.178,9.868853560277527,0.09047321428571431,0.8928669029133233,0.02643700887486316,3254.30759204819,19230.80759204819,0.3695401332027787,0.3712533951271125,0.0017132619243337976,0.0046361998884534555,base
新潟,福岡,化学・高分子素材群,913.3,0.61,11259.9,4716.6,6.0,1,3342.678,19319.178,9.868853560277527,0.09047321428571431,0.8928669029133233,0.018693142866570464,3280.192842589058,19256.69284258906,2.8668138903448925,2.873880503224116,0.007066612879223388,0.0024649709222572653,base
新潟,福岡,無機素材群,913.3,0.61,11259.9,4716.6,6.0,5,3342.678,19319.178,9.868853560277527,0.09047321428571431,0.8928669029133233,0.007682405634391281,3316.998191698844,19293.498191698844,5.168862834263103,5.173137977540337,0.004275143277234328,0.0008270955168118351,base
長野,東京,金属素材群,172.7,0.555,2372.4,1013.5,6.0,12,575.091,3960.991,8.284249525465839,0.03547321428571437,0.2938689586131773,0.02643700887486316,559.8873141291461,3945.787314129146,10.194128645440683,10.233103311228675,0.03897466578799147,0.0038232464140447024,base
長野,東京,化学・高分子素材群,172.7,0.555,2372.4,1013.5,6.0,20,575.091,3960.991,8.284249525465839,0.03547321428571437,0.2938689586131773,0.018693142866570464,564.3407417757212,3950.2407417757213,18.02427165893735,18.060669639513883,0.0363979805765311,0.0020193870390586978,base
長野,東京,無機素材群,172.7,0.555,2372.4,1013.5,6.0,50,575.091,3960.991,8.284249525465839,0.03547321428571437,0.2938689586131773,0.007682405634391281,570.6729176613123,3956.572917661312,57.59074656987952,57.630496662060644,0.03975009218112291,0.000690216650219856,base
長野,大阪,金属素材群,325.4,0.567,4205.3,1777.2,6.0,1,1107.0107999999998,7089.5108,8.866371618556098,0.04747321428571427,0.4209151597844889,0.02643700887486316,1077.7447456558305,7060.24474565583,3.1032851269199773,3.1160957890766117,0.0128106621566344,0.004128097043196618,base
長野,大阪,化学・高分子素材群,325.4,0.567,4205.3,1777.2,6.0,10,1107.0107999999998,7089.5108,8.866371618556098,0.04747321428571427,0.4209151597844889,0.018693142866570464,1086.3172889607633,7068.817288960763,10.65437585967964,10.677639551470381,0.023263691790742058,0.00218348705706742,base
長野,大阪,無機素材群,325.4,0.567,4205.3,1777.2,6.0,38,1107.0107999999998,7089.5108,8.866371618556098,0.04747321428571427,0.4209151597844889,0.007682405634391281,1098.5062939927477,7081.0062939927475,33.24965627252219,33.274368545943325,0.024712273421137354,0.0007432339516110967,base
長野,札幌,金属素材群,762.4,0.667,9448.7,3962.0,6.0,1,3051.1248,16461.824800000002,9.708799330783695,0.14747321428571436,1.431787844165664,0.02643700887486316,2970.462186584085,16381.162186584086,0.556355930551603,0.5591672524214389,0.0028113218698359033,0.005053099491630472,base
長野,札幌,化学・高分子素材群,762.4,0.667,9448.7,3962.0,6.0,3,3051.1248,16461.824800000002,9.708799330783695,0.14747321428571436,1.431787844165664,0.018693142866570464,2994.089688209864,16404.789688209865,2.755435527319742,2.7628882233503775,0.007452696030635586,0.0027047252446094966,base
長野,札幌,無機素材群,762.4,0.667,9448.7,3962.0,6.0,8,3051.1248,16461.824800000002,9.708799330783695,0.14747321428571436,1.431787844165664,0.007682405634391281,3027.684821645249,16438.38482164525,8.22721416832319,8.234544291086202,0.007330122763011815,0.0008909604895463401,base
長野,仙台,金属素材群,297.7,0.642,3872.2,1638.4,6.0,1,1146.7404000000001,6657.340400000001,8.803475344437908,0.12247321428571434,1.0781899223183469,0.02643700887486316,1116.4240138680361,6627.0240138680365,1.2250668168151195,1.2307753879622132,0.005708571147093666,0.0046598039133364045,base
長野,仙台,化学・高分子素材群,297.7,0.642,3872.2,1638.4,6.0,7,1146.7404000000001,6657.340400000001,8.803475344437908,0.12247321428571434,1.0781899223183469,0.018693142866570464,1125.304217871932,6635.904217871932,6.462528036652659,6.478601359315145,0.016073322662485623,0.00248715712664219,base
長野,仙台,無機素材群,297.7,0.642,3872.2,1638.4,6.0,24,1146.7404000000001,6657.340400000001,8.803475344437908,0.12247321428571434,1.0781899223183469,0.007682405634391281,1137.930675089856,6648.530675089856,22.428472210015624,22.446997154209022,0.01852494419339834,0.0008259565796517282,base
長野,名古屋,金属素材群,199.7,0.655,2696.4,1148.5,6.0,4,784.8209999999999,4629.721,8.440251886085356,0.13547321428571435,1.143428052389046,0.02643700887486316,764.0726802578209,4608.972680257821,3.5502999374068973,3.5666428466174707,0.016342909210573353,0.004603247471679828,base
長野,名古屋,化学・高分子素材群,199.7,0.655,2696.4,1148.5,6.0,11,784.8209999999999,4629.721,8.440251886085356,0.13547321428571435,1.143428052389046,0.018693142866570464,770.1502289223153,4615.050228922315,9.835512649918986,9.859716342238281,0.0242036923192952,0.0024608470529997807,base
長野,名古屋,無機素材群,199.7,0.655,2696.4,1148.5,6.0,33,784.8209999999999,4629.721,8.440251886085356,0.13547321428571435,1.143428052389046,0.007682405634391281,778.7916867276114,4623.691686727611,33.13528199175488,33.16224927602268,0.02696728426779771,0.0008138540747746777,base
長野,広島,金属素材群,576.1,0.667,7212.9,3030.4,6.0,0,2305.5522,12548.8522,9.437384482210046,0.14747321428571436,1.3917614240416376,0.02643700887486316,2244.60029602714,12487.90029602714,0.5498920293728835,0.5526462917172318,0.0027542623443482794,0.005008732982526294,base
長野,広島,化学・高分子素材群,576.1,0.667,7212.9,3030.4,6.0,2,2305.5522,12548.8522,9.437384482210046,0.14747321428571436,1.3917614240416376,0.018693142866570464,2262.4541833390645,12505.754183339064,2.8594350239638597,2.8671012323077676,0.007666208343907854,0.002681022047943114,base
長野,広島,無機素材群,576.1,0.667,7212.9,3030.4,6.0,15,2305.5522,12548.8522,9.437384482210046,0.14747321428571436,1.3917614240416376,0.007682405634391281,2287.840012788337,12531.140012788335,16.459742853485537,16.47427956106886,0.014536707583324926,0.0008831673564235916,base
長野,福岡,金属素材群,784.8,0.63,9717.6,4074.0,6.0,1,2966.544,16758.144,9.726639628047161,0.11047321428571433,1.0745331439091748,0.02643700887486316,2888.1174499443277,16679.717449944328,0.8209715134925499,0.8248894538440081,0.0039179403514582045,0.0047723219223412905,base
長野,福岡,化学・高分子素材群,784.8,0.63,9717.6,4074.0,6.0,1,2966.544,16758.144,9.726639628047161,0.11047321428571433,1.0745331439091748,0.018693142866570464,2911.0899691880327,16702.68996918803,3.4084412435267413,3.4171103350785,0.008669091551758878,0.002543418217410402,base
長野,福岡,無機素材群,784.8,0.63,9717.6,4074.0,6.0,17,2966.544,16758.144,9.726639628047161,0.11047321428571433,1.0745331439091748,0.007682405634391281,2943.7538056597305,16735.35380565973,13.908885934026738,13.920678791707223,0.011792857680484659,0.0008478650077670547,base
静岡,東京,金属素材群,142.7,0.495,2012.7,863.6,6.0,8,423.81899999999996,3300.119,8.101713807410464,-0.02452678571428568,-0.19870899847282603,0.02643700887486316,412.61449333566435,3288.9144933356647,7.624730541840991,7.6500324274009515,0.02530188555996027,0.003318397341534266,base
静岡,東京,化学・高分子素材群,142.7,0.495,2012.7,863.6,6.0,17,423.81899999999996,3300.119,8.101713807410464,-0.02452678571428568,-0.19870899847282603,0.018693142866570464,415.89649088343293,3292.196490883433,17.402426874434273,17.432696046604512,0.0302691721702395,0.0017393649971147204,base
静岡,東京,無機素材群,142.7,0.495,2012.7,863.6,6.0,81,423.81899999999996,3300.119,8.101713807410464,-0.02452678571428568,-0.19870899847282603,0.007682405634391281,420.5630505264379,3296.863050526438,73.37788819124478,73.42242064184823,0.04453245060345523,0.0006068919629765075,base
静岡,大阪,金属素材群,264.8,0.507,3477.5,1474.0,6.0,1,805.5216,5757.0216,8.658175536622913,-0.012526785714285671,-0.10845910962394559,0.02643700887486316,784.226018311906,5735.726018311906,2.4069531639149995,2.415690384541977,0.008737220626977571,0.003629991957453029,base
静岡,大阪,化学・高分子素材群,264.8,0.507,3477.5,1474.0,6.0,13,805.5216,5757.0216,8.658175536622913,-0.012526785714285671,-0.10845910962394559,0.018693142866570464,790.4638696490916,5741.963869649092,10.60609548874599,10.62630544142265,0.020209952676660592,0.001905503556714641,base
静岡,大阪,無機素材群,264.8,0.507,3477.5,1474.0,6.0,20,805.5216,5757.0216,8.658175536622913,-0.012526785714285671,-0.10845910962394559,0.007682405634391281,799.3332563215362,5750.833256321536,43.13484517018675,43.16340198139345,0.028556811206698285,0.0006620357878654384,base
静岡,札幌,金属素材群,934.8,0.608,11517.1,4823.8,6.0,1,3410.1503999999995,19751.0504,9.890961953725133,0.08847321428571431,0.8750851964237711,0.02643700887486316,3319.9962236105816,19660.896223610584,0.2966125273979872,0.29798392616796526,0.0013713987699780494,0.004623536241063551,base
静岡,札幌,化学・高分子素材群,934.8,0.608,11517.1,4823.8,6.0,2,3410.1503999999995,19751.0504,9.890961953725133,0.08847321428571431,0.8750851964237711,0.018693142866570464,3346.4039713763073,19687.30397137631,2.080255725644373,2.0853682549700174,0.005112529325644211,0.002457644636002898,base
静岡,札幌,無機素材群,934.8,0.608,11517.1,4823.8,6.0,10,3410.1503999999995,19751.0504,9.890961953725133,0.08847321428571431,0.8750851964237711,0.007682405634391281,3383.952241352918,19724.85224135292,8.405409099753527,8.412345062508136,0.006935962754608838,0.0008251784859361838,base
静岡,仙台,金属素材群,427.9,0.583,5435.3,2289.7,6.0,2,1496.7941999999998,9221.7942,9.12932489631725,0.06347321428571429,0.5794675954278512,0.02643700887486316,1457.2234384507562,9182.223438450756,0.5573538795765722,0.5597575374243502,0.0024036578477779624,0.004312624233644964,base
静岡,仙台,化学・高分子素材群,427.9,0.583,5435.3,2289.7,6.0,5,1496.7941999999998,9221.7942,9.12932489631725,0.06347321428571429,0.5794675954278512,0.018693142866570464,1468.8144121775458,9193.814412177546,4.311565653794649,4.321419896961183,0.009854243166533827,0.0022855370781286874,base
静岡,仙台,無機素材群,427.9,0.583,5435.3,2289.7,6.0,22,1496.7941999999998,9221.7942,9.12932489631725,0.06347321428571429,0.5794675954278512,0.007682405634391281,1485.2952198043956,9210.295219804395,20.899801587049698,20.915973870930145,0.016172283880447225,0.0007738008331365299,base
静岡,名古屋,金属素材群,136.3,0.595,1935.2,831.3,6.0,2,486.591,3253.091,8.087360900259764,0.0754732142857143,0.6103791222312125,0.02643700887486316,473.7269894145715,3240.2269894145716,3.1774081997783847,3.19007784176987,0.012669641991485125,0.003987414016357356,base
静岡,名古屋,化学・高分子素材群,136.3,0.595,1935.2,831.3,6.0,11,486.591,3253.091,8.087360900259764,0.0754732142857143,0.6103791222312125,0.018693142866570464,477.49508491941265,3243.995084919413,10.896002090005346,10.919064751033664,0.023062661028317777,0.00211661679557428,base
静岡,名古屋,無機素材群,136.3,0.595,1935.2,831.3,6.0,57,486.591,3253.091,8.087360900259764,0.0754732142857143,0.6103791222312125,0.007682405634391281,482.8528105599559,3249.3528105599557,47.00504721714346,47.03860294502453,0.03355572788106542,0.0007138749957223133,base
静岡,広島,金属素材群,545.9,0.608,6851.1,2879.6,6.0,1,1991.4432,11722.1432,9.36923491330709,0.08847321428571431,0.828926328178214,0.02643700887486316,1938.7953984478143,11669.495398447814,0.3755092930567288,0.3772174998604533,0.0017082068037244658,0.0045490400246004144,base
静岡,広島,化学・高分子素材群,545.9,0.608,6851.1,2879.6,6.0,2,1991.4432,11722.1432,9.36923491330709,0.08847321428571431,0.828926328178214,0.018693142866570464,1954.2168677517398,11684.916867751741,2.5972753911208994,2.6035558997142085,0.0062805085933090865,0.002418114234162371,base
静岡,広島,無機素材群,545.9,0.608,6851.1,2879.6,6.0,20,1991.4432,11722.1432,9.36923491330709,0.08847321428571431,0.828926328178214,0.007682405634391281,1976.1441255397497,11706.84412553975,19.62757228645008,19.643508478217942,0.01593619176786376,0.0008119288282466464,base
静岡,福岡,金属素材群,749.1,0.57,9289.3,3895.5,6.0,0,2561.9219999999996,15746.721999999998,9.664387495608226,0.050473214285714274,0.4877927010060115,0.02643700887486316,2494.1924453492925,15678.992445349291,0.561432394434474,0.563849853984966,0.002417459550491996,0.0043058782757398285,base
静岡,福岡,化学・高分子素材群,749.1,0.57,9289.3,3895.5,6.0,1,2561.9219999999996,15746.721999999998,9.664387495608226,0.050473214285714274,0.4877927010060115,0.018693142866570464,2514.0316260409895,15698.831626040988,3.106378776254699,3.113455831055212,0.007077054800512794,0.0022782330521345703,base
静岡,福岡,無機素材群,749.1,0.57,9289.3,3895.5,6.0,19,2561.9219999999996,15746.721999999998,9.664387495608226,0.050473214285714274,0.4877927010060115,0.007682405634391281,2542.240275992329,15727.040275992327,16.549436448177097,16.562256607483995,0.01282015930689795,0.0007746583605455687,base
愛知,東京,金属素材群,258.6,0.415,3403.1,1443.0,6.0,6,643.914,5490.014,8.6106860845914,-0.1045267857142857,-0.900047339217067,0.02643700887486316,626.8908398673514,5472.9908398673515,9.572625968262528,9.600907074160874,0.02828110589834587,0.0029543728118188463,base
愛知,東京,化学・高分子素材群,258.6,0.415,3403.1,1443.0,6.0,12,643.914,5490.014,8.6106860845914,-0.1045267857142857,-0.900047339217067,0.018693142866570464,631.8772236042151,5477.977223604215,15.871050771627639,15.89536178789705,0.024311016269411567,0.0015317836619155607,base
愛知,東京,無機素材群,258.6,0.415,3403.1,1443.0,6.0,50,643.914,5490.014,8.6106860845914,-0.1045267857142857,-0.900047339217067,0.007682405634391281,638.9671914583365,5485.067191458337,47.54676617721785,47.572911068345185,0.026144891127337644,0.0005498773781983313,base
愛知,大阪,金属素材群,139.0,0.427,1967.6,844.8,6.0,12,356.118,3168.5179999999996,8.061019249669007,-0.09252678571428569,-0.7458602007528562,0.02643700887486316,346.7033052735015,3159.103305273501,8.777829487942114,8.802771950468191,0.024942462526077236,0.0028415296241901347,base
愛知,大阪,化学・高分子素材群,139.0,0.427,1967.6,844.8,6.0,25,356.118,3168.5179999999996,8.061019249669007,-0.09252678571428569,-0.7458602007528562,0.018693142866570464,349.46103534864267,3161.8610353486424,21.269364665634996,21.300754986020667,0.0313903203856718,0.0014758466404212476,base
愛知,大阪,無機素材群,139.0,0.427,1967.6,844.8,6.0,53,356.118,3168.5179999999996,8.061019249669007,-0.09252678571428569,-0.7458602007528562,0.007682405634391281,353.38215707029184,3165.7821570702913,55.0405708444287,55.06960662685946,0.02903578243076055,0.0005275341804290098,base
愛知,札幌,金属素材群,956.3,0.527,11776.0,4931.7,6.0,1,3023.8206,19731.5206,9.889972666497975,0.007473214285714347,0.07390988501659708,0.02643700887486316,2943.8798279618063,19651.579827961807,0.6331287733258611,0.6356624411862826,0.002533667860421418,0.004001820746689363,base
愛知,札幌,化学・高分子素材群,956.3,0.527,11776.0,4931.7,6.0,3,3023.8206,19731.5206,9.889972666497975,0.007473214285714347,0.07390988501659708,0.018693142866570464,2967.2958895213214,19674.99588952132,2.843860157288841,2.849849111827364,0.005988954538523217,0.0021059244151557413,base
愛知,札幌,無機素材群,956.3,0.527,11776.0,4931.7,6.0,6,3023.8206,19731.5206,9.889972666497975,0.007473214285714347,0.07390988501659708,0.007682405634391281,3000.590383585172,19708.290383585172,7.50202901778052,7.507479839259814,0.005450821479294099,0.0007265796315070411,base
愛知,仙台,金属素材群,492.5,0.502,6209.9,2612.4,6.0,1,1483.41,10305.71,9.240453389544076,-0.017526785714285675,-0.16195544646138374,0.02643700887486316,1444.1930766649393,10266.493076664938,1.046628019330463,1.05053080144576,0.0039027821152970432,0.003728910408679568,base
愛知,仙台,化学・高分子素材群,492.5,0.502,6209.9,2612.4,6.0,6,1483.41,10305.71,9.240453389544076,-0.017526785714285675,-0.16195544646138374,0.018693142866570464,1455.6804049403008,10277.9804049403,5.327292253274021,5.33771272749179,0.010420474217768927,0.001956054543725241,base
愛知,仙台,無機素材群,492.5,0.502,6209.9,2612.4,6.0,19,1483.41,10305.71,9.240453389544076,-0.017526785714285675,-0.16195544646138374,0.007682405634391281,1472.0138426578878,10294.313842657888,17.34599442935112,17.357802604817838,0.011808175466718751,0.0006807436445810315,base
愛知,名古屋,金属素材群,5.0,0.345,360.0,175.0,6.0,53,10.35,545.35,6.301427790374752,-0.1745267857142857,-1.099767937664779,0.02643700887486316,10.076376958145167,545.0763769581451,51.480422862055335,51.50442358301123,0.02400072095589678,0.0004662106412802407,base
愛知,名古屋,化学・高分子素材群,5.0,0.345,360.0,175.0,6.0,76,10.35,545.35,6.301427790374752,-0.1745267857142857,-1.099767937664779,0.018693142866570464,10.156525971330996,545.156525971331,73.51549092399199,73.53309777854521,0.01760685455322175,0.00023949856461443698,base
愛知,名古屋,無機素材群,5.0,0.345,360.0,175.0,6.0,129,10.35,545.35,6.301427790374752,-0.1745267857142857,-1.099767937664779,0.007682405634391281,10.27048710168405,545.270487101684,133.09031776896924,133.10207068245327,0.011752913484031069,8.830780240853349e-05,base
愛知,広島,金属素材群,416.0,0.527,5291.8,2229.9,6.0,1,1315.392,8837.092,9.0867131422367,0.007473214285714347,0.0679069544647516,0.02643700887486316,1280.6169700220762,8802.316970022077,1.0438977987754818,1.0479548983440325,0.004057099568550715,0.003886491161596273,base
愛知,広島,化学・高分子素材群,416.0,0.527,5291.8,2229.9,6.0,4,1315.392,8837.092,9.0867131422367,0.007473214285714347,0.0679069544647516,0.018693142866570464,1290.8031894184562,8812.503189418458,4.30603518258555,4.314842419344732,0.008807236759182047,0.0020453239199717268,base
愛知,広島,無機素材群,416.0,0.527,5291.8,2229.9,6.0,25,1315.392,8837.092,9.0867131422367,0.007473214285714347,0.0679069544647516,0.007682405634391281,1305.2866250877669,8826.986625087768,20.785805917938397,20.800474514492223,0.014668596553825353,0.0007057025650935276,base
愛知,福岡,金属素材群,622.4,0.49,7768.9,3262.1,6.0,0,1829.856,12860.856,9.461943558562396,-0.029526785714285686,-0.2793807798943376,0.02643700887486316,1781.4800806882786,12812.480080688278,1.4454670903077749,1.4507748886752339,0.005307798367458982,0.0036720298947303075,base
愛知,福岡,化学・高分子素材群,622.4,0.49,7768.9,3262.1,6.0,2,1829.856,12860.856,9.461943558562396,-0.029526785714285686,-0.2793807798943376,0.018693142866570464,1795.650240366749,12826.65024036675,4.866906045593151,4.876265939480925,0.009359893887774362,0.0019231712714588949,base
愛知,福岡,無機素材群,622.4,0.49,7768.9,3262.1,6.0,16,1829.856,12860.856,9.461943558562396,-0.029526785714285686,-0.2793807798943376,0.007682405634391281,1815.7983039554754,12846.798303955475,16.68851584432437,16.69973214791592,0.011216303591549348,0.0006720971293180587,base
京都,東京,金属素材群,363.7,0.375,4664.6,1968.6,6.0,8,818.3249999999999,7451.525000000001,8.916173988412408,-0.14452678571428568,-1.288625967414568,0.02643700887486316,796.6909347124775,7429.890934712478,6.9853857771554,7.004458986754333,0.01907320959893255,0.002730444703756873,base
京都,東京,化学・高分子素材群,363.7,0.375,4664.6,1968.6,6.0,9,818.3249999999999,7451.525000000001,8.916173988412408,-0.14452678571428568,-1.288625967414568,0.018693142866570464,803.0279338637137,7436.2279338637145,8.195283813720833,8.20681990833505,0.011536094614216452,0.0014076504092393135,base
京都,東京,無機素材群,363.7,0.375,4664.6,1968.6,6.0,56,818.3249999999999,7451.525000000001,8.916173988412408,-0.14452678571428568,-1.288625967414568,0.007682405634391281,812.0382954092368,7445.238295409237,58.81875057029572,58.84891312713473,0.03016255683900937,0.0005128051267080446,base
京都,大阪,金属素材群,42.9,0.287,814.4,364.3,6.0,22,73.87379999999999,1252.5738000000001,7.132955753378867,-0.2325267857142857,-1.658603273975409,0.02643700887486316,71.92079769378013,1250.62079769378,25.189797036772706,25.22563843055305,0.03584139378034479,0.0014228536152166137,base
京都,大阪,化学・高分子素材群,42.9,0.287,814.4,364.3,6.0,28,73.87379999999999,1252.5738000000001,7.132955753378867,-0.2325267857142857,-1.658603273975409,0.018693142866570464,72.49286650250355,1251.1928665025036,32.01517514591837,32.03835967958295,0.023184533664583284,0.0007241732571792315,base
京都,大阪,無機素材群,42.9,0.287,814.4,364.3,6.0,156,73.87379999999999,1252.5738000000001,7.132955753378867,-0.2325267857142857,-1.658603273975409,0.007682405634391281,73.3062715026461,1252.006271502646,150.26419778607985,150.30520601213718,0.04100822605732901,0.00027290749667269,base
京都,札幌,金属素材群,1016.3,0.488,12495.6,5231.5,6.0,2,2975.7263999999996,20702.826399999998,9.938025510995379,-0.03152678571428569,-0.3133140007082558,0.02643700887486316,2897.057094754035,20624.157094754035,0.5945805103532814,0.5967848526570044,0.002204342303723017,0.0037073907828113384,base
京都,札幌,化学・高分子素材群,1016.3,0.488,12495.6,5231.5,6.0,0,2975.7263999999996,20702.826399999998,9.938025510995379,-0.03152678571428569,-0.3133140007082558,0.018693142866570464,2920.100721272974,20647.200721272973,1.7717196477849313,1.7751588080644285,0.0034391602794972,0.0019411424848152267,base
京都,札幌,無機素材群,1016.3,0.488,12495.6,5231.5,6.0,7,2975.7263999999996,20702.826399999998,9.938025510995379,-0.03152678571428569,-0.3133140007082558,0.007682405634391281,2952.865662738233,20679.965662738232,10.874795000358688,10.882177240368975,0.007382240010286978,0.0006788394641042417,base
京都,仙台,金属素材群,581.5,0.463,7277.5,3057.3,6.0,0,1615.4070000000002,11950.206999999999,9.388503879385361,-0.056526785714285654,-0.5307019469677559,0.02643700887486316,1572.7004708044842,11907.500470804483,0.8860490567007214,0.8891136620350225,0.003064605334301085,0.003458730993645433,base
京都,仙台,化学・高分子素材群,581.5,0.463,7277.5,3057.3,6.0,1,1615.4070000000002,11950.206999999999,9.388503879385361,-0.056526785714285654,-0.5307019469677559,0.018693142866570464,1585.2099661613422,11920.009966161342,3.066726582300042,3.07226197651128,0.005535394211237943,0.0018049845862314867,base
京都,仙台,無機素材群,581.5,0.463,7277.5,3057.3,6.0,20,1615.4070000000002,11950.206999999999,9.388503879385361,-0.056526785714285654,-0.5307019469677559,0.007682405634391281,1602.996788161365,11937.796788161364,23.61573234076895,23.63077145469214,0.015039113923190683,0.000636826066038526,base
京都,名古屋,金属素材群,105.3,0.375,1563.4,676.4,6.0,10,236.92499999999998,2476.7250000000004,7.814692401929177,-0.14452678571428568,-1.1294323741966745,0.02643700887486316,230.66141167232303,2470.4614116723233,10.299502015888688,10.323989497324384,0.024487481435695457,0.002377540331359658,base
京都,名古屋,化学・高分子素材群,105.3,0.375,1563.4,676.4,6.0,16,236.92499999999998,2476.7250000000004,7.814692401929177,-0.14452678571428568,-1.1294323741966745,0.018693142866570464,232.4961271263378,2472.296127126338,13.99312458882112,14.010278571371312,0.017153982550192737,0.0012258865017107598,base
京都,名古屋,無機素材群,105.3,0.375,1563.4,676.4,6.0,73,236.92499999999998,2476.7250000000004,7.814692401929177,-0.14452678571428568,-1.1294323741966745,0.007682405634391281,235.10484604507184,2474.904846045072,76.55663254183779,76.59082651996846,0.034193978130673486,0.0004466494540755389,base
京都,広島,金属素材群,310.7,0.488,4028.9,1703.7,6.0,1,909.7296,6642.3296,8.801218024312828,-0.03152678571428569,-0.2774741146772194,0.02643700887486316,885.6790704910743,6618.279070491075,1.342958147059264,1.3477014667771257,0.004743319717861683,0.0035319937022969356,base
京都,広島,化学・高分子素材群,310.7,0.488,4028.9,1703.7,6.0,4,909.7296,6642.3296,8.801218024312828,-0.03152678571428569,-0.2774741146772194,0.018693142866570464,892.7238946172521,6625.323894617252,3.3776016974313614,3.3838483441866383,0.006246646755276863,0.0018494326196091704,base
京都,広島,無機素材群,310.7,0.488,4028.9,1703.7,6.0,35,909.7296,6642.3296,8.801218024312828,-0.03152678571428569,-0.2774741146772194,0.007682405634391281,902.7406881951875,6635.340688195188,36.91165150179695,36.935526362155045,0.02387486035809161,0.0006468109495704716,base
京都,福岡,金属素材群,517.6,0.45,6510.9,2737.9,6.0,4,1397.52,10646.32,9.272969571518798,-0.06952678571428567,-0.6447197683340788,0.02643700887486316,1360.5737513572012,10609.373751357201,1.7017274560700286,1.7074190954394566,0.005691639369427959,0.003344624516179716,base
京都,福岡,化学・高分子素材群,517.6,0.45,6510.9,2737.9,6.0,8,1397.52,10646.32,9.272969571518798,-0.06952678571428567,-0.6447197683340788,0.018693142866570464,1371.3959589811104,10620.19595898111,3.5803685240206473,3.5866069268596896,0.006238402839042312,0.0017423912642480644,base
京都,福岡,無機素材群,517.6,0.45,6510.9,2737.9,6.0,38,1397.52,10646.32,9.272969571518798,-0.06952678571428567,-0.6447197683340788,0.007682405634391281,1386.7836844778255,10635.583684477824,27.95824025887177,27.975507246589835,0.017266987718066673,0.0006175992322187544,base
兵庫,東京,金属素材群,424.4,0.395,5393.3,2272.2,6.0,1,1005.828,8671.328,9.067777229901955,-0.12452678571428566,-1.1291811520128796,0.02643700887486316,979.2369162374141,8644.736916237414,3.0487865895762973,3.057637400093474,0.008850810517176733,0.0029030600395046893,base
兵庫,東京,化学・高分子素材群,424.4,0.395,5393.3,2272.2,6.0,12,1005.828,8671.328,9.067777229901955,-0.12452678571428566,-1.1291811520128796,0.018693142866570464,987.0259134968031,8652.525913496804,7.11658188189443,7.127263168863071,0.01068128696864079,0.001500901295861636,base
兵庫,東京,無機素材群,424.4,0.395,5393.3,2272.2,6.0,38,1005.828,8671.328,9.067777229901955,-0.12452678571428566,-1.1291811520128796,0.007682405634391281,998.1008213055715,8663.600821305572,39.400195632561584,39.4215794605969,0.021383828035318686,0.0005427340573315937,base
兵庫,大阪,金属素材群,29.2,0.307,650.3,296.0,6.0,16,53.7864,1000.0863999999999,6.907841675249872,-0.21252678571428568,-1.4681013874640418,0.02643700887486316,52.364448465853066,998.6644484658531,15.763976610852795,15.78456356806388,0.020586957211085277,0.0013059494897316756,base
兵庫,大阪,化学・高分子素材群,29.2,0.307,650.3,296.0,6.0,33,53.7864,1000.0863999999999,6.907841675249872,-0.21252678571428568,-1.4681013874640418,0.018693142866570464,52.7809631405215,999.0809631405215,36.25053020251679,36.27470146570518,0.024171263188385694,0.0006667837147029518,base
兵庫,大阪,無機素材群,29.2,0.307,650.3,296.0,6.0,128,53.7864,1000.0863999999999,6.907841675249872,-0.21252678571428568,-1.4681013874640418,0.007682405634391281,53.373191057586375,999.6731910575863,126.71426597531374,126.7458627724635,0.031596797149759936,0.000249354695042116,base
兵庫,札幌,金属素材群,1072.4,0.508,13169.2,5512.2,6.0,0,3268.6752000000006,21950.075200000003,9.996525844465559,-0.01152678571428567,-0.1152278112964731,0.02643700887486316,3182.2612047285556,21863.661204728556,0.2810339515770616,0.2821202720529519,0.0010863204758903011,0.0038654421282349007,base
兵庫,札幌,化学・高分子素材群,1072.4,0.508,13169.2,5512.2,6.0,1,3268.6752000000006,21950.075200000003,9.996525844465559,-0.01152678571428567,-0.1152278112964731,0.018693142866570464,3207.573387501985,21888.97338750199,1.626554743506619,1.6298553217803453,0.003300578273726318,0.002029183639162826,base
兵庫,札幌,無機素材群,1072.4,0.508,13169.2,5512.2,6.0,2,3268.6752000000006,21950.075200000003,9.996525844465559,-0.01152678571428567,-0.1152278112964731,0.007682405634391281,3243.5639112265258,21924.96391122653,7.696704201156294,7.702128073652048,0.005423872495754267,0.0007047006555012763,base
兵庫,仙台,金属素材群,645.3,0.483,8043.3,3376.4,6.0,2,1870.0793999999999,13289.779400000001,9.49475055262295,-0.03652678571428569,-0.34681271884625414,0.02643700887486316,1820.6400943055012,13240.340094305502,0.40134493190949294,0.40279922960138953,0.0014542976918965889,0.0036235606239685783,base
兵庫,仙台,化学・高分子素材群,645.3,0.483,8043.3,3376.4,6.0,3,1870.0793999999999,13289.779400000001,9.49475055262295,-0.03652678571428569,-0.34681271884625414,0.018693142866570464,1835.1217386039696,13254.82173860397,2.731316272348702,2.736494940153678,0.0051786678049761115,0.0018960337392648027,base
兵庫,仙台,無機素材群,645.3,0.483,8043.3,3376.4,6.0,22,1870.0793999999999,13289.779400000001,9.49475055262295,-0.03652678571428569,-0.34681271884625414,0.007682405634391281,1855.7126914806809,13275.412691480682,16.243545117809074,16.2543347244654,0.010789606656327777,0.0006642396458454309,base
兵庫,名古屋,金属素材群,166.3,0.495,2295.6,981.5,6.0,2,493.911,3771.011,8.235098414252246,-0.02452678571428568,-0.20198049414241864,0.02643700887486316,480.85347050960746,3757.9534705096075,2.7370976237553033,2.7463613935401248,0.009263769784821463,0.0033845229722247,base
兵庫,名古屋,化学・高分子素材群,166.3,0.495,2295.6,981.5,6.0,5,493.911,3771.011,8.235098414252246,-0.02452678571428568,-0.20198049414241864,0.018693142866570464,484.67825111362936,3761.7782511136293,7.802288787951143,7.816129891041043,0.013841103089899498,0.001773979849512098,base
兵庫,名古屋,無機素材群,166.3,0.495,2295.6,981.5,6.0,49,493.911,3771.011,8.235098414252246,-0.02452678571428568,-0.20198049414241864,0.007682405634391281,490.1165753507122,3767.216575350712,41.49071156290931,41.51639240276425,0.0256808398549353,0.0006189539510788417,base
兵庫,広島,金属素材群,252.1,0.508,3325.8,1410.7,6.0,1,768.4008,5504.9008,8.613394029012584,-0.01152678571428567,-0.09928474724513574,0.02643700887486316,748.0865812309481,5484.5865812309485,0.8132520496346616,0.8161979669747078,0.0029459173400462335,0.003622391534542867,base
兵庫,広島,化学・高分子素材群,252.1,0.508,3325.8,1410.7,6.0,4,768.4008,5504.9008,8.613394029012584,-0.01152678571428567,-0.09928474724513574,0.018693142866570464,754.036974066813,5490.536974066813,3.73634145391683,3.743447121554955,0.007105667638125368,0.001901771485760878,base
兵庫,広島,無機素材群,252.1,0.508,3325.8,1410.7,6.0,28,768.4008,5504.9008,8.613394029012584,-0.01152678571428567,-0.09928474724513574,0.007682405634391281,762.4976333646092,5498.997633364609,30.442315721293305,30.462423298723007,0.020107577429701706,0.0006605140559539358,base
兵庫,福岡,金属素材群,456.7,0.47,5780.3,2433.5,6.0,2,1287.8939999999998,9501.694,9.159225377481736,-0.049526785714285704,-0.4536269925793855,0.02643700887486316,1253.845934892117,9467.645934892116,0.9545082426941593,0.9578258664889082,0.0033176237947488696,0.0034757413779735085,base
兵庫,福岡,化学・高分子素材群,456.7,0.47,5780.3,2433.5,6.0,5,1287.8939999999998,9501.694,9.159225377481736,-0.049526785714285704,-0.4536269925793855,0.018693142866570464,1263.819213461001,9477.619213461001,3.7363866578641773,3.7431703903553624,0.006783732491185024,0.0018155863170389315,base
兵庫,福岡,無機素材群,456.7,0.47,5780.3,2433.5,6.0,17,1287.8939999999998,9501.694,9.159225377481736,-0.049526785714285704,-0.4536269925793855,0.007682405634391281,1277.999875877901,9491.7998758779,22.012261788959457,22.026327376467176,0.014065587507719357,0.0006389887437543624,base
岡山,東京,金属素材群,537.0,0.475,6744.3,2835.1,6.0,1,1530.4499999999998,11109.849999999999,9.315587381192396,-0.0445267857142857,-0.4147931631250577,0.02643700887486316,1489.9894797674656,11069.389479767466,3.757999240379853,3.771295859884993,0.01329661950514005,0.00353821772028779,base
岡山,東京,化学・高分子素材群,537.0,0.475,6744.3,2835.1,6.0,8,1530.4499999999998,11109.849999999999,9.315587381192396,-0.0445267857142857,-0.4147931631250577,0.018693142866570464,1501.8410794998572,11081.241079499858,10.41088707583001,10.4301413298566,0.01925425402659009,0.001849434528138424,base
岡山,東京,無機素材群,537.0,0.475,6744.3,2835.1,6.0,35,1530.4499999999998,11109.849999999999,9.315587381192396,-0.0445267857142857,-0.4147931631250577,0.007682405634391281,1518.6924622968456,11098.092462296845,37.660151964117,37.68462153999943,0.024469575882434924,0.0006497471360643951,base
岡山,大阪,金属素材群,144.8,0.487,2037.6,874.0,6.0,9,423.1056,3334.7056,8.112139678591111,-0.03252678571428569,-0.26386182900988747,0.02643700887486316,411.9199534977957,3323.5199534977955,6.552825907940745,6.574254716889844,0.021428808949099043,0.0032701630182379042,base
岡山,大阪,化学・高分子素材群,144.8,0.487,2037.6,874.0,6.0,24,423.1056,3334.7056,8.112139678591111,-0.03252678571428569,-0.26386182900988747,0.018693142866570464,415.19642657155396,3326.7964265715536,22.522646577113797,22.561211555999794,0.03856497888599719,0.001712275631283256,base
岡山,大阪,無機素材群,144.8,0.487,2037.6,874.0,6.0,70,423.1056,3334.7056,8.112139678591111,-0.03252678571428569,-0.26386182900988747,0.007682405634391281,419.8551311546175,3331.4551311546174,65.23250229286172,65.27158377264152,0.039081479779795814,0.0005991105416183372,base
岡山,札幌,金属素材群,1134.0,0.588,13907.4,5819.8,6.0,0,4000.7519999999995,23727.952,10.074409041449167,0.06847321428571429,0.6898271690970863,0.02643700887486316,3894.9840838698733,23622.184083869874,0.3982118360082194,0.3999988189861295,0.0017869829779100788,0.004487518492225816,base
岡山,札幌,化学・高分子素材群,1134.0,0.588,13907.4,5819.8,6.0,1,4000.7519999999995,23727.952,10.074409041449167,0.06847321428571429,0.6898271690970863,0.018693142866570464,3925.9653712902823,23653.165371290284,2.6168813970994482,2.623108412075266,0.006227014975817902,0.002379555673680865,base
岡山,札幌,無機素材群,1134.0,0.588,13907.4,5819.8,6.0,14,4000.7519999999995,23727.952,10.074409041449167,0.06847321428571429,0.6898271690970863,0.007682405634391281,3970.0166002933975,23697.2166002934,8.124279216099042,8.130813180990051,0.006533964891008992,0.0008042516409408124,base
岡山,仙台,金属素材群,739.7,0.562,9176.7,3848.6,6.0,1,2494.2684000000004,15519.568400000002,9.649856984072175,0.04247321428571438,0.40986044351099493,0.02643700887486316,2428.3274041729096,15453.62740417291,0.5349462555287314,0.5372160117302827,0.002269756201551232,0.004242961191134696,base
岡山,仙台,化学・高分子素材群,739.7,0.562,9176.7,3848.6,6.0,5,2494.2684000000004,15519.568400000002,9.649856984072175,0.04247321428571438,0.40986044351099493,0.018693142866570464,2447.6426844512284,15472.942684451229,4.218128262733142,4.227588336679209,0.00946007394606685,0.0022427184184146123,base
岡山,仙台,無機素材群,739.7,0.562,9176.7,3848.6,6.0,20,2494.2684000000004,15519.568400000002,9.649856984072175,0.04247321428571438,0.40986044351099493,0.007682405634391281,2475.1064183901563,15500.406418390157,16.396966693823682,16.40950439543304,0.012537701609357299,0.0007646354257754229,base
岡山,名古屋,金属素材群,278.6,0.575,3642.7,1542.8,6.0,2,961.17,6146.67,8.723665750741677,0.05547321428571428,0.4839297795478396,0.02643700887486316,935.7595401797478,6121.259540179748,2.686783109858924,2.6979174856149104,0.011134375755986525,0.004144128982771208,base
岡山,名古屋,化学・高分子素材群,278.6,0.575,3642.7,1542.8,6.0,9,961.17,6146.67,8.723665750741677,0.05547321428571428,0.4839297795478396,0.018693142866570464,943.2027118709385,6128.702711870938,9.660182723165343,9.681378832798197,0.021196109632853677,0.002194172743961138,base
岡山,名古屋,無機素材群,278.6,0.575,3642.7,1542.8,6.0,28,961.17,6146.67,8.723665750741677,0.05547321428571428,0.4839297795478396,0.007682405634391281,953.7859021763921,6139.2859021763925,34.24988411018937,34.275396318816355,0.025512208626985,0.000744884524131721,base
岡山,広島,金属素材群,137.5,0.588,1949.5,837.3,6.0,4,485.09999999999997,3271.9,8.093126134908411,0.06847321428571429,0.5541623600768983,0.02643700887486316,472.27540699480386,3259.075406994804,2.1700484897416783,2.178606852897746,0.008558363156067728,0.003943858027378232,base
岡山,広島,化学・高分子素材群,137.5,0.588,1949.5,837.3,6.0,13,485.09999999999997,3271.9,8.093126134908411,0.06847321428571429,0.5541623600768983,0.018693142866570464,476.0319563954267,3262.831956395427,9.77168106906483,9.792120549234342,0.02043948016951269,0.0020917056159579298,base
岡山,広島,無機素材群,137.5,0.588,1949.5,837.3,6.0,44,485.09999999999997,3271.9,8.093126134908411,0.06847321428571429,0.5541623600768983,0.007682405634391281,481.37326502675677,3268.173265026757,46.87845834468287,46.91160655575689,0.033148211074021106,0.0007071096670946923,base
岡山,福岡,金属素材群,344.8,0.55,4437.2,1873.8,6.0,1,1137.8400000000001,7448.84,8.915813594552384,0.030473214285714367,0.2716934981982801,0.02643700887486316,1107.758913821826,7418.758913821826,1.8991851605413703,1.906814423384628,0.007629262843257711,0.0040171242919163075,base
岡山,福岡,化学・高分子素材群,344.8,0.55,4437.2,1873.8,6.0,7,1137.8400000000001,7448.84,8.915813594552384,0.030473214285714367,0.2716934981982801,0.018693142866570464,1116.5701943207016,7427.570194320701,7.799592894993212,7.816130166772786,0.016537271779574425,0.002120273712002352,base
岡山,福岡,無機素材群,344.8,0.55,4437.2,1873.8,6.0,26,1137.8400000000001,7448.84,8.915813594552384,0.030473214285714367,0.2716934981982801,0.007682405634391281,1129.0986515729644,7440.098651572965,28.45775737823387,28.478413781526832,0.02065640329296059,0.000725861951046072,base
広島県,東京,金属素材群,674.4,0.455,8393.1,3522.1,6.0,5,1841.1119999999999,13756.312,9.529253052306869,-0.06452678571428566,-0.6148920697234079,0.02643700887486316,1792.438505716383,13707.638505716384,3.454635501400523,3.466435520150511,0.011800018749987817,0.0034157058668574567,base
広島県,東京,化学・高分子素材群,674.4,0.455,8393.1,3522.1,6.0,6,1841.1119999999999,13756.312,9.529253052306869,-0.06452678571428566,-0.6148920697234079,0.018693142866570464,1806.6958303506426,13721.895830350644,6.2560642725479765,6.2672038306969915,0.011139558149015016,0.0017806016152832915,base
広島県,東京,無機素材群,674.4,0.455,8393.1,3522.1,6.0,21,1841.1119999999999,13756.312,9.529253052306869,-0.06452678571428566,-0.6148920697234079,0.007682405634391281,1826.9678307976544,13742.167830797654,16.867926859959542,16.878553813998376,0.010626954038833958,0.0006300094923970666,base
広島県,大阪,金属素材群,281.2,0.468,3674.1,1555.9,6.0,4,789.6096,6019.6096,8.702777685701644,-0.05152678571428565,-0.4484261609302154,0.02643700887486316,768.7346839971229,5998.734683997123,4.1413416396817375,4.155261397252076,0.013919757570338476,0.0033611710362075344,base
広島県,大阪,化学・高分子素材群,281.2,0.468,3674.1,1555.9,6.0,14,789.6096,6019.6096,8.702777685701644,-0.05152678571428565,-0.4484261609302154,0.018693142866570464,774.8493149383845,6004.849314938385,10.223631181668887,10.241577116832044,0.01794593516315679,0.0017553386702108445,base
広島県,大阪,無機素材群,281.2,0.468,3674.1,1555.9,6.0,22,789.6096,6019.6096,8.702777685701644,-0.05152678571428565,-0.4484261609302154,0.007682405634391281,783.5434987599906,6013.543498759991,23.14031507691633,23.154621476603143,0.01430639968681291,0.0006182456738060705,base
広島県,札幌,金属素材群,1234.1,0.568,15109.2,6320.5,6.0,0,4205.8128,25635.5128,10.151733887918642,0.04847321428571427,0.4920871721206276,0.02643700887486316,4094.6236896803866,25524.323689680386,0.41818464743510547,0.41999938382908886,0.001814736393983385,0.004339557669354656,base
広島県,札幌,化学・高分子素材群,1234.1,0.568,15109.2,6320.5,6.0,2,4205.8128,25635.5128,10.151733887918642,0.04847321428571427,0.4920871721206276,0.018693142866570464,4127.192940459549,25556.89294045955,1.7359897077563824,1.7399745707085348,0.00398486295215239,0.002295441576841192,base
広島県,札幌,無機素材群,1234.1,0.568,15109.2,6320.5,6.0,5,4205.8128,25635.5128,10.151733887918642,0.04847321428571427,0.4920871721206276,0.007682405634391281,4173.502040048084,25603.202040048083,3.9571640645593686,3.960254684566167,0.0030906200067981615,0.0007810189207159656,base
広島県,仙台,金属素材群,868.1,0.542,10717.6,4490.7,6.0,0,2823.0612,18031.3612,9.799867809742551,0.02247321428571436,0.2202345292600186,0.02643700887486316,2748.427906001318,17956.727906001317,0.5218122825964254,0.523955708131344,0.0021434255349185305,0.004107656347706702,base
広島県,仙台,化学・高分子素材群,868.1,0.542,10717.6,4490.7,6.0,2,2823.0612,18031.3612,9.799867809742551,0.02247321428571436,0.2202345292600186,0.018693142866570464,2770.2893136673283,17978.589313667326,2.6465433092233184,2.652275057152853,0.005731747929534681,0.002165748774848796,base
広島県,仙台,無機素材群,868.1,0.542,10717.6,4490.7,6.0,3,2823.0612,18031.3612,9.799867809742551,0.02247321428571436,0.2202345292600186,0.007682405634391281,2801.3732987308886,18009.673298730886,7.633111207481944,7.638785689682007,0.005674482200062947,0.0007434035802466552,base
広島県,名古屋,金属素材群,416.0,0.555,5292.1,2230.0,6.0,2,1385.2800000000002,8907.380000000001,9.094635425595813,0.03547321428571437,0.3226159513026094,0.02643700887486316,1348.6573403458299,8870.75734034583,2.0918445423864878,2.10041364217737,0.008569099790882273,0.004096432415147919,base
広島県,名古屋,化学・高分子素材群,416.0,0.555,5292.1,2230.0,6.0,2,1385.2800000000002,8907.380000000001,9.094635425595813,0.03547321428571437,0.3226159513026094,0.018693142866570464,1359.3847630497976,8881.484763049797,5.110443801697411,5.121500012641566,0.011056210944155431,0.0021634541682041706,base
広島県,名古屋,無機素材群,416.0,0.555,5292.1,2230.0,6.0,13,1385.2800000000002,8907.380000000001,9.094635425595813,0.03547321428571437,0.3226159513026094,0.007682405634391281,1374.6377171227907,8896.73771712279,13.89100624087306,13.901276985435965,0.010270744562905776,0.0007393808903983512,base
広島県,広島,金属素材群,5.0,0.398,360.0,175.0,6.0,22,11.940000000000001,546.94,6.304339107191786,-0.12152678571428566,-0.7661460677498871,0.02643700887486316,11.624342114034135,546.6243421140341,19.982322594400188,19.993224269349586,0.010901674949398199,0.0005455659570050814,base
広島県,広島,化学・高分子素材群,5.0,0.398,360.0,175.0,6.0,35,11.940000000000001,546.94,6.304339107191786,-0.12152678571428566,-0.7661460677498871,0.018693142866570464,11.71680387417315,546.7168038741731,36.35774752176563,36.36801664907688,0.010269127311246962,0.00028244674137470506,base
広島県,広島,無機素材群,5.0,0.398,360.0,175.0,6.0,81,11.940000000000001,546.94,6.304339107191786,-0.12152678571428566,-0.7661460677498871,0.007682405634391281,11.848272076725369,546.8482720767254,77.13659161768862,77.14446842401065,0.007876806322030916,0.00010211504237924666,base
広島県,福岡,金属素材群,209.0,0.53,2807.5,1194.8,6.0,1,664.6200000000001,4666.92,8.448254604170156,0.01047321428571435,0.0884803808097469,0.02643700887486316,647.0494351615886,4649.349435161589,3.389858792099064,3.40247311750063,0.012614325401566262,0.0037211949450423084,base
広島県,福岡,化学・高分子素材群,209.0,0.53,2807.5,1194.8,6.0,9,664.6200000000001,4666.92,8.448254604170156,0.01047321428571435,0.0884803808097469,0.018693142866570464,652.1961633880201,4654.49616338802,7.669580205339868,7.684606643844624,0.015026438504756712,0.0019592256815170544,base
広島県,福岡,無機素材群,209.0,0.53,2807.5,1194.8,6.0,17,664.6200000000001,4666.92,8.448254604170156,0.01047321428571435,0.0884803808097469,0.007682405634391281,659.514119567271,4661.8141195672715,19.373884932526,19.38696908403859,0.013084151512590125,0.0006753499134612746,base
福岡県,東京,金属素材群,881.0,0.415,10871.5,4554.8,6.0,5,2193.69,17619.989999999998,9.77678933195312,-0.1045267857142857,-1.0219363634747782,0.02643700887486316,2135.695398001302,17561.9953980013,4.044222664111363,4.056907840902327,0.01268517679096437,0.003136616809834254,base
福岡県,東京,化学・高分子素材群,881.0,0.415,10871.5,4554.8,6.0,6,2193.69,17619.989999999998,9.77678933195312,-0.1045267857142857,-1.0219363634747782,0.018693142866570464,2152.6830394250333,17578.98303942503,5.085514202240942,5.093784045569348,0.008269843328405635,0.0016261567659690169,base
福岡県,東京,無機素材群,881.0,0.415,10871.5,4554.8,6.0,15,2193.69,17619.989999999998,9.77678933195312,-0.1045267857142857,-1.0219363634747782,0.007682405634391281,2176.837183583892,17603.13718358389,17.395482911882993,17.405636906047224,0.010153994164230795,0.0005837144168785634,base
福岡県,大阪,金属素材群,485.1,0.427,6121.4,2575.6,6.0,2,1242.8262,9939.8262,9.2043048145883,-0.09252678571428569,-0.8516447392283797,0.02643700887486316,1209.9695927206876,9906.969592720689,3.774003308941749,3.785937433083043,0.0119341241412938,0.003162192283461509,base
福岡県,大阪,化学・高分子素材群,485.1,0.427,6121.4,2575.6,6.0,8,1242.8262,9939.8262,9.2043048145883,-0.09252678571428569,-0.8516447392283797,0.018693142866570464,1219.593872285083,9916.593872285082,6.89416124244467,6.905482743620464,0.011321501175793891,0.0016421868850545315,base
福岡県,大阪,無機素材群,485.1,0.427,6121.4,2575.6,6.0,20,1242.8262,9939.8262,9.2043048145883,-0.09252678571428569,-0.8516447392283797,0.007682405634391281,1233.278304998551,9930.278304998552,20.40246252075104,20.414437121730685,0.01197460097964509,0.00058691939600261,base
福岡県,札幌,金属素材群,1419.5,0.527,17333.9,7247.5,6.0,1,4488.459,29069.859,10.277457143179962,0.007473214285714347,0.07680563954322946,0.02643700887486316,4369.797569582541,28951.197569582542,0.5531059481485203,0.5553361184606115,0.002230170312091162,0.004032085208189292,base
福岡県,札幌,化学・高分子素材群,1419.5,0.527,17333.9,7247.5,6.0,3,4488.459,29069.859,10.277457143179962,0.007473214285714347,0.07680563954322946,0.018693142866570464,4404.555594662256,28985.955594662257,1.5466648336920754,1.54994658755719,0.003281753865114645,0.0021218261342896786,base
福岡県,札幌,無機素材群,1419.5,0.527,17333.9,7247.5,6.0,2,4488.459,29069.859,10.277457143179962,0.007473214285714347,0.07680563954322946,0.007682405634391281,4453.976837288666,29035.376837288666,4.401171846646859,4.404393757594023,0.003221910947163842,0.0007320575200031178,base
福岡県,仙台,金属素材群,1075.5,0.502,13206.2,5527.6,6.0,1,3239.406,21973.206000000002,9.997579080995541,-0.017526785714285675,-0.17522542621423395,0.02643700887486316,3153.765794828715,21887.56579482872,0.6392407922900283,0.6416823938066543,0.0024416015166259797,0.0038195333371625743,base
福岡県,仙台,化学・高分子素材群,1075.5,0.502,13206.2,5527.6,6.0,1,3239.406,21973.206000000002,9.997579080995541,-0.017526785714285675,-0.17522542621423395,0.018693142866570464,3178.8513208391746,21912.651320839177,2.2228671155453656,2.227320678536078,0.004453562990712534,0.0020035219197616686,base
福岡県,仙台,無機素材群,1075.5,0.502,13206.2,5527.6,6.0,7,3239.406,21973.206000000002,9.997579080995541,-0.017526785714285675,-0.17522542621423395,0.007682405634391281,3214.5195690935193,21948.31956909352,8.111575713553732,8.117231420396243,0.00565570684251071,0.0006972389881118314,base
福岡県,名古屋,金属素材群,622.4,0.515,7769.3,3262.2,6.0,1,1923.216,12954.716,9.469215170718096,-0.004526785714285664,-0.04286510796030376,0.02643700887486316,1872.3719215397211,12903.871921539721,2.134753713982353,2.1429978862152064,0.00824417223285323,0.00386188447822107,base
福岡県,名古屋,化学・高分子素材群,622.4,0.515,7769.3,3262.2,6.0,3,1923.216,12954.716,9.469215170718096,-0.004526785714285664,-0.04286510796030376,0.018693142866570464,1887.2650485487259,12918.765048548727,3.7356857745270187,3.7432662107732986,0.007580436246279909,0.0020291953616574402,base
福岡県,名古屋,無機素材群,622.4,0.515,7769.3,3262.2,6.0,15,1923.216,12954.716,9.469215170718096,-0.004526785714285664,-0.04286510796030376,0.007682405634391281,1908.4410745654484,12939.941074565448,13.2137994579096,13.223088974251418,0.009289516341818072,0.0007030162953061539,base
福岡県,広島,金属素材群,208.9,0.527,2807.4,1194.7,6.0,2,660.5418000000001,4662.6418,8.447337476358243,0.007473214285714347,0.06312876310457059,0.02643700887486316,643.079050571182,4645.179050571182,2.504399419409576,2.5136613517636763,0.00926193235410011,0.0036982648543672217,base
福岡県,広島,化学・高分子素材群,208.9,0.527,2807.4,1194.7,6.0,5,660.5418000000001,4662.6418,8.447337476358243,0.007473214285714347,0.06312876310457059,0.018693142866570464,648.1941977632584,4650.294197763259,4.9726799253757505,4.982358789057331,0.009678863681580552,0.0019464079383410523,base
福岡県,広島,無機素材群,208.9,0.527,2807.4,1194.7,6.0,21,660.5418000000001,4662.6418,8.447337476358243,0.007473214285714347,0.06312876310457059,0.007682405634391281,655.4672499539291,4657.56724995393,22.967748287354574,22.983173926231913,0.015425638877339054,0.0006716217316711015,base
福岡県,福岡,金属素材群,5.0,0.32,360.0,175.0,6.0,57,9.600000000000001,544.6,6.300051580239659,-0.19952678571428567,-1.2570290416394252,0.02643700887486316,9.346204714801315,544.3462047148013,55.350274153116096,55.374046089200576,0.02377193608447925,0.0004294818128401437,base
福岡県,福岡,化学・高分子素材群,5.0,0.32,360.0,175.0,6.0,47,9.600000000000001,544.6,6.300051580239659,-0.19952678571428567,-1.2570290416394252,0.018693142866570464,9.420545828480925,544.420545828481,48.54242690617304,48.553096494966915,0.01066958879387414,0.00021979924519425524,base
福岡県,福岡,無機素材群,5.0,0.32,360.0,175.0,6.0,99,9.600000000000001,544.6,6.300051580239659,-0.19952678571428567,-1.2570290416394252,0.007682405634391281,9.526248905909846,544.5262489059098,92.50775926190354,92.5153279557626,0.007568693859056452,8.181685427736206e-05,base
熊本,東京,金属素材群,885.5,0.535,10926.0,4577.5,6.0,4,2842.455,18345.955,9.817164393215835,0.015473214285714354,0.15190308833431354,0.02643700887486316,2767.3089919386007,18270.8089919386,1.6185542536027406,1.6251191970230117,0.00656494342027103,0.0040560539788259305,base
熊本,東京,化学・高分子素材群,885.5,0.535,10926.0,4577.5,6.0,4,2842.455,18345.955,9.817164393215835,0.015473214285714354,0.15190308833431354,0.018693142866570464,2789.3205825932023,18292.820582593202,3.5372160724380497,3.5447738487385063,0.00755777630045662,0.0021366453577282805,base
熊本,東京,無機素材群,885.5,0.535,10926.0,4577.5,6.0,15,2842.455,18345.955,9.817164393215835,0.015473214285714354,0.15190308833431354,0.007682405634391281,2820.6181076924963,18324.118107692495,12.910357908718042,12.919849155561451,0.009491246843408518,0.0007351652766341448,base
熊本,大阪,金属素材群,490.5,0.547,6186.2,2602.6,6.0,1,1609.8210000000004,10398.621,9.24942848018397,0.027473214285714365,0.25411153065648356,0.02643700887486316,1567.2621479360594,10356.062147936058,1.534663534086319,1.540906092354978,0.006242558268658938,0.0040677048291080445,base
熊本,大阪,化学・高分子素材群,490.5,0.547,6186.2,2602.6,6.0,5,1609.8210000000004,10398.621,9.24942848018397,0.027473214285714365,0.25411153065648356,0.018693142866570464,1579.728386057395,10368.528386057395,4.884193525575162,4.894675497614763,0.010481972039601217,0.002146100883331985,base
熊本,大阪,無機素材群,490.5,0.547,6186.2,2602.6,6.0,15,1609.8210000000004,10398.621,9.24942848018397,0.027473214285714365,0.25411153065648356,0.007682405634391281,1597.453702079239,10386.253702079239,15.159843778669355,15.170992794823972,0.011149016154616831,0.0007354308076910425,base
熊本,札幌,金属素材群,1471.6,0.648,17959.1,7507.9,6.0,0,5721.5808,31188.5808,10.347807306803226,0.12847321428571434,1.3294160655142115,0.02643700887486316,5570.319317612153,31037.319317612153,0.20988250510119222,0.21092627632741814,0.0010437712262259258,0.004973121631660936,base
熊本,札幌,化学・高分子素材群,1471.6,0.648,17959.1,7507.9,6.0,0,5721.5808,31188.5808,10.347807306803226,0.12847321428571434,1.3294160655142115,0.018693142866570464,5614.626472682973,31081.626472682972,1.0261854142380746,1.028910950771379,0.002725536533304318,0.0026559883774298068,base
熊本,札幌,無機素材群,1471.6,0.648,17959.1,7507.9,6.0,2,5721.5808,31188.5808,10.347807306803226,0.12847321428571434,1.3294160655142115,0.007682405634391281,5677.625295424455,31144.625295424456,3.1914572565428094,3.1942664681820663,0.002809211639256848,0.0008802285017283814,base
熊本,仙台,金属素材群,1101.1,0.623,13512.7,5655.3,6.0,0,4115.9118,23283.9118,10.055517920375518,0.10347321428571432,1.0404767605288565,0.02643700887486316,4007.099403215246,23175.099403215245,0.24829671436492906,0.2494775079853556,0.001180793620426529,0.004755574891301548,base
熊本,仙台,化学・高分子素材群,1101.1,0.623,13512.7,5655.3,6.0,1,4115.9118,23283.9118,10.055517920375518,0.10347321428571432,1.0404767605288565,0.018693142866570464,4038.972472696397,23206.972472696398,1.5060123399422805,1.5098260951770224,0.0038137552347419224,0.0025323532441228792,base
熊本,仙台,無機素材群,1101.1,0.623,13512.7,5655.3,6.0,5,4115.9118,23283.9118,10.055517920375518,0.10347321428571432,1.0404767605288565,0.007682405634391281,4084.2916959970225,23252.291695997024,5.94035422655076,5.9453803061792145,0.005026079628454916,0.0008460908957231136,base
熊本,名古屋,金属素材群,629.5,0.635,7854.5,3297.7,6.0,2,2398.395,13550.595000000001,9.514185736782883,0.11547321428571433,1.0986336083376167,0.02643700887486316,2334.9886100995727,13487.188610099573,0.8588732578966992,0.8629776055449333,0.004104347648234086,0.004778758228292323,base
熊本,名古屋,化学・高分子素材群,629.5,0.635,7854.5,3297.7,6.0,4,2398.395,13550.595000000001,9.514185736782883,0.11547321428571433,1.0986336083376167,0.018693142866570464,2353.561459614532,13505.761459614532,2.616659464639147,2.6233277177319145,0.006668253092767529,0.002548383992216244,base
熊本,名古屋,無機素材群,629.5,0.635,7854.5,3297.7,6.0,10,2398.395,13550.595000000001,9.514185736782883,0.11547321428571433,1.0986336083376167,0.007682405634391281,2379.9695567385043,13532.169556738505,9.798189806517248,9.8065001699254,0.008310363408151389,0.0008481529315367789,base
熊本,広島,金属素材群,239.0,0.648,3168.6,1345.2,6.0,0,929.2320000000001,5443.032,8.602091537527702,0.12847321428571434,1.1051383494061264,0.02643700887486316,904.6658853691932,5418.4658853691935,0.9322994857959493,0.9366126799658947,0.004313194169945356,0.004626404106898088,base
熊本,広島,化学・高分子素材群,239.0,0.648,3168.6,1345.2,6.0,2,929.2320000000001,5443.032,8.602091537527702,0.12847321428571434,1.1051383494061264,0.018693142866570464,911.8617334678111,5425.661733467811,3.318864670765287,3.327066046048621,0.008201375283334311,0.002471138807067774,base
熊本,広島,無機素材群,239.0,0.648,3168.6,1345.2,6.0,17,929.2320000000001,5443.032,8.602091537527702,0.12847321428571434,1.1051383494061264,0.007682405634391281,922.0932628475434,5435.893262847543,16.012672079346743,16.02578766086629,0.013115581519546282,0.0008190751334040526,base
熊本,福岡,金属素材群,92.0,0.51,1404.5,610.2,6.0,4,281.52,2296.2200000000003,7.739019571664459,-0.009526785714285668,-0.07372798109791015,0.02643700887486316,274.0774532615485,2288.7774532615485,5.5974302491519525,5.615242424184052,0.017812175032099198,0.003182205805029524,base
熊本,福岡,化学・高分子素材群,92.0,0.51,1404.5,610.2,6.0,13,281.52,2296.2200000000003,7.739019571664459,-0.009526785714285668,-0.07372798109791015,0.018693142866570464,276.2575064202031,2290.957506420203,12.11086851240157,12.131110600214761,0.020242087813191034,0.001671398528723441,base
熊本,福岡,無機素材群,92.0,0.51,1404.5,610.2,6.0,28,281.52,2296.2200000000003,7.739019571664459,-0.009526785714285668,-0.07372798109791015,0.007682405634391281,279.35724916580614,2294.0572491658063,28.987124943657548,29.003943312373277,0.016818368715728838,0.0005802013393331972,base
北海道,東京,金属素材群,832.2,0.615,10286.7,4311.1,6.0,1,3070.818,17668.618000000002,9.779545350596873,0.09547321428571431,0.9336846288743964,0.03010271820155014,2978.3780310977522,17576.178031097752,1.0063825003188465,1.0117306644673227,0.005348164148476275,0.00531424597186641,high
北海道,東京,化学・高分子素材群,832.2,0.615,10286.7,4311.1,6.0,1,3070.818,17668.618000000002,9.779545350596873,0.09547321428571431,0.9336846288743964,0.021576705367798998,3004.5598647758666,17602.359864775866,2.0100041751807947,2.015763512752122,0.005759337571327183,0.002865336123398423,high
北海道,東京,無機素材群,832.2,0.615,10286.7,4311.1,6.0,25,3070.818,17668.618000000002,9.779545350596873,0.09547321428571431,0.9336846288743964,0.00898933785077963,3043.213379519745,17641.013379519747,24.286614972238688,24.310241037084324,0.023626064845636563,0.0009728018858388796,high
北海道,大阪,金属素材群,1058.7,0.627,13004.3,5443.5,6.0,0,3982.8293999999996,22430.629399999998,10.018182687753642,0.10747321428571432,1.0766862947543807,0.03010271820155014,3862.9354089269505,22310.73540892695,0.4271266440792926,0.4294542432315155,0.0023275991522229145,0.005449435628723772,high
北海道,大阪,化学・高分子素材群,1058.7,0.627,13004.3,5443.5,6.0,1,3982.8293999999996,22430.629399999998,10.018182687753642,0.10747321428571432,1.0766862947543807,0.021576705367798998,3896.893063505992,22344.69306350599,1.519409175154545,1.5238798671102736,0.0044706919557284674,0.0029423884157299073,high
北海道,大阪,無機素材群,1058.7,0.627,13004.3,5443.5,6.0,19,3982.8293999999996,22430.629399999998,10.018182687753642,0.10747321428571432,1.0766862947543807,0.00898933785077963,3947.026400921382,22394.82640092138,17.309786462154953,17.32701036317193,0.01722390101697613,0.000995038330174286,high
北海道,札幌,金属素材群,5.0,0.557,360.0,175.0,6.0,11,16.71,551.71,6.313022545907119,0.037473214285714374,0.23656924665332357,0.03010271820155014,16.206983578852096,551.2069835788521,11.633953681062039,11.64449467558933,0.010540994527291403,0.0009060543660621776,high
北海道,札幌,化学・高分子素材群,5.0,0.557,360.0,175.0,6.0,23,16.71,551.71,6.313022545907119,0.037473214285714374,0.23656924665332357,0.021576705367798998,16.34945325330408,551.3494532533041,19.766731889042802,19.776334401192322,0.009602512149520237,0.00048579159182318606,high
北海道,札幌,無機素材群,5.0,0.557,360.0,175.0,6.0,81,16.71,551.71,6.313022545907119,0.037473214285714374,0.23656924665332357,0.00898933785077963,16.559788164513474,551.5597881645135,78.88478752113835,78.89807156163957,0.013284040501218897,0.0001683980006621586,high
北海道,仙台,金属素材群,534.8,0.703,6717.7,2824.0,6.0,1,2255.7864,11797.486400000002,9.37564177081327,0.18347321428571428,1.720179131682517,0.03010271820155014,2187.8810976779105,11729.58109767791,0.2990825768364638,0.3008783237040846,0.001795746867620851,0.006004184150796429,high
北海道,仙台,化学・高分子素材群,534.8,0.703,6717.7,2824.0,6.0,1,2255.7864,11797.486400000002,9.37564177081327,0.18347321428571428,1.720179131682517,0.021576705367798998,2207.113961474512,11748.813961474512,1.4140558985539424,1.418680638686546,0.004624740132603611,0.0032705497267349996,high
北海道,仙台,無機素材群,534.8,0.703,6717.7,2824.0,6.0,14,2255.7864,11797.486400000002,9.37564177081327,0.18347321428571428,1.720179131682517,0.00898933785077963,2235.5083739312063,11777.208373931207,16.701776818186197,16.719806466275223,0.018029648089026296,0.0010795047907354509,high
北海道,名古屋,金属素材群,956.2,0.715,11774.2,4930.9,6.0,1,4102.098,20807.197999999997,9.943054263517563,0.1954732142857143,1.9436007767070538,0.03010271820155014,3978.613699870857,20683.713699870856,0.331447613483618,0.33350707838852767,0.002059464904909658,0.006213545734313903,high
北海道,名古屋,化学・高分子素材群,956.2,0.715,11774.2,4930.9,6.0,0,4102.098,20807.197999999997,9.943054263517563,0.1954732142857143,1.9436007767070538,0.021576705367798998,4013.5882400641626,20718.688240064163,1.0360881461821845,1.0395994474833006,0.0035113013011160987,0.0033889986233841883,high
北海道,名古屋,無機素材群,956.2,0.715,11774.2,4930.9,6.0,13,4102.098,20807.197999999997,9.943054263517563,0.1954732142857143,1.9436007767070538,0.00898933785077963,4065.2228551809926,20770.32285518099,13.775320244576688,13.790670995148568,0.015350750571879956,0.0011143661489774446,high
北海道,広島,金属素材群,1233.9,0.727,15106.7,6319.5,6.0,0,5382.2718,26808.4718,10.196473228486393,0.2074732142857143,2.1154950750923067,0.03010271820155014,5220.25078872045,26646.450788720453,0.10901637874057551,0.10970868422215029,0.0006923054815747703,0.0063504721911763215,high
北海道,広島,化学・高分子素材群,1233.9,0.727,15106.7,6319.5,6.0,0,5382.2718,26808.4718,10.196473228486393,0.2074732142857143,2.1154950750923067,0.021576705367798998,5266.1401071619875,26692.34010716199,0.531634482126005,0.5334783200197947,0.0018438378937897237,0.0034682436068033447,high
北海道,広島,無機素材群,1233.9,0.727,15106.7,6319.5,6.0,10,5382.2718,26808.4718,10.196473228486393,0.2074732142857143,2.1154950750923067,0.00898933785077963,5333.888740385077,26760.08874038508,10.870065103648178,10.882415265304433,0.012350161656254244,0.0011361626207840576,high
北海道,福岡,金属素材群,1419.3,0.69,17331.1,7246.3,6.0,0,5875.901999999999,30453.301999999996,10.323949707324525,0.17047321428571427,1.759956890731671,0.03010271820155014,5699.021377914074,30276.42137791407,0.1929906054791982,0.1941555101685442,0.001164904689346019,0.006036069405832193,high
北海道,福岡,化学・高分子素材群,1419.3,0.69,17331.1,7246.3,6.0,1,5875.901999999999,30453.301999999996,10.323949707324525,0.17047321428571427,1.759956890731671,0.021576705367798998,5749.119393775938,30326.519393775936,0.7220762337603556,0.7244467637607829,0.0023705300004273067,0.0032829359139578663,high
北海道,福岡,無機素材群,1419.3,0.69,17331.1,7246.3,6.0,10,5875.901999999999,30453.301999999996,10.323949707324525,0.17047321428571427,1.759956890731671,0.00898933785077963,5823.081531743927,30400.481531743924,10.171648878064488,10.182715377842642,0.011066499778154437,0.0010879750088522743,high
青森,東京,金属素材群,578.2,0.595,7238.9,3041.2,6.0,1,2064.174,12344.273999999998,9.420947590815441,0.0754732142857143,0.7110291962960976,0.03010271820155014,2002.0367517590332,12282.136751759032,1.4190166450163473,1.4262270055625013,0.007210360546153982,0.005081237469255279,high
青森,東京,化学・高分子素材群,578.2,0.595,7238.9,3041.2,6.0,5,2064.174,12344.273999999998,9.420947590815441,0.0754732142857143,0.7110291962960976,0.021576705367798998,2019.635925774129,12299.735925774128,4.319848144721092,4.331655069768249,0.01180692504715708,0.002733180577559257,high
青森,東京,無機素材群,578.2,0.595,7238.9,3041.2,6.0,45,2064.174,12344.273999999998,9.420947590815441,0.0754732142857143,0.7110291962960976,0.00898933785077963,2045.618442531205,12325.718442531204,29.25365820142929,29.28098384921382,0.027325647784529394,0.0009340933566795521,high
青森,大阪,金属素材群,822.2,0.608,10167.0,4261.2,6.0,0,2999.3856,17427.585600000002,9.765809609125855,0.08847321428571431,0.8640125662216797,0.03010271820155014,2909.0959405054127,17337.295940505413,0.5409901880912173,0.5438309764788954,0.002840788387678095,0.005251090408314585,high
青森,大阪,化学・高分子素材群,822.2,0.608,10167.0,4261.2,6.0,3,2999.3856,17427.585600000002,9.765809609125855,0.08847321428571431,0.8640125662216797,0.021576705367798998,2934.668740624381,17362.86874062438,3.0118674132073022,3.0203877303657,0.008520317158397628,0.0028289150847196297,high
青森,大阪,無機素材群,822.2,0.608,10167.0,4261.2,6.0,11,2999.3856,17427.585600000002,9.765809609125855,0.08847321428571431,0.8640125662216797,0.00898933785077963,2972.423109496837,17400.62310949684,19.51734869590179,19.536137050067996,0.018788354166204613,0.0009626488955515638,high
青森,札幌,金属素材群,253.9,0.708,3347.2,1419.7,6.0,2,1078.5672,5845.467199999999,8.673421802277252,0.18847321428571429,1.6347076859309868,0.03010271820155014,1046.099395516965,5812.999395516965,0.6966670811983697,0.7007085925940127,0.004041511395643016,0.005801209077786512,high
青森,札幌,化学・高分子素材群,253.9,0.708,3347.2,1419.7,6.0,1,1078.5672,5845.467199999999,8.673421802277252,0.18847321428571429,1.6347076859309868,0.021576705367798998,1055.295273306228,5822.195273306228,3.460585685851758,3.471528186844465,0.010942500992706883,0.0031620372925439044,high
青森,札幌,無機素材群,253.9,0.708,3347.2,1419.7,6.0,11,1078.5672,5845.467199999999,8.673421802277252,0.18847321428571429,1.6347076859309868,0.00898933785077963,1068.8715950444305,5835.77159504443,16.138967327185615,16.155786596015865,0.016819268830250422,0.0010421527281933868,high
青森,仙台,金属素材群,284.4,0.683,3713.3,1572.2,6.0,0,1165.4712,6450.9712,8.771985972098156,0.16347321428571437,1.4339847425280823,0.03010271820155014,1130.3873488943775,6415.887348894377,0.5467928296652603,0.5498757033492451,0.0030828736839847437,0.005638101885630139,high
青森,仙台,化学・高分子素材群,284.4,0.683,3713.3,1572.2,6.0,6,1165.4712,6450.9712,8.771985972098156,0.16347321428571437,1.4339847425280823,0.021576705367798998,1140.324171302945,6425.824171302945,3.7100956145667188,3.7214649409298253,0.011369326363106502,0.003064429476822058,high
青森,仙台,無機素材群,284.4,0.683,3713.3,1572.2,6.0,25,1165.4712,6450.9712,8.771985972098156,0.16347321428571437,1.4339847425280823,0.00898933785077963,1154.9943856278464,6440.494385627846,23.4860048101647,23.50991223089921,0.0239074207345098,0.0010179432784652549,high
青森,名古屋,金属素材群,711.5,0.695,8838.0,3707.5,6.0,0,2966.955,15512.455,9.649398528622273,0.17547321428571427,1.6932109757411922,0.03010271820155014,2877.6415897183197,15423.14158971832,0.44218025224841573,0.4448297189938162,0.002649466745400453,0.005991825125451304,high
青森,名古屋,化学・高分子素材群,711.5,0.695,8838.0,3707.5,6.0,2,2966.955,15512.455,9.649398528622273,0.17547321428571427,1.6932109757411922,0.021576705367798998,2902.937886125482,15448.43788612548,2.1424980463432948,2.1494843392821767,0.006986292938881977,0.003260816480465792,high
青森,名古屋,無機素材群,711.5,0.695,8838.0,3707.5,6.0,15,2966.955,15512.455,9.649398528622273,0.17547321428571427,1.6932109757411922,0.00898933785077963,2940.28403911694,15485.784039116941,15.968480021600806,15.98570966460494,0.017229643004133877,0.0010789782735004883,high
青森,広島,金属素材群,1021.5,0.708,12557.5,5257.3,6.0,0,4339.332,22154.131999999998,10.005779304351083,0.18847321428571429,1.885821386924527,0.03010271820155014,4208.706311621031,22023.50631162103,0.13063675640041006,0.13144153473032427,0.000804778329914213,0.006160427984353161,high
青森,広島,化学・高分子素材群,1021.5,0.708,12557.5,5257.3,6.0,0,4339.332,22154.131999999998,10.005779304351083,0.18847321428571429,1.885821386924527,0.021576705367798998,4245.703511942938,22060.503511942938,1.0128977585098202,1.0162984595650228,0.0034007010552026262,0.0033573981447108277,high
青森,広島,無機素材群,1021.5,0.708,12557.5,5257.3,6.0,13,4339.332,22154.131999999998,10.005779304351083,0.18847321428571429,1.885821386924527,0.00898933785077963,4300.3242786053015,22115.1242786053,11.81142239943794,11.824490421708187,0.013068022270246615,0.0011063885303829683,high
青森,福岡,金属素材群,1217.2,0.67,14905.8,6235.8,6.0,1,4893.144,26034.744,10.167187232631429,0.15047321428571436,1.5298893431387282,0.03010271820155014,4745.847065048394,25887.447065048393,0.22371624738389626,0.2250236868323401,0.0013074394484438312,0.0058441863911666185,high
青森,福岡,化学・高分子素材群,1217.2,0.67,14905.8,6235.8,6.0,2,4893.144,26034.744,10.167187232631429,0.15047321428571436,1.5298893431387282,0.021576705367798998,4787.566073589787,25929.166073589786,1.3422073368000755,1.3464639587828289,0.004256621982753339,0.0031713594956956875,high
青森,福岡,無機素材群,1217.2,0.67,14905.8,6235.8,6.0,7,4893.144,26034.744,10.167187232631429,0.15047321428571436,1.5298893431387282,0.00898933785077963,4849.157875431485,25990.75787543148,10.824118544283824,10.835567176803982,0.011448632520158597,0.0010576965203512648,high
宮城,東京,金属素材群,305.4,0.455,3964.3,1676.8,6.0,4,833.742,6474.842000000001,8.775679484725615,-0.06452678571428566,-0.5662663896081426,0.03010271820155014,808.6440995212031,6449.744099521204,3.974002006245134,3.988877478845724,0.014875472600589745,0.003743197053552811,high
宮城,東京,化学・高分子素材群,305.4,0.455,3964.3,1676.8,6.0,12,833.742,6474.842000000001,8.775679484725615,-0.06452678571428566,-0.5662663896081426,0.021576705367798998,815.7525945132405,6456.852594513241,12.871229461507996,12.896687026372009,0.02545756486401274,0.0019778658239404993,high
宮城,東京,無機素材群,305.4,0.455,3964.3,1676.8,6.0,28,833.742,6474.842000000001,8.775679484725615,-0.06452678571428566,-0.5662663896081426,0.00898933785077963,826.2472114816153,6467.347211481616,32.650709460737566,32.67386952823437,0.02316006749680355,0.000709328154864552,high
宮城,大阪,金属素材群,623.1,0.468,7777.3,3265.6,6.0,3,1749.6648000000002,12792.5648,9.456619406134465,-0.05152678571428565,-0.4872692017214458,0.03010271820155014,1696.9951335784285,12739.895133578428,1.1140066135240982,1.1184550069150656,0.0044483933909673645,0.003993148098910399,high
宮城,大阪,化学・高分子素材群,623.1,0.468,7777.3,3265.6,6.0,7,1749.6648000000002,12792.5648,9.456619406134465,-0.05152678571428565,-0.4872692017214458,0.021576705367798998,1711.9127981179913,12754.812798117991,7.188224111620422,7.203416453803404,0.015192342182981378,0.0021135042462604313,high
宮城,大阪,無機素材群,623.1,0.468,7777.3,3265.6,6.0,25,1749.6648000000002,12792.5648,9.456619406134465,-0.05152678571428565,-0.4872692017214458,0.00898933785077963,1733.9364719871835,12776.836471987182,17.78864482756083,17.80206522296348,0.013420395402651053,0.0007544360760892908,high
宮城,札幌,金属素材群,534.5,0.568,6714.1,2822.5,6.0,0,1821.5759999999996,11358.176,9.337693116003182,0.04847321428571427,0.45262799934626124,0.03010271820155014,1766.7416109892927,11303.341610989293,0.5242513360005489,0.5267848467160725,0.002533510715523657,0.004832626149990402,high
宮城,札幌,化学・高分子素材群,534.5,0.568,6714.1,2822.5,6.0,5,1821.5759999999996,11358.176,9.337693116003182,0.04847321428571427,0.45262799934626124,0.021576705367798998,1782.2723913429459,11318.872391342946,3.840083512822394,3.8500327597230264,0.009949246900632591,0.002590893366618496,high
宮城,札幌,無機素材群,534.5,0.568,6714.1,2822.5,6.0,14,1821.5759999999996,11358.176,9.337693116003182,0.04847321428571427,0.45262799934626124,0.00898933785077963,1805.2012379151279,11341.801237915128,7.992793463769194,7.999934894047575,0.007141430278380767,0.0008934836500845918,high
宮城,仙台,金属素材群,5.0,0.372,360.0,175.0,6.0,11,11.16,546.16,6.3029119731100245,-0.14752678571428568,-0.9298483440330081,0.03010271820155014,10.8240536648707,545.8240536648707,12.741466642983372,12.748813892795622,0.007347249812250212,0.0005766408230795224,high
宮城,仙台,化学・高分子素材群,5.0,0.372,360.0,175.0,6.0,59,11.16,546.16,6.3029119731100245,-0.14752678571428568,-0.9298483440330081,0.021576705367798998,10.919203968095363,545.9192039680954,59.42219859483799,59.440113235012674,0.01791464017468769,0.0003014806014977025,high
宮城,仙台,無機素材群,5.0,0.372,360.0,175.0,6.0,77,11.16,546.16,6.3029119731100245,-0.14752678571428568,-0.9298483440330081,0.00898933785077963,11.059678989585299,546.0596789895853,86.08886746603702,86.09847105951775,0.009603593480733252,0.00011155441770124311,high
宮城,名古屋,金属素材群,492.6,0.555,6211.2,2613.0,6.0,1,1640.3580000000002,10464.558,9.255749397963289,0.03547321428571437,0.32833118176882353,0.03010271820155014,1590.9787653763417,10415.178765376342,0.9933134171583601,0.9979862421125179,0.004672824954157773,0.004704280515535212,high
宮城,名古屋,化学・高分子素材群,492.6,0.555,6211.2,2613.0,6.0,8,1640.3580000000002,10464.558,9.255749397963289,0.03547321428571437,0.32833118176882353,0.021576705367798998,1604.9644787362881,10429.16447873629,5.462754869713236,5.476510251873048,0.01375538215981198,0.002518030277374328,high
宮城,名古屋,無機素材群,492.6,0.555,6211.2,2613.0,6.0,24,1640.3580000000002,10464.558,9.255749397963289,0.03547321428571437,0.32833118176882353,0.00898933785077963,1625.6122677417711,10449.812267741772,15.344062202668583,15.35744492969154,0.013382727022957397,0.0008721762754995819,high
宮城,広島,金属素材群,868.4,0.568,10720.5,4491.9,6.0,0,2959.5071999999996,18171.907199999998,9.807632120108606,0.04847321428571427,0.4754074533934786,0.03010271820155014,2870.417988742941,18082.81798874294,0.24558194425284002,0.24678723665232025,0.0012052923994802234,0.0049079031569165725,high
宮城,広島,化学・高分子素材群,868.4,0.568,10720.5,4491.9,6.0,1,2959.5071999999996,18171.907199999998,9.807632120108606,0.04847321428571427,0.4754074533934786,0.021576705367798998,2895.65078511172,18108.050785111718,2.2716803629546622,2.2776575570917856,0.005977194137123387,0.0026311774467025575,high
宮城,広島,無機素材群,868.4,0.568,10720.5,4491.9,6.0,5,2959.5071999999996,18171.907199999998,9.807632120108606,0.04847321428571427,0.4754074533934786,0.00898933785077963,2932.903189907385,18145.303189907383,10.089248212740616,10.09840268835904,0.009154475618423419,0.0009073496285742308,high
宮城,福岡,金属素材群,1075.8,0.53,13209.3,5528.9,6.0,1,3421.044,22159.244,10.006010024755806,0.01047321428571435,0.1047950871342735,0.03010271820155014,3318.061276512896,22056.261276512894,0.40737803983571647,0.4092509460361527,0.0018729062004362307,0.004597464804905828,high
宮城,福岡,化学・高分子素材群,1075.8,0.53,13209.3,5528.9,6.0,2,3421.044,22159.244,10.006010024755806,0.01047321428571435,0.1047950871342735,0.021576705367798998,3347.2291415617233,22085.42914156172,2.943829086542071,2.9510503501369216,0.0072212635948507575,0.002453017271914083,high
宮城,福岡,無機素材群,1075.8,0.53,13209.3,5528.9,6.0,6,3421.044,22159.244,10.006010024755806,0.01047321428571435,0.1047950871342735,0.00898933785077963,3390.2910796816172,22128.491079681615,9.045674366492094,9.053425481607107,0.007751115115013363,0.000856886374743472,high
埼玉,東京,金属素材群,19.6,0.185,535.2,248.0,6.0,76,21.756,804.956,6.690787617539646,-0.3345267857142857,-2.2382476755924814,0.03010271820155014,21.101085262807075,804.3010852628071,75.12403572738845,75.17788486623905,0.053849138850608824,0.0007168030621520071,high
埼玉,東京,化学・高分子素材群,19.6,0.185,535.2,248.0,6.0,74,21.756,804.956,6.690787617539646,-0.3345267857142857,-2.2382476755924814,0.021576705367798998,21.286577198018165,804.4865771980183,77.99090111547147,78.01927307994094,0.028371964469471322,0.000363785570671436,high
埼玉,東京,無機素材群,19.6,0.185,535.2,248.0,6.0,119,21.756,804.956,6.690787617539646,-0.3345267857142857,-2.2382476755924814,0.00898933785077963,21.56042796571844,804.7604279657185,113.51133266541892,113.52777173992008,0.01643907450116444,0.0001448232006016487,high
埼玉,大阪,金属素材群,397.9,0.368,5074.2,2139.3,6.0,7,878.5632,8092.0632000000005,8.998639008440033,-0.15152678571428568,-1.3635348447521052,0.03010271820155014,852.1160595681479,8065.616059568148,3.352843139361465,3.3631290820990727,0.010285942737607634,0.0030678270083242093,high
埼玉,大阪,化学・高分子素材群,397.9,0.368,5074.2,2139.3,6.0,10,878.5632,8092.0632000000005,8.998639008440033,-0.15152678571428568,-1.3635348447521052,0.021576705367798998,859.6067006866094,8073.10670068661,10.27257610564429,10.289026906562162,0.016450800917871433,0.0016014289647202033,high
埼玉,大阪,無機素材群,397.9,0.368,5074.2,2139.3,6.0,20,878.5632,8092.0632000000005,8.998639008440033,-0.15152678571428568,-1.3635348447521052,0.00898933785077963,870.665498571938,8084.165498571938,21.63492290301114,21.64774962934506,0.01282672633391968,0.0005928713678075765,high
埼玉,札幌,金属素材群,813.9,0.468,10066.7,4219.5,6.0,0,2285.4312,16571.6312,9.715447548544638,-0.05152678571428565,-0.5006057839522414,0.03010271820155014,2216.6335086173694,16502.83350861737,0.7110905663574763,0.7139538258669529,0.0028632595094766344,0.004026575017221125,high
埼玉,札幌,化学・高分子素材群,813.9,0.468,10066.7,4219.5,6.0,2,2285.4312,16571.6312,9.715447548544638,-0.05152678571428565,-0.5006057839522414,0.021576705367798998,2236.1191243592248,16522.319124359226,3.0538157777589636,3.0603239765126076,0.006508198753643946,0.0021311694048617344,high
埼玉,札幌,無機素材群,813.9,0.468,10066.7,4219.5,6.0,6,2285.4312,16571.6312,9.715447548544638,-0.05152678571428565,-0.5006057839522414,0.00898933785077963,2264.8866868084874,16551.08668680849,5.835840435654884,5.840279946426102,0.004439510771217847,0.000760732035114263,high
埼玉,仙台,金属素材群,288.8,0.443,3765.3,1593.9,6.0,1,767.6304,6126.830400000001,8.720432831585232,-0.07652678571428567,-0.6673466946385445,0.03010271820155014,744.5226383858568,6103.722638385858,1.6159222748138964,1.6217848395695238,0.0058625647556274085,0.003627999221870119,high
埼玉,仙台,化学・高分子素材群,288.8,0.443,3765.3,1593.9,6.0,9,767.6304,6126.830400000001,8.720432831585232,-0.07652678571428567,-0.6673466946385445,0.021576705367798998,751.0674650278344,6110.267465027835,7.20234849013858,7.216133034762764,0.013784544624184214,0.0019138958137138108,high
埼玉,仙台,無機素材群,288.8,0.443,3765.3,1593.9,6.0,19,767.6304,6126.830400000001,8.720432831585232,-0.07652678571428567,-0.6673466946385445,0.00898933785077963,760.729910989871,6119.929910989872,16.624987753527588,16.63644811145409,0.01146035792650224,0.0006893453454767517,high
埼玉,名古屋,金属素材群,259.1,0.455,3409.7,1445.7,6.0,2,707.3430000000001,5562.7429999999995,8.623846610913574,-0.06452678571428566,-0.5564691022952889,0.03010271820155014,686.0500529991609,5541.45005299916,3.555256947698121,3.5683980418464394,0.013141094148318544,0.0036962431525031825,high
埼玉,名古屋,化学・高分子素材群,259.1,0.455,3409.7,1445.7,6.0,12,707.3430000000001,5562.7429999999995,8.623846610913574,-0.06452678571428566,-0.5564691022952889,0.021576705367798998,692.080868495025,5547.480868495025,8.889295590227666,8.906657192610217,0.017361602382550245,0.001953090906509679,high
埼玉,名古屋,無機素材群,259.1,0.455,3409.7,1445.7,6.0,16,707.3430000000001,5562.7429999999995,8.623846610913574,-0.06452678571428566,-0.5564691022952889,0.00898933785077963,700.9844547966161,5556.3844547966155,20.78323872392789,20.797796462444058,0.014557738516167262,0.0007004557234579052,high
埼玉,広島,金属素材群,674.0,0.468,8388.5,3520.2,6.0,0,1892.592,13801.292000000001,9.532517489951324,-0.05152678571428565,-0.491179986022402,0.03010271820155014,1835.6198363534918,13744.319836353492,0.6347977764434758,0.6373393078438243,0.002541531400348518,0.00400368667733483,high
埼玉,広島,化学・高分子素材群,674.0,0.468,8388.5,3520.2,6.0,2,1892.592,13801.292000000001,9.532517489951324,-0.05152678571428565,-0.491179986022402,0.021576705367798998,1851.7561000345468,13760.456100034547,2.9238200011256006,2.930015790984181,0.0061957898585802695,0.0021190736284022404,high
埼玉,広島,無機素材群,674.0,0.468,8388.5,3520.2,6.0,13,1892.592,13801.292000000001,9.532517489951324,-0.05152678571428565,-0.491179986022402,0.00898933785077963,1875.5788510983175,13784.27885109832,11.023101794050001,11.031439900303242,0.008338106253241051,0.000756421051807918,high
埼玉,福岡,金属素材群,881.3,0.43,10875.9,4556.6,6.0,0,2273.754,17706.254,9.781673189487732,-0.08952678571428568,-0.8757217595624416,0.03010271820155014,2205.3078240783525,17637.80782407835,1.0060535679360265,1.0097795453858802,0.0037259774498537013,0.003703557711641286,high
埼玉,福岡,化学・高分子素材群,881.3,0.43,10875.9,4556.6,6.0,5,2273.754,17706.254,9.781673189487732,-0.08952678571428568,-0.8757217595624416,0.021576705367798998,2224.6938798631454,17657.193879863145,3.66724291963003,3.674394588815895,0.007151669185865295,0.0019501487473283586,high
埼玉,福岡,無機素材群,881.3,0.43,10875.9,4556.6,6.0,6,2273.754,17706.254,9.781673189487732,-0.08952678571428568,-0.8757217595624416,0.00898933785077963,2253.3144571044386,17685.81445710444,9.586575724413926,9.593340509727575,0.006764785313649213,0.0007056518936601606,high
千葉,東京,金属素材群,38.6,0.275,762.9,342.9,6.0,84,63.69000000000001,1169.49,7.064323035325001,-0.24452678571428565,-1.7274162050754085,0.03010271820155014,61.77275787774328,1167.5727578777432,81.56613644528386,81.68768502110163,0.12154857581776923,0.0014901842984717851,high
千葉,東京,化学・高分子素材群,38.6,0.275,762.9,342.9,6.0,42,63.69000000000001,1169.49,7.064323035325001,-0.24452678571428565,-1.7274162050754085,0.021576705367798998,62.3157796351249,1168.115779635125,48.7737281406724,48.81115532659353,0.03742718592113192,0.0007673636473550892,high
千葉,東京,無機素材群,38.6,0.275,762.9,342.9,6.0,162,63.69000000000001,1169.49,7.064323035325001,-0.24452678571428565,-1.7274162050754085,0.00898933785077963,63.11746907228386,1168.917469072284,172.01153780315934,172.06219977594404,0.05066197278469531,0.00029452659648139485,high
千葉,大阪,金属素材群,430.7,0.387,5468.5,2303.5,6.0,3,1000.0854,8772.0854,9.079329845012504,-0.13252678571428567,-1.2032544007992907,0.03010271820155014,969.9801110263154,8741.980111026316,5.395370499709853,5.412861111195415,0.01749061148556219,0.003241781354311587,high
千葉,大阪,化学・高分子素材群,430.7,0.387,5468.5,2303.5,6.0,8,1000.0854,8772.0854,9.079329845012504,-0.13252678571428567,-1.2032544007992907,0.021576705367798998,978.5068519815627,8750.506851981563,8.905370612509891,8.920481560959844,0.015110948449953199,0.0016968354386875232,high
千葉,大阪,無機素材群,430.7,0.387,5468.5,2303.5,6.0,43,1000.0854,8772.0854,9.079329845012504,-0.13252678571428567,-1.2032544007992907,0.00898933785077963,991.095294459768,8763.095294459768,40.10524811622523,40.13026409785735,0.025015981632115825,0.0006237583061353808,high
千葉,札幌,金属素材群,835.8,0.488,10329.4,4328.9,6.0,0,2447.2223999999997,17105.522399999998,9.747156637722895,-0.03152678571428569,-0.3072965186410671,0.03010271820155014,2373.5543537162785,17031.854353716277,1.188704942541473,1.1937021507713712,0.004997208229898131,0.004203909692857849,high
千葉,札幌,化学・高分子素材群,835.8,0.488,10329.4,4328.9,6.0,2,2447.2223999999997,17105.522399999998,9.747156637722895,-0.03152678571428569,-0.3072965186410671,0.021576705367798998,2394.4194033057215,17052.71940330572,2.714931390097851,2.72098818280529,0.006056792707439307,0.0022309192525196775,high
千葉,札幌,無機素材群,835.8,0.488,10329.4,4328.9,6.0,11,2447.2223999999997,17105.522399999998,9.747156637722895,-0.03152678571428569,-0.3072965186410671,0.00898933785077963,2425.223491050404,17083.523491050404,11.127344451294102,11.136143315836259,0.008798864542157503,0.0007907425334653141,high
千葉,仙台,金属素材群,303.5,0.463,3942.4,1667.7,6.0,4,843.123,6453.223,8.772334974908864,-0.056526785714285654,-0.49587189934060677,0.03010271820155014,817.7427059217545,6427.842705921755,2.6658143596416095,2.675965191618779,0.010150831977169705,0.0038077790152403475,high
千葉,仙台,化学・高分子素材群,303.5,0.463,3942.4,1667.7,6.0,10,843.123,6453.223,8.772334974908864,-0.056526785714285654,-0.49587189934060677,0.021576705367798998,824.9311834401852,6435.0311834401855,6.353666645625813,6.366463917145205,0.012797271519391806,0.002014155326861868,high
千葉,仙台,無機素材群,303.5,0.463,3942.4,1667.7,6.0,27,843.123,6453.223,8.772334974908864,-0.056526785714285654,-0.49587189934060677,0.00898933785077963,835.5438825032372,6445.643882503237,31.34855111622908,31.371131128431536,0.02258001220245731,0.0007202888617958387,high
千葉,名古屋,金属素材群,293.9,0.475,3826.6,1619.4,6.0,6,837.615,6283.615,8.745700730789528,-0.0445267857142857,-0.38941794236113714,0.03010271820155014,812.4005116936086,6258.400511693609,5.4833117932746385,5.5046965306804125,0.021384737405774068,0.00389996743063248,high
千葉,名古屋,化学・高分子素材群,293.9,0.475,3826.6,1619.4,6.0,8,837.615,6283.615,8.745700730789528,-0.0445267857142857,-0.38941794236113714,0.021576705367798998,819.542027933351,6265.542027933351,7.461559397091337,7.47697667957069,0.015417282479353034,0.0020662279369327266,high
千葉,名古屋,無機素材群,293.9,0.475,3826.6,1619.4,6.0,39,837.615,6283.615,8.745700730789528,-0.0445267857142857,-0.38941794236113714,0.00898933785077963,830.0853957761193,6276.085395776119,37.546351365421124,37.57397721287143,0.027625847450309493,0.0007357798146999693,high
千葉,広島,金属素材群,709.9,0.488,8818.4,3699.3,6.0,0,2078.5872,14596.2872,9.588522473986488,-0.03152678571428569,-0.3022952933539845,0.03010271820155014,2016.0160752610507,14533.71607526105,1.0375500981450585,1.0418916265605755,0.004341528415517049,0.0041844036478613155,high
千葉,広島,化学・高分子素材群,709.9,0.488,8818.4,3699.3,6.0,8,2078.5872,14596.2872,9.588522473986488,-0.03152678571428569,-0.3022952933539845,0.021576705367798998,2033.7381364043217,14551.438136404322,2.5572389186248796,2.5629174831231296,0.005678564498249994,0.00222058426253874,high
千葉,広島,無機素材群,709.9,0.488,8818.4,3699.3,6.0,26,2078.5872,14596.2872,9.588522473986488,-0.03152678571428569,-0.3022952933539845,0.00898933785077963,2059.902077406894,14577.602077406895,20.71126987011986,20.72757140484316,0.016301534723300648,0.0007870852355035393,high
千葉,福岡,金属素材群,915.7,0.45,11288.7,4728.6,6.0,2,2472.3900000000003,18489.690000000002,9.824968558421261,-0.06952678571428567,-0.6830984836109492,0.03010271820155014,2397.9643405456695,18415.26434054567,1.6631118614024964,1.6695673360637369,0.006455474661240412,0.0038815637186283627,high
千葉,福岡,化学・高分子素材群,915.7,0.45,11288.7,4728.6,6.0,2,2472.3900000000003,18489.690000000002,9.824968558421261,-0.06952678571428567,-0.6830984836109492,0.021576705367798998,2419.0439694157076,18436.34396941571,3.233504895377099,3.240131808815389,0.0066269134382901385,0.002049452112401176,high
千葉,福岡,無機素材群,915.7,0.45,11288.7,4728.6,6.0,23,2472.3900000000003,18489.690000000002,9.824968558421261,-0.06952678571428567,-0.6830984836109492,0.00898933785077963,2450.1648509911115,18467.464850991113,18.14969727756301,18.16306025579401,0.013362978231000966,0.0007362645242309648,high
神奈川,東京,金属素材群,27.2,0.255,626.9,286.2,6.0,75,41.616,954.7159999999999,6.861413914054923,-0.2645267857142857,-1.8150277681402247,0.03010271820155014,40.36324527932429,953.4632452793242,77.85510162253617,77.94731559065033,0.09221396811416582,0.0011844306434952144,high
神奈川,東京,化学・高分子素材群,27.2,0.255,626.9,286.2,6.0,109,41.616,954.7159999999999,6.861413914054923,-0.2645267857142857,-1.8150277681402247,0.021576705367798998,40.71806382941368,953.8180638294136,104.10593922700913,104.16923977106795,0.06330054405881924,0.0006080397000289164,high
神奈川,東京,無機素材群,27.2,0.255,626.9,286.2,6.0,119,41.616,954.7159999999999,6.861413914054923,-0.2645267857142857,-1.8150277681402247,0.00898933785077963,41.24189971600195,954.3418997160019,119.79704173885402,119.82522408226626,0.02818234341224013,0.000235250745787821,high
神奈川,大阪,金属素材群,386.0,0.368,4931.6,2079.9,6.0,5,852.288,7863.7880000000005,8.970023703172675,-0.15152678571428568,-1.3591988595227094,0.03010271820155014,826.6318145094372,7838.131814509437,4.795941237807099,4.810628577769541,0.014687339962441648,0.0030624520264467005,high
神奈川,大阪,化学・高分子素材群,386.0,0.368,4931.6,2079.9,6.0,14,852.288,7863.7880000000005,8.970023703172675,-0.15152678571428568,-1.3591988595227094,0.021576705367798998,833.8984329354894,7845.39843293549,18.144964798101277,18.17397182021416,0.029007022112882197,0.0015986265300397577,high
神奈川,大阪,無機素材群,386.0,0.368,4931.6,2079.9,6.0,33,852.288,7863.7880000000005,8.970023703172675,-0.15152678571428568,-1.3591988595227094,0.00898933785077963,844.6264952218347,7856.126495221834,26.47472549439955,26.490394166138408,0.01566867173885811,0.0005918350972958209,high
神奈川,札幌,金属素材群,859.3,0.468,10611.8,4446.6,6.0,1,2412.9144,17471.3144,9.768315637847985,-0.05152678571428565,-0.5033299066608987,0.03010271820155014,2340.2791177723375,17398.679117772335,0.9409766304832614,0.9447709210991021,0.0037942906158406897,0.004032289955906811,high
神奈川,札幌,化学・高分子素材群,859.3,0.468,10611.8,4446.6,6.0,5,2412.9144,17471.3144,9.768315637847985,-0.05152678571428565,-0.5033299066608987,0.021576705367798998,2360.851656913481,17419.251656913482,5.093762872824072,5.104633928263909,0.010871055439837463,0.0021341895394927086,high
神奈川,札幌,無機素材群,859.3,0.468,10611.8,4446.6,6.0,11,2412.9144,17471.3144,9.768315637847985,-0.05152678571428565,-0.5033299066608987,0.00898933785077963,2391.223897253389,17449.62389725339,6.794560251329933,6.799736404480933,0.00517615315100084,0.0007618084113666791,high
神奈川,仙台,金属素材群,332.1,0.443,4284.7,1810.3,6.0,2,882.7218,6977.7218,8.850477752794898,-0.07652678571428567,-0.6772986144571878,0.03010271820155014,856.1494744042349,6951.149474404235,1.9866688529691308,1.993946687637773,0.00727783466864218,0.0036633355668536597,high
神奈川,仙台,化学・高分子素材群,332.1,0.443,4284.7,1810.3,6.0,10,882.7218,6977.7218,8.850477752794898,-0.07652678571428567,-0.6772986144571878,0.021576705367798998,863.6755717996668,6958.675571799667,11.380977193655784,11.402971055134701,0.0219938614789168,0.0019325108120923978,high
神奈川,仙台,無機素材群,332.1,0.443,4284.7,1810.3,6.0,20,882.7218,6977.7218,8.850477752794898,-0.07652678571428567,-0.6772986144571878,0.00898933785077963,874.7867155115517,6969.786715511552,18.46536182962419,18.478214471100326,0.012852641476136739,0.0006960405972395895,high
神奈川,名古屋,金属素材群,250.0,0.455,3299.9,1400.0,6.0,7,682.5,5382.4,8.590889650338575,-0.06452678571428566,-0.5543424955624717,0.03010271820155014,661.954894827442,5361.854894827442,5.110607676989624,5.129444780607478,0.0188371036178534,0.0036858833251213865,high
神奈川,名古屋,化学・高分子素材群,250.0,0.455,3299.9,1400.0,6.0,13,682.5,5382.4,8.590889650338575,-0.06452678571428566,-0.5543424955624717,0.021576705367798998,667.7738985864772,5367.673898586477,15.762688938130639,15.793388737166296,0.03069979903565745,0.0019476244919985246,high
神奈川,名古屋,無機素材群,250.0,0.455,3299.9,1400.0,6.0,23,682.5,5382.4,8.590889650338575,-0.06452678571428566,-0.5543424955624717,0.00898933785077963,676.364776916843,5376.2647769168425,25.504032229811386,25.52184674632242,0.017814516511034384,0.0006984980394673117,high
神奈川,広島,金属素材群,665.7,0.468,8288.6,3478.6,6.0,1,1869.2856000000002,13636.4856,9.520504244240025,-0.05152678571428565,-0.4905609820849028,0.03010271820155014,1813.0150223449846,13580.215022344986,0.8943494863619802,0.8979288236374933,0.0035793372755130726,0.004002168425313286,high
神奈川,広島,化学・高分子素材群,665.7,0.468,8288.6,3478.6,6.0,5,1869.2856000000002,13636.4856,9.520504244240025,-0.05152678571428565,-0.4905609820849028,0.021576705367798998,1828.9525753605308,13596.152575360531,5.108291098897882,5.119111845181311,0.010820746283428662,0.0021182712719256046,high
神奈川,広島,無機素材群,665.7,0.468,8288.6,3478.6,6.0,9,1869.2856000000002,13636.4856,9.520504244240025,-0.05152678571428565,-0.4905609820849028,0.00898933785077963,1852.481960202003,13619.681960202004,13.354722871738442,13.36482084626621,0.010097974527768727,0.000756135086047969,high
神奈川,福岡,金属素材群,871.1,0.43,10753.0,4505.4,6.0,2,2247.438,17505.838,9.770289704279497,-0.08952678571428568,-0.8747026327215222,0.03010271820155014,2179.7840072105446,17438.184007210544,1.416354492851921,1.4215986860748158,0.005244193222894822,0.003702599348793889,high
神奈川,福岡,化学・高分子素材群,871.1,0.43,10753.0,4505.4,6.0,10,2247.438,17505.838,9.770289704279497,-0.08952678571428568,-0.8747026327215222,0.021576705367798998,2198.9456924416045,17457.345692441602,6.403375871377028,6.415860180029624,0.012484308652596532,0.0019496448285038462,high
神奈川,福岡,無機素材群,871.1,0.43,10753.0,4505.4,6.0,7,2247.438,17505.838,9.770289704279497,-0.08952678571428568,-0.8747026327215222,0.00898933785077963,2227.2350205193197,17485.63502051932,11.609555584249213,11.617745775265641,0.008190191016428372,0.0007054698138092449,high
新潟,東京,金属素材群,253.1,0.535,3337.6,1415.7,6.0,4,812.451,5565.751,8.624387205188642,0.015473214285714354,0.13344699130885698,0.03010271820155014,787.9940164944323,5541.294016494432,3.7542558714399306,3.7705965563530532,0.016340684913122683,0.004352576242187583,high
新潟,東京,化学・高分子素材群,253.1,0.535,3337.6,1415.7,6.0,18,812.451,5565.751,8.624387205188642,0.015473214285714354,0.13344699130885698,0.021576705367798998,794.9209841472264,5548.220984147227,13.029053111760525,13.05933367987357,0.030280568113044026,0.0023240804879144763,high
新潟,東京,無機素材群,253.1,0.535,3337.6,1415.7,6.0,13,812.451,5565.751,8.624387205188642,0.015473214285714354,0.13344699130885698,0.00898933785077963,805.1476034737963,5558.447603473796,18.920838372309365,18.936174609682723,0.015336237373357875,0.0008105474541657968,high
新潟,大阪,金属素材群,476.2,0.547,6014.4,2531.0,6.0,2,1562.8884,10108.2884,9.221110999957014,0.027473214285714365,0.25333355845417693,0.03010271820155014,1515.8412109143285,10061.241210914328,1.1290458603738478,1.134271586314243,0.005225725940395165,0.004628444356250357,high
新潟,大阪,化学・高分子素材群,476.2,0.547,6014.4,2531.0,6.0,9,1562.8884,10108.2884,9.221110999957014,0.027473214285714365,0.25333355845417693,0.021576705367798998,1529.1664174704492,10074.566417470449,7.637413894456918,7.6563162231688855,0.01890232871196762,0.0024749645591011574,high
新潟,大阪,無機素材群,476.2,0.547,6014.4,2531.0,6.0,13,1562.8884,10108.2884,9.221110999957014,0.027473214285714365,0.25333355845417693,0.00898933785077963,1548.8390681493356,10094.239068149334,10.830663783036636,10.839973712864454,0.009309929827818308,0.0008595899581334845,high
新潟,札幌,金属素材群,606.6,0.648,7579.0,3182.9,6.0,0,2358.4608000000003,13120.3608,9.481920562119962,0.12847321428571434,1.218172812217359,0.03010271820155014,2287.4647191481977,13049.364719148198,0.363259132458691,0.3652758681388293,0.0020167356801382708,0.005551782460328398,high
新潟,札幌,化学・高分子素材群,606.6,0.648,7579.0,3182.9,6.0,6,2358.4608000000003,13120.3608,9.481920562119962,0.12847321428571434,1.218172812217359,0.021576705367798998,2307.5729861968966,13069.472986196895,3.066541717271349,3.07575710915376,0.009215391882411161,0.0030051415346832927,high
新潟,札幌,無機素材群,606.6,0.648,7579.0,3182.9,6.0,3,2358.4608000000003,13120.3608,9.481920562119962,0.12847321428571434,1.218172812217359,0.00898933785077963,2337.25979906098,13099.15979906098,3.8454826784135707,3.8493642906585293,0.003881612244958532,0.0010093953268201605,high
新潟,仙台,金属素材群,166.6,0.623,2299.5,983.1,6.0,0,622.7508,3905.3508,8.27010289178573,0.10347321428571432,0.8557341286866504,0.03010271820155014,604.0043081578101,3886.60430815781,1.0835137139783295,1.0888070650913757,0.005293351113046185,0.004885356820829361,high
新潟,仙台,化学・高分子素材群,166.6,0.623,2299.5,983.1,6.0,5,622.7508,3905.3508,8.27010289178573,0.10347321428571432,0.8557341286866504,0.021576705367798998,609.313889470839,3891.913889470839,9.023677736805311,9.047473912091052,0.023796175285740517,0.002637081684409219,high
新潟,仙台,無機素材群,166.6,0.623,2299.5,983.1,6.0,20,622.7508,3905.3508,8.27010289178573,0.10347321428571432,0.8557341286866504,0.00898933785077963,617.1526826619568,3899.752682661957,12.668896679836761,12.680211743973073,0.011315064136312003,0.0008931372969771348,high
新潟,名古屋,金属素材群,356.7,0.635,4580.8,1933.7,6.0,1,1359.027,7873.527,8.971261398579198,0.11547321428571433,1.0359403898912931,0.03010271820155014,1318.116593190702,7832.616593190702,1.0668970361373784,1.0725614471613938,0.005664411024015381,0.005309238691413898,high
新潟,名古屋,化学・高分子素材群,356.7,0.635,4580.8,1933.7,6.0,4,1359.027,7873.527,8.971261398579198,0.11547321428571433,1.0359403898912931,0.021576705367798998,1329.7036748341163,7844.203674834116,6.079724207589491,6.097170699044234,0.017446491454743196,0.0028696188937261742,high
新潟,名古屋,無機素材群,356.7,0.635,4580.8,1933.7,6.0,4,1359.027,7873.527,8.971261398579198,0.11547321428571433,1.0359403898912931,0.00898933785077963,1346.8102471486686,7861.310247148669,9.647644513903664,9.656983292185888,0.00933877828222407,0.0009679853220924057,high
新潟,広島,金属素材群,707.3,0.648,8788.1,3686.7,6.0,0,2749.9824,15224.7824,9.630679800193532,0.12847321428571434,1.2372843896873642,0.03010271820155014,2667.200454753577,15142.000454753575,0.23348825240901475,0.2347908340671576,0.0013025816581428429,0.00557878884570619,high
新潟,広島,化学・高分子素材群,707.3,0.648,8788.1,3686.7,6.0,1,2749.9824,15224.7824,9.630679800193532,0.12847321428571434,1.2372843896873642,0.021576705367798998,2690.646839988567,15165.446839988566,2.296775441770984,2.303711083489972,0.006935641718988084,0.0030197300061864953,high
新潟,広島,無機素材群,707.3,0.648,8788.1,3686.7,6.0,9,2749.9824,15224.7824,9.630679800193532,0.12847321428571434,1.2372843896873642,0.00898933785077963,2725.2618791227023,15200.061879122703,5.917611138239211,5.923613282223606,0.006002143984394692,0.0010142849613096804,high
新潟,福岡,金属素材群,913.3,0.61,11259.9,4716.6,6.0,1,3342.678,19319.178,9.868853560277527,0.09047321428571431,0.8928669029133233,0.03010271820155014,3242.0543061274784,19218.55430612748,0.3695401332027787,0.37149220235881086,0.0019520691560321879,0.005282428025107151,high
新潟,福岡,化学・高分子素材群,913.3,0.61,11259.9,4716.6,6.0,1,3342.678,19319.178,9.868853560277527,0.09047321428571431,0.8928669029133233,0.021576705367798998,3270.5540216545764,19247.054021654578,2.8668138903448925,2.874974177094711,0.00816028674981828,0.002846465470709909,high
新潟,福岡,無機素材群,913.3,0.61,11259.9,4716.6,6.0,5,3342.678,19319.178,9.868853560277527,0.09047321428571431,0.8928669029133233,0.00898933785077963,3312.6295381316318,19289.12953813163,5.168862834263103,5.17386618415915,0.005003349896046672,0.0009679788488254539,high
長野,東京,金属素材群,172.7,0.555,2372.4,1013.5,6.0,12,575.091,3960.991,8.284249525465839,0.03547321428571437,0.2938689586131773,0.03010271820155014,557.7791976867524,3943.6791976867526,10.194128645440683,10.238531101040149,0.04440245559946554,0.004355689156358107,high
長野,東京,化学・高分子素材群,172.7,0.555,2372.4,1013.5,6.0,20,575.091,3960.991,8.284249525465839,0.03547321428571437,0.2938689586131773,0.021576705367798998,562.6824309333272,3948.5824309333275,18.02427165893735,18.066299679218904,0.042028020281552614,0.0023317458301130843,high
長野,東京,無機素材群,172.7,0.555,2372.4,1013.5,6.0,50,575.091,3960.991,8.284249525465839,0.03547321428571437,0.2938689586131773,0.00898933785077963,569.9213127060573,3955.821312706057,57.59074656987952,57.63726610465769,0.04651953477817017,0.0008077605787194345,high
長野,大阪,金属素材群,325.4,0.567,4205.3,1777.2,6.0,1,1107.0107999999998,7089.5108,8.866371618556098,0.04747321428571427,0.4209151597844889,0.03010271820155014,1073.6867658415272,7056.186765841527,3.1032851269199773,3.1178804646488945,0.01459533772891719,0.0047031894047722,high
長野,大阪,化学・高分子素材群,325.4,0.567,4205.3,1777.2,6.0,10,1107.0107999999998,7089.5108,8.866371618556098,0.04747321428571427,0.4209151597844889,0.021576705367798998,1083.1251541294284,7065.625154129429,10.65437585967964,10.681238746565558,0.02686288688591887,0.002521300847624367,high
長野,大阪,無機素材群,325.4,0.567,4205.3,1777.2,6.0,38,1107.0107999999998,7089.5108,8.866371618556098,0.04747321428571427,0.4209151597844889,0.00898933785077963,1097.059505914338,7079.559505914338,33.24965627252219,33.27857738537405,0.028921112851861608,0.0008698168971978899,high
長野,札幌,金属素材群,762.4,0.667,9448.7,3962.0,6.0,1,3051.1248,16461.824800000002,9.708799330783695,0.14747321428571436,1.431787844165664,0.03010271820155014,2959.2776499478387,16369.97764994784,0.556355930551603,0.5595592811475635,0.0032033505959604414,0.005757736046391124,high
長野,札幌,化学・高分子素材群,762.4,0.667,9448.7,3962.0,6.0,3,3051.1248,16461.824800000002,9.708799330783695,0.14747321428571436,1.431787844165664,0.021576705367798998,2985.2915791500154,16395.991579150017,2.755435527319742,2.7640419631375175,0.008606435817775537,0.0031234393737193194,high
長野,札幌,無機素材群,762.4,0.667,9448.7,3962.0,6.0,8,3051.1248,16461.824800000002,9.708799330783695,0.14747321428571436,1.431787844165664,0.00898933785077963,3023.6972083479077,16434.39720834791,8.22721416832319,8.235792983595442,0.008578815272251461,0.0010427363499642469,high
長野,仙台,金属素材群,297.7,0.642,3872.2,1638.4,6.0,1,1146.7404000000001,6657.340400000001,8.803475344437908,0.12247321428571434,1.0781899223183469,0.03010271820155014,1112.2203968884671,6622.820396888467,1.2250668168151195,1.231571092546317,0.006504275731197495,0.005309323248267433,high
長野,仙台,化学・高分子素材群,297.7,0.642,3872.2,1638.4,6.0,7,1146.7404000000001,6657.340400000001,8.803475344437908,0.12247321428571434,1.0781899223183469,0.021576705367798998,1121.9975202558483,6632.597520255848,6.462528036652659,6.481088979736359,0.018560943083699932,0.0028720870499021906,high
長野,仙台,無機素材群,297.7,0.642,3872.2,1638.4,6.0,24,1146.7404000000001,6657.340400000001,8.803475344437908,0.12247321428571434,1.0781899223183469,0.00898933785077963,1136.431963117262,6647.031963117262,22.428472210015624,22.450152587895783,0.021680377880159085,0.0009666453281859087,high
長野,名古屋,金属素材群,199.7,0.655,2696.4,1148.5,6.0,4,784.8209999999999,4629.721,8.440251886085356,0.13547321428571435,1.143428052389046,0.03010271820155014,761.1957545983411,4606.095754598341,3.5502999374068973,3.5689206797926953,0.018620742385798028,0.005244836412159145,high
長野,名古屋,化学・高分子素材群,199.7,0.655,2696.4,1148.5,6.0,11,784.8209999999999,4629.721,8.440251886085356,0.13547321428571435,1.143428052389046,0.021576705367798998,767.8871485165386,4612.787148516539,9.835512649918986,9.86346210813055,0.02794945821156425,0.0028416879939445216,high
長野,名古屋,無機素材群,199.7,0.655,2696.4,1148.5,6.0,33,784.8209999999999,4629.721,8.440251886085356,0.13547321428571435,1.143428052389046,0.00898933785077963,777.7659788786132,4622.665978878613,33.13528199175488,33.16684264088079,0.0315606491259075,0.0009524786640946893,high
長野,広島,金属素材群,576.1,0.667,7212.9,3030.4,6.0,0,2305.5522,12548.8522,9.437384482210046,0.14747321428571436,1.3917614240416376,0.03010271820155014,2236.148811824436,12479.448811824435,0.5498920293728835,0.5530303446258209,0.003138315252937396,0.0057071481041768195,high
長野,広島,化学・高分子素材群,576.1,0.667,7212.9,3030.4,6.0,2,2305.5522,12548.8522,9.437384482210046,0.14747321428571436,1.3917614240416376,0.021576705367798998,2255.805979470519,12499.105979470518,2.8594350239638597,2.8682879885701977,0.008852964606337999,0.0030960537771079254,high
長野,広島,無機素材群,576.1,0.667,7212.9,3030.4,6.0,15,2305.5522,12548.8522,9.437384482210046,0.14747321428571436,1.3917614240416376,0.00898933785077963,2284.826812341592,12528.12681234159,16.459742853485537,16.47675587195689,0.017013018471352837,0.0010336138676522602,high
長野,福岡,金属素材群,784.8,0.63,9717.6,4074.0,6.0,1,2966.544,16758.144,9.726639628047161,0.11047321428571433,1.0745331439091748,0.03010271820155014,2877.2429619355003,16668.8429619355,0.8209715134925499,0.8254356407842866,0.004464127291736619,0.005437615335452355,high
長野,福岡,化学・高分子素材群,784.8,0.63,9717.6,4074.0,6.0,1,2966.544,16758.144,9.726639628047161,0.11047321428571433,1.0745331439091748,0.021576705367798998,2902.535754151388,16694.13575415139,3.4084412435267413,3.4184521374279786,0.010010893901237328,0.0029370885944564433,high
長野,福岡,無機素材群,784.8,0.63,9717.6,4074.0,6.0,17,2966.544,16758.144,9.726639628047161,0.11047321428571433,1.0745331439091748,0.00898933785077963,2939.8767337347967,16731.4767337348,13.908885934026738,13.922687588909728,0.013801654882989567,0.0009922904644163598,high
静岡,東京,金属素材群,142.7,0.495,2012.7,863.6,6.0,8,423.81899999999996,3300.119,8.101713807410464,-0.02452678571428568,-0.19870899847282603,0.03010271820155014,411.06089607453714,3287.3608960745373,7.624730541840991,7.653554181619352,0.028823639778361,0.003780283069701966,high
静岡,東京,化学・高分子素材群,142.7,0.495,2012.7,863.6,6.0,17,423.81899999999996,3300.119,8.101713807410464,-0.02452678571428568,-0.19870899847282603,0.021576705367798998,414.6743823077248,3290.974382307725,17.402426874434273,17.437376477625342,0.034949603191069656,0.002008317773333888,high
静岡,東京,無機素材群,142.7,0.495,2012.7,863.6,6.0,81,423.81899999999996,3300.119,8.101713807410464,-0.02452678571428568,-0.19870899847282603,0.00898933785077963,420.0091478214204,3296.3091478214205,73.37788819124478,73.43000357866825,0.05211538742346988,0.0007102328604448462,high
静岡,大阪,金属素材群,264.8,0.507,3477.5,1474.0,6.0,1,805.5216,5757.0216,8.658175536622913,-0.012526785714285671,-0.10845910962394559,0.03010271820155014,781.2732102699382,5732.773210269938,2.4069531639149995,2.4169069394470957,0.009953775532096198,0.00413542551692448,high
静岡,大阪,化学・高分子素材群,264.8,0.507,3477.5,1474.0,6.0,13,805.5216,5757.0216,8.658175536622913,-0.012526785714285671,-0.10845910962394559,0.021576705367798998,788.141097769402,5739.641097769402,10.60609548874599,10.629431133584708,0.02333564483871875,0.002200210705577745,high
静岡,大阪,無機素材群,264.8,0.507,3477.5,1474.0,6.0,20,805.5216,5757.0216,8.658175536622913,-0.012526785714285671,-0.10845910962394559,0.00898933785077963,798.2804941914995,5749.780494191499,43.13484517018675,43.16826501224086,0.03341984205410853,0.0007747759826713628,high
静岡,札幌,金属素材群,934.8,0.608,11517.1,4823.8,6.0,1,3410.1503999999995,19751.0504,9.890961953725133,0.08847321428571431,0.8750851964237711,0.03010271820155014,3307.495603483896,19648.3956034839,0.2966125273979872,0.29817507952786765,0.0015625521298804346,0.0052679910170612635,high
静岡,札幌,化学・高分子素材群,934.8,0.608,11517.1,4823.8,6.0,2,3410.1503999999995,19751.0504,9.890961953725133,0.08847321428571431,0.8750851964237711,0.021576705367798998,3336.570589559318,19677.470589559318,2.080255725644373,2.0861594959796967,0.005903770335323522,0.0028380022045101155,high
静岡,札幌,無機素材群,934.8,0.608,11517.1,4823.8,6.0,10,3410.1503999999995,19751.0504,9.890961953725133,0.08847321428571431,0.8750851964237711,0.00898933785077963,3379.495405932428,19720.39540593243,8.405409099753527,8.413526496590622,0.008117396837095114,0.0009657348905638801,high
静岡,仙台,金属素材群,427.9,0.583,5435.3,2289.7,6.0,2,1496.7941999999998,9221.7942,9.12932489631725,0.06347321428571429,0.5794675954278512,0.03010271820155014,1451.736625991685,9176.736625991685,0.5573538795765722,0.5600924614350926,0.0027385818585203836,0.004913542291301379,high
静岡,仙台,化学・高分子素材群,427.9,0.583,5435.3,2289.7,6.0,5,1496.7941999999998,9221.7942,9.12932489631725,0.06347321428571429,0.5794675954278512,0.021576705367798998,1464.4983125503695,9189.49831255037,4.311565653794649,4.322944667662214,0.01137901386756468,0.002639183716836111,high
静岡,仙台,無機素材群,427.9,0.583,5435.3,2289.7,6.0,22,1496.7941999999998,9221.7942,9.12932489631725,0.06347321428571429,0.5794675954278512,0.00898933785077963,1483.3390112431125,9208.339011243112,20.899801587049698,20.918728358544836,0.01892677149513844,0.000905595750098708,high
静岡,名古屋,金属素材群,136.3,0.595,1935.2,831.3,6.0,2,486.591,3253.091,8.087360900259764,0.0754732142857143,0.6103791222312125,0.03010271820155014,471.9432882475895,3238.4432882475894,3.1774081997783847,3.1918425553621477,0.014434355583762937,0.0045428080612272895,high
静岡,名古屋,化学・高分子素材群,136.3,0.595,1935.2,831.3,6.0,11,486.591,3253.091,8.087360900259764,0.0754732142857143,0.6103791222312125,0.021576705367798998,476.09196935837736,3242.5919693583774,10.896002090005346,10.922632452813549,0.02663036280820208,0.0024440489812891557,high
静岡,名古屋,無機素材群,136.3,0.595,1935.2,831.3,6.0,57,486.591,3253.091,8.087360900259764,0.0754732142857143,0.6103791222312125,0.00898933785077963,482.2168691058513,3248.7168691058514,47.00504721714346,47.044317679046316,0.039270461902852105,0.0008354520254269538,high
静岡,広島,金属素材群,545.9,0.608,6851.1,2879.6,6.0,1,1991.4432,11722.1432,9.36923491330709,0.08847321428571431,0.828926328178214,0.03010271820155014,1931.4953465360065,11662.195346536007,0.3755092930567288,0.37745557940572994,0.001946286349001125,0.005183057743146443,high
静岡,広島,化学・高分子素材群,545.9,0.608,6851.1,2879.6,6.0,2,1991.4432,11722.1432,9.36923491330709,0.08847321428571431,0.828926328178214,0.021576705367798998,1948.4744168168932,11679.174416816893,2.5972753911208994,2.6045278518437533,0.007252460722853904,0.002792334131238959,high
静岡,広島,無機素材群,545.9,0.608,6851.1,2879.6,6.0,20,1991.4432,11722.1432,9.36923491330709,0.08847321428571431,0.828926328178214,0.00898933785077963,1973.5414442645622,11704.241444264562,19.62757228645008,19.646222907370284,0.018650620920205085,0.000950225562693791,high
静岡,福岡,金属素材群,749.1,0.57,9289.3,3895.5,6.0,0,2561.9219999999996,15746.721999999998,9.664387495608226,0.050473214285714274,0.4877927010060115,0.03010271820155014,2484.8011839796477,15669.601183979647,0.561432394434474,0.5641867017912341,0.0027543073567600773,0.0049058575601688735,high
静岡,福岡,化学・高分子素材群,749.1,0.57,9289.3,3895.5,6.0,1,2561.9219999999996,15746.721999999998,9.664387495608226,0.050473214285714274,0.4877927010060115,0.021576705367798998,2506.6441638307174,15691.444163830716,3.106378776254699,3.1145508806961337,0.00817210444143468,0.0026307495093330596,high
静岡,福岡,無機素材群,749.1,0.57,9289.3,3895.5,6.0,19,2561.9219999999996,15746.721999999998,9.664387495608226,0.050473214285714274,0.4877927010060115,0.00898933785077963,2538.8920175946546,15723.692017594654,16.549436448177097,16.564440161100425,0.015003712923327583,0.0009065996277462503,high
愛知,東京,金属素材群,258.6,0.415,3403.1,1443.0,6.0,6,643.914,5490.014,8.6106860845914,-0.1045267857142857,-0.900047339217067,0.03010271820155014,624.530438311967,5470.630438311968,9.572625968262528,9.604842028686498,0.03221606042396985,0.003365436039262401,high
愛知,東京,化学・高分子素材群,258.6,0.415,3403.1,1443.0,6.0,12,643.914,5490.014,8.6106860845914,-0.1045267857142857,-0.900047339217067,0.021576705367798998,630.0204573397991,5476.120457339799,15.871050771627639,15.899120024645262,0.028069253017623197,0.0017685818930024495,high
愛知,東京,無機素材群,258.6,0.415,3403.1,1443.0,6.0,50,643.914,5490.014,8.6106860845914,-0.1045267857142857,-0.900047339217067,0.00898933785077963,638.1256395071531,5484.225639507154,47.54676617721785,47.57736262017448,0.030596442956635883,0.00064350208051155,high
愛知,大阪,金属素材群,139.0,0.427,1967.6,844.8,6.0,12,356.118,3168.5179999999996,8.061019249669007,-0.09252678571428569,-0.7458602007528562,0.03010271820155014,345.3978801995003,3157.7978801995,8.777829487942114,8.80624189642211,0.028412408479995932,0.0032368375939661794,high
愛知,大阪,化学・高分子素材群,139.0,0.427,1967.6,844.8,6.0,25,356.118,3168.5179999999996,8.061019249669007,-0.09252678571428569,-0.7458602007528562,0.021576705367798998,348.43414683783016,3160.83414683783,21.269364665634996,21.305607198008303,0.03624253237330777,0.0017039781367736379,high
愛知,大阪,無機素材群,139.0,0.427,1967.6,844.8,6.0,53,356.118,3168.5179999999996,8.061019249669007,-0.09252678571428569,-0.7458602007528562,0.00898933785077963,352.91673498325605,3165.3167349832556,55.0405708444287,55.074550221903436,0.03397937747473634,0.0006173514728031893,high
愛知,札幌,金属素材群,956.3,0.527,11776.0,4931.7,6.0,1,3023.8206,19731.5206,9.889972666497975,0.007473214285714347,0.07390988501659708,0.03010271820155014,2932.7953805861575,19640.49538058616,0.6331287733258611,0.6360153700991553,0.00288659677329417,0.00455925697094876,high
愛知,札幌,化学・高分子素材群,956.3,0.527,11776.0,4931.7,6.0,3,3023.8206,19731.5206,9.889972666497975,0.007473214285714347,0.07390988501659708,0.021576705367798998,2958.576513828719,19666.27651382872,2.843860157288841,2.8507756103551025,0.006915453066261623,0.0024317134752696087,high
愛知,札幌,無機素材群,956.3,0.527,11776.0,4931.7,6.0,6,3023.8206,19731.5206,9.889972666497975,0.007473214285714347,0.07390988501659708,0.00898933785077963,2996.638455026453,19704.338455026453,7.50202901778052,7.508408167833615,0.006379150053095195,0.0008503232976006898,high
愛知,仙台,金属素材群,492.5,0.502,6209.9,2612.4,6.0,1,1483.41,10305.71,9.240453389544076,-0.017526785714285675,-0.16195544646138374,0.03010271820155014,1438.7553267926385,10261.055326792637,1.046628019330463,1.0510742813574843,0.004446262027021364,0.004248177905523375,high
愛知,仙台,化学・高分子素材群,492.5,0.502,6209.9,2612.4,6.0,6,1483.41,10305.71,9.240453389544076,-0.017526785714285675,-0.16195544646138374,0.021576705367798998,1451.4028994903533,10273.702899490352,5.327292253274021,5.339324485889962,0.01203223261594033,0.002258601939577394,high
愛知,仙台,無機素材群,492.5,0.502,6209.9,2612.4,6.0,19,1483.41,10305.71,9.240453389544076,-0.017526785714285675,-0.16195544646138374,0.00898933785077963,1470.0751263387751,10292.375126338775,17.34599442935112,17.35981351522867,0.013819085877550208,0.000796673026377027,high
愛知,名古屋,金属素材群,5.0,0.345,360.0,175.0,6.0,53,10.35,545.35,6.301427790374752,-0.1745267857142857,-1.099767937664779,0.03010271820155014,10.038436866613955,545.038436866614,51.480422862055335,51.507753315474005,0.027330453418670686,0.0005308902277649148,high
愛知,名古屋,化学・高分子素材群,5.0,0.345,360.0,175.0,6.0,76,10.35,545.35,6.301427790374752,-0.1745267857142857,-1.099767937664779,0.021576705367798998,10.12668109944328,545.1266810994433,73.51549092399199,73.5358147043859,0.02032378039390892,0.00027645575290957073,high
愛知,名古屋,無機素材群,5.0,0.345,360.0,175.0,6.0,129,10.35,545.35,6.301427790374752,-0.1745267857142857,-1.099767937664779,0.00898933785077963,10.25696035324443,545.2569603532444,133.09031776896924,133.1040703640769,0.013752595107661136,0.00010333279939667881,high
愛知,広島,金属素材群,416.0,0.527,5291.8,2229.9,6.0,1,1315.392,8837.092,9.0867131422367,0.007473214285714347,0.0679069544647516,0.03010271820155014,1275.7951252994264,8797.495125299427,1.0438977987754818,1.048519960098687,0.004622161323205143,0.004427791042980504,high
愛知,広島,化学・高分子素材群,416.0,0.527,5291.8,2229.9,6.0,4,1315.392,8837.092,9.0867131422367,0.007473214285714347,0.0679069544647516,0.021576705367798998,1287.0101743728403,8808.710174372842,4.30603518258555,4.316204797090857,0.0101696145053074,0.0023617118936778117,high
愛知,広島,無機素材群,416.0,0.527,5291.8,2229.9,6.0,25,1315.392,8837.092,9.0867131422367,0.007473214285714347,0.0679069544647516,0.00898933785077963,1303.5674969057873,8825.267496905788,20.785805917938397,20.802972640964885,0.01716672302648803,0.0008258868140240328,high
愛知,福岡,金属素材群,622.4,0.49,7768.9,3262.1,6.0,0,1829.856,12860.856,9.461943558562396,-0.029526785714285686,-0.2793807798943376,0.03010271820155014,1774.7723604825842,12805.772360482584,1.4454670903077749,1.4515139810036224,0.006046890695847518,0.004183347193715762,high
愛知,福岡,化学・高分子素材群,622.4,0.49,7768.9,3262.1,6.0,2,1829.856,12860.856,9.461943558562396,-0.029526785714285686,-0.2793807798943376,0.021576705367798998,1790.3737362225008,12821.3737362225,4.866906045593151,4.877713602080088,0.010807556486937209,0.0022206215582737934,high
愛知,福岡,無機素材群,622.4,0.49,7768.9,3262.1,6.0,16,1829.856,12860.856,9.461943558562396,-0.029526785714285686,-0.2793807798943376,0.00898933785077963,1813.4068061977239,12844.406806197723,16.68851584432437,16.70164223971747,0.013126395393097567,0.0007865525919467397,high
京都,東京,金属素材群,363.7,0.375,4664.6,1968.6,6.0,8,818.3249999999999,7451.525000000001,8.916173988412408,-0.14452678571428568,-1.288625967414568,0.03010271820155014,793.6911931277164,7426.891193127717,6.9853857771554,7.007112143412606,0.021726366257205143,0.0031102600415080566,high
京都,東京,化学・高分子素材群,363.7,0.375,4664.6,1968.6,6.0,9,818.3249999999999,7451.525000000001,8.916173988412408,-0.14452678571428568,-1.288625967414568,0.021576705367798998,800.6682425798958,7433.868242579896,8.195283813720833,8.208603000006427,0.013319186285594142,0.0016252257503632384,high
京都,東京,無機素材群,363.7,0.375,4664.6,1968.6,6.0,56,818.3249999999999,7451.525000000001,8.916173988412408,-0.14452678571428568,-1.288625967414568,0.00898933785077963,810.9688001032607,7444.168800103262,58.81875057029572,58.8540484616583,0.03529789136258188,0.0006001129065194357,high
京都,大阪,金属素材群,42.9,0.287,814.4,364.3,6.0,22,73.87379999999999,1252.5738000000001,7.132955753378867,-0.2325267857142857,-1.658603273975409,0.03010271820155014,71.64999781612231,1250.3499978161224,25.189797036772706,25.230616581551313,0.04081954477860705,0.0016204793043396754,high
京都,大阪,化学・高分子素材群,42.9,0.287,814.4,364.3,6.0,28,73.87379999999999,1252.5738000000001,7.132955753378867,-0.2325267857142857,-1.658603273975409,0.021576705367798998,72.27984678300028,1250.9798467830003,32.01517514591837,32.04193984741024,0.026764701491870824,0.0008360004707106238,high
京都,大阪,無機素材群,42.9,0.287,814.4,364.3,6.0,156,73.87379999999999,1252.5738000000001,7.132955753378867,-0.2325267857142857,-1.658603273975409,0.00898933785077963,73.20972345347907,1251.909723453479,150.26419778607985,150.31218530312358,0.047987517043736716,0.0003193542956390253,high
京都,札幌,金属素材群,1016.3,0.488,12495.6,5231.5,6.0,2,2975.7263999999996,20702.826399999998,9.938025510995379,-0.03152678571428569,-0.3133140007082558,0.03010271820155014,2886.148946735886,20613.248946735883,0.5945805103532814,0.5970918125088558,0.0025113021555743797,0.0042236536715309445,high
京都,札幌,化学・高分子素材群,1016.3,0.488,12495.6,5231.5,6.0,0,2975.7263999999996,20702.826399999998,9.938025510995379,-0.03152678571428569,-0.3133140007082558,0.021576705367798998,2911.5200282120186,20638.62002821202,1.7717196477849313,1.7756907450392414,0.0039710972543101075,0.0022413801524834467,high
京都,札幌,無機素材群,1016.3,0.488,12495.6,5231.5,6.0,7,2975.7263999999996,20702.826399999998,9.938025510995379,-0.03152678571428569,-0.3133140007082558,0.00898933785077963,2948.976590038915,20676.076590038912,10.874795000358688,10.883434419607772,0.008639419249083957,0.0007944443319436366,high
京都,仙台,金属素材群,581.5,0.463,7277.5,3057.3,6.0,0,1615.4070000000002,11950.206999999999,9.388503879385361,-0.056526785714285654,-0.5307019469677559,0.03010271820155014,1566.7788582981887,11901.578858298188,0.8860490567007214,0.8895403001304761,0.003491243429754709,0.003940237172369044,high
京都,仙台,化学・高分子素材群,581.5,0.463,7277.5,3057.3,6.0,1,1615.4070000000002,11950.206999999999,9.388503879385361,-0.056526785714285654,-0.5307019469677559,0.021576705367798998,1580.5518391119201,11915.35183911192,3.066726582300042,3.073117992787491,0.006391410487449178,0.002084114874908616,high
京都,仙台,無機素材群,581.5,0.463,7277.5,3057.3,6.0,20,1615.4070000000002,11950.206999999999,9.388503879385361,-0.056526785714285654,-0.5307019469677559,0.00898933785077963,1600.8855607104858,11935.685560710484,23.61573234076895,23.633332421164113,0.017600080395162365,0.0007452693035810928,high
京都,名古屋,金属素材群,105.3,0.375,1563.4,676.4,6.0,10,236.92499999999998,2476.7250000000004,7.814692401929177,-0.14452678571428568,-1.1294323741966745,0.03010271820155014,229.7929134900977,2469.592913490098,10.299502015888688,10.327394389141595,0.027892373252907277,0.0027081283357077526,high
京都,名古屋,化学・高分子素材群,105.3,0.375,1563.4,676.4,6.0,16,236.92499999999998,2476.7250000000004,7.814692401929177,-0.14452678571428568,-1.1294323741966745,0.021576705367798998,231.8129390807342,2471.6129390807346,13.99312458882112,14.01292931555501,0.019804726733889666,0.001415318402132383,high
京都,名古屋,無機素材群,105.3,0.375,1563.4,676.4,6.0,73,236.92499999999998,2476.7250000000004,7.814692401929177,-0.14452678571428568,-1.1294323741966745,0.00898933785077963,234.79520112970403,2474.595201129704,76.55663254183779,76.59664762916016,0.04001508732237369,0.0005226860951662896,high
京都,広島,金属素材群,310.7,0.488,4028.9,1703.7,6.0,1,909.7296,6642.3296,8.801218024312828,-0.03152678571428569,-0.2774741146772194,0.03010271820155014,882.344266211591,6614.944266211592,1.342958147059264,1.34836185181484,0.005403704755575944,0.004023732807614802,high
京都,広島,化学・高分子素材群,310.7,0.488,4028.9,1703.7,6.0,4,909.7296,6642.3296,8.801218024312828,-0.03152678571428569,-0.2774741146772194,0.021576705367798998,890.1006324564344,6622.7006324564345,3.3776016974313614,3.3848143948628113,0.0072126974314499215,0.002135449374310511,high
京都,広島,無機素材群,310.7,0.488,4028.9,1703.7,6.0,35,909.7296,6642.3296,8.801218024312828,-0.03152678571428569,-0.2774741146772194,0.00898933785077963,901.5517332727454,6634.151733272745,36.91165150179695,36.93959199822814,0.027940496431185124,0.0007569560096714965,high
京都,福岡,金属素材群,517.6,0.45,6510.9,2737.9,6.0,4,1397.52,10646.32,9.272969571518798,-0.06952678571428567,-0.6447197683340788,0.03010271820155014,1355.4508492589696,10604.25084925897,1.7017274560700286,1.708211357136934,0.006483901066905329,0.0038101877264642937,high
京都,福岡,化学・高分子素材群,517.6,0.45,6510.9,2737.9,6.0,8,1397.52,10646.32,9.272969571518798,-0.06952678571428567,-0.6447197683340788,0.021576705367798998,1367.3661227143934,10616.166122714392,3.5803685240206473,3.5875715836818642,0.007203059661216926,0.0020118207421643023,high
京都,福岡,無機素材群,517.6,0.45,6510.9,2737.9,6.0,38,1397.52,10646.32,9.272969571518798,-0.06952678571428567,-0.6447197683340788,0.00898933785077963,1384.9572205667785,10633.757220566778,27.95824025887177,27.978447506333676,0.02020724746190794,0.0007227653555733263,high
兵庫,東京,金属素材群,424.4,0.395,5393.3,2272.2,6.0,1,1005.828,8671.328,9.067777229901955,-0.12452678571428566,-1.1291811520128796,0.03010271820155014,975.5498431567712,8641.049843156772,3.0487865895762973,3.058868817347677,0.010082227771379682,0.0033069640905173526,high
兵庫,東京,化学・高分子素材群,424.4,0.395,5393.3,2272.2,6.0,12,1005.828,8671.328,9.067777229901955,-0.12452678571428566,-1.1291811520128796,0.021576705367798998,984.1255455933175,8649.625545593317,7.11658188189443,7.128914335090578,0.012332453196147952,0.0017329180498187509,high
兵庫,東京,無機素材群,424.4,0.395,5393.3,2272.2,6.0,38,1005.828,8671.328,9.067777229901955,-0.12452678571428566,-1.1291811520128796,0.00898933785077963,996.7862722882261,8662.286272288226,39.400195632561584,39.42522033508426,0.02502470252267841,0.0006351415804138088,high
兵庫,大阪,金属素材群,29.2,0.307,650.3,296.0,6.0,16,53.7864,1000.0863999999999,6.907841675249872,-0.21252678571428568,-1.4681013874640418,0.03010271820155014,52.16728315772414,998.4672831577241,15.763976610852795,15.787422556785986,0.02344594593319016,0.0014873116417242506,high
兵庫,大阪,化学・高分子素材群,29.2,0.307,650.3,296.0,6.0,33,53.7864,1000.0863999999999,6.907841675249872,-0.21252678571428568,-1.4681013874640418,0.021576705367798998,52.62586669440542,998.9258666944054,36.25053020251679,36.278433671775566,0.027903469258774294,0.0007697396176797718,high
兵庫,大阪,無機素材群,29.2,0.307,650.3,296.0,6.0,128,53.7864,1000.0863999999999,6.907841675249872,-0.21252678571428568,-1.4681013874640418,0.00898933785077963,53.30289587862283,999.6028958786228,126.71426597531374,126.75124010944843,0.03697413413469519,0.0002917914084109395,high
兵庫,札幌,金属素材群,1072.4,0.508,13169.2,5512.2,6.0,0,3268.6752000000006,21950.075200000003,9.996525844465559,-0.01152678571428567,-0.1152278112964731,0.03010271820155014,3170.279191562005,21851.679191562005,0.2810339515770616,0.2822715701473206,0.0012376185702590026,0.004403804463175825,high
兵庫,札幌,化学・高分子素材群,1072.4,0.508,13169.2,5512.2,6.0,1,3268.6752000000006,21950.075200000003,9.996525844465559,-0.01152678571428567,-0.1152278112964731,0.021576705367798998,3198.1479582665693,21879.547958266572,1.626554743506619,1.6303658787104127,0.003811135203793725,0.0023430722015402097,high
兵庫,札幌,無機素材群,1072.4,0.508,13169.2,5512.2,6.0,2,3268.6752000000006,21950.075200000003,9.996525844465559,-0.01152678571428567,-0.1152278112964731,0.00898933785077963,3239.291974302736,21920.69197430274,7.696704201156294,7.703051782709773,0.006347581553479031,0.000824714239703459,high
兵庫,仙台,金属素材群,645.3,0.483,8043.3,3376.4,6.0,2,1870.0793999999999,13289.779400000001,9.49475055262295,-0.03652678571428569,-0.34681271884625414,0.03010271820155014,1813.7849268072757,13233.484926807276,0.40134493190949294,0.40300172509856036,0.0016567931890674181,0.004128102929280394,high
兵庫,仙台,化学・高分子素材群,645.3,0.483,8043.3,3376.4,6.0,3,1870.0793999999999,13289.779400000001,9.49475055262295,-0.03652678571428569,-0.34681271884625414,0.021576705367798998,1829.7292477718095,13249.42924777181,2.731316272348702,2.737295880798697,0.005979608449995233,0.0021892772032779907,high
兵庫,仙台,無機素材群,645.3,0.483,8043.3,3376.4,6.0,22,1870.0793999999999,13289.779400000001,9.49475055262295,-0.03652678571428569,-0.34681271884625414,0.00898933785077963,1853.2686244656165,13272.968624465617,16.243545117809074,16.256172130090835,0.012627012281761552,0.000777355693611339,high
兵庫,名古屋,金属素材群,166.3,0.495,2295.6,981.5,6.0,2,493.911,3771.011,8.235098414252246,-0.02452678571428568,-0.20198049414241864,0.03010271820155014,479.0429363503541,3756.142936350354,2.7370976237553033,2.747650910178898,0.010553286423594876,0.0038556485278430615,high
兵庫,名古屋,化学・高分子素材群,166.3,0.495,2295.6,981.5,6.0,5,493.911,3771.011,8.235098414252246,-0.02452678571428568,-0.20198049414241864,0.021576705367798998,483.25402787508506,3760.354027875085,7.802288787951143,7.818270200928033,0.01598141297689004,0.0020482980585863077,high
兵庫,名古屋,無機素材群,166.3,0.495,2295.6,981.5,6.0,49,493.911,3771.011,8.235098414252246,-0.02452678571428568,-0.20198049414241864,0.00898933785077963,489.4710671527836,3766.5710671527836,41.49071156290931,41.520765389029876,0.03005382612056451,0.0007243507037712791,high
兵庫,広島,金属素材群,252.1,0.508,3325.8,1410.7,6.0,1,768.4008,5504.9008,8.613394029012584,-0.01152678571428567,-0.09928474724513574,0.03010271820155014,745.2698472517543,5481.769847251754,0.8132520496346616,0.8166081473667058,0.003356097732044261,0.004126762094915009,high
兵庫,広島,化学・高分子素材群,252.1,0.508,3325.8,1410.7,6.0,4,768.4008,5504.9008,8.613394029012584,-0.01152678571428567,-0.09928474724513574,0.021576705367798998,751.821242334019,5488.321242334019,3.73634145391683,3.744546085105359,0.008204631188529099,0.002195899729648138,high
兵庫,広島,無機素材群,252.1,0.508,3325.8,1410.7,6.0,28,768.4008,5504.9008,8.613394029012584,-0.01152678571428567,-0.09928474724513574,0.00898933785077963,761.4933856039906,5497.993385603991,30.442315721293305,30.465847474277982,0.023531752984677468,0.0007729948404752222,high
兵庫,福岡,金属素材群,456.7,0.47,5780.3,2433.5,6.0,2,1287.8939999999998,9501.694,9.159225377481736,-0.049526785714285704,-0.4536269925793855,0.03010271820155014,1249.1248898445324,9462.924889844531,0.9545082426941593,0.958287735481306,0.003779492787146621,0.003959622995479605,high
兵庫,福岡,化学・高分子素材群,456.7,0.47,5780.3,2433.5,6.0,5,1287.8939999999998,9501.694,9.159225377481736,-0.049526785714285704,-0.4536269925793855,0.021576705367798998,1260.1054906170436,9473.905490617042,3.7363866578641773,3.7442194653882153,0.007832807524037921,0.0020963589267593017,high
兵庫,福岡,無機素材群,456.7,0.47,5780.3,2433.5,6.0,17,1287.8939999999998,9501.694,9.159225377481736,-0.049526785714285704,-0.4536269925793855,0.00898933785077963,1276.3166857180079,9490.116685718007,22.012261788959457,22.02872257095812,0.01646078199866352,0.0007478005739019352,high
岡山,東京,金属素材群,537.0,0.475,6744.3,2835.1,6.0,1,1530.4499999999998,11109.849999999999,9.315587381192396,-0.0445267857142857,-0.4147931631250577,0.03010271820155014,1484.3792949284373,11063.779294928438,3.757999240379853,3.773147100347431,0.015147859967578281,0.004030831034986361,high
岡山,東京,化学・高分子素材群,537.0,0.475,6744.3,2835.1,6.0,8,1530.4499999999998,11109.849999999999,9.315587381192396,-0.0445267857142857,-0.4147931631250577,0.021576705367798998,1497.4279312698518,11076.82793126985,10.41088707583001,10.433119046750871,0.0222319709208616,0.0021354540452633956,high
岡山,東京,無機素材群,537.0,0.475,6744.3,2835.1,6.0,35,1530.4499999999998,11109.849999999999,9.315587381192396,-0.0445267857142857,-0.4147931631250577,0.00898933785077963,1516.6922678862743,11096.092267886273,37.660151964117,37.68878847192949,0.02863650781249305,0.0007603927843886086,high
岡山,大阪,金属素材群,144.8,0.487,2037.6,874.0,6.0,9,423.1056,3334.7056,8.112139678591111,-0.03252678571428569,-0.26386182900988747,0.03010271820155014,410.3689713537022,3321.9689713537023,6.552825907940745,6.577237228572429,0.02441132063168361,0.0037253119455076407,high
岡山,大阪,化学・高分子素材群,144.8,0.487,2037.6,874.0,6.0,24,423.1056,3334.7056,8.112139678591111,-0.03252678571428569,-0.26386182900988747,0.021576705367798998,413.97637512933414,3325.576375129334,22.522646577113797,22.56717454981829,0.04452797270449338,0.001977031098545058,high
岡山,大阪,無機素材群,144.8,0.487,2037.6,874.0,6.0,70,423.1056,3334.7056,8.112139678591111,-0.03252678571428569,-0.26386182900988747,0.00898933785077963,419.3021608150432,3330.9021608150433,65.23250229286172,65.27823844755193,0.045736154690203534,0.0007011252532498414,high
岡山,札幌,金属素材群,1134.0,0.588,13907.4,5819.8,6.0,0,4000.7519999999995,23727.952,10.074409041449167,0.06847321428571429,0.6898271690970863,0.03010271820155014,3880.318489949711,23607.51848994971,0.3982118360082194,0.4002478643775228,0.0020360283693033887,0.005112927806749982,high
岡山,札幌,化学・高分子素材群,1134.0,0.588,13907.4,5819.8,6.0,1,4000.7519999999995,23727.952,10.074409041449167,0.06847321428571429,0.6898271690970863,0.021576705367798998,3914.428952846367,23641.628952846368,2.6168813970994482,2.6240720509623587,0.007190653862910512,0.0027477950933812415,high
岡山,札幌,無機素材群,1134.0,0.588,13907.4,5819.8,6.0,14,4000.7519999999995,23727.952,10.074409041449167,0.06847321428571429,0.6898271690970863,0.00898933785077963,3964.7878886148173,23691.987888614818,8.124279216099042,8.131926107050262,0.007646890951219731,0.0009412393084751051,high
岡山,仙台,金属素材群,739.7,0.562,9176.7,3848.6,6.0,1,2494.2684000000004,15519.568400000002,9.649856984072175,0.04247321428571438,0.40986044351099493,0.03010271820155014,2419.184141235769,15444.484141235771,0.5349462555287314,0.5375322578669253,0.002586002338193838,0.004834134852739326,high
岡山,仙台,化学・高分子素材群,739.7,0.562,9176.7,3848.6,6.0,5,2494.2684000000004,15519.568400000002,9.649856984072175,0.04247321428571438,0.40986044351099493,0.021576705367798998,2440.450305624989,15465.75030562499,4.218128262733142,4.229052055286313,0.010923792553170664,0.0025897250801218113,high
岡山,仙台,無機素材群,739.7,0.562,9176.7,3848.6,6.0,20,2494.2684000000004,15519.568400000002,9.649856984072175,0.04247321428571438,0.40986044351099493,0.00898933785077963,2471.8465786618767,15497.146578661877,16.396966693823682,16.411639808794774,0.01467311497109236,0.000894867645039454,high
岡山,名古屋,金属素材群,278.6,0.575,3642.7,1542.8,6.0,2,961.17,6146.67,8.723665750741677,0.05547321428571428,0.4839297795478396,0.03010271820155014,932.236170346216,6117.736170346216,2.686783109858924,2.69946865419307,0.012685544334146037,0.0047214619920742775,high
岡山,名古屋,化学・高分子素材群,278.6,0.575,3642.7,1542.8,6.0,9,961.17,6146.67,8.723665750741677,0.05547321428571428,0.4839297795478396,0.021576705367798998,940.4311181016326,6125.931118101633,9.660182723165343,9.684658174256862,0.024475451091518607,0.0025336426642144053,high
岡山,名古屋,無機素材群,278.6,0.575,3642.7,1542.8,6.0,28,961.17,6146.67,8.723665750741677,0.05547321428571428,0.4839297795478396,0.00898933785077963,952.5297181379661,6138.0297181379665,34.24988411018937,34.279741406784545,0.029857296595174887,0.0008717488356783173,high
岡山,広島,金属素材群,137.5,0.588,1949.5,837.3,6.0,4,485.09999999999997,3271.9,8.093126134908411,0.06847321428571429,0.5541623600768983,0.03010271820155014,470.497171400428,3257.297171400428,2.1700484897416783,2.179798866549399,0.009750376807720507,0.00449316079977604,high
岡山,広島,化学・高分子素材群,137.5,0.588,1949.5,837.3,6.0,13,485.09999999999997,3271.9,8.093126134908411,0.06847321428571429,0.5541623600768983,0.021576705367798998,474.6331402260807,3261.433140226081,9.77168106906483,9.795282364981812,0.02360129591698268,0.0024152748897730216,high
岡山,広島,無機素材群,137.5,0.588,1949.5,837.3,6.0,44,485.09999999999997,3271.9,8.093126134908411,0.06847321428571429,0.5541623600768983,0.00898933785077963,480.7392722085868,3267.539272208587,46.87845834468287,46.917251831553806,0.03879348687093653,0.0008275333328092825,high
岡山,福岡,金属素材群,344.8,0.55,4437.2,1873.8,6.0,1,1137.8400000000001,7448.84,8.915813594552384,0.030473214285714367,0.2716934981982801,0.03010271820155014,1103.5879231215483,7414.587923121549,1.8991851605413703,1.9078771477860488,0.008691987244678456,0.004576692902444947,high
岡山,福岡,化学・高分子素材群,344.8,0.55,4437.2,1873.8,6.0,7,1137.8400000000001,7448.84,8.915813594552384,0.030473214285714367,0.2716934981982801,0.021576705367798998,1113.2891615643036,7424.289161564304,7.799592894993212,7.818688510211942,0.019095615218730266,0.0024482835804146012,high
岡山,福岡,無機素材群,344.8,0.55,4437.2,1873.8,6.0,26,1137.8400000000001,7448.84,8.915813594552384,0.030473214285714367,0.2716934981982801,0.00898933785077963,1127.6115718198691,7438.611571819869,28.45775737823387,28.481931761113785,0.024174382879913026,0.0008494830621615666,high
広島県,東京,金属素材群,674.4,0.455,8393.1,3522.1,6.0,5,1841.1119999999999,13756.312,9.529253052306869,-0.06452678571428566,-0.6148920697234079,0.03010271820155014,1785.6895242865073,13700.889524286507,3.454635501400523,3.4680781827606944,0.013442681360171349,0.0038912010701915244,high
広島県,東京,化学・高分子素材群,674.4,0.455,8393.1,3522.1,6.0,6,1841.1119999999999,13756.312,9.529253052306869,-0.06452678571428566,-0.6148920697234079,0.021576705367798998,1801.3868688268808,13716.586868826882,6.2560642725479765,6.268926448890005,0.012862176342028242,0.0020559533568841873,high
広島県,東京,無機素材群,674.4,0.455,8393.1,3522.1,6.0,21,1841.1119999999999,13756.312,9.529253052306869,-0.06452678571428566,-0.6148920697234079,0.00898933785077963,1824.5616222108754,13739.761622210875,16.867926859959542,16.88036342861083,0.012436568651288837,0.0007372908807667587,high
広島県,大阪,金属素材群,281.2,0.468,3674.1,1555.9,6.0,4,789.6096,6019.6096,8.702777685701644,-0.05152678571428565,-0.4484261609302154,0.03010271820155014,765.8402047219612,5995.8402047219615,4.1413416396817375,4.157199007441298,0.015857367759560148,0.0038290411995033544,high
広島県,大阪,化学・高分子素材群,281.2,0.468,3674.1,1555.9,6.0,14,789.6096,6019.6096,8.702777685701644,-0.05152678571428565,-0.4484261609302154,0.021576705367798998,772.5724263052144,6002.572426305214,10.223631181668887,10.244352150852084,0.020720969183196658,0.002026771977098474,high
広島県,大阪,無機素材群,281.2,0.468,3674.1,1555.9,6.0,22,789.6096,6019.6096,8.702777685701644,-0.05152678571428565,-0.4484261609302154,0.00898933785077963,782.5115325353811,6012.511532535381,23.14031507691633,23.157057600939275,0.01674252402294485,0.0007235218693995394,high
広島県,札幌,金属素材群,1234.1,0.568,15109.2,6320.5,6.0,0,4205.8128,25635.5128,10.151733887918642,0.04847321428571427,0.4920871721206276,0.03010271820155014,4079.206402473127,25508.906402473127,0.41818464743510547,0.4202522584992667,0.002067611064161201,0.004944253876469858,high
広島県,札幌,化学・高分子素材群,1234.1,0.568,15109.2,6320.5,6.0,2,4205.8128,25635.5128,10.151733887918642,0.04847321428571427,0.4920871721206276,0.021576705367798998,4115.065216382282,25544.765216382282,1.7359897077563824,1.7405911733343167,0.004601465577934283,0.0026506295269925774,high
広島県,札幌,無機素材群,1234.1,0.568,15109.2,6320.5,6.0,5,4205.8128,25635.5128,10.151733887918642,0.04847321428571427,0.4920871721206276,0.00898933785077963,4168.005327803667,25597.70532780367,3.9571640645593686,3.9607810899674183,0.0036170254080496456,0.0009140448434887934,high
広島県,仙台,金属素材群,868.1,0.542,10717.6,4490.7,6.0,0,2823.0612,18031.3612,9.799867809742551,0.02247321428571436,0.2202345292600186,0.03010271820155014,2738.07938423067,17946.37938423067,0.5218122825964254,0.5242543108831947,0.0024420282867693155,0.004679898055711355,high
広島県,仙台,化学・高分子素材群,868.1,0.542,10717.6,4490.7,6.0,2,2823.0612,18031.3612,9.799867809742551,0.02247321428571436,0.2202345292600186,0.021576705367798998,2762.148840252335,17970.448840252335,2.6465433092233184,2.6531618278990186,0.00661851867570018,0.002500816311085617,high
広島県,仙台,無機素材群,868.1,0.542,10717.6,4490.7,6.0,3,2823.0612,18031.3612,9.799867809742551,0.02247321428571436,0.2202345292600186,0.00898933785077963,2797.6837490997727,18005.98374909977,7.633111207481944,7.6397521338108145,0.006640926328870478,0.0008700156657433563,high
広島県,名古屋,金属素材群,416.0,0.555,5292.1,2230.0,6.0,2,1385.2800000000002,8907.380000000001,9.094635425595813,0.03547321428571437,0.3226159513026094,0.03010271820155014,1343.5793065297566,8865.679306529757,2.0918445423864878,2.1016073855783497,0.009762843191861936,0.004667097862216838,high
広島県,名古屋,化学・高分子素材群,416.0,0.555,5292.1,2230.0,6.0,2,1385.2800000000002,8907.380000000001,9.094635425595813,0.03547321428571437,0.3226159513026094,0.021576705367798998,1355.3902215880955,8877.490221588096,5.110443801697411,5.123210520637986,0.012766718940575572,0.002498162475895961,high
広島県,名古屋,無機素材群,416.0,0.555,5292.1,2230.0,6.0,13,1385.2800000000002,8907.380000000001,9.094635425595813,0.03547321428571437,0.3226159513026094,0.00898933785077963,1372.8272500620722,8894.927250062072,13.89100624087306,13.903026225359113,0.012019984486054014,0.0008653069675173186,high
広島県,広島,金属素材群,5.0,0.398,360.0,175.0,6.0,22,11.940000000000001,546.94,6.304339107191786,-0.12152678571428566,-0.7661460677498871,0.03010271820155014,11.580573544673491,546.5805735446735,19.982322594400188,19.994736843058973,0.01241424865878571,0.0006212615475572723,high
広島県,広島,化学・高分子素材群,5.0,0.398,360.0,175.0,6.0,35,11.940000000000001,546.94,6.304339107191786,-0.12152678571428566,-0.7661460677498871,0.021576705367798998,11.682374137908482,546.6823741379085,36.35774752176563,36.36960137322799,0.01185385146235518,0.00032603371414191296,high
広島県,広島,無機素材群,5.0,0.398,360.0,175.0,6.0,81,11.940000000000001,546.94,6.304339107191786,-0.12152678571428566,-0.7661460677498871,0.00898933785077963,11.832667306061692,546.8326673060617,77.13659161768862,77.14580863927331,0.009217021584689178,0.00011948961435023493,high
広島県,福岡,金属素材群,209.0,0.53,2807.5,1194.8,6.0,1,664.6200000000001,4666.92,8.448254604170156,0.01047321428571435,0.0884803808097469,0.03010271820155014,644.6131314288858,4646.913131428886,3.389858792099064,3.4042296705443253,0.014370878445261415,0.004239373769419669,high
広島県,福岡,化学・高分子素材群,209.0,0.53,2807.5,1194.8,6.0,9,664.6200000000001,4666.92,8.448254604170156,0.01047321428571435,0.0884803808097469,0.021576705367798998,650.2796900784535,4652.5796900784535,7.669580205339868,7.686930782942082,0.01735057760221448,0.0022622590986315413,high
広島県,福岡,無機素材群,209.0,0.53,2807.5,1194.8,6.0,17,664.6200000000001,4666.92,8.448254604170156,0.01047321428571435,0.0884803808097469,0.00898933785077963,658.645506277615,4660.945506277615,19.373884932526,19.389197268436597,0.015312335910596886,0.0007903595981872304,high
福岡県,東京,金属素材群,881.0,0.415,10871.5,4554.8,6.0,5,2193.69,17619.989999999998,9.77678933195312,-0.1045267857142857,-1.0219363634747782,0.03010271820155014,2127.6539681084414,17553.953968108442,4.044222664111363,4.058673196156048,0.014450532044684827,0.0035731296827248367,high
福岡県,東京,化学・高分子素材群,881.0,0.415,10871.5,4554.8,6.0,6,2193.69,17619.989999999998,9.77678933195312,-0.1045267857142857,-1.0219363634747782,0.021576705367798998,2146.357397201713,17572.657397201714,5.085514202240942,5.095062648841457,0.009548446600515348,0.0018775774131763914,high
福岡県,東京,無機素材群,881.0,0.415,10871.5,4554.8,6.0,15,2193.69,17619.989999999998,9.77678933195312,-0.1045267857142857,-1.0219363634747782,0.00898933785077963,2173.9701794501234,17600.270179450123,17.395482911882993,17.40736586305457,0.011882951171575229,0.0006831055643449766,high
福岡県,大阪,金属素材群,485.1,0.427,6121.4,2575.6,6.0,2,1242.8262,9939.8262,9.2043048145883,-0.09252678571428569,-0.8516447392283797,0.03010271820155014,1205.4137531278966,9902.413753127898,3.774003308941749,3.7875983042893395,0.013594995347590455,0.0036022743582073235,high
福岡県,大阪,化学・高分子素材群,485.1,0.427,6121.4,2575.6,6.0,8,1242.8262,9939.8262,9.2043048145883,-0.09252678571428569,-0.8516447392283797,0.021576705367798998,1216.0101052592188,9913.010105259218,6.89416124244467,6.907233191044315,0.013071948599645111,0.0018960897692914703,high
福岡県,大阪,無機素材群,485.1,0.427,6121.4,2575.6,6.0,20,1242.8262,9939.8262,9.2043048145883,-0.09252678571428569,-0.8516447392283797,0.00898933785077963,1231.6540153983995,9928.654015398399,20.40246252075104,20.41647608872055,0.014013567969509921,0.0006868566946395284,high
福岡県,札幌,金属素材群,1419.5,0.527,17333.9,7247.5,6.0,1,4488.459,29069.859,10.277457143179962,0.007473214285714347,0.07680563954322946,0.03010271820155014,4353.344183563788,28934.744183563787,0.5531059481485203,0.555646782241836,0.002540834093315625,0.0045937565882646384,high
福岡県,札幌,化学・高分子素材群,1419.5,0.527,17333.9,7247.5,6.0,3,4488.459,29069.859,10.277457143179962,0.007473214285714347,0.07680563954322946,0.021576705367798998,4391.612842601554,28973.012842601554,1.5466648336920754,1.5504542898547056,0.003789456162630156,0.0024500823191177545,high
福岡県,札幌,無機素材群,1419.5,0.527,17333.9,7247.5,6.0,2,4488.459,29069.859,10.277457143179962,0.007473214285714347,0.07680563954322946,0.00898933785077963,4448.110725619627,29029.510725619628,4.401171846646859,4.404942485364199,0.003770638717339736,0.0008567351716140077,high
福岡県,仙台,金属素材群,1075.5,0.502,13206.2,5527.6,6.0,1,3239.406,21973.206000000002,9.997579080995541,-0.017526785714285675,-0.17522542621423395,0.03010271820155014,3141.891074041589,21875.69107404159,0.6392407922900283,0.6420224331667818,0.0027816408767534773,0.004351475860588425,high
福岡県,仙台,化学・高分子素材群,1075.5,0.502,13206.2,5527.6,6.0,1,3239.406,21973.206000000002,9.997579080995541,-0.017526785714285675,-0.17522542621423395,0.021576705367798998,3169.5102911713197,21903.31029117132,2.2228671155453656,2.2280095660574806,0.005142450512114927,0.0023134313680524534,high
福岡県,仙台,無機素材群,1075.5,0.502,13206.2,5527.6,6.0,7,3239.406,21973.206000000002,9.997579080995541,-0.017526785714285675,-0.17522542621423395,0.00898933785077963,3210.2858850301573,21944.08588503016,8.111575713553732,8.118194601193563,0.006618887639831428,0.0008159805041049973,high
福岡県,名古屋,金属素材群,622.4,0.515,7769.3,3262.2,6.0,1,1923.216,12954.716,9.469215170718096,-0.004526785714285664,-0.04286510796030376,0.03010271820155014,1865.3219707112873,12896.821970711288,2.134753713982353,2.14414608919027,0.009392375207916803,0.004399746512395315,high
福岡県,名古屋,化学・高分子素材群,622.4,0.515,7769.3,3262.2,6.0,3,1923.216,12954.716,9.469215170718096,-0.004526785714285664,-0.04286510796030376,0.021576705367798998,1881.719335009363,12913.219335009362,3.7356857745270187,3.7444388007862535,0.008753026259234797,0.0023430841852171125,high
福岡県,名古屋,無機素材群,622.4,0.515,7769.3,3262.2,6.0,15,1923.216,12954.716,9.469215170718096,-0.004526785714285664,-0.04286510796030376,0.00898933785077963,1905.927561615975,12937.427561615976,13.2137994579096,13.224671014441476,0.010871556531876436,0.0008227426612993487,high
福岡県,広島,金属素材群,208.9,0.527,2807.4,1194.7,6.0,2,660.5418000000001,4662.6418,8.447337476358243,0.007473214285714347,0.06312876310457059,0.03010271820155014,640.6576963342553,4642.757696334255,2.504399419409576,2.514951050601946,0.010551631192369904,0.004213238156259236,high
福岡県,広島,化学・高分子素材群,208.9,0.527,2807.4,1194.7,6.0,5,660.5418000000001,4662.6418,8.447337476358243,0.007473214285714347,0.06312876310457059,0.021576705367798998,646.2894841982845,4648.389484198285,4.9726799253757505,4.983855795698144,0.011175870322393422,0.002247454187703211,high
福岡県,広島,無機素材群,208.9,0.527,2807.4,1194.7,6.0,21,660.5418000000001,4662.6418,8.447337476358243,0.007473214285714347,0.06312876310457059,0.00898933785077963,654.603966595238,4656.703966595238,22.967748287354574,22.9858008430645,0.018052555709925144,0.0007859958879758534,high
福岡県,福岡,金属素材群,5.0,0.32,360.0,175.0,6.0,57,9.600000000000001,544.6,6.300051580239659,-0.19952678571428567,-1.2570290416394252,0.03010271820155014,9.311013905265119,544.3110139052651,55.350274153116096,55.37734394523106,0.02706979211496474,0.0004890633791637827,high
福岡県,福岡,化学・高分子素材群,5.0,0.32,360.0,175.0,6.0,47,9.600000000000001,544.6,6.300051580239659,-0.19952678571428567,-1.2570290416394252,0.021576705367798998,9.392863628469131,544.3928636284692,48.54242690617304,48.55474288383338,0.012315977660335875,0.0002537157378666141,high
福岡県,福岡,無機素材群,5.0,0.32,360.0,175.0,6.0,99,9.600000000000001,544.6,6.300051580239659,-0.19952678571428567,-1.2570290416394252,0.00898933785077963,9.513702356632518,544.5137023566325,92.50775926190354,92.51661570697878,0.00885644507523864,9.573732134365827e-05,high
熊本,東京,金属素材群,885.5,0.535,10926.0,4577.5,6.0,4,2842.455,18345.955,9.817164393215835,0.015473214285714354,0.15190308833431354,0.03010271820155014,2756.8893781344127,18260.389378134412,1.6185542536027406,1.6260337165665335,0.007479462963792871,0.004621076461999547,high
熊本,東京,化学・高分子素材群,885.5,0.535,10926.0,4577.5,6.0,4,2842.455,18345.955,9.817164393215835,0.015473214285714354,0.15190308833431354,0.021576705367798998,2781.1241859437728,18284.624185943772,3.5372160724380497,3.5459430879563274,0.008727015518277703,0.0024671988760535486,high
熊本,東京,無機素材群,885.5,0.535,10926.0,4577.5,6.0,15,2842.455,18345.955,9.817164393215835,0.015473214285714354,0.15190308833431354,0.00898933785077963,2816.9032116793624,18320.40321167936,12.910357908718042,12.92146562876049,0.011107720042447866,0.0008603727426446559,high
熊本,大阪,金属素材群,490.5,0.547,6186.2,2602.6,6.0,1,1609.8210000000004,10398.621,9.24942848018397,0.027473214285714365,0.25411153065648356,0.03010271820155014,1561.3610120820626,10350.161012082062,1.534663534086319,1.541775706614858,0.007112172528539018,0.00463435298394142,high
熊本,大阪,化学・高分子素材群,490.5,0.547,6186.2,2602.6,6.0,5,1609.8210000000004,10398.621,9.24942848018397,0.027473214285714365,0.25411153065648356,0.021576705367798998,1575.0863665881047,10363.886366588104,4.884193525575162,4.896297136361284,0.012103610786121877,0.002478118592710054,high
熊本,大阪,無機素材群,490.5,0.547,6186.2,2602.6,6.0,15,1609.8210000000004,10398.621,9.24942848018397,0.027473214285714365,0.25411153065648356,0.00898933785077963,1595.3497751517205,10384.14977515172,15.159843778669355,15.17289160524751,0.013047826578155508,0.0008606834455981955,high
熊本,札幌,金属素材群,1471.6,0.648,17959.1,7507.9,6.0,0,5721.5808,31188.5808,10.347807306803226,0.12847321428571434,1.3294160655142115,0.03010271820155014,5549.3456655102,31016.345665510198,0.20988250510119222,0.2110718157028403,0.0011893106016480914,0.005666554251745186,high
熊本,札幌,化学・高分子素材群,1471.6,0.648,17959.1,7507.9,6.0,0,5721.5808,31188.5808,10.347807306803226,0.12847321428571434,1.3294160655142115,0.021576705367798998,5598.127936840344,31065.127936840345,1.0261854142380746,1.0293328661644394,0.003147451926364786,0.003067137656309134,high
熊本,札幌,無機素材群,1471.6,0.648,17959.1,7507.9,6.0,2,5721.5808,31188.5808,10.347807306803226,0.12847321428571434,1.3294160655142115,0.00898933785077963,5670.147577148266,31137.147577148266,3.1914572565428094,3.1947450126367705,0.003287756093961036,0.0010301739392626376,high
熊本,仙台,金属素材群,1101.1,0.623,13512.7,5655.3,6.0,0,4115.9118,23283.9118,10.055517920375518,0.10347321428571432,1.0404767605288565,0.03010271820155014,3992.0116669421645,23160.011666942166,0.24829671436492906,0.24964211628278965,0.0013454019178605892,0.005418524853628196,high
熊本,仙台,化学・高分子素材群,1101.1,0.623,13512.7,5655.3,6.0,1,4115.9118,23283.9118,10.055517920375518,0.10347321428571432,1.0404767605288565,0.021576705367798998,4027.1039837715525,23195.10398377155,1.5060123399422805,1.5104163830088073,0.004404043066526864,0.0029243074241315004,high
熊本,仙台,無機素材群,1101.1,0.623,13512.7,5655.3,6.0,5,4115.9118,23283.9118,10.055517920375518,0.10347321428571432,1.0404767605288565,0.00898933785077963,4078.9124782657896,23246.91247826579,5.94035422655076,5.94623644750778,0.005882220957020401,0.0009902138378767838,high
熊本,名古屋,金属素材群,629.5,0.635,7854.5,3297.7,6.0,2,2398.395,13550.595000000001,9.514185736782883,0.11547321428571433,1.0986336083376167,0.03010271820155014,2326.196791178993,13478.396791178993,0.8588732578966992,0.8635497807671039,0.0046765228704046535,0.005444951076782881,high
熊本,名古屋,化学・高分子素材群,629.5,0.635,7854.5,3297.7,6.0,4,2398.395,13550.595000000001,9.514185736782883,0.11547321428571433,1.0986336083376167,0.021576705367798998,2346.645537729398,13498.845537729398,2.616659464639147,2.6243598328868867,0.007700368247739675,0.0029428239905881686,high
熊本,名古屋,無機素材群,629.5,0.635,7854.5,3297.7,6.0,10,2398.395,13550.595000000001,9.514185736782883,0.11547321428571433,1.0986336083376167,0.00898933785077963,2376.8350170453796,13529.03501704538,9.798189806517248,9.807915758590351,0.009725952073102562,0.000992627440900702,high
熊本,広島,金属素材群,239.0,0.648,3168.6,1345.2,6.0,0,929.2320000000001,5443.032,8.602091537527702,0.12847321428571434,1.1051383494061264,0.03010271820155014,901.2595909601372,5415.059590960137,0.9322994857959493,0.9372138608392695,0.004914375043320152,0.005271240752776465,high
熊本,広島,化学・高分子素材群,239.0,0.648,3168.6,1345.2,6.0,2,929.2320000000001,5443.032,8.602091537527702,0.12847321428571434,1.1051383494061264,0.021576705367798998,909.1822349176695,5422.982234917669,3.318864670765287,3.3283353157681557,0.00947064500286876,0.002853579745595639,high
熊本,広島,無機素材群,239.0,0.648,3168.6,1345.2,6.0,17,929.2320000000001,5443.032,8.602091537527702,0.12847321428571434,1.1051383494061264,0.00898933785077963,920.8788196102445,5434.678819610244,16.012672079346743,16.028021670062873,0.015349590716130734,0.0009585902115568047,high
熊本,福岡,金属素材群,92.0,0.51,1404.5,610.2,6.0,4,281.52,2296.2200000000003,7.739019571664459,-0.009526785714285668,-0.07372798109791015,0.03010271820155014,273.0454827718996,2287.7454827719,5.5974302491519525,5.617721280264958,0.020291031113005786,0.0036250618962299728,high
熊本,福岡,化学・高分子素材群,92.0,0.51,1404.5,610.2,6.0,13,281.52,2296.2200000000003,7.739019571664459,-0.009526785714285668,-0.07372798109791015,0.021576705367798998,275.4457259048572,2290.1457259048575,12.11086851240157,12.134240253526821,0.023371741125250978,0.0019298154464577198,high
熊本,福岡,無機素材群,92.0,0.51,1404.5,610.2,6.0,28,281.52,2296.2200000000003,7.739019571664459,-0.009526785714285668,-0.07372798109791015,0.00898933785077963,278.98932160824853,2293.6893216082485,28.987124943657548,29.006807005988183,0.01968206233063441,0.0006789932554156562,high
