path,type,created_commit_context,status,current_superseded,scientific_authority_role,reproducibility_role,recommendation,sha256,size
01_research_design/quantum_route_optimization_research_summary.md,.md,present at 64b9ee1e687273896570713f1e28ed10a788c39f; tracked,CURRENT_OR_SUPPORTING,current/supporting,"canonical definition, implementation/supporting input, or accepted closure/current status",retain current source/definitions/input/status,KEEP_ACTIVE,0521e9e08ff600740de9be3ebe3bcba510bd369ac7b9b917cf87f2764e1ff19a,45094
01_research_design/quantum_route_optimization_slide_structure.md,.md,present at 64b9ee1e687273896570713f1e28ed10a788c39f; tracked,CURRENT_OR_SUPPORTING,current/supporting,"canonical definition, implementation/supporting input, or accepted closure/current status",retain current source/definitions/input/status,KEEP_ACTIVE,da47eda26685e333bb9d6908bc90215bd4aae670a89807f0fb6d9a39ea00a2a1,19775
01_research_design/research_structure.md,.md,present at 64b9ee1e687273896570713f1e28ed10a788c39f; tracked,CURRENT_OR_SUPPORTING,current/supporting,"canonical definition, implementation/supporting input, or accepted closure/current status",retain current source/definitions/input/status,KEEP_ACTIVE,68b9ed1da16185d231a4357694efd3b11c6f0d63cfeb72b3841a36db5791b10d,4476
05_src/traffic_simulation/R23_NEXT_STEPS.md,.md,present at 64b9ee1e687273896570713f1e28ed10a788c39f; tracked,CURRENT_OR_SUPPORTING,current/supporting,"canonical definition, implementation/supporting input, or accepted closure/current status",retain current source/definitions/input/status,KEEP_ACTIVE,e99614456a2d85a78a17d3b30b5cca926bce3decf7caa48adb7d872412eeeca2,1789
05_src/traffic_simulation/R23_ROADMAP.md,.md,present at 64b9ee1e687273896570713f1e28ed10a788c39f; tracked,CURRENT_OR_SUPPORTING,current/supporting,"canonical definition, implementation/supporting input, or accepted closure/current status",retain current source/definitions/input/status,KEEP_ACTIVE,6d04cd82f9def568a8269654297f6392d9e5078f8a39652339bc9aae23a99f1a,2449
05_src/traffic_simulation/R23_STATUS.md,.md,present at 64b9ee1e687273896570713f1e28ed10a788c39f; tracked,CURRENT_OR_SUPPORTING,current/supporting,"canonical definition, implementation/supporting input, or accepted closure/current status",retain current source/definitions/input/status,KEEP_ACTIVE,cebd9185fe104f9a1051a3e99e7f86af84a2787bba4a94949b9e73523ffffcee,3087
05_src/traffic_simulation/README.md,.md,present at 64b9ee1e687273896570713f1e28ed10a788c39f; tracked,CURRENT_OR_SUPPORTING,current/supporting,"canonical definition, implementation/supporting input, or accepted closure/current status",retain current source/definitions/input/status,KEEP_ACTIVE,a613e05a934b73a94fade5d9fce23e146cc94f5867cc4744540dd881d3281228,9037
05_src/traffic_simulation/confirmed_implementation_and_verification.md,.md,present at 64b9ee1e687273896570713f1e28ed10a788c39f; tracked,CURRENT_OR_SUPPORTING,current/supporting,"canonical definition, implementation/supporting input, or accepted closure/current status",retain current source/definitions/input/status,KEEP_ACTIVE,68cf226468e4888c83a21e4feffd4711778fd7e59ff197cb4c2d350f592f993d,8158
05_src/traffic_simulation/current_issues_and_blockers.md,.md,present at 64b9ee1e687273896570713f1e28ed10a788c39f; tracked,CURRENT_OR_SUPPORTING,current/supporting,"canonical definition, implementation/supporting input, or accepted closure/current status",retain current source/definitions/input/status,KEEP_ACTIVE,1909c02b8232c089fd2a1b1d99837c4f51fff8581abf0aff3bd4d65b4b81d2ef,32003
05_src/traffic_simulation/decisions_required_for_next_steps.md,.md,present at 64b9ee1e687273896570713f1e28ed10a788c39f; tracked,CURRENT_OR_SUPPORTING,current/supporting,"canonical definition, implementation/supporting input, or accepted closure/current status",retain current source/definitions/input/status,KEEP_ACTIVE,1c875713f2aa665808965a67bc8e1dcf7ca00da13124878217dd2c4244fab4d8,20346
05_src/traffic_simulation/evrp_r20_qubo_formulation/build_r20_spec.py,.py,present at 64b9ee1e687273896570713f1e28ed10a788c39f; tracked,CURRENT_OR_SUPPORTING,current/supporting,"canonical definition, implementation/supporting input, or accepted closure/current status",retain current source/definitions/input/status,KEEP_ACTIVE,aa8e913386ce7bd86ccd91d3b6fe5e8ead0539d4ee790ea6dec0e8c01e249ced,10279
05_src/traffic_simulation/implementation_plan.md,.md,present at 64b9ee1e687273896570713f1e28ed10a788c39f; tracked,CURRENT_OR_SUPPORTING,current/supporting,"canonical definition, implementation/supporting input, or accepted closure/current status",retain current source/definitions/input/status,KEEP_ACTIVE,b694a6d8b38023835c75755c82c663ce0412886845cf21767e05b39a196d727e,131243
05_src/traffic_simulation/optimization_comparison_protocol.md,.md,present at 64b9ee1e687273896570713f1e28ed10a788c39f; tracked,CURRENT_OR_SUPPORTING,current/supporting,"canonical definition, implementation/supporting input, or accepted closure/current status",retain current source/definitions/input/status,KEEP_ACTIVE,ff0833a26d598f11b6266d623918567b35721424176232695b4417679056aadf,3071
05_src/traffic_simulation/r20_route_ordering/core.py,.py,present at 64b9ee1e687273896570713f1e28ed10a788c39f; tracked,CURRENT_OR_SUPPORTING,current/supporting,"canonical definition, implementation/supporting input, or accepted closure/current status",retain current source/definitions/input/status,KEEP_ACTIVE,131a310a5cee2d4263d0fa5e33c9b2fb09bdae3bbe3399499e3065b8b56541d1,16057
05_src/traffic_simulation/r20_route_ordering/freeze_r23_instance_authority.py,.py,present at 64b9ee1e687273896570713f1e28ed10a788c39f; tracked,CURRENT_OR_SUPPORTING,current/supporting,"canonical definition, implementation/supporting input, or accepted closure/current status",retain current source/definitions/input/status,KEEP_ACTIVE,f7ae7d206edc48ef70f539d1ee01319543762846d844bc1788596eb53d4053b0,19445
05_src/traffic_simulation/r20_route_ordering/link_r23_authorization_artifact.py,.py,present at 64b9ee1e687273896570713f1e28ed10a788c39f; tracked,CURRENT_OR_SUPPORTING,current/supporting,"canonical definition, implementation/supporting input, or accepted closure/current status",retain current source/definitions/input/status,KEEP_ACTIVE,0df30f7ff2a4d6883c6b4dc9199feb25d0cb152e259ce8fee87612203c158221,789
05_src/traffic_simulation/r20_route_ordering/resolve_r23_design_authority.py,.py,present at 64b9ee1e687273896570713f1e28ed10a788c39f; tracked,CURRENT_OR_SUPPORTING,current/supporting,"canonical definition, implementation/supporting input, or accepted closure/current status",retain current source/definitions/input/status,KEEP_ACTIVE,3982a8713bbf8c549ffb40133976db8ece2583d0fef4b091af8a131bc3c90e2c,372
05_src/traffic_simulation/r20_route_ordering/validate_formal_lambda.py,.py,present at 64b9ee1e687273896570713f1e28ed10a788c39f; tracked,CURRENT_OR_SUPPORTING,current/supporting,"canonical definition, implementation/supporting input, or accepted closure/current status",retain current source/definitions/input/status,KEEP_ACTIVE,c626aac034be4a84a5f411a6c00242ccca98f88c1e1793c6721ec5ae65ed77e9,15055
05_src/traffic_simulation/r20_route_ordering/write_r23_authority_set_manifests.py,.py,present at 64b9ee1e687273896570713f1e28ed10a788c39f; tracked,CURRENT_OR_SUPPORTING,current/supporting,"canonical definition, implementation/supporting input, or accepted closure/current status",retain current source/definitions/input/status,KEEP_ACTIVE,fdd2c7de4ffc27dbaf8a5a26c3813a9578b905145b2f3482511fa2f70924e37e,1536
05_src/traffic_simulation/r23_n5_scaling/run_n5_scaling.py,.py,present at 64b9ee1e687273896570713f1e28ed10a788c39f; tracked,CURRENT_OR_SUPPORTING,current/supporting,"canonical definition, implementation/supporting input, or accepted closure/current status",retain current source/definitions/input/status,KEEP_ACTIVE,76a0b89d4999abad7fb7472740b84ac128c1863571299ef43ed7e9f43924d254,11910
05_src/traffic_simulation/r23_qaoa_aer/__init__.py,.py,present at 64b9ee1e687273896570713f1e28ed10a788c39f; tracked,CURRENT_OR_SUPPORTING,current/supporting,"canonical definition, implementation/supporting input, or accepted closure/current status",retain current source/definitions/input/status,KEEP_ACTIVE,4936c3c2b76de8e11677282ba487159618c015432075d0963a297621b5a99a4f,358
05_src/traffic_simulation/r23_qaoa_aer/artifact.py,.py,present at 64b9ee1e687273896570713f1e28ed10a788c39f; tracked,CURRENT_OR_SUPPORTING,current/supporting,"canonical definition, implementation/supporting input, or accepted closure/current status",retain current source/definitions/input/status,KEEP_ACTIVE,66285aff39ee9e1008070070e5e4a16713f392a967a8d4bb838bf6e660e1727b,9496
05_src/traffic_simulation/r23_qaoa_aer/execution_provenance.py,.py,present at 64b9ee1e687273896570713f1e28ed10a788c39f; tracked,CURRENT_OR_SUPPORTING,current/supporting,"canonical definition, implementation/supporting input, or accepted closure/current status",retain current source/definitions/input/status,KEEP_ACTIVE,2e2f5b5f31fdd1a243e09018849e94ef73c760930426b6d7fd42c8769afbac59,4401
05_src/traffic_simulation/r23_qaoa_aer/hamiltonian.py,.py,present at 64b9ee1e687273896570713f1e28ed10a788c39f; tracked,CURRENT_OR_SUPPORTING,current/supporting,"canonical definition, implementation/supporting input, or accepted closure/current status",retain current source/definitions/input/status,KEEP_ACTIVE,f38947e84cdb1094cd35c80462ed7db9c693da7e0f2f622e187053c235435f03,2291
05_src/traffic_simulation/r23_qaoa_aer/initialization.py,.py,present at 64b9ee1e687273896570713f1e28ed10a788c39f; tracked,CURRENT_OR_SUPPORTING,current/supporting,"canonical definition, implementation/supporting input, or accepted closure/current status",retain current source/definitions/input/status,KEEP_ACTIVE,8fdac4a5f110e1890bf2cabcfcfd6cf257897eaeae1f45a5aa50228b27872188,1507
05_src/traffic_simulation/r23_qaoa_aer/metrics.py,.py,present at 64b9ee1e687273896570713f1e28ed10a788c39f; tracked,CURRENT_OR_SUPPORTING,current/supporting,"canonical definition, implementation/supporting input, or accepted closure/current status",retain current source/definitions/input/status,KEEP_ACTIVE,76cd7e838eeb7817f0bc5021299ad27ce8c6d70b1735280026918840704667e8,4055
05_src/traffic_simulation/r23_qaoa_aer/optimized_metrics_v4.py,.py,present at 64b9ee1e687273896570713f1e28ed10a788c39f; tracked,CURRENT_OR_SUPPORTING,current/supporting,"canonical definition, implementation/supporting input, or accepted closure/current status",retain current source/definitions/input/status,KEEP_ACTIVE,1ea9d3cb0efeb6df3c7ef57f6d89541388d0089d1f58361254d284b3fcbdc187,5968
05_src/traffic_simulation/r23_qaoa_aer/optimizers.py,.py,present at 64b9ee1e687273896570713f1e28ed10a788c39f; tracked,CURRENT_OR_SUPPORTING,current/supporting,"canonical definition, implementation/supporting input, or accepted closure/current status",retain current source/definitions/input/status,KEEP_ACTIVE,7fcbdf1f0572712f277e4afccef6c30ac3dedff8a7e1f3c6f27c40b6396ef710,3605
05_src/traffic_simulation/r23_qaoa_aer/qaoa.py,.py,present at 64b9ee1e687273896570713f1e28ed10a788c39f; tracked,CURRENT_OR_SUPPORTING,current/supporting,"canonical definition, implementation/supporting input, or accepted closure/current status",retain current source/definitions/input/status,KEEP_ACTIVE,89097d258d1422a196818e194fafdbf406b06a6abc94b30f6c27eeffbecbb8d7,21353
05_src/traffic_simulation/r23_qaoa_aer/schema.py,.py,present at 64b9ee1e687273896570713f1e28ed10a788c39f; tracked,CURRENT_OR_SUPPORTING,current/supporting,"canonical definition, implementation/supporting input, or accepted closure/current status",retain current source/definitions/input/status,KEEP_ACTIVE,0b9e74c7dcf5ede92e295cee6344dd45044923a7c56ccc56dd28826c721c19d5,17604
05_src/traffic_simulation/specifications/R20_QAOA_SUBPROBLEM_SPEC.md,.md,present at 64b9ee1e687273896570713f1e28ed10a788c39f; tracked,CURRENT_OR_SUPPORTING,current/supporting,"canonical definition, implementation/supporting input, or accepted closure/current status",retain current source/definitions/input/status,KEEP_ACTIVE,afe7a8d656d5c41685daf03a8b733881228c9ef8a83ef20fba78e7fd00992890,58235
05_src/traffic_simulation/specifications/R23_EXPERIMENT_B_DESIGN_V1.md,.md,present at 64b9ee1e687273896570713f1e28ed10a788c39f; tracked,CURRENT_OR_SUPPORTING,current/supporting,"canonical definition, implementation/supporting input, or accepted closure/current status",retain current source/definitions/input/status,KEEP_ACTIVE,4c53d4af1e2ca16d4dddc6c5e04675ae338e4f78759f64090ae4c9b210dd74f4,5715
05_src/traffic_simulation/specifications/R23_FORMAL_EXPERIMENT_DESIGN_V1.md,.md,present at 64b9ee1e687273896570713f1e28ed10a788c39f; tracked,CURRENT_OR_SUPPORTING,current/supporting,"canonical definition, implementation/supporting input, or accepted closure/current status",retain current source/definitions/input/status,KEEP_ACTIVE,6726406a7d3ae01971547994763b56f67bc0b6379ef856b35c10282aa807d1b0,3084
05_src/traffic_simulation/specifications/R23_I03_VALIDATION_GATE_CONTRACT.md,.md,present at 64b9ee1e687273896570713f1e28ed10a788c39f; tracked,CURRENT_OR_SUPPORTING,current/supporting,"canonical definition, implementation/supporting input, or accepted closure/current status",retain current source/definitions/input/status,KEEP_ACTIVE,6a70acd2b55facd19176d53a45da3e51b6105e727af9a5053e73f2b59a67d137,4392
05_src/traffic_simulation/specifications/R23_IMPLEMENTATION_CONTRACT.md,.md,present at 64b9ee1e687273896570713f1e28ed10a788c39f; tracked,CURRENT_OR_SUPPORTING,current/supporting,"canonical definition, implementation/supporting input, or accepted closure/current status",retain current source/definitions/input/status,KEEP_ACTIVE,0fc3fb50d2baf5dc6d6782f11eeda983d7400d662cb36dda752005fd6d1d2630,4514
05_src/traffic_simulation/specifications/R23_REDUCED_PROBLEM_CANONICAL.md,.md,present at 64b9ee1e687273896570713f1e28ed10a788c39f; tracked,CURRENT_OR_SUPPORTING,current/supporting,"canonical definition, implementation/supporting input, or accepted closure/current status",retain current source/definitions/input/status,KEEP_ACTIVE,51c1e41982cb211eddff60d6f0086ce7b828477fd47b5830df4f79fd753ee821,4429
05_src/traffic_simulation/specifications/R23_RUNTIME_REMEDIATION_CONTRACT.md,.md,present at 64b9ee1e687273896570713f1e28ed10a788c39f; tracked,CURRENT_OR_SUPPORTING,current/supporting,"canonical definition, implementation/supporting input, or accepted closure/current status",retain current source/definitions/input/status,KEEP_ACTIVE,3a6159718a459e8c2d97e789f283d18c28e8c515e5decc988142e5d6426fae44,6385
05_src/traffic_simulation/specifications/README.md,.md,present at 64b9ee1e687273896570713f1e28ed10a788c39f; tracked,CURRENT_OR_SUPPORTING,current/supporting,"canonical definition, implementation/supporting input, or accepted closure/current status",retain current source/definitions/input/status,KEEP_ACTIVE,86c9433d8bdb1f692654e5fe6033729e5929b6762635c7cfef25c6d58e0524a4,2135
05_src/traffic_simulation/specifications/ROUTING_BASELINE_CANONICAL.md,.md,present at 64b9ee1e687273896570713f1e28ed10a788c39f; tracked,CURRENT_OR_SUPPORTING,current/supporting,"canonical definition, implementation/supporting input, or accepted closure/current status",retain current source/definitions/input/status,KEEP_ACTIVE,9eb9966d922a0164d94cd0e4c1c1b805d172bb429c1efcd93d50d721d67f1260,2914
05_src/traffic_simulation/validation/r23_evidence_gate.py,.py,present at 64b9ee1e687273896570713f1e28ed10a788c39f; tracked,CURRENT_OR_SUPPORTING,current/supporting,"canonical definition, implementation/supporting input, or accepted closure/current status",retain current source/definitions/input/status,KEEP_ACTIVE,02c31471aedb86ee92b22ffa876ae5525964765923b40b869225161ad689de6a,23063
05_src/traffic_simulation/validation/r23_lineage_gate.py,.py,present at 64b9ee1e687273896570713f1e28ed10a788c39f; tracked,CURRENT_OR_SUPPORTING,current/supporting,"canonical definition, implementation/supporting input, or accepted closure/current status",retain current source/definitions/input/status,KEEP_ACTIVE,a12d8bf8610125374388e65eaba3b06cb7e432e148519c2a8bc8e8c37ebf5f57,2241
05_src/traffic_simulation/validation/r23_validation_gate.py,.py,present at 64b9ee1e687273896570713f1e28ed10a788c39f; tracked,CURRENT_OR_SUPPORTING,current/supporting,"canonical definition, implementation/supporting input, or accepted closure/current status",retain current source/definitions/input/status,KEEP_ACTIVE,8eea6f4c0067c463ad3244083ceeeae6d68e90e4afbc50dd215a4a8c0a3323ef,2310
05_src/traffic_simulation/validation/test_r23_experiment_b_implementation.py,.py,present at 64b9ee1e687273896570713f1e28ed10a788c39f; tracked,CURRENT_OR_SUPPORTING,current/supporting,"canonical definition, implementation/supporting input, or accepted closure/current status",retain current source/definitions/input/status,KEEP_ACTIVE,f6af9bb0bbaef6f672162f31168f0fcd48c6286cfe48b46766fb36c0d7fb1b97,5304
05_src/traffic_simulation/validation/test_r23_formal_instance_loader.py,.py,present at 64b9ee1e687273896570713f1e28ed10a788c39f; tracked,CURRENT_OR_SUPPORTING,current/supporting,"canonical definition, implementation/supporting input, or accepted closure/current status",retain current source/definitions/input/status,KEEP_ACTIVE,123067f5fd953e5025cc98aa36e7cad26b11c03ff1cba345378682cea504bc39,1877
05_src/traffic_simulation/validation/test_r23_implementation_contract.py,.py,present at 64b9ee1e687273896570713f1e28ed10a788c39f; tracked,CURRENT_OR_SUPPORTING,current/supporting,"canonical definition, implementation/supporting input, or accepted closure/current status",retain current source/definitions/input/status,KEEP_ACTIVE,f5517b5ae45d457990a5b89ce1a0b276dfc27da4f82cff5121a1b83be8822080,5838
05_src/traffic_simulation/validation/test_r23_optimized_metrics_v4_contract.py,.py,present at 64b9ee1e687273896570713f1e28ed10a788c39f; tracked,CURRENT_OR_SUPPORTING,current/supporting,"canonical definition, implementation/supporting input, or accepted closure/current status",retain current source/definitions/input/status,KEEP_ACTIVE,2662a5a88a0ff9cde03f0f8af5b756b6dcd03eaccaf80f4f9fbf7f511d0adac1,1712
05_src/traffic_simulation/validation/test_r23_qaoa_aer.py,.py,present at 64b9ee1e687273896570713f1e28ed10a788c39f; tracked,CURRENT_OR_SUPPORTING,current/supporting,"canonical definition, implementation/supporting input, or accepted closure/current status",retain current source/definitions/input/status,KEEP_ACTIVE,f3c5cb802402e567235d14117ca2556e3dcf4469a42f75e2c0b0246f9f1b904d,4556
05_src/traffic_simulation/visualization/README.md,.md,present at 64b9ee1e687273896570713f1e28ed10a788c39f; tracked,CURRENT_OR_SUPPORTING,current/supporting,"canonical definition, implementation/supporting input, or accepted closure/current status",retain current source/definitions/input/status,KEEP_ACTIVE,a5cb7b8e8b0144ef23c2a056614ff89d309ed3b04ac7c881a27252136f042348,33389
20260903_20260903_RESEARCH_OVERVIEW.md,.md,present at 64b9ee1e687273896570713f1e28ed10a788c39f; tracked,CURRENT_OR_SUPPORTING,current/supporting,"canonical definition, implementation/supporting input, or accepted closure/current status",retain current source/definitions/input/status,KEEP_ACTIVE,7d3345cacce060fff031ab6377422847ee78c84441d5f155cd2deaa1c29692f2,27762
EVRP_EXECUTION_PLAN.md,.md,present at 64b9ee1e687273896570713f1e28ed10a788c39f; tracked,CURRENT_OR_SUPPORTING,current/supporting,"canonical definition, implementation/supporting input, or accepted closure/current status",retain current source/definitions/input/status,KEEP_ACTIVE,3586ce9bf7030e64b419e79526135f089f022741cd882a32d27cdc0920a21be0,274840
README.md,.md,present at 64b9ee1e687273896570713f1e28ed10a788c39f; tracked,CURRENT_OR_SUPPORTING,current/supporting,"canonical definition, implementation/supporting input, or accepted closure/current status",retain current source/definitions/input/status,KEEP_ACTIVE,18212fbd69d7ff5bc0c5d076faf48f1e4daea8b2d774a2b7389db28212075ed5,31315
README_v2.md,.md,present at 64b9ee1e687273896570713f1e28ed10a788c39f; tracked,RETAINED_AS_HISTORICAL_EVIDENCE,superseded historical overview,"historical overview, not current authority",retain current source/definitions/input/status,ARCHIVE,1fd99cc2b7d00216302696d26a072ac29605b42ecbc1839159dd040607b45f85,77713
RESEARCH_OVERVIEW.md,.md,present at 64b9ee1e687273896570713f1e28ed10a788c39f; tracked,CURRENT_OR_SUPPORTING,current/supporting,"canonical definition, implementation/supporting input, or accepted closure/current status",retain current source/definitions/input/status,KEEP_ACTIVE,9b0bbe32204fda11c3f5a70ca3c492086bec23d384d62bfa4b1edfd1a4532229,2533
RESEARCH_PIPELINE_REFERENCE.md,.md,present at 64b9ee1e687273896570713f1e28ed10a788c39f; tracked,CURRENT_OR_SUPPORTING,current/supporting,"canonical definition, implementation/supporting input, or accepted closure/current status",retain current source/definitions/input/status,KEEP_ACTIVE,ba5d3be89075039a5cecc38cd3c59182e9fa860e9e831e2e4ae3cd36b2fabd10,97185
RESEARCH_STATUS.md,.md,present at 64b9ee1e687273896570713f1e28ed10a788c39f; tracked,CURRENT_OR_SUPPORTING,current/supporting,"canonical definition, implementation/supporting input, or accepted closure/current status",retain current source/definitions/input/status,KEEP_ACTIVE,8fe00be3e300f24b1a337e67977807f12d3ef3bd72076cf93c5c2a9b246ec103,6970
reproducibility/README.md,.md,present at 64b9ee1e687273896570713f1e28ed10a788c39f; tracked,CURRENT_OR_SUPPORTING,current/supporting,"canonical definition, implementation/supporting input, or accepted closure/current status",retain current source/definitions/input/status,KEEP_ACTIVE,2a33384a4ab8140c507ede43e54f906ce0184d60dac15add91dd1215925d79a9,1693
reproducibility/config/traffic_simulation/r20_formal_penalty/20260911_r20_formal_lambda_v1.json,.json,present at 64b9ee1e687273896570713f1e28ed10a788c39f; tracked,CURRENT_OR_SUPPORTING,current/supporting,"canonical definition, implementation/supporting input, or accepted closure/current status",retain current source/definitions/input/status,KEEP_ACTIVE,8f6f3b8feeeb85b556dc6fb23478fa5ef529bfac2ac4beb68c2d2bc7ff62bf95,3570
reproducibility/config/traffic_simulation/r23_experiment_b/20260911_experiment_b_v1.json,.json,present at 64b9ee1e687273896570713f1e28ed10a788c39f; tracked,CURRENT_OR_SUPPORTING,current/supporting,"canonical definition, implementation/supporting input, or accepted closure/current status",retain current source/definitions/input/status,KEEP_ACTIVE,f14ce583419bee74964d1445f3cbc182da8bc8c482083992625396d7ab1b45ed,11700
reproducibility/config/traffic_simulation/r23_experiment_b_amendments/20260911_nelder_mead_settings_v1.json,.json,present at 64b9ee1e687273896570713f1e28ed10a788c39f; tracked,CURRENT_OR_SUPPORTING,current/supporting,"canonical definition, implementation/supporting input, or accepted closure/current status",retain current source/definitions/input/status,KEEP_ACTIVE,bf6acf30ccd04615237dbdac9dba14b707d8b59f70514960597d04ec09e371fd,3731
reproducibility/config/traffic_simulation/r23_formal_experiment/20260911_r23_formal_v1.json,.json,present at 64b9ee1e687273896570713f1e28ed10a788c39f; tracked,CURRENT_OR_SUPPORTING,current/supporting,"canonical definition, implementation/supporting input, or accepted closure/current status",retain current source/definitions/input/status,KEEP_ACTIVE,9259b8c9e5b872f3f59a7a53b7bae07e053c9d1644573cfd1ead30668253805c,12536
reproducibility/config/traffic_simulation/r23_formal_experiment_amendments/20260911_corrective_completion_authorization_v1.json,.json,present at 64b9ee1e687273896570713f1e28ed10a788c39f; tracked,CURRENT_OR_SUPPORTING,current/supporting,"canonical definition, implementation/supporting input, or accepted closure/current status",retain current source/definitions/input/status,KEEP_ACTIVE,60e57854ef93ddb93982ee6a5c21bd9f97378bd4e312ad56cd67b5e9bc825125,2130
reproducibility/config/traffic_simulation/r23_formal_experiment_amendments/20260911_wall_time_policy_v1.json,.json,present at 64b9ee1e687273896570713f1e28ed10a788c39f; tracked,CURRENT_OR_SUPPORTING,current/supporting,"canonical definition, implementation/supporting input, or accepted closure/current status",retain current source/definitions/input/status,KEEP_ACTIVE,1cccff923d0da811776909a54a752cdc978b03004091151d6a9d5a5b825b484e,7546
reproducibility/config/traffic_simulation/r23_formal_instances/20260911_r23_formal_instances_v1.json,.json,present at 64b9ee1e687273896570713f1e28ed10a788c39f; tracked,CURRENT_OR_SUPPORTING,current/supporting,"canonical definition, implementation/supporting input, or accepted closure/current status",retain current source/definitions/input/status,KEEP_ACTIVE,18dde59308b796e00dade87152ae52421a30ae7b18a11dd6be45ef1840c65381,37893
reproducibility/config/traffic_simulation/r23_pilot_configuration/20260910_r23_reduced_pilot_v1.json,.json,present at 64b9ee1e687273896570713f1e28ed10a788c39f; tracked,CURRENT_OR_SUPPORTING,current/supporting,"canonical definition, implementation/supporting input, or accepted closure/current status",retain current source/definitions/input/status,KEEP_ACTIVE,5729bca462fd68bbf4f6ab6b3f5b24412086bb757fe6ce17c35730149915b79d,9054
reproducibility/config/traffic_simulation/research_stage.yml,.yml,present at 64b9ee1e687273896570713f1e28ed10a788c39f; tracked,CURRENT_OR_SUPPORTING,current/supporting,"canonical definition, implementation/supporting input, or accepted closure/current status",retain current source/definitions/input/status,KEEP_ACTIVE,f857323628248018e84a3d284bccbc721b286c137841c1d893b287f5dab8ec5b,6027
reproducibility/config/traffic_simulation/schemas/r23_formal_manifest.schema.json,.json,present at 64b9ee1e687273896570713f1e28ed10a788c39f; tracked,CURRENT_OR_SUPPORTING,current/supporting,"canonical definition, implementation/supporting input, or accepted closure/current status",retain current source/definitions/input/status,KEEP_ACTIVE,adc4996d104963fb43bb77be8a9a3e728896a22a5e713f9691145131477a05f2,2049
reproducibility/indexes/research_repository_index_v17.yml,.yml,present at 64b9ee1e687273896570713f1e28ed10a788c39f; tracked,CURRENT_OR_SUPPORTING,current/supporting,"canonical definition, implementation/supporting input, or accepted closure/current status",retain current source/definitions/input/status,KEEP_ACTIVE,981a28bc40689835940b93d13e6dd6900d2f39053b38b1be1ec623803b614c87,8769
reproducibility/outputs/traffic_simulation/demand/evrp_r13_routing/20260909_r13_routing_fixture_n10_v18_geometry_reaccepted/routing_arcs.csv,.csv,local retained artifact at starting HEAD; original manifests supply creation lineage,CURRENT_OR_SUPPORTING,current/supporting,"canonical definition, implementation/supporting input, or accepted closure/current status",retain current source/definitions/input/status,KEEP_ACTIVE,29c1a68a71838bb44629cbf4bf7230a0492e9484c0a97d0c2fb2e370f2ca2ec1,322310
reproducibility/outputs/traffic_simulation/r23_environment_validation/20260911_frozen_existing_env/environment_validation.json,.json,local retained artifact at starting HEAD; original manifests supply creation lineage,RETAINED_AS_HISTORICAL_EVIDENCE,superseded process or archived supporting evidence,immutable supporting scientific/audit evidence; current authority is R23_STATUS,"retain original bytes, manifests, raw outputs, negative fixtures, historical path metadata",ARCHIVE,14ba4448add16de4f0ae7d7225b4065b91dbf544fdc017cb4273e538b73999cf,5954
reproducibility/outputs/traffic_simulation/r23_environment_validation/20260911_frozen_existing_env/manifest.json,.json,local retained artifact at starting HEAD; original manifests supply creation lineage,RETAINED_AS_HISTORICAL_EVIDENCE,superseded process or archived supporting evidence,immutable supporting scientific/audit evidence; current authority is R23_STATUS,"retain original bytes, manifests, raw outputs, negative fixtures, historical path metadata",ARCHIVE,61ddc212e480cf29451a5711a7d51bfc47e910f755e181b55c2fea8474292c37,1517
reproducibility/outputs/traffic_simulation/r23_experiment_b1/20260911_v1/b1_summary.json,.json,present at 64b9ee1e687273896570713f1e28ed10a788c39f; tracked,RETAINED_AS_HISTORICAL_EVIDENCE,superseded process or archived supporting evidence,immutable supporting scientific/audit evidence; current authority is R23_STATUS,"retain original bytes, manifests, raw outputs, negative fixtures, historical path metadata",ARCHIVE,3e415c7e38baafd53c468e22299eea1487d6ea6e6e8320943cb33a200207ad92,595
reproducibility/outputs/traffic_simulation/r23_experiment_b1/20260911_v1/execution_preflight.json,.json,present at 64b9ee1e687273896570713f1e28ed10a788c39f; tracked,RETAINED_AS_HISTORICAL_EVIDENCE,superseded process or archived supporting evidence,immutable supporting scientific/audit evidence; current authority is R23_STATUS,"retain original bytes, manifests, raw outputs, negative fixtures, historical path metadata",ARCHIVE,2d351290df7a1ae31755a71d1663a79a8a8a357c41bd27ba0413de76b89a515c,4045
reproducibility/outputs/traffic_simulation/r23_experiment_b1/20260911_v1/initialization_robustness_summary.json,.json,present at 64b9ee1e687273896570713f1e28ed10a788c39f; tracked,RETAINED_AS_HISTORICAL_EVIDENCE,superseded process or archived supporting evidence,immutable supporting scientific/audit evidence; current authority is R23_STATUS,"retain original bytes, manifests, raw outputs, negative fixtures, historical path metadata",ARCHIVE,eba6b20f88e65e14efcf4ee0e934005eceef5f4e74dec26798c976cb94fd73ba,288
reproducibility/outputs/traffic_simulation/r23_experiment_b1/20260911_v1/integrity.json,.json,present at 64b9ee1e687273896570713f1e28ed10a788c39f; tracked,RETAINED_AS_HISTORICAL_EVIDENCE,superseded process or archived supporting evidence,immutable supporting scientific/audit evidence; current authority is R23_STATUS,"retain original bytes, manifests, raw outputs, negative fixtures, historical path metadata",ARCHIVE,5b84b122e22a9f43fdb6ee7f5fbb6051d46dcfa2cb235c407c2d0f63bce6dbbf,578
reproducibility/outputs/traffic_simulation/r23_experiment_b1/20260911_v1/manifest.json,.json,present at 64b9ee1e687273896570713f1e28ed10a788c39f; tracked,RETAINED_AS_HISTORICAL_EVIDENCE,superseded process or archived supporting evidence,immutable supporting scientific/audit evidence; current authority is R23_STATUS,"retain original bytes, manifests, raw outputs, negative fixtures, historical path metadata",ARCHIVE,40d06c87fb4ddd3c72368416a6529dec4b9dfada5a928579d0278ebf3a0be910,805
reproducibility/outputs/traffic_simulation/r23_experiment_b1/20260911_v1/progress.json,.json,present at 64b9ee1e687273896570713f1e28ed10a788c39f; tracked,RETAINED_AS_HISTORICAL_EVIDENCE,superseded process or archived supporting evidence,immutable supporting scientific/audit evidence; current authority is R23_STATUS,"retain original bytes, manifests, raw outputs, negative fixtures, historical path metadata",ARCHIVE,b83e5c2039908a48fbbb93ceaf55b3cb78502359be5d5ce3e0ca2e81fed10623,177
reproducibility/outputs/traffic_simulation/r23_experiment_b1/20260911_v1/runs/routing_v18_n4_rank01_p2_init_fixed01_rep1_optimizer_cobyla.json,.json,present at 64b9ee1e687273896570713f1e28ed10a788c39f; tracked,RETAINED_AS_HISTORICAL_EVIDENCE,superseded process or archived supporting evidence,immutable supporting scientific/audit evidence; current authority is R23_STATUS,"retain original bytes, manifests, raw outputs, negative fixtures, historical path metadata",ARCHIVE,f8cf92e56222ed5756c02138b980607cfe47e174f48784a15cf81f80b7da18e6,849
reproducibility/outputs/traffic_simulation/r23_experiment_b1/20260911_v1/runs/routing_v18_n4_rank01_p2_init_random_seed_11_rep1_optimizer_cobyla.json,.json,present at 64b9ee1e687273896570713f1e28ed10a788c39f; tracked,RETAINED_AS_HISTORICAL_EVIDENCE,superseded process or archived supporting evidence,immutable supporting scientific/audit evidence; current authority is R23_STATUS,"retain original bytes, manifests, raw outputs, negative fixtures, historical path metadata",ARCHIVE,3b6333961ac19464c38db9ea3058cea8771f9fdd4ab5b5ddda92344a68e8faab,869
reproducibility/outputs/traffic_simulation/r23_experiment_b1/20260911_v1/runs/routing_v18_n4_rank01_p2_init_random_seed_23_rep1_optimizer_cobyla.json,.json,present at 64b9ee1e687273896570713f1e28ed10a788c39f; tracked,RETAINED_AS_HISTORICAL_EVIDENCE,superseded process or archived supporting evidence,immutable supporting scientific/audit evidence; current authority is R23_STATUS,"retain original bytes, manifests, raw outputs, negative fixtures, historical path metadata",ARCHIVE,31b4c4a808d5d6c6a52fa3a12600cfadc100f403409e96ab3bfebba9fcb180a8,869
reproducibility/outputs/traffic_simulation/r23_experiment_b1/20260911_v1/runs/routing_v18_n4_rank01_p2_init_random_seed_37_rep1_optimizer_cobyla.json,.json,present at 64b9ee1e687273896570713f1e28ed10a788c39f; tracked,RETAINED_AS_HISTORICAL_EVIDENCE,superseded process or archived supporting evidence,immutable supporting scientific/audit evidence; current authority is R23_STATUS,"retain original bytes, manifests, raw outputs, negative fixtures, historical path metadata",ARCHIVE,168947f3a651383036c67074596c10d2184bfcebf407a494e54a5f81d8e364dd,869
reproducibility/outputs/traffic_simulation/r23_experiment_b1/20260911_v1/runs/routing_v18_n4_rank01_p2_init_random_seed_53_rep1_optimizer_cobyla.json,.json,present at 64b9ee1e687273896570713f1e28ed10a788c39f; tracked,RETAINED_AS_HISTORICAL_EVIDENCE,superseded process or archived supporting evidence,immutable supporting scientific/audit evidence; current authority is R23_STATUS,"retain original bytes, manifests, raw outputs, negative fixtures, historical path metadata",ARCHIVE,3ed29070348e8c1df4968936eb94e8ddb4f583bccde668984a3b600a82b3fdee,867
reproducibility/outputs/traffic_simulation/r23_experiment_b1/20260911_v1/runs/routing_v18_n4_rank01_p2_init_random_seed_71_rep1_optimizer_cobyla.json,.json,present at 64b9ee1e687273896570713f1e28ed10a788c39f; tracked,RETAINED_AS_HISTORICAL_EVIDENCE,superseded process or archived supporting evidence,immutable supporting scientific/audit evidence; current authority is R23_STATUS,"retain original bytes, manifests, raw outputs, negative fixtures, historical path metadata",ARCHIVE,6f5fdace5deb3646ec5b9c0c91aec3fd5811e5edd43a76a047308c20c6658139,868
reproducibility/outputs/traffic_simulation/r23_experiment_b1/20260911_v1/runs/routing_v18_n4_rank01_p3_init_fixed01_rep1_optimizer_cobyla.json,.json,present at 64b9ee1e687273896570713f1e28ed10a788c39f; tracked,RETAINED_AS_HISTORICAL_EVIDENCE,superseded process or archived supporting evidence,immutable supporting scientific/audit evidence; current authority is R23_STATUS,"retain original bytes, manifests, raw outputs, negative fixtures, historical path metadata",ARCHIVE,55c3e9ff365ddb2ac7180a0a70e8c5042fd8be811bcd6334c579d94eec22ed5b,850
reproducibility/outputs/traffic_simulation/r23_experiment_b1/20260911_v1/runs/routing_v18_n4_rank01_p3_init_random_seed_11_rep1_optimizer_cobyla.json,.json,present at 64b9ee1e687273896570713f1e28ed10a788c39f; tracked,RETAINED_AS_HISTORICAL_EVIDENCE,superseded process or archived supporting evidence,immutable supporting scientific/audit evidence; current authority is R23_STATUS,"retain original bytes, manifests, raw outputs, negative fixtures, historical path metadata",ARCHIVE,806061d95f10f3511e26c3be2c0ae1aeca79bdb844d80c65dbbba4a943c94a1c,869
reproducibility/outputs/traffic_simulation/r23_experiment_b1/20260911_v1/runs/routing_v18_n4_rank01_p3_init_random_seed_23_rep1_optimizer_cobyla.json,.json,present at 64b9ee1e687273896570713f1e28ed10a788c39f; tracked,RETAINED_AS_HISTORICAL_EVIDENCE,superseded process or archived supporting evidence,immutable supporting scientific/audit evidence; current authority is R23_STATUS,"retain original bytes, manifests, raw outputs, negative fixtures, historical path metadata",ARCHIVE,5dbaebd4725f0c9dd3f113346db6bdc68d55eafd32efde4cbc250b43f8c19a1b,869
reproducibility/outputs/traffic_simulation/r23_experiment_b1/20260911_v1/runs/routing_v18_n4_rank01_p3_init_random_seed_37_rep1_optimizer_cobyla.json,.json,present at 64b9ee1e687273896570713f1e28ed10a788c39f; tracked,RETAINED_AS_HISTORICAL_EVIDENCE,superseded process or archived supporting evidence,immutable supporting scientific/audit evidence; current authority is R23_STATUS,"retain original bytes, manifests, raw outputs, negative fixtures, historical path metadata",ARCHIVE,db2dab68aefd4db048b096b44ece619c22e547d6dda845d2c5ba8ed81c4037fd,870
reproducibility/outputs/traffic_simulation/r23_experiment_b1/20260911_v1/runs/routing_v18_n4_rank01_p3_init_random_seed_53_rep1_optimizer_cobyla.json,.json,present at 64b9ee1e687273896570713f1e28ed10a788c39f; tracked,RETAINED_AS_HISTORICAL_EVIDENCE,superseded process or archived supporting evidence,immutable supporting scientific/audit evidence; current authority is R23_STATUS,"retain original bytes, manifests, raw outputs, negative fixtures, historical path metadata",ARCHIVE,c6b6198e2dddd2dd51b06778bc1de10e267bee436d77c3faa8a5eb545b65e671,869
reproducibility/outputs/traffic_simulation/r23_experiment_b1/20260911_v1/runs/routing_v18_n4_rank01_p3_init_random_seed_71_rep1_optimizer_cobyla.json,.json,present at 64b9ee1e687273896570713f1e28ed10a788c39f; tracked,RETAINED_AS_HISTORICAL_EVIDENCE,superseded process or archived supporting evidence,immutable supporting scientific/audit evidence; current authority is R23_STATUS,"retain original bytes, manifests, raw outputs, negative fixtures, historical path metadata",ARCHIVE,c914ffdcd739231fc6b1bd3e1bc5cd3348fdcbf546e65f789bffe9a78e0c4d73,869
reproducibility/outputs/traffic_simulation/r23_experiment_b1/20260911_v1/runs/routing_v18_n4_rank03_p2_init_fixed01_rep1_optimizer_cobyla.json,.json,present at 64b9ee1e687273896570713f1e28ed10a788c39f; tracked,RETAINED_AS_HISTORICAL_EVIDENCE,superseded process or archived supporting evidence,immutable supporting scientific/audit evidence; current authority is R23_STATUS,"retain original bytes, manifests, raw outputs, negative fixtures, historical path metadata",ARCHIVE,0cfc54db7e17fdb745ce2bac338aa5025ea0953ce4844f74f789664439086bd3,850
reproducibility/outputs/traffic_simulation/r23_experiment_b1/20260911_v1/runs/routing_v18_n4_rank03_p2_init_random_seed_11_rep1_optimizer_cobyla.json,.json,present at 64b9ee1e687273896570713f1e28ed10a788c39f; tracked,RETAINED_AS_HISTORICAL_EVIDENCE,superseded process or archived supporting evidence,immutable supporting scientific/audit evidence; current authority is R23_STATUS,"retain original bytes, manifests, raw outputs, negative fixtures, historical path metadata",ARCHIVE,d1909a2f7662b97297271913afe9177e82ba6e618d1fef7f92c96275c0b01eea,870
reproducibility/outputs/traffic_simulation/r23_experiment_b1/20260911_v1/runs/routing_v18_n4_rank03_p2_init_random_seed_23_rep1_optimizer_cobyla.json,.json,present at 64b9ee1e687273896570713f1e28ed10a788c39f; tracked,RETAINED_AS_HISTORICAL_EVIDENCE,superseded process or archived supporting evidence,immutable supporting scientific/audit evidence; current authority is R23_STATUS,"retain original bytes, manifests, raw outputs, negative fixtures, historical path metadata",ARCHIVE,ed75fd0027f13ab50203513c3cbd47d6c92113bdd308e42bb0ab145939077a4c,869
reproducibility/outputs/traffic_simulation/r23_experiment_b1/20260911_v1/runs/routing_v18_n4_rank03_p2_init_random_seed_37_rep1_optimizer_cobyla.json,.json,present at 64b9ee1e687273896570713f1e28ed10a788c39f; tracked,RETAINED_AS_HISTORICAL_EVIDENCE,superseded process or archived supporting evidence,immutable supporting scientific/audit evidence; current authority is R23_STATUS,"retain original bytes, manifests, raw outputs, negative fixtures, historical path metadata",ARCHIVE,0662761f96817c9e1acfc3a34d6a25857baed46dd43d11e5aa6cf04632b3cc4e,870
reproducibility/outputs/traffic_simulation/r23_experiment_b1/20260911_v1/runs/routing_v18_n4_rank03_p2_init_random_seed_53_rep1_optimizer_cobyla.json,.json,present at 64b9ee1e687273896570713f1e28ed10a788c39f; tracked,RETAINED_AS_HISTORICAL_EVIDENCE,superseded process or archived supporting evidence,immutable supporting scientific/audit evidence; current authority is R23_STATUS,"retain original bytes, manifests, raw outputs, negative fixtures, historical path metadata",ARCHIVE,e8562dc6f3fef13d7a66ab53ff243b15c4788bddd728d6b1b2c1a293407441e9,869
reproducibility/outputs/traffic_simulation/r23_experiment_b1/20260911_v1/runs/routing_v18_n4_rank03_p2_init_random_seed_71_rep1_optimizer_cobyla.json,.json,present at 64b9ee1e687273896570713f1e28ed10a788c39f; tracked,RETAINED_AS_HISTORICAL_EVIDENCE,superseded process or archived supporting evidence,immutable supporting scientific/audit evidence; current authority is R23_STATUS,"retain original bytes, manifests, raw outputs, negative fixtures, historical path metadata",ARCHIVE,146170afaf9c1b52b81f44cf1f741abd734798573c71a45adea4af3dec0337d7,867
reproducibility/outputs/traffic_simulation/r23_experiment_b1/20260911_v1/runs/routing_v18_n4_rank03_p3_init_fixed01_rep1_optimizer_cobyla.json,.json,present at 64b9ee1e687273896570713f1e28ed10a788c39f; tracked,RETAINED_AS_HISTORICAL_EVIDENCE,superseded process or archived supporting evidence,immutable supporting scientific/audit evidence; current authority is R23_STATUS,"retain original bytes, manifests, raw outputs, negative fixtures, historical path metadata",ARCHIVE,f8e4c218fc8a6346deed966b560c416bafe440ca11bf1fb2bb34a773adc67694,851
reproducibility/outputs/traffic_simulation/r23_experiment_b1/20260911_v1/runs/routing_v18_n4_rank03_p3_init_random_seed_11_rep1_optimizer_cobyla.json,.json,present at 64b9ee1e687273896570713f1e28ed10a788c39f; tracked,RETAINED_AS_HISTORICAL_EVIDENCE,superseded process or archived supporting evidence,immutable supporting scientific/audit evidence; current authority is R23_STATUS,"retain original bytes, manifests, raw outputs, negative fixtures, historical path metadata",ARCHIVE,628073ff3ef573a56053b6f78b6d000760f64d5abbd7386a30a20d4aef0af006,870
reproducibility/outputs/traffic_simulation/r23_experiment_b1/20260911_v1/runs/routing_v18_n4_rank03_p3_init_random_seed_23_rep1_optimizer_cobyla.json,.json,present at 64b9ee1e687273896570713f1e28ed10a788c39f; tracked,RETAINED_AS_HISTORICAL_EVIDENCE,superseded process or archived supporting evidence,immutable supporting scientific/audit evidence; current authority is R23_STATUS,"retain original bytes, manifests, raw outputs, negative fixtures, historical path metadata",ARCHIVE,2de4447435f9596c91766addba0daac4376b2d6fb61291a81b5a3196a8bd6729,869
reproducibility/outputs/traffic_simulation/r23_experiment_b1/20260911_v1/runs/routing_v18_n4_rank03_p3_init_random_seed_37_rep1_optimizer_cobyla.json,.json,present at 64b9ee1e687273896570713f1e28ed10a788c39f; tracked,RETAINED_AS_HISTORICAL_EVIDENCE,superseded process or archived supporting evidence,immutable supporting scientific/audit evidence; current authority is R23_STATUS,"retain original bytes, manifests, raw outputs, negative fixtures, historical path metadata",ARCHIVE,957bc961e4eecfbaaafde110edfd361c4bff43324571faf187462a2bf0292f28,869
reproducibility/outputs/traffic_simulation/r23_experiment_b1/20260911_v1/runs/routing_v18_n4_rank03_p3_init_random_seed_53_rep1_optimizer_cobyla.json,.json,present at 64b9ee1e687273896570713f1e28ed10a788c39f; tracked,RETAINED_AS_HISTORICAL_EVIDENCE,superseded process or archived supporting evidence,immutable supporting scientific/audit evidence; current authority is R23_STATUS,"retain original bytes, manifests, raw outputs, negative fixtures, historical path metadata",ARCHIVE,fe7521a873b6ee770417fd61e2bb853a52847937f10d8a2ef0c4844c995c8e0c,869
reproducibility/outputs/traffic_simulation/r23_experiment_b1/20260911_v1/runs/routing_v18_n4_rank03_p3_init_random_seed_71_rep1_optimizer_cobyla.json,.json,present at 64b9ee1e687273896570713f1e28ed10a788c39f; tracked,RETAINED_AS_HISTORICAL_EVIDENCE,superseded process or archived supporting evidence,immutable supporting scientific/audit evidence; current authority is R23_STATUS,"retain original bytes, manifests, raw outputs, negative fixtures, historical path metadata",ARCHIVE,d8a4d0a7cdb3670a635678e04151a5e1eee2866725590a7786695d88b1350cf3,869
reproducibility/outputs/traffic_simulation/r23_experiment_b1/20260911_v1/runs/routing_v18_n4_rank05_p2_init_fixed01_rep1_optimizer_cobyla.json,.json,present at 64b9ee1e687273896570713f1e28ed10a788c39f; tracked,RETAINED_AS_HISTORICAL_EVIDENCE,superseded process or archived supporting evidence,immutable supporting scientific/audit evidence; current authority is R23_STATUS,"retain original bytes, manifests, raw outputs, negative fixtures, historical path metadata",ARCHIVE,3f1e671c396a8b6c8e1226cb54e3e7e84f6118c364694971628b2744208acc9b,849
reproducibility/outputs/traffic_simulation/r23_experiment_b1/20260911_v1/runs/routing_v18_n4_rank05_p2_init_random_seed_11_rep1_optimizer_cobyla.json,.json,present at 64b9ee1e687273896570713f1e28ed10a788c39f; tracked,RETAINED_AS_HISTORICAL_EVIDENCE,superseded process or archived supporting evidence,immutable supporting scientific/audit evidence; current authority is R23_STATUS,"retain original bytes, manifests, raw outputs, negative fixtures, historical path metadata",ARCHIVE,0d0630705e8aa6d714a6b1f5dc0d6a29cd9e85c0bd1fb59090ac048d97dfe74c,869
reproducibility/outputs/traffic_simulation/r23_experiment_b1/20260911_v1/runs/routing_v18_n4_rank05_p2_init_random_seed_23_rep1_optimizer_cobyla.json,.json,present at 64b9ee1e687273896570713f1e28ed10a788c39f; tracked,RETAINED_AS_HISTORICAL_EVIDENCE,superseded process or archived supporting evidence,immutable supporting scientific/audit evidence; current authority is R23_STATUS,"retain original bytes, manifests, raw outputs, negative fixtures, historical path metadata",ARCHIVE,49e62574bcbf035aedb809d757b9171c120d5792dcfb6c6ae7efe09933b346bb,869
reproducibility/outputs/traffic_simulation/r23_experiment_b1/20260911_v1/runs/routing_v18_n4_rank05_p2_init_random_seed_37_rep1_optimizer_cobyla.json,.json,present at 64b9ee1e687273896570713f1e28ed10a788c39f; tracked,RETAINED_AS_HISTORICAL_EVIDENCE,superseded process or archived supporting evidence,immutable supporting scientific/audit evidence; current authority is R23_STATUS,"retain original bytes, manifests, raw outputs, negative fixtures, historical path metadata",ARCHIVE,a62b9ad95e98d25e6d0e775ad9893c7be33d9c34584c0b15ca4d4e206f5f3b74,869
reproducibility/outputs/traffic_simulation/r23_experiment_b1/20260911_v1/runs/routing_v18_n4_rank05_p2_init_random_seed_53_rep1_optimizer_cobyla.json,.json,present at 64b9ee1e687273896570713f1e28ed10a788c39f; tracked,RETAINED_AS_HISTORICAL_EVIDENCE,superseded process or archived supporting evidence,immutable supporting scientific/audit evidence; current authority is R23_STATUS,"retain original bytes, manifests, raw outputs, negative fixtures, historical path metadata",ARCHIVE,4761c655b3b9f52b671d993cb5e4ed80ae85e231477df883b7204febb951aa97,866
reproducibility/outputs/traffic_simulation/r23_experiment_b1/20260911_v1/runs/routing_v18_n4_rank05_p2_init_random_seed_71_rep1_optimizer_cobyla.json,.json,present at 64b9ee1e687273896570713f1e28ed10a788c39f; tracked,RETAINED_AS_HISTORICAL_EVIDENCE,superseded process or archived supporting evidence,immutable supporting scientific/audit evidence; current authority is R23_STATUS,"retain original bytes, manifests, raw outputs, negative fixtures, historical path metadata",ARCHIVE,8bc230f1cde745a281f7364215c8fc49e18bdd16adc0b06d94fe1fd3e877f987,870
reproducibility/outputs/traffic_simulation/r23_experiment_b1/20260911_v1/runs/routing_v18_n4_rank05_p3_init_fixed01_rep1_optimizer_cobyla.json,.json,present at 64b9ee1e687273896570713f1e28ed10a788c39f; tracked,RETAINED_AS_HISTORICAL_EVIDENCE,superseded process or archived supporting evidence,immutable supporting scientific/audit evidence; current authority is R23_STATUS,"retain original bytes, manifests, raw outputs, negative fixtures, historical path metadata",ARCHIVE,9175705ce9d5813655e740c5f06e128774f0c6538cbbf816fa0ce233982ee819,850
reproducibility/outputs/traffic_simulation/r23_experiment_b1/20260911_v1/runs/routing_v18_n4_rank05_p3_init_random_seed_11_rep1_optimizer_cobyla.json,.json,present at 64b9ee1e687273896570713f1e28ed10a788c39f; tracked,RETAINED_AS_HISTORICAL_EVIDENCE,superseded process or archived supporting evidence,immutable supporting scientific/audit evidence; current authority is R23_STATUS,"retain original bytes, manifests, raw outputs, negative fixtures, historical path metadata",ARCHIVE,084be5aadd6c98ec5045fa1419403f347ad730d479076eb71235a4eebe7fe18b,870
reproducibility/outputs/traffic_simulation/r23_experiment_b1/20260911_v1/runs/routing_v18_n4_rank05_p3_init_random_seed_23_rep1_optimizer_cobyla.json,.json,present at 64b9ee1e687273896570713f1e28ed10a788c39f; tracked,RETAINED_AS_HISTORICAL_EVIDENCE,superseded process or archived supporting evidence,immutable supporting scientific/audit evidence; current authority is R23_STATUS,"retain original bytes, manifests, raw outputs, negative fixtures, historical path metadata",ARCHIVE,fbcfb2e4b91022d762b12a07d6c41bfe98272886bf8770bd8b06a99318d73329,870
reproducibility/outputs/traffic_simulation/r23_experiment_b1/20260911_v1/runs/routing_v18_n4_rank05_p3_init_random_seed_37_rep1_optimizer_cobyla.json,.json,present at 64b9ee1e687273896570713f1e28ed10a788c39f; tracked,RETAINED_AS_HISTORICAL_EVIDENCE,superseded process or archived supporting evidence,immutable supporting scientific/audit evidence; current authority is R23_STATUS,"retain original bytes, manifests, raw outputs, negative fixtures, historical path metadata",ARCHIVE,a5154e63932484cf0e7e4fb1dbb49da623408f6139c7465f23bebee5e992d602,869
reproducibility/outputs/traffic_simulation/r23_experiment_b1/20260911_v1/runs/routing_v18_n4_rank05_p3_init_random_seed_53_rep1_optimizer_cobyla.json,.json,present at 64b9ee1e687273896570713f1e28ed10a788c39f; tracked,RETAINED_AS_HISTORICAL_EVIDENCE,superseded process or archived supporting evidence,immutable supporting scientific/audit evidence; current authority is R23_STATUS,"retain original bytes, manifests, raw outputs, negative fixtures, historical path metadata",ARCHIVE,9050416fc873975502994717b829f4dafc31d8babecd2605f1c0c9178a41990b,869
reproducibility/outputs/traffic_simulation/r23_experiment_b1/20260911_v1/runs/routing_v18_n4_rank05_p3_init_random_seed_71_rep1_optimizer_cobyla.json,.json,present at 64b9ee1e687273896570713f1e28ed10a788c39f; tracked,RETAINED_AS_HISTORICAL_EVIDENCE,superseded process or archived supporting evidence,immutable supporting scientific/audit evidence; current authority is R23_STATUS,"retain original bytes, manifests, raw outputs, negative fixtures, historical path metadata",ARCHIVE,97986458aa73dcd7eccbf06bdbcc4870234de9fcf2ebac3c67dfaeab88d8cb27,867
reproducibility/outputs/traffic_simulation/r23_experiment_b1/20260911_v1/terminal_records.json,.json,present at 64b9ee1e687273896570713f1e28ed10a788c39f; tracked,RETAINED_AS_HISTORICAL_EVIDENCE,superseded process or archived supporting evidence,immutable supporting scientific/audit evidence; current authority is R23_STATUS,"retain original bytes, manifests, raw outputs, negative fixtures, historical path metadata",ARCHIVE,8949d2b9e5a6a4072a3967c614ac0de133ce172d8edc5da261a6e411ce4f82d9,9928
reproducibility/outputs/traffic_simulation/r23_experiment_b1/20260911_v2/b1_summary.json,.json,local retained artifact at starting HEAD; original manifests supply creation lineage,RETAINED_AS_HISTORICAL_EVIDENCE,superseded process or archived supporting evidence,immutable supporting scientific/audit evidence; current authority is R23_STATUS,"retain original bytes, manifests, raw outputs, negative fixtures, historical path metadata",ARCHIVE,cdbe63ffd109d3abc6fa0da31dfd6e8e800b0399e576eaa5bd7edc618e9d4669,26677
reproducibility/outputs/traffic_simulation/r23_experiment_b1/20260911_v2/baseline_reproducibility.json,.json,local retained artifact at starting HEAD; original manifests supply creation lineage,RETAINED_AS_HISTORICAL_EVIDENCE,superseded process or archived supporting evidence,immutable supporting scientific/audit evidence; current authority is R23_STATUS,"retain original bytes, manifests, raw outputs, negative fixtures, historical path metadata",ARCHIVE,5f0aecdd8a77b65bfd7a148c06f6af252227ba9caab88b7fbb990e62ee929833,7229
reproducibility/outputs/traffic_simulation/r23_experiment_b1/20260911_v2/execution_preflight.json,.json,local retained artifact at starting HEAD; original manifests supply creation lineage,RETAINED_AS_HISTORICAL_EVIDENCE,superseded process or archived supporting evidence,immutable supporting scientific/audit evidence; current authority is R23_STATUS,"retain original bytes, manifests, raw outputs, negative fixtures, historical path metadata",ARCHIVE,e07a40e3e305e66f694860e5993e9b57bb98fb96eeab4f8a237811a3fa20a0a4,4153
reproducibility/outputs/traffic_simulation/r23_experiment_b1/20260911_v2/initialization_robustness_summary.json,.json,local retained artifact at starting HEAD; original manifests supply creation lineage,RETAINED_AS_HISTORICAL_EVIDENCE,superseded process or archived supporting evidence,immutable supporting scientific/audit evidence; current authority is R23_STATUS,"retain original bytes, manifests, raw outputs, negative fixtures, historical path metadata",ARCHIVE,756efad078836a64aed43acc34781f1bdd9ef31a850fe697a978b38afeeeaf3e,8540
reproducibility/outputs/traffic_simulation/r23_experiment_b1/20260911_v2/integrity.json,.json,local retained artifact at starting HEAD; original manifests supply creation lineage,RETAINED_AS_HISTORICAL_EVIDENCE,superseded process or archived supporting evidence,immutable supporting scientific/audit evidence; current authority is R23_STATUS,"retain original bytes, manifests, raw outputs, negative fixtures, historical path metadata",ARCHIVE,4b5f3ccfab17deb77022a1fd742e6e05c7acda74bc580f7868e66612c91ef21b,7865
reproducibility/outputs/traffic_simulation/r23_experiment_b1/20260911_v2/manifest.json,.json,local retained artifact at starting HEAD; original manifests supply creation lineage,RETAINED_AS_HISTORICAL_EVIDENCE,superseded process or archived supporting evidence,immutable supporting scientific/audit evidence; current authority is R23_STATUS,"retain original bytes, manifests, raw outputs, negative fixtures, historical path metadata",ARCHIVE,b73d48200bf2cb6c61834cf8cf60ad9b535114074322bea6dfc8327d2981983d,1878
reproducibility/outputs/traffic_simulation/r23_experiment_b1/20260911_v2/progress.json,.json,local retained artifact at starting HEAD; original manifests supply creation lineage,RETAINED_AS_HISTORICAL_EVIDENCE,superseded process or archived supporting evidence,immutable supporting scientific/audit evidence; current authority is R23_STATUS,"retain original bytes, manifests, raw outputs, negative fixtures, historical path metadata",ARCHIVE,1248e3895cb6a6d206496c469b195b96876d4f9e08bd4f03ef3566a91ec8c4ca,166
reproducibility/outputs/traffic_simulation/r23_experiment_b1/20260911_v2/runs/routing_v18_n4_rank01_p2_init_fixed01_rep1_optimizer_cobyla.json,.json,local retained artifact at starting HEAD; original manifests supply creation lineage,RETAINED_AS_HISTORICAL_EVIDENCE,superseded process or archived supporting evidence,immutable supporting scientific/audit evidence; current authority is R23_STATUS,"retain original bytes, manifests, raw outputs, negative fixtures, historical path metadata",ARCHIVE,eca78df2717eab9159a222bc64ff8d41d2db8dfdb00b97dee96ce3ff3d287af9,34880206
reproducibility/outputs/traffic_simulation/r23_experiment_b1/20260911_v2/runs/routing_v18_n4_rank01_p2_init_random_seed_11_rep1_optimizer_cobyla.json,.json,local retained artifact at starting HEAD; original manifests supply creation lineage,RETAINED_AS_HISTORICAL_EVIDENCE,superseded process or archived supporting evidence,immutable supporting scientific/audit evidence; current authority is R23_STATUS,"retain original bytes, manifests, raw outputs, negative fixtures, historical path metadata",ARCHIVE,94592a26b480a671011feaea97dfc9a1fd0c55551b3a31b2c01da433fee18d8f,34882210
reproducibility/outputs/traffic_simulation/r23_experiment_b1/20260911_v2/runs/routing_v18_n4_rank01_p2_init_random_seed_23_rep1_optimizer_cobyla.json,.json,local retained artifact at starting HEAD; original manifests supply creation lineage,RETAINED_AS_HISTORICAL_EVIDENCE,superseded process or archived supporting evidence,immutable supporting scientific/audit evidence; current authority is R23_STATUS,"retain original bytes, manifests, raw outputs, negative fixtures, historical path metadata",ARCHIVE,95641dac7762e140a8200d840b80a4b813a61922602f85eb20a18e2b753f6e40,34834141
reproducibility/outputs/traffic_simulation/r23_experiment_b1/20260911_v2/runs/routing_v18_n4_rank01_p2_init_random_seed_37_rep1_optimizer_cobyla.json,.json,local retained artifact at starting HEAD; original manifests supply creation lineage,RETAINED_AS_HISTORICAL_EVIDENCE,superseded process or archived supporting evidence,immutable supporting scientific/audit evidence; current authority is R23_STATUS,"retain original bytes, manifests, raw outputs, negative fixtures, historical path metadata",ARCHIVE,1a8f1aa7471f59b3671428da217c5c533660fc1722eeaa8a91238375259d010e,34883926
reproducibility/outputs/traffic_simulation/r23_experiment_b1/20260911_v2/runs/routing_v18_n4_rank01_p2_init_random_seed_53_rep1_optimizer_cobyla.json,.json,local retained artifact at starting HEAD; original manifests supply creation lineage,RETAINED_AS_HISTORICAL_EVIDENCE,superseded process or archived supporting evidence,immutable supporting scientific/audit evidence; current authority is R23_STATUS,"retain original bytes, manifests, raw outputs, negative fixtures, historical path metadata",ARCHIVE,4b1efbc834b422bfe322cc7b80cb27da31abc28fd42dd37219001f60bff5ab8a,34883563
reproducibility/outputs/traffic_simulation/r23_experiment_b1/20260911_v2/runs/routing_v18_n4_rank01_p2_init_random_seed_71_rep1_optimizer_cobyla.json,.json,local retained artifact at starting HEAD; original manifests supply creation lineage,RETAINED_AS_HISTORICAL_EVIDENCE,superseded process or archived supporting evidence,immutable supporting scientific/audit evidence; current authority is R23_STATUS,"retain original bytes, manifests, raw outputs, negative fixtures, historical path metadata",ARCHIVE,bf9a59506179dbd5192794e5ac52b732ff0e8886ab27ae746aece5765b753a3f,34870532
reproducibility/outputs/traffic_simulation/r23_experiment_b1/20260911_v2/runs/routing_v18_n4_rank01_p3_init_fixed01_rep1_optimizer_cobyla.json,.json,local retained artifact at starting HEAD; original manifests supply creation lineage,RETAINED_AS_HISTORICAL_EVIDENCE,superseded process or archived supporting evidence,immutable supporting scientific/audit evidence; current authority is R23_STATUS,"retain original bytes, manifests, raw outputs, negative fixtures, historical path metadata",ARCHIVE,ec585d1da56ded2afebd76f8de4b6fdeea4766ed7fe4ff6102b06c0e0a6a074f,34896247
reproducibility/outputs/traffic_simulation/r23_experiment_b1/20260911_v2/runs/routing_v18_n4_rank01_p3_init_random_seed_11_rep1_optimizer_cobyla.json,.json,local retained artifact at starting HEAD; original manifests supply creation lineage,RETAINED_AS_HISTORICAL_EVIDENCE,superseded process or archived supporting evidence,immutable supporting scientific/audit evidence; current authority is R23_STATUS,"retain original bytes, manifests, raw outputs, negative fixtures, historical path metadata",ARCHIVE,134ce3f998885c81742ee91a47f8e6baff0781c03271e36b509925f29e8be2ae,34902023
reproducibility/outputs/traffic_simulation/r23_experiment_b1/20260911_v2/runs/routing_v18_n4_rank01_p3_init_random_seed_23_rep1_optimizer_cobyla.json,.json,local retained artifact at starting HEAD; original manifests supply creation lineage,RETAINED_AS_HISTORICAL_EVIDENCE,superseded process or archived supporting evidence,immutable supporting scientific/audit evidence; current authority is R23_STATUS,"retain original bytes, manifests, raw outputs, negative fixtures, historical path metadata",ARCHIVE,d8d1960032fa6f7891085b878acdb021cc305a7551c633c92d516a0b5f28b352,34900631
reproducibility/outputs/traffic_simulation/r23_experiment_b1/20260911_v2/runs/routing_v18_n4_rank01_p3_init_random_seed_37_rep1_optimizer_cobyla.json,.json,local retained artifact at starting HEAD; original manifests supply creation lineage,RETAINED_AS_HISTORICAL_EVIDENCE,superseded process or archived supporting evidence,immutable supporting scientific/audit evidence; current authority is R23_STATUS,"retain original bytes, manifests, raw outputs, negative fixtures, historical path metadata",ARCHIVE,5b3616f0cb409dbc7320a1447a8d5ac9e90882cd06b5be905cc4d2af353fb36a,34900422
reproducibility/outputs/traffic_simulation/r23_experiment_b1/20260911_v2/runs/routing_v18_n4_rank01_p3_init_random_seed_53_rep1_optimizer_cobyla.json,.json,local retained artifact at starting HEAD; original manifests supply creation lineage,RETAINED_AS_HISTORICAL_EVIDENCE,superseded process or archived supporting evidence,immutable supporting scientific/audit evidence; current authority is R23_STATUS,"retain original bytes, manifests, raw outputs, negative fixtures, historical path metadata",ARCHIVE,14977c4311a084e1e9224081d295caa54cf236cb8d8b144c51b4f40c6e2950c2,34900873
reproducibility/outputs/traffic_simulation/r23_experiment_b1/20260911_v2/runs/routing_v18_n4_rank01_p3_init_random_seed_71_rep1_optimizer_cobyla.json,.json,local retained artifact at starting HEAD; original manifests supply creation lineage,RETAINED_AS_HISTORICAL_EVIDENCE,superseded process or archived supporting evidence,immutable supporting scientific/audit evidence; current authority is R23_STATUS,"retain original bytes, manifests, raw outputs, negative fixtures, historical path metadata",ARCHIVE,4bff057986f1d1c8e671e8e47d9445709661a20397189f8ca6779ca64cde6f19,34902077
reproducibility/outputs/traffic_simulation/r23_experiment_b1/20260911_v2/runs/routing_v18_n4_rank03_p2_init_fixed01_rep1_optimizer_cobyla.json,.json,local retained artifact at starting HEAD; original manifests supply creation lineage,RETAINED_AS_HISTORICAL_EVIDENCE,superseded process or archived supporting evidence,immutable supporting scientific/audit evidence; current authority is R23_STATUS,"retain original bytes, manifests, raw outputs, negative fixtures, historical path metadata",ARCHIVE,3d488cf09d5a6c70d16152f47bc22893e2b5ca0f0adcd91f61fea614d135fe28,34885187
reproducibility/outputs/traffic_simulation/r23_experiment_b1/20260911_v2/runs/routing_v18_n4_rank03_p2_init_random_seed_11_rep1_optimizer_cobyla.json,.json,local retained artifact at starting HEAD; original manifests supply creation lineage,RETAINED_AS_HISTORICAL_EVIDENCE,superseded process or archived supporting evidence,immutable supporting scientific/audit evidence; current authority is R23_STATUS,"retain original bytes, manifests, raw outputs, negative fixtures, historical path metadata",ARCHIVE,f538cee14981436d9339d27297e15f2ab21314cba347c7df1b4471d551b00af5,34882978
reproducibility/outputs/traffic_simulation/r23_experiment_b1/20260911_v2/runs/routing_v18_n4_rank03_p2_init_random_seed_23_rep1_optimizer_cobyla.json,.json,local retained artifact at starting HEAD; original manifests supply creation lineage,RETAINED_AS_HISTORICAL_EVIDENCE,superseded process or archived supporting evidence,immutable supporting scientific/audit evidence; current authority is R23_STATUS,"retain original bytes, manifests, raw outputs, negative fixtures, historical path metadata",ARCHIVE,08302cdac2a453ded0ecc9867d8329a256c54529ff9be4938a85f78147511da7,34883115
reproducibility/outputs/traffic_simulation/r23_experiment_b1/20260911_v2/runs/routing_v18_n4_rank03_p2_init_random_seed_37_rep1_optimizer_cobyla.json,.json,local retained artifact at starting HEAD; original manifests supply creation lineage,RETAINED_AS_HISTORICAL_EVIDENCE,superseded process or archived supporting evidence,immutable supporting scientific/audit evidence; current authority is R23_STATUS,"retain original bytes, manifests, raw outputs, negative fixtures, historical path metadata",ARCHIVE,3016b7ff7ad0fe698086cb2a8c2d7d9c5b5fa1ed33b2cc7cb6b9e60fdbec3030,34882665
reproducibility/outputs/traffic_simulation/r23_experiment_b1/20260911_v2/runs/routing_v18_n4_rank03_p2_init_random_seed_53_rep1_optimizer_cobyla.json,.json,local retained artifact at starting HEAD; original manifests supply creation lineage,RETAINED_AS_HISTORICAL_EVIDENCE,superseded process or archived supporting evidence,immutable supporting scientific/audit evidence; current authority is R23_STATUS,"retain original bytes, manifests, raw outputs, negative fixtures, historical path metadata",ARCHIVE,a5639b5fc57401f510057ef2cd6859169ff3efcf38b600e52e0436bb8187bd1f,34804844
reproducibility/outputs/traffic_simulation/r23_experiment_b1/20260911_v2/runs/routing_v18_n4_rank03_p2_init_random_seed_71_rep1_optimizer_cobyla.json,.json,local retained artifact at starting HEAD; original manifests supply creation lineage,RETAINED_AS_HISTORICAL_EVIDENCE,superseded process or archived supporting evidence,immutable supporting scientific/audit evidence; current authority is R23_STATUS,"retain original bytes, manifests, raw outputs, negative fixtures, historical path metadata",ARCHIVE,e1c80408c90f74a9eb32d4fc37234a59dbb56f31ecb8a232fc40e72cd25ff588,34884194
reproducibility/outputs/traffic_simulation/r23_experiment_b1/20260911_v2/runs/routing_v18_n4_rank03_p3_init_fixed01_rep1_optimizer_cobyla.json,.json,local retained artifact at starting HEAD; original manifests supply creation lineage,RETAINED_AS_HISTORICAL_EVIDENCE,superseded process or archived supporting evidence,immutable supporting scientific/audit evidence; current authority is R23_STATUS,"retain original bytes, manifests, raw outputs, negative fixtures, historical path metadata",ARCHIVE,c4a3db80ab57b2ce45903ae9d7314df15bc517958cd92ff58227f428ad535de9,34903622
reproducibility/outputs/traffic_simulation/r23_experiment_b1/20260911_v2/runs/routing_v18_n4_rank03_p3_init_random_seed_11_rep1_optimizer_cobyla.json,.json,local retained artifact at starting HEAD; original manifests supply creation lineage,RETAINED_AS_HISTORICAL_EVIDENCE,superseded process or archived supporting evidence,immutable supporting scientific/audit evidence; current authority is R23_STATUS,"retain original bytes, manifests, raw outputs, negative fixtures, historical path metadata",ARCHIVE,038fc4b79e16bd61f0884692581c18104b125263b6924ba10f04a56c1f315b1b,34900683
reproducibility/outputs/traffic_simulation/r23_experiment_b1/20260911_v2/runs/routing_v18_n4_rank03_p3_init_random_seed_23_rep1_optimizer_cobyla.json,.json,local retained artifact at starting HEAD; original manifests supply creation lineage,RETAINED_AS_HISTORICAL_EVIDENCE,superseded process or archived supporting evidence,immutable supporting scientific/audit evidence; current authority is R23_STATUS,"retain original bytes, manifests, raw outputs, negative fixtures, historical path metadata",ARCHIVE,b95e3630b56513a0bafef1ef03bda5932efb7057b4e5b0c4e30f68a21612bece,34900696
reproducibility/outputs/traffic_simulation/r23_experiment_b1/20260911_v2/runs/routing_v18_n4_rank03_p3_init_random_seed_37_rep1_optimizer_cobyla.json,.json,local retained artifact at starting HEAD; original manifests supply creation lineage,RETAINED_AS_HISTORICAL_EVIDENCE,superseded process or archived supporting evidence,immutable supporting scientific/audit evidence; current authority is R23_STATUS,"retain original bytes, manifests, raw outputs, negative fixtures, historical path metadata",ARCHIVE,e8d7e2ec56c6a93a2027e29ea541eab9550a65cf140a0cbfd6328fd5da292f66,34903341
reproducibility/outputs/traffic_simulation/r23_experiment_b1/20260911_v2/runs/routing_v18_n4_rank03_p3_init_random_seed_53_rep1_optimizer_cobyla.json,.json,local retained artifact at starting HEAD; original manifests supply creation lineage,RETAINED_AS_HISTORICAL_EVIDENCE,superseded process or archived supporting evidence,immutable supporting scientific/audit evidence; current authority is R23_STATUS,"retain original bytes, manifests, raw outputs, negative fixtures, historical path metadata",ARCHIVE,a7018a24202b85f82877ae12ea73764b0a58fcaa80e03a30f33d878e59c998e1,34901033
reproducibility/outputs/traffic_simulation/r23_experiment_b1/20260911_v2/runs/routing_v18_n4_rank03_p3_init_random_seed_71_rep1_optimizer_cobyla.json,.json,local retained artifact at starting HEAD; original manifests supply creation lineage,RETAINED_AS_HISTORICAL_EVIDENCE,superseded process or archived supporting evidence,immutable supporting scientific/audit evidence; current authority is R23_STATUS,"retain original bytes, manifests, raw outputs, negative fixtures, historical path metadata",ARCHIVE,13fe47fe1aaa3d87abbdb4558453d965bb6a49fe8c09f3d6c0dbcfe2387cc97f,34899630
reproducibility/outputs/traffic_simulation/r23_experiment_b1/20260911_v2/runs/routing_v18_n4_rank05_p2_init_fixed01_rep1_optimizer_cobyla.json,.json,local retained artifact at starting HEAD; original manifests supply creation lineage,RETAINED_AS_HISTORICAL_EVIDENCE,superseded process or archived supporting evidence,immutable supporting scientific/audit evidence; current authority is R23_STATUS,"retain original bytes, manifests, raw outputs, negative fixtures, historical path metadata",ARCHIVE,c59671e997406a65a411bfe10347fdcfa970a6a47f1977cc7b61f79094a683c7,34829162
reproducibility/outputs/traffic_simulation/r23_experiment_b1/20260911_v2/runs/routing_v18_n4_rank05_p2_init_random_seed_11_rep1_optimizer_cobyla.json,.json,local retained artifact at starting HEAD; original manifests supply creation lineage,RETAINED_AS_HISTORICAL_EVIDENCE,superseded process or archived supporting evidence,immutable supporting scientific/audit evidence; current authority is R23_STATUS,"retain original bytes, manifests, raw outputs, negative fixtures, historical path metadata",ARCHIVE,898f3bd6527d7fe04b02fad2df5cfcfe3e8bfcd39145e6d76b7392dd7523f58e,34883919
reproducibility/outputs/traffic_simulation/r23_experiment_b1/20260911_v2/runs/routing_v18_n4_rank05_p2_init_random_seed_23_rep1_optimizer_cobyla.json,.json,local retained artifact at starting HEAD; original manifests supply creation lineage,RETAINED_AS_HISTORICAL_EVIDENCE,superseded process or archived supporting evidence,immutable supporting scientific/audit evidence; current authority is R23_STATUS,"retain original bytes, manifests, raw outputs, negative fixtures, historical path metadata",ARCHIVE,1a7342bb7a4b911ee913fdd5208ab0e9b86c922d45c534ac4e362af17573071a,34882911
reproducibility/outputs/traffic_simulation/r23_experiment_b1/20260911_v2/runs/routing_v18_n4_rank05_p2_init_random_seed_37_rep1_optimizer_cobyla.json,.json,local retained artifact at starting HEAD; original manifests supply creation lineage,RETAINED_AS_HISTORICAL_EVIDENCE,superseded process or archived supporting evidence,immutable supporting scientific/audit evidence; current authority is R23_STATUS,"retain original bytes, manifests, raw outputs, negative fixtures, historical path metadata",ARCHIVE,66d358843a85f7efd9e9f74531fb1554bf63334c67bee53c57a4352f37229f31,34882486
reproducibility/outputs/traffic_simulation/r23_experiment_b1/20260911_v2/runs/routing_v18_n4_rank05_p2_init_random_seed_53_rep1_optimizer_cobyla.json,.json,local retained artifact at starting HEAD; original manifests supply creation lineage,RETAINED_AS_HISTORICAL_EVIDENCE,superseded process or archived supporting evidence,immutable supporting scientific/audit evidence; current authority is R23_STATUS,"retain original bytes, manifests, raw outputs, negative fixtures, historical path metadata",ARCHIVE,6ce973c1fdf807e0c74353710872d905fa4e8de79642e89ef20307ebd4da168b,34883573
reproducibility/outputs/traffic_simulation/r23_experiment_b1/20260911_v2/runs/routing_v18_n4_rank05_p2_init_random_seed_71_rep1_optimizer_cobyla.json,.json,local retained artifact at starting HEAD; original manifests supply creation lineage,RETAINED_AS_HISTORICAL_EVIDENCE,superseded process or archived supporting evidence,immutable supporting scientific/audit evidence; current authority is R23_STATUS,"retain original bytes, manifests, raw outputs, negative fixtures, historical path metadata",ARCHIVE,3d729ad0aab1a969912b9d83cdf0f751096d04d688fec533c210afe7da5b1c11,34871992
reproducibility/outputs/traffic_simulation/r23_experiment_b1/20260911_v2/runs/routing_v18_n4_rank05_p3_init_fixed01_rep1_optimizer_cobyla.json,.json,local retained artifact at starting HEAD; original manifests supply creation lineage,RETAINED_AS_HISTORICAL_EVIDENCE,superseded process or archived supporting evidence,immutable supporting scientific/audit evidence; current authority is R23_STATUS,"retain original bytes, manifests, raw outputs, negative fixtures, historical path metadata",ARCHIVE,2dca26937d7ae4885e3627c3ff3002939bdbcd95c3641f98fe4b175add99ce84,34900162
reproducibility/outputs/traffic_simulation/r23_experiment_b1/20260911_v2/runs/routing_v18_n4_rank05_p3_init_random_seed_11_rep1_optimizer_cobyla.json,.json,local retained artifact at starting HEAD; original manifests supply creation lineage,RETAINED_AS_HISTORICAL_EVIDENCE,superseded process or archived supporting evidence,immutable supporting scientific/audit evidence; current authority is R23_STATUS,"retain original bytes, manifests, raw outputs, negative fixtures, historical path metadata",ARCHIVE,ccc5030f1c84911f22ca1067d91c66c92b644d6aa8df6c4ad0e42d7a51ae69ac,34901013
reproducibility/outputs/traffic_simulation/r23_experiment_b1/20260911_v2/runs/routing_v18_n4_rank05_p3_init_random_seed_23_rep1_optimizer_cobyla.json,.json,local retained artifact at starting HEAD; original manifests supply creation lineage,RETAINED_AS_HISTORICAL_EVIDENCE,superseded process or archived supporting evidence,immutable supporting scientific/audit evidence; current authority is R23_STATUS,"retain original bytes, manifests, raw outputs, negative fixtures, historical path metadata",ARCHIVE,b408740f0ff8580dec5e286bbac646cc3e8cb10550095c6e8c0aa8c00c3e9b1e,34900637
reproducibility/outputs/traffic_simulation/r23_experiment_b1/20260911_v2/runs/routing_v18_n4_rank05_p3_init_random_seed_37_rep1_optimizer_cobyla.json,.json,local retained artifact at starting HEAD; original manifests supply creation lineage,RETAINED_AS_HISTORICAL_EVIDENCE,superseded process or archived supporting evidence,immutable supporting scientific/audit evidence; current authority is R23_STATUS,"retain original bytes, manifests, raw outputs, negative fixtures, historical path metadata",ARCHIVE,86a8e945fd0c5c51f646b1b66e85ce3e0be95325ba946550c0daa41d4610d70f,34900195
reproducibility/outputs/traffic_simulation/r23_experiment_b1/20260911_v2/runs/routing_v18_n4_rank05_p3_init_random_seed_53_rep1_optimizer_cobyla.json,.json,local retained artifact at starting HEAD; original manifests supply creation lineage,RETAINED_AS_HISTORICAL_EVIDENCE,superseded process or archived supporting evidence,immutable supporting scientific/audit evidence; current authority is R23_STATUS,"retain original bytes, manifests, raw outputs, negative fixtures, historical path metadata",ARCHIVE,903a3bd36487bcaf6075244d2c458b54a45554008469a1d3f63210f17e87e5f0,34901978
reproducibility/outputs/traffic_simulation/r23_experiment_b1/20260911_v2/runs/routing_v18_n4_rank05_p3_init_random_seed_71_rep1_optimizer_cobyla.json,.json,local retained artifact at starting HEAD; original manifests supply creation lineage,RETAINED_AS_HISTORICAL_EVIDENCE,superseded process or archived supporting evidence,immutable supporting scientific/audit evidence; current authority is R23_STATUS,"retain original bytes, manifests, raw outputs, negative fixtures, historical path metadata",ARCHIVE,f9338e9fb96949cf9adf1ec4f279c5b079fba812a05bee0f96ec1f4efad9e3e0,34901935
reproducibility/outputs/traffic_simulation/r23_experiment_b1/20260911_v2/runtime_review.json,.json,local retained artifact at starting HEAD; original manifests supply creation lineage,RETAINED_AS_HISTORICAL_EVIDENCE,superseded process or archived supporting evidence,immutable supporting scientific/audit evidence; current authority is R23_STATUS,"retain original bytes, manifests, raw outputs, negative fixtures, historical path metadata",ARCHIVE,ca1c99b7aa8dede42e24c6a8fe19dc227f3c8acb9715e33c82328b2adf2387db,6754
reproducibility/outputs/traffic_simulation/r23_experiment_b1/20260911_v2/terminal_records.json,.json,local retained artifact at starting HEAD; original manifests supply creation lineage,RETAINED_AS_HISTORICAL_EVIDENCE,superseded process or archived supporting evidence,immutable supporting scientific/audit evidence; current authority is R23_STATUS,"retain original bytes, manifests, raw outputs, negative fixtures, historical path metadata",ARCHIVE,d36ee5d4eebbf01a56433881e3f6a92aa9448624032f617d1d07ca62c5b9e676,9928
reproducibility/outputs/traffic_simulation/r23_experiment_b1_evidence_review/20260911_v1/README.md,.md,present at 64b9ee1e687273896570713f1e28ed10a788c39f; tracked,RETAINED_AS_HISTORICAL_EVIDENCE,superseded process or archived supporting evidence,immutable supporting scientific/audit evidence; current authority is R23_STATUS,"retain original bytes, manifests, raw outputs, negative fixtures, historical path metadata",ARCHIVE,7d1ede8d22f66b9aa1146f8153e7903bc9c0af35bfbd1632e4a706965ad8db42,1616
reproducibility/outputs/traffic_simulation/r23_experiment_b1_evidence_review/20260911_v1/SHA256SUMS,no-extension,present at 64b9ee1e687273896570713f1e28ed10a788c39f; tracked,RETAINED_AS_HISTORICAL_EVIDENCE,superseded process or archived supporting evidence,immutable supporting scientific/audit evidence; current authority is R23_STATUS,"retain original bytes, manifests, raw outputs, negative fixtures, historical path metadata",ARCHIVE,fd797bc52683ac6d1f2b8e39947971994d0954b2e0f9debe290cba7f9eb9e74a,1845
reproducibility/outputs/traffic_simulation/r23_experiment_b1_evidence_review/20260911_v1/b2_readiness.json,.json,present at 64b9ee1e687273896570713f1e28ed10a788c39f; tracked,RETAINED_AS_HISTORICAL_EVIDENCE,superseded process or archived supporting evidence,immutable supporting scientific/audit evidence; current authority is R23_STATUS,"retain original bytes, manifests, raw outputs, negative fixtures, historical path metadata",ARCHIVE,f940fab90c5b85e12fb4c4814d3532eecf9cf9c83dacc947093745abf97c9cf2,767
reproducibility/outputs/traffic_simulation/r23_experiment_b1_evidence_review/20260911_v1/evidence_review.json,.json,present at 64b9ee1e687273896570713f1e28ed10a788c39f; tracked,RETAINED_AS_HISTORICAL_EVIDENCE,superseded process or archived supporting evidence,immutable supporting scientific/audit evidence; current authority is R23_STATUS,"retain original bytes, manifests, raw outputs, negative fixtures, historical path metadata",ARCHIVE,1307b65be022e4421231f09144536cb40cc03251ef14da3e025a1c9af258e3cf,4377
reproducibility/outputs/traffic_simulation/r23_experiment_b1_evidence_review/20260911_v1/figure_1_P_feasible_by_initialization.png,.png,present at 64b9ee1e687273896570713f1e28ed10a788c39f; tracked,RETAINED_AS_HISTORICAL_EVIDENCE,superseded process or archived supporting evidence,immutable supporting scientific/audit evidence; current authority is R23_STATUS,"retain original bytes, manifests, raw outputs, negative fixtures, historical path metadata",ARCHIVE,887ac30d9079b4f24d166f61862a2c3c24e925d0584b6400e6e5a6304a9dce86,147523
reproducibility/outputs/traffic_simulation/r23_experiment_b1_evidence_review/20260911_v1/figure_2_P_optimal_by_initialization.png,.png,present at 64b9ee1e687273896570713f1e28ed10a788c39f; tracked,RETAINED_AS_HISTORICAL_EVIDENCE,superseded process or archived supporting evidence,immutable supporting scientific/audit evidence; current authority is R23_STATUS,"retain original bytes, manifests, raw outputs, negative fixtures, historical path metadata",ARCHIVE,0f45d1b0d3142cd150c40b4b466ca1ef039d7dcf77bfa53098b1d50d2200585e,272744
reproducibility/outputs/traffic_simulation/r23_experiment_b1_evidence_review/20260911_v1/figure_3_runtime_by_initialization.png,.png,present at 64b9ee1e687273896570713f1e28ed10a788c39f; tracked,RETAINED_AS_HISTORICAL_EVIDENCE,superseded process or archived supporting evidence,immutable supporting scientific/audit evidence; current authority is R23_STATUS,"retain original bytes, manifests, raw outputs, negative fixtures, historical path metadata",ARCHIVE,b42ba305017b55b108cddaa1d2c04e6ee65b5088d8da7a777d5932370fb5b754,151050
reproducibility/outputs/traffic_simulation/r23_experiment_b1_evidence_review/20260911_v1/figure_4_P_optimal_vs_P_feasible.png,.png,present at 64b9ee1e687273896570713f1e28ed10a788c39f; tracked,RETAINED_AS_HISTORICAL_EVIDENCE,superseded process or archived supporting evidence,immutable supporting scientific/audit evidence; current authority is R23_STATUS,"retain original bytes, manifests, raw outputs, negative fixtures, historical path metadata",ARCHIVE,3012e399498894f45837936257cb644ef8430cfe640b75f362f77110ec0fddaa,56904
reproducibility/outputs/traffic_simulation/r23_experiment_b1_evidence_review/20260911_v1/figure_data.json,.json,present at 64b9ee1e687273896570713f1e28ed10a788c39f; tracked,RETAINED_AS_HISTORICAL_EVIDENCE,superseded process or archived supporting evidence,immutable supporting scientific/audit evidence; current authority is R23_STATUS,"retain original bytes, manifests, raw outputs, negative fixtures, historical path metadata",ARCHIVE,f7165f5fd0ec602fda7b290c76822bbbfb3346a0fc6ae4bff850942580eb32d1,8464
reproducibility/outputs/traffic_simulation/r23_experiment_b1_evidence_review/20260911_v1/formal_a_reproducibility.json,.json,present at 64b9ee1e687273896570713f1e28ed10a788c39f; tracked,RETAINED_AS_HISTORICAL_EVIDENCE,superseded process or archived supporting evidence,immutable supporting scientific/audit evidence; current authority is R23_STATUS,"retain original bytes, manifests, raw outputs, negative fixtures, historical path metadata",ARCHIVE,5b1ab024339e8b73fb57699ec099cfd8b153fe70b5bf4cb34525960b025c6522,4162
reproducibility/outputs/traffic_simulation/r23_experiment_b1_evidence_review/20260911_v1/initialization_sensitivity.json,.json,present at 64b9ee1e687273896570713f1e28ed10a788c39f; tracked,RETAINED_AS_HISTORICAL_EVIDENCE,superseded process or archived supporting evidence,immutable supporting scientific/audit evidence; current authority is R23_STATUS,"retain original bytes, manifests, raw outputs, negative fixtures, historical path metadata",ARCHIVE,808bf8721ba3e2a59d7f6904b301589466d29d68a628dc3b9216d7e674833558,10723
reproducibility/outputs/traffic_simulation/r23_experiment_b1_evidence_review/20260911_v1/instance_comparison.json,.json,present at 64b9ee1e687273896570713f1e28ed10a788c39f; tracked,RETAINED_AS_HISTORICAL_EVIDENCE,superseded process or archived supporting evidence,immutable supporting scientific/audit evidence; current authority is R23_STATUS,"retain original bytes, manifests, raw outputs, negative fixtures, historical path metadata",ARCHIVE,e909f12a3a79f5cb7ac8c42853fa22655d00875e52701a4df9e91d513ee60290,3817
reproducibility/outputs/traffic_simulation/r23_experiment_b1_evidence_review/20260911_v1/integrity.json,.json,present at 64b9ee1e687273896570713f1e28ed10a788c39f; tracked,RETAINED_AS_HISTORICAL_EVIDENCE,superseded process or archived supporting evidence,immutable supporting scientific/audit evidence; current authority is R23_STATUS,"retain original bytes, manifests, raw outputs, negative fixtures, historical path metadata",ARCHIVE,9a5e3c5df1d9d8824d5993beeceeac443b57bf882a89223211c9e15c9aae3e78,961
reproducibility/outputs/traffic_simulation/r23_experiment_b1_evidence_review/20260911_v1/manifest.json,.json,present at 64b9ee1e687273896570713f1e28ed10a788c39f; tracked,RETAINED_AS_HISTORICAL_EVIDENCE,superseded process or archived supporting evidence,immutable supporting scientific/audit evidence; current authority is R23_STATUS,"retain original bytes, manifests, raw outputs, negative fixtures, historical path metadata",ARCHIVE,8db16a3f66191c1de34b4f1cbaededdf9760cf0fb13f9e1d852b2c4e26cae767,2200
reproducibility/outputs/traffic_simulation/r23_experiment_b1_evidence_review/20260911_v1/optimizer_diagnostics.json,.json,present at 64b9ee1e687273896570713f1e28ed10a788c39f; tracked,RETAINED_AS_HISTORICAL_EVIDENCE,superseded process or archived supporting evidence,immutable supporting scientific/audit evidence; current authority is R23_STATUS,"retain original bytes, manifests, raw outputs, negative fixtures, historical path metadata",ARCHIVE,6174689e2a6073b4ec38bc33501d9cd05df42059a28bdac7de206687fb920f52,4490
reproducibility/outputs/traffic_simulation/r23_experiment_b1_evidence_review/20260911_v1/p_depth_comparison.json,.json,present at 64b9ee1e687273896570713f1e28ed10a788c39f; tracked,RETAINED_AS_HISTORICAL_EVIDENCE,superseded process or archived supporting evidence,immutable supporting scientific/audit evidence; current authority is R23_STATUS,"retain original bytes, manifests, raw outputs, negative fixtures, historical path metadata",ARCHIVE,742a61af77bbff40ce43aa2757cd7b3a61af692391f2608931792d71e2795358,17179
reproducibility/outputs/traffic_simulation/r23_experiment_b1_evidence_review/20260911_v1/run_level_dataset.csv,.csv,present at 64b9ee1e687273896570713f1e28ed10a788c39f; tracked,RETAINED_AS_HISTORICAL_EVIDENCE,superseded process or archived supporting evidence,immutable supporting scientific/audit evidence; current authority is R23_STATUS,"retain original bytes, manifests, raw outputs, negative fixtures, historical path metadata",ARCHIVE,3e2beaa9f22ec1d9684c5cdf849cf76f19f46bbc4be6fc50fb816f05379cba61,39006
reproducibility/outputs/traffic_simulation/r23_experiment_b1_evidence_review/20260911_v1/run_level_dataset.json,.json,present at 64b9ee1e687273896570713f1e28ed10a788c39f; tracked,RETAINED_AS_HISTORICAL_EVIDENCE,superseded process or archived supporting evidence,immutable supporting scientific/audit evidence; current authority is R23_STATUS,"retain original bytes, manifests, raw outputs, negative fixtures, historical path metadata",ARCHIVE,608fe0b8388c82e541ac3cc1214e3c02c382fbaca200d7332831463c10afc30e,97599
reproducibility/outputs/traffic_simulation/r23_experiment_b1_evidence_review/20260911_v1/runtime_analysis.json,.json,present at 64b9ee1e687273896570713f1e28ed10a788c39f; tracked,RETAINED_AS_HISTORICAL_EVIDENCE,superseded process or archived supporting evidence,immutable supporting scientific/audit evidence; current authority is R23_STATUS,"retain original bytes, manifests, raw outputs, negative fixtures, historical path metadata",ARCHIVE,8bf94280fc72870fc30185a92444a9c10bac39bde85dfc8f442b52cb5b29220c,10447
reproducibility/outputs/traffic_simulation/r23_experiment_b1_evidence_review/20260911_v1/table_2_initialization_sensitivity.csv,.csv,present at 64b9ee1e687273896570713f1e28ed10a788c39f; tracked,RETAINED_AS_HISTORICAL_EVIDENCE,superseded process or archived supporting evidence,immutable supporting scientific/audit evidence; current authority is R23_STATUS,"retain original bytes, manifests, raw outputs, negative fixtures, historical path metadata",ARCHIVE,0a1b1456d203b3f37fb36d582820a3f013f0075c7c0661194988201730dcbda4,2274
reproducibility/outputs/traffic_simulation/r23_experiment_b1_evidence_review/20260911_v1/table_3_p_depth_paired.csv,.csv,present at 64b9ee1e687273896570713f1e28ed10a788c39f; tracked,RETAINED_AS_HISTORICAL_EVIDENCE,superseded process or archived supporting evidence,immutable supporting scientific/audit evidence; current authority is R23_STATUS,"retain original bytes, manifests, raw outputs, negative fixtures, historical path metadata",ARCHIVE,c6105c4d89b1e177dbdaadf130de81850f0af3b51e1bf8f7f19d3eda98e3326b,6953
reproducibility/outputs/traffic_simulation/r23_experiment_b1_implementation_fix/20260911_v1/b1_preflight_resolution.json,.json,present at 64b9ee1e687273896570713f1e28ed10a788c39f; tracked,RETAINED_AS_HISTORICAL_EVIDENCE,superseded process or archived supporting evidence,immutable supporting scientific/audit evidence; current authority is R23_STATUS,"retain original bytes, manifests, raw outputs, negative fixtures, historical path metadata",ARCHIVE,b991279594ef65f236b8fd600c873f46c8ef97bb915186e4a3a4bdff4bf3a421,17353
reproducibility/outputs/traffic_simulation/r23_experiment_b1_implementation_fix/20260911_v1/b1_reexecution_authorization.json,.json,present at 64b9ee1e687273896570713f1e28ed10a788c39f; tracked,RETAINED_AS_HISTORICAL_EVIDENCE,superseded process or archived supporting evidence,immutable supporting scientific/audit evidence; current authority is R23_STATUS,"retain original bytes, manifests, raw outputs, negative fixtures, historical path metadata",ARCHIVE,b9d2dccc23498f4b12268eb82302554072fdb63dfb1c4970814f0fc10d68062f,1925
reproducibility/outputs/traffic_simulation/r23_experiment_b1_implementation_fix/20260911_v1/implementation_authority_v2.json,.json,present at 64b9ee1e687273896570713f1e28ed10a788c39f; tracked,RETAINED_AS_HISTORICAL_EVIDENCE,superseded process or archived supporting evidence,immutable supporting scientific/audit evidence; current authority is R23_STATUS,"retain original bytes, manifests, raw outputs, negative fixtures, historical path metadata",ARCHIVE,4e3a2e5289a156668878361ddbf805ca6de825d2bbfe9077429a5f69bf7fac24,2712
reproducibility/outputs/traffic_simulation/r23_experiment_b1_implementation_fix/20260911_v1/loader_validation.json,.json,present at 64b9ee1e687273896570713f1e28ed10a788c39f; tracked,RETAINED_AS_HISTORICAL_EVIDENCE,superseded process or archived supporting evidence,immutable supporting scientific/audit evidence; current authority is R23_STATUS,"retain original bytes, manifests, raw outputs, negative fixtures, historical path metadata",ARCHIVE,d12fffe4842eb0c4540cc03486323a2e72e2d0b1d5945d79ab4d7028ebc25a15,4413
reproducibility/outputs/traffic_simulation/r23_experiment_b1_implementation_fix/20260911_v1/manifest.json,.json,present at 64b9ee1e687273896570713f1e28ed10a788c39f; tracked,RETAINED_AS_HISTORICAL_EVIDENCE,superseded process or archived supporting evidence,immutable supporting scientific/audit evidence; current authority is R23_STATUS,"retain original bytes, manifests, raw outputs, negative fixtures, historical path metadata",ARCHIVE,3cbef06ff11f66b569b3c432fdffa561b2a7e94643a96c52f7de984eb6357100,1555
reproducibility/outputs/traffic_simulation/r23_experiment_b1_implementation_fix/20260911_v1/regression_validation.json,.json,present at 64b9ee1e687273896570713f1e28ed10a788c39f; tracked,RETAINED_AS_HISTORICAL_EVIDENCE,superseded process or archived supporting evidence,immutable supporting scientific/audit evidence; current authority is R23_STATUS,"retain original bytes, manifests, raw outputs, negative fixtures, historical path metadata",ARCHIVE,f6dd7d44db31eabd38b5779791d5929631be709f8d5f82545143d0171d892be6,593
reproducibility/outputs/traffic_simulation/r23_experiment_b1_implementation_fix/20260911_v1/root_cause.json,.json,present at 64b9ee1e687273896570713f1e28ed10a788c39f; tracked,RETAINED_AS_HISTORICAL_EVIDENCE,superseded process or archived supporting evidence,immutable supporting scientific/audit evidence; current authority is R23_STATUS,"retain original bytes, manifests, raw outputs, negative fixtures, historical path metadata",ARCHIVE,18c80cac7bf6b02be436ccf444705144261e5a437aca9d6d2d7a1425c0a9fc99,1232
reproducibility/outputs/traffic_simulation/r23_experiment_b2/20260911_v1/README.md,.md,present at 64b9ee1e687273896570713f1e28ed10a788c39f; tracked,RETAINED_AS_HISTORICAL_EVIDENCE,superseded process or archived supporting evidence,immutable supporting scientific/audit evidence; current authority is R23_STATUS,"retain original bytes, manifests, raw outputs, negative fixtures, historical path metadata",ARCHIVE,3e6d8fe21eedec1516f4dd08642df666ea61ea35a56914c358b4fb22233ae2ee,441
reproducibility/outputs/traffic_simulation/r23_experiment_b2/20260911_v1/SHA256SUMS,no-extension,present at 64b9ee1e687273896570713f1e28ed10a788c39f; tracked,RETAINED_AS_HISTORICAL_EVIDENCE,superseded process or archived supporting evidence,immutable supporting scientific/audit evidence; current authority is R23_STATUS,"retain original bytes, manifests, raw outputs, negative fixtures, historical path metadata",ARCHIVE,306295c1a9295657429125c4d1106fe4496c70c0efcaee1189efbba736714049,686
reproducibility/outputs/traffic_simulation/r23_experiment_b2/20260911_v1/b2_summary.json,.json,present at 64b9ee1e687273896570713f1e28ed10a788c39f; tracked,RETAINED_AS_HISTORICAL_EVIDENCE,superseded process or archived supporting evidence,immutable supporting scientific/audit evidence; current authority is R23_STATUS,"retain original bytes, manifests, raw outputs, negative fixtures, historical path metadata",ARCHIVE,1fc5c6c749b6f3da12c21c1f9e513597aa4573d1a04a4417d3ee268650ce716e,1931
reproducibility/outputs/traffic_simulation/r23_experiment_b2/20260911_v1/cobyla_vs_nelder_mead_raw_comparison.json,.json,present at 64b9ee1e687273896570713f1e28ed10a788c39f; tracked,RETAINED_AS_HISTORICAL_EVIDENCE,superseded process or archived supporting evidence,immutable supporting scientific/audit evidence; current authority is R23_STATUS,"retain original bytes, manifests, raw outputs, negative fixtures, historical path metadata",ARCHIVE,19e7367dd5d3a47b855dc750420e547e6999041807a618e981dff27ad6b1b978,11968
reproducibility/outputs/traffic_simulation/r23_experiment_b2/20260911_v1/execution_preflight.json,.json,present at 64b9ee1e687273896570713f1e28ed10a788c39f; tracked,RETAINED_AS_HISTORICAL_EVIDENCE,superseded process or archived supporting evidence,immutable supporting scientific/audit evidence; current authority is R23_STATUS,"retain original bytes, manifests, raw outputs, negative fixtures, historical path metadata",ARCHIVE,d94a720e3851107db873fd75f3859e7de014082fef916796631afb672a09a757,1936
reproducibility/outputs/traffic_simulation/r23_experiment_b2/20260911_v1/integrity.json,.json,present at 64b9ee1e687273896570713f1e28ed10a788c39f; tracked,RETAINED_AS_HISTORICAL_EVIDENCE,superseded process or archived supporting evidence,immutable supporting scientific/audit evidence; current authority is R23_STATUS,"retain original bytes, manifests, raw outputs, negative fixtures, historical path metadata",ARCHIVE,17f3d24596727a432e72172130672f74fc017ca3a600d88f72c8c5910aec215b,1012
reproducibility/outputs/traffic_simulation/r23_experiment_b2/20260911_v1/manifest.json,.json,present at 64b9ee1e687273896570713f1e28ed10a788c39f; tracked,RETAINED_AS_HISTORICAL_EVIDENCE,superseded process or archived supporting evidence,immutable supporting scientific/audit evidence; current authority is R23_STATUS,"retain original bytes, manifests, raw outputs, negative fixtures, historical path metadata",ARCHIVE,d1cd291e49ea5ebdc07797e9d8684dcc6fe415efd543c5aeb4174bb50bd838db,1243
reproducibility/outputs/traffic_simulation/r23_experiment_b2/20260911_v1/progress.json,.json,present at 64b9ee1e687273896570713f1e28ed10a788c39f; tracked,RETAINED_AS_HISTORICAL_EVIDENCE,superseded process or archived supporting evidence,immutable supporting scientific/audit evidence; current authority is R23_STATUS,"retain original bytes, manifests, raw outputs, negative fixtures, historical path metadata",ARCHIVE,a029f6b220c2f6f298406b173da6b0bb6005241ef0117926271a0e1f370af3ea,166
reproducibility/outputs/traffic_simulation/r23_experiment_b2/20260911_v1/runs/routing_v18_n4_rank01_p2_init_fixed01_rep1_optimizer_nelder_mead.json,.json,present at 64b9ee1e687273896570713f1e28ed10a788c39f; tracked,RETAINED_AS_HISTORICAL_EVIDENCE,superseded process or archived supporting evidence,immutable supporting scientific/audit evidence; current authority is R23_STATUS,"retain original bytes, manifests, raw outputs, negative fixtures, historical path metadata",ARCHIVE,f6a85ddb24d540e7536fc18b17f24f5062f53758b2ba7b6b8cca4e75ca920a84,34606742
reproducibility/outputs/traffic_simulation/r23_experiment_b2/20260911_v1/runs/routing_v18_n4_rank01_p3_init_fixed01_rep1_optimizer_nelder_mead.json,.json,present at 64b9ee1e687273896570713f1e28ed10a788c39f; tracked,RETAINED_AS_HISTORICAL_EVIDENCE,superseded process or archived supporting evidence,immutable supporting scientific/audit evidence; current authority is R23_STATUS,"retain original bytes, manifests, raw outputs, negative fixtures, historical path metadata",ARCHIVE,f64ce58893adf4a092515c5e3bddb30823c823a9249b42d57cbf54544cecca26,34604144
reproducibility/outputs/traffic_simulation/r23_experiment_b2/20260911_v1/runs/routing_v18_n4_rank03_p2_init_fixed01_rep1_optimizer_nelder_mead.json,.json,present at 64b9ee1e687273896570713f1e28ed10a788c39f; tracked,RETAINED_AS_HISTORICAL_EVIDENCE,superseded process or archived supporting evidence,immutable supporting scientific/audit evidence; current authority is R23_STATUS,"retain original bytes, manifests, raw outputs, negative fixtures, historical path metadata",ARCHIVE,25ec486e5c92c4520cd99de745d7f68ca9c8772cd721f78b405ed0a0fb4284e6,34604344
reproducibility/outputs/traffic_simulation/r23_experiment_b2/20260911_v1/runs/routing_v18_n4_rank03_p3_init_fixed01_rep1_optimizer_nelder_mead.json,.json,present at 64b9ee1e687273896570713f1e28ed10a788c39f; tracked,RETAINED_AS_HISTORICAL_EVIDENCE,superseded process or archived supporting evidence,immutable supporting scientific/audit evidence; current authority is R23_STATUS,"retain original bytes, manifests, raw outputs, negative fixtures, historical path metadata",ARCHIVE,e3dae1e12cd818c3a01c507602a8d2459e6ad693fcc84a1c03e69aa217ac4f76,34602766
reproducibility/outputs/traffic_simulation/r23_experiment_b2/20260911_v1/runs/routing_v18_n4_rank05_p2_init_fixed01_rep1_optimizer_nelder_mead.json,.json,present at 64b9ee1e687273896570713f1e28ed10a788c39f; tracked,RETAINED_AS_HISTORICAL_EVIDENCE,superseded process or archived supporting evidence,immutable supporting scientific/audit evidence; current authority is R23_STATUS,"retain original bytes, manifests, raw outputs, negative fixtures, historical path metadata",ARCHIVE,5e902cde9b649600d92c57e828c5fe68c58cf763384055f050c93357d34016cd,34604612
reproducibility/outputs/traffic_simulation/r23_experiment_b2/20260911_v1/runs/routing_v18_n4_rank05_p3_init_fixed01_rep1_optimizer_nelder_mead.json,.json,present at 64b9ee1e687273896570713f1e28ed10a788c39f; tracked,RETAINED_AS_HISTORICAL_EVIDENCE,superseded process or archived supporting evidence,immutable supporting scientific/audit evidence; current authority is R23_STATUS,"retain original bytes, manifests, raw outputs, negative fixtures, historical path metadata",ARCHIVE,bba799d9ebd9e0febd95e2bfc9c0647107ef08cf12d8282209cfd8536304cf9d,34602305
reproducibility/outputs/traffic_simulation/r23_experiment_b2/20260911_v1/terminal_records.json,.json,present at 64b9ee1e687273896570713f1e28ed10a788c39f; tracked,RETAINED_AS_HISTORICAL_EVIDENCE,superseded process or archived supporting evidence,immutable supporting scientific/audit evidence; current authority is R23_STATUS,"retain original bytes, manifests, raw outputs, negative fixtures, historical path metadata",ARCHIVE,5349fcc874ec4158495e9536a7813a60cc63a33b6e920410cdd32be3ab4afa57,1708
reproducibility/outputs/traffic_simulation/r23_experiment_b2/20260911_v2/README.md,.md,present at 64b9ee1e687273896570713f1e28ed10a788c39f; tracked,RETAINED_AS_HISTORICAL_EVIDENCE,superseded process or archived supporting evidence,immutable supporting scientific/audit evidence; current authority is R23_STATUS,"retain original bytes, manifests, raw outputs, negative fixtures, historical path metadata",ARCHIVE,42916e8460f4b209fe61006e10827ebe9b255af174cbbe7e78e58e2096dc51ef,496
reproducibility/outputs/traffic_simulation/r23_experiment_b2/20260911_v2/SHA256SUMS,no-extension,present at 64b9ee1e687273896570713f1e28ed10a788c39f; tracked,RETAINED_AS_HISTORICAL_EVIDENCE,superseded process or archived supporting evidence,immutable supporting scientific/audit evidence; current authority is R23_STATUS,"retain original bytes, manifests, raw outputs, negative fixtures, historical path metadata",ARCHIVE,f4e91cf5492e4c6a4deb65e9262e55c41e8e0777e5a08486636cc9635bc3995d,686
reproducibility/outputs/traffic_simulation/r23_experiment_b2/20260911_v2/b2_summary.json,.json,present at 64b9ee1e687273896570713f1e28ed10a788c39f; tracked,RETAINED_AS_HISTORICAL_EVIDENCE,superseded process or archived supporting evidence,immutable supporting scientific/audit evidence; current authority is R23_STATUS,"retain original bytes, manifests, raw outputs, negative fixtures, historical path metadata",ARCHIVE,24678adfa0b6bb240c11092e54eb8391e44903a29498557e41d555ceffca31aa,2454
reproducibility/outputs/traffic_simulation/r23_experiment_b2/20260911_v2/cobyla_vs_nelder_mead_raw_comparison.json,.json,present at 64b9ee1e687273896570713f1e28ed10a788c39f; tracked,RETAINED_AS_HISTORICAL_EVIDENCE,superseded process or archived supporting evidence,immutable supporting scientific/audit evidence; current authority is R23_STATUS,"retain original bytes, manifests, raw outputs, negative fixtures, historical path metadata",ARCHIVE,a290bd2ecd9dc7ba40d28898a2e92a4ed4d908e263eced25b014c3235dba2766,13281
reproducibility/outputs/traffic_simulation/r23_experiment_b2/20260911_v2/execution_preflight.json,.json,present at 64b9ee1e687273896570713f1e28ed10a788c39f; tracked,RETAINED_AS_HISTORICAL_EVIDENCE,superseded process or archived supporting evidence,immutable supporting scientific/audit evidence; current authority is R23_STATUS,"retain original bytes, manifests, raw outputs, negative fixtures, historical path metadata",ARCHIVE,d981fe4bbd611d1f3e9467a041ffa72748ca0e692765faeeab9cac021b42e2f4,1801
reproducibility/outputs/traffic_simulation/r23_experiment_b2/20260911_v2/integrity.json,.json,present at 64b9ee1e687273896570713f1e28ed10a788c39f; tracked,RETAINED_AS_HISTORICAL_EVIDENCE,superseded process or archived supporting evidence,immutable supporting scientific/audit evidence; current authority is R23_STATUS,"retain original bytes, manifests, raw outputs, negative fixtures, historical path metadata",ARCHIVE,2786e6848175ba1215b119d9c9f6bc4090788bea0a02630711d81c05e4313f68,638
reproducibility/outputs/traffic_simulation/r23_experiment_b2/20260911_v2/manifest.json,.json,present at 64b9ee1e687273896570713f1e28ed10a788c39f; tracked,RETAINED_AS_HISTORICAL_EVIDENCE,superseded process or archived supporting evidence,immutable supporting scientific/audit evidence; current authority is R23_STATUS,"retain original bytes, manifests, raw outputs, negative fixtures, historical path metadata",ARCHIVE,f93afebce06bc409735e9414cf26f706428b31dff1d178fd214de36831404406,1250
reproducibility/outputs/traffic_simulation/r23_experiment_b2/20260911_v2/progress.json,.json,present at 64b9ee1e687273896570713f1e28ed10a788c39f; tracked,RETAINED_AS_HISTORICAL_EVIDENCE,superseded process or archived supporting evidence,immutable supporting scientific/audit evidence; current authority is R23_STATUS,"retain original bytes, manifests, raw outputs, negative fixtures, historical path metadata",ARCHIVE,cb8cc2d394f5d74a29e1543ea89d6051ecc3ef8e9547fa382cb0a642fbcdbf0c,186
reproducibility/outputs/traffic_simulation/r23_experiment_b2/20260911_v2/runs/routing_v18_n4_rank01_p2_init_fixed01_rep1_optimizer_nelder_mead.json,.json,present at 64b9ee1e687273896570713f1e28ed10a788c39f; tracked,RETAINED_AS_HISTORICAL_EVIDENCE,superseded process or archived supporting evidence,immutable supporting scientific/audit evidence; current authority is R23_STATUS,"retain original bytes, manifests, raw outputs, negative fixtures, historical path metadata",ARCHIVE,dc2cd274d1fcdeeffd1562ec639f9dbeec6409c5e238c51e49c1337642cb062d,34868567
reproducibility/outputs/traffic_simulation/r23_experiment_b2/20260911_v2/runs/routing_v18_n4_rank01_p3_init_fixed01_rep1_optimizer_nelder_mead.json,.json,present at 64b9ee1e687273896570713f1e28ed10a788c39f; tracked,RETAINED_AS_HISTORICAL_EVIDENCE,superseded process or archived supporting evidence,immutable supporting scientific/audit evidence; current authority is R23_STATUS,"retain original bytes, manifests, raw outputs, negative fixtures, historical path metadata",ARCHIVE,ca385005520d1f3d5c89d81d817790da02fc985270af8d7c233ce29929006f17,35051174
reproducibility/outputs/traffic_simulation/r23_experiment_b2/20260911_v2/runs/routing_v18_n4_rank03_p2_init_fixed01_rep1_optimizer_nelder_mead.json,.json,present at 64b9ee1e687273896570713f1e28ed10a788c39f; tracked,RETAINED_AS_HISTORICAL_EVIDENCE,superseded process or archived supporting evidence,immutable supporting scientific/audit evidence; current authority is R23_STATUS,"retain original bytes, manifests, raw outputs, negative fixtures, historical path metadata",ARCHIVE,ce37109912a51dcd56828ea3a1e65d52ecc61f9a56da9d3f9cc22a480e1c6a28,34806312
reproducibility/outputs/traffic_simulation/r23_experiment_b2/20260911_v2/runs/routing_v18_n4_rank03_p3_init_fixed01_rep1_optimizer_nelder_mead.json,.json,present at 64b9ee1e687273896570713f1e28ed10a788c39f; tracked,RETAINED_AS_HISTORICAL_EVIDENCE,superseded process or archived supporting evidence,immutable supporting scientific/audit evidence; current authority is R23_STATUS,"retain original bytes, manifests, raw outputs, negative fixtures, historical path metadata",ARCHIVE,87a02d1f5c78c10160d81dd14c247e0a818b608b3da13170bcdd24acf363386f,35070692
reproducibility/outputs/traffic_simulation/r23_experiment_b2/20260911_v2/runs/routing_v18_n4_rank05_p2_init_fixed01_rep1_optimizer_nelder_mead.json,.json,present at 64b9ee1e687273896570713f1e28ed10a788c39f; tracked,RETAINED_AS_HISTORICAL_EVIDENCE,superseded process or archived supporting evidence,immutable supporting scientific/audit evidence; current authority is R23_STATUS,"retain original bytes, manifests, raw outputs, negative fixtures, historical path metadata",ARCHIVE,027eba3d4cd50562219cf21b24b7a540b7f19c31e589573371005c819ea4c677,34816648
reproducibility/outputs/traffic_simulation/r23_experiment_b2/20260911_v2/runs/routing_v18_n4_rank05_p3_init_fixed01_rep1_optimizer_nelder_mead.json,.json,present at 64b9ee1e687273896570713f1e28ed10a788c39f; tracked,RETAINED_AS_HISTORICAL_EVIDENCE,superseded process or archived supporting evidence,immutable supporting scientific/audit evidence; current authority is R23_STATUS,"retain original bytes, manifests, raw outputs, negative fixtures, historical path metadata",ARCHIVE,0ef9ceed1ae14db085a7ba64b51ae9e26228a1a9019e113d03084141b4607a86,35073492
reproducibility/outputs/traffic_simulation/r23_experiment_b2/20260911_v2/terminal_records.json,.json,present at 64b9ee1e687273896570713f1e28ed10a788c39f; tracked,RETAINED_AS_HISTORICAL_EVIDENCE,superseded process or archived supporting evidence,immutable supporting scientific/audit evidence; current authority is R23_STATUS,"retain original bytes, manifests, raw outputs, negative fixtures, historical path metadata",ARCHIVE,ad52ac50a841f7302e4b6745a183b922ee2343f5661b09d965e71d95515c298e,1708
reproducibility/outputs/traffic_simulation/r23_experiment_b2_authority/20260911_v1/README.md,.md,present at 64b9ee1e687273896570713f1e28ed10a788c39f; tracked,RETAINED_AS_HISTORICAL_EVIDENCE,superseded process or archived supporting evidence,immutable supporting scientific/audit evidence; current authority is R23_STATUS,"retain original bytes, manifests, raw outputs, negative fixtures, historical path metadata",ARCHIVE,771fcff66c5521705cc7ce3f1610b62a4908267b4ebdc87956abcdaf7a71fb0f,757
reproducibility/outputs/traffic_simulation/r23_experiment_b2_authority/20260911_v1/SHA256SUMS,no-extension,present at 64b9ee1e687273896570713f1e28ed10a788c39f; tracked,RETAINED_AS_HISTORICAL_EVIDENCE,superseded process or archived supporting evidence,immutable supporting scientific/audit evidence; current authority is R23_STATUS,"retain original bytes, manifests, raw outputs, negative fixtures, historical path metadata",ARCHIVE,7ebf34a1bbe455470a647641d6453e2b587287ef69caa703ad7eead3ff749d8a,613
reproducibility/outputs/traffic_simulation/r23_experiment_b2_authority/20260911_v1/SHA256SUMS_V2,no-extension,present at 64b9ee1e687273896570713f1e28ed10a788c39f; tracked,RETAINED_AS_HISTORICAL_EVIDENCE,superseded process or archived supporting evidence,immutable supporting scientific/audit evidence; current authority is R23_STATUS,"retain original bytes, manifests, raw outputs, negative fixtures, historical path metadata",ARCHIVE,c458fd48ee5592539f7856de12aa3d4e5ec4805fb76826cabc7a5831b829ca53,594
reproducibility/outputs/traffic_simulation/r23_experiment_b2_authority/20260911_v1/b2_cobyla_baseline_manifest.json,.json,present at 64b9ee1e687273896570713f1e28ed10a788c39f; tracked,RETAINED_AS_HISTORICAL_EVIDENCE,superseded process or archived supporting evidence,immutable supporting scientific/audit evidence; current authority is R23_STATUS,"retain original bytes, manifests, raw outputs, negative fixtures, historical path metadata",ARCHIVE,5be438e122701c2503b86a017feea5dd16680e3bf17571a6bed0190a7b9dd4b1,3990
reproducibility/outputs/traffic_simulation/r23_experiment_b2_authority/20260911_v1/b2_design_review_v2_manifest.json,.json,present at 64b9ee1e687273896570713f1e28ed10a788c39f; tracked,RETAINED_AS_HISTORICAL_EVIDENCE,superseded process or archived supporting evidence,immutable supporting scientific/audit evidence; current authority is R23_STATUS,"retain original bytes, manifests, raw outputs, negative fixtures, historical path metadata",ARCHIVE,141168f0eb98dfdd1bb489f47df510b02987fe2921fc0df1f6397a133647029b,1315
reproducibility/outputs/traffic_simulation/r23_experiment_b2_authority/20260911_v1/b2_execution_authorization.json,.json,present at 64b9ee1e687273896570713f1e28ed10a788c39f; tracked,RETAINED_AS_HISTORICAL_EVIDENCE,superseded process or archived supporting evidence,immutable supporting scientific/audit evidence; current authority is R23_STATUS,"retain original bytes, manifests, raw outputs, negative fixtures, historical path metadata",ARCHIVE,f344e8e0d9d920707e930d34700bb3f5c6b2eeef6d7572a1b152c3976d82bec1,5322
reproducibility/outputs/traffic_simulation/r23_experiment_b2_authority/20260911_v1/b2_execution_authorization_v2.json,.json,present at 64b9ee1e687273896570713f1e28ed10a788c39f; tracked,RETAINED_AS_HISTORICAL_EVIDENCE,superseded process or archived supporting evidence,immutable supporting scientific/audit evidence; current authority is R23_STATUS,"retain original bytes, manifests, raw outputs, negative fixtures, historical path metadata",ARCHIVE,7518f423f1b4acc3cd7d92e13379d4f50d7579ce9e9c3ef50e09f4b9da7fdb40,15285
reproducibility/outputs/traffic_simulation/r23_experiment_b2_authority/20260911_v1/b2_implementation_gate_review_v2.json,.json,present at 64b9ee1e687273896570713f1e28ed10a788c39f; tracked,RETAINED_AS_HISTORICAL_EVIDENCE,superseded process or archived supporting evidence,immutable supporting scientific/audit evidence; current authority is R23_STATUS,"retain original bytes, manifests, raw outputs, negative fixtures, historical path metadata",ARCHIVE,aebf62d0cf142692cf9f334cb40629361cc33d27f677631f1af6c2a9304061b9,596
reproducibility/outputs/traffic_simulation/r23_experiment_b2_authority/20260911_v1/b2_planned_run_manifest.json,.json,present at 64b9ee1e687273896570713f1e28ed10a788c39f; tracked,RETAINED_AS_HISTORICAL_EVIDENCE,superseded process or archived supporting evidence,immutable supporting scientific/audit evidence; current authority is R23_STATUS,"retain original bytes, manifests, raw outputs, negative fixtures, historical path metadata",ARCHIVE,391dfdbd48c6c3eeb002da656fcd745fc6bfdb3b50e30eca3fd30b236f7e02d8,11925
reproducibility/outputs/traffic_simulation/r23_experiment_b2_authority/20260911_v1/b2_planned_run_manifest_v2.json,.json,present at 64b9ee1e687273896570713f1e28ed10a788c39f; tracked,RETAINED_AS_HISTORICAL_EVIDENCE,superseded process or archived supporting evidence,immutable supporting scientific/audit evidence; current authority is R23_STATUS,"retain original bytes, manifests, raw outputs, negative fixtures, historical path metadata",ARCHIVE,38e2f8fdfc7bcaddfc485a55d69e3e39527b69d8b1d657bd9b236cd4869bda3a,12788
reproducibility/outputs/traffic_simulation/r23_experiment_b2_authority/20260911_v1/b2_preflight.json,.json,present at 64b9ee1e687273896570713f1e28ed10a788c39f; tracked,RETAINED_AS_HISTORICAL_EVIDENCE,superseded process or archived supporting evidence,immutable supporting scientific/audit evidence; current authority is R23_STATUS,"retain original bytes, manifests, raw outputs, negative fixtures, historical path metadata",ARCHIVE,a060ea5376123fead2bbbe08febc2f47199f6f119e51ff904753899059d9074a,11071
reproducibility/outputs/traffic_simulation/r23_experiment_b2_authority/20260911_v1/b2_preflight_v2.json,.json,present at 64b9ee1e687273896570713f1e28ed10a788c39f; tracked,RETAINED_AS_HISTORICAL_EVIDENCE,superseded process or archived supporting evidence,immutable supporting scientific/audit evidence; current authority is R23_STATUS,"retain original bytes, manifests, raw outputs, negative fixtures, historical path metadata",ARCHIVE,cfe631fb3d751a83a6394e93fdb828df20cac848a00aeb24efb83e298c485507,12961
reproducibility/outputs/traffic_simulation/r23_experiment_b2_authority/20260911_v1/integrity.json,.json,present at 64b9ee1e687273896570713f1e28ed10a788c39f; tracked,RETAINED_AS_HISTORICAL_EVIDENCE,superseded process or archived supporting evidence,immutable supporting scientific/audit evidence; current authority is R23_STATUS,"retain original bytes, manifests, raw outputs, negative fixtures, historical path metadata",ARCHIVE,de8cedd34a05512226483ac0668a86156b9347072ca6da5e04d6866c05149852,847
reproducibility/outputs/traffic_simulation/r23_experiment_b2_authority/20260911_v1/manifest.json,.json,present at 64b9ee1e687273896570713f1e28ed10a788c39f; tracked,RETAINED_AS_HISTORICAL_EVIDENCE,superseded process or archived supporting evidence,immutable supporting scientific/audit evidence; current authority is R23_STATUS,"retain original bytes, manifests, raw outputs, negative fixtures, historical path metadata",ARCHIVE,acb6c71e54c567a957caaddf7bf0ba0d914f41c4fa8ba3cbd443728bc2063362,954
reproducibility/outputs/traffic_simulation/r23_experiment_b2_authority/20260911_v2/README.md,.md,present at 64b9ee1e687273896570713f1e28ed10a788c39f; tracked,RETAINED_AS_HISTORICAL_EVIDENCE,superseded process or archived supporting evidence,immutable supporting scientific/audit evidence; current authority is R23_STATUS,"retain original bytes, manifests, raw outputs, negative fixtures, historical path metadata",ARCHIVE,f3809b13b99a13ff8af354388c9f32aa622b8524802c0dfbe489c933e35c2195,313
reproducibility/outputs/traffic_simulation/r23_experiment_b2_authority/20260911_v2/SHA256SUMS,no-extension,present at 64b9ee1e687273896570713f1e28ed10a788c39f; tracked,RETAINED_AS_HISTORICAL_EVIDENCE,superseded process or archived supporting evidence,immutable supporting scientific/audit evidence; current authority is R23_STATUS,"retain original bytes, manifests, raw outputs, negative fixtures, historical path metadata",ARCHIVE,3d8c14c26209fedb06bcb59b8ac65e75639d9631ac068719c2cd2afa97b2220a,737
reproducibility/outputs/traffic_simulation/r23_experiment_b2_authority/20260911_v2/b2_reexecution_authorization.json,.json,present at 64b9ee1e687273896570713f1e28ed10a788c39f; tracked,RETAINED_AS_HISTORICAL_EVIDENCE,superseded process or archived supporting evidence,immutable supporting scientific/audit evidence; current authority is R23_STATUS,"retain original bytes, manifests, raw outputs, negative fixtures, historical path metadata",ARCHIVE,8dd330c51372908e356d0fe0facfed8b10a79c8f82c6be1ddfc46f870560ee1a,16691
reproducibility/outputs/traffic_simulation/r23_experiment_b2_authority/20260911_v2/b2_reexecution_planned_manifest.json,.json,present at 64b9ee1e687273896570713f1e28ed10a788c39f; tracked,RETAINED_AS_HISTORICAL_EVIDENCE,superseded process or archived supporting evidence,immutable supporting scientific/audit evidence; current authority is R23_STATUS,"retain original bytes, manifests, raw outputs, negative fixtures, historical path metadata",ARCHIVE,5600f9055fc857761f795721f347dc8234b81858b9a379bc750a8452b9bd9cc3,14730
reproducibility/outputs/traffic_simulation/r23_experiment_b2_authority/20260911_v2/b2_reexecution_preflight.json,.json,present at 64b9ee1e687273896570713f1e28ed10a788c39f; tracked,RETAINED_AS_HISTORICAL_EVIDENCE,superseded process or archived supporting evidence,immutable supporting scientific/audit evidence; current authority is R23_STATUS,"retain original bytes, manifests, raw outputs, negative fixtures, historical path metadata",ARCHIVE,8c9401158057f64bb8831e506cd5b87c0c308b5d25741ec40ad237973e1eeaf1,14295
reproducibility/outputs/traffic_simulation/r23_experiment_b2_authority/20260911_v2/implementation_authority_v3.json,.json,present at 64b9ee1e687273896570713f1e28ed10a788c39f; tracked,RETAINED_AS_HISTORICAL_EVIDENCE,superseded process or archived supporting evidence,immutable supporting scientific/audit evidence; current authority is R23_STATUS,"retain original bytes, manifests, raw outputs, negative fixtures, historical path metadata",ARCHIVE,b0e3013dda0c89aa5aec85b5bbee3af44f956a47e427a51deeee5fd277d2fab3,2088
reproducibility/outputs/traffic_simulation/r23_experiment_b2_authority/20260911_v2/manifest.json,.json,present at 64b9ee1e687273896570713f1e28ed10a788c39f; tracked,RETAINED_AS_HISTORICAL_EVIDENCE,superseded process or archived supporting evidence,immutable supporting scientific/audit evidence; current authority is R23_STATUS,"retain original bytes, manifests, raw outputs, negative fixtures, historical path metadata",ARCHIVE,7782084ec05e53b52c3b5cd51dda00670c1142c7f1843b4cea83a55442ff2cc9,1207
reproducibility/outputs/traffic_simulation/r23_experiment_b2_authority/20260911_v2/optimizer_dispatch_validation.json,.json,present at 64b9ee1e687273896570713f1e28ed10a788c39f; tracked,RETAINED_AS_HISTORICAL_EVIDENCE,superseded process or archived supporting evidence,immutable supporting scientific/audit evidence; current authority is R23_STATUS,"retain original bytes, manifests, raw outputs, negative fixtures, historical path metadata",ARCHIVE,0a45855678a372a8becf0230e90c34da07531f5d4c2255ad79d48150d46bc736,1309
reproducibility/outputs/traffic_simulation/r23_experiment_b2_authority/20260911_v2/root_cause.json,.json,present at 64b9ee1e687273896570713f1e28ed10a788c39f; tracked,RETAINED_AS_HISTORICAL_EVIDENCE,superseded process or archived supporting evidence,immutable supporting scientific/audit evidence; current authority is R23_STATUS,"retain original bytes, manifests, raw outputs, negative fixtures, historical path metadata",ARCHIVE,6dbb33c267e7670db8af6e41dd91545142ce8ffd8b2ee6b25b9cbbfcbc472e83,1321
reproducibility/outputs/traffic_simulation/r23_experiment_b2_evidence_review/20260911_v1/README.md,.md,present at 64b9ee1e687273896570713f1e28ed10a788c39f; tracked,RETAINED_AS_HISTORICAL_EVIDENCE,superseded process or archived supporting evidence,immutable supporting scientific/audit evidence; current authority is R23_STATUS,"retain original bytes, manifests, raw outputs, negative fixtures, historical path metadata",ARCHIVE,f4714eecef496178edc3fef9d0f9b80c7d63fcbed9dc84cb2883b558fcd6d05d,900
reproducibility/outputs/traffic_simulation/r23_experiment_b2_evidence_review/20260911_v1/SHA256SUMS,no-extension,present at 64b9ee1e687273896570713f1e28ed10a788c39f; tracked,RETAINED_AS_HISTORICAL_EVIDENCE,superseded process or archived supporting evidence,immutable supporting scientific/audit evidence; current authority is R23_STATUS,"retain original bytes, manifests, raw outputs, negative fixtures, historical path metadata",ARCHIVE,7c1917b16ceac09d15ea0fd3588e0ded692755627b5033499c1f5a91c15b15de,737
reproducibility/outputs/traffic_simulation/r23_experiment_b2_evidence_review/20260911_v1/evidence_review.json,.json,present at 64b9ee1e687273896570713f1e28ed10a788c39f; tracked,RETAINED_AS_HISTORICAL_EVIDENCE,superseded process or archived supporting evidence,immutable supporting scientific/audit evidence; current authority is R23_STATUS,"retain original bytes, manifests, raw outputs, negative fixtures, historical path metadata",ARCHIVE,80460a75fa946d1c2b8d3e4ae53f4eba63648e34d20ad75e3d926e1aa75dcdea,3133
reproducibility/outputs/traffic_simulation/r23_experiment_b2_evidence_review/20260911_v1/paired_optimizer_comparison.csv,.csv,present at 64b9ee1e687273896570713f1e28ed10a788c39f; tracked,RETAINED_AS_HISTORICAL_EVIDENCE,superseded process or archived supporting evidence,immutable supporting scientific/audit evidence; current authority is R23_STATUS,"retain original bytes, manifests, raw outputs, negative fixtures, historical path metadata",ARCHIVE,e4e0d716d91beaf61449b3efec0a8bd41257da6b2658ce1f48877d43b18e0746,4153
reproducibility/outputs/traffic_simulation/r23_experiment_b2_evidence_review/20260911_v1/paired_optimizer_comparison.json,.json,present at 64b9ee1e687273896570713f1e28ed10a788c39f; tracked,RETAINED_AS_HISTORICAL_EVIDENCE,superseded process or archived supporting evidence,immutable supporting scientific/audit evidence; current authority is R23_STATUS,"retain original bytes, manifests, raw outputs, negative fixtures, historical path metadata",ARCHIVE,2425934a91219550abfc2141dd10b40d71c443eb45851efe7e6bf492f74f2649,16017
reproducibility/outputs/traffic_simulation/r23_experiment_b2_evidence_review/20260911_v1/probability_comparison.json,.json,present at 64b9ee1e687273896570713f1e28ed10a788c39f; tracked,RETAINED_AS_HISTORICAL_EVIDENCE,superseded process or archived supporting evidence,immutable supporting scientific/audit evidence; current authority is R23_STATUS,"retain original bytes, manifests, raw outputs, negative fixtures, historical path metadata",ARCHIVE,db60f7396820619f9b7f69ec1b11a355021c75fc042b43a5e864738318b8a513,10382
reproducibility/outputs/traffic_simulation/r23_experiment_b2_evidence_review/20260911_v1/reduced_problem_integration.json,.json,present at 64b9ee1e687273896570713f1e28ed10a788c39f; tracked,RETAINED_AS_HISTORICAL_EVIDENCE,superseded process or archived supporting evidence,immutable supporting scientific/audit evidence; current authority is R23_STATUS,"retain original bytes, manifests, raw outputs, negative fixtures, historical path metadata",ARCHIVE,7858789574e36d9a02f038b9a08d52f9e35a12f860ec78edd2805259960550f4,2825
reproducibility/outputs/traffic_simulation/r23_experiment_b2_evidence_review/20260911_v1/runtime_comparison.json,.json,present at 64b9ee1e687273896570713f1e28ed10a788c39f; tracked,RETAINED_AS_HISTORICAL_EVIDENCE,superseded process or archived supporting evidence,immutable supporting scientific/audit evidence; current authority is R23_STATUS,"retain original bytes, manifests, raw outputs, negative fixtures, historical path metadata",ARCHIVE,831cf5847a7384450678f493ac20bdca7bbdf5f74ccb0627feab1193e49ae85c,7747
reproducibility/outputs/traffic_simulation/r23_experiment_b2_evidence_review/20260911_v1/termination_comparison.json,.json,present at 64b9ee1e687273896570713f1e28ed10a788c39f; tracked,RETAINED_AS_HISTORICAL_EVIDENCE,superseded process or archived supporting evidence,immutable supporting scientific/audit evidence; current authority is R23_STATUS,"retain original bytes, manifests, raw outputs, negative fixtures, historical path metadata",ARCHIVE,e444a3925f7bf5b1474ed0dd362a4e716b7c4a5de00c91aee3953639b8e0711e,769
reproducibility/outputs/traffic_simulation/r23_experiment_b_authority/20260911_v1/b1_execution_authorization.json,.json,present at 64b9ee1e687273896570713f1e28ed10a788c39f; tracked,RETAINED_AS_HISTORICAL_EVIDENCE,superseded process or archived supporting evidence,immutable supporting scientific/audit evidence; current authority is R23_STATUS,"retain original bytes, manifests, raw outputs, negative fixtures, historical path metadata",ARCHIVE,bb3e2e4251e980290bbd4516e8621f4eea920d542b1a6dad6053af5ccacdaa4c,2315
reproducibility/outputs/traffic_simulation/r23_experiment_b_authority/20260911_v1/b1_planned_run_manifest.json,.json,present at 64b9ee1e687273896570713f1e28ed10a788c39f; tracked,RETAINED_AS_HISTORICAL_EVIDENCE,superseded process or archived supporting evidence,immutable supporting scientific/audit evidence; current authority is R23_STATUS,"retain original bytes, manifests, raw outputs, negative fixtures, historical path metadata",ARCHIVE,9e987f38b1c492de81489c830fe8e988ae4ec2976851dcfdaea3af340f897dec,15651
reproducibility/outputs/traffic_simulation/r23_experiment_b_authority/20260911_v1/b2_planned_run_manifest.json,.json,present at 64b9ee1e687273896570713f1e28ed10a788c39f; tracked,RETAINED_AS_HISTORICAL_EVIDENCE,superseded process or archived supporting evidence,immutable supporting scientific/audit evidence; current authority is R23_STATUS,"retain original bytes, manifests, raw outputs, negative fixtures, historical path metadata",ARCHIVE,a5fad870025109c15d06702df385c94bae8286e9907d44072bff041794f50048,3509
reproducibility/outputs/traffic_simulation/r23_experiment_b_authority/20260911_v1/implementation_authority.json,.json,present at 64b9ee1e687273896570713f1e28ed10a788c39f; tracked,RETAINED_AS_HISTORICAL_EVIDENCE,superseded process or archived supporting evidence,immutable supporting scientific/audit evidence; current authority is R23_STATUS,"retain original bytes, manifests, raw outputs, negative fixtures, historical path metadata",ARCHIVE,647e152d085085b0946fc45e531e01c985a3cc18428d937a251c006afff78903,2251
reproducibility/outputs/traffic_simulation/r23_experiment_b_authority/20260911_v1/initialization_authority.json,.json,present at 64b9ee1e687273896570713f1e28ed10a788c39f; tracked,RETAINED_AS_HISTORICAL_EVIDENCE,superseded process or archived supporting evidence,immutable supporting scientific/audit evidence; current authority is R23_STATUS,"retain original bytes, manifests, raw outputs, negative fixtures, historical path metadata",ARCHIVE,43940ecc84d94197ad3eedc2069480f97246a185897ef477621c6159721ba665,7065
reproducibility/outputs/traffic_simulation/r23_experiment_b_authority/20260911_v1/manifest.json,.json,present at 64b9ee1e687273896570713f1e28ed10a788c39f; tracked,RETAINED_AS_HISTORICAL_EVIDENCE,superseded process or archived supporting evidence,immutable supporting scientific/audit evidence; current authority is R23_STATUS,"retain original bytes, manifests, raw outputs, negative fixtures, historical path metadata",ARCHIVE,5ce368b52c1dc234a496fd9ab12e8bafe62af93d95600790c2e87c6ea50a1912,1653
reproducibility/outputs/traffic_simulation/r23_experiment_b_authority/20260911_v1/validation_summary.json,.json,present at 64b9ee1e687273896570713f1e28ed10a788c39f; tracked,RETAINED_AS_HISTORICAL_EVIDENCE,superseded process or archived supporting evidence,immutable supporting scientific/audit evidence; current authority is R23_STATUS,"retain original bytes, manifests, raw outputs, negative fixtures, historical path metadata",ARCHIVE,a7e9191e9f0293652077fb6bf9742c6c7443ddd8705a9d9fc4b29bc981a57621,7477
reproducibility/outputs/traffic_simulation/r23_experiment_b_implementation_validation/20260911_v1/smoke_validation.json,.json,present at 64b9ee1e687273896570713f1e28ed10a788c39f; tracked,RETAINED_AS_HISTORICAL_EVIDENCE,superseded process or archived supporting evidence,immutable supporting scientific/audit evidence; current authority is R23_STATUS,"retain original bytes, manifests, raw outputs, negative fixtures, historical path metadata",ARCHIVE,35e9f966fbb5b900899224b8f84de7a324805491898a8d4d3d5eb8fae634e0f6,5909
reproducibility/outputs/traffic_simulation/r23_formal_closure/20260913_v1/CONTRADICTION_SCAN.md,.md,present at 64b9ee1e687273896570713f1e28ed10a788c39f; tracked,CURRENT_OR_SUPPORTING,current/supporting,"canonical definition, implementation/supporting input, or accepted closure/current status",retain current source/definitions/input/status,KEEP_ACTIVE,b59466bd2fb5f820a888682ab251dc28b3394fe3f80f588208e883068847bc4e,658
reproducibility/outputs/traffic_simulation/r23_formal_closure/20260913_v1/INTEGRITY_REVIEW.md,.md,present at 64b9ee1e687273896570713f1e28ed10a788c39f; tracked,CURRENT_OR_SUPPORTING,current/supporting,"canonical definition, implementation/supporting input, or accepted closure/current status",retain current source/definitions/input/status,KEEP_ACTIVE,cce253e3a5ae4fb125f779aa88f02a0aa8d08639a0adb26dbe970fd9cbf12fff,485
reproducibility/outputs/traffic_simulation/r23_formal_closure/20260913_v1/R23_FORMAL_CLOSURE.md,.md,present at 64b9ee1e687273896570713f1e28ed10a788c39f; tracked,CURRENT_OR_SUPPORTING,current/supporting,"canonical definition, implementation/supporting input, or accepted closure/current status",retain current source/definitions/input/status,KEEP_ACTIVE,b6d4fe15a3e920f08b87e7c432e02d34e2eb2881db152d6fc03dcfaf0871ee2f,896
reproducibility/outputs/traffic_simulation/r23_formal_closure/20260913_v1/R23_LIMITATIONS_REGISTER.md,.md,present at 64b9ee1e687273896570713f1e28ed10a788c39f; tracked,CURRENT_OR_SUPPORTING,current/supporting,"canonical definition, implementation/supporting input, or accepted closure/current status",retain current source/definitions/input/status,KEEP_ACTIVE,a083cbb09be527bb7b355b3c63e5756fbd4181b57657447085c405f280da5272,746
reproducibility/outputs/traffic_simulation/r23_formal_closure/20260913_v1/R24_GATE.md,.md,present at 64b9ee1e687273896570713f1e28ed10a788c39f; tracked,CURRENT_OR_SUPPORTING,current/supporting,"canonical definition, implementation/supporting input, or accepted closure/current status",retain current source/definitions/input/status,KEEP_ACTIVE,75d82d80eb13beef24d63d2594877da52864c8b88b960fb1131b38d28ba3b854,237
reproducibility/outputs/traffic_simulation/r23_formal_closure/20260913_v1/README.md,.md,present at 64b9ee1e687273896570713f1e28ed10a788c39f; tracked,CURRENT_OR_SUPPORTING,current/supporting,"canonical definition, implementation/supporting input, or accepted closure/current status",retain current source/definitions/input/status,KEEP_ACTIVE,df48dc28cd7f1050342abe6e1fb5524016f3100db1fc22d1d2140f35d38e16f5,466
reproducibility/outputs/traffic_simulation/r23_formal_closure/20260913_v1/SHA256SUMS,no-extension,present at 64b9ee1e687273896570713f1e28ed10a788c39f; tracked,CURRENT_OR_SUPPORTING,current/supporting,"canonical definition, implementation/supporting input, or accepted closure/current status",retain current source/definitions/input/status,KEEP_ACTIVE,f48b3b0fdc44daeed155f64213038ff1842b1a17b1f0616debffabcfaf189802,1121
reproducibility/outputs/traffic_simulation/r23_formal_closure/20260913_v1/STATUS_AUTHORITY_UPDATE.md,.md,present at 64b9ee1e687273896570713f1e28ed10a788c39f; tracked,CURRENT_OR_SUPPORTING,current/supporting,"canonical definition, implementation/supporting input, or accepted closure/current status",retain current source/definitions/input/status,KEEP_ACTIVE,d3a88d7e0c7aaa1a33e5fcf8784ebd212ec658f0b76c65e20f5e179a7d2cf653,373
reproducibility/outputs/traffic_simulation/r23_formal_design_authority/20260911_v1/design_authority_resolution.json,.json,present at 64b9ee1e687273896570713f1e28ed10a788c39f; tracked,RETAINED_AS_HISTORICAL_EVIDENCE,superseded process or archived supporting evidence,immutable supporting scientific/audit evidence; current authority is R23_STATUS,"retain original bytes, manifests, raw outputs, negative fixtures, historical path metadata",ARCHIVE,061aff81ef0e25a1429e7777e07d84073e343bf24805c88f8b37e25ed485f097,4626
reproducibility/outputs/traffic_simulation/r23_formal_design_authority/20260911_v1/execution_authorization.json,.json,present at 64b9ee1e687273896570713f1e28ed10a788c39f; tracked,RETAINED_AS_HISTORICAL_EVIDENCE,superseded process or archived supporting evidence,immutable supporting scientific/audit evidence; current authority is R23_STATUS,"retain original bytes, manifests, raw outputs, negative fixtures, historical path metadata",ARCHIVE,33a4e40fe6d22d2a1533a497473d40c5414e5e042af4f58bbadba849ef1eb5ec,1876
reproducibility/outputs/traffic_simulation/r23_formal_design_authority/20260911_v1/manifest.json,.json,present at 64b9ee1e687273896570713f1e28ed10a788c39f; tracked,RETAINED_AS_HISTORICAL_EVIDENCE,superseded process or archived supporting evidence,immutable supporting scientific/audit evidence; current authority is R23_STATUS,"retain original bytes, manifests, raw outputs, negative fixtures, historical path metadata",ARCHIVE,14a329133ae5916e3c30d98dc1cd01871646eaadb3c9146145d8c4678b7af58b,762
reproducibility/outputs/traffic_simulation/r23_formal_evidence_review/20260911_v1/corrective_impact_review.json,.json,present at 64b9ee1e687273896570713f1e28ed10a788c39f; tracked,RETAINED_AS_HISTORICAL_EVIDENCE,superseded process or archived supporting evidence,immutable supporting scientific/audit evidence; current authority is R23_STATUS,"retain original bytes, manifests, raw outputs, negative fixtures, historical path metadata",ARCHIVE,b12568e977ad238995bc22af99541c3d0f7ab2d5f9f1dfbbbb2118eaffb07b80,15155
reproducibility/outputs/traffic_simulation/r23_formal_evidence_review/20260911_v1/evidence_review.json,.json,present at 64b9ee1e687273896570713f1e28ed10a788c39f; tracked,RETAINED_AS_HISTORICAL_EVIDENCE,superseded process or archived supporting evidence,immutable supporting scientific/audit evidence; current authority is R23_STATUS,"retain original bytes, manifests, raw outputs, negative fixtures, historical path metadata",ARCHIVE,5ae82c12e3ddeab6ca608da186b23cd4f51b8b75ab92fce444e55f4e3782c028,64580
reproducibility/outputs/traffic_simulation/r23_formal_evidence_review/20260911_v1/manifest.json,.json,present at 64b9ee1e687273896570713f1e28ed10a788c39f; tracked,RETAINED_AS_HISTORICAL_EVIDENCE,superseded process or archived supporting evidence,immutable supporting scientific/audit evidence; current authority is R23_STATUS,"retain original bytes, manifests, raw outputs, negative fixtures, historical path metadata",ARCHIVE,72628a15216824d93306c8748f7ceb9616b345a86e1602b0aa4ba8c451fbc723,1611
reproducibility/outputs/traffic_simulation/r23_formal_evidence_review/20260911_v1/probability_diagnostics.json,.json,present at 64b9ee1e687273896570713f1e28ed10a788c39f; tracked,RETAINED_AS_HISTORICAL_EVIDENCE,superseded process or archived supporting evidence,immutable supporting scientific/audit evidence; current authority is R23_STATUS,"retain original bytes, manifests, raw outputs, negative fixtures, historical path metadata",ARCHIVE,4cc0b4c9dbffe695889f064f38e960b4c8554404dd579168d2a1d22342b51e1e,19582
reproducibility/outputs/traffic_simulation/r23_formal_evidence_review/20260911_v1/recomputed_summary.json,.json,present at 64b9ee1e687273896570713f1e28ed10a788c39f; tracked,RETAINED_AS_HISTORICAL_EVIDENCE,superseded process or archived supporting evidence,immutable supporting scientific/audit evidence; current authority is R23_STATUS,"retain original bytes, manifests, raw outputs, negative fixtures, historical path metadata",ARCHIVE,0ef231a25378d09a8dd6a1a3f2123caf2568a0fa1677636967a1cc22ac627bb9,89926
reproducibility/outputs/traffic_simulation/r23_formal_evidence_review/20260911_v1/runtime_review.json,.json,present at 64b9ee1e687273896570713f1e28ed10a788c39f; tracked,RETAINED_AS_HISTORICAL_EVIDENCE,superseded process or archived supporting evidence,immutable supporting scientific/audit evidence; current authority is R23_STATUS,"retain original bytes, manifests, raw outputs, negative fixtures, historical path metadata",ARCHIVE,410ff1efbab93f91c0f3ee8af44b7f9479cc50fa188f8cd81116e2b93ab29d94,28243
reproducibility/outputs/traffic_simulation/r23_formal_evidence_review/20260911_v1/scaling_readiness.json,.json,present at 64b9ee1e687273896570713f1e28ed10a788c39f; tracked,RETAINED_AS_HISTORICAL_EVIDENCE,superseded process or archived supporting evidence,immutable supporting scientific/audit evidence; current authority is R23_STATUS,"retain original bytes, manifests, raw outputs, negative fixtures, historical path metadata",ARCHIVE,fc99a1ce4dc6e891495ae5e4d1bb6ce80ec97f1decc9bfd0393497b76f580ff9,1562
reproducibility/outputs/traffic_simulation/r23_formal_experiment/20260911_execution_authorization_failure/manifest.json,.json,local retained artifact at starting HEAD; original manifests supply creation lineage,RETAINED_AS_HISTORICAL_EVIDENCE,superseded process or archived supporting evidence,immutable supporting scientific/audit evidence; current authority is R23_STATUS,"retain original bytes, manifests, raw outputs, negative fixtures, historical path metadata",ARCHIVE,b73cde2b6088316b74bd8138795615ea517472463c2e9afb44d1e371982a4907,2151
reproducibility/outputs/traffic_simulation/r23_formal_experiment/20260911_formal_v1/experiment_config.json,.json,local retained artifact at starting HEAD; original manifests supply creation lineage,RETAINED_AS_HISTORICAL_EVIDENCE,superseded process or archived supporting evidence,immutable supporting scientific/audit evidence; current authority is R23_STATUS,"retain original bytes, manifests, raw outputs, negative fixtures, historical path metadata",ARCHIVE,83f7eef31beb3a9aeacae259f155247dd1621187664bbbd25712ec23b2ebac04,13585
reproducibility/outputs/traffic_simulation/r23_formal_experiment/20260911_formal_v1/instance_set_reference.json,.json,local retained artifact at starting HEAD; original manifests supply creation lineage,RETAINED_AS_HISTORICAL_EVIDENCE,superseded process or archived supporting evidence,immutable supporting scientific/audit evidence; current authority is R23_STATUS,"retain original bytes, manifests, raw outputs, negative fixtures, historical path metadata",ARCHIVE,d6fe16137eb696e12ab2312c1eb5e3a3d55d31a69a8544d8ff929eaccc110e29,459
reproducibility/outputs/traffic_simulation/r23_formal_experiment/20260911_formal_v1/integrity.json,.json,local retained artifact at starting HEAD; original manifests supply creation lineage,RETAINED_AS_HISTORICAL_EVIDENCE,superseded process or archived supporting evidence,immutable supporting scientific/audit evidence; current authority is R23_STATUS,"retain original bytes, manifests, raw outputs, negative fixtures, historical path metadata",ARCHIVE,fdc47a0b462ab8798bfafa63f5790ec74d532df804f3a5eef45f377ca29358e9,6546
reproducibility/outputs/traffic_simulation/r23_formal_experiment/20260911_formal_v1/manifest.json,.json,local retained artifact at starting HEAD; original manifests supply creation lineage,RETAINED_AS_HISTORICAL_EVIDENCE,superseded process or archived supporting evidence,immutable supporting scientific/audit evidence; current authority is R23_STATUS,"retain original bytes, manifests, raw outputs, negative fixtures, historical path metadata",ARCHIVE,edcd848b73a41aec0798fed4a2c2eb77c2b4ca1b9f419f4cc454f1bee764fce1,8829
reproducibility/outputs/traffic_simulation/r23_formal_experiment/20260911_formal_v1/preflight.json,.json,local retained artifact at starting HEAD; original manifests supply creation lineage,RETAINED_AS_HISTORICAL_EVIDENCE,superseded process or archived supporting evidence,immutable supporting scientific/audit evidence; current authority is R23_STATUS,"retain original bytes, manifests, raw outputs, negative fixtures, historical path metadata",ARCHIVE,3c08e572164ecb3af8aa5fe9735e2e995ccf5ed4daa485c617f7bcb140db57e8,25837
reproducibility/outputs/traffic_simulation/r23_formal_experiment/20260911_formal_v1/runs/routing_v18_n2_rank01_p1_init_fixed01_rep1/result.json,.json,local retained artifact at starting HEAD; original manifests supply creation lineage,RETAINED_AS_HISTORICAL_EVIDENCE,superseded process or archived supporting evidence,immutable supporting scientific/audit evidence; current authority is R23_STATUS,"retain original bytes, manifests, raw outputs, negative fixtures, historical path metadata",ARCHIVE,2356e131079195fd0e271d1862fedcaa908e9e6faedb08f2d625e49beb6283e1,32208
reproducibility/outputs/traffic_simulation/r23_formal_experiment/20260911_formal_v1/runs/routing_v18_n2_rank01_p2_init_fixed01_rep1/result.json,.json,local retained artifact at starting HEAD; original manifests supply creation lineage,RETAINED_AS_HISTORICAL_EVIDENCE,superseded process or archived supporting evidence,immutable supporting scientific/audit evidence; current authority is R23_STATUS,"retain original bytes, manifests, raw outputs, negative fixtures, historical path metadata",ARCHIVE,95e86c19e1fa4bd692bed5d1de8c8324ab9ac2a8a94babb92c2b965d61ffdffa,71609
reproducibility/outputs/traffic_simulation/r23_formal_experiment/20260911_formal_v1/runs/routing_v18_n2_rank01_p3_init_fixed01_rep1/result.json,.json,local retained artifact at starting HEAD; original manifests supply creation lineage,RETAINED_AS_HISTORICAL_EVIDENCE,superseded process or archived supporting evidence,immutable supporting scientific/audit evidence; current authority is R23_STATUS,"retain original bytes, manifests, raw outputs, negative fixtures, historical path metadata",ARCHIVE,44bd646dbe71cce34cc57a185856637e422282ba963f4879063aeb91d5555a7d,202705
reproducibility/outputs/traffic_simulation/r23_formal_experiment/20260911_formal_v1/runs/routing_v18_n2_rank02_p1_init_fixed01_rep1/result.json,.json,local retained artifact at starting HEAD; original manifests supply creation lineage,RETAINED_AS_HISTORICAL_EVIDENCE,superseded process or archived supporting evidence,immutable supporting scientific/audit evidence; current authority is R23_STATUS,"retain original bytes, manifests, raw outputs, negative fixtures, historical path metadata",ARCHIVE,ae97127e6f8772663a725df763a05dd465e13540f940646cfb8213daac0d476e,35393
reproducibility/outputs/traffic_simulation/r23_formal_experiment/20260911_formal_v1/runs/routing_v18_n2_rank02_p2_init_fixed01_rep1/result.json,.json,local retained artifact at starting HEAD; original manifests supply creation lineage,RETAINED_AS_HISTORICAL_EVIDENCE,superseded process or archived supporting evidence,immutable supporting scientific/audit evidence; current authority is R23_STATUS,"retain original bytes, manifests, raw outputs, negative fixtures, historical path metadata",ARCHIVE,bf3e6add8d44ee391fc89f1d6d57099b6776f22a9540b5d9e47ea64e428fdbe1,74877
reproducibility/outputs/traffic_simulation/r23_formal_experiment/20260911_formal_v1/runs/routing_v18_n2_rank02_p3_init_fixed01_rep1/result.json,.json,local retained artifact at starting HEAD; original manifests supply creation lineage,RETAINED_AS_HISTORICAL_EVIDENCE,superseded process or archived supporting evidence,immutable supporting scientific/audit evidence; current authority is R23_STATUS,"retain original bytes, manifests, raw outputs, negative fixtures, historical path metadata",ARCHIVE,fe329e2788476f332ccfc0f6564b5f3251fa9f3006fe0afb5f3c56862cf130da,220928
reproducibility/outputs/traffic_simulation/r23_formal_experiment/20260911_formal_v1/runs/routing_v18_n2_rank03_p1_init_fixed01_rep1/result.json,.json,local retained artifact at starting HEAD; original manifests supply creation lineage,RETAINED_AS_HISTORICAL_EVIDENCE,superseded process or archived supporting evidence,immutable supporting scientific/audit evidence; current authority is R23_STATUS,"retain original bytes, manifests, raw outputs, negative fixtures, historical path metadata",ARCHIVE,5bf740ac694626d4f0601ab877323bcb46a04d5dfd43330bd920623af09747bb,35987
reproducibility/outputs/traffic_simulation/r23_formal_experiment/20260911_formal_v1/runs/routing_v18_n2_rank03_p2_init_fixed01_rep1/result.json,.json,local retained artifact at starting HEAD; original manifests supply creation lineage,RETAINED_AS_HISTORICAL_EVIDENCE,superseded process or archived supporting evidence,immutable supporting scientific/audit evidence; current authority is R23_STATUS,"retain original bytes, manifests, raw outputs, negative fixtures, historical path metadata",ARCHIVE,26871f13cb053576cb299bd68986772ae98af9a5ad1f1caf8f3cafcfec00e05a,62190
reproducibility/outputs/traffic_simulation/r23_formal_experiment/20260911_formal_v1/runs/routing_v18_n2_rank03_p3_init_fixed01_rep1/result.json,.json,local retained artifact at starting HEAD; original manifests supply creation lineage,RETAINED_AS_HISTORICAL_EVIDENCE,superseded process or archived supporting evidence,immutable supporting scientific/audit evidence; current authority is R23_STATUS,"retain original bytes, manifests, raw outputs, negative fixtures, historical path metadata",ARCHIVE,3fed1ac1ce227594eceb34600735c8c2f35176a1602ca7532539e653e9eeb524,213413
reproducibility/outputs/traffic_simulation/r23_formal_experiment/20260911_formal_v1/runs/routing_v18_n2_rank04_p1_init_fixed01_rep1/result.json,.json,local retained artifact at starting HEAD; original manifests supply creation lineage,RETAINED_AS_HISTORICAL_EVIDENCE,superseded process or archived supporting evidence,immutable supporting scientific/audit evidence; current authority is R23_STATUS,"retain original bytes, manifests, raw outputs, negative fixtures, historical path metadata",ARCHIVE,315d99308cbe5652d1950228ec53779de566d6cda7f22fb66c910425b5b619f0,37286
reproducibility/outputs/traffic_simulation/r23_formal_experiment/20260911_formal_v1/runs/routing_v18_n2_rank04_p2_init_fixed01_rep1/result.json,.json,local retained artifact at starting HEAD; original manifests supply creation lineage,RETAINED_AS_HISTORICAL_EVIDENCE,superseded process or archived supporting evidence,immutable supporting scientific/audit evidence; current authority is R23_STATUS,"retain original bytes, manifests, raw outputs, negative fixtures, historical path metadata",ARCHIVE,ee13483be5dc829ffd917156dfe3662e9f1fc823fd443905fb885d48fcf53e91,60861
reproducibility/outputs/traffic_simulation/r23_formal_experiment/20260911_formal_v1/runs/routing_v18_n2_rank04_p3_init_fixed01_rep1/result.json,.json,local retained artifact at starting HEAD; original manifests supply creation lineage,RETAINED_AS_HISTORICAL_EVIDENCE,superseded process or archived supporting evidence,immutable supporting scientific/audit evidence; current authority is R23_STATUS,"retain original bytes, manifests, raw outputs, negative fixtures, historical path metadata",ARCHIVE,4c0f0fc19aeef436c65d394e904a184f6331eb68a8e3d2320f7919c75c926164,221147
reproducibility/outputs/traffic_simulation/r23_formal_experiment/20260911_formal_v1/runs/routing_v18_n2_rank05_p1_init_fixed01_rep1/result.json,.json,local retained artifact at starting HEAD; original manifests supply creation lineage,RETAINED_AS_HISTORICAL_EVIDENCE,superseded process or archived supporting evidence,immutable supporting scientific/audit evidence; current authority is R23_STATUS,"retain original bytes, manifests, raw outputs, negative fixtures, historical path metadata",ARCHIVE,33308b87c09e040f33b17b696054287cbce7dc104c427eda7cfc0ca9127c07c0,34115
reproducibility/outputs/traffic_simulation/r23_formal_experiment/20260911_formal_v1/runs/routing_v18_n2_rank05_p2_init_fixed01_rep1/result.json,.json,local retained artifact at starting HEAD; original manifests supply creation lineage,RETAINED_AS_HISTORICAL_EVIDENCE,superseded process or archived supporting evidence,immutable supporting scientific/audit evidence; current authority is R23_STATUS,"retain original bytes, manifests, raw outputs, negative fixtures, historical path metadata",ARCHIVE,ce93441f3eaeee7b0f7dc63e63de57181b04ca528e89d4cfd8de6542525680e8,70862
reproducibility/outputs/traffic_simulation/r23_formal_experiment/20260911_formal_v1/runs/routing_v18_n2_rank05_p3_init_fixed01_rep1/result.json,.json,local retained artifact at starting HEAD; original manifests supply creation lineage,RETAINED_AS_HISTORICAL_EVIDENCE,superseded process or archived supporting evidence,immutable supporting scientific/audit evidence; current authority is R23_STATUS,"retain original bytes, manifests, raw outputs, negative fixtures, historical path metadata",ARCHIVE,d50146f1d89a961a46e053d811bc33a11688ad6646c5fe8c6b9d042e2471e069,220995
reproducibility/outputs/traffic_simulation/r23_formal_experiment/20260911_formal_v1/runs/routing_v18_n3_rank01_p1_init_fixed01_rep1/result.json,.json,local retained artifact at starting HEAD; original manifests supply creation lineage,RETAINED_AS_HISTORICAL_EVIDENCE,superseded process or archived supporting evidence,immutable supporting scientific/audit evidence; current authority is R23_STATUS,"retain original bytes, manifests, raw outputs, negative fixtures, historical path metadata",ARCHIVE,2184301d345965f1de982b004fbc7a656b2b0a5c3ec700f490d6c7550d30a494,141835
reproducibility/outputs/traffic_simulation/r23_formal_experiment/20260911_formal_v1/runs/routing_v18_n3_rank01_p2_init_fixed01_rep1/result.json,.json,local retained artifact at starting HEAD; original manifests supply creation lineage,RETAINED_AS_HISTORICAL_EVIDENCE,superseded process or archived supporting evidence,immutable supporting scientific/audit evidence; current authority is R23_STATUS,"retain original bytes, manifests, raw outputs, negative fixtures, historical path metadata",ARCHIVE,94535ad71f8e2889e4ca1c259e533dfe7d661dbf44dbea42a1af7f266d5ad456,295482
reproducibility/outputs/traffic_simulation/r23_formal_experiment/20260911_formal_v1/runs/routing_v18_n3_rank01_p3_init_fixed01_rep1/result.json,.json,local retained artifact at starting HEAD; original manifests supply creation lineage,RETAINED_AS_HISTORICAL_EVIDENCE,superseded process or archived supporting evidence,immutable supporting scientific/audit evidence; current authority is R23_STATUS,"retain original bytes, manifests, raw outputs, negative fixtures, historical path metadata",ARCHIVE,1625b7d5d564eba9827d6c8cfd307aa95341d9789f92792871568299e72bf922,313594
reproducibility/outputs/traffic_simulation/r23_formal_experiment/20260911_formal_v1/runs/routing_v18_n3_rank02_p1_init_fixed01_rep1/result.json,.json,local retained artifact at starting HEAD; original manifests supply creation lineage,RETAINED_AS_HISTORICAL_EVIDENCE,superseded process or archived supporting evidence,immutable supporting scientific/audit evidence; current authority is R23_STATUS,"retain original bytes, manifests, raw outputs, negative fixtures, historical path metadata",ARCHIVE,8757833fb557760b4596e631c7cf926ae92be3df288a5c2dd0ec34871989c113,150008
reproducibility/outputs/traffic_simulation/r23_formal_experiment/20260911_formal_v1/runs/routing_v18_n3_rank02_p2_init_fixed01_rep1/result.json,.json,local retained artifact at starting HEAD; original manifests supply creation lineage,RETAINED_AS_HISTORICAL_EVIDENCE,superseded process or archived supporting evidence,immutable supporting scientific/audit evidence; current authority is R23_STATUS,"retain original bytes, manifests, raw outputs, negative fixtures, historical path metadata",ARCHIVE,26d047c724dd725f768338a0ec12608e8851b179b301aac254029c0ad3f5b42a,301563
reproducibility/outputs/traffic_simulation/r23_formal_experiment/20260911_formal_v1/runs/routing_v18_n3_rank02_p3_init_fixed01_rep1/result.json,.json,local retained artifact at starting HEAD; original manifests supply creation lineage,RETAINED_AS_HISTORICAL_EVIDENCE,superseded process or archived supporting evidence,immutable supporting scientific/audit evidence; current authority is R23_STATUS,"retain original bytes, manifests, raw outputs, negative fixtures, historical path metadata",ARCHIVE,39051da1eb6a054d3ee88353075979b91ac58c7bdf1a7c4c8a2d92f195b5a1ec,312766
reproducibility/outputs/traffic_simulation/r23_formal_experiment/20260911_formal_v1/runs/routing_v18_n3_rank03_p1_init_fixed01_rep1/result.json,.json,local retained artifact at starting HEAD; original manifests supply creation lineage,RETAINED_AS_HISTORICAL_EVIDENCE,superseded process or archived supporting evidence,immutable supporting scientific/audit evidence; current authority is R23_STATUS,"retain original bytes, manifests, raw outputs, negative fixtures, historical path metadata",ARCHIVE,8081eaa5bbc97d01a330b806b3a378f33362c7be13fbbf70f7f6191e39de5dfc,121686
reproducibility/outputs/traffic_simulation/r23_formal_experiment/20260911_formal_v1/runs/routing_v18_n3_rank03_p2_init_fixed01_rep1/result.json,.json,local retained artifact at starting HEAD; original manifests supply creation lineage,RETAINED_AS_HISTORICAL_EVIDENCE,superseded process or archived supporting evidence,immutable supporting scientific/audit evidence; current authority is R23_STATUS,"retain original bytes, manifests, raw outputs, negative fixtures, historical path metadata",ARCHIVE,0a7ba61294d3164ceba56ec90a78cf98e11c49d964e27400c0fbd6d7040c9db2,262818
reproducibility/outputs/traffic_simulation/r23_formal_experiment/20260911_formal_v1/runs/routing_v18_n3_rank03_p3_init_fixed01_rep1/result.json,.json,local retained artifact at starting HEAD; original manifests supply creation lineage,RETAINED_AS_HISTORICAL_EVIDENCE,superseded process or archived supporting evidence,immutable supporting scientific/audit evidence; current authority is R23_STATUS,"retain original bytes, manifests, raw outputs, negative fixtures, historical path metadata",ARCHIVE,48ea9eaf6261bf6e66d4729fbbae77fc638000c99fa9c5c70e338ca5fe2f70c0,313949
reproducibility/outputs/traffic_simulation/r23_formal_experiment/20260911_formal_v1/runs/routing_v18_n3_rank04_p1_init_fixed01_rep1/result.json,.json,local retained artifact at starting HEAD; original manifests supply creation lineage,RETAINED_AS_HISTORICAL_EVIDENCE,superseded process or archived supporting evidence,immutable supporting scientific/audit evidence; current authority is R23_STATUS,"retain original bytes, manifests, raw outputs, negative fixtures, historical path metadata",ARCHIVE,764481e16d5946eaf75584e467f9027ff7c6fbbd3360901c18e347f2ff0ce373,140557
reproducibility/outputs/traffic_simulation/r23_formal_experiment/20260911_formal_v1/runs/routing_v18_n3_rank04_p2_init_fixed01_rep1/result.json,.json,local retained artifact at starting HEAD; original manifests supply creation lineage,RETAINED_AS_HISTORICAL_EVIDENCE,superseded process or archived supporting evidence,immutable supporting scientific/audit evidence; current authority is R23_STATUS,"retain original bytes, manifests, raw outputs, negative fixtures, historical path metadata",ARCHIVE,2aa09bc00edc8e71da41764def07a71a83c740a6498957f15538e4283fd5e381,300849
reproducibility/outputs/traffic_simulation/r23_formal_experiment/20260911_formal_v1/runs/routing_v18_n3_rank04_p3_init_fixed01_rep1/result.json,.json,local retained artifact at starting HEAD; original manifests supply creation lineage,RETAINED_AS_HISTORICAL_EVIDENCE,superseded process or archived supporting evidence,immutable supporting scientific/audit evidence; current authority is R23_STATUS,"retain original bytes, manifests, raw outputs, negative fixtures, historical path metadata",ARCHIVE,d4d191129228fdc3e8d84c00c3a6278bb27c54ff95bb2f65416efeace9e7c174,312166
reproducibility/outputs/traffic_simulation/r23_formal_experiment/20260911_formal_v1/runs/routing_v18_n3_rank05_p1_init_fixed01_rep1/result.json,.json,local retained artifact at starting HEAD; original manifests supply creation lineage,RETAINED_AS_HISTORICAL_EVIDENCE,superseded process or archived supporting evidence,immutable supporting scientific/audit evidence; current authority is R23_STATUS,"retain original bytes, manifests, raw outputs, negative fixtures, historical path metadata",ARCHIVE,d5f06ba77f896b3812fe1a243abec1df4c7237229a8abdc50a1909a15c64d828,151179
reproducibility/outputs/traffic_simulation/r23_formal_experiment/20260911_formal_v1/runs/routing_v18_n3_rank05_p2_init_fixed01_rep1/result.json,.json,local retained artifact at starting HEAD; original manifests supply creation lineage,RETAINED_AS_HISTORICAL_EVIDENCE,superseded process or archived supporting evidence,immutable supporting scientific/audit evidence; current authority is R23_STATUS,"retain original bytes, manifests, raw outputs, negative fixtures, historical path metadata",ARCHIVE,7a49da5a13097af0cfe90e9c80c615f892dc1805e3dcbfcb8f351947e7f3cdd4,273482
reproducibility/outputs/traffic_simulation/r23_formal_experiment/20260911_formal_v1/runs/routing_v18_n3_rank05_p3_init_fixed01_rep1/result.json,.json,local retained artifact at starting HEAD; original manifests supply creation lineage,RETAINED_AS_HISTORICAL_EVIDENCE,superseded process or archived supporting evidence,immutable supporting scientific/audit evidence; current authority is R23_STATUS,"retain original bytes, manifests, raw outputs, negative fixtures, historical path metadata",ARCHIVE,92763b35c90cdc88ff81ab25a8929280eb74b87fdc88b5025799a09060d069ac,313633
reproducibility/outputs/traffic_simulation/r23_formal_experiment/20260911_formal_v1/runs/routing_v18_n4_rank01_p1_init_fixed01_rep1/result.json,.json,local retained artifact at starting HEAD; original manifests supply creation lineage,RETAINED_AS_HISTORICAL_EVIDENCE,superseded process or archived supporting evidence,immutable supporting scientific/audit evidence; current authority is R23_STATUS,"retain original bytes, manifests, raw outputs, negative fixtures, historical path metadata",ARCHIVE,0958905b48afb086110ce49eb160c63e3a86241d690c4173a546047618988b6a,13890788
reproducibility/outputs/traffic_simulation/r23_formal_experiment/20260911_formal_v1/runs/routing_v18_n4_rank01_p2_init_fixed01_rep1/result.json,.json,local retained artifact at starting HEAD; original manifests supply creation lineage,RETAINED_AS_HISTORICAL_EVIDENCE,superseded process or archived supporting evidence,immutable supporting scientific/audit evidence; current authority is R23_STATUS,"retain original bytes, manifests, raw outputs, negative fixtures, historical path metadata",ARCHIVE,52324374062966348d6ed4769a5189c2efd62bf9d1ebc639e6557925c640e940,14018937
reproducibility/outputs/traffic_simulation/r23_formal_experiment/20260911_formal_v1/runs/routing_v18_n4_rank01_p3_init_fixed01_rep1/result.json,.json,local retained artifact at starting HEAD; original manifests supply creation lineage,RETAINED_AS_HISTORICAL_EVIDENCE,superseded process or archived supporting evidence,immutable supporting scientific/audit evidence; current authority is R23_STATUS,"retain original bytes, manifests, raw outputs, negative fixtures, historical path metadata",ARCHIVE,4b90b9dcaf5a42edffc89a4798b81732efae7d63ee547cc9a075fa15d0ba1095,14022149
reproducibility/outputs/traffic_simulation/r23_formal_experiment/20260911_formal_v1/runs/routing_v18_n4_rank02_p1_init_fixed01_rep1/result.json,.json,local retained artifact at starting HEAD; original manifests supply creation lineage,RETAINED_AS_HISTORICAL_EVIDENCE,superseded process or archived supporting evidence,immutable supporting scientific/audit evidence; current authority is R23_STATUS,"retain original bytes, manifests, raw outputs, negative fixtures, historical path metadata",ARCHIVE,cf4fc09b438aa87d88d596c869e1fe7e0b507270d7cd66e77be6b9902e608a4a,13885852
reproducibility/outputs/traffic_simulation/r23_formal_experiment/20260911_formal_v1/runs/routing_v18_n4_rank02_p2_init_fixed01_rep1/result.json,.json,local retained artifact at starting HEAD; original manifests supply creation lineage,RETAINED_AS_HISTORICAL_EVIDENCE,superseded process or archived supporting evidence,immutable supporting scientific/audit evidence; current authority is R23_STATUS,"retain original bytes, manifests, raw outputs, negative fixtures, historical path metadata",ARCHIVE,528a19f3f08c65e76fb9d76953bfce7ab3d67b6e9a650ddd64a24d5fff41fc22,13979436
reproducibility/outputs/traffic_simulation/r23_formal_experiment/20260911_formal_v1/runs/routing_v18_n4_rank02_p3_init_fixed01_rep1/result.json,.json,local retained artifact at starting HEAD; original manifests supply creation lineage,RETAINED_AS_HISTORICAL_EVIDENCE,superseded process or archived supporting evidence,immutable supporting scientific/audit evidence; current authority is R23_STATUS,"retain original bytes, manifests, raw outputs, negative fixtures, historical path metadata",ARCHIVE,28176c54f91af9a132ea3afd8f8485be96ecf55128bbb082a8396998f9c8bbdc,13992363
reproducibility/outputs/traffic_simulation/r23_formal_experiment/20260911_formal_v1/runs/routing_v18_n4_rank03_p1_init_fixed01_rep1/result.json,.json,local retained artifact at starting HEAD; original manifests supply creation lineage,RETAINED_AS_HISTORICAL_EVIDENCE,superseded process or archived supporting evidence,immutable supporting scientific/audit evidence; current authority is R23_STATUS,"retain original bytes, manifests, raw outputs, negative fixtures, historical path metadata",ARCHIVE,223fd43c40deebbdb2818705ed404d931056cb59e9bb93a148921e5c459ce558,13897625
reproducibility/outputs/traffic_simulation/r23_formal_experiment/20260911_formal_v1/runs/routing_v18_n4_rank03_p2_init_fixed01_rep1/result.json,.json,local retained artifact at starting HEAD; original manifests supply creation lineage,RETAINED_AS_HISTORICAL_EVIDENCE,superseded process or archived supporting evidence,immutable supporting scientific/audit evidence; current authority is R23_STATUS,"retain original bytes, manifests, raw outputs, negative fixtures, historical path metadata",ARCHIVE,74e33b970d41003d89de5e9e520d211021fc252301e8d96ae4144b5a9a50b567,14023942
reproducibility/outputs/traffic_simulation/r23_formal_experiment/20260911_formal_v1/runs/routing_v18_n4_rank03_p3_init_fixed01_rep1/result.json,.json,local retained artifact at starting HEAD; original manifests supply creation lineage,RETAINED_AS_HISTORICAL_EVIDENCE,superseded process or archived supporting evidence,immutable supporting scientific/audit evidence; current authority is R23_STATUS,"retain original bytes, manifests, raw outputs, negative fixtures, historical path metadata",ARCHIVE,c2a0dad0b07e8df8e2ca1f9d5b441f55e70d579b52f66cf9262bf092c5c23fa4,14035759
reproducibility/outputs/traffic_simulation/r23_formal_experiment/20260911_formal_v1/runs/routing_v18_n4_rank04_p1_init_fixed01_rep1/result.json,.json,local retained artifact at starting HEAD; original manifests supply creation lineage,RETAINED_AS_HISTORICAL_EVIDENCE,superseded process or archived supporting evidence,immutable supporting scientific/audit evidence; current authority is R23_STATUS,"retain original bytes, manifests, raw outputs, negative fixtures, historical path metadata",ARCHIVE,faf498bab774c777799aa7f0e1d90be576720f0ac28be08ee1e204d5fcef7860,13892484
reproducibility/outputs/traffic_simulation/r23_formal_experiment/20260911_formal_v1/runs/routing_v18_n4_rank04_p2_init_fixed01_rep1/result.json,.json,local retained artifact at starting HEAD; original manifests supply creation lineage,RETAINED_AS_HISTORICAL_EVIDENCE,superseded process or archived supporting evidence,immutable supporting scientific/audit evidence; current authority is R23_STATUS,"retain original bytes, manifests, raw outputs, negative fixtures, historical path metadata",ARCHIVE,632ecfb4fc7b8cffd8d18b3fd65e9421d5cdcef46d36bff1e70467c67f0e36d0,13998315
reproducibility/outputs/traffic_simulation/r23_formal_experiment/20260911_formal_v1/runs/routing_v18_n4_rank04_p3_init_fixed01_rep1/result.json,.json,local retained artifact at starting HEAD; original manifests supply creation lineage,RETAINED_AS_HISTORICAL_EVIDENCE,superseded process or archived supporting evidence,immutable supporting scientific/audit evidence; current authority is R23_STATUS,"retain original bytes, manifests, raw outputs, negative fixtures, historical path metadata",ARCHIVE,681c192d4a2c29ac2501492cd7b588e93a9c05e95b33fb796c3188daeb08244f,14032132
reproducibility/outputs/traffic_simulation/r23_formal_experiment/20260911_formal_v1/runs/routing_v18_n4_rank05_p1_init_fixed01_rep1/result.json,.json,local retained artifact at starting HEAD; original manifests supply creation lineage,RETAINED_AS_HISTORICAL_EVIDENCE,superseded process or archived supporting evidence,immutable supporting scientific/audit evidence; current authority is R23_STATUS,"retain original bytes, manifests, raw outputs, negative fixtures, historical path metadata",ARCHIVE,746d2131975f249e06aa4cd79281eca96b87753f753d0b07804784bb549eaeab,13912944
reproducibility/outputs/traffic_simulation/r23_formal_experiment/20260911_formal_v1/runs/routing_v18_n4_rank05_p2_init_fixed01_rep1/result.json,.json,local retained artifact at starting HEAD; original manifests supply creation lineage,RETAINED_AS_HISTORICAL_EVIDENCE,superseded process or archived supporting evidence,immutable supporting scientific/audit evidence; current authority is R23_STATUS,"retain original bytes, manifests, raw outputs, negative fixtures, historical path metadata",ARCHIVE,a1cb4dbf01612e0f22307a6bf4bea4f53cc7d0da01cb96826333a37c6892cd01,13983817
reproducibility/outputs/traffic_simulation/r23_formal_experiment/20260911_formal_v1/runs/routing_v18_n4_rank05_p3_init_fixed01_rep1/result.json,.json,local retained artifact at starting HEAD; original manifests supply creation lineage,RETAINED_AS_HISTORICAL_EVIDENCE,superseded process or archived supporting evidence,immutable supporting scientific/audit evidence; current authority is R23_STATUS,"retain original bytes, manifests, raw outputs, negative fixtures, historical path metadata",ARCHIVE,3c263d0458bed01be39092e185399ecfdc95725b67f65e343d619f14d8fabdd3,14026673
reproducibility/outputs/traffic_simulation/r23_formal_experiment/20260911_formal_v1/summary.json,.json,local retained artifact at starting HEAD; original manifests supply creation lineage,RETAINED_AS_HISTORICAL_EVIDENCE,superseded process or archived supporting evidence,immutable supporting scientific/audit evidence; current authority is R23_STATUS,"retain original bytes, manifests, raw outputs, negative fixtures, historical path metadata",ARCHIVE,1eaf5d9b8140845592c0979a338ba4a949954dd897859c40e2002f93459b02ad,11211
reproducibility/outputs/traffic_simulation/r23_formal_experiment_corrective_completion/20260911_v1/amendment_reference.json,.json,local retained artifact at starting HEAD; original manifests supply creation lineage,RETAINED_AS_HISTORICAL_EVIDENCE,superseded process or archived supporting evidence,immutable supporting scientific/audit evidence; current authority is R23_STATUS,"retain original bytes, manifests, raw outputs, negative fixtures, historical path metadata",ARCHIVE,9985c16420d0e1b95fe4f42fc3d8d6d77c59b1b561ec7bdd7daef7a3d4260896,410
reproducibility/outputs/traffic_simulation/r23_formal_experiment_corrective_completion/20260911_v1/authorization_reference.json,.json,local retained artifact at starting HEAD; original manifests supply creation lineage,RETAINED_AS_HISTORICAL_EVIDENCE,superseded process or archived supporting evidence,immutable supporting scientific/audit evidence; current authority is R23_STATUS,"retain original bytes, manifests, raw outputs, negative fixtures, historical path metadata",ARCHIVE,8c6819f22f0495d447fecc69d2da9c265483762aabd41366b71225b4dcfa2e9c,570
reproducibility/outputs/traffic_simulation/r23_formal_experiment_corrective_completion/20260911_v1/corrected_analytical_view/integrity.json,.json,local retained artifact at starting HEAD; original manifests supply creation lineage,RETAINED_AS_HISTORICAL_EVIDENCE,superseded process or archived supporting evidence,immutable supporting scientific/audit evidence; current authority is R23_STATUS,"retain original bytes, manifests, raw outputs, negative fixtures, historical path metadata",ARCHIVE,ae1df241e7c1d071b44f6b845cdb9499d734d0f9391fbccc4e2e95c5833695a0,471
reproducibility/outputs/traffic_simulation/r23_formal_experiment_corrective_completion/20260911_v1/corrected_analytical_view/manifest.json,.json,local retained artifact at starting HEAD; original manifests supply creation lineage,RETAINED_AS_HISTORICAL_EVIDENCE,superseded process or archived supporting evidence,immutable supporting scientific/audit evidence; current authority is R23_STATUS,"retain original bytes, manifests, raw outputs, negative fixtures, historical path metadata",ARCHIVE,a5ab846c9f2207bcfcb9ce03fe0b664a3a1fc6b9e5f74d8654f238fd007e3725,768
reproducibility/outputs/traffic_simulation/r23_formal_experiment_corrective_completion/20260911_v1/corrected_analytical_view/observations.json,.json,local retained artifact at starting HEAD; original manifests supply creation lineage,RETAINED_AS_HISTORICAL_EVIDENCE,superseded process or archived supporting evidence,immutable supporting scientific/audit evidence; current authority is R23_STATUS,"retain original bytes, manifests, raw outputs, negative fixtures, historical path metadata",ARCHIVE,554fa5c8a75377149c82b5dfdafdf8b228e13748d5728f3295146175bfc9b14f,26528
reproducibility/outputs/traffic_simulation/r23_formal_experiment_corrective_completion/20260911_v1/corrected_analytical_view/summary.json,.json,local retained artifact at starting HEAD; original manifests supply creation lineage,RETAINED_AS_HISTORICAL_EVIDENCE,superseded process or archived supporting evidence,immutable supporting scientific/audit evidence; current authority is R23_STATUS,"retain original bytes, manifests, raw outputs, negative fixtures, historical path metadata",ARCHIVE,4f20734ae6ab125879bcfdded1c600a399a92f1127a47127bb8baa23949c5f2a,18656
reproducibility/outputs/traffic_simulation/r23_formal_experiment_corrective_completion/20260911_v1/corrective_summary.json,.json,local retained artifact at starting HEAD; original manifests supply creation lineage,RETAINED_AS_HISTORICAL_EVIDENCE,superseded process or archived supporting evidence,immutable supporting scientific/audit evidence; current authority is R23_STATUS,"retain original bytes, manifests, raw outputs, negative fixtures, historical path metadata",ARCHIVE,244650f7800e220fad8272efa5f8e9dee68c5a9044f8897fe09cac25e360054f,10816
reproducibility/outputs/traffic_simulation/r23_formal_experiment_corrective_completion/20260911_v1/integrity.json,.json,local retained artifact at starting HEAD; original manifests supply creation lineage,RETAINED_AS_HISTORICAL_EVIDENCE,superseded process or archived supporting evidence,immutable supporting scientific/audit evidence; current authority is R23_STATUS,"retain original bytes, manifests, raw outputs, negative fixtures, historical path metadata",ARCHIVE,b347a05d5cff37105542e72cf969d46f3cb2e78cc5a1b312dbc2487e735af5a3,1111
reproducibility/outputs/traffic_simulation/r23_formal_experiment_corrective_completion/20260911_v1/manifest.json,.json,local retained artifact at starting HEAD; original manifests supply creation lineage,RETAINED_AS_HISTORICAL_EVIDENCE,superseded process or archived supporting evidence,immutable supporting scientific/audit evidence; current authority is R23_STATUS,"retain original bytes, manifests, raw outputs, negative fixtures, historical path metadata",ARCHIVE,960a35b971eca6765222e2e848a33c9660de7c08dbe5226fd382ae5f713cccec,2460
reproducibility/outputs/traffic_simulation/r23_formal_experiment_corrective_completion/20260911_v1/runs/routing_v18_n4_rank01_p3_init_fixed01_rep1_corrective01/result.json,.json,local retained artifact at starting HEAD; original manifests supply creation lineage,RETAINED_AS_HISTORICAL_EVIDENCE,superseded process or archived supporting evidence,immutable supporting scientific/audit evidence; current authority is R23_STATUS,"retain original bytes, manifests, raw outputs, negative fixtures, historical path metadata",ARCHIVE,c0a79d465d7422b99f3717d03d35fe287469840910e9b4f13b0b720f0e680885,31470704
reproducibility/outputs/traffic_simulation/r23_formal_experiment_corrective_completion/20260911_v1/runs/routing_v18_n4_rank02_p2_init_fixed01_rep1_corrective01/result.json,.json,local retained artifact at starting HEAD; original manifests supply creation lineage,RETAINED_AS_HISTORICAL_EVIDENCE,superseded process or archived supporting evidence,immutable supporting scientific/audit evidence; current authority is R23_STATUS,"retain original bytes, manifests, raw outputs, negative fixtures, historical path metadata",ARCHIVE,566e0a34d0f0960fdfc025daebac946a53bf768ee566d12373b84c672ebf26b9,31459341
reproducibility/outputs/traffic_simulation/r23_formal_experiment_corrective_completion/20260911_v1/runs/routing_v18_n4_rank02_p3_init_fixed01_rep1_corrective01/result.json,.json,local retained artifact at starting HEAD; original manifests supply creation lineage,RETAINED_AS_HISTORICAL_EVIDENCE,superseded process or archived supporting evidence,immutable supporting scientific/audit evidence; current authority is R23_STATUS,"retain original bytes, manifests, raw outputs, negative fixtures, historical path metadata",ARCHIVE,4cf92df0dcb0d7045e8fae9c20d1b770225efcdfff17f1ff3174104e43e14f8c,31476312
reproducibility/outputs/traffic_simulation/r23_formal_experiment_corrective_completion/20260911_v1/runs/routing_v18_n4_rank05_p3_init_fixed01_rep1_corrective01/result.json,.json,local retained artifact at starting HEAD; original manifests supply creation lineage,RETAINED_AS_HISTORICAL_EVIDENCE,superseded process or archived supporting evidence,immutable supporting scientific/audit evidence; current authority is R23_STATUS,"retain original bytes, manifests, raw outputs, negative fixtures, historical path metadata",ARCHIVE,d24080b65cfb85082caa1b876a9dc7bc88e379569e6f945341e827618e7d2d74,31474775
reproducibility/outputs/traffic_simulation/r23_formal_instance_authority/20260911_v1/_refs/routing_v18_n2_rank01.json,.json,local retained artifact at starting HEAD; original manifests supply creation lineage,RETAINED_AS_HISTORICAL_EVIDENCE,superseded process or archived supporting evidence,immutable supporting scientific/audit evidence; current authority is R23_STATUS,"retain original bytes, manifests, raw outputs, negative fixtures, historical path metadata",ARCHIVE,aeef3cbaa10d7bf9ed181c28744e34e79c4763b9340b5ccfa5c9b0e285eb2161,2007
reproducibility/outputs/traffic_simulation/r23_formal_instance_authority/20260911_v1/_refs/routing_v18_n2_rank02.json,.json,local retained artifact at starting HEAD; original manifests supply creation lineage,RETAINED_AS_HISTORICAL_EVIDENCE,superseded process or archived supporting evidence,immutable supporting scientific/audit evidence; current authority is R23_STATUS,"retain original bytes, manifests, raw outputs, negative fixtures, historical path metadata",ARCHIVE,bb2ff7dc4588af8d8df809a1dee03e61580930bd2d9ab4dde5392f6b363e39f0,2002
reproducibility/outputs/traffic_simulation/r23_formal_instance_authority/20260911_v1/_refs/routing_v18_n2_rank03.json,.json,local retained artifact at starting HEAD; original manifests supply creation lineage,RETAINED_AS_HISTORICAL_EVIDENCE,superseded process or archived supporting evidence,immutable supporting scientific/audit evidence; current authority is R23_STATUS,"retain original bytes, manifests, raw outputs, negative fixtures, historical path metadata",ARCHIVE,895e9ff131508313782492e4c82a9ee0c622a5eebac23a0b11b6f1c07d5edf5d,2004
reproducibility/outputs/traffic_simulation/r23_formal_instance_authority/20260911_v1/_refs/routing_v18_n2_rank04.json,.json,local retained artifact at starting HEAD; original manifests supply creation lineage,RETAINED_AS_HISTORICAL_EVIDENCE,superseded process or archived supporting evidence,immutable supporting scientific/audit evidence; current authority is R23_STATUS,"retain original bytes, manifests, raw outputs, negative fixtures, historical path metadata",ARCHIVE,ae594fcc9a549cf5e14284981c966c839505a2c62ba387d516022d25844ac2ae,1977
reproducibility/outputs/traffic_simulation/r23_formal_instance_authority/20260911_v1/_refs/routing_v18_n2_rank05.json,.json,local retained artifact at starting HEAD; original manifests supply creation lineage,RETAINED_AS_HISTORICAL_EVIDENCE,superseded process or archived supporting evidence,immutable supporting scientific/audit evidence; current authority is R23_STATUS,"retain original bytes, manifests, raw outputs, negative fixtures, historical path metadata",ARCHIVE,18ecb208d30fcebb741e085f1df7be3e1a01b31d910c9b4f96aa3f22c690edbb,2020
reproducibility/outputs/traffic_simulation/r23_formal_instance_authority/20260911_v1/_refs/routing_v18_n3_rank01.json,.json,local retained artifact at starting HEAD; original manifests supply creation lineage,RETAINED_AS_HISTORICAL_EVIDENCE,superseded process or archived supporting evidence,immutable supporting scientific/audit evidence; current authority is R23_STATUS,"retain original bytes, manifests, raw outputs, negative fixtures, historical path metadata",ARCHIVE,799c213d5b41db47263bfc68ac7bf5761ea81b58336002123d2d10ac890368fa,4685
reproducibility/outputs/traffic_simulation/r23_formal_instance_authority/20260911_v1/_refs/routing_v18_n3_rank02.json,.json,local retained artifact at starting HEAD; original manifests supply creation lineage,RETAINED_AS_HISTORICAL_EVIDENCE,superseded process or archived supporting evidence,immutable supporting scientific/audit evidence; current authority is R23_STATUS,"retain original bytes, manifests, raw outputs, negative fixtures, historical path metadata",ARCHIVE,14f853bef74b1423be757720393f633bd6378c4694639f7743bde874ce534a00,4717
reproducibility/outputs/traffic_simulation/r23_formal_instance_authority/20260911_v1/_refs/routing_v18_n3_rank03.json,.json,local retained artifact at starting HEAD; original manifests supply creation lineage,RETAINED_AS_HISTORICAL_EVIDENCE,superseded process or archived supporting evidence,immutable supporting scientific/audit evidence; current authority is R23_STATUS,"retain original bytes, manifests, raw outputs, negative fixtures, historical path metadata",ARCHIVE,6dc6fb833f1be60a83b225526550bee0e9d5da03ed2cb2db17cca1600b7cabf6,4654
reproducibility/outputs/traffic_simulation/r23_formal_instance_authority/20260911_v1/_refs/routing_v18_n3_rank04.json,.json,local retained artifact at starting HEAD; original manifests supply creation lineage,RETAINED_AS_HISTORICAL_EVIDENCE,superseded process or archived supporting evidence,immutable supporting scientific/audit evidence; current authority is R23_STATUS,"retain original bytes, manifests, raw outputs, negative fixtures, historical path metadata",ARCHIVE,a2c22752b57a8fef660ceec71b177a61b257a9962432f059d6b2372891ddabd7,4653
reproducibility/outputs/traffic_simulation/r23_formal_instance_authority/20260911_v1/_refs/routing_v18_n3_rank05.json,.json,local retained artifact at starting HEAD; original manifests supply creation lineage,RETAINED_AS_HISTORICAL_EVIDENCE,superseded process or archived supporting evidence,immutable supporting scientific/audit evidence; current authority is R23_STATUS,"retain original bytes, manifests, raw outputs, negative fixtures, historical path metadata",ARCHIVE,c36221564b3a14b328115c82c4fece72478cafa4e5685ab73e6f09bc734d6101,4718
reproducibility/outputs/traffic_simulation/r23_formal_instance_authority/20260911_v1/_refs/routing_v18_n4_rank01.json,.json,local retained artifact at starting HEAD; original manifests supply creation lineage,RETAINED_AS_HISTORICAL_EVIDENCE,superseded process or archived supporting evidence,immutable supporting scientific/audit evidence; current authority is R23_STATUS,"retain original bytes, manifests, raw outputs, negative fixtures, historical path metadata",ARCHIVE,38a9f5990aa474cc0127f54a331025592b82c26ea3960ebf22f9ecf1149e11b1,18337
reproducibility/outputs/traffic_simulation/r23_formal_instance_authority/20260911_v1/_refs/routing_v18_n4_rank02.json,.json,local retained artifact at starting HEAD; original manifests supply creation lineage,RETAINED_AS_HISTORICAL_EVIDENCE,superseded process or archived supporting evidence,immutable supporting scientific/audit evidence; current authority is R23_STATUS,"retain original bytes, manifests, raw outputs, negative fixtures, historical path metadata",ARCHIVE,492bf75197afc33de755e5dd80a37f9cd0502b616d9525f5281305c5644db387,18135
reproducibility/outputs/traffic_simulation/r23_formal_instance_authority/20260911_v1/_refs/routing_v18_n4_rank03.json,.json,local retained artifact at starting HEAD; original manifests supply creation lineage,RETAINED_AS_HISTORICAL_EVIDENCE,superseded process or archived supporting evidence,immutable supporting scientific/audit evidence; current authority is R23_STATUS,"retain original bytes, manifests, raw outputs, negative fixtures, historical path metadata",ARCHIVE,bf61f62b4e485b1136d1f915d9ddf354459dff092d1d2b9391c26d9f6ac9cea1,17833
reproducibility/outputs/traffic_simulation/r23_formal_instance_authority/20260911_v1/_refs/routing_v18_n4_rank04.json,.json,local retained artifact at starting HEAD; original manifests supply creation lineage,RETAINED_AS_HISTORICAL_EVIDENCE,superseded process or archived supporting evidence,immutable supporting scientific/audit evidence; current authority is R23_STATUS,"retain original bytes, manifests, raw outputs, negative fixtures, historical path metadata",ARCHIVE,1ae2f46d8f6e1cc333796109d9e5a1a768ef10b371d614077a8a30ddbd5a5bd1,18033
reproducibility/outputs/traffic_simulation/r23_formal_instance_authority/20260911_v1/_refs/routing_v18_n4_rank05.json,.json,local retained artifact at starting HEAD; original manifests supply creation lineage,RETAINED_AS_HISTORICAL_EVIDENCE,superseded process or archived supporting evidence,immutable supporting scientific/audit evidence; current authority is R23_STATUS,"retain original bytes, manifests, raw outputs, negative fixtures, historical path metadata",ARCHIVE,e7d9cac7a7a63edf0b6cb7335f953f87dc08e511533984c2121273dc1ec24bcf,17941
reproducibility/outputs/traffic_simulation/r23_formal_instance_authority/20260911_v1/authority_summary.json,.json,present at 64b9ee1e687273896570713f1e28ed10a788c39f; tracked,RETAINED_AS_HISTORICAL_EVIDENCE,superseded process or archived supporting evidence,immutable supporting scientific/audit evidence; current authority is R23_STATUS,"retain original bytes, manifests, raw outputs, negative fixtures, historical path metadata",ARCHIVE,624ee7e8695fde1b6c48e1eb79d671aed143311f4c8b0e1a286c6719258a2017,37141
reproducibility/outputs/traffic_simulation/r23_formal_instance_authority/20260911_v1/authorization_recheck.json,.json,present at 64b9ee1e687273896570713f1e28ed10a788c39f; tracked,RETAINED_AS_HISTORICAL_EVIDENCE,superseded process or archived supporting evidence,immutable supporting scientific/audit evidence; current authority is R23_STATUS,"retain original bytes, manifests, raw outputs, negative fixtures, historical path metadata",ARCHIVE,612441dcd56f64b421d3dc240a778e02241990d0b0e11b886c18d8933eba465e,1649
reproducibility/outputs/traffic_simulation/r23_formal_instance_authority/20260911_v1/exact_references.json,.json,present at 64b9ee1e687273896570713f1e28ed10a788c39f; tracked,RETAINED_AS_HISTORICAL_EVIDENCE,superseded process or archived supporting evidence,immutable supporting scientific/audit evidence; current authority is R23_STATUS,"retain original bytes, manifests, raw outputs, negative fixtures, historical path metadata",ARCHIVE,b510ba777ee2ad18426ce579fc42c96948cdc2d2e775d05f1b2cb4d09b7a2dc6,125453
reproducibility/outputs/traffic_simulation/r23_formal_instance_authority/20260911_v1/manifest.json,.json,present at 64b9ee1e687273896570713f1e28ed10a788c39f; tracked,RETAINED_AS_HISTORICAL_EVIDENCE,superseded process or archived supporting evidence,immutable supporting scientific/audit evidence; current authority is R23_STATUS,"retain original bytes, manifests, raw outputs, negative fixtures, historical path metadata",ARCHIVE,c9cb0078d391353ca3a0afbad58f2a57f673fb05c8bcedabe5b8e54991ceef78,2847
reproducibility/outputs/traffic_simulation/r23_formal_instance_authority/20260911_v1/planned_run_manifest.json,.json,present at 64b9ee1e687273896570713f1e28ed10a788c39f; tracked,RETAINED_AS_HISTORICAL_EVIDENCE,superseded process or archived supporting evidence,immutable supporting scientific/audit evidence; current authority is R23_STATUS,"retain original bytes, manifests, raw outputs, negative fixtures, historical path metadata",ARCHIVE,92ab5f83ebeaf46ff0ba93706921b26e593e3235501f918942df4339d2af4aa2,6591
reproducibility/outputs/traffic_simulation/r23_formal_instance_authority/20260911_v1/r20/routing_v18_n2_rank01/manifest.json,.json,present at 64b9ee1e687273896570713f1e28ed10a788c39f; tracked,RETAINED_AS_HISTORICAL_EVIDENCE,superseded process or archived supporting evidence,immutable supporting scientific/audit evidence; current authority is R23_STATUS,"retain original bytes, manifests, raw outputs, negative fixtures, historical path metadata",ARCHIVE,b066e8d9d5df31ba765bc35afa0fd1add64b3b7ebb42831bb85d203e922e6133,693
reproducibility/outputs/traffic_simulation/r23_formal_instance_authority/20260911_v1/r20/routing_v18_n2_rank01/r20_input.json,.json,present at 64b9ee1e687273896570713f1e28ed10a788c39f; tracked,RETAINED_AS_HISTORICAL_EVIDENCE,superseded process or archived supporting evidence,immutable supporting scientific/audit evidence; current authority is R23_STATUS,"retain original bytes, manifests, raw outputs, negative fixtures, historical path metadata",ARCHIVE,737aff23ee04234951e1bfd3f33c270a6aa843bea846896fec61ece28fe143c6,17839
reproducibility/outputs/traffic_simulation/r23_formal_instance_authority/20260911_v1/r20/routing_v18_n2_rank01/validation.json,.json,present at 64b9ee1e687273896570713f1e28ed10a788c39f; tracked,RETAINED_AS_HISTORICAL_EVIDENCE,superseded process or archived supporting evidence,immutable supporting scientific/audit evidence; current authority is R23_STATUS,"retain original bytes, manifests, raw outputs, negative fixtures, historical path metadata",ARCHIVE,5060fd2611af9eab20e21e2d8599ba3a04784805629ddba5bdd48736401a6d5b,700
reproducibility/outputs/traffic_simulation/r23_formal_instance_authority/20260911_v1/r20/routing_v18_n2_rank02/manifest.json,.json,present at 64b9ee1e687273896570713f1e28ed10a788c39f; tracked,RETAINED_AS_HISTORICAL_EVIDENCE,superseded process or archived supporting evidence,immutable supporting scientific/audit evidence; current authority is R23_STATUS,"retain original bytes, manifests, raw outputs, negative fixtures, historical path metadata",ARCHIVE,f271368891e489699e29e2e34ba8ddbca84dac1a5184f899a4908ab877cbcc2c,693
reproducibility/outputs/traffic_simulation/r23_formal_instance_authority/20260911_v1/r20/routing_v18_n2_rank02/r20_input.json,.json,present at 64b9ee1e687273896570713f1e28ed10a788c39f; tracked,RETAINED_AS_HISTORICAL_EVIDENCE,superseded process or archived supporting evidence,immutable supporting scientific/audit evidence; current authority is R23_STATUS,"retain original bytes, manifests, raw outputs, negative fixtures, historical path metadata",ARCHIVE,da7687bc3ece38cae7da1f7c0a3f7c2a8a8654f54ae349aee26b2e7f89434b9d,19517
reproducibility/outputs/traffic_simulation/r23_formal_instance_authority/20260911_v1/r20/routing_v18_n2_rank02/validation.json,.json,present at 64b9ee1e687273896570713f1e28ed10a788c39f; tracked,RETAINED_AS_HISTORICAL_EVIDENCE,superseded process or archived supporting evidence,immutable supporting scientific/audit evidence; current authority is R23_STATUS,"retain original bytes, manifests, raw outputs, negative fixtures, historical path metadata",ARCHIVE,2e21e7b226d9a7e821a783ea0e9068bcdfc016f2edc08315ab7104973527af6a,699
reproducibility/outputs/traffic_simulation/r23_formal_instance_authority/20260911_v1/r20/routing_v18_n2_rank03/manifest.json,.json,present at 64b9ee1e687273896570713f1e28ed10a788c39f; tracked,RETAINED_AS_HISTORICAL_EVIDENCE,superseded process or archived supporting evidence,immutable supporting scientific/audit evidence; current authority is R23_STATUS,"retain original bytes, manifests, raw outputs, negative fixtures, historical path metadata",ARCHIVE,c7d8d9ab1a463345a39b619d470ba6aa790be74ad8d7850589c9f800e9cf78a1,693
reproducibility/outputs/traffic_simulation/r23_formal_instance_authority/20260911_v1/r20/routing_v18_n2_rank03/r20_input.json,.json,present at 64b9ee1e687273896570713f1e28ed10a788c39f; tracked,RETAINED_AS_HISTORICAL_EVIDENCE,superseded process or archived supporting evidence,immutable supporting scientific/audit evidence; current authority is R23_STATUS,"retain original bytes, manifests, raw outputs, negative fixtures, historical path metadata",ARCHIVE,c3888e6efd99d5fb4234bb53e6553616782bd84ef2ff6eb2a296f4477f8f6c44,20269
reproducibility/outputs/traffic_simulation/r23_formal_instance_authority/20260911_v1/r20/routing_v18_n2_rank03/validation.json,.json,present at 64b9ee1e687273896570713f1e28ed10a788c39f; tracked,RETAINED_AS_HISTORICAL_EVIDENCE,superseded process or archived supporting evidence,immutable supporting scientific/audit evidence; current authority is R23_STATUS,"retain original bytes, manifests, raw outputs, negative fixtures, historical path metadata",ARCHIVE,d80cb33d2919338eb627f96a163a62aaf7b92cf45b28ae74c1e34d5eead62d91,699
reproducibility/outputs/traffic_simulation/r23_formal_instance_authority/20260911_v1/r20/routing_v18_n2_rank04/manifest.json,.json,present at 64b9ee1e687273896570713f1e28ed10a788c39f; tracked,RETAINED_AS_HISTORICAL_EVIDENCE,superseded process or archived supporting evidence,immutable supporting scientific/audit evidence; current authority is R23_STATUS,"retain original bytes, manifests, raw outputs, negative fixtures, historical path metadata",ARCHIVE,e2e88f2fddcd81bf3e579a168dd62577188139f229a1c26761457d25a8c73cc6,693
reproducibility/outputs/traffic_simulation/r23_formal_instance_authority/20260911_v1/r20/routing_v18_n2_rank04/r20_input.json,.json,present at 64b9ee1e687273896570713f1e28ed10a788c39f; tracked,RETAINED_AS_HISTORICAL_EVIDENCE,superseded process or archived supporting evidence,immutable supporting scientific/audit evidence; current authority is R23_STATUS,"retain original bytes, manifests, raw outputs, negative fixtures, historical path metadata",ARCHIVE,65ba25d0ec0d45d21cc62b86604a3986fa648bd0a6acbb8c9c0cc91b7207f707,14068
reproducibility/outputs/traffic_simulation/r23_formal_instance_authority/20260911_v1/r20/routing_v18_n2_rank04/validation.json,.json,present at 64b9ee1e687273896570713f1e28ed10a788c39f; tracked,RETAINED_AS_HISTORICAL_EVIDENCE,superseded process or archived supporting evidence,immutable supporting scientific/audit evidence; current authority is R23_STATUS,"retain original bytes, manifests, raw outputs, negative fixtures, historical path metadata",ARCHIVE,62d6ba854ea61bf286e70913c69af7ce4842cb2bc0a032dab784103e822901d6,699
reproducibility/outputs/traffic_simulation/r23_formal_instance_authority/20260911_v1/r20/routing_v18_n2_rank05/manifest.json,.json,present at 64b9ee1e687273896570713f1e28ed10a788c39f; tracked,RETAINED_AS_HISTORICAL_EVIDENCE,superseded process or archived supporting evidence,immutable supporting scientific/audit evidence; current authority is R23_STATUS,"retain original bytes, manifests, raw outputs, negative fixtures, historical path metadata",ARCHIVE,e6fcf0d0a6eab27b7b0d4e2497a0ffb5d76b208b20e8b380928c6109fbcd19ba,693
reproducibility/outputs/traffic_simulation/r23_formal_instance_authority/20260911_v1/r20/routing_v18_n2_rank05/r20_input.json,.json,present at 64b9ee1e687273896570713f1e28ed10a788c39f; tracked,RETAINED_AS_HISTORICAL_EVIDENCE,superseded process or archived supporting evidence,immutable supporting scientific/audit evidence; current authority is R23_STATUS,"retain original bytes, manifests, raw outputs, negative fixtures, historical path metadata",ARCHIVE,e08191fc4b64907d920a650f32a04714c2be0ecd0ec0d9a99fc9764c7f68f32b,17187
reproducibility/outputs/traffic_simulation/r23_formal_instance_authority/20260911_v1/r20/routing_v18_n2_rank05/validation.json,.json,present at 64b9ee1e687273896570713f1e28ed10a788c39f; tracked,RETAINED_AS_HISTORICAL_EVIDENCE,superseded process or archived supporting evidence,immutable supporting scientific/audit evidence; current authority is R23_STATUS,"retain original bytes, manifests, raw outputs, negative fixtures, historical path metadata",ARCHIVE,19e3b68a6ddbf42d8e0707c8e988990530447c5ee2ff43eaf204aa56a476b6fa,699
reproducibility/outputs/traffic_simulation/r23_formal_instance_authority/20260911_v1/r20/routing_v18_n3_rank01/manifest.json,.json,present at 64b9ee1e687273896570713f1e28ed10a788c39f; tracked,RETAINED_AS_HISTORICAL_EVIDENCE,superseded process or archived supporting evidence,immutable supporting scientific/audit evidence; current authority is R23_STATUS,"retain original bytes, manifests, raw outputs, negative fixtures, historical path metadata",ARCHIVE,639c01d7f03db5788cf632b66290d7cd5ccd55f9657352e2c0fb6e54959b1785,693
reproducibility/outputs/traffic_simulation/r23_formal_instance_authority/20260911_v1/r20/routing_v18_n3_rank01/r20_input.json,.json,present at 64b9ee1e687273896570713f1e28ed10a788c39f; tracked,RETAINED_AS_HISTORICAL_EVIDENCE,superseded process or archived supporting evidence,immutable supporting scientific/audit evidence; current authority is R23_STATUS,"retain original bytes, manifests, raw outputs, negative fixtures, historical path metadata",ARCHIVE,11c13c455af9d6e767d8f0ab16fe4d0251ec6511fd8989532f238163fcf2cbde,34511
reproducibility/outputs/traffic_simulation/r23_formal_instance_authority/20260911_v1/r20/routing_v18_n3_rank01/validation.json,.json,present at 64b9ee1e687273896570713f1e28ed10a788c39f; tracked,RETAINED_AS_HISTORICAL_EVIDENCE,superseded process or archived supporting evidence,immutable supporting scientific/audit evidence; current authority is R23_STATUS,"retain original bytes, manifests, raw outputs, negative fixtures, historical path metadata",ARCHIVE,125b988a40eaead187c0f30b2b92b883aabe8bafcf20c631f806dc3025e4b888,709
reproducibility/outputs/traffic_simulation/r23_formal_instance_authority/20260911_v1/r20/routing_v18_n3_rank02/manifest.json,.json,present at 64b9ee1e687273896570713f1e28ed10a788c39f; tracked,RETAINED_AS_HISTORICAL_EVIDENCE,superseded process or archived supporting evidence,immutable supporting scientific/audit evidence; current authority is R23_STATUS,"retain original bytes, manifests, raw outputs, negative fixtures, historical path metadata",ARCHIVE,3396de34c31dbf88c2fac76b89f17adf90032b8fe84357b73a2a9999fefc549e,693
reproducibility/outputs/traffic_simulation/r23_formal_instance_authority/20260911_v1/r20/routing_v18_n3_rank02/r20_input.json,.json,present at 64b9ee1e687273896570713f1e28ed10a788c39f; tracked,RETAINED_AS_HISTORICAL_EVIDENCE,superseded process or archived supporting evidence,immutable supporting scientific/audit evidence; current authority is R23_STATUS,"retain original bytes, manifests, raw outputs, negative fixtures, historical path metadata",ARCHIVE,bee1c51712b3ed5f75c1cc76f41d9c5ae9e442f4c85f70dbde1d4b0874383686,28668
reproducibility/outputs/traffic_simulation/r23_formal_instance_authority/20260911_v1/r20/routing_v18_n3_rank02/validation.json,.json,present at 64b9ee1e687273896570713f1e28ed10a788c39f; tracked,RETAINED_AS_HISTORICAL_EVIDENCE,superseded process or archived supporting evidence,immutable supporting scientific/audit evidence; current authority is R23_STATUS,"retain original bytes, manifests, raw outputs, negative fixtures, historical path metadata",ARCHIVE,1ba43566c6684984da6262a607f72d1f6ee327fe2417136ee5a993cdfb40769c,710
reproducibility/outputs/traffic_simulation/r23_formal_instance_authority/20260911_v1/r20/routing_v18_n3_rank03/manifest.json,.json,present at 64b9ee1e687273896570713f1e28ed10a788c39f; tracked,RETAINED_AS_HISTORICAL_EVIDENCE,superseded process or archived supporting evidence,immutable supporting scientific/audit evidence; current authority is R23_STATUS,"retain original bytes, manifests, raw outputs, negative fixtures, historical path metadata",ARCHIVE,82f49106acdf731d34bb1741d491aaff16dc02c044c4cd0f409bd37597d25bd7,693
reproducibility/outputs/traffic_simulation/r23_formal_instance_authority/20260911_v1/r20/routing_v18_n3_rank03/r20_input.json,.json,present at 64b9ee1e687273896570713f1e28ed10a788c39f; tracked,RETAINED_AS_HISTORICAL_EVIDENCE,superseded process or archived supporting evidence,immutable supporting scientific/audit evidence; current authority is R23_STATUS,"retain original bytes, manifests, raw outputs, negative fixtures, historical path metadata",ARCHIVE,ccc47a93e37fc0dccdb3d64a007eeabcaec784236746f30182efa16c8fdd8d59,31198
reproducibility/outputs/traffic_simulation/r23_formal_instance_authority/20260911_v1/r20/routing_v18_n3_rank03/validation.json,.json,present at 64b9ee1e687273896570713f1e28ed10a788c39f; tracked,RETAINED_AS_HISTORICAL_EVIDENCE,superseded process or archived supporting evidence,immutable supporting scientific/audit evidence; current authority is R23_STATUS,"retain original bytes, manifests, raw outputs, negative fixtures, historical path metadata",ARCHIVE,b10d02b218f0de6106e086aace8faa0ccd00d424e73f4cf340d854b2a83675e0,709
reproducibility/outputs/traffic_simulation/r23_formal_instance_authority/20260911_v1/r20/routing_v18_n3_rank04/manifest.json,.json,present at 64b9ee1e687273896570713f1e28ed10a788c39f; tracked,RETAINED_AS_HISTORICAL_EVIDENCE,superseded process or archived supporting evidence,immutable supporting scientific/audit evidence; current authority is R23_STATUS,"retain original bytes, manifests, raw outputs, negative fixtures, historical path metadata",ARCHIVE,4cfe08f17c7ecb3cdb183a40a958b8da73dc87a363ee9467c42d3b4032aa9e77,693
reproducibility/outputs/traffic_simulation/r23_formal_instance_authority/20260911_v1/r20/routing_v18_n3_rank04/r20_input.json,.json,present at 64b9ee1e687273896570713f1e28ed10a788c39f; tracked,RETAINED_AS_HISTORICAL_EVIDENCE,superseded process or archived supporting evidence,immutable supporting scientific/audit evidence; current authority is R23_STATUS,"retain original bytes, manifests, raw outputs, negative fixtures, historical path metadata",ARCHIVE,b761502d706617e9caecbd47e378004b2f8b0157f4d140460ce2ad18023d1d02,28055
reproducibility/outputs/traffic_simulation/r23_formal_instance_authority/20260911_v1/r20/routing_v18_n3_rank04/validation.json,.json,present at 64b9ee1e687273896570713f1e28ed10a788c39f; tracked,RETAINED_AS_HISTORICAL_EVIDENCE,superseded process or archived supporting evidence,immutable supporting scientific/audit evidence; current authority is R23_STATUS,"retain original bytes, manifests, raw outputs, negative fixtures, historical path metadata",ARCHIVE,e96c7910c5f870d391a6e74f70621a398aee87346c1351953d64e536644a66f0,709
reproducibility/outputs/traffic_simulation/r23_formal_instance_authority/20260911_v1/r20/routing_v18_n3_rank05/manifest.json,.json,present at 64b9ee1e687273896570713f1e28ed10a788c39f; tracked,RETAINED_AS_HISTORICAL_EVIDENCE,superseded process or archived supporting evidence,immutable supporting scientific/audit evidence; current authority is R23_STATUS,"retain original bytes, manifests, raw outputs, negative fixtures, historical path metadata",ARCHIVE,dea4e758957f2a55674d6a05f8774de7928a7d9c3f4b4d43bde3359f03abff99,693
reproducibility/outputs/traffic_simulation/r23_formal_instance_authority/20260911_v1/r20/routing_v18_n3_rank05/r20_input.json,.json,present at 64b9ee1e687273896570713f1e28ed10a788c39f; tracked,RETAINED_AS_HISTORICAL_EVIDENCE,superseded process or archived supporting evidence,immutable supporting scientific/audit evidence; current authority is R23_STATUS,"retain original bytes, manifests, raw outputs, negative fixtures, historical path metadata",ARCHIVE,6da3543bfdb726fbd0a3e454e90d0189b65d065278ec9bd6d10ce48a6e1065f0,34438
reproducibility/outputs/traffic_simulation/r23_formal_instance_authority/20260911_v1/r20/routing_v18_n3_rank05/validation.json,.json,present at 64b9ee1e687273896570713f1e28ed10a788c39f; tracked,RETAINED_AS_HISTORICAL_EVIDENCE,superseded process or archived supporting evidence,immutable supporting scientific/audit evidence; current authority is R23_STATUS,"retain original bytes, manifests, raw outputs, negative fixtures, historical path metadata",ARCHIVE,1a0187d94a371e94d66b344505810b51dd718fbe5615a91c767681b461302b82,710
reproducibility/outputs/traffic_simulation/r23_formal_instance_authority/20260911_v1/r20/routing_v18_n4_rank01/manifest.json,.json,present at 64b9ee1e687273896570713f1e28ed10a788c39f; tracked,RETAINED_AS_HISTORICAL_EVIDENCE,superseded process or archived supporting evidence,immutable supporting scientific/audit evidence; current authority is R23_STATUS,"retain original bytes, manifests, raw outputs, negative fixtures, historical path metadata",ARCHIVE,85303b9141eeb96605699d5fdf0d21f2f82e4125095d0d8c9bf367413be4a7e5,693
reproducibility/outputs/traffic_simulation/r23_formal_instance_authority/20260911_v1/r20/routing_v18_n4_rank01/r20_input.json,.json,present at 64b9ee1e687273896570713f1e28ed10a788c39f; tracked,RETAINED_AS_HISTORICAL_EVIDENCE,superseded process or archived supporting evidence,immutable supporting scientific/audit evidence; current authority is R23_STATUS,"retain original bytes, manifests, raw outputs, negative fixtures, historical path metadata",ARCHIVE,350008ab569c1e1fd303dc476eef4eddf8b0f211d465b6738fe6a851a854a7e6,49293
reproducibility/outputs/traffic_simulation/r23_formal_instance_authority/20260911_v1/r20/routing_v18_n4_rank01/validation.json,.json,present at 64b9ee1e687273896570713f1e28ed10a788c39f; tracked,RETAINED_AS_HISTORICAL_EVIDENCE,superseded process or archived supporting evidence,immutable supporting scientific/audit evidence; current authority is R23_STATUS,"retain original bytes, manifests, raw outputs, negative fixtures, historical path metadata",ARCHIVE,ecaa6d49669a2b5403753cefa5ee61facd59e427decf1180e05c4b541b395713,727
reproducibility/outputs/traffic_simulation/r23_formal_instance_authority/20260911_v1/r20/routing_v18_n4_rank02/manifest.json,.json,present at 64b9ee1e687273896570713f1e28ed10a788c39f; tracked,RETAINED_AS_HISTORICAL_EVIDENCE,superseded process or archived supporting evidence,immutable supporting scientific/audit evidence; current authority is R23_STATUS,"retain original bytes, manifests, raw outputs, negative fixtures, historical path metadata",ARCHIVE,899b2ac0857daaa1d998f5f34c8a3290c1896e0f6e5e663ace8b145011fb7185,693
reproducibility/outputs/traffic_simulation/r23_formal_instance_authority/20260911_v1/r20/routing_v18_n4_rank02/r20_input.json,.json,present at 64b9ee1e687273896570713f1e28ed10a788c39f; tracked,RETAINED_AS_HISTORICAL_EVIDENCE,superseded process or archived supporting evidence,immutable supporting scientific/audit evidence; current authority is R23_STATUS,"retain original bytes, manifests, raw outputs, negative fixtures, historical path metadata",ARCHIVE,3122cfbd871ec269a8e55e08aa74378f4b46452b3092dee24b3f752d1ce9ff52,62077
reproducibility/outputs/traffic_simulation/r23_formal_instance_authority/20260911_v1/r20/routing_v18_n4_rank02/validation.json,.json,present at 64b9ee1e687273896570713f1e28ed10a788c39f; tracked,RETAINED_AS_HISTORICAL_EVIDENCE,superseded process or archived supporting evidence,immutable supporting scientific/audit evidence; current authority is R23_STATUS,"retain original bytes, manifests, raw outputs, negative fixtures, historical path metadata",ARCHIVE,3e5ecb7c0d9a7a757ce82abd9a74748b2c5be0ef261a6ef851a970e95d420493,727
reproducibility/outputs/traffic_simulation/r23_formal_instance_authority/20260911_v1/r20/routing_v18_n4_rank03/manifest.json,.json,present at 64b9ee1e687273896570713f1e28ed10a788c39f; tracked,RETAINED_AS_HISTORICAL_EVIDENCE,superseded process or archived supporting evidence,immutable supporting scientific/audit evidence; current authority is R23_STATUS,"retain original bytes, manifests, raw outputs, negative fixtures, historical path metadata",ARCHIVE,53e076ecf24f9cde3250354ba3d386911a7ee87a344037cb06bdafca2b87319d,693
reproducibility/outputs/traffic_simulation/r23_formal_instance_authority/20260911_v1/r20/routing_v18_n4_rank03/r20_input.json,.json,present at 64b9ee1e687273896570713f1e28ed10a788c39f; tracked,RETAINED_AS_HISTORICAL_EVIDENCE,superseded process or archived supporting evidence,immutable supporting scientific/audit evidence; current authority is R23_STATUS,"retain original bytes, manifests, raw outputs, negative fixtures, historical path metadata",ARCHIVE,c3871f7fd93ac5d2130823ba5bb467362336b21860e1c990270aa3d77be3b718,53432
reproducibility/outputs/traffic_simulation/r23_formal_instance_authority/20260911_v1/r20/routing_v18_n4_rank03/validation.json,.json,present at 64b9ee1e687273896570713f1e28ed10a788c39f; tracked,RETAINED_AS_HISTORICAL_EVIDENCE,superseded process or archived supporting evidence,immutable supporting scientific/audit evidence; current authority is R23_STATUS,"retain original bytes, manifests, raw outputs, negative fixtures, historical path metadata",ARCHIVE,954b29ad00aec7337bb45ac7103eab41dbe97fc3ccc69e536e11c3253cb01893,728
reproducibility/outputs/traffic_simulation/r23_formal_instance_authority/20260911_v1/r20/routing_v18_n4_rank04/manifest.json,.json,present at 64b9ee1e687273896570713f1e28ed10a788c39f; tracked,RETAINED_AS_HISTORICAL_EVIDENCE,superseded process or archived supporting evidence,immutable supporting scientific/audit evidence; current authority is R23_STATUS,"retain original bytes, manifests, raw outputs, negative fixtures, historical path metadata",ARCHIVE,77a5d093a910c4a298e87462be51bdebf605b6ae3b8142dd416be8eee98ab492,693
reproducibility/outputs/traffic_simulation/r23_formal_instance_authority/20260911_v1/r20/routing_v18_n4_rank04/r20_input.json,.json,present at 64b9ee1e687273896570713f1e28ed10a788c39f; tracked,RETAINED_AS_HISTORICAL_EVIDENCE,superseded process or archived supporting evidence,immutable supporting scientific/audit evidence; current authority is R23_STATUS,"retain original bytes, manifests, raw outputs, negative fixtures, historical path metadata",ARCHIVE,609a79fe8317b55804b9b06d52c10bc010045f779539634f112fa0c79633c82e,49952
reproducibility/outputs/traffic_simulation/r23_formal_instance_authority/20260911_v1/r20/routing_v18_n4_rank04/validation.json,.json,present at 64b9ee1e687273896570713f1e28ed10a788c39f; tracked,RETAINED_AS_HISTORICAL_EVIDENCE,superseded process or archived supporting evidence,immutable supporting scientific/audit evidence; current authority is R23_STATUS,"retain original bytes, manifests, raw outputs, negative fixtures, historical path metadata",ARCHIVE,a6a768a7d66364086ae52df383f2d6b61d3225e50c06f5c24ee11742adcba159,728
reproducibility/outputs/traffic_simulation/r23_formal_instance_authority/20260911_v1/r20/routing_v18_n4_rank05/manifest.json,.json,present at 64b9ee1e687273896570713f1e28ed10a788c39f; tracked,RETAINED_AS_HISTORICAL_EVIDENCE,superseded process or archived supporting evidence,immutable supporting scientific/audit evidence; current authority is R23_STATUS,"retain original bytes, manifests, raw outputs, negative fixtures, historical path metadata",ARCHIVE,2349aab6f515afa865b2758aedf7b89248edc2184558be028c5eca0c4d8d01ba,693
reproducibility/outputs/traffic_simulation/r23_formal_instance_authority/20260911_v1/r20/routing_v18_n4_rank05/r20_input.json,.json,present at 64b9ee1e687273896570713f1e28ed10a788c39f; tracked,RETAINED_AS_HISTORICAL_EVIDENCE,superseded process or archived supporting evidence,immutable supporting scientific/audit evidence; current authority is R23_STATUS,"retain original bytes, manifests, raw outputs, negative fixtures, historical path metadata",ARCHIVE,0e22e66ec5bb1d60ce2a9e4287f4cccf3401fc8721b510bdde5673b5f9d5bf01,58618
reproducibility/outputs/traffic_simulation/r23_formal_instance_authority/20260911_v1/r20/routing_v18_n4_rank05/validation.json,.json,present at 64b9ee1e687273896570713f1e28ed10a788c39f; tracked,RETAINED_AS_HISTORICAL_EVIDENCE,superseded process or archived supporting evidence,immutable supporting scientific/audit evidence; current authority is R23_STATUS,"retain original bytes, manifests, raw outputs, negative fixtures, historical path metadata",ARCHIVE,0272842b001520529008266cd49a3eb011fee44be8875ceee3ea33d651892683,728
reproducibility/outputs/traffic_simulation/r23_formal_instance_authority/20260911_v1/r20_authority_set.json,.json,present at 64b9ee1e687273896570713f1e28ed10a788c39f; tracked,RETAINED_AS_HISTORICAL_EVIDENCE,superseded process or archived supporting evidence,immutable supporting scientific/audit evidence; current authority is R23_STATUS,"retain original bytes, manifests, raw outputs, negative fixtures, historical path metadata",ARCHIVE,5e64ea37614df569752905035b1a1076f9081e2d7187cdff84accd10793a14c0,8268
reproducibility/outputs/traffic_simulation/r23_formal_instance_authority/20260911_v1/r21/routing_v18_n2_rank01/manifest.json,.json,present at 64b9ee1e687273896570713f1e28ed10a788c39f; tracked,RETAINED_AS_HISTORICAL_EVIDENCE,superseded process or archived supporting evidence,immutable supporting scientific/audit evidence; current authority is R23_STATUS,"retain original bytes, manifests, raw outputs, negative fixtures, historical path metadata",ARCHIVE,0b0244cc04f2cb638140b7ab97ea2138759df5aaba6f1258ab25671f83f151da,700
reproducibility/outputs/traffic_simulation/r23_formal_instance_authority/20260911_v1/r21/routing_v18_n2_rank01/r21_input.json,.json,present at 64b9ee1e687273896570713f1e28ed10a788c39f; tracked,RETAINED_AS_HISTORICAL_EVIDENCE,superseded process or archived supporting evidence,immutable supporting scientific/audit evidence; current authority is R23_STATUS,"retain original bytes, manifests, raw outputs, negative fixtures, historical path metadata",ARCHIVE,c0f99866a6c4d7bb5c06ef5bbae1b1a1e1d3ec5fcf05efd0671e260c8ff757a3,2526
reproducibility/outputs/traffic_simulation/r23_formal_instance_authority/20260911_v1/r21/routing_v18_n2_rank01/validation.json,.json,present at 64b9ee1e687273896570713f1e28ed10a788c39f; tracked,RETAINED_AS_HISTORICAL_EVIDENCE,superseded process or archived supporting evidence,immutable supporting scientific/audit evidence; current authority is R23_STATUS,"retain original bytes, manifests, raw outputs, negative fixtures, historical path metadata",ARCHIVE,9fd90cb0fd26177f8e16050b943750a93bd94b3c50e36d6ef093fe2fc7a20c26,1980
reproducibility/outputs/traffic_simulation/r23_formal_instance_authority/20260911_v1/r21/routing_v18_n2_rank02/manifest.json,.json,present at 64b9ee1e687273896570713f1e28ed10a788c39f; tracked,RETAINED_AS_HISTORICAL_EVIDENCE,superseded process or archived supporting evidence,immutable supporting scientific/audit evidence; current authority is R23_STATUS,"retain original bytes, manifests, raw outputs, negative fixtures, historical path metadata",ARCHIVE,0269d92e99e41ca11c8bef3b4cd39e2809d821d5e97bf7c79e3840b4087b4746,700
reproducibility/outputs/traffic_simulation/r23_formal_instance_authority/20260911_v1/r21/routing_v18_n2_rank02/r21_input.json,.json,present at 64b9ee1e687273896570713f1e28ed10a788c39f; tracked,RETAINED_AS_HISTORICAL_EVIDENCE,superseded process or archived supporting evidence,immutable supporting scientific/audit evidence; current authority is R23_STATUS,"retain original bytes, manifests, raw outputs, negative fixtures, historical path metadata",ARCHIVE,c03688dd0438862c20f5abc17a90593ac2dd021b9c702bd67ea0fcf67349e3bc,2528
reproducibility/outputs/traffic_simulation/r23_formal_instance_authority/20260911_v1/r21/routing_v18_n2_rank02/validation.json,.json,present at 64b9ee1e687273896570713f1e28ed10a788c39f; tracked,RETAINED_AS_HISTORICAL_EVIDENCE,superseded process or archived supporting evidence,immutable supporting scientific/audit evidence; current authority is R23_STATUS,"retain original bytes, manifests, raw outputs, negative fixtures, historical path metadata",ARCHIVE,92f68f55ee015d468a6320a2c69982ea92a36f304df8f41f871653c799783e68,1977
reproducibility/outputs/traffic_simulation/r23_formal_instance_authority/20260911_v1/r21/routing_v18_n2_rank03/manifest.json,.json,present at 64b9ee1e687273896570713f1e28ed10a788c39f; tracked,RETAINED_AS_HISTORICAL_EVIDENCE,superseded process or archived supporting evidence,immutable supporting scientific/audit evidence; current authority is R23_STATUS,"retain original bytes, manifests, raw outputs, negative fixtures, historical path metadata",ARCHIVE,226a5e1dbf1cf0267ad45893450f589aa350b1fcf446f2217a4a5d21d8083432,700
reproducibility/outputs/traffic_simulation/r23_formal_instance_authority/20260911_v1/r21/routing_v18_n2_rank03/r21_input.json,.json,present at 64b9ee1e687273896570713f1e28ed10a788c39f; tracked,RETAINED_AS_HISTORICAL_EVIDENCE,superseded process or archived supporting evidence,immutable supporting scientific/audit evidence; current authority is R23_STATUS,"retain original bytes, manifests, raw outputs, negative fixtures, historical path metadata",ARCHIVE,7ab99820a0af8fa61333e12db1f55473d67325295f4ce7456e8e3fef03dda4e7,2527
reproducibility/outputs/traffic_simulation/r23_formal_instance_authority/20260911_v1/r21/routing_v18_n2_rank03/validation.json,.json,present at 64b9ee1e687273896570713f1e28ed10a788c39f; tracked,RETAINED_AS_HISTORICAL_EVIDENCE,superseded process or archived supporting evidence,immutable supporting scientific/audit evidence; current authority is R23_STATUS,"retain original bytes, manifests, raw outputs, negative fixtures, historical path metadata",ARCHIVE,f00000473e961abda0950b5698317bf3adff1a07ab2d5614159f4c15e1af17bc,1977
reproducibility/outputs/traffic_simulation/r23_formal_instance_authority/20260911_v1/r21/routing_v18_n2_rank04/manifest.json,.json,present at 64b9ee1e687273896570713f1e28ed10a788c39f; tracked,RETAINED_AS_HISTORICAL_EVIDENCE,superseded process or archived supporting evidence,immutable supporting scientific/audit evidence; current authority is R23_STATUS,"retain original bytes, manifests, raw outputs, negative fixtures, historical path metadata",ARCHIVE,8276a965c6ddf67a19924fc70d7d8cde712bd05d8145359084987b5a9f72cec0,700
reproducibility/outputs/traffic_simulation/r23_formal_instance_authority/20260911_v1/r21/routing_v18_n2_rank04/r21_input.json,.json,present at 64b9ee1e687273896570713f1e28ed10a788c39f; tracked,RETAINED_AS_HISTORICAL_EVIDENCE,superseded process or archived supporting evidence,immutable supporting scientific/audit evidence; current authority is R23_STATUS,"retain original bytes, manifests, raw outputs, negative fixtures, historical path metadata",ARCHIVE,b5cd1bda134b28e2b47b32a2505bac6880f1e94ec052505b08902c3277abe778,2509
reproducibility/outputs/traffic_simulation/r23_formal_instance_authority/20260911_v1/r21/routing_v18_n2_rank04/validation.json,.json,present at 64b9ee1e687273896570713f1e28ed10a788c39f; tracked,RETAINED_AS_HISTORICAL_EVIDENCE,superseded process or archived supporting evidence,immutable supporting scientific/audit evidence; current authority is R23_STATUS,"retain original bytes, manifests, raw outputs, negative fixtures, historical path metadata",ARCHIVE,6ad6e86484d7fd75057d8e4172f650c1e6720161c07ed22f41288887e1c78f51,1969
reproducibility/outputs/traffic_simulation/r23_formal_instance_authority/20260911_v1/r21/routing_v18_n2_rank05/manifest.json,.json,present at 64b9ee1e687273896570713f1e28ed10a788c39f; tracked,RETAINED_AS_HISTORICAL_EVIDENCE,superseded process or archived supporting evidence,immutable supporting scientific/audit evidence; current authority is R23_STATUS,"retain original bytes, manifests, raw outputs, negative fixtures, historical path metadata",ARCHIVE,e4d9a0d80618d345df0ba568b50902c0cf0e50b6bb8f5cc136caf37afe7b03e4,700
reproducibility/outputs/traffic_simulation/r23_formal_instance_authority/20260911_v1/r21/routing_v18_n2_rank05/r21_input.json,.json,present at 64b9ee1e687273896570713f1e28ed10a788c39f; tracked,RETAINED_AS_HISTORICAL_EVIDENCE,superseded process or archived supporting evidence,immutable supporting scientific/audit evidence; current authority is R23_STATUS,"retain original bytes, manifests, raw outputs, negative fixtures, historical path metadata",ARCHIVE,3c749df6f7ee77ee410819359b4445649648cc0d245df1c333cf2d5e28c489ce,2538
reproducibility/outputs/traffic_simulation/r23_formal_instance_authority/20260911_v1/r21/routing_v18_n2_rank05/validation.json,.json,present at 64b9ee1e687273896570713f1e28ed10a788c39f; tracked,RETAINED_AS_HISTORICAL_EVIDENCE,superseded process or archived supporting evidence,immutable supporting scientific/audit evidence; current authority is R23_STATUS,"retain original bytes, manifests, raw outputs, negative fixtures, historical path metadata",ARCHIVE,ea23dcb99d289de8993985fe335a85e2c837306f419a6867ac121cba2d9ae2c4,1982
reproducibility/outputs/traffic_simulation/r23_formal_instance_authority/20260911_v1/r21/routing_v18_n3_rank01/manifest.json,.json,present at 64b9ee1e687273896570713f1e28ed10a788c39f; tracked,RETAINED_AS_HISTORICAL_EVIDENCE,superseded process or archived supporting evidence,immutable supporting scientific/audit evidence; current authority is R23_STATUS,"retain original bytes, manifests, raw outputs, negative fixtures, historical path metadata",ARCHIVE,c4e0f2dcf321af5da1f5422074a72ee1fe22b2e5bdadcab83429765e858e1b90,700
reproducibility/outputs/traffic_simulation/r23_formal_instance_authority/20260911_v1/r21/routing_v18_n3_rank01/r21_input.json,.json,present at 64b9ee1e687273896570713f1e28ed10a788c39f; tracked,RETAINED_AS_HISTORICAL_EVIDENCE,superseded process or archived supporting evidence,immutable supporting scientific/audit evidence; current authority is R23_STATUS,"retain original bytes, manifests, raw outputs, negative fixtures, historical path metadata",ARCHIVE,883d5b7a448c6d09adf41e62cd4240a55996686ac00e975e7468d781a64d71b3,3695
reproducibility/outputs/traffic_simulation/r23_formal_instance_authority/20260911_v1/r21/routing_v18_n3_rank01/validation.json,.json,present at 64b9ee1e687273896570713f1e28ed10a788c39f; tracked,RETAINED_AS_HISTORICAL_EVIDENCE,superseded process or archived supporting evidence,immutable supporting scientific/audit evidence; current authority is R23_STATUS,"retain original bytes, manifests, raw outputs, negative fixtures, historical path metadata",ARCHIVE,16e2cbb48de82fd41fb379aeef3da3a1730c91a06c925fe54c1e61dfc9133954,2105
reproducibility/outputs/traffic_simulation/r23_formal_instance_authority/20260911_v1/r21/routing_v18_n3_rank02/manifest.json,.json,present at 64b9ee1e687273896570713f1e28ed10a788c39f; tracked,RETAINED_AS_HISTORICAL_EVIDENCE,superseded process or archived supporting evidence,immutable supporting scientific/audit evidence; current authority is R23_STATUS,"retain original bytes, manifests, raw outputs, negative fixtures, historical path metadata",ARCHIVE,6cab1fefa4a5d3d0193ab6708b2473419318b787a47a8cf6c5aa802f895ac90f,700
reproducibility/outputs/traffic_simulation/r23_formal_instance_authority/20260911_v1/r21/routing_v18_n3_rank02/r21_input.json,.json,present at 64b9ee1e687273896570713f1e28ed10a788c39f; tracked,RETAINED_AS_HISTORICAL_EVIDENCE,superseded process or archived supporting evidence,immutable supporting scientific/audit evidence; current authority is R23_STATUS,"retain original bytes, manifests, raw outputs, negative fixtures, historical path metadata",ARCHIVE,0324961641d4980b2032e79cfa4e86da6861694c7a1c87bbc4667b7ea51e4e1c,3713
reproducibility/outputs/traffic_simulation/r23_formal_instance_authority/20260911_v1/r21/routing_v18_n3_rank02/validation.json,.json,present at 64b9ee1e687273896570713f1e28ed10a788c39f; tracked,RETAINED_AS_HISTORICAL_EVIDENCE,superseded process or archived supporting evidence,immutable supporting scientific/audit evidence; current authority is R23_STATUS,"retain original bytes, manifests, raw outputs, negative fixtures, historical path metadata",ARCHIVE,4b81b8173ddd268601f86b5c3fdd41ac6875688debc74aae104840f045b8ac2c,2111
reproducibility/outputs/traffic_simulation/r23_formal_instance_authority/20260911_v1/r21/routing_v18_n3_rank03/manifest.json,.json,present at 64b9ee1e687273896570713f1e28ed10a788c39f; tracked,RETAINED_AS_HISTORICAL_EVIDENCE,superseded process or archived supporting evidence,immutable supporting scientific/audit evidence; current authority is R23_STATUS,"retain original bytes, manifests, raw outputs, negative fixtures, historical path metadata",ARCHIVE,6fcc4ee3cc951597195a040ea852faac6ddcc0fa246e32913305f6a68c81a45d,700
reproducibility/outputs/traffic_simulation/r23_formal_instance_authority/20260911_v1/r21/routing_v18_n3_rank03/r21_input.json,.json,present at 64b9ee1e687273896570713f1e28ed10a788c39f; tracked,RETAINED_AS_HISTORICAL_EVIDENCE,superseded process or archived supporting evidence,immutable supporting scientific/audit evidence; current authority is R23_STATUS,"retain original bytes, manifests, raw outputs, negative fixtures, historical path metadata",ARCHIVE,0b3f8c2cd7f1c89b346f41dfdabd78a2979b9e12de93e1422b7fd3afa0023ed5,3687
reproducibility/outputs/traffic_simulation/r23_formal_instance_authority/20260911_v1/r21/routing_v18_n3_rank03/validation.json,.json,present at 64b9ee1e687273896570713f1e28ed10a788c39f; tracked,RETAINED_AS_HISTORICAL_EVIDENCE,superseded process or archived supporting evidence,immutable supporting scientific/audit evidence; current authority is R23_STATUS,"retain original bytes, manifests, raw outputs, negative fixtures, historical path metadata",ARCHIVE,3ddaa79171fc7bca23897de3fdce58eb8d5fd085f6258dd9233603d423260c91,2100
reproducibility/outputs/traffic_simulation/r23_formal_instance_authority/20260911_v1/r21/routing_v18_n3_rank04/manifest.json,.json,present at 64b9ee1e687273896570713f1e28ed10a788c39f; tracked,RETAINED_AS_HISTORICAL_EVIDENCE,superseded process or archived supporting evidence,immutable supporting scientific/audit evidence; current authority is R23_STATUS,"retain original bytes, manifests, raw outputs, negative fixtures, historical path metadata",ARCHIVE,b3131db67e42899591e000f013bb7b56f246dd9278a4b20e182b2bda659ef603,700
reproducibility/outputs/traffic_simulation/r23_formal_instance_authority/20260911_v1/r21/routing_v18_n3_rank04/r21_input.json,.json,present at 64b9ee1e687273896570713f1e28ed10a788c39f; tracked,RETAINED_AS_HISTORICAL_EVIDENCE,superseded process or archived supporting evidence,immutable supporting scientific/audit evidence; current authority is R23_STATUS,"retain original bytes, manifests, raw outputs, negative fixtures, historical path metadata",ARCHIVE,f7b25c4c7463864a0389cc77140dbc558af5ee0ce05061abae2abeaf981de206,3679
reproducibility/outputs/traffic_simulation/r23_formal_instance_authority/20260911_v1/r21/routing_v18_n3_rank04/validation.json,.json,present at 64b9ee1e687273896570713f1e28ed10a788c39f; tracked,RETAINED_AS_HISTORICAL_EVIDENCE,superseded process or archived supporting evidence,immutable supporting scientific/audit evidence; current authority is R23_STATUS,"retain original bytes, manifests, raw outputs, negative fixtures, historical path metadata",ARCHIVE,01968f5c38f6cecb8c2934b3756903a245b76fb7cc9abdac0906e3a00429aed0,2100
reproducibility/outputs/traffic_simulation/r23_formal_instance_authority/20260911_v1/r21/routing_v18_n3_rank05/manifest.json,.json,present at 64b9ee1e687273896570713f1e28ed10a788c39f; tracked,RETAINED_AS_HISTORICAL_EVIDENCE,superseded process or archived supporting evidence,immutable supporting scientific/audit evidence; current authority is R23_STATUS,"retain original bytes, manifests, raw outputs, negative fixtures, historical path metadata",ARCHIVE,f66118057220de944e6bbfdf5f57bc1b6a97793c2b8f706ee7f826d8c344a445,700
reproducibility/outputs/traffic_simulation/r23_formal_instance_authority/20260911_v1/r21/routing_v18_n3_rank05/r21_input.json,.json,present at 64b9ee1e687273896570713f1e28ed10a788c39f; tracked,RETAINED_AS_HISTORICAL_EVIDENCE,superseded process or archived supporting evidence,immutable supporting scientific/audit evidence; current authority is R23_STATUS,"retain original bytes, manifests, raw outputs, negative fixtures, historical path metadata",ARCHIVE,01e4bf0984eb622891c4c15fc59bbb625705289af1aef87b51007a4e32d33a66,3711
reproducibility/outputs/traffic_simulation/r23_formal_instance_authority/20260911_v1/r21/routing_v18_n3_rank05/validation.json,.json,present at 64b9ee1e687273896570713f1e28ed10a788c39f; tracked,RETAINED_AS_HISTORICAL_EVIDENCE,superseded process or archived supporting evidence,immutable supporting scientific/audit evidence; current authority is R23_STATUS,"retain original bytes, manifests, raw outputs, negative fixtures, historical path metadata",ARCHIVE,39b114756ffe9e6c5913c9433fcea8edca72cd5d973ce7e93374eb16b6d89723,2112
reproducibility/outputs/traffic_simulation/r23_formal_instance_authority/20260911_v1/r21/routing_v18_n4_rank01/manifest.json,.json,present at 64b9ee1e687273896570713f1e28ed10a788c39f; tracked,RETAINED_AS_HISTORICAL_EVIDENCE,superseded process or archived supporting evidence,immutable supporting scientific/audit evidence; current authority is R23_STATUS,"retain original bytes, manifests, raw outputs, negative fixtures, historical path metadata",ARCHIVE,811ab89301a588ca7b2bc93d757abf7980ccc75c6a53b7d1ce278b39965bfd37,700
reproducibility/outputs/traffic_simulation/r23_formal_instance_authority/20260911_v1/r21/routing_v18_n4_rank01/r21_input.json,.json,present at 64b9ee1e687273896570713f1e28ed10a788c39f; tracked,RETAINED_AS_HISTORICAL_EVIDENCE,superseded process or archived supporting evidence,immutable supporting scientific/audit evidence; current authority is R23_STATUS,"retain original bytes, manifests, raw outputs, negative fixtures, historical path metadata",ARCHIVE,6b8066e0c0d4f9945da3b0f4197bbe4ebe3338cf92d34c69f54ba0e151aad646,5704
reproducibility/outputs/traffic_simulation/r23_formal_instance_authority/20260911_v1/r21/routing_v18_n4_rank01/validation.json,.json,present at 64b9ee1e687273896570713f1e28ed10a788c39f; tracked,RETAINED_AS_HISTORICAL_EVIDENCE,superseded process or archived supporting evidence,immutable supporting scientific/audit evidence; current authority is R23_STATUS,"retain original bytes, manifests, raw outputs, negative fixtures, historical path metadata",ARCHIVE,a33472b7463bb415d35a45fc628d1f1675692ba61ebcb2e490cb86fd7d37b2f0,2255
reproducibility/outputs/traffic_simulation/r23_formal_instance_authority/20260911_v1/r21/routing_v18_n4_rank02/manifest.json,.json,present at 64b9ee1e687273896570713f1e28ed10a788c39f; tracked,RETAINED_AS_HISTORICAL_EVIDENCE,superseded process or archived supporting evidence,immutable supporting scientific/audit evidence; current authority is R23_STATUS,"retain original bytes, manifests, raw outputs, negative fixtures, historical path metadata",ARCHIVE,1a9f62619c922a41838050a92ff0d1e10091a6764fcea0ba0bbc5dd5b5dcc666,700
reproducibility/outputs/traffic_simulation/r23_formal_instance_authority/20260911_v1/r21/routing_v18_n4_rank02/r21_input.json,.json,present at 64b9ee1e687273896570713f1e28ed10a788c39f; tracked,RETAINED_AS_HISTORICAL_EVIDENCE,superseded process or archived supporting evidence,immutable supporting scientific/audit evidence; current authority is R23_STATUS,"retain original bytes, manifests, raw outputs, negative fixtures, historical path metadata",ARCHIVE,674727d92bfcd6d93690ea44947023cb8ca3870e136341c7f30e6dfc5f6f0c89,5645
reproducibility/outputs/traffic_simulation/r23_formal_instance_authority/20260911_v1/r21/routing_v18_n4_rank02/validation.json,.json,present at 64b9ee1e687273896570713f1e28ed10a788c39f; tracked,RETAINED_AS_HISTORICAL_EVIDENCE,superseded process or archived supporting evidence,immutable supporting scientific/audit evidence; current authority is R23_STATUS,"retain original bytes, manifests, raw outputs, negative fixtures, historical path metadata",ARCHIVE,d517ff07ba27fdbc7aa06a1885d5b793c3679ce7cc665775b1dfda6a9e3ecdf4,2246
reproducibility/outputs/traffic_simulation/r23_formal_instance_authority/20260911_v1/r21/routing_v18_n4_rank03/manifest.json,.json,present at 64b9ee1e687273896570713f1e28ed10a788c39f; tracked,RETAINED_AS_HISTORICAL_EVIDENCE,superseded process or archived supporting evidence,immutable supporting scientific/audit evidence; current authority is R23_STATUS,"retain original bytes, manifests, raw outputs, negative fixtures, historical path metadata",ARCHIVE,e7321bef68b3ecb55f76c92b17bd0ece9775ebb507f75bfbdc464301c8c39b71,700
reproducibility/outputs/traffic_simulation/r23_formal_instance_authority/20260911_v1/r21/routing_v18_n4_rank03/r21_input.json,.json,present at 64b9ee1e687273896570713f1e28ed10a788c39f; tracked,RETAINED_AS_HISTORICAL_EVIDENCE,superseded process or archived supporting evidence,immutable supporting scientific/audit evidence; current authority is R23_STATUS,"retain original bytes, manifests, raw outputs, negative fixtures, historical path metadata",ARCHIVE,94acf511a09666429c5bb9a6b5a324e69f970fe11b061e14a37a305b4717ed71,5639
reproducibility/outputs/traffic_simulation/r23_formal_instance_authority/20260911_v1/r21/routing_v18_n4_rank03/validation.json,.json,present at 64b9ee1e687273896570713f1e28ed10a788c39f; tracked,RETAINED_AS_HISTORICAL_EVIDENCE,superseded process or archived supporting evidence,immutable supporting scientific/audit evidence; current authority is R23_STATUS,"retain original bytes, manifests, raw outputs, negative fixtures, historical path metadata",ARCHIVE,75f20ea8d4791a07320cfe23614b74db308721356bca91c251284d036c62534a,2238
reproducibility/outputs/traffic_simulation/r23_formal_instance_authority/20260911_v1/r21/routing_v18_n4_rank04/manifest.json,.json,present at 64b9ee1e687273896570713f1e28ed10a788c39f; tracked,RETAINED_AS_HISTORICAL_EVIDENCE,superseded process or archived supporting evidence,immutable supporting scientific/audit evidence; current authority is R23_STATUS,"retain original bytes, manifests, raw outputs, negative fixtures, historical path metadata",ARCHIVE,7b1a6a5cc7fdd52b92a8fe93ea9bd1eae82b60f0211f44d9eead74990387cc2d,700
reproducibility/outputs/traffic_simulation/r23_formal_instance_authority/20260911_v1/r21/routing_v18_n4_rank04/r21_input.json,.json,present at 64b9ee1e687273896570713f1e28ed10a788c39f; tracked,RETAINED_AS_HISTORICAL_EVIDENCE,superseded process or archived supporting evidence,immutable supporting scientific/audit evidence; current authority is R23_STATUS,"retain original bytes, manifests, raw outputs, negative fixtures, historical path metadata",ARCHIVE,a52f69b902a5d68af80aa048f6807c5a40b64b0b44f1909954ad4c56cbc41b82,5672
reproducibility/outputs/traffic_simulation/r23_formal_instance_authority/20260911_v1/r21/routing_v18_n4_rank04/validation.json,.json,present at 64b9ee1e687273896570713f1e28ed10a788c39f; tracked,RETAINED_AS_HISTORICAL_EVIDENCE,superseded process or archived supporting evidence,immutable supporting scientific/audit evidence; current authority is R23_STATUS,"retain original bytes, manifests, raw outputs, negative fixtures, historical path metadata",ARCHIVE,1a487a5657e59d2639554b85f9f2b9be55f2dead9bdef1fd99346da6c76ea6a0,2244
reproducibility/outputs/traffic_simulation/r23_formal_instance_authority/20260911_v1/r21/routing_v18_n4_rank05/manifest.json,.json,present at 64b9ee1e687273896570713f1e28ed10a788c39f; tracked,RETAINED_AS_HISTORICAL_EVIDENCE,superseded process or archived supporting evidence,immutable supporting scientific/audit evidence; current authority is R23_STATUS,"retain original bytes, manifests, raw outputs, negative fixtures, historical path metadata",ARCHIVE,44c2e14b26f4ce763692967b8d7c7b746a2ab1449b938d28700f888abebe68fa,700
reproducibility/outputs/traffic_simulation/r23_formal_instance_authority/20260911_v1/r21/routing_v18_n4_rank05/r21_input.json,.json,present at 64b9ee1e687273896570713f1e28ed10a788c39f; tracked,RETAINED_AS_HISTORICAL_EVIDENCE,superseded process or archived supporting evidence,immutable supporting scientific/audit evidence; current authority is R23_STATUS,"retain original bytes, manifests, raw outputs, negative fixtures, historical path metadata",ARCHIVE,c418cc7d1b9f68b9d7bad34e3f676cb46dc3d7885554dc4c030d7043a2fb60d2,5612
reproducibility/outputs/traffic_simulation/r23_formal_instance_authority/20260911_v1/r21/routing_v18_n4_rank05/validation.json,.json,present at 64b9ee1e687273896570713f1e28ed10a788c39f; tracked,RETAINED_AS_HISTORICAL_EVIDENCE,superseded process or archived supporting evidence,immutable supporting scientific/audit evidence; current authority is R23_STATUS,"retain original bytes, manifests, raw outputs, negative fixtures, historical path metadata",ARCHIVE,bc8e8d74e35c41614ed8b8085276904209d578225459f8467dcba3c03e266df8,2240
reproducibility/outputs/traffic_simulation/r23_formal_instance_authority/20260911_v1/r21_authority_set.json,.json,present at 64b9ee1e687273896570713f1e28ed10a788c39f; tracked,RETAINED_AS_HISTORICAL_EVIDENCE,superseded process or archived supporting evidence,immutable supporting scientific/audit evidence; current authority is R23_STATUS,"retain original bytes, manifests, raw outputs, negative fixtures, historical path metadata",ARCHIVE,e5597c2c5e0b9c4c3a2e9353408dd4d230b9992fbf99c030c9076d7d11df14e2,8268
reproducibility/outputs/traffic_simulation/r23_formal_instance_authority/20260911_v1/r22/routing_v18_n2_rank01/manifest.json,.json,present at 64b9ee1e687273896570713f1e28ed10a788c39f; tracked,RETAINED_AS_HISTORICAL_EVIDENCE,superseded process or archived supporting evidence,immutable supporting scientific/audit evidence; current authority is R23_STATUS,"retain original bytes, manifests, raw outputs, negative fixtures, historical path metadata",ARCHIVE,05556cba46effd80dcca85bae4633aec6fd712a935896be624e1d49e0ee8bf7f,890
reproducibility/outputs/traffic_simulation/r23_formal_instance_authority/20260911_v1/r22/routing_v18_n2_rank01/r22_input.json,.json,present at 64b9ee1e687273896570713f1e28ed10a788c39f; tracked,RETAINED_AS_HISTORICAL_EVIDENCE,superseded process or archived supporting evidence,immutable supporting scientific/audit evidence; current authority is R23_STATUS,"retain original bytes, manifests, raw outputs, negative fixtures, historical path metadata",ARCHIVE,e1588f82e9ab2dab0d84617a889b9903d6bac360b041048eff4eb1eef32523a6,1600
reproducibility/outputs/traffic_simulation/r23_formal_instance_authority/20260911_v1/r22/routing_v18_n2_rank01/validation.json,.json,present at 64b9ee1e687273896570713f1e28ed10a788c39f; tracked,RETAINED_AS_HISTORICAL_EVIDENCE,superseded process or archived supporting evidence,immutable supporting scientific/audit evidence; current authority is R23_STATUS,"retain original bytes, manifests, raw outputs, negative fixtures, historical path metadata",ARCHIVE,438e20a5bdc86247d10c9286265d93b3dcfbd158910fc2805e32cea26b786eb4,1706
reproducibility/outputs/traffic_simulation/r23_formal_instance_authority/20260911_v1/r22/routing_v18_n2_rank02/manifest.json,.json,present at 64b9ee1e687273896570713f1e28ed10a788c39f; tracked,RETAINED_AS_HISTORICAL_EVIDENCE,superseded process or archived supporting evidence,immutable supporting scientific/audit evidence; current authority is R23_STATUS,"retain original bytes, manifests, raw outputs, negative fixtures, historical path metadata",ARCHIVE,30d2c0f86fee16d847f3388bbc5f9aa09c3b4d1b624744832e4c75fb6c2dad4f,890
reproducibility/outputs/traffic_simulation/r23_formal_instance_authority/20260911_v1/r22/routing_v18_n2_rank02/r22_input.json,.json,present at 64b9ee1e687273896570713f1e28ed10a788c39f; tracked,RETAINED_AS_HISTORICAL_EVIDENCE,superseded process or archived supporting evidence,immutable supporting scientific/audit evidence; current authority is R23_STATUS,"retain original bytes, manifests, raw outputs, negative fixtures, historical path metadata",ARCHIVE,ab301fc3db77e3e18d5f6193291ac60265b4991ffcc31218263d18fa03542f30,1604
reproducibility/outputs/traffic_simulation/r23_formal_instance_authority/20260911_v1/r22/routing_v18_n2_rank02/validation.json,.json,present at 64b9ee1e687273896570713f1e28ed10a788c39f; tracked,RETAINED_AS_HISTORICAL_EVIDENCE,superseded process or archived supporting evidence,immutable supporting scientific/audit evidence; current authority is R23_STATUS,"retain original bytes, manifests, raw outputs, negative fixtures, historical path metadata",ARCHIVE,ee8c2550f876dbd284ffc484bbf69539b065c41ba8f0b4605ffb15f5b0363def,1709
reproducibility/outputs/traffic_simulation/r23_formal_instance_authority/20260911_v1/r22/routing_v18_n2_rank03/manifest.json,.json,present at 64b9ee1e687273896570713f1e28ed10a788c39f; tracked,RETAINED_AS_HISTORICAL_EVIDENCE,superseded process or archived supporting evidence,immutable supporting scientific/audit evidence; current authority is R23_STATUS,"retain original bytes, manifests, raw outputs, negative fixtures, historical path metadata",ARCHIVE,9d790d5878264f8e5b06a1ceb47d7c056d90abe292cdf0b0a6370bebd198dc88,890
reproducibility/outputs/traffic_simulation/r23_formal_instance_authority/20260911_v1/r22/routing_v18_n2_rank03/r22_input.json,.json,present at 64b9ee1e687273896570713f1e28ed10a788c39f; tracked,RETAINED_AS_HISTORICAL_EVIDENCE,superseded process or archived supporting evidence,immutable supporting scientific/audit evidence; current authority is R23_STATUS,"retain original bytes, manifests, raw outputs, negative fixtures, historical path metadata",ARCHIVE,5d46ddb8650df421e9d9b7596723d387e25808c85b704a58b6d2bada02b242a2,1601
reproducibility/outputs/traffic_simulation/r23_formal_instance_authority/20260911_v1/r22/routing_v18_n2_rank03/validation.json,.json,present at 64b9ee1e687273896570713f1e28ed10a788c39f; tracked,RETAINED_AS_HISTORICAL_EVIDENCE,superseded process or archived supporting evidence,immutable supporting scientific/audit evidence; current authority is R23_STATUS,"retain original bytes, manifests, raw outputs, negative fixtures, historical path metadata",ARCHIVE,8aab29b5feb4c89c3836a4a3f39ad4640bfabc1fb44337e72b4f4a10bdec8513,1706
reproducibility/outputs/traffic_simulation/r23_formal_instance_authority/20260911_v1/r22/routing_v18_n2_rank04/manifest.json,.json,present at 64b9ee1e687273896570713f1e28ed10a788c39f; tracked,RETAINED_AS_HISTORICAL_EVIDENCE,superseded process or archived supporting evidence,immutable supporting scientific/audit evidence; current authority is R23_STATUS,"retain original bytes, manifests, raw outputs, negative fixtures, historical path metadata",ARCHIVE,ea1652d7b9b1f61f5d05af89566061bfa02913528d23c63bf28ee0bd1a09651a,890
reproducibility/outputs/traffic_simulation/r23_formal_instance_authority/20260911_v1/r22/routing_v18_n2_rank04/r22_input.json,.json,present at 64b9ee1e687273896570713f1e28ed10a788c39f; tracked,RETAINED_AS_HISTORICAL_EVIDENCE,superseded process or archived supporting evidence,immutable supporting scientific/audit evidence; current authority is R23_STATUS,"retain original bytes, manifests, raw outputs, negative fixtures, historical path metadata",ARCHIVE,f7dd3f4ec682d2f6c4a8d38b7b3c383ee997a63eca68b34e5951b8a02a298185,1597
reproducibility/outputs/traffic_simulation/r23_formal_instance_authority/20260911_v1/r22/routing_v18_n2_rank04/validation.json,.json,present at 64b9ee1e687273896570713f1e28ed10a788c39f; tracked,RETAINED_AS_HISTORICAL_EVIDENCE,superseded process or archived supporting evidence,immutable supporting scientific/audit evidence; current authority is R23_STATUS,"retain original bytes, manifests, raw outputs, negative fixtures, historical path metadata",ARCHIVE,2eaa751125d3ef651fa25fd4e00466c6243be03d486a95af7c02992acc131f53,1702
reproducibility/outputs/traffic_simulation/r23_formal_instance_authority/20260911_v1/r22/routing_v18_n2_rank05/manifest.json,.json,present at 64b9ee1e687273896570713f1e28ed10a788c39f; tracked,RETAINED_AS_HISTORICAL_EVIDENCE,superseded process or archived supporting evidence,immutable supporting scientific/audit evidence; current authority is R23_STATUS,"retain original bytes, manifests, raw outputs, negative fixtures, historical path metadata",ARCHIVE,6e3cb57369fdcb0268b19194e6eeac508dc4e580945b042271774f982da271f3,890
reproducibility/outputs/traffic_simulation/r23_formal_instance_authority/20260911_v1/r22/routing_v18_n2_rank05/r22_input.json,.json,present at 64b9ee1e687273896570713f1e28ed10a788c39f; tracked,RETAINED_AS_HISTORICAL_EVIDENCE,superseded process or archived supporting evidence,immutable supporting scientific/audit evidence; current authority is R23_STATUS,"retain original bytes, manifests, raw outputs, negative fixtures, historical path metadata",ARCHIVE,afe2c7aff445e14eefaf2066aceddf19b3f95fe17f3d65493ebc07afaf6ee8d9,1606
reproducibility/outputs/traffic_simulation/r23_formal_instance_authority/20260911_v1/r22/routing_v18_n2_rank05/validation.json,.json,present at 64b9ee1e687273896570713f1e28ed10a788c39f; tracked,RETAINED_AS_HISTORICAL_EVIDENCE,superseded process or archived supporting evidence,immutable supporting scientific/audit evidence; current authority is R23_STATUS,"retain original bytes, manifests, raw outputs, negative fixtures, historical path metadata",ARCHIVE,b438c1b99e94bad26f78ffab4aa9e3832bc181c2e88d40a02acca0a6b31d3d20,1710
reproducibility/outputs/traffic_simulation/r23_formal_instance_authority/20260911_v1/r22/routing_v18_n3_rank01/manifest.json,.json,present at 64b9ee1e687273896570713f1e28ed10a788c39f; tracked,RETAINED_AS_HISTORICAL_EVIDENCE,superseded process or archived supporting evidence,immutable supporting scientific/audit evidence; current authority is R23_STATUS,"retain original bytes, manifests, raw outputs, negative fixtures, historical path metadata",ARCHIVE,e455c4b261c5ec6bf8f6e1091ddd349f6048eb45f0feecf071db568d28f3cc8e,890
reproducibility/outputs/traffic_simulation/r23_formal_instance_authority/20260911_v1/r22/routing_v18_n3_rank01/r22_input.json,.json,present at 64b9ee1e687273896570713f1e28ed10a788c39f; tracked,RETAINED_AS_HISTORICAL_EVIDENCE,superseded process or archived supporting evidence,immutable supporting scientific/audit evidence; current authority is R23_STATUS,"retain original bytes, manifests, raw outputs, negative fixtures, historical path metadata",ARCHIVE,e54a6ca3e582075059c86a21e4b69da3f768f71b8a7230ca89d27e30a9145135,2640
reproducibility/outputs/traffic_simulation/r23_formal_instance_authority/20260911_v1/r22/routing_v18_n3_rank01/validation.json,.json,present at 64b9ee1e687273896570713f1e28ed10a788c39f; tracked,RETAINED_AS_HISTORICAL_EVIDENCE,superseded process or archived supporting evidence,immutable supporting scientific/audit evidence; current authority is R23_STATUS,"retain original bytes, manifests, raw outputs, negative fixtures, historical path metadata",ARCHIVE,3bb42bc246e4e11194d2e63afda002ba9145f26e888cfaaae64a82b7770fe96f,2255
reproducibility/outputs/traffic_simulation/r23_formal_instance_authority/20260911_v1/r22/routing_v18_n3_rank02/manifest.json,.json,present at 64b9ee1e687273896570713f1e28ed10a788c39f; tracked,RETAINED_AS_HISTORICAL_EVIDENCE,superseded process or archived supporting evidence,immutable supporting scientific/audit evidence; current authority is R23_STATUS,"retain original bytes, manifests, raw outputs, negative fixtures, historical path metadata",ARCHIVE,208eb0d59256f738d13fd9456a87b7184dbcef83be938c262bf8d3e6a239604f,890
reproducibility/outputs/traffic_simulation/r23_formal_instance_authority/20260911_v1/r22/routing_v18_n3_rank02/r22_input.json,.json,present at 64b9ee1e687273896570713f1e28ed10a788c39f; tracked,RETAINED_AS_HISTORICAL_EVIDENCE,superseded process or archived supporting evidence,immutable supporting scientific/audit evidence; current authority is R23_STATUS,"retain original bytes, manifests, raw outputs, negative fixtures, historical path metadata",ARCHIVE,43ed9602d5bbffaaa0e47da730fa21f9d21b9d42b557bfbec6a2ab0f1b1518f5,2643
reproducibility/outputs/traffic_simulation/r23_formal_instance_authority/20260911_v1/r22/routing_v18_n3_rank02/validation.json,.json,present at 64b9ee1e687273896570713f1e28ed10a788c39f; tracked,RETAINED_AS_HISTORICAL_EVIDENCE,superseded process or archived supporting evidence,immutable supporting scientific/audit evidence; current authority is R23_STATUS,"retain original bytes, manifests, raw outputs, negative fixtures, historical path metadata",ARCHIVE,b8b66e168d8c0bb39c8eaf2ec4d3f8512e6d8e5e177fec84746ab5533031e08e,2255
reproducibility/outputs/traffic_simulation/r23_formal_instance_authority/20260911_v1/r22/routing_v18_n3_rank03/manifest.json,.json,present at 64b9ee1e687273896570713f1e28ed10a788c39f; tracked,RETAINED_AS_HISTORICAL_EVIDENCE,superseded process or archived supporting evidence,immutable supporting scientific/audit evidence; current authority is R23_STATUS,"retain original bytes, manifests, raw outputs, negative fixtures, historical path metadata",ARCHIVE,ab94439eafdf27ac3c27521c709de16151f351cb2b5e54550a4cb70c0e45a81f,890
reproducibility/outputs/traffic_simulation/r23_formal_instance_authority/20260911_v1/r22/routing_v18_n3_rank03/r22_input.json,.json,present at 64b9ee1e687273896570713f1e28ed10a788c39f; tracked,RETAINED_AS_HISTORICAL_EVIDENCE,superseded process or archived supporting evidence,immutable supporting scientific/audit evidence; current authority is R23_STATUS,"retain original bytes, manifests, raw outputs, negative fixtures, historical path metadata",ARCHIVE,43e11bc22af49dbbe0b47a7822faa3eb5036e43ffc0deec33ac6311600b8e8ef,2636
reproducibility/outputs/traffic_simulation/r23_formal_instance_authority/20260911_v1/r22/routing_v18_n3_rank03/validation.json,.json,present at 64b9ee1e687273896570713f1e28ed10a788c39f; tracked,RETAINED_AS_HISTORICAL_EVIDENCE,superseded process or archived supporting evidence,immutable supporting scientific/audit evidence; current authority is R23_STATUS,"retain original bytes, manifests, raw outputs, negative fixtures, historical path metadata",ARCHIVE,540232e9f73a724b792667f6e7d76364d0389844e10446b439b4f7ece5bff3f9,2249
reproducibility/outputs/traffic_simulation/r23_formal_instance_authority/20260911_v1/r22/routing_v18_n3_rank04/manifest.json,.json,present at 64b9ee1e687273896570713f1e28ed10a788c39f; tracked,RETAINED_AS_HISTORICAL_EVIDENCE,superseded process or archived supporting evidence,immutable supporting scientific/audit evidence; current authority is R23_STATUS,"retain original bytes, manifests, raw outputs, negative fixtures, historical path metadata",ARCHIVE,9a21b9b39a376d751e7f91854ab7bb9bee1a0b015650a211d9d6bbcafc128c86,890
reproducibility/outputs/traffic_simulation/r23_formal_instance_authority/20260911_v1/r22/routing_v18_n3_rank04/r22_input.json,.json,present at 64b9ee1e687273896570713f1e28ed10a788c39f; tracked,RETAINED_AS_HISTORICAL_EVIDENCE,superseded process or archived supporting evidence,immutable supporting scientific/audit evidence; current authority is R23_STATUS,"retain original bytes, manifests, raw outputs, negative fixtures, historical path metadata",ARCHIVE,8d9209e14ebe5ac8ed3f39fbea9c9dfa99dedf05765f081121895d8792d72e97,2634
reproducibility/outputs/traffic_simulation/r23_formal_instance_authority/20260911_v1/r22/routing_v18_n3_rank04/validation.json,.json,present at 64b9ee1e687273896570713f1e28ed10a788c39f; tracked,RETAINED_AS_HISTORICAL_EVIDENCE,superseded process or archived supporting evidence,immutable supporting scientific/audit evidence; current authority is R23_STATUS,"retain original bytes, manifests, raw outputs, negative fixtures, historical path metadata",ARCHIVE,3d782161c93aa25b7361714930e5e979f2403a8639610bf5dae51ae2bd851e16,2251
reproducibility/outputs/traffic_simulation/r23_formal_instance_authority/20260911_v1/r22/routing_v18_n3_rank05/manifest.json,.json,present at 64b9ee1e687273896570713f1e28ed10a788c39f; tracked,RETAINED_AS_HISTORICAL_EVIDENCE,superseded process or archived supporting evidence,immutable supporting scientific/audit evidence; current authority is R23_STATUS,"retain original bytes, manifests, raw outputs, negative fixtures, historical path metadata",ARCHIVE,1df3143fd70f9a7ef0911cf1f087cdd2510693c371204f53c5243d24185efb26,890
reproducibility/outputs/traffic_simulation/r23_formal_instance_authority/20260911_v1/r22/routing_v18_n3_rank05/r22_input.json,.json,present at 64b9ee1e687273896570713f1e28ed10a788c39f; tracked,RETAINED_AS_HISTORICAL_EVIDENCE,superseded process or archived supporting evidence,immutable supporting scientific/audit evidence; current authority is R23_STATUS,"retain original bytes, manifests, raw outputs, negative fixtures, historical path metadata",ARCHIVE,19f97616189a2fcc1a084eb27be134a3da37ce9394ba0c2d229f568881a190c2,2643
reproducibility/outputs/traffic_simulation/r23_formal_instance_authority/20260911_v1/r22/routing_v18_n3_rank05/validation.json,.json,present at 64b9ee1e687273896570713f1e28ed10a788c39f; tracked,RETAINED_AS_HISTORICAL_EVIDENCE,superseded process or archived supporting evidence,immutable supporting scientific/audit evidence; current authority is R23_STATUS,"retain original bytes, manifests, raw outputs, negative fixtures, historical path metadata",ARCHIVE,3c5fd9a8455eaf843b07ede120a68f1ea47ea83880a80ee9aadeaef2457ab7f1,2254
reproducibility/outputs/traffic_simulation/r23_formal_instance_authority/20260911_v1/r22/routing_v18_n4_rank01/manifest.json,.json,present at 64b9ee1e687273896570713f1e28ed10a788c39f; tracked,RETAINED_AS_HISTORICAL_EVIDENCE,superseded process or archived supporting evidence,immutable supporting scientific/audit evidence; current authority is R23_STATUS,"retain original bytes, manifests, raw outputs, negative fixtures, historical path metadata",ARCHIVE,aebfe5ff0c2d36992675bb71c4c6355e815697fdda168ab7551cba57ae49699f,890
reproducibility/outputs/traffic_simulation/r23_formal_instance_authority/20260911_v1/r22/routing_v18_n4_rank01/r22_input.json,.json,present at 64b9ee1e687273896570713f1e28ed10a788c39f; tracked,RETAINED_AS_HISTORICAL_EVIDENCE,superseded process or archived supporting evidence,immutable supporting scientific/audit evidence; current authority is R23_STATUS,"retain original bytes, manifests, raw outputs, negative fixtures, historical path metadata",ARCHIVE,ad8ac5744d11a99113e0b7d6ce1c24ff6d9666bc1ada84f50a400ccc6753d530,4913
reproducibility/outputs/traffic_simulation/r23_formal_instance_authority/20260911_v1/r22/routing_v18_n4_rank01/validation.json,.json,present at 64b9ee1e687273896570713f1e28ed10a788c39f; tracked,RETAINED_AS_HISTORICAL_EVIDENCE,superseded process or archived supporting evidence,immutable supporting scientific/audit evidence; current authority is R23_STATUS,"retain original bytes, manifests, raw outputs, negative fixtures, historical path metadata",ARCHIVE,b4e039fd0d32dc5e255b97153073a799aeb4db7e0e5a224eef3b63c972cb98b4,3432
reproducibility/outputs/traffic_simulation/r23_formal_instance_authority/20260911_v1/r22/routing_v18_n4_rank02/manifest.json,.json,present at 64b9ee1e687273896570713f1e28ed10a788c39f; tracked,RETAINED_AS_HISTORICAL_EVIDENCE,superseded process or archived supporting evidence,immutable supporting scientific/audit evidence; current authority is R23_STATUS,"retain original bytes, manifests, raw outputs, negative fixtures, historical path metadata",ARCHIVE,52516df54d843f78d2d7b736ce3d3f40ba0852bf1df09cb282ab0e5262d7b3a1,890
reproducibility/outputs/traffic_simulation/r23_formal_instance_authority/20260911_v1/r22/routing_v18_n4_rank02/r22_input.json,.json,present at 64b9ee1e687273896570713f1e28ed10a788c39f; tracked,RETAINED_AS_HISTORICAL_EVIDENCE,superseded process or archived supporting evidence,immutable supporting scientific/audit evidence; current authority is R23_STATUS,"retain original bytes, manifests, raw outputs, negative fixtures, historical path metadata",ARCHIVE,8fb05087a532840387a05a5102e4b7e79bad311bbf87cc907350c2bcdbf0c646,4835
reproducibility/outputs/traffic_simulation/r23_formal_instance_authority/20260911_v1/r22/routing_v18_n4_rank02/validation.json,.json,present at 64b9ee1e687273896570713f1e28ed10a788c39f; tracked,RETAINED_AS_HISTORICAL_EVIDENCE,superseded process or archived supporting evidence,immutable supporting scientific/audit evidence; current authority is R23_STATUS,"retain original bytes, manifests, raw outputs, negative fixtures, historical path metadata",ARCHIVE,00e26748c3c83ec7885feaa3757473a664c55f7992f10430eec327c79928f28e,3389
reproducibility/outputs/traffic_simulation/r23_formal_instance_authority/20260911_v1/r22/routing_v18_n4_rank03/manifest.json,.json,present at 64b9ee1e687273896570713f1e28ed10a788c39f; tracked,RETAINED_AS_HISTORICAL_EVIDENCE,superseded process or archived supporting evidence,immutable supporting scientific/audit evidence; current authority is R23_STATUS,"retain original bytes, manifests, raw outputs, negative fixtures, historical path metadata",ARCHIVE,823f9129936b993a1e3b426dbbb7e1a0eea6dee5127d203c8df7a6632092f50e,890
reproducibility/outputs/traffic_simulation/r23_formal_instance_authority/20260911_v1/r22/routing_v18_n4_rank03/r22_input.json,.json,present at 64b9ee1e687273896570713f1e28ed10a788c39f; tracked,RETAINED_AS_HISTORICAL_EVIDENCE,superseded process or archived supporting evidence,immutable supporting scientific/audit evidence; current authority is R23_STATUS,"retain original bytes, manifests, raw outputs, negative fixtures, historical path metadata",ARCHIVE,7501e7c2dc93b72623cb8539b757d1e32db1cec601d6763ed440e8a4bfe05aad,4915
reproducibility/outputs/traffic_simulation/r23_formal_instance_authority/20260911_v1/r22/routing_v18_n4_rank03/validation.json,.json,present at 64b9ee1e687273896570713f1e28ed10a788c39f; tracked,RETAINED_AS_HISTORICAL_EVIDENCE,superseded process or archived supporting evidence,immutable supporting scientific/audit evidence; current authority is R23_STATUS,"retain original bytes, manifests, raw outputs, negative fixtures, historical path metadata",ARCHIVE,457d12dc1c7e5fd3b916a21b3fdca7b8d1a0769852e88e5f682257fb2a56c731,3439
reproducibility/outputs/traffic_simulation/r23_formal_instance_authority/20260911_v1/r22/routing_v18_n4_rank04/manifest.json,.json,present at 64b9ee1e687273896570713f1e28ed10a788c39f; tracked,RETAINED_AS_HISTORICAL_EVIDENCE,superseded process or archived supporting evidence,immutable supporting scientific/audit evidence; current authority is R23_STATUS,"retain original bytes, manifests, raw outputs, negative fixtures, historical path metadata",ARCHIVE,f44924f7346631d08bc89ee3c6ebc14fd4332fc686871557551e4d4dfdf8f2db,890
reproducibility/outputs/traffic_simulation/r23_formal_instance_authority/20260911_v1/r22/routing_v18_n4_rank04/r22_input.json,.json,present at 64b9ee1e687273896570713f1e28ed10a788c39f; tracked,RETAINED_AS_HISTORICAL_EVIDENCE,superseded process or archived supporting evidence,immutable supporting scientific/audit evidence; current authority is R23_STATUS,"retain original bytes, manifests, raw outputs, negative fixtures, historical path metadata",ARCHIVE,fdde4f1aad13a8d7601c83b972da9d4fab9ad1d17822d5ac609d6798a73c97fc,4914
reproducibility/outputs/traffic_simulation/r23_formal_instance_authority/20260911_v1/r22/routing_v18_n4_rank04/validation.json,.json,present at 64b9ee1e687273896570713f1e28ed10a788c39f; tracked,RETAINED_AS_HISTORICAL_EVIDENCE,superseded process or archived supporting evidence,immutable supporting scientific/audit evidence; current authority is R23_STATUS,"retain original bytes, manifests, raw outputs, negative fixtures, historical path metadata",ARCHIVE,1a41f5c3a26a72066f73421ba7fe4d231fc73a5fa33eec2cd7d8d28f82ce8ba7,3434
reproducibility/outputs/traffic_simulation/r23_formal_instance_authority/20260911_v1/r22/routing_v18_n4_rank05/manifest.json,.json,present at 64b9ee1e687273896570713f1e28ed10a788c39f; tracked,RETAINED_AS_HISTORICAL_EVIDENCE,superseded process or archived supporting evidence,immutable supporting scientific/audit evidence; current authority is R23_STATUS,"retain original bytes, manifests, raw outputs, negative fixtures, historical path metadata",ARCHIVE,022701b4c073b3708a33eabd90155a08495ec9d3f0750ccf4be77f289a68683e,890
reproducibility/outputs/traffic_simulation/r23_formal_instance_authority/20260911_v1/r22/routing_v18_n4_rank05/r22_input.json,.json,present at 64b9ee1e687273896570713f1e28ed10a788c39f; tracked,RETAINED_AS_HISTORICAL_EVIDENCE,superseded process or archived supporting evidence,immutable supporting scientific/audit evidence; current authority is R23_STATUS,"retain original bytes, manifests, raw outputs, negative fixtures, historical path metadata",ARCHIVE,61c0ff8c834d55627ffd72d476f789f613fa84119d5eb4ca463ed89ddb73134c,4832
reproducibility/outputs/traffic_simulation/r23_formal_instance_authority/20260911_v1/r22/routing_v18_n4_rank05/validation.json,.json,present at 64b9ee1e687273896570713f1e28ed10a788c39f; tracked,RETAINED_AS_HISTORICAL_EVIDENCE,superseded process or archived supporting evidence,immutable supporting scientific/audit evidence; current authority is R23_STATUS,"retain original bytes, manifests, raw outputs, negative fixtures, historical path metadata",ARCHIVE,2eb5ce910e0c8b60aa026629fd5782104ac646a46d9f12b12f67bc7a2441efce,3388
reproducibility/outputs/traffic_simulation/r23_formal_instance_authority/20260911_v1/r22_authority_set.json,.json,present at 64b9ee1e687273896570713f1e28ed10a788c39f; tracked,RETAINED_AS_HISTORICAL_EVIDENCE,superseded process or archived supporting evidence,immutable supporting scientific/audit evidence; current authority is R23_STATUS,"retain original bytes, manifests, raw outputs, negative fixtures, historical path metadata",ARCHIVE,34cd3be77ceee576a13cd02641a66fa6b1c68fd9a9df9e5eb22c692d78e88f4a,10375
reproducibility/outputs/traffic_simulation/r23_formal_instance_authority/20260911_v1/selected_instances.json,.json,present at 64b9ee1e687273896570713f1e28ed10a788c39f; tracked,RETAINED_AS_HISTORICAL_EVIDENCE,superseded process or archived supporting evidence,immutable supporting scientific/audit evidence; current authority is R23_STATUS,"retain original bytes, manifests, raw outputs, negative fixtures, historical path metadata",ARCHIVE,18dde59308b796e00dade87152ae52421a30ae7b18a11dd6be45ef1840c65381,37893
reproducibility/outputs/traffic_simulation/r23_formal_instance_validation/20260911_penalty_authority_failure/manifest.json,.json,local retained artifact at starting HEAD; original manifests supply creation lineage,RETAINED_AS_HISTORICAL_EVIDENCE,superseded process or archived supporting evidence,immutable supporting scientific/audit evidence; current authority is R23_STATUS,"retain original bytes, manifests, raw outputs, negative fixtures, historical path metadata",ARCHIVE,a74d99691f82382c830a60ce443486f17101f77590464476ca5fc7babe48c5a1,4496
reproducibility/outputs/traffic_simulation/r23_frozen_environment_authority_remediation/20260913_v1/README.md,.md,present at 64b9ee1e687273896570713f1e28ed10a788c39f; tracked,RETAINED_AS_HISTORICAL_EVIDENCE,superseded process or archived supporting evidence,immutable supporting scientific/audit evidence; current authority is R23_STATUS,"retain original bytes, manifests, raw outputs, negative fixtures, historical path metadata",ARCHIVE,bca57e7bd47ebe2f16314130b29037464c1369bccc4b287e89d7528f6daa3dff,1074
reproducibility/outputs/traffic_simulation/r23_frozen_environment_authority_remediation/20260913_v1/SHA256SUMS,no-extension,present at 64b9ee1e687273896570713f1e28ed10a788c39f; tracked,RETAINED_AS_HISTORICAL_EVIDENCE,superseded process or archived supporting evidence,immutable supporting scientific/audit evidence; current authority is R23_STATUS,"retain original bytes, manifests, raw outputs, negative fixtures, historical path metadata",ARCHIVE,83635d3eb13947f678de331735326ce6f44c0a0989bb9da03c39d72aa6c3fb39,1302
reproducibility/outputs/traffic_simulation/r23_frozen_environment_authority_remediation/20260913_v1/audit_finding_status.json,.json,present at 64b9ee1e687273896570713f1e28ed10a788c39f; tracked,RETAINED_AS_HISTORICAL_EVIDENCE,superseded process or archived supporting evidence,immutable supporting scientific/audit evidence; current authority is R23_STATUS,"retain original bytes, manifests, raw outputs, negative fixtures, historical path metadata",ARCHIVE,5a30b02240916ff955ec6532c591f74ea2e749010231c67b2e594b04b6dc295e,690
reproducibility/outputs/traffic_simulation/r23_frozen_environment_authority_remediation/20260913_v1/authority_environment.json,.json,present at 64b9ee1e687273896570713f1e28ed10a788c39f; tracked,RETAINED_AS_HISTORICAL_EVIDENCE,superseded process or archived supporting evidence,immutable supporting scientific/audit evidence; current authority is R23_STATUS,"retain original bytes, manifests, raw outputs, negative fixtures, historical path metadata",ARCHIVE,3d19f38f697a5d062cdbd032311443c30e9172cf1b970f9ff0611cbe9c575447,449
reproducibility/outputs/traffic_simulation/r23_frozen_environment_authority_remediation/20260913_v1/current_environment.json,.json,present at 64b9ee1e687273896570713f1e28ed10a788c39f; tracked,RETAINED_AS_HISTORICAL_EVIDENCE,superseded process or archived supporting evidence,immutable supporting scientific/audit evidence; current authority is R23_STATUS,"retain original bytes, manifests, raw outputs, negative fixtures, historical path metadata",ARCHIVE,75b2b59d17d14b8689dc684fc3cd337251bcfa07fe4895a16e7a6f232d0d8f6d,278
reproducibility/outputs/traffic_simulation/r23_frozen_environment_authority_remediation/20260913_v1/environment_path_review.json,.json,present at 64b9ee1e687273896570713f1e28ed10a788c39f; tracked,RETAINED_AS_HISTORICAL_EVIDENCE,superseded process or archived supporting evidence,immutable supporting scientific/audit evidence; current authority is R23_STATUS,"retain original bytes, manifests, raw outputs, negative fixtures, historical path metadata",ARCHIVE,0f11f630d3417482b3312179dc2a2573ec0cf0084007b9902e1c680cc5cafe10,413
reproducibility/outputs/traffic_simulation/r23_frozen_environment_authority_remediation/20260913_v1/final_classification.json,.json,present at 64b9ee1e687273896570713f1e28ed10a788c39f; tracked,RETAINED_AS_HISTORICAL_EVIDENCE,superseded process or archived supporting evidence,immutable supporting scientific/audit evidence; current authority is R23_STATUS,"retain original bytes, manifests, raw outputs, negative fixtures, historical path metadata",ARCHIVE,ff62a75863b21b6fa5223504bc51c5a521487ded669cc9aeef55da7bd599cf57,338
reproducibility/outputs/traffic_simulation/r23_frozen_environment_authority_remediation/20260913_v1/host_context_review.json,.json,present at 64b9ee1e687273896570713f1e28ed10a788c39f; tracked,RETAINED_AS_HISTORICAL_EVIDENCE,superseded process or archived supporting evidence,immutable supporting scientific/audit evidence; current authority is R23_STATUS,"retain original bytes, manifests, raw outputs, negative fixtures, historical path metadata",ARCHIVE,f66663e8ace855b993e33764d3d0601144ff91bf0e6d4e9247767da0d166c28e,419
reproducibility/outputs/traffic_simulation/r23_frozen_environment_authority_remediation/20260913_v1/invalid_input_regression.json,.json,present at 64b9ee1e687273896570713f1e28ed10a788c39f; tracked,RETAINED_AS_HISTORICAL_EVIDENCE,superseded process or archived supporting evidence,immutable supporting scientific/audit evidence; current authority is R23_STATUS,"retain original bytes, manifests, raw outputs, negative fixtures, historical path metadata",ARCHIVE,7f74bebd8cba14295d15b1d0f07c48394b5c1f77e01d0fcbd5f89a0d842f9cee,431
reproducibility/outputs/traffic_simulation/r23_frozen_environment_authority_remediation/20260913_v1/qiskit_bit_ordering_regression.json,.json,present at 64b9ee1e687273896570713f1e28ed10a788c39f; tracked,RETAINED_AS_HISTORICAL_EVIDENCE,superseded process or archived supporting evidence,immutable supporting scientific/audit evidence; current authority is R23_STATUS,"retain original bytes, manifests, raw outputs, negative fixtures, historical path metadata",ARCHIVE,10d288120f185c87b76674246d4ba3ffd3b4e15ea41131aa9f565c40ae381078,331
reproducibility/outputs/traffic_simulation/r23_frozen_environment_authority_remediation/20260913_v1/r24_premature_decision_review.json,.json,present at 64b9ee1e687273896570713f1e28ed10a788c39f; tracked,RETAINED_AS_HISTORICAL_EVIDENCE,superseded process or archived supporting evidence,immutable supporting scientific/audit evidence; current authority is R23_STATUS,"retain original bytes, manifests, raw outputs, negative fixtures, historical path metadata",ARCHIVE,dca0db275da359d73b7a0cd59f9b31495782d9d76cdafc81f1e21cd0fc9bad15,346
reproducibility/outputs/traffic_simulation/r23_frozen_environment_authority_remediation/20260913_v1/scientific_equivalence_review.json,.json,present at 64b9ee1e687273896570713f1e28ed10a788c39f; tracked,RETAINED_AS_HISTORICAL_EVIDENCE,superseded process or archived supporting evidence,immutable supporting scientific/audit evidence; current authority is R23_STATUS,"retain original bytes, manifests, raw outputs, negative fixtures, historical path metadata",ARCHIVE,30a29cb92f16e300b0dc07a5614967302b22b7333bce169fd706634da0b3f6e7,450
reproducibility/outputs/traffic_simulation/r23_frozen_environment_authority_remediation/20260913_v1/v4_source_review.json,.json,present at 64b9ee1e687273896570713f1e28ed10a788c39f; tracked,RETAINED_AS_HISTORICAL_EVIDENCE,superseded process or archived supporting evidence,immutable supporting scientific/audit evidence; current authority is R23_STATUS,"retain original bytes, manifests, raw outputs, negative fixtures, historical path metadata",ARCHIVE,ad14119cf04659cf15e6cda5ea5f9fc87c08b5e43067752f066788f7567155bc,627
reproducibility/outputs/traffic_simulation/r23_frozen_environment_authority_remediation/20260913_v1/valid_input_regression.json,.json,present at 64b9ee1e687273896570713f1e28ed10a788c39f; tracked,RETAINED_AS_HISTORICAL_EVIDENCE,superseded process or archived supporting evidence,immutable supporting scientific/audit evidence; current authority is R23_STATUS,"retain original bytes, manifests, raw outputs, negative fixtures, historical path metadata",ARCHIVE,f9520ccbd19182cc2aed0058d56f0885030a29af4f2263e851d07118c03f38df,358
reproducibility/outputs/traffic_simulation/r23_frozen_environment_authority_remediation/20260913_v1/version_comparison.json,.json,present at 64b9ee1e687273896570713f1e28ed10a788c39f; tracked,RETAINED_AS_HISTORICAL_EVIDENCE,superseded process or archived supporting evidence,immutable supporting scientific/audit evidence; current authority is R23_STATUS,"retain original bytes, manifests, raw outputs, negative fixtures, historical path metadata",ARCHIVE,0372f04d63a30bcbb34b2c9fc8a939db3b389c00f59ae1b7bd2ac567323fae4a,498
reproducibility/outputs/traffic_simulation/r23_instrumentation_smoke/20260911_v1/manifest.json,.json,local retained artifact at starting HEAD; original manifests supply creation lineage,RETAINED_AS_HISTORICAL_EVIDENCE,superseded process or archived supporting evidence,immutable supporting scientific/audit evidence; current authority is R23_STATUS,"retain original bytes, manifests, raw outputs, negative fixtures, historical path metadata",ARCHIVE,d508b2e5b9c00d4f4ad59ec173023a71a83087e6eaaf6012bdde767f343f7a04,4774
reproducibility/outputs/traffic_simulation/r23_instrumentation_smoke/20260911_v1/smoke_config.json,.json,local retained artifact at starting HEAD; original manifests supply creation lineage,RETAINED_AS_HISTORICAL_EVIDENCE,superseded process or archived supporting evidence,immutable supporting scientific/audit evidence; current authority is R23_STATUS,"retain original bytes, manifests, raw outputs, negative fixtures, historical path metadata",ARCHIVE,32c3b51ce4f35d400fb417de251b8f31b988f26376210e0a14badf89ad6e3fb3,211
reproducibility/outputs/traffic_simulation/r23_instrumentation_smoke/20260911_v1/smoke_result.json,.json,local retained artifact at starting HEAD; original manifests supply creation lineage,RETAINED_AS_HISTORICAL_EVIDENCE,superseded process or archived supporting evidence,immutable supporting scientific/audit evidence; current authority is R23_STATUS,"retain original bytes, manifests, raw outputs, negative fixtures, historical path metadata",ARCHIVE,1011ef14079c99672d0609db088fa13f19d193b03e32af678c71023e46b14ccb,5330
reproducibility/outputs/traffic_simulation/r23_limited_scaling_methodology_review/20260911_v1/README.md,.md,present at 64b9ee1e687273896570713f1e28ed10a788c39f; tracked,RETAINED_AS_HISTORICAL_EVIDENCE,superseded process or archived supporting evidence,immutable supporting scientific/audit evidence; current authority is R23_STATUS,"retain original bytes, manifests, raw outputs, negative fixtures, historical path metadata",ARCHIVE,e4d059f40e0267deef57cbde9625dd5c70be89c5c5135321c4d11abe965aab04,1448
reproducibility/outputs/traffic_simulation/r23_limited_scaling_methodology_review/20260911_v1/SHA256SUMS,no-extension,present at 64b9ee1e687273896570713f1e28ed10a788c39f; tracked,RETAINED_AS_HISTORICAL_EVIDENCE,superseded process or archived supporting evidence,immutable supporting scientific/audit evidence; current authority is R23_STATUS,"retain original bytes, manifests, raw outputs, negative fixtures, historical path metadata",ARCHIVE,b59392059ba0627dea6873b001532974742f0b58c3bd5f411e8a02e1b1c45eb9,710
reproducibility/outputs/traffic_simulation/r23_limited_scaling_methodology_review/20260911_v1/exact_reference_scaling.json,.json,present at 64b9ee1e687273896570713f1e28ed10a788c39f; tracked,RETAINED_AS_HISTORICAL_EVIDENCE,superseded process or archived supporting evidence,immutable supporting scientific/audit evidence; current authority is R23_STATUS,"retain original bytes, manifests, raw outputs, negative fixtures, historical path metadata",ARCHIVE,bf5a5db1d85a41a6829a5d7d4a502f15b7887e4236ff60f79eeb6884ab646d67,554
reproducibility/outputs/traffic_simulation/r23_limited_scaling_methodology_review/20260911_v1/n5_readiness.json,.json,present at 64b9ee1e687273896570713f1e28ed10a788c39f; tracked,RETAINED_AS_HISTORICAL_EVIDENCE,superseded process or archived supporting evidence,immutable supporting scientific/audit evidence; current authority is R23_STATUS,"retain original bytes, manifests, raw outputs, negative fixtures, historical path metadata",ARCHIVE,53c0fe07231c09ae1d38df66180e513397479359827e41048e4e34d97da21864,888
reproducibility/outputs/traffic_simulation/r23_limited_scaling_methodology_review/20260911_v1/n6plus_readiness.json,.json,present at 64b9ee1e687273896570713f1e28ed10a788c39f; tracked,RETAINED_AS_HISTORICAL_EVIDENCE,superseded process or archived supporting evidence,immutable supporting scientific/audit evidence; current authority is R23_STATUS,"retain original bytes, manifests, raw outputs, negative fixtures, historical path metadata",ARCHIVE,39dea7f4a2310b2f2f584004796014784c16bd4db6a675343ffab5d36e148afc,607
reproducibility/outputs/traffic_simulation/r23_limited_scaling_methodology_review/20260911_v1/resource_metrics.json,.json,present at 64b9ee1e687273896570713f1e28ed10a788c39f; tracked,RETAINED_AS_HISTORICAL_EVIDENCE,superseded process or archived supporting evidence,immutable supporting scientific/audit evidence; current authority is R23_STATUS,"retain original bytes, manifests, raw outputs, negative fixtures, historical path metadata",ARCHIVE,3fdd45498929d0c6e3f6dbd5fd3d90e3e5207e030e6e73c57a50cc6328189305,1673
reproducibility/outputs/traffic_simulation/r23_limited_scaling_methodology_review/20260911_v1/scaling_review.json,.json,present at 64b9ee1e687273896570713f1e28ed10a788c39f; tracked,RETAINED_AS_HISTORICAL_EVIDENCE,superseded process or archived supporting evidence,immutable supporting scientific/audit evidence; current authority is R23_STATUS,"retain original bytes, manifests, raw outputs, negative fixtures, historical path metadata",ARCHIVE,2dba7ab1444459cff9165890ac646faa866d10124612ce45e66736c6e7117688,2728
reproducibility/outputs/traffic_simulation/r23_limited_scaling_methodology_review/20260911_v1/statevector_scaling.json,.json,present at 64b9ee1e687273896570713f1e28ed10a788c39f; tracked,RETAINED_AS_HISTORICAL_EVIDENCE,superseded process or archived supporting evidence,immutable supporting scientific/audit evidence; current authority is R23_STATUS,"retain original bytes, manifests, raw outputs, negative fixtures, historical path metadata",ARCHIVE,93e76d882916ed84cba61d19068f150e970f9725446d6b4a2ac743d328db0e51,1491
reproducibility/outputs/traffic_simulation/r23_limited_scaling_methodology_review/20260911_v1/stop_conditions.json,.json,present at 64b9ee1e687273896570713f1e28ed10a788c39f; tracked,RETAINED_AS_HISTORICAL_EVIDENCE,superseded process or archived supporting evidence,immutable supporting scientific/audit evidence; current authority is R23_STATUS,"retain original bytes, manifests, raw outputs, negative fixtures, historical path metadata",ARCHIVE,2eae44ce17f29ca6ffc58f953df5d89e7714cb5a86782cfa632129659b9b1074,537
reproducibility/outputs/traffic_simulation/r23_limited_scaling_methodology_review/20260911_v1/validation_redesign.json,.json,present at 64b9ee1e687273896570713f1e28ed10a788c39f; tracked,RETAINED_AS_HISTORICAL_EVIDENCE,superseded process or archived supporting evidence,immutable supporting scientific/audit evidence; current authority is R23_STATUS,"retain original bytes, manifests, raw outputs, negative fixtures, historical path metadata",ARCHIVE,7b404e9bfba89e52f412a404b91d416475cd39b7e1b6c97032d57e78343d88a3,1735
reproducibility/outputs/traffic_simulation/r23_n5_full_formal_benchmark_and_closure_review/20260913_v1/B2_SHA_CLOSURE_ASSESSMENT.md,.md,present at 64b9ee1e687273896570713f1e28ed10a788c39f; tracked,RETAINED_AS_HISTORICAL_EVIDENCE,superseded process or archived supporting evidence,immutable supporting scientific/audit evidence; current authority is R23_STATUS,"retain original bytes, manifests, raw outputs, negative fixtures, historical path metadata",ARCHIVE,b830d4e4574be0d09e8394b1b12c978ef8f3ac6a0c0c758d468ed9a3989cd057,404
reproducibility/outputs/traffic_simulation/r23_n5_full_formal_benchmark_and_closure_review/20260913_v1/BENCHMARK_AUTHORITY_MANIFEST.json,.json,present at 64b9ee1e687273896570713f1e28ed10a788c39f; tracked,RETAINED_AS_HISTORICAL_EVIDENCE,superseded process or archived supporting evidence,immutable supporting scientific/audit evidence; current authority is R23_STATUS,"retain original bytes, manifests, raw outputs, negative fixtures, historical path metadata",ARCHIVE,afb56d283c23eeb6339b805f857d06cfd84f03fd1a92276381925160b286b239,1072
reproducibility/outputs/traffic_simulation/r23_n5_full_formal_benchmark_and_closure_review/20260913_v1/BENCHMARK_PROTOCOL_FREEZE.md,.md,present at 64b9ee1e687273896570713f1e28ed10a788c39f; tracked,RETAINED_AS_HISTORICAL_EVIDENCE,superseded process or archived supporting evidence,immutable supporting scientific/audit evidence; current authority is R23_STATUS,"retain original bytes, manifests, raw outputs, negative fixtures, historical path metadata",ARCHIVE,ccebc2e59c9edb498052bc220cd53458b5d244bae42b29103dbb3216165cee3f,870
reproducibility/outputs/traffic_simulation/r23_n5_full_formal_benchmark_and_closure_review/20260913_v1/CLAIM_REVIEW.md,.md,present at 64b9ee1e687273896570713f1e28ed10a788c39f; tracked,RETAINED_AS_HISTORICAL_EVIDENCE,superseded process or archived supporting evidence,immutable supporting scientific/audit evidence; current authority is R23_STATUS,"retain original bytes, manifests, raw outputs, negative fixtures, historical path metadata",ARCHIVE,4a26b90a6a655e0e21fc02086ed306fb0742bf5598637a8974ead7eaadb36bdc,390
reproducibility/outputs/traffic_simulation/r23_n5_full_formal_benchmark_and_closure_review/20260913_v1/ENVIRONMENT.json,.json,present at 64b9ee1e687273896570713f1e28ed10a788c39f; tracked,RETAINED_AS_HISTORICAL_EVIDENCE,superseded process or archived supporting evidence,immutable supporting scientific/audit evidence; current authority is R23_STATUS,"retain original bytes, manifests, raw outputs, negative fixtures, historical path metadata",ARCHIVE,123e0f064b0474bb4baf86e4934a1c6b286868a7684fe58f4d2a8fd35a45bcf3,249
reproducibility/outputs/traffic_simulation/r23_n5_full_formal_benchmark_and_closure_review/20260913_v1/FINDINGS_REASSESSMENT.md,.md,present at 64b9ee1e687273896570713f1e28ed10a788c39f; tracked,RETAINED_AS_HISTORICAL_EVIDENCE,superseded process or archived supporting evidence,immutable supporting scientific/audit evidence; current authority is R23_STATUS,"retain original bytes, manifests, raw outputs, negative fixtures, historical path metadata",ARCHIVE,22afcc584d7a99b05f92986803f246ea1d744ae1ef68db1c71ae688ec79921db,838
reproducibility/outputs/traffic_simulation/r23_n5_full_formal_benchmark_and_closure_review/20260913_v1/HISTORICAL_PROVENANCE_CLOSURE_ASSESSMENT.md,.md,present at 64b9ee1e687273896570713f1e28ed10a788c39f; tracked,RETAINED_AS_HISTORICAL_EVIDENCE,superseded process or archived supporting evidence,immutable supporting scientific/audit evidence; current authority is R23_STATUS,"retain original bytes, manifests, raw outputs, negative fixtures, historical path metadata",ARCHIVE,c823a5b3a56211df421efd9771686f2fc76d81ebeb71cffced00828945316cdc,662
reproducibility/outputs/traffic_simulation/r23_n5_full_formal_benchmark_and_closure_review/20260913_v1/INTEGRITY_REVIEW.md,.md,present at 64b9ee1e687273896570713f1e28ed10a788c39f; tracked,RETAINED_AS_HISTORICAL_EVIDENCE,superseded process or archived supporting evidence,immutable supporting scientific/audit evidence; current authority is R23_STATUS,"retain original bytes, manifests, raw outputs, negative fixtures, historical path metadata",ARCHIVE,b553efe8e7cf03d1ad37d48e9b9f0511de0b5bc873c5ddc4308ffb6adc63bf65,604
reproducibility/outputs/traffic_simulation/r23_n5_full_formal_benchmark_and_closure_review/20260913_v1/MEMORY_CLAIM_ASSESSMENT.md,.md,present at 64b9ee1e687273896570713f1e28ed10a788c39f; tracked,RETAINED_AS_HISTORICAL_EVIDENCE,superseded process or archived supporting evidence,immutable supporting scientific/audit evidence; current authority is R23_STATUS,"retain original bytes, manifests, raw outputs, negative fixtures, historical path metadata",ARCHIVE,71cca2702d254a7ababb2926b7e5a75990a5d80c45dd2006661fafffcda50c73,418
reproducibility/outputs/traffic_simulation/r23_n5_full_formal_benchmark_and_closure_review/20260913_v1/N5_MEMORY_RESULTS.csv,.csv,present at 64b9ee1e687273896570713f1e28ed10a788c39f; tracked,RETAINED_AS_HISTORICAL_EVIDENCE,superseded process or archived supporting evidence,immutable supporting scientific/audit evidence; current authority is R23_STATUS,"retain original bytes, manifests, raw outputs, negative fixtures, historical path metadata",ARCHIVE,077862096d405f4ed24fc9c04c736f467fc663fcb222102bd5a1aa5771f4914b,221
reproducibility/outputs/traffic_simulation/r23_n5_full_formal_benchmark_and_closure_review/20260913_v1/N5_RUNTIME_RESULTS.csv,.csv,present at 64b9ee1e687273896570713f1e28ed10a788c39f; tracked,RETAINED_AS_HISTORICAL_EVIDENCE,superseded process or archived supporting evidence,immutable supporting scientific/audit evidence; current authority is R23_STATUS,"retain original bytes, manifests, raw outputs, negative fixtures, historical path metadata",ARCHIVE,f95f5fb51970ee70d39a9e31be8765d09c91d7e29a94c3efd62b20b29c2e8dc3,546
reproducibility/outputs/traffic_simulation/r23_n5_full_formal_benchmark_and_closure_review/20260913_v1/OUTPUT_EQUIVALENCE.md,.md,present at 64b9ee1e687273896570713f1e28ed10a788c39f; tracked,RETAINED_AS_HISTORICAL_EVIDENCE,superseded process or archived supporting evidence,immutable supporting scientific/audit evidence; current authority is R23_STATUS,"retain original bytes, manifests, raw outputs, negative fixtures, historical path metadata",ARCHIVE,86dd378c83b0aad27fcd3baf72dfd379847ac85bec2c27341c08c61ead7273a8,462
reproducibility/outputs/traffic_simulation/r23_n5_full_formal_benchmark_and_closure_review/20260913_v1/R23_CLOSURE_REVIEW.md,.md,present at 64b9ee1e687273896570713f1e28ed10a788c39f; tracked,RETAINED_AS_HISTORICAL_EVIDENCE,superseded process or archived supporting evidence,immutable supporting scientific/audit evidence; current authority is R23_STATUS,"retain original bytes, manifests, raw outputs, negative fixtures, historical path metadata",ARCHIVE,1e1e1162fe6104f1d566cbd427a9483af69c7b01f722a9fbf776d4d31c432626,805
reproducibility/outputs/traffic_simulation/r23_n5_full_formal_benchmark_and_closure_review/20260913_v1/R24_GATE.md,.md,present at 64b9ee1e687273896570713f1e28ed10a788c39f; tracked,RETAINED_AS_HISTORICAL_EVIDENCE,superseded process or archived supporting evidence,immutable supporting scientific/audit evidence; current authority is R23_STATUS,"retain original bytes, manifests, raw outputs, negative fixtures, historical path metadata",ARCHIVE,fd928c79f934d0965c05c791cbc1d76995de2f2654b64a96d0c9c2771032b6fb,305
reproducibility/outputs/traffic_simulation/r23_n5_full_formal_benchmark_and_closure_review/20260913_v1/README.md,.md,present at 64b9ee1e687273896570713f1e28ed10a788c39f; tracked,RETAINED_AS_HISTORICAL_EVIDENCE,superseded process or archived supporting evidence,immutable supporting scientific/audit evidence; current authority is R23_STATUS,"retain original bytes, manifests, raw outputs, negative fixtures, historical path metadata",ARCHIVE,ab0cbb5811804a3a49dc0c99053ae8cdeef8d76e7133c525241077d3779b1541,566
reproducibility/outputs/traffic_simulation/r23_n5_full_formal_benchmark_and_closure_review/20260913_v1/REMAINING_MAJOR_FINDINGS_PRECHECK.md,.md,present at 64b9ee1e687273896570713f1e28ed10a788c39f; tracked,RETAINED_AS_HISTORICAL_EVIDENCE,superseded process or archived supporting evidence,immutable supporting scientific/audit evidence; current authority is R23_STATUS,"retain original bytes, manifests, raw outputs, negative fixtures, historical path metadata",ARCHIVE,1eae4b9ae6d81041546ae30052c832fe039f978a06b775ada77dfec96779ea7c,913
reproducibility/outputs/traffic_simulation/r23_n5_full_formal_benchmark_and_closure_review/20260913_v1/RUNTIME_CLAIM_ASSESSMENT.md,.md,present at 64b9ee1e687273896570713f1e28ed10a788c39f; tracked,RETAINED_AS_HISTORICAL_EVIDENCE,superseded process or archived supporting evidence,immutable supporting scientific/audit evidence; current authority is R23_STATUS,"retain original bytes, manifests, raw outputs, negative fixtures, historical path metadata",ARCHIVE,d93ad338df2224d802b2d89a7d978655f6df57cce8ef7a66fe7750fde37e170d,528
reproducibility/outputs/traffic_simulation/r23_n5_full_formal_benchmark_and_closure_review/20260913_v1/SHA256SUMS,no-extension,present at 64b9ee1e687273896570713f1e28ed10a788c39f; tracked,RETAINED_AS_HISTORICAL_EVIDENCE,superseded process or archived supporting evidence,immutable supporting scientific/audit evidence; current authority is R23_STATUS,"retain original bytes, manifests, raw outputs, negative fixtures, historical path metadata",ARCHIVE,23e5f2d9f53c997782edc3b07c2dd8f36469a8e42cf8c35ae90d11d281f8faec,2446
reproducibility/outputs/traffic_simulation/r23_n5_full_formal_benchmark_and_closure_review/20260913_v1/SOURCE_HASHES.json,.json,present at 64b9ee1e687273896570713f1e28ed10a788c39f; tracked,RETAINED_AS_HISTORICAL_EVIDENCE,superseded process or archived supporting evidence,immutable supporting scientific/audit evidence; current authority is R23_STATUS,"retain original bytes, manifests, raw outputs, negative fixtures, historical path metadata",ARCHIVE,edd3221b881ecc63aa5cfacd1b93cc6446c1ea275efec2d87c2e917d330462d2,581
reproducibility/outputs/traffic_simulation/r23_n5_full_formal_benchmark_and_closure_review/20260913_v1/SYSTEM_CONDITIONS.md,.md,present at 64b9ee1e687273896570713f1e28ed10a788c39f; tracked,RETAINED_AS_HISTORICAL_EVIDENCE,superseded process or archived supporting evidence,immutable supporting scientific/audit evidence; current authority is R23_STATUS,"retain original bytes, manifests, raw outputs, negative fixtures, historical path metadata",ARCHIVE,cf0a6a6a0936e35682018b0a5b8add010e7de64fc69d4efa3c9794662c49f322,462
reproducibility/outputs/traffic_simulation/r23_n5_full_formal_benchmark_and_closure_review/20260913_v1/WHAT_EXACTLY_WAS_33_7X_MEASURING.md,.md,present at 64b9ee1e687273896570713f1e28ed10a788c39f; tracked,RETAINED_AS_HISTORICAL_EVIDENCE,superseded process or archived supporting evidence,immutable supporting scientific/audit evidence; current authority is R23_STATUS,"retain original bytes, manifests, raw outputs, negative fixtures, historical path metadata",ARCHIVE,a5b66c212cad3414643a8dbbaae8417c262374312c9024cf35fbe04c5587292c,474
reproducibility/outputs/traffic_simulation/r23_n5_full_formal_benchmark_and_closure_review/20260913_v1/full_benchmark_runner.py,.py,present at 64b9ee1e687273896570713f1e28ed10a788c39f; tracked,RETAINED_AS_HISTORICAL_EVIDENCE,superseded process or archived supporting evidence,immutable supporting scientific/audit evidence; current authority is R23_STATUS,"retain original bytes, manifests, raw outputs, negative fixtures, historical path metadata",ARCHIVE,eadbab528e36f5c2e6ccf133ec6ad717aa64e2b6ba66b3463bfaec932b8be1ca,4272
reproducibility/outputs/traffic_simulation/r23_n5_full_formal_benchmark_and_closure_review/20260913_v1/runs/baseline/RUN_END.json,.json,present at 64b9ee1e687273896570713f1e28ed10a788c39f; tracked,RETAINED_AS_HISTORICAL_EVIDENCE,superseded process or archived supporting evidence,immutable supporting scientific/audit evidence; current authority is R23_STATUS,"retain original bytes, manifests, raw outputs, negative fixtures, historical path metadata",ARCHIVE,29901687fb4a0cca6ee723ce9654022a8bee9f43d48f25f853b80607ea504912,290
reproducibility/outputs/traffic_simulation/r23_n5_full_formal_benchmark_and_closure_review/20260913_v1/runs/baseline/RUN_START.json,.json,present at 64b9ee1e687273896570713f1e28ed10a788c39f; tracked,RETAINED_AS_HISTORICAL_EVIDENCE,superseded process or archived supporting evidence,immutable supporting scientific/audit evidence; current authority is R23_STATUS,"retain original bytes, manifests, raw outputs, negative fixtures, historical path metadata",ARCHIVE,b1d76b49f7d72fa460bc89af496898c26da96c3a903a756066cf9e7d7f88137c,350
reproducibility/outputs/traffic_simulation/r23_n5_full_formal_benchmark_and_closure_review/20260913_v1/runs/baseline/result.json,.json,present at 64b9ee1e687273896570713f1e28ed10a788c39f; tracked,RETAINED_AS_HISTORICAL_EVIDENCE,superseded process or archived supporting evidence,immutable supporting scientific/audit evidence; current authority is R23_STATUS,"retain original bytes, manifests, raw outputs, negative fixtures, historical path metadata",ARCHIVE,5e2be0e785bf8e41f649ce09a50c8486dfc64e0f67ac4725edaa5d82cc10f412,1615
reproducibility/outputs/traffic_simulation/r23_n5_full_formal_benchmark_and_closure_review/20260913_v1/runs/v4/RUN_END.json,.json,present at 64b9ee1e687273896570713f1e28ed10a788c39f; tracked,RETAINED_AS_HISTORICAL_EVIDENCE,superseded process or archived supporting evidence,immutable supporting scientific/audit evidence; current authority is R23_STATUS,"retain original bytes, manifests, raw outputs, negative fixtures, historical path metadata",ARCHIVE,603533fcdfaaaadf7345f122f3e44cf2e594e033da5d1b295d5afe22077aaa3f,289
reproducibility/outputs/traffic_simulation/r23_n5_full_formal_benchmark_and_closure_review/20260913_v1/runs/v4/RUN_START.json,.json,present at 64b9ee1e687273896570713f1e28ed10a788c39f; tracked,RETAINED_AS_HISTORICAL_EVIDENCE,superseded process or archived supporting evidence,immutable supporting scientific/audit evidence; current authority is R23_STATUS,"retain original bytes, manifests, raw outputs, negative fixtures, historical path metadata",ARCHIVE,f3944fb2d3ca77145df69ab14f7cb08bf5ca76ffe5552eb7e405ded8193466dd,344
reproducibility/outputs/traffic_simulation/r23_n5_full_formal_benchmark_and_closure_review/20260913_v1/runs/v4/result.json,.json,present at 64b9ee1e687273896570713f1e28ed10a788c39f; tracked,RETAINED_AS_HISTORICAL_EVIDENCE,superseded process or archived supporting evidence,immutable supporting scientific/audit evidence; current authority is R23_STATUS,"retain original bytes, manifests, raw outputs, negative fixtures, historical path metadata",ARCHIVE,cd171fdf2a4ae53e430bdc3a6c61efe4482775592d83c9abbdab37c69463608e,1609
reproducibility/outputs/traffic_simulation/r23_n5_provenance_clean_run_and_formal_benchmark/20260913_v1/B2_SHA_STATUS.md,.md,present at 64b9ee1e687273896570713f1e28ed10a788c39f; tracked,RETAINED_AS_HISTORICAL_EVIDENCE,superseded process or archived supporting evidence,immutable supporting scientific/audit evidence; current authority is R23_STATUS,"retain original bytes, manifests, raw outputs, negative fixtures, historical path metadata",ARCHIVE,4be605412254cb0c207c5d140c34312e585f876ff15ab5e824a6ef3d7cfa325d,338
reproducibility/outputs/traffic_simulation/r23_n5_provenance_clean_run_and_formal_benchmark/20260913_v1/BENCHMARK_ENVIRONMENT.md,.md,present at 64b9ee1e687273896570713f1e28ed10a788c39f; tracked,RETAINED_AS_HISTORICAL_EVIDENCE,superseded process or archived supporting evidence,immutable supporting scientific/audit evidence; current authority is R23_STATUS,"retain original bytes, manifests, raw outputs, negative fixtures, historical path metadata",ARCHIVE,760e911ae24b117e083d95c635f01057fc954872d040fbd626694f83f9de151e,429
reproducibility/outputs/traffic_simulation/r23_n5_provenance_clean_run_and_formal_benchmark/20260913_v1/BENCHMARK_RESULTS.csv,.csv,present at 64b9ee1e687273896570713f1e28ed10a788c39f; tracked,RETAINED_AS_HISTORICAL_EVIDENCE,superseded process or archived supporting evidence,immutable supporting scientific/audit evidence; current authority is R23_STATUS,"retain original bytes, manifests, raw outputs, negative fixtures, historical path metadata",ARCHIVE,69263e5beb2a5e6a654ad879a2e995dc56b49642c60ec78ece67dd9bc9a557e8,986
reproducibility/outputs/traffic_simulation/r23_n5_provenance_clean_run_and_formal_benchmark/20260913_v1/BENCHMARK_RESULTS.md,.md,present at 64b9ee1e687273896570713f1e28ed10a788c39f; tracked,RETAINED_AS_HISTORICAL_EVIDENCE,superseded process or archived supporting evidence,immutable supporting scientific/audit evidence; current authority is R23_STATUS,"retain original bytes, manifests, raw outputs, negative fixtures, historical path metadata",ARCHIVE,312fb1a1e229588803ac270787402e5459812d8de3b975951d6721368776783f,448
reproducibility/outputs/traffic_simulation/r23_n5_provenance_clean_run_and_formal_benchmark/20260913_v1/CLEAN_RUN_AUTHORITY.md,.md,present at 64b9ee1e687273896570713f1e28ed10a788c39f; tracked,RETAINED_AS_HISTORICAL_EVIDENCE,superseded process or archived supporting evidence,immutable supporting scientific/audit evidence; current authority is R23_STATUS,"retain original bytes, manifests, raw outputs, negative fixtures, historical path metadata",ARCHIVE,c3faa227b9c6777466b200782b160dabb53dbc463f2c914851e72a7de10f7891,416
reproducibility/outputs/traffic_simulation/r23_n5_provenance_clean_run_and_formal_benchmark/20260913_v1/CLEAN_RUN_MANIFEST.json,.json,present at 64b9ee1e687273896570713f1e28ed10a788c39f; tracked,RETAINED_AS_HISTORICAL_EVIDENCE,superseded process or archived supporting evidence,immutable supporting scientific/audit evidence; current authority is R23_STATUS,"retain original bytes, manifests, raw outputs, negative fixtures, historical path metadata",ARCHIVE,ffa182394eb01ea9f7b7a4b395199596190bc2c3dcf8f073c260b8ecaa477f1b,2003
reproducibility/outputs/traffic_simulation/r23_n5_provenance_clean_run_and_formal_benchmark/20260913_v1/CLEAN_RUN_RESULTS.md,.md,present at 64b9ee1e687273896570713f1e28ed10a788c39f; tracked,RETAINED_AS_HISTORICAL_EVIDENCE,superseded process or archived supporting evidence,immutable supporting scientific/audit evidence; current authority is R23_STATUS,"retain original bytes, manifests, raw outputs, negative fixtures, historical path metadata",ARCHIVE,ba73758a618055ad47363c22d454c2935c4241302b109c54b1a2f3a795134ce0,657
reproducibility/outputs/traffic_simulation/r23_n5_provenance_clean_run_and_formal_benchmark/20260913_v1/ENVIRONMENT.json,.json,present at 64b9ee1e687273896570713f1e28ed10a788c39f; tracked,RETAINED_AS_HISTORICAL_EVIDENCE,superseded process or archived supporting evidence,immutable supporting scientific/audit evidence; current authority is R23_STATUS,"retain original bytes, manifests, raw outputs, negative fixtures, historical path metadata",ARCHIVE,123e0f064b0474bb4baf86e4934a1c6b286868a7684fe58f4d2a8fd35a45bcf3,249
reproducibility/outputs/traffic_simulation/r23_n5_provenance_clean_run_and_formal_benchmark/20260913_v1/EXACT_REFERENCE_VALIDATION.md,.md,present at 64b9ee1e687273896570713f1e28ed10a788c39f; tracked,RETAINED_AS_HISTORICAL_EVIDENCE,superseded process or archived supporting evidence,immutable supporting scientific/audit evidence; current authority is R23_STATUS,"retain original bytes, manifests, raw outputs, negative fixtures, historical path metadata",ARCHIVE,95f1736a7188b48112f1ff706bd1328828a18204a8b4dbdc5ccec496e440c7c7,335
reproducibility/outputs/traffic_simulation/r23_n5_provenance_clean_run_and_formal_benchmark/20260913_v1/FINAL_GATE_REVIEW.md,.md,present at 64b9ee1e687273896570713f1e28ed10a788c39f; tracked,RETAINED_AS_HISTORICAL_EVIDENCE,superseded process or archived supporting evidence,immutable supporting scientific/audit evidence; current authority is R23_STATUS,"retain original bytes, manifests, raw outputs, negative fixtures, historical path metadata",ARCHIVE,14f2d5c02f3a9f9a2c63888760d9c42d99ce7451c2d0a042c26bfc5359268530,1003
reproducibility/outputs/traffic_simulation/r23_n5_provenance_clean_run_and_formal_benchmark/20260913_v1/FORMAL_BENCHMARK_PROTOCOL.md,.md,present at 64b9ee1e687273896570713f1e28ed10a788c39f; tracked,RETAINED_AS_HISTORICAL_EVIDENCE,superseded process or archived supporting evidence,immutable supporting scientific/audit evidence; current authority is R23_STATUS,"retain original bytes, manifests, raw outputs, negative fixtures, historical path metadata",ARCHIVE,76e1a14fe711da399239f023fff92ba662375c766d68779c63e35d4c87902314,638
reproducibility/outputs/traffic_simulation/r23_n5_provenance_clean_run_and_formal_benchmark/20260913_v1/HISTORICAL_COMPARISON.md,.md,present at 64b9ee1e687273896570713f1e28ed10a788c39f; tracked,RETAINED_AS_HISTORICAL_EVIDENCE,superseded process or archived supporting evidence,immutable supporting scientific/audit evidence; current authority is R23_STATUS,"retain original bytes, manifests, raw outputs, negative fixtures, historical path metadata",ARCHIVE,34b091625855748bb6ec69b4bac04da2a17b823a40da265435879ee124dd5612,472
reproducibility/outputs/traffic_simulation/r23_n5_provenance_clean_run_and_formal_benchmark/20260913_v1/INTEGRITY_REVIEW.md,.md,present at 64b9ee1e687273896570713f1e28ed10a788c39f; tracked,RETAINED_AS_HISTORICAL_EVIDENCE,superseded process or archived supporting evidence,immutable supporting scientific/audit evidence; current authority is R23_STATUS,"retain original bytes, manifests, raw outputs, negative fixtures, historical path metadata",ARCHIVE,a71c13654f3aac191899178ca01919dc30e71bcb37be0e58d0b005c588010ad1,664
reproducibility/outputs/traffic_simulation/r23_n5_provenance_clean_run_and_formal_benchmark/20260913_v1/MEMORY_CLAIM_ASSESSMENT.md,.md,present at 64b9ee1e687273896570713f1e28ed10a788c39f; tracked,RETAINED_AS_HISTORICAL_EVIDENCE,superseded process or archived supporting evidence,immutable supporting scientific/audit evidence; current authority is R23_STATUS,"retain original bytes, manifests, raw outputs, negative fixtures, historical path metadata",ARCHIVE,69c3be2754d222f341d9063e6e86dea909449130f5d2bf09d87e6cc6c7cb5b85,320
reproducibility/outputs/traffic_simulation/r23_n5_provenance_clean_run_and_formal_benchmark/20260913_v1/PROBABILITY_VALIDATION.md,.md,present at 64b9ee1e687273896570713f1e28ed10a788c39f; tracked,RETAINED_AS_HISTORICAL_EVIDENCE,superseded process or archived supporting evidence,immutable supporting scientific/audit evidence; current authority is R23_STATUS,"retain original bytes, manifests, raw outputs, negative fixtures, historical path metadata",ARCHIVE,7e0779a4b0368d4802e33676770a9c4f36c4af57286a8d94870d7abe2fccee6f,401
reproducibility/outputs/traffic_simulation/r23_n5_provenance_clean_run_and_formal_benchmark/20260913_v1/PROTOCOL_FREEZE.md,.md,present at 64b9ee1e687273896570713f1e28ed10a788c39f; tracked,RETAINED_AS_HISTORICAL_EVIDENCE,superseded process or archived supporting evidence,immutable supporting scientific/audit evidence; current authority is R23_STATUS,"retain original bytes, manifests, raw outputs, negative fixtures, historical path metadata",ARCHIVE,5bbfd3b651ab02a84f6ffbd086490b45ffa4f50d233686ed17e5a9d318c1a557,396
reproducibility/outputs/traffic_simulation/r23_n5_provenance_clean_run_and_formal_benchmark/20260913_v1/README.md,.md,present at 64b9ee1e687273896570713f1e28ed10a788c39f; tracked,RETAINED_AS_HISTORICAL_EVIDENCE,superseded process or archived supporting evidence,immutable supporting scientific/audit evidence; current authority is R23_STATUS,"retain original bytes, manifests, raw outputs, negative fixtures, historical path metadata",ARCHIVE,5f040a89b44d7b675d441db81b4cc13d38fa85a152ae3ae79f13392708bd14d1,696
reproducibility/outputs/traffic_simulation/r23_n5_provenance_clean_run_and_formal_benchmark/20260913_v1/RUNTIME_CLAIM_ASSESSMENT.md,.md,present at 64b9ee1e687273896570713f1e28ed10a788c39f; tracked,RETAINED_AS_HISTORICAL_EVIDENCE,superseded process or archived supporting evidence,immutable supporting scientific/audit evidence; current authority is R23_STATUS,"retain original bytes, manifests, raw outputs, negative fixtures, historical path metadata",ARCHIVE,0324710be1d5983786268c68cca6b7506eaef3b80020fdd0f32af27a5cefaae6,315
reproducibility/outputs/traffic_simulation/r23_n5_provenance_clean_run_and_formal_benchmark/20260913_v1/SHA256SUMS,no-extension,present at 64b9ee1e687273896570713f1e28ed10a788c39f; tracked,RETAINED_AS_HISTORICAL_EVIDENCE,superseded process or archived supporting evidence,immutable supporting scientific/audit evidence; current authority is R23_STATUS,"retain original bytes, manifests, raw outputs, negative fixtures, historical path metadata",ARCHIVE,f8783c8d1ec0e8bab0f1303cca19af0b5126ed5c6aa679cbc6dcac0276d0251f,2939
reproducibility/outputs/traffic_simulation/r23_n5_provenance_clean_run_and_formal_benchmark/20260913_v1/SOURCE_HASHES.json,.json,present at 64b9ee1e687273896570713f1e28ed10a788c39f; tracked,RETAINED_AS_HISTORICAL_EVIDENCE,superseded process or archived supporting evidence,immutable supporting scientific/audit evidence; current authority is R23_STATUS,"retain original bytes, manifests, raw outputs, negative fixtures, historical path metadata",ARCHIVE,37f27d745dd75f9dcdb760d52176cb710840d0c105b2678fe9024c84b98d3bb7,532
reproducibility/outputs/traffic_simulation/r23_n5_provenance_clean_run_and_formal_benchmark/20260913_v1/__pycache__/clean_runner.cpython-311.pyc,.pyc,local retained artifact at starting HEAD; original manifests supply creation lineage,RETAINED_AS_HISTORICAL_EVIDENCE,superseded process or archived supporting evidence,immutable supporting scientific/audit evidence; current authority is R23_STATUS,"retain original bytes, manifests, raw outputs, negative fixtures, historical path metadata",ARCHIVE,6e0666478deaf3b7c55ff77f5aa8f3c177a8514d2d89fd9ec6daa48242eaea8a,15960
reproducibility/outputs/traffic_simulation/r23_n5_provenance_clean_run_and_formal_benchmark/20260913_v1/benchmark_runner.py,.py,present at 64b9ee1e687273896570713f1e28ed10a788c39f; tracked,RETAINED_AS_HISTORICAL_EVIDENCE,superseded process or archived supporting evidence,immutable supporting scientific/audit evidence; current authority is R23_STATUS,"retain original bytes, manifests, raw outputs, negative fixtures, historical path metadata",ARCHIVE,50e598e5151edc0eb1e096cf3eac17ad9d6256bd06b466846ac892ece9c4d10d,3120
reproducibility/outputs/traffic_simulation/r23_n5_provenance_clean_run_and_formal_benchmark/20260913_v1/clean_runner.py,.py,present at 64b9ee1e687273896570713f1e28ed10a788c39f; tracked,RETAINED_AS_HISTORICAL_EVIDENCE,superseded process or archived supporting evidence,immutable supporting scientific/audit evidence; current authority is R23_STATUS,"retain original bytes, manifests, raw outputs, negative fixtures, historical path metadata",ARCHIVE,6a00943d74136d66b949fb6d283972c345e31123eab9aadaed7bf37af19d2dfa,6784
reproducibility/outputs/traffic_simulation/r23_n5_provenance_clean_run_and_formal_benchmark/20260913_v1/clean_runs/routing_v18_n5_rank01/RUN_END.json,.json,present at 64b9ee1e687273896570713f1e28ed10a788c39f; tracked,RETAINED_AS_HISTORICAL_EVIDENCE,superseded process or archived supporting evidence,immutable supporting scientific/audit evidence; current authority is R23_STATUS,"retain original bytes, manifests, raw outputs, negative fixtures, historical path metadata",ARCHIVE,2f7b9ca9f666e8e9c196684cb152f798860a8680f1dcfcbd8fc653f8d9c4896c,1441
reproducibility/outputs/traffic_simulation/r23_n5_provenance_clean_run_and_formal_benchmark/20260913_v1/clean_runs/routing_v18_n5_rank01/RUN_START.json,.json,present at 64b9ee1e687273896570713f1e28ed10a788c39f; tracked,RETAINED_AS_HISTORICAL_EVIDENCE,superseded process or archived supporting evidence,immutable supporting scientific/audit evidence; current authority is R23_STATUS,"retain original bytes, manifests, raw outputs, negative fixtures, historical path metadata",ARCHIVE,fbda85b6218197a24da7fbe1a6b44d7aef4a6230e7e9e13b2c7df57f303fea79,495
reproducibility/outputs/traffic_simulation/r23_n5_provenance_clean_run_and_formal_benchmark/20260913_v1/clean_runs/routing_v18_n5_rank01/result.json,.json,present at 64b9ee1e687273896570713f1e28ed10a788c39f; tracked,RETAINED_AS_HISTORICAL_EVIDENCE,superseded process or archived supporting evidence,immutable supporting scientific/audit evidence; current authority is R23_STATUS,"retain original bytes, manifests, raw outputs, negative fixtures, historical path metadata",ARCHIVE,12077aed1daafce9db0a33e8be3d0264ba6fe381d3fb741bda4b49b08df0ed2a,250741
reproducibility/outputs/traffic_simulation/r23_n5_provenance_clean_run_and_formal_benchmark/20260913_v1/clean_runs/routing_v18_n5_rank02/RUN_END.json,.json,present at 64b9ee1e687273896570713f1e28ed10a788c39f; tracked,RETAINED_AS_HISTORICAL_EVIDENCE,superseded process or archived supporting evidence,immutable supporting scientific/audit evidence; current authority is R23_STATUS,"retain original bytes, manifests, raw outputs, negative fixtures, historical path metadata",ARCHIVE,9609fe9ee26a0506bcd26f299532dc8e37bc87bdf9ef6a6899635f4531168e2b,1411
reproducibility/outputs/traffic_simulation/r23_n5_provenance_clean_run_and_formal_benchmark/20260913_v1/clean_runs/routing_v18_n5_rank02/RUN_START.json,.json,present at 64b9ee1e687273896570713f1e28ed10a788c39f; tracked,RETAINED_AS_HISTORICAL_EVIDENCE,superseded process or archived supporting evidence,immutable supporting scientific/audit evidence; current authority is R23_STATUS,"retain original bytes, manifests, raw outputs, negative fixtures, historical path metadata",ARCHIVE,df3ef1517da81ee5f2f10827d9c13d5e0b10da68a6dfa68a22f031db7c4ade92,495
reproducibility/outputs/traffic_simulation/r23_n5_provenance_clean_run_and_formal_benchmark/20260913_v1/clean_runs/routing_v18_n5_rank02/result.json,.json,present at 64b9ee1e687273896570713f1e28ed10a788c39f; tracked,RETAINED_AS_HISTORICAL_EVIDENCE,superseded process or archived supporting evidence,immutable supporting scientific/audit evidence; current authority is R23_STATUS,"retain original bytes, manifests, raw outputs, negative fixtures, historical path metadata",ARCHIVE,b9d10894c97910909b2751858fee67c6333530bfb49b9b9b8d804a13dfcc0d8a,96730
reproducibility/outputs/traffic_simulation/r23_n5_provenance_clean_run_and_formal_benchmark/20260913_v1/clean_runs/routing_v18_n5_rank03/RUN_END.json,.json,present at 64b9ee1e687273896570713f1e28ed10a788c39f; tracked,RETAINED_AS_HISTORICAL_EVIDENCE,superseded process or archived supporting evidence,immutable supporting scientific/audit evidence; current authority is R23_STATUS,"retain original bytes, manifests, raw outputs, negative fixtures, historical path metadata",ARCHIVE,e31bf7c8e54ad73e86c0089ed9d1fbe481ac469f91fc5da7bf1be8e6d37191bd,1412
reproducibility/outputs/traffic_simulation/r23_n5_provenance_clean_run_and_formal_benchmark/20260913_v1/clean_runs/routing_v18_n5_rank03/RUN_START.json,.json,present at 64b9ee1e687273896570713f1e28ed10a788c39f; tracked,RETAINED_AS_HISTORICAL_EVIDENCE,superseded process or archived supporting evidence,immutable supporting scientific/audit evidence; current authority is R23_STATUS,"retain original bytes, manifests, raw outputs, negative fixtures, historical path metadata",ARCHIVE,81f4f34bcb1c1e24772adc1130c520fecd1b1dbe5d8eaef0a95ccb3cfafc3560,495
reproducibility/outputs/traffic_simulation/r23_n5_provenance_clean_run_and_formal_benchmark/20260913_v1/clean_runs/routing_v18_n5_rank03/result.json,.json,present at 64b9ee1e687273896570713f1e28ed10a788c39f; tracked,RETAINED_AS_HISTORICAL_EVIDENCE,superseded process or archived supporting evidence,immutable supporting scientific/audit evidence; current authority is R23_STATUS,"retain original bytes, manifests, raw outputs, negative fixtures, historical path metadata",ARCHIVE,704abe4fb966ec6c6443e8096c7e171872d858c344c393acd125666c4dc1dd0c,135268
reproducibility/outputs/traffic_simulation/r23_n5_provenance_clean_run_and_formal_benchmark/20260913_v1/final_gate.json,.json,present at 64b9ee1e687273896570713f1e28ed10a788c39f; tracked,RETAINED_AS_HISTORICAL_EVIDENCE,superseded process or archived supporting evidence,immutable supporting scientific/audit evidence; current authority is R23_STATUS,"retain original bytes, manifests, raw outputs, negative fixtures, historical path metadata",ARCHIVE,883380f00d8d8b222ecb22edf283dbb90e025005060af1b0c011ee30e5b70dba,594
reproducibility/outputs/traffic_simulation/r23_n5_rank01_evidence_review/20260913_v1/README.md,.md,present at 64b9ee1e687273896570713f1e28ed10a788c39f; tracked,RETAINED_AS_HISTORICAL_EVIDENCE,superseded process or archived supporting evidence,immutable supporting scientific/audit evidence; current authority is R23_STATUS,"retain original bytes, manifests, raw outputs, negative fixtures, historical path metadata",ARCHIVE,ae2f81fb6f52a3409580b0b633304d9ab0ac11b0b077674f46cb6bac6abd5c2b,1488
reproducibility/outputs/traffic_simulation/r23_n5_rank01_evidence_review/20260913_v1/SHA256SUMS,no-extension,present at 64b9ee1e687273896570713f1e28ed10a788c39f; tracked,RETAINED_AS_HISTORICAL_EVIDENCE,superseded process or archived supporting evidence,immutable supporting scientific/audit evidence; current authority is R23_STATUS,"retain original bytes, manifests, raw outputs, negative fixtures, historical path metadata",ARCHIVE,14ddb6a26dfa22dd37c4ca1c89886ba867391f9cab1c2c15f2b309537a9bf9a9,931
reproducibility/outputs/traffic_simulation/r23_n5_rank01_evidence_review/20260913_v1/continuation_decision.json,.json,present at 64b9ee1e687273896570713f1e28ed10a788c39f; tracked,RETAINED_AS_HISTORICAL_EVIDENCE,superseded process or archived supporting evidence,immutable supporting scientific/audit evidence; current authority is R23_STATUS,"retain original bytes, manifests, raw outputs, negative fixtures, historical path metadata",ARCHIVE,ad355f4e457a7c1d1a5cc385c94852bdb80c1aa9903fcf61e345462b1b418213,672
reproducibility/outputs/traffic_simulation/r23_n5_rank01_evidence_review/20260913_v1/n4_vs_n5_limited_comparison.json,.json,present at 64b9ee1e687273896570713f1e28ed10a788c39f; tracked,RETAINED_AS_HISTORICAL_EVIDENCE,superseded process or archived supporting evidence,immutable supporting scientific/audit evidence; current authority is R23_STATUS,"retain original bytes, manifests, raw outputs, negative fixtures, historical path metadata",ARCHIVE,7d033c39649ae3736e815738eda702341d23f62e2153e697892bb1331a473348,1165
reproducibility/outputs/traffic_simulation/r23_n5_rank01_evidence_review/20260913_v1/rank01_integrity_review.json,.json,present at 64b9ee1e687273896570713f1e28ed10a788c39f; tracked,RETAINED_AS_HISTORICAL_EVIDENCE,superseded process or archived supporting evidence,immutable supporting scientific/audit evidence; current authority is R23_STATUS,"retain original bytes, manifests, raw outputs, negative fixtures, historical path metadata",ARCHIVE,5df9aa9d84b93d0898addd8714ac15b7a04dee003f3a73e4168e8011fe586fc9,1402
reproducibility/outputs/traffic_simulation/r23_n5_rank01_evidence_review/20260913_v1/rank01_resource_review.json,.json,present at 64b9ee1e687273896570713f1e28ed10a788c39f; tracked,RETAINED_AS_HISTORICAL_EVIDENCE,superseded process or archived supporting evidence,immutable supporting scientific/audit evidence; current authority is R23_STATUS,"retain original bytes, manifests, raw outputs, negative fixtures, historical path metadata",ARCHIVE,dea1d2296405dea0a1e5847f33f4448ffacef3a3e83a92dc8f2b3b1170317eed,866
reproducibility/outputs/traffic_simulation/r23_n5_rank01_evidence_review/20260913_v1/rank01_runtime_review.json,.json,present at 64b9ee1e687273896570713f1e28ed10a788c39f; tracked,RETAINED_AS_HISTORICAL_EVIDENCE,superseded process or archived supporting evidence,immutable supporting scientific/audit evidence; current authority is R23_STATUS,"retain original bytes, manifests, raw outputs, negative fixtures, historical path metadata",ARCHIVE,08bf51891a7c5d06da801d01e170ff23f50037a430ab64d07c8435e22fa2d1dc,1794
reproducibility/outputs/traffic_simulation/r23_n5_rank01_evidence_review/20260913_v1/rank01_scientific_review.json,.json,present at 64b9ee1e687273896570713f1e28ed10a788c39f; tracked,RETAINED_AS_HISTORICAL_EVIDENCE,superseded process or archived supporting evidence,immutable supporting scientific/audit evidence; current authority is R23_STATUS,"retain original bytes, manifests, raw outputs, negative fixtures, historical path metadata",ARCHIVE,ba9da6165cf47dec44df05ff6fa3970f85a7573e9e708657b1ff05e92447341b,1920
reproducibility/outputs/traffic_simulation/r23_n5_rank01_evidence_review/20260913_v1/remaining_run_value_review.json,.json,present at 64b9ee1e687273896570713f1e28ed10a788c39f; tracked,RETAINED_AS_HISTORICAL_EVIDENCE,superseded process or archived supporting evidence,immutable supporting scientific/audit evidence; current authority is R23_STATUS,"retain original bytes, manifests, raw outputs, negative fixtures, historical path metadata",ARCHIVE,773b67a313f79b317d6421b12a10d8f5a63a7aa294c2ac1c1ec4b046644c03ce,1076
reproducibility/outputs/traffic_simulation/r23_n5_rank01_evidence_review/20260913_v1/runtime_bottleneck_review.json,.json,present at 64b9ee1e687273896570713f1e28ed10a788c39f; tracked,RETAINED_AS_HISTORICAL_EVIDENCE,superseded process or archived supporting evidence,immutable supporting scientific/audit evidence; current authority is R23_STATUS,"retain original bytes, manifests, raw outputs, negative fixtures, historical path metadata",ARCHIVE,962259727a5eeefb7cce8c815595214fbdd57065bbc8a6777a28e34e81157b6f,1147
reproducibility/outputs/traffic_simulation/r23_n5_rank01_evidence_review/20260913_v1/status_sync_review.json,.json,present at 64b9ee1e687273896570713f1e28ed10a788c39f; tracked,RETAINED_AS_HISTORICAL_EVIDENCE,superseded process or archived supporting evidence,immutable supporting scientific/audit evidence; current authority is R23_STATUS,"retain original bytes, manifests, raw outputs, negative fixtures, historical path metadata",ARCHIVE,a6bd258a95c9caa3cf9a40ffac099f2cd75edf133872c3f46468f2f7b6b6db73,738
reproducibility/outputs/traffic_simulation/r23_n5_runtime_optimization_audit_remediation/20260913_v1/FINAL_REPORT.md,.md,present at 64b9ee1e687273896570713f1e28ed10a788c39f; tracked,RETAINED_AS_HISTORICAL_EVIDENCE,superseded process or archived supporting evidence,immutable supporting scientific/audit evidence; current authority is R23_STATUS,"retain original bytes, manifests, raw outputs, negative fixtures, historical path metadata",ARCHIVE,1ab9494d3dca6a0cef90f29625f28a7f9f43d0260d6d5e7743ff6ebc83317a8d,9363
reproducibility/outputs/traffic_simulation/r23_n5_runtime_optimization_audit_remediation/20260913_v1/INITIAL_FINDINGS.md,.md,present at 64b9ee1e687273896570713f1e28ed10a788c39f; tracked,RETAINED_AS_HISTORICAL_EVIDENCE,superseded process or archived supporting evidence,immutable supporting scientific/audit evidence; current authority is R23_STATUS,"retain original bytes, manifests, raw outputs, negative fixtures, historical path metadata",ARCHIVE,9a4710191936bfb5fb2877052b1339644b0277ba3bd781264685d95a4813a3e2,8565
reproducibility/outputs/traffic_simulation/r23_n5_runtime_optimization_audit_remediation/20260913_v1/README.md,.md,present at 64b9ee1e687273896570713f1e28ed10a788c39f; tracked,RETAINED_AS_HISTORICAL_EVIDENCE,superseded process or archived supporting evidence,immutable supporting scientific/audit evidence; current authority is R23_STATUS,"retain original bytes, manifests, raw outputs, negative fixtures, historical path metadata",ARCHIVE,f773256e899b1a26a118eb6e151995928800908b5acccecf3ad69d4cf1dbf226,1447
reproducibility/outputs/traffic_simulation/r23_n5_runtime_optimization_audit_remediation/20260913_v1/SHA256SUMS,no-extension,present at 64b9ee1e687273896570713f1e28ed10a788c39f; tracked,RETAINED_AS_HISTORICAL_EVIDENCE,superseded process or archived supporting evidence,immutable supporting scientific/audit evidence; current authority is R23_STATUS,"retain original bytes, manifests, raw outputs, negative fixtures, historical path metadata",ARCHIVE,cf0947bd5449cb001e29dff3a9a0c1e7c7a57907bc2d92ec6a02d6003e215e09,5453
reproducibility/outputs/traffic_simulation/r23_n5_runtime_optimization_audit_remediation/20260913_v1/bit_ordering_regression.json,.json,present at 64b9ee1e687273896570713f1e28ed10a788c39f; tracked,RETAINED_AS_HISTORICAL_EVIDENCE,superseded process or archived supporting evidence,immutable supporting scientific/audit evidence; current authority is R23_STATUS,"retain original bytes, manifests, raw outputs, negative fixtures, historical path metadata",ARCHIVE,29b8f5b1d69e1f0c7111089852cbb4b9127b0e2f83b43dd87cb32d33e40ffed8,1639
reproducibility/outputs/traffic_simulation/r23_n5_runtime_optimization_audit_remediation/20260913_v1/claim_reaudit.json,.json,present at 64b9ee1e687273896570713f1e28ed10a788c39f; tracked,RETAINED_AS_HISTORICAL_EVIDENCE,superseded process or archived supporting evidence,immutable supporting scientific/audit evidence; current authority is R23_STATUS,"retain original bytes, manifests, raw outputs, negative fixtures, historical path metadata",ARCHIVE,12253d64fa81ea2bf3eca518d6113d35b6f8317cd2ecbdf4b427c6e25c3a4527,1787
reproducibility/outputs/traffic_simulation/r23_n5_runtime_optimization_audit_remediation/20260913_v1/claim_search_inventory.json,.json,present at 64b9ee1e687273896570713f1e28ed10a788c39f; tracked,RETAINED_AS_HISTORICAL_EVIDENCE,superseded process or archived supporting evidence,immutable supporting scientific/audit evidence; current authority is R23_STATUS,"retain original bytes, manifests, raw outputs, negative fixtures, historical path metadata",ARCHIVE,f218eb76dbd91b82255cb26005fb8b3a027cb5870f1c42e01909129c6adcd91e,7760841
reproducibility/outputs/traffic_simulation/r23_n5_runtime_optimization_audit_remediation/20260913_v1/execution_log_evidence.json,.json,present at 64b9ee1e687273896570713f1e28ed10a788c39f; tracked,RETAINED_AS_HISTORICAL_EVIDENCE,superseded process or archived supporting evidence,immutable supporting scientific/audit evidence; current authority is R23_STATUS,"retain original bytes, manifests, raw outputs, negative fixtures, historical path metadata",ARCHIVE,1c5f37126fd082e42873b28cc4706b30e52ad275385d0fdd5ad441e85fc1226d,109239
reproducibility/outputs/traffic_simulation/r23_n5_runtime_optimization_audit_remediation/20260913_v1/final_verification.json,.json,present at 64b9ee1e687273896570713f1e28ed10a788c39f; tracked,RETAINED_AS_HISTORICAL_EVIDENCE,superseded process or archived supporting evidence,immutable supporting scientific/audit evidence; current authority is R23_STATUS,"retain original bytes, manifests, raw outputs, negative fixtures, historical path metadata",ARCHIVE,5aed294becf29bd9e802364b58d51a96cc03180e8de86982abea1aee95ff1828,30374
reproducibility/outputs/traffic_simulation/r23_n5_runtime_optimization_audit_remediation/20260913_v1/finding_authority.json,.json,present at 64b9ee1e687273896570713f1e28ed10a788c39f; tracked,RETAINED_AS_HISTORICAL_EVIDENCE,superseded process or archived supporting evidence,immutable supporting scientific/audit evidence; current authority is R23_STATUS,"retain original bytes, manifests, raw outputs, negative fixtures, historical path metadata",ARCHIVE,d44e8d9a9fc49f57eb2f6070be6da517476f33fd5c11099f231294c65c6cba0b,11289
reproducibility/outputs/traffic_simulation/r23_n5_runtime_optimization_audit_remediation/20260913_v1/finding_closure_register.json,.json,present at 64b9ee1e687273896570713f1e28ed10a788c39f; tracked,RETAINED_AS_HISTORICAL_EVIDENCE,superseded process or archived supporting evidence,immutable supporting scientific/audit evidence; current authority is R23_STATUS,"retain original bytes, manifests, raw outputs, negative fixtures, historical path metadata",ARCHIVE,f03d1bed302fd48ebf8d6746b6fbb0620d0bf1d64daeda24b6edeb116fcf9719,37712
reproducibility/outputs/traffic_simulation/r23_n5_runtime_optimization_audit_remediation/20260913_v1/historical_generator_sources/1_build_artifact.py.txt,.txt,present at 64b9ee1e687273896570713f1e28ed10a788c39f; tracked,RETAINED_AS_HISTORICAL_EVIDENCE,superseded process or archived supporting evidence,immutable supporting scientific/audit evidence; current authority is R23_STATUS,"retain original bytes, manifests, raw outputs, negative fixtures, historical path metadata",ARCHIVE,7d0db10bdcb6aab1fabddaa0a2d5677c84d936ea7584ada1f6262f65031e59bd,5801
reproducibility/outputs/traffic_simulation/r23_n5_runtime_optimization_audit_remediation/20260913_v1/historical_generator_sources/2_run_equivalence.py.txt,.txt,present at 64b9ee1e687273896570713f1e28ed10a788c39f; tracked,RETAINED_AS_HISTORICAL_EVIDENCE,superseded process or archived supporting evidence,immutable supporting scientific/audit evidence; current authority is R23_STATUS,"retain original bytes, manifests, raw outputs, negative fixtures, historical path metadata",ARCHIVE,969f09874c74121ae13d30e8a7f2f7efda569259ad6a5528687ef0d537b0c65c,9043
reproducibility/outputs/traffic_simulation/r23_n5_runtime_optimization_audit_remediation/20260913_v1/historical_generator_sources/3_r23_n5_scaling_evidence_review.py.txt,.txt,present at 64b9ee1e687273896570713f1e28ed10a788c39f; tracked,RETAINED_AS_HISTORICAL_EVIDENCE,superseded process or archived supporting evidence,immutable supporting scientific/audit evidence; current authority is R23_STATUS,"retain original bytes, manifests, raw outputs, negative fixtures, historical path metadata",ARCHIVE,f1a299edc9a55047c47d0573eeacc71310afeef3a15d79645152a11aa79cc668,6915
reproducibility/outputs/traffic_simulation/r23_n5_runtime_optimization_audit_remediation/20260913_v1/historical_generator_sources/4_r23_n5_runtime_optimization_code_audit.py.txt,.txt,present at 64b9ee1e687273896570713f1e28ed10a788c39f; tracked,RETAINED_AS_HISTORICAL_EVIDENCE,superseded process or archived supporting evidence,immutable supporting scientific/audit evidence; current authority is R23_STATUS,"retain original bytes, manifests, raw outputs, negative fixtures, historical path metadata",ARCHIVE,c91fcda8b186060af182186772bf9713765fa9d5a045a8799a752594c388bf4b,16096
reproducibility/outputs/traffic_simulation/r23_n5_runtime_optimization_audit_remediation/20260913_v1/historical_run_snapshots/routing_v18_n5_rank01/resource_record.json,.json,present at 64b9ee1e687273896570713f1e28ed10a788c39f; tracked,RETAINED_AS_HISTORICAL_EVIDENCE,superseded process or archived supporting evidence,immutable supporting scientific/audit evidence; current authority is R23_STATUS,"retain original bytes, manifests, raw outputs, negative fixtures, historical path metadata",ARCHIVE,a533b34317e82b0b7a85bb5bfe9740b54f14f7cf6c6aada6a30aad02f0bee0a2,528
reproducibility/outputs/traffic_simulation/r23_n5_runtime_optimization_audit_remediation/20260913_v1/historical_run_snapshots/routing_v18_n5_rank01/scientific_result.json,.json,present at 64b9ee1e687273896570713f1e28ed10a788c39f; tracked,RETAINED_AS_HISTORICAL_EVIDENCE,superseded process or archived supporting evidence,immutable supporting scientific/audit evidence; current authority is R23_STATUS,"retain original bytes, manifests, raw outputs, negative fixtures, historical path metadata",ARCHIVE,43eceae6d7e6459ba4a10094c8d358677b87999af1ccbfb6f25ab03cd11360b9,3500
reproducibility/outputs/traffic_simulation/r23_n5_runtime_optimization_audit_remediation/20260913_v1/historical_run_snapshots/routing_v18_n5_rank01/terminal_record.json,.json,present at 64b9ee1e687273896570713f1e28ed10a788c39f; tracked,RETAINED_AS_HISTORICAL_EVIDENCE,superseded process or archived supporting evidence,immutable supporting scientific/audit evidence; current authority is R23_STATUS,"retain original bytes, manifests, raw outputs, negative fixtures, historical path metadata",ARCHIVE,115884b567b70bbd26b60e5a35991a6a47ad59985a435b40477622f45736ebc5,293
reproducibility/outputs/traffic_simulation/r23_n5_runtime_optimization_audit_remediation/20260913_v1/historical_run_snapshots/routing_v18_n5_rank02/resource_record.json,.json,present at 64b9ee1e687273896570713f1e28ed10a788c39f; tracked,RETAINED_AS_HISTORICAL_EVIDENCE,superseded process or archived supporting evidence,immutable supporting scientific/audit evidence; current authority is R23_STATUS,"retain original bytes, manifests, raw outputs, negative fixtures, historical path metadata",ARCHIVE,3b04a037ab5a645002cf466f9a12580471bddfce5c89cf1566844326e5ea5eaf,532
reproducibility/outputs/traffic_simulation/r23_n5_runtime_optimization_audit_remediation/20260913_v1/historical_run_snapshots/routing_v18_n5_rank02/scientific_result.json,.json,present at 64b9ee1e687273896570713f1e28ed10a788c39f; tracked,RETAINED_AS_HISTORICAL_EVIDENCE,superseded process or archived supporting evidence,immutable supporting scientific/audit evidence; current authority is R23_STATUS,"retain original bytes, manifests, raw outputs, negative fixtures, historical path metadata",ARCHIVE,133c8daa531d1f12a6f9343931f6acbc1143c2a8e21772eedebcf8db438eefe8,3808
reproducibility/outputs/traffic_simulation/r23_n5_runtime_optimization_audit_remediation/20260913_v1/historical_run_snapshots/routing_v18_n5_rank02/terminal_record.json,.json,present at 64b9ee1e687273896570713f1e28ed10a788c39f; tracked,RETAINED_AS_HISTORICAL_EVIDENCE,superseded process or archived supporting evidence,immutable supporting scientific/audit evidence; current authority is R23_STATUS,"retain original bytes, manifests, raw outputs, negative fixtures, historical path metadata",ARCHIVE,1eb5832f25250d5c61792f3b499271a7bbecc834650c453ab738ca80c35a1bb9,287
reproducibility/outputs/traffic_simulation/r23_n5_runtime_optimization_audit_remediation/20260913_v1/historical_run_snapshots/routing_v18_n5_rank03/resource_record.json,.json,present at 64b9ee1e687273896570713f1e28ed10a788c39f; tracked,RETAINED_AS_HISTORICAL_EVIDENCE,superseded process or archived supporting evidence,immutable supporting scientific/audit evidence; current authority is R23_STATUS,"retain original bytes, manifests, raw outputs, negative fixtures, historical path metadata",ARCHIVE,b880345244937f006aae7a1c0b8acb6971bd9cfa0f7dfd2f423020a8d5561c2f,531
reproducibility/outputs/traffic_simulation/r23_n5_runtime_optimization_audit_remediation/20260913_v1/historical_run_snapshots/routing_v18_n5_rank03/scientific_result.json,.json,present at 64b9ee1e687273896570713f1e28ed10a788c39f; tracked,RETAINED_AS_HISTORICAL_EVIDENCE,superseded process or archived supporting evidence,immutable supporting scientific/audit evidence; current authority is R23_STATUS,"retain original bytes, manifests, raw outputs, negative fixtures, historical path metadata",ARCHIVE,45d9641ac28c315b9fa0701a8b80ab08e2c5ccb2e84c8310cb8047896e69a195,3816
reproducibility/outputs/traffic_simulation/r23_n5_runtime_optimization_audit_remediation/20260913_v1/historical_run_snapshots/routing_v18_n5_rank03/terminal_record.json,.json,present at 64b9ee1e687273896570713f1e28ed10a788c39f; tracked,RETAINED_AS_HISTORICAL_EVIDENCE,superseded process or archived supporting evidence,immutable supporting scientific/audit evidence; current authority is R23_STATUS,"retain original bytes, manifests, raw outputs, negative fixtures, historical path metadata",ARCHIVE,83c56637a5c9d1cd3463adf15df4abed8ac7d7ef928ef71a10f532c680369b26,287
reproducibility/outputs/traffic_simulation/r23_n5_runtime_optimization_audit_remediation/20260913_v1/i01_probability_integrity_remediation.json,.json,present at 64b9ee1e687273896570713f1e28ed10a788c39f; tracked,RETAINED_AS_HISTORICAL_EVIDENCE,superseded process or archived supporting evidence,immutable supporting scientific/audit evidence; current authority is R23_STATUS,"retain original bytes, manifests, raw outputs, negative fixtures, historical path metadata",ARCHIVE,d9289f16344009abb000ea5e7c32e23db003a1e46c3e5d4c4a42b662f69e52cf,662
reproducibility/outputs/traffic_simulation/r23_n5_runtime_optimization_audit_remediation/20260913_v1/i02_execution_provenance_reconstruction.json,.json,present at 64b9ee1e687273896570713f1e28ed10a788c39f; tracked,RETAINED_AS_HISTORICAL_EVIDENCE,superseded process or archived supporting evidence,immutable supporting scientific/audit evidence; current authority is R23_STATUS,"retain original bytes, manifests, raw outputs, negative fixtures, historical path metadata",ARCHIVE,78a875d85db963a66df6fe168f72a533264b8f6f1001d9d78533e6c0de2a7158,9127
reproducibility/outputs/traffic_simulation/r23_n5_runtime_optimization_audit_remediation/20260913_v1/i03_validation_gate_remediation.json,.json,present at 64b9ee1e687273896570713f1e28ed10a788c39f; tracked,RETAINED_AS_HISTORICAL_EVIDENCE,superseded process or archived supporting evidence,immutable supporting scientific/audit evidence; current authority is R23_STATUS,"retain original bytes, manifests, raw outputs, negative fixtures, historical path metadata",ARCHIVE,d63bb0e5d5825f83dd0c7c2ba31a364850270ebea2f69310ae4a8205a0c6cc32,4164
reproducibility/outputs/traffic_simulation/r23_n5_runtime_optimization_audit_remediation/20260913_v1/i04_convergence_claim_remediation.json,.json,present at 64b9ee1e687273896570713f1e28ed10a788c39f; tracked,RETAINED_AS_HISTORICAL_EVIDENCE,superseded process or archived supporting evidence,immutable supporting scientific/audit evidence; current authority is R23_STATUS,"retain original bytes, manifests, raw outputs, negative fixtures, historical path metadata",ARCHIVE,2dcaa3e1eae38b7ce1fe64ce3b7b055f9fce4de4cfa5572c442f5429578ed704,820
reproducibility/outputs/traffic_simulation/r23_n5_runtime_optimization_audit_remediation/20260913_v1/i05_stopping_rule_authority_review.json,.json,present at 64b9ee1e687273896570713f1e28ed10a788c39f; tracked,RETAINED_AS_HISTORICAL_EVIDENCE,superseded process or archived supporting evidence,immutable supporting scientific/audit evidence; current authority is R23_STATUS,"retain original bytes, manifests, raw outputs, negative fixtures, historical path metadata",ARCHIVE,b9664fd14a9bd06a309874554e0ef09eb32fdb5030691efbab0dacd45f9aea5f,1185
reproducibility/outputs/traffic_simulation/r23_n5_runtime_optimization_audit_remediation/20260913_v1/i06_optimizer_authority_review.json,.json,present at 64b9ee1e687273896570713f1e28ed10a788c39f; tracked,RETAINED_AS_HISTORICAL_EVIDENCE,superseded process or archived supporting evidence,immutable supporting scientific/audit evidence; current authority is R23_STATUS,"retain original bytes, manifests, raw outputs, negative fixtures, historical path metadata",ARCHIVE,e58539bd17fa78d74cd34cc48428a313a1d350f095813e6b2716bab13cc6fd08,1073
reproducibility/outputs/traffic_simulation/r23_n5_runtime_optimization_audit_remediation/20260913_v1/i07_lambda_erratum.json,.json,present at 64b9ee1e687273896570713f1e28ed10a788c39f; tracked,RETAINED_AS_HISTORICAL_EVIDENCE,superseded process or archived supporting evidence,immutable supporting scientific/audit evidence; current authority is R23_STATUS,"retain original bytes, manifests, raw outputs, negative fixtures, historical path metadata",ARCHIVE,646d17a94590fb171d3b77ba3bc939213d7cc2520535adfee4560d54d56aec7f,554
reproducibility/outputs/traffic_simulation/r23_n5_runtime_optimization_audit_remediation/20260913_v1/i08_benchmark_claim_remediation.json,.json,present at 64b9ee1e687273896570713f1e28ed10a788c39f; tracked,RETAINED_AS_HISTORICAL_EVIDENCE,superseded process or archived supporting evidence,immutable supporting scientific/audit evidence; current authority is R23_STATUS,"retain original bytes, manifests, raw outputs, negative fixtures, historical path metadata",ARCHIVE,9bd3408a9057dddcab3143bfe6b11f7f35195e45cdbe8890a47ca8f09cbac0ec,1112
reproducibility/outputs/traffic_simulation/r23_n5_runtime_optimization_audit_remediation/20260913_v1/i09_selective_reporting_remediation.json,.json,present at 64b9ee1e687273896570713f1e28ed10a788c39f; tracked,RETAINED_AS_HISTORICAL_EVIDENCE,superseded process or archived supporting evidence,immutable supporting scientific/audit evidence; current authority is R23_STATUS,"retain original bytes, manifests, raw outputs, negative fixtures, historical path metadata",ARCHIVE,aa5d8af49eb259a7f0e48e5ff87b27b8c3379610b706337a6ca63d867d10d4e7,678
reproducibility/outputs/traffic_simulation/r23_n5_runtime_optimization_audit_remediation/20260913_v1/i10_execution_metadata_contract.json,.json,present at 64b9ee1e687273896570713f1e28ed10a788c39f; tracked,RETAINED_AS_HISTORICAL_EVIDENCE,superseded process or archived supporting evidence,immutable supporting scientific/audit evidence; current authority is R23_STATUS,"retain original bytes, manifests, raw outputs, negative fixtures, historical path metadata",ARCHIVE,4706736045ab1b969c8c96c4b66daf1c9dbe11b16bc216a857db20da5751f188,1218
reproducibility/outputs/traffic_simulation/r23_n5_runtime_optimization_audit_remediation/20260913_v1/invalid_input_regression.json,.json,present at 64b9ee1e687273896570713f1e28ed10a788c39f; tracked,RETAINED_AS_HISTORICAL_EVIDENCE,superseded process or archived supporting evidence,immutable supporting scientific/audit evidence; current authority is R23_STATUS,"retain original bytes, manifests, raw outputs, negative fixtures, historical path metadata",ARCHIVE,a5cdd737be9e65d18b3eb024317878980b1471c0631f5223733f91af86504323,3986
reproducibility/outputs/traffic_simulation/r23_n5_runtime_optimization_audit_remediation/20260913_v1/legacy_generator_retirement.json,.json,present at 64b9ee1e687273896570713f1e28ed10a788c39f; tracked,RETAINED_AS_HISTORICAL_EVIDENCE,superseded process or archived supporting evidence,immutable supporting scientific/audit evidence; current authority is R23_STATUS,"retain original bytes, manifests, raw outputs, negative fixtures, historical path metadata",ARCHIVE,e4c9408ac6e9334430586209d60fa0d49ff72ba7c3be733102acc3b2bf80d357,1983
reproducibility/outputs/traffic_simulation/r23_n5_runtime_optimization_audit_remediation/20260913_v1/multiple_optimum_regression.json,.json,present at 64b9ee1e687273896570713f1e28ed10a788c39f; tracked,RETAINED_AS_HISTORICAL_EVIDENCE,superseded process or archived supporting evidence,immutable supporting scientific/audit evidence; current authority is R23_STATUS,"retain original bytes, manifests, raw outputs, negative fixtures, historical path metadata",ARCHIVE,39a01f08eea313dc7e684c766b4929236738fac53cc09985c5114d87cd3c25c8,533
reproducibility/outputs/traffic_simulation/r23_n5_runtime_optimization_audit_remediation/20260913_v1/original_artifact_immutability.json,.json,present at 64b9ee1e687273896570713f1e28ed10a788c39f; tracked,RETAINED_AS_HISTORICAL_EVIDENCE,superseded process or archived supporting evidence,immutable supporting scientific/audit evidence; current authority is R23_STATUS,"retain original bytes, manifests, raw outputs, negative fixtures, historical path metadata",ARCHIVE,b226d51ff06b450f2bd2ac7ceb2c2d8fc11734478c8c7cd06406ed18d4320e44,74736
reproducibility/outputs/traffic_simulation/r23_n5_runtime_optimization_audit_remediation/20260913_v1/original_artifact_snapshot.json,.json,present at 64b9ee1e687273896570713f1e28ed10a788c39f; tracked,RETAINED_AS_HISTORICAL_EVIDENCE,superseded process or archived supporting evidence,immutable supporting scientific/audit evidence; current authority is R23_STATUS,"retain original bytes, manifests, raw outputs, negative fixtures, historical path metadata",ARCHIVE,4e91065366bd2c3c14505360abafa8d3d1e58311f01d314fb213a3e41be9b11d,47282
reproducibility/outputs/traffic_simulation/r23_n5_runtime_optimization_audit_remediation/20260913_v1/provenance_status_by_run.json,.json,present at 64b9ee1e687273896570713f1e28ed10a788c39f; tracked,RETAINED_AS_HISTORICAL_EVIDENCE,superseded process or archived supporting evidence,immutable supporting scientific/audit evidence; current authority is R23_STATUS,"retain original bytes, manifests, raw outputs, negative fixtures, historical path metadata",ARCHIVE,791de73d83337fa908e8e38aceb2ba08d99994c905a50e6ecf86330fc6375c16,7934
reproducibility/outputs/traffic_simulation/r23_n5_runtime_optimization_audit_remediation/20260913_v1/reconstructed_sources/historical_helper.py.txt,.txt,present at 64b9ee1e687273896570713f1e28ed10a788c39f; tracked,RETAINED_AS_HISTORICAL_EVIDENCE,superseded process or archived supporting evidence,immutable supporting scientific/audit evidence; current authority is R23_STATUS,"retain original bytes, manifests, raw outputs, negative fixtures, historical path metadata",ARCHIVE,c0892b96e375fe2c274eaab74dfeb59cb8ec3a8a1331bb44bca3bd22dc9a9691,1578
reproducibility/outputs/traffic_simulation/r23_n5_runtime_optimization_audit_remediation/20260913_v1/reconstructed_sources/rank01_runner.py.txt,.txt,present at 64b9ee1e687273896570713f1e28ed10a788c39f; tracked,RETAINED_AS_HISTORICAL_EVIDENCE,superseded process or archived supporting evidence,immutable supporting scientific/audit evidence; current authority is R23_STATUS,"retain original bytes, manifests, raw outputs, negative fixtures, historical path metadata",ARCHIVE,7f920468dd24e2e0991bb41150b088d0ae3b629443dde0e867997d8e8b0190e5,11435
reproducibility/outputs/traffic_simulation/r23_n5_runtime_optimization_audit_remediation/20260913_v1/reconstructed_sources/rank02_rank03_qaoa.py.txt,.txt,present at 64b9ee1e687273896570713f1e28ed10a788c39f; tracked,RETAINED_AS_HISTORICAL_EVIDENCE,superseded process or archived supporting evidence,immutable supporting scientific/audit evidence; current authority is R23_STATUS,"retain original bytes, manifests, raw outputs, negative fixtures, historical path metadata",ARCHIVE,b5ceb73312f623c8446c55576f31b528c4057834d6d8fd9a2f9d2835e4954056,20931
reproducibility/outputs/traffic_simulation/r23_n5_runtime_optimization_audit_remediation/20260913_v1/reconstructed_sources/rank02_rank03_runner.py.txt,.txt,present at 64b9ee1e687273896570713f1e28ed10a788c39f; tracked,RETAINED_AS_HISTORICAL_EVIDENCE,superseded process or archived supporting evidence,immutable supporting scientific/audit evidence; current authority is R23_STATUS,"retain original bytes, manifests, raw outputs, negative fixtures, historical path metadata",ARCHIVE,76a0b89d4999abad7fb7472740b84ac128c1863571299ef43ed7e9f43924d254,11910
reproducibility/outputs/traffic_simulation/r23_n5_runtime_optimization_audit_remediation/20260913_v1/regression_evidence.json,.json,present at 64b9ee1e687273896570713f1e28ed10a788c39f; tracked,RETAINED_AS_HISTORICAL_EVIDENCE,superseded process or archived supporting evidence,immutable supporting scientific/audit evidence; current authority is R23_STATUS,"retain original bytes, manifests, raw outputs, negative fixtures, historical path metadata",ARCHIVE,f5166ec7baeb8f8897308baf32a65c2de3c063b7b6dfa6efec2a74922b6ec1ca,14774
reproducibility/outputs/traffic_simulation/r23_n5_runtime_optimization_audit_remediation/20260913_v1/remediation_gate.json,.json,present at 64b9ee1e687273896570713f1e28ed10a788c39f; tracked,RETAINED_AS_HISTORICAL_EVIDENCE,superseded process or archived supporting evidence,immutable supporting scientific/audit evidence; current authority is R23_STATUS,"retain original bytes, manifests, raw outputs, negative fixtures, historical path metadata",ARCHIVE,1dc34514daf256c74f727e0dc46a98d6b0d5b5af702bcda2712a0d62eccfa610,870
reproducibility/outputs/traffic_simulation/r23_n5_runtime_optimization_audit_remediation/20260913_v1/researcher_degrees_of_freedom_updated.json,.json,present at 64b9ee1e687273896570713f1e28ed10a788c39f; tracked,RETAINED_AS_HISTORICAL_EVIDENCE,superseded process or archived supporting evidence,immutable supporting scientific/audit evidence; current authority is R23_STATUS,"retain original bytes, manifests, raw outputs, negative fixtures, historical path metadata",ARCHIVE,ef83f1ee2dc7259376d4a4b243823ee6d8d3ed64b0275f9f6f72b4674d9198f4,9915
reproducibility/outputs/traffic_simulation/r23_n5_runtime_optimization_audit_remediation/20260913_v1/source_change_classification.json,.json,present at 64b9ee1e687273896570713f1e28ed10a788c39f; tracked,RETAINED_AS_HISTORICAL_EVIDENCE,superseded process or archived supporting evidence,immutable supporting scientific/audit evidence; current authority is R23_STATUS,"retain original bytes, manifests, raw outputs, negative fixtures, historical path metadata",ARCHIVE,f93f51acc38a8bd454dab5f1a0ed5433d7a65d3cd2fafabcd5a5da318345bd29,136048
reproducibility/outputs/traffic_simulation/r23_n5_runtime_optimization_audit_remediation/20260913_v1/start_state.json,.json,present at 64b9ee1e687273896570713f1e28ed10a788c39f; tracked,RETAINED_AS_HISTORICAL_EVIDENCE,superseded process or archived supporting evidence,immutable supporting scientific/audit evidence; current authority is R23_STATUS,"retain original bytes, manifests, raw outputs, negative fixtures, historical path metadata",ARCHIVE,919dbb2dd3f43a7c6d3e21d857aa3954dc6671b9dd1c178d9085403ff05fa67f,987
reproducibility/outputs/traffic_simulation/r23_n5_runtime_optimization_audit_remediation/20260913_v1/valid_domain_regression.json,.json,present at 64b9ee1e687273896570713f1e28ed10a788c39f; tracked,RETAINED_AS_HISTORICAL_EVIDENCE,superseded process or archived supporting evidence,immutable supporting scientific/audit evidence; current authority is R23_STATUS,"retain original bytes, manifests, raw outputs, negative fixtures, historical path metadata",ARCHIVE,dd754def7344a2cc0aed58822e587fdb6c44214489afa8afa807cb2af40ad917,9557
reproducibility/outputs/traffic_simulation/r23_n5_runtime_optimization_audit_remediation/20260913_v1/validation_pass_search.json,.json,present at 64b9ee1e687273896570713f1e28ed10a788c39f; tracked,RETAINED_AS_HISTORICAL_EVIDENCE,superseded process or archived supporting evidence,immutable supporting scientific/audit evidence; current authority is R23_STATUS,"retain original bytes, manifests, raw outputs, negative fixtures, historical path metadata",ARCHIVE,7a4e4a5278da5f95e765180fc88492900343fa8299cc56e1dbca715665eb1c66,32603
reproducibility/outputs/traffic_simulation/r23_n5_runtime_optimization_audit_remediation/20260913_v1/validation_test_manifest.json,.json,present at 64b9ee1e687273896570713f1e28ed10a788c39f; tracked,RETAINED_AS_HISTORICAL_EVIDENCE,superseded process or archived supporting evidence,immutable supporting scientific/audit evidence; current authority is R23_STATUS,"retain original bytes, manifests, raw outputs, negative fixtures, historical path metadata",ARCHIVE,019c9902e785cdc5579ad0520e9e18d1c5c0ebf40198fb7d3f65e8fc133b1d2b,6677
reproducibility/outputs/traffic_simulation/r23_n5_runtime_optimization_code_audit/20260913_v1/README.md,.md,present at 64b9ee1e687273896570713f1e28ed10a788c39f; tracked,RETAINED_AS_HISTORICAL_EVIDENCE,superseded process or archived supporting evidence,immutable supporting scientific/audit evidence; current authority is R23_STATUS,"retain original bytes, manifests, raw outputs, negative fixtures, historical path metadata",ARCHIVE,d7352c004b95c5087122f3e5b65077fad941beb54e838495c68449c018d44f63,538
reproducibility/outputs/traffic_simulation/r23_n5_runtime_optimization_code_audit/20260913_v1/SHA256SUMS,no-extension,present at 64b9ee1e687273896570713f1e28ed10a788c39f; tracked,RETAINED_AS_HISTORICAL_EVIDENCE,superseded process or archived supporting evidence,immutable supporting scientific/audit evidence; current authority is R23_STATUS,"retain original bytes, manifests, raw outputs, negative fixtures, historical path metadata",ARCHIVE,ec314bfb158f7fbcb73fb65d16b1d4a6e35e39b9c40fe24e2e62bdfa7957ea7e,2404
reproducibility/outputs/traffic_simulation/r23_n5_runtime_optimization_code_audit/20260913_v1/acceptance_gate.json,.json,present at 64b9ee1e687273896570713f1e28ed10a788c39f; tracked,RETAINED_AS_HISTORICAL_EVIDENCE,superseded process or archived supporting evidence,immutable supporting scientific/audit evidence; current authority is R23_STATUS,"retain original bytes, manifests, raw outputs, negative fixtures, historical path metadata",ARCHIVE,8125a1a7a3a758d7b6038517662f8bdbff464fc7915e82f5f349a0f4b6b62288,880
reproducibility/outputs/traffic_simulation/r23_n5_runtime_optimization_code_audit/20260913_v1/artifact_immutability_audit.json,.json,present at 64b9ee1e687273896570713f1e28ed10a788c39f; tracked,RETAINED_AS_HISTORICAL_EVIDENCE,superseded process or archived supporting evidence,immutable supporting scientific/audit evidence; current authority is R23_STATUS,"retain original bytes, manifests, raw outputs, negative fixtures, historical path metadata",ARCHIVE,13f5cddd94d19607d41cffb4ae9b9a6f2ca996243d012976766d51e7b1b3c127,278
reproducibility/outputs/traffic_simulation/r23_n5_runtime_optimization_code_audit/20260913_v1/audit_scope.json,.json,present at 64b9ee1e687273896570713f1e28ed10a788c39f; tracked,RETAINED_AS_HISTORICAL_EVIDENCE,superseded process or archived supporting evidence,immutable supporting scientific/audit evidence; current authority is R23_STATUS,"retain original bytes, manifests, raw outputs, negative fixtures, historical path metadata",ARCHIVE,915208fc4428f68e4014ffcdb03de0f5c251912f6fefdac43cc941c8c0fe0614,2604
reproducibility/outputs/traffic_simulation/r23_n5_runtime_optimization_code_audit/20260913_v1/bit_ordering_audit.json,.json,present at 64b9ee1e687273896570713f1e28ed10a788c39f; tracked,RETAINED_AS_HISTORICAL_EVIDENCE,superseded process or archived supporting evidence,immutable supporting scientific/audit evidence; current authority is R23_STATUS,"retain original bytes, manifests, raw outputs, negative fixtures, historical path metadata",ARCHIVE,ba04ca5c06f608150eb4f00ffb761a49d9baa4a39a6aad4b721585dae68abab4,263
reproducibility/outputs/traffic_simulation/r23_n5_runtime_optimization_code_audit/20260913_v1/claim_audit.json,.json,present at 64b9ee1e687273896570713f1e28ed10a788c39f; tracked,RETAINED_AS_HISTORICAL_EVIDENCE,superseded process or archived supporting evidence,immutable supporting scientific/audit evidence; current authority is R23_STATUS,"retain original bytes, manifests, raw outputs, negative fixtures, historical path metadata",ARCHIVE,4360bf749200f0e7bdd97396011ecd49e7b847d63adf7eeb76d43028ded8ccf0,440
reproducibility/outputs/traffic_simulation/r23_n5_runtime_optimization_code_audit/20260913_v1/exact_optimum_leakage_audit.json,.json,present at 64b9ee1e687273896570713f1e28ed10a788c39f; tracked,RETAINED_AS_HISTORICAL_EVIDENCE,superseded process or archived supporting evidence,immutable supporting scientific/audit evidence; current authority is R23_STATUS,"retain original bytes, manifests, raw outputs, negative fixtures, historical path metadata",ARCHIVE,696aa7d57374f4534a02b434d17814761014add354b4cb833414bd6c024d319b,255
reproducibility/outputs/traffic_simulation/r23_n5_runtime_optimization_code_audit/20260913_v1/failure_path_audit.json,.json,present at 64b9ee1e687273896570713f1e28ed10a788c39f; tracked,RETAINED_AS_HISTORICAL_EVIDENCE,superseded process or archived supporting evidence,immutable supporting scientific/audit evidence; current authority is R23_STATUS,"retain original bytes, manifests, raw outputs, negative fixtures, historical path metadata",ARCHIVE,6174e04e6528ff40beca89cedaca6f06fe087dd1d5fb28d87a4d847698a0ca3d,584
reproducibility/outputs/traffic_simulation/r23_n5_runtime_optimization_code_audit/20260913_v1/finding_register.json,.json,present at 64b9ee1e687273896570713f1e28ed10a788c39f; tracked,RETAINED_AS_HISTORICAL_EVIDENCE,superseded process or archived supporting evidence,immutable supporting scientific/audit evidence; current authority is R23_STATUS,"retain original bytes, manifests, raw outputs, negative fixtures, historical path metadata",ARCHIVE,b2efda5de4dfd2603051f32aaaefa66ea70df7aafc8d6ba0a0fadbb058d468c1,882
reproducibility/outputs/traffic_simulation/r23_n5_runtime_optimization_code_audit/20260913_v1/git_provenance_audit.json,.json,present at 64b9ee1e687273896570713f1e28ed10a788c39f; tracked,RETAINED_AS_HISTORICAL_EVIDENCE,superseded process or archived supporting evidence,immutable supporting scientific/audit evidence; current authority is R23_STATUS,"retain original bytes, manifests, raw outputs, negative fixtures, historical path metadata",ARCHIVE,e1fe544c578807a40afb1621c4c588a5314fc7349e2ad2f2f4c291d56dbf37e2,654
reproducibility/outputs/traffic_simulation/r23_n5_runtime_optimization_code_audit/20260913_v1/hamiltonian_qubo_audit.json,.json,present at 64b9ee1e687273896570713f1e28ed10a788c39f; tracked,RETAINED_AS_HISTORICAL_EVIDENCE,superseded process or archived supporting evidence,immutable supporting scientific/audit evidence; current authority is R23_STATUS,"retain original bytes, manifests, raw outputs, negative fixtures, historical path metadata",ARCHIVE,a0525262aa4ac49abd84793e19f12df82f6be02c59bb970e9b4853ad552e7c9f,334
reproducibility/outputs/traffic_simulation/r23_n5_runtime_optimization_code_audit/20260913_v1/hard_coding_audit.json,.json,present at 64b9ee1e687273896570713f1e28ed10a788c39f; tracked,RETAINED_AS_HISTORICAL_EVIDENCE,superseded process or archived supporting evidence,immutable supporting scientific/audit evidence; current authority is R23_STATUS,"retain original bytes, manifests, raw outputs, negative fixtures, historical path metadata",ARCHIVE,9c424aa7c3c7a431fea22953668aa8dd47d7f3c8494e3cc75b88d0508f3f70d4,468
reproducibility/outputs/traffic_simulation/r23_n5_runtime_optimization_code_audit/20260913_v1/independent_validation_audit.json,.json,present at 64b9ee1e687273896570713f1e28ed10a788c39f; tracked,RETAINED_AS_HISTORICAL_EVIDENCE,superseded process or archived supporting evidence,immutable supporting scientific/audit evidence; current authority is R23_STATUS,"retain original bytes, manifests, raw outputs, negative fixtures, historical path metadata",ARCHIVE,54d7424574d298a0b549b40074083a7c859ec5503f48b1d55158f7236c3c998a,475
reproducibility/outputs/traffic_simulation/r23_n5_runtime_optimization_code_audit/20260913_v1/instance_selection_audit.json,.json,present at 64b9ee1e687273896570713f1e28ed10a788c39f; tracked,RETAINED_AS_HISTORICAL_EVIDENCE,superseded process or archived supporting evidence,immutable supporting scientific/audit evidence; current authority is R23_STATUS,"retain original bytes, manifests, raw outputs, negative fixtures, historical path metadata",ARCHIVE,077842f1b489b8b250b95c62171aac4e0b4575d01259b98491e841204991265e,320
reproducibility/outputs/traffic_simulation/r23_n5_runtime_optimization_code_audit/20260913_v1/line_diff_classification.json,.json,present at 64b9ee1e687273896570713f1e28ed10a788c39f; tracked,RETAINED_AS_HISTORICAL_EVIDENCE,superseded process or archived supporting evidence,immutable supporting scientific/audit evidence; current authority is R23_STATUS,"retain original bytes, manifests, raw outputs, negative fixtures, historical path metadata",ARCHIVE,eb24564237bf181b89f07e8a440ea23c8c2ee235100ee418761097c793466f0b,903
reproducibility/outputs/traffic_simulation/r23_n5_runtime_optimization_code_audit/20260913_v1/memory_benchmark_audit.json,.json,present at 64b9ee1e687273896570713f1e28ed10a788c39f; tracked,RETAINED_AS_HISTORICAL_EVIDENCE,superseded process or archived supporting evidence,immutable supporting scientific/audit evidence; current authority is R23_STATUS,"retain original bytes, manifests, raw outputs, negative fixtures, historical path metadata",ARCHIVE,4783695a383cde8e6ee3e890360a2f3854f6a5b1c0a2e5100491cbb5718803b7,429
reproducibility/outputs/traffic_simulation/r23_n5_runtime_optimization_code_audit/20260913_v1/optimizer_selection_audit.json,.json,present at 64b9ee1e687273896570713f1e28ed10a788c39f; tracked,RETAINED_AS_HISTORICAL_EVIDENCE,superseded process or archived supporting evidence,immutable supporting scientific/audit evidence; current authority is R23_STATUS,"retain original bytes, manifests, raw outputs, negative fixtures, historical path metadata",ARCHIVE,1c0331a247ae2b4088a9dd493777f2dba9de3e7941ab7ae8dcae34a39ad87aa8,362
reproducibility/outputs/traffic_simulation/r23_n5_runtime_optimization_code_audit/20260913_v1/parameter_authority_audit.json,.json,present at 64b9ee1e687273896570713f1e28ed10a788c39f; tracked,RETAINED_AS_HISTORICAL_EVIDENCE,superseded process or archived supporting evidence,immutable supporting scientific/audit evidence; current authority is R23_STATUS,"retain original bytes, manifests, raw outputs, negative fixtures, historical path metadata",ARCHIVE,a558d2bb4a71271aca02eb558c67590f7cec6566e066eced1fbdd0900e5ff81d,3439
reproducibility/outputs/traffic_simulation/r23_n5_runtime_optimization_code_audit/20260913_v1/post_hoc_change_audit.json,.json,present at 64b9ee1e687273896570713f1e28ed10a788c39f; tracked,RETAINED_AS_HISTORICAL_EVIDENCE,superseded process or archived supporting evidence,immutable supporting scientific/audit evidence; current authority is R23_STATUS,"retain original bytes, manifests, raw outputs, negative fixtures, historical path metadata",ARCHIVE,c8d03e172854ea74313bf3e23cb57d79c2189f7a2cd2af368a8a5b63bf938c14,472
reproducibility/outputs/traffic_simulation/r23_n5_runtime_optimization_code_audit/20260913_v1/probability_definition_audit.json,.json,present at 64b9ee1e687273896570713f1e28ed10a788c39f; tracked,RETAINED_AS_HISTORICAL_EVIDENCE,superseded process or archived supporting evidence,immutable supporting scientific/audit evidence; current authority is R23_STATUS,"retain original bytes, manifests, raw outputs, negative fixtures, historical path metadata",ARCHIVE,57bf0ac5b61c830a35b429c33dc2570bc12b54122670320da7fc8369c41ad24c,352
reproducibility/outputs/traffic_simulation/r23_n5_runtime_optimization_code_audit/20260913_v1/researcher_degrees_of_freedom.json,.json,present at 64b9ee1e687273896570713f1e28ed10a788c39f; tracked,RETAINED_AS_HISTORICAL_EVIDENCE,superseded process or archived supporting evidence,immutable supporting scientific/audit evidence; current authority is R23_STATUS,"retain original bytes, manifests, raw outputs, negative fixtures, historical path metadata",ARCHIVE,6308253b052ad1e3e98f81e42909b6c75c36c7fbfcfe25e15bcecc2cb190beba,4061
reproducibility/outputs/traffic_simulation/r23_n5_runtime_optimization_code_audit/20260913_v1/runtime_benchmark_audit.json,.json,present at 64b9ee1e687273896570713f1e28ed10a788c39f; tracked,RETAINED_AS_HISTORICAL_EVIDENCE,superseded process or archived supporting evidence,immutable supporting scientific/audit evidence; current authority is R23_STATUS,"retain original bytes, manifests, raw outputs, negative fixtures, historical path metadata",ARCHIVE,fa6c0f025af8636693c77cae55254437264e777cf1e502eb1ab432136f6662fa,494
reproducibility/outputs/traffic_simulation/r23_n5_runtime_optimization_code_audit/20260913_v1/seed_audit.json,.json,present at 64b9ee1e687273896570713f1e28ed10a788c39f; tracked,RETAINED_AS_HISTORICAL_EVIDENCE,superseded process or archived supporting evidence,immutable supporting scientific/audit evidence; current authority is R23_STATUS,"retain original bytes, manifests, raw outputs, negative fixtures, historical path metadata",ARCHIVE,3d041b2b4faf2ce00e67c5ac14ced01e810b673dd88f6f2b7a23502ebbd1e49d,402
reproducibility/outputs/traffic_simulation/r23_n5_runtime_optimization_code_audit/20260913_v1/selective_reporting_audit.json,.json,present at 64b9ee1e687273896570713f1e28ed10a788c39f; tracked,RETAINED_AS_HISTORICAL_EVIDENCE,superseded process or archived supporting evidence,immutable supporting scientific/audit evidence; current authority is R23_STATUS,"retain original bytes, manifests, raw outputs, negative fixtures, historical path metadata",ARCHIVE,5e6d16ceb43f931a85ef2f80c5a10ed86dcbfc1e701f37901b5b4d2c0c6d9bed,317
reproducibility/outputs/traffic_simulation/r23_n5_runtime_optimization_code_audit/20260913_v1/source_authority_review.json,.json,present at 64b9ee1e687273896570713f1e28ed10a788c39f; tracked,RETAINED_AS_HISTORICAL_EVIDENCE,superseded process or archived supporting evidence,immutable supporting scientific/audit evidence; current authority is R23_STATUS,"retain original bytes, manifests, raw outputs, negative fixtures, historical path metadata",ARCHIVE,1fd3cb6cf331ad267c13273a561fc03cb1acd03d4c7f6da36dcfecde2ac2d64b,620
reproducibility/outputs/traffic_simulation/r23_n5_runtime_optimization_code_audit/20260913_v1/stopping_rule_audit.json,.json,present at 64b9ee1e687273896570713f1e28ed10a788c39f; tracked,RETAINED_AS_HISTORICAL_EVIDENCE,superseded process or archived supporting evidence,immutable supporting scientific/audit evidence; current authority is R23_STATUS,"retain original bytes, manifests, raw outputs, negative fixtures, historical path metadata",ARCHIVE,4d875d26ae55702da1efad60486f959b200c7b7ff82597f1dc165d6f3c4727b9,521
reproducibility/outputs/traffic_simulation/r23_n5_runtime_optimization_code_audit/20260913_v2/README.md,.md,local retained artifact at starting HEAD; original manifests supply creation lineage,RETAINED_AS_HISTORICAL_EVIDENCE,superseded process or archived supporting evidence,immutable supporting scientific/audit evidence; current authority is R23_STATUS,"retain original bytes, manifests, raw outputs, negative fixtures, historical path metadata",ARCHIVE,8145affe1af98541394899cafccd35a531289c19f06869516cfc4962d7672ef6,1085
reproducibility/outputs/traffic_simulation/r23_n5_runtime_optimization_code_audit/20260913_v2/acceptance_gate.json,.json,local retained artifact at starting HEAD; original manifests supply creation lineage,RETAINED_AS_HISTORICAL_EVIDENCE,superseded process or archived supporting evidence,immutable supporting scientific/audit evidence; current authority is R23_STATUS,"retain original bytes, manifests, raw outputs, negative fixtures, historical path metadata",ARCHIVE,321365f6a44f49492a0c3100b7a40676975c8d5c68870bc03f3d82ec5f7ea414,590
reproducibility/outputs/traffic_simulation/r23_n5_runtime_optimization_code_audit/20260913_v2/benchmark_claim_policy.json,.json,local retained artifact at starting HEAD; original manifests supply creation lineage,RETAINED_AS_HISTORICAL_EVIDENCE,superseded process or archived supporting evidence,immutable supporting scientific/audit evidence; current authority is R23_STATUS,"retain original bytes, manifests, raw outputs, negative fixtures, historical path metadata",ARCHIVE,cc4ffd889a6d1dbfb947d4d1d046a65665813be8665fb4dc1b6f259d554c7069,513
reproducibility/outputs/traffic_simulation/r23_n5_runtime_optimization_code_audit/20260913_v2/benchmark_condition_contract.json,.json,local retained artifact at starting HEAD; original manifests supply creation lineage,RETAINED_AS_HISTORICAL_EVIDENCE,superseded process or archived supporting evidence,immutable supporting scientific/audit evidence; current authority is R23_STATUS,"retain original bytes, manifests, raw outputs, negative fixtures, historical path metadata",ARCHIVE,230f18c0445c1bd3849a73301ce0e467098ff3692fd0b147cb9c57343bfd11ae,2023
reproducibility/outputs/traffic_simulation/r23_n5_runtime_optimization_code_audit/20260913_v2/cobyla_authority_rationale.json,.json,local retained artifact at starting HEAD; original manifests supply creation lineage,RETAINED_AS_HISTORICAL_EVIDENCE,superseded process or archived supporting evidence,immutable supporting scientific/audit evidence; current authority is R23_STATUS,"retain original bytes, manifests, raw outputs, negative fixtures, historical path metadata",ARCHIVE,a4da5068b749df69354eb674bb9db74273141474907edec49ba3ab92673965f7,1124
reproducibility/outputs/traffic_simulation/r23_n5_runtime_optimization_code_audit/20260913_v2/final_classification.json,.json,local retained artifact at starting HEAD; original manifests supply creation lineage,RETAINED_AS_HISTORICAL_EVIDENCE,superseded process or archived supporting evidence,immutable supporting scientific/audit evidence; current authority is R23_STATUS,"retain original bytes, manifests, raw outputs, negative fixtures, historical path metadata",ARCHIVE,346f44d54b9071756c3e664ccba8af490c486ed76f98433a9b09e92a16608029,373
reproducibility/outputs/traffic_simulation/r23_n5_runtime_optimization_code_audit/20260913_v2/memory_metric_contract.json,.json,local retained artifact at starting HEAD; original manifests supply creation lineage,RETAINED_AS_HISTORICAL_EVIDENCE,superseded process or archived supporting evidence,immutable supporting scientific/audit evidence; current authority is R23_STATUS,"retain original bytes, manifests, raw outputs, negative fixtures, historical path metadata",ARCHIVE,7b3f4ffb38950e58dbdf4a193bb9ce6663fc35bffe1b261d2a79f21a9a3cea5a,1021
reproducibility/outputs/traffic_simulation/r23_n5_runtime_optimization_code_audit/20260913_v2/previous_findings.json,.json,local retained artifact at starting HEAD; original manifests supply creation lineage,RETAINED_AS_HISTORICAL_EVIDENCE,superseded process or archived supporting evidence,immutable supporting scientific/audit evidence; current authority is R23_STATUS,"retain original bytes, manifests, raw outputs, negative fixtures, historical path metadata",ARCHIVE,b7f267502b7b76641f7fdc599744a2a59b2932f9ee42150ec519d299f946ab81,640
reproducibility/outputs/traffic_simulation/r23_n5_runtime_optimization_code_audit/20260913_v2/remediation_register.json,.json,local retained artifact at starting HEAD; original manifests supply creation lineage,RETAINED_AS_HISTORICAL_EVIDENCE,superseded process or archived supporting evidence,immutable supporting scientific/audit evidence; current authority is R23_STATUS,"retain original bytes, manifests, raw outputs, negative fixtures, historical path metadata",ARCHIVE,9c31c21adb2b8bf4fdb9bbaa8f12502c746421cb93e3f1c18d467bc6daf8a75b,1311
reproducibility/outputs/traffic_simulation/r23_n5_runtime_optimization_code_audit/20260913_v2/researcher_degrees_of_freedom_updated.json,.json,local retained artifact at starting HEAD; original manifests supply creation lineage,RETAINED_AS_HISTORICAL_EVIDENCE,superseded process or archived supporting evidence,immutable supporting scientific/audit evidence; current authority is R23_STATUS,"retain original bytes, manifests, raw outputs, negative fixtures, historical path metadata",ARCHIVE,30380988dd982c6711f1716d313e6a812e5bb1cfdf11f8f9ef804ece46640be9,604
reproducibility/outputs/traffic_simulation/r23_n5_runtime_optimization_code_audit/20260913_v2/runtime_metric_contract.json,.json,local retained artifact at starting HEAD; original manifests supply creation lineage,RETAINED_AS_HISTORICAL_EVIDENCE,superseded process or archived supporting evidence,immutable supporting scientific/audit evidence; current authority is R23_STATUS,"retain original bytes, manifests, raw outputs, negative fixtures, historical path metadata",ARCHIVE,bc8f56baba2d7f921fed45797f90b2a7b25adddaf5a431290f9a2ac20f9e2a7b,954
reproducibility/outputs/traffic_simulation/r23_n5_runtime_optimization_code_audit/20260913_v2/v4_input_contract.json,.json,local retained artifact at starting HEAD; original manifests supply creation lineage,RETAINED_AS_HISTORICAL_EVIDENCE,superseded process or archived supporting evidence,immutable supporting scientific/audit evidence; current authority is R23_STATUS,"retain original bytes, manifests, raw outputs, negative fixtures, historical path metadata",ARCHIVE,bf9a58330d880cf2d92809f146a1a0e289f8d4f6f1aba37fbdb2255f767d4334,1024
reproducibility/outputs/traffic_simulation/r23_n5_runtime_optimization_code_audit/20260913_v2/v4_input_validation_tests.json,.json,local retained artifact at starting HEAD; original manifests supply creation lineage,RETAINED_AS_HISTORICAL_EVIDENCE,superseded process or archived supporting evidence,immutable supporting scientific/audit evidence; current authority is R23_STATUS,"retain original bytes, manifests, raw outputs, negative fixtures, historical path metadata",ARCHIVE,97c9295c559f011dc939dcdc607fc7e741783051e888e5750ed437cd6d88e213,748
reproducibility/outputs/traffic_simulation/r23_n5_runtime_optimization_code_audit/20260913_v2_independent/FINAL_REPORT.md,.md,present at 64b9ee1e687273896570713f1e28ed10a788c39f; tracked,RETAINED_AS_HISTORICAL_EVIDENCE,superseded process or archived supporting evidence,immutable supporting scientific/audit evidence; current authority is R23_STATUS,"retain original bytes, manifests, raw outputs, negative fixtures, historical path metadata",ARCHIVE,f5544c66d575d28c8e386eede48c1a3e0d4d0f9a7a87eeef02eb4a51260b4a6b,11943
reproducibility/outputs/traffic_simulation/r23_n5_runtime_optimization_code_audit/20260913_v2_independent/README.md,.md,present at 64b9ee1e687273896570713f1e28ed10a788c39f; tracked,RETAINED_AS_HISTORICAL_EVIDENCE,superseded process or archived supporting evidence,immutable supporting scientific/audit evidence; current authority is R23_STATUS,"retain original bytes, manifests, raw outputs, negative fixtures, historical path metadata",ARCHIVE,5ed943d35529280c6b77c708f445ad932ce5c91d1a0fce6c215d15b845a57f50,1437
reproducibility/outputs/traffic_simulation/r23_n5_runtime_optimization_code_audit/20260913_v2_independent/SHA256SUMS,no-extension,present at 64b9ee1e687273896570713f1e28ed10a788c39f; tracked,RETAINED_AS_HISTORICAL_EVIDENCE,superseded process or archived supporting evidence,immutable supporting scientific/audit evidence; current authority is R23_STATUS,"retain original bytes, manifests, raw outputs, negative fixtures, historical path metadata",ARCHIVE,474d21c9fa6c580dd196e513e8ed9ca612e71080d199848ae2c1b81b3bc77d83,4356
reproducibility/outputs/traffic_simulation/r23_n5_runtime_optimization_code_audit/20260913_v2_independent/acceptance_gate.json,.json,present at 64b9ee1e687273896570713f1e28ed10a788c39f; tracked,RETAINED_AS_HISTORICAL_EVIDENCE,superseded process or archived supporting evidence,immutable supporting scientific/audit evidence; current authority is R23_STATUS,"retain original bytes, manifests, raw outputs, negative fixtures, historical path metadata",ARCHIVE,8786a9168a218974843e625185f7a94d5f6696029cc8ab4a0d5431a8aa27f2cc,1473
reproducibility/outputs/traffic_simulation/r23_n5_runtime_optimization_code_audit/20260913_v2_independent/actual_equivalence_probes.json,.json,present at 64b9ee1e687273896570713f1e28ed10a788c39f; tracked,RETAINED_AS_HISTORICAL_EVIDENCE,superseded process or archived supporting evidence,immutable supporting scientific/audit evidence; current authority is R23_STATUS,"retain original bytes, manifests, raw outputs, negative fixtures, historical path metadata",ARCHIVE,3899c02132f43a9e3d8b8b6e8d904dcab060158fa3d456b70a8030dc4c49aec2,4956
reproducibility/outputs/traffic_simulation/r23_n5_runtime_optimization_code_audit/20260913_v2_independent/artifact_immutability_audit.json,.json,present at 64b9ee1e687273896570713f1e28ed10a788c39f; tracked,RETAINED_AS_HISTORICAL_EVIDENCE,superseded process or archived supporting evidence,immutable supporting scientific/audit evidence; current authority is R23_STATUS,"retain original bytes, manifests, raw outputs, negative fixtures, historical path metadata",ARCHIVE,261b5188de6501085fd9b64b43f3f6950bd470284189f87058929e0672120594,3977
reproducibility/outputs/traffic_simulation/r23_n5_runtime_optimization_code_audit/20260913_v2_independent/audit_limitations.json,.json,present at 64b9ee1e687273896570713f1e28ed10a788c39f; tracked,RETAINED_AS_HISTORICAL_EVIDENCE,superseded process or archived supporting evidence,immutable supporting scientific/audit evidence; current authority is R23_STATUS,"retain original bytes, manifests, raw outputs, negative fixtures, historical path metadata",ARCHIVE,46adc5f1e6606afd7c1754f57bcd430a985e20814fdc66e02f1d7a80e8904994,925
reproducibility/outputs/traffic_simulation/r23_n5_runtime_optimization_code_audit/20260913_v2_independent/audit_scope.json,.json,present at 64b9ee1e687273896570713f1e28ed10a788c39f; tracked,RETAINED_AS_HISTORICAL_EVIDENCE,superseded process or archived supporting evidence,immutable supporting scientific/audit evidence; current authority is R23_STATUS,"retain original bytes, manifests, raw outputs, negative fixtures, historical path metadata",ARCHIVE,50538477274cdff12142dd86e54446b581653356c74c7a2288b17f8638d7e0d3,53240
reproducibility/outputs/traffic_simulation/r23_n5_runtime_optimization_code_audit/20260913_v2_independent/bit_ordering_audit.json,.json,present at 64b9ee1e687273896570713f1e28ed10a788c39f; tracked,RETAINED_AS_HISTORICAL_EVIDENCE,superseded process or archived supporting evidence,immutable supporting scientific/audit evidence; current authority is R23_STATUS,"retain original bytes, manifests, raw outputs, negative fixtures, historical path metadata",ARCHIVE,2355a9994da990260ea604d936404b1d6c3b046ef53e3e37ed23c602c5f907bb,6973
reproducibility/outputs/traffic_simulation/r23_n5_runtime_optimization_code_audit/20260913_v2_independent/canonical_comparisons.json,.json,present at 64b9ee1e687273896570713f1e28ed10a788c39f; tracked,RETAINED_AS_HISTORICAL_EVIDENCE,superseded process or archived supporting evidence,immutable supporting scientific/audit evidence; current authority is R23_STATUS,"retain original bytes, manifests, raw outputs, negative fixtures, historical path metadata",ARCHIVE,e2b2f4497dfe50de6e4d646009c935a7ed3a951e854952c0ca82dfb71a8ec1da,333394
reproducibility/outputs/traffic_simulation/r23_n5_runtime_optimization_code_audit/20260913_v2_independent/claim_audit.json,.json,present at 64b9ee1e687273896570713f1e28ed10a788c39f; tracked,RETAINED_AS_HISTORICAL_EVIDENCE,superseded process or archived supporting evidence,immutable supporting scientific/audit evidence; current authority is R23_STATUS,"retain original bytes, manifests, raw outputs, negative fixtures, historical path metadata",ARCHIVE,e1c17a2398439ad339f6eb29618d9123cd56f82c03c4b074fab3a0825ac6298b,2188
reproducibility/outputs/traffic_simulation/r23_n5_runtime_optimization_code_audit/20260913_v2_independent/exact_optimum_leakage_audit.json,.json,present at 64b9ee1e687273896570713f1e28ed10a788c39f; tracked,RETAINED_AS_HISTORICAL_EVIDENCE,superseded process or archived supporting evidence,immutable supporting scientific/audit evidence; current authority is R23_STATUS,"retain original bytes, manifests, raw outputs, negative fixtures, historical path metadata",ARCHIVE,560c8055302ca6e81faf19cfb99c7056e95e0e1623cf439b05372c6c3d5e9b7f,1193
reproducibility/outputs/traffic_simulation/r23_n5_runtime_optimization_code_audit/20260913_v2_independent/failure_path_audit.json,.json,present at 64b9ee1e687273896570713f1e28ed10a788c39f; tracked,RETAINED_AS_HISTORICAL_EVIDENCE,superseded process or archived supporting evidence,immutable supporting scientific/audit evidence; current authority is R23_STATUS,"retain original bytes, manifests, raw outputs, negative fixtures, historical path metadata",ARCHIVE,88c3b31bde3f41deb874e0a921aa98ea09a75e1618768972ad55c22d446fa073,1250
reproducibility/outputs/traffic_simulation/r23_n5_runtime_optimization_code_audit/20260913_v2_independent/failure_path_probes.json,.json,present at 64b9ee1e687273896570713f1e28ed10a788c39f; tracked,RETAINED_AS_HISTORICAL_EVIDENCE,superseded process or archived supporting evidence,immutable supporting scientific/audit evidence; current authority is R23_STATUS,"retain original bytes, manifests, raw outputs, negative fixtures, historical path metadata",ARCHIVE,726ab182df583f2fcb84a2520245f0c887e07f02b172c89b05afb986a1ca5154,3244
reproducibility/outputs/traffic_simulation/r23_n5_runtime_optimization_code_audit/20260913_v2_independent/finding_register.json,.json,present at 64b9ee1e687273896570713f1e28ed10a788c39f; tracked,RETAINED_AS_HISTORICAL_EVIDENCE,superseded process or archived supporting evidence,immutable supporting scientific/audit evidence; current authority is R23_STATUS,"retain original bytes, manifests, raw outputs, negative fixtures, historical path metadata",ARCHIVE,8f51527a1770d5e277cb1df6a513a6a4fdfef5255e17a1fcc34b5aa2b6133e09,10460
reproducibility/outputs/traffic_simulation/r23_n5_runtime_optimization_code_audit/20260913_v2_independent/git_provenance_audit.json,.json,present at 64b9ee1e687273896570713f1e28ed10a788c39f; tracked,RETAINED_AS_HISTORICAL_EVIDENCE,superseded process or archived supporting evidence,immutable supporting scientific/audit evidence; current authority is R23_STATUS,"retain original bytes, manifests, raw outputs, negative fixtures, historical path metadata",ARCHIVE,95368237e7b6a83efbd4b4fe46af3d69c10195c24a4e1655fe15df5c8bfafd09,10558
reproducibility/outputs/traffic_simulation/r23_n5_runtime_optimization_code_audit/20260913_v2_independent/hard_coding_audit.json,.json,present at 64b9ee1e687273896570713f1e28ed10a788c39f; tracked,RETAINED_AS_HISTORICAL_EVIDENCE,superseded process or archived supporting evidence,immutable supporting scientific/audit evidence; current authority is R23_STATUS,"retain original bytes, manifests, raw outputs, negative fixtures, historical path metadata",ARCHIVE,39a2dd101305f3aa044e995a27684db8738ba76b593d93fd3c3bcd1b8f171711,873
reproducibility/outputs/traffic_simulation/r23_n5_runtime_optimization_code_audit/20260913_v2_independent/independent_seal.json,.json,present at 64b9ee1e687273896570713f1e28ed10a788c39f; tracked,RETAINED_AS_HISTORICAL_EVIDENCE,superseded process or archived supporting evidence,immutable supporting scientific/audit evidence; current authority is R23_STATUS,"retain original bytes, manifests, raw outputs, negative fixtures, historical path metadata",ARCHIVE,0056ab508c43dab22aa4057c5cad4a5fe3278c7f36293b814b69738a0bc338e9,4001
reproducibility/outputs/traffic_simulation/r23_n5_runtime_optimization_code_audit/20260913_v2_independent/instance_selection_audit.json,.json,present at 64b9ee1e687273896570713f1e28ed10a788c39f; tracked,RETAINED_AS_HISTORICAL_EVIDENCE,superseded process or archived supporting evidence,immutable supporting scientific/audit evidence; current authority is R23_STATUS,"retain original bytes, manifests, raw outputs, negative fixtures, historical path metadata",ARCHIVE,887c48a0cf8a5a5f3732411335cf6cefbb2a86c0c372bf5abc80757d40228ac6,709
reproducibility/outputs/traffic_simulation/r23_n5_runtime_optimization_code_audit/20260913_v2_independent/line_diff_classification.json,.json,present at 64b9ee1e687273896570713f1e28ed10a788c39f; tracked,RETAINED_AS_HISTORICAL_EVIDENCE,superseded process or archived supporting evidence,immutable supporting scientific/audit evidence; current authority is R23_STATUS,"retain original bytes, manifests, raw outputs, negative fixtures, historical path metadata",ARCHIVE,49c4b8a4bc3aed720c3c2186701dd022eb42287ec74095bd9b44487e6707f1a9,36282
reproducibility/outputs/traffic_simulation/r23_n5_runtime_optimization_code_audit/20260913_v2_independent/memory_benchmark_audit.json,.json,present at 64b9ee1e687273896570713f1e28ed10a788c39f; tracked,RETAINED_AS_HISTORICAL_EVIDENCE,superseded process or archived supporting evidence,immutable supporting scientific/audit evidence; current authority is R23_STATUS,"retain original bytes, manifests, raw outputs, negative fixtures, historical path metadata",ARCHIVE,37e1e56e3998a406523d925096fc75d3d668542feef8a976a677a0dd735d3121,1176
reproducibility/outputs/traffic_simulation/r23_n5_runtime_optimization_code_audit/20260913_v2_independent/optimizer_selection_audit.json,.json,present at 64b9ee1e687273896570713f1e28ed10a788c39f; tracked,RETAINED_AS_HISTORICAL_EVIDENCE,superseded process or archived supporting evidence,immutable supporting scientific/audit evidence; current authority is R23_STATUS,"retain original bytes, manifests, raw outputs, negative fixtures, historical path metadata",ARCHIVE,9ba36261db8e75f515d46e377122c5cdef4f6fa5ed86b97eb309138ad5374159,615
reproducibility/outputs/traffic_simulation/r23_n5_runtime_optimization_code_audit/20260913_v2_independent/parameter_authority_audit.json,.json,present at 64b9ee1e687273896570713f1e28ed10a788c39f; tracked,RETAINED_AS_HISTORICAL_EVIDENCE,superseded process or archived supporting evidence,immutable supporting scientific/audit evidence; current authority is R23_STATUS,"retain original bytes, manifests, raw outputs, negative fixtures, historical path metadata",ARCHIVE,48e88142f018b7a05c5544b0078af8aa7efc08f412d240a708678a1aca127aa6,6375
reproducibility/outputs/traffic_simulation/r23_n5_runtime_optimization_code_audit/20260913_v2_independent/post_hoc_change_audit.json,.json,present at 64b9ee1e687273896570713f1e28ed10a788c39f; tracked,RETAINED_AS_HISTORICAL_EVIDENCE,superseded process or archived supporting evidence,immutable supporting scientific/audit evidence; current authority is R23_STATUS,"retain original bytes, manifests, raw outputs, negative fixtures, historical path metadata",ARCHIVE,7223d3c0a609ea66f84a32c235015da003f1ab8f59e736bd6eb7a70ff569a642,916
reproducibility/outputs/traffic_simulation/r23_n5_runtime_optimization_code_audit/20260913_v2_independent/post_seal_scope_verification.json,.json,present at 64b9ee1e687273896570713f1e28ed10a788c39f; tracked,RETAINED_AS_HISTORICAL_EVIDENCE,superseded process or archived supporting evidence,immutable supporting scientific/audit evidence; current authority is R23_STATUS,"retain original bytes, manifests, raw outputs, negative fixtures, historical path metadata",ARCHIVE,355df6c48fd9af7f45f5bfe4c7acd7ec7e2c3e71e9fca0573d706f60b4f7bdcc,1167
reproducibility/outputs/traffic_simulation/r23_n5_runtime_optimization_code_audit/20260913_v2_independent/previous_audit_comparison.json,.json,present at 64b9ee1e687273896570713f1e28ed10a788c39f; tracked,RETAINED_AS_HISTORICAL_EVIDENCE,superseded process or archived supporting evidence,immutable supporting scientific/audit evidence; current authority is R23_STATUS,"retain original bytes, manifests, raw outputs, negative fixtures, historical path metadata",ARCHIVE,aaef0e8ac7b895d58006f157b5f07228146f0a2e15a9ebe9a55a619fba023a1a,7766
reproducibility/outputs/traffic_simulation/r23_n5_runtime_optimization_code_audit/20260913_v2_independent/previous_audit_read_log.json,.json,present at 64b9ee1e687273896570713f1e28ed10a788c39f; tracked,RETAINED_AS_HISTORICAL_EVIDENCE,superseded process or archived supporting evidence,immutable supporting scientific/audit evidence; current authority is R23_STATUS,"retain original bytes, manifests, raw outputs, negative fixtures, historical path metadata",ARCHIVE,75879548afc27e51d132914939e9ee5fca74dee3f56f9c9c8ff79c5858ab58f6,2886
reproducibility/outputs/traffic_simulation/r23_n5_runtime_optimization_code_audit/20260913_v2_independent/probability_definition_audit.json,.json,present at 64b9ee1e687273896570713f1e28ed10a788c39f; tracked,RETAINED_AS_HISTORICAL_EVIDENCE,superseded process or archived supporting evidence,immutable supporting scientific/audit evidence; current authority is R23_STATUS,"retain original bytes, manifests, raw outputs, negative fixtures, historical path metadata",ARCHIVE,d8b05dfd074874af985133c92ef7d9245ce6bebb1be10dc258e8eb11f7489317,988
reproducibility/outputs/traffic_simulation/r23_n5_runtime_optimization_code_audit/20260913_v2_independent/probe_completion.json,.json,present at 64b9ee1e687273896570713f1e28ed10a788c39f; tracked,RETAINED_AS_HISTORICAL_EVIDENCE,superseded process or archived supporting evidence,immutable supporting scientific/audit evidence; current authority is R23_STATUS,"retain original bytes, manifests, raw outputs, negative fixtures, historical path metadata",ARCHIVE,208901e316bf473be0e7c34c910f58ae469f9cba9451a4a7e8887a25a7751d98,12335
reproducibility/outputs/traffic_simulation/r23_n5_runtime_optimization_code_audit/20260913_v2_independent/researcher_degrees_of_freedom.json,.json,present at 64b9ee1e687273896570713f1e28ed10a788c39f; tracked,RETAINED_AS_HISTORICAL_EVIDENCE,superseded process or archived supporting evidence,immutable supporting scientific/audit evidence; current authority is R23_STATUS,"retain original bytes, manifests, raw outputs, negative fixtures, historical path metadata",ARCHIVE,2f286f6ac2826132bc7e9c7cfc47e0e16000f0e8155ff22b98f82036b3e90ec3,8110
reproducibility/outputs/traffic_simulation/r23_n5_runtime_optimization_code_audit/20260913_v2_independent/runtime_benchmark_audit.json,.json,present at 64b9ee1e687273896570713f1e28ed10a788c39f; tracked,RETAINED_AS_HISTORICAL_EVIDENCE,superseded process or archived supporting evidence,immutable supporting scientific/audit evidence; current authority is R23_STATUS,"retain original bytes, manifests, raw outputs, negative fixtures, historical path metadata",ARCHIVE,2400111a59fef5951dfcaf44644baecd9ef004e54e3afda9b2e787580b6abfbf,2427
reproducibility/outputs/traffic_simulation/r23_n5_runtime_optimization_code_audit/20260913_v2_independent/scientific_model_equivalence.json,.json,present at 64b9ee1e687273896570713f1e28ed10a788c39f; tracked,RETAINED_AS_HISTORICAL_EVIDENCE,superseded process or archived supporting evidence,immutable supporting scientific/audit evidence; current authority is R23_STATUS,"retain original bytes, manifests, raw outputs, negative fixtures, historical path metadata",ARCHIVE,5c23b509e0e8d71d3224dd0c8c3f41e8664eace975718b26bcdae131344668a0,1989
reproducibility/outputs/traffic_simulation/r23_n5_runtime_optimization_code_audit/20260913_v2_independent/seed_audit.json,.json,present at 64b9ee1e687273896570713f1e28ed10a788c39f; tracked,RETAINED_AS_HISTORICAL_EVIDENCE,superseded process or archived supporting evidence,immutable supporting scientific/audit evidence; current authority is R23_STATUS,"retain original bytes, manifests, raw outputs, negative fixtures, historical path metadata",ARCHIVE,69c18c7ef6bc076000170b3e760e53354d03a1fc8b4df4eb66a4fd6555b3b250,1130
reproducibility/outputs/traffic_simulation/r23_n5_runtime_optimization_code_audit/20260913_v2_independent/selection_recomputation.json,.json,present at 64b9ee1e687273896570713f1e28ed10a788c39f; tracked,RETAINED_AS_HISTORICAL_EVIDENCE,superseded process or archived supporting evidence,immutable supporting scientific/audit evidence; current authority is R23_STATUS,"retain original bytes, manifests, raw outputs, negative fixtures, historical path metadata",ARCHIVE,a56c22638cd260d76555a62e0e659a4b74dadc074d2ea81d777ac3732f59d6c3,1130
reproducibility/outputs/traffic_simulation/r23_n5_runtime_optimization_code_audit/20260913_v2_independent/selective_reporting_audit.json,.json,present at 64b9ee1e687273896570713f1e28ed10a788c39f; tracked,RETAINED_AS_HISTORICAL_EVIDENCE,superseded process or archived supporting evidence,immutable supporting scientific/audit evidence; current authority is R23_STATUS,"retain original bytes, manifests, raw outputs, negative fixtures, historical path metadata",ARCHIVE,e50da917d28d64b71f6e3ef56509dfcb6662550471fd3a0711c76adf00afa6d8,1224
reproducibility/outputs/traffic_simulation/r23_n5_runtime_optimization_code_audit/20260913_v2_independent/source_authority_review.json,.json,present at 64b9ee1e687273896570713f1e28ed10a788c39f; tracked,RETAINED_AS_HISTORICAL_EVIDENCE,superseded process or archived supporting evidence,immutable supporting scientific/audit evidence; current authority is R23_STATUS,"retain original bytes, manifests, raw outputs, negative fixtures, historical path metadata",ARCHIVE,252f81bb286ce36004607bf313ed81f7a79f2e73ddf75e0415b53e1afec242bc,2241
reproducibility/outputs/traffic_simulation/r23_n5_runtime_optimization_code_audit/20260913_v2_independent/source_provenance_probes.json,.json,present at 64b9ee1e687273896570713f1e28ed10a788c39f; tracked,RETAINED_AS_HISTORICAL_EVIDENCE,superseded process or archived supporting evidence,immutable supporting scientific/audit evidence; current authority is R23_STATUS,"retain original bytes, manifests, raw outputs, negative fixtures, historical path metadata",ARCHIVE,a1f8d9515ded86a0517e3d95800d2cfa4a8313ba55c4acef39ad8fe3dbb6bb77,3862
reproducibility/outputs/traffic_simulation/r23_n5_runtime_optimization_code_audit/20260913_v2_independent/source_search_evidence.json,.json,present at 64b9ee1e687273896570713f1e28ed10a788c39f; tracked,RETAINED_AS_HISTORICAL_EVIDENCE,superseded process or archived supporting evidence,immutable supporting scientific/audit evidence; current authority is R23_STATUS,"retain original bytes, manifests, raw outputs, negative fixtures, historical path metadata",ARCHIVE,92bdb7430723b37a101839b32a62235a014a622512c7c40a0638d50fd42c5aeb,39857
reproducibility/outputs/traffic_simulation/r23_n5_runtime_optimization_code_audit/20260913_v2_independent/start_state.json,.json,present at 64b9ee1e687273896570713f1e28ed10a788c39f; tracked,RETAINED_AS_HISTORICAL_EVIDENCE,superseded process or archived supporting evidence,immutable supporting scientific/audit evidence; current authority is R23_STATUS,"retain original bytes, manifests, raw outputs, negative fixtures, historical path metadata",ARCHIVE,897d6e6a769b3e6173a51e0664ef7c4bad9c13fb65f8bfb5902207b232889bf8,9972
reproducibility/outputs/traffic_simulation/r23_n5_runtime_optimization_code_audit/20260913_v2_independent/stopping_rule_audit.json,.json,present at 64b9ee1e687273896570713f1e28ed10a788c39f; tracked,RETAINED_AS_HISTORICAL_EVIDENCE,superseded process or archived supporting evidence,immutable supporting scientific/audit evidence; current authority is R23_STATUS,"retain original bytes, manifests, raw outputs, negative fixtures, historical path metadata",ARCHIVE,70826bf4aa658d2782b91d5f519186b6a5b7ec8982ba05dcea9afac9c3a4c578,980
reproducibility/outputs/traffic_simulation/r23_n5_runtime_optimization_code_audit/20260913_v2_independent/supplemental_contract_probes.json,.json,present at 64b9ee1e687273896570713f1e28ed10a788c39f; tracked,RETAINED_AS_HISTORICAL_EVIDENCE,superseded process or archived supporting evidence,immutable supporting scientific/audit evidence; current authority is R23_STATUS,"retain original bytes, manifests, raw outputs, negative fixtures, historical path metadata",ARCHIVE,0546fb29abd00f763499588b4f93c60c8e47302b76014a1aaaef3c46771ee7b2,1295
reproducibility/outputs/traffic_simulation/r23_n5_runtime_optimization_code_audit/20260913_v2_independent/validation_independence_audit.json,.json,present at 64b9ee1e687273896570713f1e28ed10a788c39f; tracked,RETAINED_AS_HISTORICAL_EVIDENCE,superseded process or archived supporting evidence,immutable supporting scientific/audit evidence; current authority is R23_STATUS,"retain original bytes, manifests, raw outputs, negative fixtures, historical path metadata",ARCHIVE,a252560b459b44949a6ee72a1009379030723a3663be0c9fb44803fec44db113,1856
reproducibility/outputs/traffic_simulation/r23_n5_runtime_optimization_code_audit/20260913_v2_independent/verification.json,.json,present at 64b9ee1e687273896570713f1e28ed10a788c39f; tracked,RETAINED_AS_HISTORICAL_EVIDENCE,superseded process or archived supporting evidence,immutable supporting scientific/audit evidence; current authority is R23_STATUS,"retain original bytes, manifests, raw outputs, negative fixtures, historical path metadata",ARCHIVE,0a0527bcf999b6888c5e6f0e0226ef567999e2e25ad61b052f0572e56a282b70,559
reproducibility/outputs/traffic_simulation/r23_n5_runtime_optimization_code_audit/20260913_v3_post_remediation/AUDIT_RESULT.md,.md,present at 64b9ee1e687273896570713f1e28ed10a788c39f; tracked,RETAINED_AS_HISTORICAL_EVIDENCE,superseded process or archived supporting evidence,immutable supporting scientific/audit evidence; current authority is R23_STATUS,"retain original bytes, manifests, raw outputs, negative fixtures, historical path metadata",ARCHIVE,462c1bb18ff3cf1d08d6b36b8117faedc077b8d5e97c52949bd9a080c4adff62,667
reproducibility/outputs/traffic_simulation/r23_n5_runtime_optimization_code_audit/20260913_v3_post_remediation/AUDIT_SCOPE.md,.md,present at 64b9ee1e687273896570713f1e28ed10a788c39f; tracked,RETAINED_AS_HISTORICAL_EVIDENCE,superseded process or archived supporting evidence,immutable supporting scientific/audit evidence; current authority is R23_STATUS,"retain original bytes, manifests, raw outputs, negative fixtures, historical path metadata",ARCHIVE,a34efe7d6ac11892f7e12b0d44d03bae5a96904f490d64c97a846af08adc4b71,507
reproducibility/outputs/traffic_simulation/r23_n5_runtime_optimization_code_audit/20260913_v3_post_remediation/B2_TERMINAL_INDEX_SHA_ASSESSMENT.md,.md,present at 64b9ee1e687273896570713f1e28ed10a788c39f; tracked,RETAINED_AS_HISTORICAL_EVIDENCE,superseded process or archived supporting evidence,immutable supporting scientific/audit evidence; current authority is R23_STATUS,"retain original bytes, manifests, raw outputs, negative fixtures, historical path metadata",ARCHIVE,4b6f3b24edff2a2f118ceb3a584c377f499c4770898d8fa2cbe7fdc7d7ebd3be,926
reproducibility/outputs/traffic_simulation/r23_n5_runtime_optimization_code_audit/20260913_v3_post_remediation/BENCHMARK_CLAIM_REVIEW.md,.md,present at 64b9ee1e687273896570713f1e28ed10a788c39f; tracked,RETAINED_AS_HISTORICAL_EVIDENCE,superseded process or archived supporting evidence,immutable supporting scientific/audit evidence; current authority is R23_STATUS,"retain original bytes, manifests, raw outputs, negative fixtures, historical path metadata",ARCHIVE,5c4148ba2cd4880875e91d9f06b38674913be457ab37b0fa382d8b83a616a26a,461
reproducibility/outputs/traffic_simulation/r23_n5_runtime_optimization_code_audit/20260913_v3_post_remediation/BIT_ORDERING_VERIFICATION.md,.md,present at 64b9ee1e687273896570713f1e28ed10a788c39f; tracked,RETAINED_AS_HISTORICAL_EVIDENCE,superseded process or archived supporting evidence,immutable supporting scientific/audit evidence; current authority is R23_STATUS,"retain original bytes, manifests, raw outputs, negative fixtures, historical path metadata",ARCHIVE,97034af9d8f3eeb2f227d4baf98f629391a41012f650497140c997996d4e1b52,339
reproducibility/outputs/traffic_simulation/r23_n5_runtime_optimization_code_audit/20260913_v3_post_remediation/CLAIM_AUDIT.md,.md,present at 64b9ee1e687273896570713f1e28ed10a788c39f; tracked,RETAINED_AS_HISTORICAL_EVIDENCE,superseded process or archived supporting evidence,immutable supporting scientific/audit evidence; current authority is R23_STATUS,"retain original bytes, manifests, raw outputs, negative fixtures, historical path metadata",ARCHIVE,d2e9170f67da3b4d45aa4abe09602762d7893dfab53a8bb97c94cc58e8169f0e,460
reproducibility/outputs/traffic_simulation/r23_n5_runtime_optimization_code_audit/20260913_v3_post_remediation/ENVIRONMENT_VERIFICATION.md,.md,present at 64b9ee1e687273896570713f1e28ed10a788c39f; tracked,RETAINED_AS_HISTORICAL_EVIDENCE,superseded process or archived supporting evidence,immutable supporting scientific/audit evidence; current authority is R23_STATUS,"retain original bytes, manifests, raw outputs, negative fixtures, historical path metadata",ARCHIVE,3745aa9380809b7f9ae94c22a164fc7950403bdf1872235e74b925793220c3fe,291
reproducibility/outputs/traffic_simulation/r23_n5_runtime_optimization_code_audit/20260913_v3_post_remediation/EXACT_REFERENCE_VERIFICATION.md,.md,present at 64b9ee1e687273896570713f1e28ed10a788c39f; tracked,RETAINED_AS_HISTORICAL_EVIDENCE,superseded process or archived supporting evidence,immutable supporting scientific/audit evidence; current authority is R23_STATUS,"retain original bytes, manifests, raw outputs, negative fixtures, historical path metadata",ARCHIVE,3096ca8ccd5c57360d602e248d5076e975ebc9d643ea627f53b391d678f9ee15,468
reproducibility/outputs/traffic_simulation/r23_n5_runtime_optimization_code_audit/20260913_v3_post_remediation/EXECUTION_PROVENANCE.md,.md,present at 64b9ee1e687273896570713f1e28ed10a788c39f; tracked,RETAINED_AS_HISTORICAL_EVIDENCE,superseded process or archived supporting evidence,immutable supporting scientific/audit evidence; current authority is R23_STATUS,"retain original bytes, manifests, raw outputs, negative fixtures, historical path metadata",ARCHIVE,38951fcefccde243c83834adb8f4c463101450d39bac837bf338bcd2b0f0d088,711
reproducibility/outputs/traffic_simulation/r23_n5_runtime_optimization_code_audit/20260913_v3_post_remediation/FINDINGS_REGISTER.md,.md,present at 64b9ee1e687273896570713f1e28ed10a788c39f; tracked,RETAINED_AS_HISTORICAL_EVIDENCE,superseded process or archived supporting evidence,immutable supporting scientific/audit evidence; current authority is R23_STATUS,"retain original bytes, manifests, raw outputs, negative fixtures, historical path metadata",ARCHIVE,94bd0d72ef82f7578112266344d31b1c177c1fcfc28fdab6a396c90b6fd54fcd,1241
reproducibility/outputs/traffic_simulation/r23_n5_runtime_optimization_code_audit/20260913_v3_post_remediation/HAMILTONIAN_VERIFICATION.md,.md,present at 64b9ee1e687273896570713f1e28ed10a788c39f; tracked,RETAINED_AS_HISTORICAL_EVIDENCE,superseded process or archived supporting evidence,immutable supporting scientific/audit evidence; current authority is R23_STATUS,"retain original bytes, manifests, raw outputs, negative fixtures, historical path metadata",ARCHIVE,63b221a1474b935408230c746b5b621dc4a061e91580736646d4efe6ee2a3589,600
reproducibility/outputs/traffic_simulation/r23_n5_runtime_optimization_code_audit/20260913_v3_post_remediation/INTEGRITY_REVIEW.md,.md,present at 64b9ee1e687273896570713f1e28ed10a788c39f; tracked,RETAINED_AS_HISTORICAL_EVIDENCE,superseded process or archived supporting evidence,immutable supporting scientific/audit evidence; current authority is R23_STATUS,"retain original bytes, manifests, raw outputs, negative fixtures, historical path metadata",ARCHIVE,985a691b0ed01f47ce0eb9d73502539bb26e2d2bd7d2be3ce9b6b6403a7774b4,622
reproducibility/outputs/traffic_simulation/r23_n5_runtime_optimization_code_audit/20260913_v3_post_remediation/OPTIMIZER_SEMANTICS_REVIEW.md,.md,present at 64b9ee1e687273896570713f1e28ed10a788c39f; tracked,RETAINED_AS_HISTORICAL_EVIDENCE,superseded process or archived supporting evidence,immutable supporting scientific/audit evidence; current authority is R23_STATUS,"retain original bytes, manifests, raw outputs, negative fixtures, historical path metadata",ARCHIVE,ab9b1274d45675f00f423028535b051b7a87dc2d1653a787d58db5a4803e15c0,434
reproducibility/outputs/traffic_simulation/r23_n5_runtime_optimization_code_audit/20260913_v3_post_remediation/PREVIOUS_FINDINGS_COMPARISON.md,.md,present at 64b9ee1e687273896570713f1e28ed10a788c39f; tracked,RETAINED_AS_HISTORICAL_EVIDENCE,superseded process or archived supporting evidence,immutable supporting scientific/audit evidence; current authority is R23_STATUS,"retain original bytes, manifests, raw outputs, negative fixtures, historical path metadata",ARCHIVE,5eb8173b105deaa12c7e66d1deac71713d3f5f5c1fcf02ef8edae68ee486488a,474
reproducibility/outputs/traffic_simulation/r23_n5_runtime_optimization_code_audit/20260913_v3_post_remediation/PROBABILITY_METRIC_VERIFICATION.md,.md,present at 64b9ee1e687273896570713f1e28ed10a788c39f; tracked,RETAINED_AS_HISTORICAL_EVIDENCE,superseded process or archived supporting evidence,immutable supporting scientific/audit evidence; current authority is R23_STATUS,"retain original bytes, manifests, raw outputs, negative fixtures, historical path metadata",ARCHIVE,4bbaa2613f8ebebe85fab7096d69818dd0ffb4dfd351c523a61fb2f54ae3a60f,784
reproducibility/outputs/traffic_simulation/r23_n5_runtime_optimization_code_audit/20260913_v3_post_remediation/QUBO_VERIFICATION.md,.md,present at 64b9ee1e687273896570713f1e28ed10a788c39f; tracked,RETAINED_AS_HISTORICAL_EVIDENCE,superseded process or archived supporting evidence,immutable supporting scientific/audit evidence; current authority is R23_STATUS,"retain original bytes, manifests, raw outputs, negative fixtures, historical path metadata",ARCHIVE,25326f775588c8502f65d91f303cac4c01555cf62d7388f697335bc3db11544a,706
reproducibility/outputs/traffic_simulation/r23_n5_runtime_optimization_code_audit/20260913_v3_post_remediation/README.md,.md,present at 64b9ee1e687273896570713f1e28ed10a788c39f; tracked,RETAINED_AS_HISTORICAL_EVIDENCE,superseded process or archived supporting evidence,immutable supporting scientific/audit evidence; current authority is R23_STATUS,"retain original bytes, manifests, raw outputs, negative fixtures, historical path metadata",ARCHIVE,c6e7c9e06f79a4b5b5e4b638520f9b8dce681f187a3c6d8f9059dbc63e49d222,431
reproducibility/outputs/traffic_simulation/r23_n5_runtime_optimization_code_audit/20260913_v3_post_remediation/RESEARCHER_ARBITRARINESS.md,.md,present at 64b9ee1e687273896570713f1e28ed10a788c39f; tracked,RETAINED_AS_HISTORICAL_EVIDENCE,superseded process or archived supporting evidence,immutable supporting scientific/audit evidence; current authority is R23_STATUS,"retain original bytes, manifests, raw outputs, negative fixtures, historical path metadata",ARCHIVE,cdfbe8aa54291b51cdbf4765586f3dcd21a3efce1e4f13acf0b1800d22f6d611,468
reproducibility/outputs/traffic_simulation/r23_n5_runtime_optimization_code_audit/20260913_v3_post_remediation/RUNTIME_OPTIMIZATION_REVIEW.md,.md,present at 64b9ee1e687273896570713f1e28ed10a788c39f; tracked,RETAINED_AS_HISTORICAL_EVIDENCE,superseded process or archived supporting evidence,immutable supporting scientific/audit evidence; current authority is R23_STATUS,"retain original bytes, manifests, raw outputs, negative fixtures, historical path metadata",ARCHIVE,c775dc09f81d5301d9444643d112fdc7f7ca3e76f7329fcd374e3b206ff8c1c7,573
reproducibility/outputs/traffic_simulation/r23_n5_runtime_optimization_code_audit/20260913_v3_post_remediation/SCIENTIFIC_MODEL_VERIFICATION.md,.md,present at 64b9ee1e687273896570713f1e28ed10a788c39f; tracked,RETAINED_AS_HISTORICAL_EVIDENCE,superseded process or archived supporting evidence,immutable supporting scientific/audit evidence; current authority is R23_STATUS,"retain original bytes, manifests, raw outputs, negative fixtures, historical path metadata",ARCHIVE,7a6380f651aea59d3867e8ce113b9cbc29ed11edafae1ccb045fdedcde55d5e5,330
reproducibility/outputs/traffic_simulation/r23_n5_runtime_optimization_code_audit/20260913_v3_post_remediation/SHA256SUMS,no-extension,present at 64b9ee1e687273896570713f1e28ed10a788c39f; tracked,RETAINED_AS_HISTORICAL_EVIDENCE,superseded process or archived supporting evidence,immutable supporting scientific/audit evidence; current authority is R23_STATUS,"retain original bytes, manifests, raw outputs, negative fixtures, historical path metadata",ARCHIVE,0a26c607ee58caa2879fe8cd8174dc34fdebe6eebf3f3342f7e41701a4ba0cf5,2015
reproducibility/outputs/traffic_simulation/r23_n5_runtime_optimization_code_audit/20260913_v3_post_remediation/VALIDATION_ARCHITECTURE_REVIEW.md,.md,present at 64b9ee1e687273896570713f1e28ed10a788c39f; tracked,RETAINED_AS_HISTORICAL_EVIDENCE,superseded process or archived supporting evidence,immutable supporting scientific/audit evidence; current authority is R23_STATUS,"retain original bytes, manifests, raw outputs, negative fixtures, historical path metadata",ARCHIVE,572dc4c4eac84a9c859ed4f08e31ca081990c7d9c9ad00873c0e20f30b88833e,600
reproducibility/outputs/traffic_simulation/r23_n5_runtime_optimization_code_audit/20260913_v3_post_remediation/audit_summary.json,.json,present at 64b9ee1e687273896570713f1e28ed10a788c39f; tracked,RETAINED_AS_HISTORICAL_EVIDENCE,superseded process or archived supporting evidence,immutable supporting scientific/audit evidence; current authority is R23_STATUS,"retain original bytes, manifests, raw outputs, negative fixtures, historical path metadata",ARCHIVE,84a78085c5d2808e3017ae41d02e66ecde4d85e629a9da93a0342a5a372492c1,728
reproducibility/outputs/traffic_simulation/r23_n5_runtime_optimization_i03_validation_gate_remediation/20260913_v1/FINAL_REPORT.md,.md,present at 64b9ee1e687273896570713f1e28ed10a788c39f; tracked,RETAINED_AS_HISTORICAL_EVIDENCE,superseded process or archived supporting evidence,immutable supporting scientific/audit evidence; current authority is R23_STATUS,"retain original bytes, manifests, raw outputs, negative fixtures, historical path metadata",ARCHIVE,1e88ddda760f53b8e4930cc911fc6ed5c8a1a32bc9c4fa38c001bcdf2cf7a7aa,9023
reproducibility/outputs/traffic_simulation/r23_n5_runtime_optimization_i03_validation_gate_remediation/20260913_v1/README.md,.md,present at 64b9ee1e687273896570713f1e28ed10a788c39f; tracked,RETAINED_AS_HISTORICAL_EVIDENCE,superseded process or archived supporting evidence,immutable supporting scientific/audit evidence; current authority is R23_STATUS,"retain original bytes, manifests, raw outputs, negative fixtures, historical path metadata",ARCHIVE,82a67ca1ebf409ab5203b5b3bad6841aefc10a900bd8cd4e6209789a08611758,1325
reproducibility/outputs/traffic_simulation/r23_n5_runtime_optimization_i03_validation_gate_remediation/20260913_v1/SHA256SUMS,no-extension,present at 64b9ee1e687273896570713f1e28ed10a788c39f; tracked,RETAINED_AS_HISTORICAL_EVIDENCE,superseded process or archived supporting evidence,immutable supporting scientific/audit evidence; current authority is R23_STATUS,"retain original bytes, manifests, raw outputs, negative fixtures, historical path metadata",ARCHIVE,e3090d16ab80902f4670e63c4c8914dbcd0f23e964829f26875cbfefcba21b16,3454
reproducibility/outputs/traffic_simulation/r23_n5_runtime_optimization_i03_validation_gate_remediation/20260913_v1/artifact_immutability_review.json,.json,present at 64b9ee1e687273896570713f1e28ed10a788c39f; tracked,RETAINED_AS_HISTORICAL_EVIDENCE,superseded process or archived supporting evidence,immutable supporting scientific/audit evidence; current authority is R23_STATUS,"retain original bytes, manifests, raw outputs, negative fixtures, historical path metadata",ARCHIVE,edf0cfa5db18aa183fdc5ab978da92042ca10b047b2ce4fd3f028f36e041a098,202246
reproducibility/outputs/traffic_simulation/r23_n5_runtime_optimization_i03_validation_gate_remediation/20260913_v1/b1_validation_review.json,.json,present at 64b9ee1e687273896570713f1e28ed10a788c39f; tracked,RETAINED_AS_HISTORICAL_EVIDENCE,superseded process or archived supporting evidence,immutable supporting scientific/audit evidence; current authority is R23_STATUS,"retain original bytes, manifests, raw outputs, negative fixtures, historical path metadata",ARCHIVE,030add64de65bc02aea316da7e7ebf4ef58675db2306ceb5a5e207a7c33145d8,615240
reproducibility/outputs/traffic_simulation/r23_n5_runtime_optimization_i03_validation_gate_remediation/20260913_v1/b2_validation_review.json,.json,present at 64b9ee1e687273896570713f1e28ed10a788c39f; tracked,RETAINED_AS_HISTORICAL_EVIDENCE,superseded process or archived supporting evidence,immutable supporting scientific/audit evidence; current authority is R23_STATUS,"retain original bytes, manifests, raw outputs, negative fixtures, historical path metadata",ARCHIVE,f1dcc33e0d45d0c0480be5820fcace4705e75ea67c1d29db4801a3204566fc6b,123558
reproducibility/outputs/traffic_simulation/r23_n5_runtime_optimization_i03_validation_gate_remediation/20260913_v1/final_classification.json,.json,present at 64b9ee1e687273896570713f1e28ed10a788c39f; tracked,RETAINED_AS_HISTORICAL_EVIDENCE,superseded process or archived supporting evidence,immutable supporting scientific/audit evidence; current authority is R23_STATUS,"retain original bytes, manifests, raw outputs, negative fixtures, historical path metadata",ARCHIVE,8041076fcc3cf3e2f610a2df8b0c55a80ff548456ca1cc34314072043386a51f,785
reproducibility/outputs/traffic_simulation/r23_n5_runtime_optimization_i03_validation_gate_remediation/20260913_v1/historical_source_snapshots/01_authorize_r23_experiment_b2.py.txt,.txt,present at 64b9ee1e687273896570713f1e28ed10a788c39f; tracked,RETAINED_AS_HISTORICAL_EVIDENCE,superseded process or archived supporting evidence,immutable supporting scientific/audit evidence; current authority is R23_STATUS,"retain original bytes, manifests, raw outputs, negative fixtures, historical path metadata",ARCHIVE,413ada46ab84da012983928e41d07db015a3a309c95c776a37cc4f2b31bbc569,18203
reproducibility/outputs/traffic_simulation/r23_n5_runtime_optimization_i03_validation_gate_remediation/20260913_v1/historical_source_snapshots/02_review_r23_experiment_b2_nelder_mead.py.txt,.txt,present at 64b9ee1e687273896570713f1e28ed10a788c39f; tracked,RETAINED_AS_HISTORICAL_EVIDENCE,superseded process or archived supporting evidence,immutable supporting scientific/audit evidence; current authority is R23_STATUS,"retain original bytes, manifests, raw outputs, negative fixtures, historical path metadata",ARCHIVE,3aa99f1c7d6240b34f74a3bd6012113931670fb2f294cf79f2e69ac0b81c9bc2,13123
reproducibility/outputs/traffic_simulation/r23_n5_runtime_optimization_i03_validation_gate_remediation/20260913_v1/historical_source_snapshots/03_build_r23_experiment_b2_reexecution_authority.py.txt,.txt,present at 64b9ee1e687273896570713f1e28ed10a788c39f; tracked,RETAINED_AS_HISTORICAL_EVIDENCE,superseded process or archived supporting evidence,immutable supporting scientific/audit evidence; current authority is R23_STATUS,"retain original bytes, manifests, raw outputs, negative fixtures, historical path metadata",ARCHIVE,b95682c345ede223a107302f97b71e939bef29a2443e17fac9ae57fbca847acd,11850
reproducibility/outputs/traffic_simulation/r23_n5_runtime_optimization_i03_validation_gate_remediation/20260913_v1/historical_source_snapshots/04_finalize_r23_b1_v2.py.txt,.txt,present at 64b9ee1e687273896570713f1e28ed10a788c39f; tracked,RETAINED_AS_HISTORICAL_EVIDENCE,superseded process or archived supporting evidence,immutable supporting scientific/audit evidence; current authority is R23_STATUS,"retain original bytes, manifests, raw outputs, negative fixtures, historical path metadata",ARCHIVE,173101a4a416664104b4ef416afaed07929c538869a85c41f332ee10ff061dc1,11489
reproducibility/outputs/traffic_simulation/r23_n5_runtime_optimization_i03_validation_gate_remediation/20260913_v1/historical_source_snapshots/05_finalize_r23_experiment_b2_reexecution.py.txt,.txt,present at 64b9ee1e687273896570713f1e28ed10a788c39f; tracked,RETAINED_AS_HISTORICAL_EVIDENCE,superseded process or archived supporting evidence,immutable supporting scientific/audit evidence; current authority is R23_STATUS,"retain original bytes, manifests, raw outputs, negative fixtures, historical path metadata",ARCHIVE,0982a29d3a153a322f8afb4d623cb13ee7ae4cb4635078d46efa297cd9c09955,8706
reproducibility/outputs/traffic_simulation/r23_n5_runtime_optimization_i03_validation_gate_remediation/20260913_v1/historical_source_snapshots/06_artifact.py.txt,.txt,present at 64b9ee1e687273896570713f1e28ed10a788c39f; tracked,RETAINED_AS_HISTORICAL_EVIDENCE,superseded process or archived supporting evidence,immutable supporting scientific/audit evidence; current authority is R23_STATUS,"retain original bytes, manifests, raw outputs, negative fixtures, historical path metadata",ARCHIVE,8cd85364e834809ec54202b93cd955531c9b1693b6b175ee65615a9eb4bf9a6d,8612
reproducibility/outputs/traffic_simulation/r23_n5_runtime_optimization_i03_validation_gate_remediation/20260913_v1/historical_source_snapshots/07_finalize_r23_experiment_b2_failure.py.txt,.txt,present at 64b9ee1e687273896570713f1e28ed10a788c39f; tracked,RETAINED_AS_HISTORICAL_EVIDENCE,superseded process or archived supporting evidence,immutable supporting scientific/audit evidence; current authority is R23_STATUS,"retain original bytes, manifests, raw outputs, negative fixtures, historical path metadata",ARCHIVE,22e2564d1e8ae0400c492fa305ba3b9793803050afc83b50a181b623320258aa,7106
reproducibility/outputs/traffic_simulation/r23_n5_runtime_optimization_i03_validation_gate_remediation/20260913_v1/historical_source_snapshots/08_r23_b2_evidence_review.py.txt,.txt,present at 64b9ee1e687273896570713f1e28ed10a788c39f; tracked,RETAINED_AS_HISTORICAL_EVIDENCE,superseded process or archived supporting evidence,immutable supporting scientific/audit evidence; current authority is R23_STATUS,"retain original bytes, manifests, raw outputs, negative fixtures, historical path metadata",ARCHIVE,f3977b411d0f18824c4fb4238e791387f419a4c54d6efbd143bc1e08045960cc,16055
reproducibility/outputs/traffic_simulation/r23_n5_runtime_optimization_i03_validation_gate_remediation/20260913_v1/historical_source_snapshots/09_build_r23_experiment_b1_fix_authority.py.txt,.txt,present at 64b9ee1e687273896570713f1e28ed10a788c39f; tracked,RETAINED_AS_HISTORICAL_EVIDENCE,superseded process or archived supporting evidence,immutable supporting scientific/audit evidence; current authority is R23_STATUS,"retain original bytes, manifests, raw outputs, negative fixtures, historical path metadata",ARCHIVE,41d79fc80474ba2ca3f8313330e7cb84cf2c460582aaa155e634118babc518d2,9745
reproducibility/outputs/traffic_simulation/r23_n5_runtime_optimization_i03_validation_gate_remediation/20260913_v1/historical_source_snapshots/10_execute_r23_experiment_b2.py.txt,.txt,present at 64b9ee1e687273896570713f1e28ed10a788c39f; tracked,RETAINED_AS_HISTORICAL_EVIDENCE,superseded process or archived supporting evidence,immutable supporting scientific/audit evidence; current authority is R23_STATUS,"retain original bytes, manifests, raw outputs, negative fixtures, historical path metadata",ARCHIVE,3c26fd03abcd7471392979e1da6bb2b2aea35d76beab879cb03a1a23967ed5d7,10556
reproducibility/outputs/traffic_simulation/r23_n5_runtime_optimization_i03_validation_gate_remediation/20260913_v1/historical_source_snapshots/11_execute_r23_experiment_b2_reexecution.py.txt,.txt,present at 64b9ee1e687273896570713f1e28ed10a788c39f; tracked,RETAINED_AS_HISTORICAL_EVIDENCE,superseded process or archived supporting evidence,immutable supporting scientific/audit evidence; current authority is R23_STATUS,"retain original bytes, manifests, raw outputs, negative fixtures, historical path metadata",ARCHIVE,4bf4cb5d54da9ac41ddda9b33e67d1f2d5c0cb95acee180651f923605cb0878e,9369
reproducibility/outputs/traffic_simulation/r23_n5_runtime_optimization_i03_validation_gate_remediation/20260913_v1/historical_source_snapshots/12_build_r23_experiment_b_authority.py.txt,.txt,present at 64b9ee1e687273896570713f1e28ed10a788c39f; tracked,RETAINED_AS_HISTORICAL_EVIDENCE,superseded process or archived supporting evidence,immutable supporting scientific/audit evidence; current authority is R23_STATUS,"retain original bytes, manifests, raw outputs, negative fixtures, historical path metadata",ARCHIVE,2cc798f259beaf9ce333fa2b6690597d5c9a1dc1add94fd0799f2b3ca03fafd0,11890
reproducibility/outputs/traffic_simulation/r23_n5_runtime_optimization_i03_validation_gate_remediation/20260913_v1/historical_source_snapshots/13_resolve_r23_design_authority.py.txt,.txt,present at 64b9ee1e687273896570713f1e28ed10a788c39f; tracked,RETAINED_AS_HISTORICAL_EVIDENCE,superseded process or archived supporting evidence,immutable supporting scientific/audit evidence; current authority is R23_STATUS,"retain original bytes, manifests, raw outputs, negative fixtures, historical path metadata",ARCHIVE,3ff90ca8f009000765037e51aae9e3f168e16ed6a27eedb17e8a19e7b48b9b36,8842
reproducibility/outputs/traffic_simulation/r23_n5_runtime_optimization_i03_validation_gate_remediation/20260913_v1/historical_source_snapshots/14_freeze_r23_instance_authority.py.txt,.txt,present at 64b9ee1e687273896570713f1e28ed10a788c39f; tracked,RETAINED_AS_HISTORICAL_EVIDENCE,superseded process or archived supporting evidence,immutable supporting scientific/audit evidence; current authority is R23_STATUS,"retain original bytes, manifests, raw outputs, negative fixtures, historical path metadata",ARCHIVE,3d7975045870ad79c75a7d9ccc718662394b5fc461b5905a4e9c42c16835108f,19132
reproducibility/outputs/traffic_simulation/r23_n5_runtime_optimization_i03_validation_gate_remediation/20260913_v1/i03_closure_gate.json,.json,present at 64b9ee1e687273896570713f1e28ed10a788c39f; tracked,RETAINED_AS_HISTORICAL_EVIDENCE,superseded process or archived supporting evidence,immutable supporting scientific/audit evidence; current authority is R23_STATUS,"retain original bytes, manifests, raw outputs, negative fixtures, historical path metadata",ARCHIVE,3749123aa46a5980ed5d250a643e51e69df52a112bdddeee3749123d128da1e3,701
reproducibility/outputs/traffic_simulation/r23_n5_runtime_optimization_i03_validation_gate_remediation/20260913_v1/initial_artifact_snapshot.json,.json,present at 64b9ee1e687273896570713f1e28ed10a788c39f; tracked,RETAINED_AS_HISTORICAL_EVIDENCE,superseded process or archived supporting evidence,immutable supporting scientific/audit evidence; current authority is R23_STATUS,"retain original bytes, manifests, raw outputs, negative fixtures, historical path metadata",ARCHIVE,111b5fe9f782242c76eedd2d20388fca23501c52b7460c468693c8aaac7aa0e7,134870
reproducibility/outputs/traffic_simulation/r23_n5_runtime_optimization_i03_validation_gate_remediation/20260913_v1/negative_regression.json,.json,present at 64b9ee1e687273896570713f1e28ed10a788c39f; tracked,RETAINED_AS_HISTORICAL_EVIDENCE,superseded process or archived supporting evidence,immutable supporting scientific/audit evidence; current authority is R23_STATUS,"retain original bytes, manifests, raw outputs, negative fixtures, historical path metadata",ARCHIVE,09cfdc53c671f856d4b416763e6c9b2981dd0f4a5b935c2d1aedeb8a576cea66,42998
reproducibility/outputs/traffic_simulation/r23_n5_runtime_optimization_i03_validation_gate_remediation/20260913_v1/other_scope_validation_review.json,.json,present at 64b9ee1e687273896570713f1e28ed10a788c39f; tracked,RETAINED_AS_HISTORICAL_EVIDENCE,superseded process or archived supporting evidence,immutable supporting scientific/audit evidence; current authority is R23_STATUS,"retain original bytes, manifests, raw outputs, negative fixtures, historical path metadata",ARCHIVE,781d5f20b9ed8e525917626e7c02454b594213c9a22c3969b07d91b9b22ba1fc,243117
reproducibility/outputs/traffic_simulation/r23_n5_runtime_optimization_i03_validation_gate_remediation/20260913_v1/positive_regression.json,.json,present at 64b9ee1e687273896570713f1e28ed10a788c39f; tracked,RETAINED_AS_HISTORICAL_EVIDENCE,superseded process or archived supporting evidence,immutable supporting scientific/audit evidence; current authority is R23_STATUS,"retain original bytes, manifests, raw outputs, negative fixtures, historical path metadata",ARCHIVE,48894a3712d60235dd1c95ce2f0c6ef5ff39ba6df7445cdc2d740c0f82676fd2,7538
reproducibility/outputs/traffic_simulation/r23_n5_runtime_optimization_i03_validation_gate_remediation/20260913_v1/repository_rescan.json,.json,present at 64b9ee1e687273896570713f1e28ed10a788c39f; tracked,RETAINED_AS_HISTORICAL_EVIDENCE,superseded process or archived supporting evidence,immutable supporting scientific/audit evidence; current authority is R23_STATUS,"retain original bytes, manifests, raw outputs, negative fixtures, historical path metadata",ARCHIVE,cc4ba9c5fac1cb12430ae7ac2bda1efac40f79f0e726826b3d3a82a9a727b932,48233
reproducibility/outputs/traffic_simulation/r23_n5_runtime_optimization_i03_validation_gate_remediation/20260913_v1/residual_unconditional_pass_inventory.json,.json,present at 64b9ee1e687273896570713f1e28ed10a788c39f; tracked,RETAINED_AS_HISTORICAL_EVIDENCE,superseded process or archived supporting evidence,immutable supporting scientific/audit evidence; current authority is R23_STATUS,"retain original bytes, manifests, raw outputs, negative fixtures, historical path metadata",ARCHIVE,9850658f98e9f4a5a19c1989c57ad698ed5940165c87f43796ef95d3c5cebe93,29050
reproducibility/outputs/traffic_simulation/r23_n5_runtime_optimization_i03_validation_gate_remediation/20260913_v1/source_change_classification.json,.json,present at 64b9ee1e687273896570713f1e28ed10a788c39f; tracked,RETAINED_AS_HISTORICAL_EVIDENCE,superseded process or archived supporting evidence,immutable supporting scientific/audit evidence; current authority is R23_STATUS,"retain original bytes, manifests, raw outputs, negative fixtures, historical path metadata",ARCHIVE,f2459b8aae42354a8fef528e1911e59dc4efae447ec3104729dd2c001792ed1b,235574
reproducibility/outputs/traffic_simulation/r23_n5_runtime_optimization_i03_validation_gate_remediation/20260913_v1/start_state.json,.json,present at 64b9ee1e687273896570713f1e28ed10a788c39f; tracked,RETAINED_AS_HISTORICAL_EVIDENCE,superseded process or archived supporting evidence,immutable supporting scientific/audit evidence; current authority is R23_STATUS,"retain original bytes, manifests, raw outputs, negative fixtures, historical path metadata",ARCHIVE,a815b4ecadb649500ff2eb755396f21483e709150e9f517ff60130abe14b2356,723
reproducibility/outputs/traffic_simulation/r23_n5_runtime_optimization_i03_validation_gate_remediation/20260913_v1/validation_gate_design.json,.json,present at 64b9ee1e687273896570713f1e28ed10a788c39f; tracked,RETAINED_AS_HISTORICAL_EVIDENCE,superseded process or archived supporting evidence,immutable supporting scientific/audit evidence; current authority is R23_STATUS,"retain original bytes, manifests, raw outputs, negative fixtures, historical path metadata",ARCHIVE,6f214d831c25f76e07b9f1e4dbd4dc8e935f539b208b04f4631ccaa694ad5da0,3121
reproducibility/outputs/traffic_simulation/r23_n5_runtime_optimization_i03_validation_gate_remediation/20260913_v1/validation_manifest.json,.json,present at 64b9ee1e687273896570713f1e28ed10a788c39f; tracked,RETAINED_AS_HISTORICAL_EVIDENCE,superseded process or archived supporting evidence,immutable supporting scientific/audit evidence; current authority is R23_STATUS,"retain original bytes, manifests, raw outputs, negative fixtures, historical path metadata",ARCHIVE,57fcb41c631c134fe52ca9a2bc5ca28c83085f262c8df65b9dcab3a26ab750a0,587832
reproducibility/outputs/traffic_simulation/r23_n5_runtime_optimization_review/20260913_v1/README.md,.md,present at 64b9ee1e687273896570713f1e28ed10a788c39f; tracked,RETAINED_AS_HISTORICAL_EVIDENCE,superseded process or archived supporting evidence,immutable supporting scientific/audit evidence; current authority is R23_STATUS,"retain original bytes, manifests, raw outputs, negative fixtures, historical path metadata",ARCHIVE,fff789c7c389d8cad0e51d637319a5f004f24e2840f409df0e9a93470b85593d,1856
reproducibility/outputs/traffic_simulation/r23_n5_runtime_optimization_review/20260913_v1/SHA256SUMS,no-extension,present at 64b9ee1e687273896570713f1e28ed10a788c39f; tracked,RETAINED_AS_HISTORICAL_EVIDENCE,superseded process or archived supporting evidence,immutable supporting scientific/audit evidence; current authority is R23_STATUS,"retain original bytes, manifests, raw outputs, negative fixtures, historical path metadata",ARCHIVE,75627b0753ec1a32dbc9e9808d9543e322954f7ea60beff4a7ccb4683c5a540b,1393
reproducibility/outputs/traffic_simulation/r23_n5_runtime_optimization_review/20260913_v1/before_after_benchmark.json,.json,present at 64b9ee1e687273896570713f1e28ed10a788c39f; tracked,RETAINED_AS_HISTORICAL_EVIDENCE,superseded process or archived supporting evidence,immutable supporting scientific/audit evidence; current authority is R23_STATUS,"retain original bytes, manifests, raw outputs, negative fixtures, historical path metadata",ARCHIVE,7bde75dad6bf5cd9efd080316d606b0696b38ea1b4cdf725c3f381434ca2c325,1122
reproducibility/outputs/traffic_simulation/r23_n5_runtime_optimization_review/20260913_v1/bottleneck_candidates.json,.json,present at 64b9ee1e687273896570713f1e28ed10a788c39f; tracked,RETAINED_AS_HISTORICAL_EVIDENCE,superseded process or archived supporting evidence,immutable supporting scientific/audit evidence; current authority is R23_STATUS,"retain original bytes, manifests, raw outputs, negative fixtures, historical path metadata",ARCHIVE,c2c8319d1c98bdcb8ff742cd0e2e7a8007c3d937e6b0816d63f2323439acae49,1552
reproducibility/outputs/traffic_simulation/r23_n5_runtime_optimization_review/20260913_v1/continuation_decision.json,.json,present at 64b9ee1e687273896570713f1e28ed10a788c39f; tracked,RETAINED_AS_HISTORICAL_EVIDENCE,superseded process or archived supporting evidence,immutable supporting scientific/audit evidence; current authority is R23_STATUS,"retain original bytes, manifests, raw outputs, negative fixtures, historical path metadata",ARCHIVE,c4e227459781aa966ce83dc517b3bacf71308a7b3fc308c09b42ab0bca25770f,576
reproducibility/outputs/traffic_simulation/r23_n5_runtime_optimization_review/20260913_v1/equivalence_review.json,.json,present at 64b9ee1e687273896570713f1e28ed10a788c39f; tracked,RETAINED_AS_HISTORICAL_EVIDENCE,superseded process or archived supporting evidence,immutable supporting scientific/audit evidence; current authority is R23_STATUS,"retain original bytes, manifests, raw outputs, negative fixtures, historical path metadata",ARCHIVE,872864d3dd40a45c6eb39b2e630032b9dcf2c5825e5cdcba600456106a4929b5,1113
reproducibility/outputs/traffic_simulation/r23_n5_runtime_optimization_review/20260913_v1/memory_bottleneck_review.json,.json,present at 64b9ee1e687273896570713f1e28ed10a788c39f; tracked,RETAINED_AS_HISTORICAL_EVIDENCE,superseded process or archived supporting evidence,immutable supporting scientific/audit evidence; current authority is R23_STATUS,"retain original bytes, manifests, raw outputs, negative fixtures, historical path metadata",ARCHIVE,69441353b12086cdaa9dbd316629efae3e46225ea350b0fddf3ed1f48d3a8860,653
reproducibility/outputs/traffic_simulation/r23_n5_runtime_optimization_review/20260913_v1/objective_code_path.json,.json,present at 64b9ee1e687273896570713f1e28ed10a788c39f; tracked,RETAINED_AS_HISTORICAL_EVIDENCE,superseded process or archived supporting evidence,immutable supporting scientific/audit evidence; current authority is R23_STATUS,"retain original bytes, manifests, raw outputs, negative fixtures, historical path metadata",ARCHIVE,6d8d73976750efc2cd2918fbd51a31e5c2bc532ca42e5e9accce2e33f4582d18,1197
reproducibility/outputs/traffic_simulation/r23_n5_runtime_optimization_review/20260913_v1/optimization_candidates.json,.json,present at 64b9ee1e687273896570713f1e28ed10a788c39f; tracked,RETAINED_AS_HISTORICAL_EVIDENCE,superseded process or archived supporting evidence,immutable supporting scientific/audit evidence; current authority is R23_STATUS,"retain original bytes, manifests, raw outputs, negative fixtures, historical path metadata",ARCHIVE,5148c6a2d9b21e9136487d7873c368454495da27544a083d37bc62c5bca11b29,877
reproducibility/outputs/traffic_simulation/r23_n5_runtime_optimization_review/20260913_v1/profiling_harness.py,.py,present at 64b9ee1e687273896570713f1e28ed10a788c39f; tracked,RETAINED_AS_HISTORICAL_EVIDENCE,superseded process or archived supporting evidence,immutable supporting scientific/audit evidence; current authority is R23_STATUS,"retain original bytes, manifests, raw outputs, negative fixtures, historical path metadata",ARCHIVE,bdb5370543176614d5ca4decfa58b34b8fc14b2b00ee48450f60c65fceb48d66,4745
reproducibility/outputs/traffic_simulation/r23_n5_runtime_optimization_review/20260913_v1/profiling_results.json,.json,present at 64b9ee1e687273896570713f1e28ed10a788c39f; tracked,RETAINED_AS_HISTORICAL_EVIDENCE,superseded process or archived supporting evidence,immutable supporting scientific/audit evidence; current authority is R23_STATUS,"retain original bytes, manifests, raw outputs, negative fixtures, historical path metadata",ARCHIVE,29ad9d95631d82c2481b58be80919cb2d0df71be0b156f336bf646f235c1e73f,2676
reproducibility/outputs/traffic_simulation/r23_n5_runtime_optimization_review/20260913_v1/profiling_run_manifest.json,.json,present at 64b9ee1e687273896570713f1e28ed10a788c39f; tracked,RETAINED_AS_HISTORICAL_EVIDENCE,superseded process or archived supporting evidence,immutable supporting scientific/audit evidence; current authority is R23_STATUS,"retain original bytes, manifests, raw outputs, negative fixtures, historical path metadata",ARCHIVE,c061c3d716342d55678751a43c54511906cf5aac80854d8813b931e0fb4aa6b3,513
reproducibility/outputs/traffic_simulation/r23_n5_runtime_optimization_review/20260913_v1/remaining_run_runtime_estimate.json,.json,present at 64b9ee1e687273896570713f1e28ed10a788c39f; tracked,RETAINED_AS_HISTORICAL_EVIDENCE,superseded process or archived supporting evidence,immutable supporting scientific/audit evidence; current authority is R23_STATUS,"retain original bytes, manifests, raw outputs, negative fixtures, historical path metadata",ARCHIVE,cf7c4c8982eabdc98a4ea244ad099af564108d6af997ff365a856d600b8b3691,612
reproducibility/outputs/traffic_simulation/r23_n5_runtime_optimization_review/20260913_v1/runtime_instrumentation_review.json,.json,present at 64b9ee1e687273896570713f1e28ed10a788c39f; tracked,RETAINED_AS_HISTORICAL_EVIDENCE,superseded process or archived supporting evidence,immutable supporting scientific/audit evidence; current authority is R23_STATUS,"retain original bytes, manifests, raw outputs, negative fixtures, historical path metadata",ARCHIVE,b8e90b887a059d279cb31142f5e7cca4601fc07ff5ecb551e1f3aad977b0db40,753
reproducibility/outputs/traffic_simulation/r23_n5_runtime_optimization_review/20260913_v1/small_n_equivalence_tests.json,.json,present at 64b9ee1e687273896570713f1e28ed10a788c39f; tracked,RETAINED_AS_HISTORICAL_EVIDENCE,superseded process or archived supporting evidence,immutable supporting scientific/audit evidence; current authority is R23_STATUS,"retain original bytes, manifests, raw outputs, negative fixtures, historical path metadata",ARCHIVE,c143ab03e53b837a09babfcfdbd122ce061b36b9fd034ba56d2f669ef6cb8bba,869
reproducibility/outputs/traffic_simulation/r23_n5_runtime_optimization_review/20260913_v1/timing_boundary_review.json,.json,present at 64b9ee1e687273896570713f1e28ed10a788c39f; tracked,RETAINED_AS_HISTORICAL_EVIDENCE,superseded process or archived supporting evidence,immutable supporting scientific/audit evidence; current authority is R23_STATUS,"retain original bytes, manifests, raw outputs, negative fixtures, historical path metadata",ARCHIVE,dda613e0e18a7e4c4d0cc0fad980596a6982606ffc551643ecdcf047fd921b85,811
reproducibility/outputs/traffic_simulation/r23_n5_runtime_optimization_review/20260913_v2/README.md,.md,present at 64b9ee1e687273896570713f1e28ed10a788c39f; tracked,RETAINED_AS_HISTORICAL_EVIDENCE,superseded process or archived supporting evidence,immutable supporting scientific/audit evidence; current authority is R23_STATUS,"retain original bytes, manifests, raw outputs, negative fixtures, historical path metadata",ARCHIVE,27f839853d4ea2c2519b0a34c79ffd2223a28179533ff20b5df426747a72d2e0,430
reproducibility/outputs/traffic_simulation/r23_n5_runtime_optimization_review/20260913_v2/SHA256SUMS,no-extension,present at 64b9ee1e687273896570713f1e28ed10a788c39f; tracked,RETAINED_AS_HISTORICAL_EVIDENCE,superseded process or archived supporting evidence,immutable supporting scientific/audit evidence; current authority is R23_STATUS,"retain original bytes, manifests, raw outputs, negative fixtures, historical path metadata",ARCHIVE,c84bb5e8823bb5750f2bb78d2a61c5a996118df026cf243e4580398617d986a8,1801
reproducibility/outputs/traffic_simulation/r23_n5_runtime_optimization_review/20260913_v2/acceptance_gate.json,.json,present at 64b9ee1e687273896570713f1e28ed10a788c39f; tracked,RETAINED_AS_HISTORICAL_EVIDENCE,superseded process or archived supporting evidence,immutable supporting scientific/audit evidence; current authority is R23_STATUS,"retain original bytes, manifests, raw outputs, negative fixtures, historical path metadata",ARCHIVE,0fd7eaa4afd8c0a10eee5974911b00f493db6f806a9b8d020c2cf82033baf8de,194
reproducibility/outputs/traffic_simulation/r23_n5_runtime_optimization_review/20260913_v2/bit_ordering_review.json,.json,present at 64b9ee1e687273896570713f1e28ed10a788c39f; tracked,RETAINED_AS_HISTORICAL_EVIDENCE,superseded process or archived supporting evidence,immutable supporting scientific/audit evidence; current authority is R23_STATUS,"retain original bytes, manifests, raw outputs, negative fixtures, historical path metadata",ARCHIVE,d4aaf7c73a6cc0745a4f0662a54dc72f1627ac2e28d9536b73db1c865cd6df2f,293
reproducibility/outputs/traffic_simulation/r23_n5_runtime_optimization_review/20260913_v2/build_artifact.py,.py,present at 64b9ee1e687273896570713f1e28ed10a788c39f; tracked,RETAINED_AS_HISTORICAL_EVIDENCE,superseded process or archived supporting evidence,immutable supporting scientific/audit evidence; current authority is R23_STATUS,"retain original bytes, manifests, raw outputs, negative fixtures, historical path metadata",ARCHIVE,71f7b62c5f442ce3dbe081a4f78148170bf70c84b226ee774a108c53f6a08176,586
reproducibility/outputs/traffic_simulation/r23_n5_runtime_optimization_review/20260913_v2/continuation_decision.json,.json,present at 64b9ee1e687273896570713f1e28ed10a788c39f; tracked,RETAINED_AS_HISTORICAL_EVIDENCE,superseded process or archived supporting evidence,immutable supporting scientific/audit evidence; current authority is R23_STATUS,"retain original bytes, manifests, raw outputs, negative fixtures, historical path metadata",ARCHIVE,782d3730dd12e13787c5bcd280f2391864f48f96878f41dd1eefc760ebeda4ba,286
reproducibility/outputs/traffic_simulation/r23_n5_runtime_optimization_review/20260913_v2/expectation_equivalence.json,.json,present at 64b9ee1e687273896570713f1e28ed10a788c39f; tracked,RETAINED_AS_HISTORICAL_EVIDENCE,superseded process or archived supporting evidence,immutable supporting scientific/audit evidence; current authority is R23_STATUS,"retain original bytes, manifests, raw outputs, negative fixtures, historical path metadata",ARCHIVE,d1647daef20b0d657231dd1346dcae8ca091c86588c1cae937b2a3a62ded5b52,500
reproducibility/outputs/traffic_simulation/r23_n5_runtime_optimization_review/20260913_v2/formal_equivalence_argument.json,.json,present at 64b9ee1e687273896570713f1e28ed10a788c39f; tracked,RETAINED_AS_HISTORICAL_EVIDENCE,superseded process or archived supporting evidence,immutable supporting scientific/audit evidence; current authority is R23_STATUS,"retain original bytes, manifests, raw outputs, negative fixtures, historical path metadata",ARCHIVE,b28e20837c95d8c32c7cd36f794f40d289be0ad90c7c849eed7a204a9d1ae274,219
reproducibility/outputs/traffic_simulation/r23_n5_runtime_optimization_review/20260913_v2/harness_results.json,.json,present at 64b9ee1e687273896570713f1e28ed10a788c39f; tracked,RETAINED_AS_HISTORICAL_EVIDENCE,superseded process or archived supporting evidence,immutable supporting scientific/audit evidence; current authority is R23_STATUS,"retain original bytes, manifests, raw outputs, negative fixtures, historical path metadata",ARCHIVE,1e50868ccf76afe0553b9cf0eb8b2ab7ec150a1f0fdb3915f97aa82580e9392b,8028
reproducibility/outputs/traffic_simulation/r23_n5_runtime_optimization_review/20260913_v2/implementation_authority_candidate.json,.json,present at 64b9ee1e687273896570713f1e28ed10a788c39f; tracked,RETAINED_AS_HISTORICAL_EVIDENCE,superseded process or archived supporting evidence,immutable supporting scientific/audit evidence; current authority is R23_STATUS,"retain original bytes, manifests, raw outputs, negative fixtures, historical path metadata",ARCHIVE,e0c46a47ad3a1d159555a90b558ea00f91e6fe9aadf1d3aae32ebbbd49d2e597,366
reproducibility/outputs/traffic_simulation/r23_n5_runtime_optimization_review/20260913_v2/memory_benchmark.json,.json,present at 64b9ee1e687273896570713f1e28ed10a788c39f; tracked,RETAINED_AS_HISTORICAL_EVIDENCE,superseded process or archived supporting evidence,immutable supporting scientific/audit evidence; current authority is R23_STATUS,"retain original bytes, manifests, raw outputs, negative fixtures, historical path metadata",ARCHIVE,e9e6f7c0c990cf4e91c85cdf2acbbb000a5e2a5f59db616d36221b926d9ff499,155
reproducibility/outputs/traffic_simulation/r23_n5_runtime_optimization_review/20260913_v2/n5_independent_reference.json,.json,present at 64b9ee1e687273896570713f1e28ed10a788c39f; tracked,RETAINED_AS_HISTORICAL_EVIDENCE,superseded process or archived supporting evidence,immutable supporting scientific/audit evidence; current authority is R23_STATUS,"retain original bytes, manifests, raw outputs, negative fixtures, historical path metadata",ARCHIVE,0c65070128102bf6914d4eec2e5526bc14ba17fb0ed738c6a30ae4c6d4be24d9,1882
reproducibility/outputs/traffic_simulation/r23_n5_runtime_optimization_review/20260913_v2/n5_parameter_point_comparison.json,.json,present at 64b9ee1e687273896570713f1e28ed10a788c39f; tracked,RETAINED_AS_HISTORICAL_EVIDENCE,superseded process or archived supporting evidence,immutable supporting scientific/audit evidence; current authority is R23_STATUS,"retain original bytes, manifests, raw outputs, negative fixtures, historical path metadata",ARCHIVE,5171853b48a29710060075c9b976415ce4ff54422b15ba080a1806e457c5d126,1843
reproducibility/outputs/traffic_simulation/r23_n5_runtime_optimization_review/20260913_v2/n5_route_index_roundtrip.json,.json,present at 64b9ee1e687273896570713f1e28ed10a788c39f; tracked,RETAINED_AS_HISTORICAL_EVIDENCE,superseded process or archived supporting evidence,immutable supporting scientific/audit evidence; current authority is R23_STATUS,"retain original bytes, manifests, raw outputs, negative fixtures, historical path metadata",ARCHIVE,7656e504040669582307c61fd2fe5c860c760d90b5081c26a0e695ad77081c56,213
reproducibility/outputs/traffic_simulation/r23_n5_runtime_optimization_review/20260913_v2/optimized_execution_path.json,.json,present at 64b9ee1e687273896570713f1e28ed10a788c39f; tracked,RETAINED_AS_HISTORICAL_EVIDENCE,superseded process or archived supporting evidence,immutable supporting scientific/audit evidence; current authority is R23_STATUS,"retain original bytes, manifests, raw outputs, negative fixtures, historical path metadata",ARCHIVE,49f0643946f4d64e17951a988305925ebdd4da0820bbebc42298e45c0271728b,318
reproducibility/outputs/traffic_simulation/r23_n5_runtime_optimization_review/20260913_v2/optimizer_dependency_review.json,.json,present at 64b9ee1e687273896570713f1e28ed10a788c39f; tracked,RETAINED_AS_HISTORICAL_EVIDENCE,superseded process or archived supporting evidence,immutable supporting scientific/audit evidence; current authority is R23_STATUS,"retain original bytes, manifests, raw outputs, negative fixtures, historical path metadata",ARCHIVE,807b7def877bf241c3e318cad916c993ec402fdcf75f5d0ade7de50b20e40a07,306
reproducibility/outputs/traffic_simulation/r23_n5_runtime_optimization_review/20260913_v2/previous_failure_review.json,.json,present at 64b9ee1e687273896570713f1e28ed10a788c39f; tracked,RETAINED_AS_HISTORICAL_EVIDENCE,superseded process or archived supporting evidence,immutable supporting scientific/audit evidence; current authority is R23_STATUS,"retain original bytes, manifests, raw outputs, negative fixtures, historical path metadata",ARCHIVE,eb11176d522fcae3e8de318a425938c6046a56195b458fcb491a7b85df3ad7fb,298
reproducibility/outputs/traffic_simulation/r23_n5_runtime_optimization_review/20260913_v2/probability_equivalence.json,.json,present at 64b9ee1e687273896570713f1e28ed10a788c39f; tracked,RETAINED_AS_HISTORICAL_EVIDENCE,superseded process or archived supporting evidence,immutable supporting scientific/audit evidence; current authority is R23_STATUS,"retain original bytes, manifests, raw outputs, negative fixtures, historical path metadata",ARCHIVE,431e41c27851d27caf608e1a7e621cbc563f211383ec8836af0f11a9a71da90e,1741
reproducibility/outputs/traffic_simulation/r23_n5_runtime_optimization_review/20260913_v2/regression_test_summary.json,.json,present at 64b9ee1e687273896570713f1e28ed10a788c39f; tracked,RETAINED_AS_HISTORICAL_EVIDENCE,superseded process or archived supporting evidence,immutable supporting scientific/audit evidence; current authority is R23_STATUS,"retain original bytes, manifests, raw outputs, negative fixtures, historical path metadata",ARCHIVE,25ca275f2ee91f0fdada6bbca34596d21c9d62cf68bb886799b34bfabfca0a45,176
reproducibility/outputs/traffic_simulation/r23_n5_runtime_optimization_review/20260913_v2/remaining_run_runtime_estimate.json,.json,present at 64b9ee1e687273896570713f1e28ed10a788c39f; tracked,RETAINED_AS_HISTORICAL_EVIDENCE,superseded process or archived supporting evidence,immutable supporting scientific/audit evidence; current authority is R23_STATUS,"retain original bytes, manifests, raw outputs, negative fixtures, historical path metadata",ARCHIVE,7fb402bf1b7d5d6e65439f28888224df575d10c72d4102a1f09f84f68b787727,209
reproducibility/outputs/traffic_simulation/r23_n5_runtime_optimization_review/20260913_v2/run_equivalence.py,.py,present at 64b9ee1e687273896570713f1e28ed10a788c39f; tracked,RETAINED_AS_HISTORICAL_EVIDENCE,superseded process or archived supporting evidence,immutable supporting scientific/audit evidence; current authority is R23_STATUS,"retain original bytes, manifests, raw outputs, negative fixtures, historical path metadata",ARCHIVE,71f7b62c5f442ce3dbe081a4f78148170bf70c84b226ee774a108c53f6a08176,586
reproducibility/outputs/traffic_simulation/r23_n5_runtime_optimization_review/20260913_v2/runtime_benchmark.json,.json,present at 64b9ee1e687273896570713f1e28ed10a788c39f; tracked,RETAINED_AS_HISTORICAL_EVIDENCE,superseded process or archived supporting evidence,immutable supporting scientific/audit evidence; current authority is R23_STATUS,"retain original bytes, manifests, raw outputs, negative fixtures, historical path metadata",ARCHIVE,75f935339cfd05ee2d3558f716c8996774ae4088ce10fd8bdcb110ee7f1b94df,1114
reproducibility/outputs/traffic_simulation/r23_n5_runtime_optimization_review/20260913_v2/small_n_exhaustive_equivalence.json,.json,present at 64b9ee1e687273896570713f1e28ed10a788c39f; tracked,RETAINED_AS_HISTORICAL_EVIDENCE,superseded process or archived supporting evidence,immutable supporting scientific/audit evidence; current authority is R23_STATUS,"retain original bytes, manifests, raw outputs, negative fixtures, historical path metadata",ARCHIVE,f32b900b6c528ac2754fd1114381d708304efffe158620fd1883573ebaa35b46,4042
reproducibility/outputs/traffic_simulation/r23_n5_scaling/20260911_v1/progress.json,.json,present at 64b9ee1e687273896570713f1e28ed10a788c39f; tracked,RETAINED_AS_HISTORICAL_EVIDENCE,superseded process or archived supporting evidence,immutable supporting scientific/audit evidence; current authority is R23_STATUS,"retain original bytes, manifests, raw outputs, negative fixtures, historical path metadata",ARCHIVE,ac6bce1d2e8da5a259cb9b327ae3ab75bad885ddb8c0e460b616de0c3a9b8f84,615
reproducibility/outputs/traffic_simulation/r23_n5_scaling/20260911_v1/runs/routing_v18_n5_rank01/resource_record.json,.json,local retained artifact at starting HEAD; original manifests supply creation lineage,RETAINED_AS_HISTORICAL_EVIDENCE,superseded process or archived supporting evidence,immutable supporting scientific/audit evidence; current authority is R23_STATUS,"retain original bytes, manifests, raw outputs, negative fixtures, historical path metadata",ARCHIVE,a533b34317e82b0b7a85bb5bfe9740b54f14f7cf6c6aada6a30aad02f0bee0a2,528
reproducibility/outputs/traffic_simulation/r23_n5_scaling/20260911_v1/runs/routing_v18_n5_rank01/scientific_result.json,.json,local retained artifact at starting HEAD; original manifests supply creation lineage,RETAINED_AS_HISTORICAL_EVIDENCE,superseded process or archived supporting evidence,immutable supporting scientific/audit evidence; current authority is R23_STATUS,"retain original bytes, manifests, raw outputs, negative fixtures, historical path metadata",ARCHIVE,43eceae6d7e6459ba4a10094c8d358677b87999af1ccbfb6f25ab03cd11360b9,3500
reproducibility/outputs/traffic_simulation/r23_n5_scaling/20260911_v1/runs/routing_v18_n5_rank01/terminal_record.json,.json,local retained artifact at starting HEAD; original manifests supply creation lineage,RETAINED_AS_HISTORICAL_EVIDENCE,superseded process or archived supporting evidence,immutable supporting scientific/audit evidence; current authority is R23_STATUS,"retain original bytes, manifests, raw outputs, negative fixtures, historical path metadata",ARCHIVE,115884b567b70bbd26b60e5a35991a6a47ad59985a435b40477622f45736ebc5,293
reproducibility/outputs/traffic_simulation/r23_n5_scaling/20260911_v1/runs/routing_v18_n5_rank02/resource_record.json,.json,present at 64b9ee1e687273896570713f1e28ed10a788c39f; tracked,RETAINED_AS_HISTORICAL_EVIDENCE,superseded process or archived supporting evidence,immutable supporting scientific/audit evidence; current authority is R23_STATUS,"retain original bytes, manifests, raw outputs, negative fixtures, historical path metadata",ARCHIVE,3b04a037ab5a645002cf466f9a12580471bddfce5c89cf1566844326e5ea5eaf,532
reproducibility/outputs/traffic_simulation/r23_n5_scaling/20260911_v1/runs/routing_v18_n5_rank02/scientific_result.json,.json,present at 64b9ee1e687273896570713f1e28ed10a788c39f; tracked,RETAINED_AS_HISTORICAL_EVIDENCE,superseded process or archived supporting evidence,immutable supporting scientific/audit evidence; current authority is R23_STATUS,"retain original bytes, manifests, raw outputs, negative fixtures, historical path metadata",ARCHIVE,133c8daa531d1f12a6f9343931f6acbc1143c2a8e21772eedebcf8db438eefe8,3808
reproducibility/outputs/traffic_simulation/r23_n5_scaling/20260911_v1/runs/routing_v18_n5_rank02/terminal_record.json,.json,present at 64b9ee1e687273896570713f1e28ed10a788c39f; tracked,RETAINED_AS_HISTORICAL_EVIDENCE,superseded process or archived supporting evidence,immutable supporting scientific/audit evidence; current authority is R23_STATUS,"retain original bytes, manifests, raw outputs, negative fixtures, historical path metadata",ARCHIVE,1eb5832f25250d5c61792f3b499271a7bbecc834650c453ab738ca80c35a1bb9,287
reproducibility/outputs/traffic_simulation/r23_n5_scaling/20260911_v1/runs/routing_v18_n5_rank03/resource_record.json,.json,present at 64b9ee1e687273896570713f1e28ed10a788c39f; tracked,RETAINED_AS_HISTORICAL_EVIDENCE,superseded process or archived supporting evidence,immutable supporting scientific/audit evidence; current authority is R23_STATUS,"retain original bytes, manifests, raw outputs, negative fixtures, historical path metadata",ARCHIVE,b880345244937f006aae7a1c0b8acb6971bd9cfa0f7dfd2f423020a8d5561c2f,531
reproducibility/outputs/traffic_simulation/r23_n5_scaling/20260911_v1/runs/routing_v18_n5_rank03/scientific_result.json,.json,present at 64b9ee1e687273896570713f1e28ed10a788c39f; tracked,RETAINED_AS_HISTORICAL_EVIDENCE,superseded process or archived supporting evidence,immutable supporting scientific/audit evidence; current authority is R23_STATUS,"retain original bytes, manifests, raw outputs, negative fixtures, historical path metadata",ARCHIVE,45d9641ac28c315b9fa0701a8b80ab08e2c5ccb2e84c8310cb8047896e69a195,3816
reproducibility/outputs/traffic_simulation/r23_n5_scaling/20260911_v1/runs/routing_v18_n5_rank03/terminal_record.json,.json,present at 64b9ee1e687273896570713f1e28ed10a788c39f; tracked,RETAINED_AS_HISTORICAL_EVIDENCE,superseded process or archived supporting evidence,immutable supporting scientific/audit evidence; current authority is R23_STATUS,"retain original bytes, manifests, raw outputs, negative fixtures, historical path metadata",ARCHIVE,83c56637a5c9d1cd3463adf15df4abed8ac7d7ef928ef71a10f532c680369b26,287
reproducibility/outputs/traffic_simulation/r23_n5_scaling_authority/20260911_v1/README.md,.md,present at 64b9ee1e687273896570713f1e28ed10a788c39f; tracked,RETAINED_AS_HISTORICAL_EVIDENCE,superseded process or archived supporting evidence,immutable supporting scientific/audit evidence; current authority is R23_STATUS,"retain original bytes, manifests, raw outputs, negative fixtures, historical path metadata",ARCHIVE,d93831403f9ef7fff48944c64f49726e8fdb6317f80b8a964f5564030abe7190,1040
reproducibility/outputs/traffic_simulation/r23_n5_scaling_authority/20260911_v1/SHA256SUMS,no-extension,present at 64b9ee1e687273896570713f1e28ed10a788c39f; tracked,RETAINED_AS_HISTORICAL_EVIDENCE,superseded process or archived supporting evidence,immutable supporting scientific/audit evidence; current authority is R23_STATUS,"retain original bytes, manifests, raw outputs, negative fixtures, historical path metadata",ARCHIVE,3ed3e3677b8a79d1e00dc1c3f56571af6585d850ced06cbc41ac328d392860ce,657
reproducibility/outputs/traffic_simulation/r23_n5_scaling_authority/20260911_v1/n5_exact_references.json,.json,present at 64b9ee1e687273896570713f1e28ed10a788c39f; tracked,RETAINED_AS_HISTORICAL_EVIDENCE,superseded process or archived supporting evidence,immutable supporting scientific/audit evidence; current authority is R23_STATUS,"retain original bytes, manifests, raw outputs, negative fixtures, historical path metadata",ARCHIVE,7d0a4f678dc5fe536a8dc5e737cd49f3740954b0b4eeaca988aac7769b962893,1814
reproducibility/outputs/traffic_simulation/r23_n5_scaling_authority/20260911_v1/n5_execution_authorization.json,.json,present at 64b9ee1e687273896570713f1e28ed10a788c39f; tracked,RETAINED_AS_HISTORICAL_EVIDENCE,superseded process or archived supporting evidence,immutable supporting scientific/audit evidence; current authority is R23_STATUS,"retain original bytes, manifests, raw outputs, negative fixtures, historical path metadata",ARCHIVE,1b904520c6cbbbbe13122eccc72d5210ff477db9bd9030b93cde4fcda3af2018,969
reproducibility/outputs/traffic_simulation/r23_n5_scaling_authority/20260911_v1/n5_instance_selection.json,.json,present at 64b9ee1e687273896570713f1e28ed10a788c39f; tracked,RETAINED_AS_HISTORICAL_EVIDENCE,superseded process or archived supporting evidence,immutable supporting scientific/audit evidence; current authority is R23_STATUS,"retain original bytes, manifests, raw outputs, negative fixtures, historical path metadata",ARCHIVE,afc21a48c1fcaa0dd9e58984a322f2fa268bb0c4862301ef1021b0844fc28a01,2135
reproducibility/outputs/traffic_simulation/r23_n5_scaling_authority/20260911_v1/n5_penalty_authority.json,.json,present at 64b9ee1e687273896570713f1e28ed10a788c39f; tracked,RETAINED_AS_HISTORICAL_EVIDENCE,superseded process or archived supporting evidence,immutable supporting scientific/audit evidence; current authority is R23_STATUS,"retain original bytes, manifests, raw outputs, negative fixtures, historical path metadata",ARCHIVE,3082ccc0e51358bda8982f57a0ff216b9232f00476d106a9b86d78ac61269bc9,1120
reproducibility/outputs/traffic_simulation/r23_n5_scaling_authority/20260911_v1/n5_planned_run_manifest.json,.json,present at 64b9ee1e687273896570713f1e28ed10a788c39f; tracked,RETAINED_AS_HISTORICAL_EVIDENCE,superseded process or archived supporting evidence,immutable supporting scientific/audit evidence; current authority is R23_STATUS,"retain original bytes, manifests, raw outputs, negative fixtures, historical path metadata",ARCHIVE,07de44ffd7dfed8a31268fe81467c366c82770e0a01a0b3e3daa25e2252ab6a8,1250
reproducibility/outputs/traffic_simulation/r23_n5_scaling_authority/20260911_v1/n5_resource_preflight.json,.json,present at 64b9ee1e687273896570713f1e28ed10a788c39f; tracked,RETAINED_AS_HISTORICAL_EVIDENCE,superseded process or archived supporting evidence,immutable supporting scientific/audit evidence; current authority is R23_STATUS,"retain original bytes, manifests, raw outputs, negative fixtures, historical path metadata",ARCHIVE,046bc751fab3d67e21f474941367aabc112d4515c6df587ab6dfb20c83a9d3b2,1662
reproducibility/outputs/traffic_simulation/r23_n5_scaling_authority/20260911_v1/n5_validation_authority.json,.json,present at 64b9ee1e687273896570713f1e28ed10a788c39f; tracked,RETAINED_AS_HISTORICAL_EVIDENCE,superseded process or archived supporting evidence,immutable supporting scientific/audit evidence; current authority is R23_STATUS,"retain original bytes, manifests, raw outputs, negative fixtures, historical path metadata",ARCHIVE,82d851ac26bf7eda2355e214d790519ee09eb7ac692680d5c9e766fe8dd419f6,1213
reproducibility/outputs/traffic_simulation/r23_n5_scaling_authority/20260911_v2/README.md,.md,present at 64b9ee1e687273896570713f1e28ed10a788c39f; tracked,RETAINED_AS_HISTORICAL_EVIDENCE,superseded process or archived supporting evidence,immutable supporting scientific/audit evidence; current authority is R23_STATUS,"retain original bytes, manifests, raw outputs, negative fixtures, historical path metadata",ARCHIVE,d6cfc178898ea20f8cd61771f15d8901c1040be67877a60e75c8bcccd77fb80e,908
reproducibility/outputs/traffic_simulation/r23_n5_scaling_authority/20260911_v2/SHA256SUMS,no-extension,present at 64b9ee1e687273896570713f1e28ed10a788c39f; tracked,RETAINED_AS_HISTORICAL_EVIDENCE,superseded process or archived supporting evidence,immutable supporting scientific/audit evidence; current authority is R23_STATUS,"retain original bytes, manifests, raw outputs, negative fixtures, historical path metadata",ARCHIVE,4f9ea2e17173aa787906a1bc7a1abe875d7288cd1cad6566e117d350b23a553e,683
reproducibility/outputs/traffic_simulation/r23_n5_scaling_authority/20260911_v2/aer_25q_allocation_probe.json,.json,present at 64b9ee1e687273896570713f1e28ed10a788c39f; tracked,RETAINED_AS_HISTORICAL_EVIDENCE,superseded process or archived supporting evidence,immutable supporting scientific/audit evidence; current authority is R23_STATUS,"retain original bytes, manifests, raw outputs, negative fixtures, historical path metadata",ARCHIVE,41ed3b8a0f46513220951cc84d16d7bfd9129df36b6c78e9e2f24cc5ee273092,537
reproducibility/outputs/traffic_simulation/r23_n5_scaling_authority/20260911_v2/aer_25q_peak_memory.json,.json,present at 64b9ee1e687273896570713f1e28ed10a788c39f; tracked,RETAINED_AS_HISTORICAL_EVIDENCE,superseded process or archived supporting evidence,immutable supporting scientific/audit evidence; current authority is R23_STATUS,"retain original bytes, manifests, raw outputs, negative fixtures, historical path metadata",ARCHIVE,cfe4193bbb511eaf3717bb739c90f486a74fd8d1a28b80506976a7ae528dd7be,796
reproducibility/outputs/traffic_simulation/r23_n5_scaling_authority/20260911_v2/frozen_environment_validation.json,.json,present at 64b9ee1e687273896570713f1e28ed10a788c39f; tracked,RETAINED_AS_HISTORICAL_EVIDENCE,superseded process or archived supporting evidence,immutable supporting scientific/audit evidence; current authority is R23_STATUS,"retain original bytes, manifests, raw outputs, negative fixtures, historical path metadata",ARCHIVE,201145656f1f915eb06067c85bcfce85304610f454f2688f2cb784d5c55f4890,803
reproducibility/outputs/traffic_simulation/r23_n5_scaling_authority/20260911_v2/machine_resource_validation.json,.json,present at 64b9ee1e687273896570713f1e28ed10a788c39f; tracked,RETAINED_AS_HISTORICAL_EVIDENCE,superseded process or archived supporting evidence,immutable supporting scientific/audit evidence; current authority is R23_STATUS,"retain original bytes, manifests, raw outputs, negative fixtures, historical path metadata",ARCHIVE,6c6b6854b9e997440556b9d3af0b8d778a31ec19c0ede2f990f9fd1a07575ed0,817
reproducibility/outputs/traffic_simulation/r23_n5_scaling_authority/20260911_v2/n5_execution_authorization_v2.json,.json,present at 64b9ee1e687273896570713f1e28ed10a788c39f; tracked,RETAINED_AS_HISTORICAL_EVIDENCE,superseded process or archived supporting evidence,immutable supporting scientific/audit evidence; current authority is R23_STATUS,"retain original bytes, manifests, raw outputs, negative fixtures, historical path metadata",ARCHIVE,5b5f22c1d8882f8d8f7a34131975e3313541a67ada1fe65fbdba2535fda3ca69,2546
reproducibility/outputs/traffic_simulation/r23_n5_scaling_authority/20260911_v2/n5_resource_preflight_v2.json,.json,present at 64b9ee1e687273896570713f1e28ed10a788c39f; tracked,RETAINED_AS_HISTORICAL_EVIDENCE,superseded process or archived supporting evidence,immutable supporting scientific/audit evidence; current authority is R23_STATUS,"retain original bytes, manifests, raw outputs, negative fixtures, historical path metadata",ARCHIVE,77fbcfdd7c6eada919906dec7f550acfae28708f90c16436db54f0897b2e8cf7,1237
reproducibility/outputs/traffic_simulation/r23_n5_scaling_authority/20260911_v2/qaoa_static_resource_review.json,.json,present at 64b9ee1e687273896570713f1e28ed10a788c39f; tracked,RETAINED_AS_HISTORICAL_EVIDENCE,superseded process or archived supporting evidence,immutable supporting scientific/audit evidence; current authority is R23_STATUS,"retain original bytes, manifests, raw outputs, negative fixtures, historical path metadata",ARCHIVE,fe28e6ad1d0a3466310a4b3aeba06ee73271a9cc64e4ce6659fb298bc8a0ac31,1088
reproducibility/outputs/traffic_simulation/r23_n5_scaling_evidence_review/20260913_v1/README.md,.md,present at 64b9ee1e687273896570713f1e28ed10a788c39f; tracked,RETAINED_AS_HISTORICAL_EVIDENCE,superseded process or archived supporting evidence,immutable supporting scientific/audit evidence; current authority is R23_STATUS,"retain original bytes, manifests, raw outputs, negative fixtures, historical path metadata",ARCHIVE,f3da4f6df1e8071236c068532caea41d9bf844e513bf4c49734a2c7635c7a346,398
reproducibility/outputs/traffic_simulation/r23_n5_scaling_evidence_review/20260913_v1/SHA256SUMS,no-extension,present at 64b9ee1e687273896570713f1e28ed10a788c39f; tracked,RETAINED_AS_HISTORICAL_EVIDENCE,superseded process or archived supporting evidence,immutable supporting scientific/audit evidence; current authority is R23_STATUS,"retain original bytes, manifests, raw outputs, negative fixtures, historical path metadata",ARCHIVE,c9199a2a977a2fb61c57d52700753d7b78c6bcc7bd294e976f911dc0691f5726,1015
reproducibility/outputs/traffic_simulation/r23_n5_scaling_evidence_review/20260913_v1/final_classification.json,.json,present at 64b9ee1e687273896570713f1e28ed10a788c39f; tracked,RETAINED_AS_HISTORICAL_EVIDENCE,superseded process or archived supporting evidence,immutable supporting scientific/audit evidence; current authority is R23_STATUS,"retain original bytes, manifests, raw outputs, negative fixtures, historical path metadata",ARCHIVE,19fbef40e2f4877a416a441800e4deacab0a7c351726e4897cc53a6e2e0541af,601
reproducibility/outputs/traffic_simulation/r23_n5_scaling_evidence_review/20260913_v1/implementation_provenance_review.json,.json,present at 64b9ee1e687273896570713f1e28ed10a788c39f; tracked,RETAINED_AS_HISTORICAL_EVIDENCE,superseded process or archived supporting evidence,immutable supporting scientific/audit evidence; current authority is R23_STATUS,"retain original bytes, manifests, raw outputs, negative fixtures, historical path metadata",ARCHIVE,1b6a509c0a33e7d9a0aeefd60b88c74f45ceebe5c06137fa5c73e77ae8938bc5,638
reproducibility/outputs/traffic_simulation/r23_n5_scaling_evidence_review/20260913_v1/n4_vs_n5_limited_comparison.json,.json,present at 64b9ee1e687273896570713f1e28ed10a788c39f; tracked,RETAINED_AS_HISTORICAL_EVIDENCE,superseded process or archived supporting evidence,immutable supporting scientific/audit evidence; current authority is R23_STATUS,"retain original bytes, manifests, raw outputs, negative fixtures, historical path metadata",ARCHIVE,c9947f74461d368d23f395161e96379f5304210fe84b70d3bccac2d96b7fcb8c,4594
reproducibility/outputs/traffic_simulation/r23_n5_scaling_evidence_review/20260913_v1/n5_optimizer_summary.json,.json,present at 64b9ee1e687273896570713f1e28ed10a788c39f; tracked,RETAINED_AS_HISTORICAL_EVIDENCE,superseded process or archived supporting evidence,immutable supporting scientific/audit evidence; current authority is R23_STATUS,"retain original bytes, manifests, raw outputs, negative fixtures, historical path metadata",ARCHIVE,ef48ce124ea18314ca2544564f671d71385129c6b1a4cfce84fd61e89517829a,4178
reproducibility/outputs/traffic_simulation/r23_n5_scaling_evidence_review/20260913_v1/n5_probability_summary.json,.json,present at 64b9ee1e687273896570713f1e28ed10a788c39f; tracked,RETAINED_AS_HISTORICAL_EVIDENCE,superseded process or archived supporting evidence,immutable supporting scientific/audit evidence; current authority is R23_STATUS,"retain original bytes, manifests, raw outputs, negative fixtures, historical path metadata",ARCHIVE,3023bdfee5f1cbb4dc9a364d9d7244373b31679a184bbd8e0eb1548a859aea65,4459
reproducibility/outputs/traffic_simulation/r23_n5_scaling_evidence_review/20260913_v1/n5_resource_summary.json,.json,present at 64b9ee1e687273896570713f1e28ed10a788c39f; tracked,RETAINED_AS_HISTORICAL_EVIDENCE,superseded process or archived supporting evidence,immutable supporting scientific/audit evidence; current authority is R23_STATUS,"retain original bytes, manifests, raw outputs, negative fixtures, historical path metadata",ARCHIVE,0c7e0c85e7c2e29bcb49a4164b20838980bfc0e45c9f7af5a409f14f86107b51,4218
reproducibility/outputs/traffic_simulation/r23_n5_scaling_evidence_review/20260913_v1/n5_route_quality_summary.json,.json,present at 64b9ee1e687273896570713f1e28ed10a788c39f; tracked,RETAINED_AS_HISTORICAL_EVIDENCE,superseded process or archived supporting evidence,immutable supporting scientific/audit evidence; current authority is R23_STATUS,"retain original bytes, manifests, raw outputs, negative fixtures, historical path metadata",ARCHIVE,e9110536391e892c2f809340f6705b7cff3373749f56444e422bb1403954beb4,4046
reproducibility/outputs/traffic_simulation/r23_n5_scaling_evidence_review/20260913_v1/n5_run_summary.json,.json,present at 64b9ee1e687273896570713f1e28ed10a788c39f; tracked,RETAINED_AS_HISTORICAL_EVIDENCE,superseded process or archived supporting evidence,immutable supporting scientific/audit evidence; current authority is R23_STATUS,"retain original bytes, manifests, raw outputs, negative fixtures, historical path metadata",ARCHIVE,256c97eb69bc8fb287ec3d0b9bf71076ae6b5316b245cd2b0b032079f3b4def4,4367
reproducibility/outputs/traffic_simulation/r23_n5_scaling_evidence_review/20260913_v1/n5_runtime_summary.json,.json,present at 64b9ee1e687273896570713f1e28ed10a788c39f; tracked,RETAINED_AS_HISTORICAL_EVIDENCE,superseded process or archived supporting evidence,immutable supporting scientific/audit evidence; current authority is R23_STATUS,"retain original bytes, manifests, raw outputs, negative fixtures, historical path metadata",ARCHIVE,d17c191ee2a1777f84efe5e99bd55fe5988cf6ee64301b2ef46ddc0cc9f0a714,4691
reproducibility/outputs/traffic_simulation/r23_n5_scaling_evidence_review/20260913_v1/n6_methodology_decision.json,.json,present at 64b9ee1e687273896570713f1e28ed10a788c39f; tracked,RETAINED_AS_HISTORICAL_EVIDENCE,superseded process or archived supporting evidence,immutable supporting scientific/audit evidence; current authority is R23_STATUS,"retain original bytes, manifests, raw outputs, negative fixtures, historical path metadata",ARCHIVE,f37e1fdaa2471473148094709d732a42023995ca98c8058e4f635a81f6e0a52e,267
reproducibility/outputs/traffic_simulation/r23_n5_scaling_progress_review/20260912_v1/README.md,.md,present at 64b9ee1e687273896570713f1e28ed10a788c39f; tracked,RETAINED_AS_HISTORICAL_EVIDENCE,superseded process or archived supporting evidence,immutable supporting scientific/audit evidence; current authority is R23_STATUS,"retain original bytes, manifests, raw outputs, negative fixtures, historical path metadata",ARCHIVE,ea56f634d37616e4e0548097d14efaee466cca279646836e475ba0ea5fe84aed,1294
reproducibility/outputs/traffic_simulation/r23_n5_scaling_progress_review/20260912_v1/SHA256SUMS,no-extension,present at 64b9ee1e687273896570713f1e28ed10a788c39f; tracked,RETAINED_AS_HISTORICAL_EVIDENCE,superseded process or archived supporting evidence,immutable supporting scientific/audit evidence; current authority is R23_STATUS,"retain original bytes, manifests, raw outputs, negative fixtures, historical path metadata",ARCHIVE,f3ea7f7fe305ed2a60ffd4d5b391ec4bba948bea077e13803e104e44daafd694,437
reproducibility/outputs/traffic_simulation/r23_n5_scaling_progress_review/20260912_v1/continuation_decision.json,.json,present at 64b9ee1e687273896570713f1e28ed10a788c39f; tracked,RETAINED_AS_HISTORICAL_EVIDENCE,superseded process or archived supporting evidence,immutable supporting scientific/audit evidence; current authority is R23_STATUS,"retain original bytes, manifests, raw outputs, negative fixtures, historical path metadata",ARCHIVE,6f4062c5c0a97fab4648d761070c2e7fd3298f4c848e8a392353eb6054411468,1414
reproducibility/outputs/traffic_simulation/r23_n5_scaling_progress_review/20260912_v1/hayate_resource_snapshot.json,.json,present at 64b9ee1e687273896570713f1e28ed10a788c39f; tracked,RETAINED_AS_HISTORICAL_EVIDENCE,superseded process or archived supporting evidence,immutable supporting scientific/audit evidence; current authority is R23_STATUS,"retain original bytes, manifests, raw outputs, negative fixtures, historical path metadata",ARCHIVE,a7e353c15bd64458128e8f25aad0da384874264c48a8c4334063deb09f07315e,1429
reproducibility/outputs/traffic_simulation/r23_n5_scaling_progress_review/20260912_v1/progress_review.json,.json,present at 64b9ee1e687273896570713f1e28ed10a788c39f; tracked,RETAINED_AS_HISTORICAL_EVIDENCE,superseded process or archived supporting evidence,immutable supporting scientific/audit evidence; current authority is R23_STATUS,"retain original bytes, manifests, raw outputs, negative fixtures, historical path metadata",ARCHIVE,8e35db66a516e234e4b03c17673b357cf4a7c47face3616060dd22fd05e02805,2300
reproducibility/outputs/traffic_simulation/r23_n5_scaling_progress_review/20260912_v1/rank01_status.json,.json,present at 64b9ee1e687273896570713f1e28ed10a788c39f; tracked,RETAINED_AS_HISTORICAL_EVIDENCE,superseded process or archived supporting evidence,immutable supporting scientific/audit evidence; current authority is R23_STATUS,"retain original bytes, manifests, raw outputs, negative fixtures, historical path metadata",ARCHIVE,c9c34463a59a7713c6e449687f172646d948b11b74f1c69f335eef4f4de2ada9,1172
reproducibility/outputs/traffic_simulation/r23_n5_scaling_progress_review/20260912_v2/README.md,.md,present at 64b9ee1e687273896570713f1e28ed10a788c39f; tracked,RETAINED_AS_HISTORICAL_EVIDENCE,superseded process or archived supporting evidence,immutable supporting scientific/audit evidence; current authority is R23_STATUS,"retain original bytes, manifests, raw outputs, negative fixtures, historical path metadata",ARCHIVE,b1a61a6fee651cc7d79ad305e7325a9874c769b18cae9fca3fa7c276e49e9d99,1177
reproducibility/outputs/traffic_simulation/r23_n5_scaling_progress_review/20260912_v2/SHA256SUMS,no-extension,present at 64b9ee1e687273896570713f1e28ed10a788c39f; tracked,RETAINED_AS_HISTORICAL_EVIDENCE,superseded process or archived supporting evidence,immutable supporting scientific/audit evidence; current authority is R23_STATUS,"retain original bytes, manifests, raw outputs, negative fixtures, historical path metadata",ARCHIVE,2eee19d39833e63842c609bb2e22cd79298e4d58117d045589d0e469fa8c9880,727
reproducibility/outputs/traffic_simulation/r23_n5_scaling_progress_review/20260912_v2/continuation_decision.json,.json,present at 64b9ee1e687273896570713f1e28ed10a788c39f; tracked,RETAINED_AS_HISTORICAL_EVIDENCE,superseded process or archived supporting evidence,immutable supporting scientific/audit evidence; current authority is R23_STATUS,"retain original bytes, manifests, raw outputs, negative fixtures, historical path metadata",ARCHIVE,3b08d478e93d37b56a4ec9af0e8f19fc9bd9a6dc1d9307649898a425fee7f164,1093
reproducibility/outputs/traffic_simulation/r23_n5_scaling_progress_review/20260912_v2/hayate_resource_snapshot.json,.json,present at 64b9ee1e687273896570713f1e28ed10a788c39f; tracked,RETAINED_AS_HISTORICAL_EVIDENCE,superseded process or archived supporting evidence,immutable supporting scientific/audit evidence; current authority is R23_STATUS,"retain original bytes, manifests, raw outputs, negative fixtures, historical path metadata",ARCHIVE,f9ab1876b61a317ebf1c665388318f2ef7777d7db74d9b06d42601488200df4e,1750
reproducibility/outputs/traffic_simulation/r23_n5_scaling_progress_review/20260912_v2/n4_n5_limited_comparison.json,.json,present at 64b9ee1e687273896570713f1e28ed10a788c39f; tracked,RETAINED_AS_HISTORICAL_EVIDENCE,superseded process or archived supporting evidence,immutable supporting scientific/audit evidence; current authority is R23_STATUS,"retain original bytes, manifests, raw outputs, negative fixtures, historical path metadata",ARCHIVE,7ad609cd56d3432b760352592fc847d09deb5bc52823f65eb53750ce3e5c0ae9,816
reproducibility/outputs/traffic_simulation/r23_n5_scaling_progress_review/20260912_v2/progress_review.json,.json,present at 64b9ee1e687273896570713f1e28ed10a788c39f; tracked,RETAINED_AS_HISTORICAL_EVIDENCE,superseded process or archived supporting evidence,immutable supporting scientific/audit evidence; current authority is R23_STATUS,"retain original bytes, manifests, raw outputs, negative fixtures, historical path metadata",ARCHIVE,91b4f6423cffc312f80a0f0f3f623c45302e50e3c42688656bcab15711b482e6,2929
reproducibility/outputs/traffic_simulation/r23_n5_scaling_progress_review/20260912_v2/rank01_scientific_review.json,.json,present at 64b9ee1e687273896570713f1e28ed10a788c39f; tracked,RETAINED_AS_HISTORICAL_EVIDENCE,superseded process or archived supporting evidence,immutable supporting scientific/audit evidence; current authority is R23_STATUS,"retain original bytes, manifests, raw outputs, negative fixtures, historical path metadata",ARCHIVE,d2df69fc6e1fda72ec0d9c31499840ae71a13269ea3110efbaf3b5bd6524774c,987
reproducibility/outputs/traffic_simulation/r23_n5_scaling_progress_review/20260912_v2/rank01_status.json,.json,present at 64b9ee1e687273896570713f1e28ed10a788c39f; tracked,RETAINED_AS_HISTORICAL_EVIDENCE,superseded process or archived supporting evidence,immutable supporting scientific/audit evidence; current authority is R23_STATUS,"retain original bytes, manifests, raw outputs, negative fixtures, historical path metadata",ARCHIVE,390b6d7eb700100b3f210b8b2d98d457b6aa5be40d66afd22e6a82b1684c4e24,1192
reproducibility/outputs/traffic_simulation/r23_n5_scaling_progress_review/20260912_v2/remaining_run_value_review.json,.json,present at 64b9ee1e687273896570713f1e28ed10a788c39f; tracked,RETAINED_AS_HISTORICAL_EVIDENCE,superseded process or archived supporting evidence,immutable supporting scientific/audit evidence; current authority is R23_STATUS,"retain original bytes, manifests, raw outputs, negative fixtures, historical path metadata",ARCHIVE,ab053858d49170306c74d964b61369d0aae0c6d4d5a7259fb67af76284b71e0c,886
reproducibility/outputs/traffic_simulation/r23_n5_scaling_progress_review/20260912_v3/README.md,.md,present at 64b9ee1e687273896570713f1e28ed10a788c39f; tracked,RETAINED_AS_HISTORICAL_EVIDENCE,superseded process or archived supporting evidence,immutable supporting scientific/audit evidence; current authority is R23_STATUS,"retain original bytes, manifests, raw outputs, negative fixtures, historical path metadata",ARCHIVE,522d175080eedcb144660d79e67028b92cf9e4dbf4af803c7c27c6d7922d78e6,1275
reproducibility/outputs/traffic_simulation/r23_n5_scaling_progress_review/20260912_v3/SHA256SUMS,no-extension,present at 64b9ee1e687273896570713f1e28ed10a788c39f; tracked,RETAINED_AS_HISTORICAL_EVIDENCE,superseded process or archived supporting evidence,immutable supporting scientific/audit evidence; current authority is R23_STATUS,"retain original bytes, manifests, raw outputs, negative fixtures, historical path metadata",ARCHIVE,b18cabfc29e51615407b3d8a5bcf3d763ecd041e93c7372489b7a2271c9d638d,727
reproducibility/outputs/traffic_simulation/r23_n5_scaling_progress_review/20260912_v3/continuation_decision.json,.json,present at 64b9ee1e687273896570713f1e28ed10a788c39f; tracked,RETAINED_AS_HISTORICAL_EVIDENCE,superseded process or archived supporting evidence,immutable supporting scientific/audit evidence; current authority is R23_STATUS,"retain original bytes, manifests, raw outputs, negative fixtures, historical path metadata",ARCHIVE,7318089f88224ca0667b3bf0d440e425de1233fd1ddbbdd23ee2acaaa8f4a240,1391
reproducibility/outputs/traffic_simulation/r23_n5_scaling_progress_review/20260912_v3/hayate_resource_snapshot.json,.json,present at 64b9ee1e687273896570713f1e28ed10a788c39f; tracked,RETAINED_AS_HISTORICAL_EVIDENCE,superseded process or archived supporting evidence,immutable supporting scientific/audit evidence; current authority is R23_STATUS,"retain original bytes, manifests, raw outputs, negative fixtures, historical path metadata",ARCHIVE,edfb67cfbad1ec639b55c5964a31fa102d85346a0451faa555c7bab9d76c6952,1635
reproducibility/outputs/traffic_simulation/r23_n5_scaling_progress_review/20260912_v3/n4_n5_limited_comparison.json,.json,present at 64b9ee1e687273896570713f1e28ed10a788c39f; tracked,RETAINED_AS_HISTORICAL_EVIDENCE,superseded process or archived supporting evidence,immutable supporting scientific/audit evidence; current authority is R23_STATUS,"retain original bytes, manifests, raw outputs, negative fixtures, historical path metadata",ARCHIVE,0b669f9a9395f2290fdbea4a6a445184dc534220500ae11ad0690e4386597efc,583
reproducibility/outputs/traffic_simulation/r23_n5_scaling_progress_review/20260912_v3/progress_review.json,.json,present at 64b9ee1e687273896570713f1e28ed10a788c39f; tracked,RETAINED_AS_HISTORICAL_EVIDENCE,superseded process or archived supporting evidence,immutable supporting scientific/audit evidence; current authority is R23_STATUS,"retain original bytes, manifests, raw outputs, negative fixtures, historical path metadata",ARCHIVE,6afe3ff40d27d77b552acbacd2107704c044e8c2792b9552c854f81f9fbe3c46,2867
reproducibility/outputs/traffic_simulation/r23_n5_scaling_progress_review/20260912_v3/rank01_scientific_review.json,.json,present at 64b9ee1e687273896570713f1e28ed10a788c39f; tracked,RETAINED_AS_HISTORICAL_EVIDENCE,superseded process or archived supporting evidence,immutable supporting scientific/audit evidence; current authority is R23_STATUS,"retain original bytes, manifests, raw outputs, negative fixtures, historical path metadata",ARCHIVE,207747099125de0b28e74cd9418e310142b3972a65bc79bd151bddb2577997ad,1050
reproducibility/outputs/traffic_simulation/r23_n5_scaling_progress_review/20260912_v3/rank01_status.json,.json,present at 64b9ee1e687273896570713f1e28ed10a788c39f; tracked,RETAINED_AS_HISTORICAL_EVIDENCE,superseded process or archived supporting evidence,immutable supporting scientific/audit evidence; current authority is R23_STATUS,"retain original bytes, manifests, raw outputs, negative fixtures, historical path metadata",ARCHIVE,e951b9b0a42bf3e86b0ef6428bae70619c15a9781bf729e958fb2b0e4c33b5a6,1210
reproducibility/outputs/traffic_simulation/r23_n5_scaling_progress_review/20260912_v3/remaining_run_value_review.json,.json,present at 64b9ee1e687273896570713f1e28ed10a788c39f; tracked,RETAINED_AS_HISTORICAL_EVIDENCE,superseded process or archived supporting evidence,immutable supporting scientific/audit evidence; current authority is R23_STATUS,"retain original bytes, manifests, raw outputs, negative fixtures, historical path metadata",ARCHIVE,155445a9ac1eea39d67cce1fbd72738fc18501bbb648dc5aade3185fe557c90c,966
reproducibility/outputs/traffic_simulation/r23_reduced_pilot/20260911_environment_incompatibility/manifest.json,.json,local retained artifact at starting HEAD; original manifests supply creation lineage,RETAINED_AS_HISTORICAL_EVIDENCE,superseded process or archived supporting evidence,immutable supporting scientific/audit evidence; current authority is R23_STATUS,"retain original bytes, manifests, raw outputs, negative fixtures, historical path metadata",ARCHIVE,40dc5c6e23232ad79cbd22b96f446f247786017dd71f1f531b1ea076fbf8fa57,1571
reproducibility/outputs/traffic_simulation/r23_reduced_pilot/20260911_environment_incompatibility/preflight_failure.json,.json,local retained artifact at starting HEAD; original manifests supply creation lineage,RETAINED_AS_HISTORICAL_EVIDENCE,superseded process or archived supporting evidence,immutable supporting scientific/audit evidence; current authority is R23_STATUS,"retain original bytes, manifests, raw outputs, negative fixtures, historical path metadata",ARCHIVE,c00ead2e8a280991f20b8c8a0bbdfcf0b0186df245e40a5584d480885fa96a12,2839
reproducibility/outputs/traffic_simulation/r23_reduced_pilot/20260911_frozen_v1/experiment_config.json,.json,local retained artifact at starting HEAD; original manifests supply creation lineage,RETAINED_AS_HISTORICAL_EVIDENCE,superseded process or archived supporting evidence,immutable supporting scientific/audit evidence; current authority is R23_STATUS,"retain original bytes, manifests, raw outputs, negative fixtures, historical path metadata",ARCHIVE,7e5c9cf627934f2811cb657cec064a33104e18f413fafda94b586e28612fa9aa,8089
reproducibility/outputs/traffic_simulation/r23_reduced_pilot/20260911_frozen_v1/manifest.json,.json,local retained artifact at starting HEAD; original manifests supply creation lineage,RETAINED_AS_HISTORICAL_EVIDENCE,superseded process or archived supporting evidence,immutable supporting scientific/audit evidence; current authority is R23_STATUS,"retain original bytes, manifests, raw outputs, negative fixtures, historical path metadata",ARCHIVE,a6f958f9cf83412e31a88cdc87434f9b2a8731bf0f0cfb63116db04eb3eab5fc,3442
reproducibility/outputs/traffic_simulation/r23_reduced_pilot/20260911_frozen_v1/preflight.json,.json,local retained artifact at starting HEAD; original manifests supply creation lineage,RETAINED_AS_HISTORICAL_EVIDENCE,superseded process or archived supporting evidence,immutable supporting scientific/audit evidence; current authority is R23_STATUS,"retain original bytes, manifests, raw outputs, negative fixtures, historical path metadata",ARCHIVE,5bed066584020cec7d9123a4e437525d4865de94a58d3665b0aa0f62b06dc737,2258
reproducibility/outputs/traffic_simulation/r23_reduced_pilot/20260911_frozen_v1/run_pilot.py,.py,local retained artifact at starting HEAD; original manifests supply creation lineage,RETAINED_AS_HISTORICAL_EVIDENCE,superseded process or archived supporting evidence,immutable supporting scientific/audit evidence; current authority is R23_STATUS,"retain original bytes, manifests, raw outputs, negative fixtures, historical path metadata",ARCHIVE,fd5bdd9be98d0991f1098555ac6a26b8fdbd767d56495b7c26d0d72d90eacacb,17640
reproducibility/outputs/traffic_simulation/r23_reduced_pilot/20260911_frozen_v1/runs/routing_baseline_v18_first_3_customers_p1_init_fixed01_rep1.json,.json,local retained artifact at starting HEAD; original manifests supply creation lineage,RETAINED_AS_HISTORICAL_EVIDENCE,superseded process or archived supporting evidence,immutable supporting scientific/audit evidence; current authority is R23_STATUS,"retain original bytes, manifests, raw outputs, negative fixtures, historical path metadata",ARCHIVE,72afdde3e3c55b2e1c61ccaee78366df61ceff59d6944df2700a9c3f6d0022a4,104565
reproducibility/outputs/traffic_simulation/r23_reduced_pilot/20260911_frozen_v1/runs/routing_baseline_v18_first_3_customers_p2_init_fixed01_rep1.json,.json,local retained artifact at starting HEAD; original manifests supply creation lineage,RETAINED_AS_HISTORICAL_EVIDENCE,superseded process or archived supporting evidence,immutable supporting scientific/audit evidence; current authority is R23_STATUS,"retain original bytes, manifests, raw outputs, negative fixtures, historical path metadata",ARCHIVE,f6c1eeb3ea17ad90c4400a8c2b6ec80a99fc79a6deb46991fd78b1b002b4ec9e,116601
reproducibility/outputs/traffic_simulation/r23_reduced_pilot/20260911_frozen_v1/runs/routing_baseline_v18_first_3_customers_p3_init_fixed01_rep1.json,.json,local retained artifact at starting HEAD; original manifests supply creation lineage,RETAINED_AS_HISTORICAL_EVIDENCE,superseded process or archived supporting evidence,immutable supporting scientific/audit evidence; current authority is R23_STATUS,"retain original bytes, manifests, raw outputs, negative fixtures, historical path metadata",ARCHIVE,5701e1d3c4c1e7331d6fe845bb580b3f4ca818a2e13f97c7bb5111a9ca48237d,120316
reproducibility/outputs/traffic_simulation/r23_reduced_pilot/20260911_frozen_v1/runs/synthetic_n2_unique_p1_init_fixed01_rep1.json,.json,local retained artifact at starting HEAD; original manifests supply creation lineage,RETAINED_AS_HISTORICAL_EVIDENCE,superseded process or archived supporting evidence,immutable supporting scientific/audit evidence; current authority is R23_STATUS,"retain original bytes, manifests, raw outputs, negative fixtures, historical path metadata",ARCHIVE,b90b12dd064127cf169f374cdf6f0f0fffbe8286f5d90e68e6abbc2a3e83d3d5,12094
reproducibility/outputs/traffic_simulation/r23_reduced_pilot/20260911_frozen_v1/runs/synthetic_n2_unique_p2_init_fixed01_rep1.json,.json,local retained artifact at starting HEAD; original manifests supply creation lineage,RETAINED_AS_HISTORICAL_EVIDENCE,superseded process or archived supporting evidence,immutable supporting scientific/audit evidence; current authority is R23_STATUS,"retain original bytes, manifests, raw outputs, negative fixtures, historical path metadata",ARCHIVE,89d6e3561963e41c826c612d45a0ec145c1db6fb556a7b26116d746492681d2a,22465
reproducibility/outputs/traffic_simulation/r23_reduced_pilot/20260911_frozen_v1/runs/synthetic_n2_unique_p3_init_fixed01_rep1.json,.json,local retained artifact at starting HEAD; original manifests supply creation lineage,RETAINED_AS_HISTORICAL_EVIDENCE,superseded process or archived supporting evidence,immutable supporting scientific/audit evidence; current authority is R23_STATUS,"retain original bytes, manifests, raw outputs, negative fixtures, historical path metadata",ARCHIVE,8fca3123b06bd7a665f2bcef9c44bc4b9acef7e43af84b3584e8b392fbe5625a,28029
reproducibility/outputs/traffic_simulation/r23_reduced_pilot/20260911_frozen_v1/summary.json,.json,local retained artifact at starting HEAD; original manifests supply creation lineage,RETAINED_AS_HISTORICAL_EVIDENCE,superseded process or archived supporting evidence,immutable supporting scientific/audit evidence; current authority is R23_STATUS,"retain original bytes, manifests, raw outputs, negative fixtures, historical path metadata",ARCHIVE,efc59a0791794e08984d4c1ef110ca52a15795e322acc4b63e5004fca66dbfc0,4384
reproducibility/outputs/traffic_simulation/r23_reduced_problem_final_review/20260911_v1/README.md,.md,present at 64b9ee1e687273896570713f1e28ed10a788c39f; tracked,RETAINED_AS_HISTORICAL_EVIDENCE,superseded process or archived supporting evidence,immutable supporting scientific/audit evidence; current authority is R23_STATUS,"retain original bytes, manifests, raw outputs, negative fixtures, historical path metadata",ARCHIVE,ce274b67cddc60aed5f0567515b8e9045a6e7302245b26a8b99cfd7f31441af3,367
reproducibility/outputs/traffic_simulation/r23_reduced_problem_final_review/20260911_v1/SHA256SUMS,no-extension,present at 64b9ee1e687273896570713f1e28ed10a788c39f; tracked,RETAINED_AS_HISTORICAL_EVIDENCE,superseded process or archived supporting evidence,immutable supporting scientific/audit evidence; current authority is R23_STATUS,"retain original bytes, manifests, raw outputs, negative fixtures, historical path metadata",ARCHIVE,2deefe03bc55b917d58da41e3ba3ab9031d347536e14eab8a6ac2023bce9d8f6,369
reproducibility/outputs/traffic_simulation/r23_reduced_problem_final_review/20260911_v1/evidence_linkage.json,.json,present at 64b9ee1e687273896570713f1e28ed10a788c39f; tracked,RETAINED_AS_HISTORICAL_EVIDENCE,superseded process or archived supporting evidence,immutable supporting scientific/audit evidence; current authority is R23_STATUS,"retain original bytes, manifests, raw outputs, negative fixtures, historical path metadata",ARCHIVE,218dfc082b70f914ffb13fccbb3cbebcb20835db6885a8cc4eebf0b102e6722f,571
reproducibility/outputs/traffic_simulation/r23_reduced_problem_final_review/20260911_v1/formal_problem_definition_linkage.json,.json,present at 64b9ee1e687273896570713f1e28ed10a788c39f; tracked,RETAINED_AS_HISTORICAL_EVIDENCE,superseded process or archived supporting evidence,immutable supporting scientific/audit evidence; current authority is R23_STATUS,"retain original bytes, manifests, raw outputs, negative fixtures, historical path metadata",ARCHIVE,8b02aa9277ac9098ef374b2a7be312eb5b3c55f5b36279647e0c7a2a4913e210,208
reproducibility/outputs/traffic_simulation/r23_reduced_problem_final_review/20260911_v1/reduced_problem_final_review.json,.json,present at 64b9ee1e687273896570713f1e28ed10a788c39f; tracked,RETAINED_AS_HISTORICAL_EVIDENCE,superseded process or archived supporting evidence,immutable supporting scientific/audit evidence; current authority is R23_STATUS,"retain original bytes, manifests, raw outputs, negative fixtures, historical path metadata",ARCHIVE,0510516b055dc6a906dc706d925f12d0d0b7a1a97eb341ac4d8b953c9ab45fde,3667
reproducibility/outputs/traffic_simulation/r23_repository_consolidation/20260911_v1/README.md,.md,present at 64b9ee1e687273896570713f1e28ed10a788c39f; tracked,RETAINED_AS_HISTORICAL_EVIDENCE,superseded process or archived supporting evidence,immutable supporting scientific/audit evidence; current authority is R23_STATUS,"retain original bytes, manifests, raw outputs, negative fixtures, historical path metadata",ARCHIVE,f976a0ef2adf64ca6cee38ddd2369b5606aff785804234284a91a768ea5adc5c,638
reproducibility/outputs/traffic_simulation/r23_repository_consolidation/20260911_v1/SHA256SUMS,no-extension,present at 64b9ee1e687273896570713f1e28ed10a788c39f; tracked,RETAINED_AS_HISTORICAL_EVIDENCE,superseded process or archived supporting evidence,immutable supporting scientific/audit evidence; current authority is R23_STATUS,"retain original bytes, manifests, raw outputs, negative fixtures, historical path metadata",ARCHIVE,f5d2dc9d4699b5901171b1ffc09a36d9eb8ff448045cfb67564147290b3fc9e2,789
reproducibility/outputs/traffic_simulation/r23_repository_consolidation/20260911_v1/canonical_documents.json,.json,present at 64b9ee1e687273896570713f1e28ed10a788c39f; tracked,RETAINED_AS_HISTORICAL_EVIDENCE,superseded process or archived supporting evidence,immutable supporting scientific/audit evidence; current authority is R23_STATUS,"retain original bytes, manifests, raw outputs, negative fixtures, historical path metadata",ARCHIVE,e95e95c9f48c0c803958b966f0038b647980de0df6345f7076cc0dd213d41e8a,857
reproducibility/outputs/traffic_simulation/r23_repository_consolidation/20260911_v1/deleted_files.json,.json,present at 64b9ee1e687273896570713f1e28ed10a788c39f; tracked,RETAINED_AS_HISTORICAL_EVIDENCE,superseded process or archived supporting evidence,immutable supporting scientific/audit evidence; current authority is R23_STATUS,"retain original bytes, manifests, raw outputs, negative fixtures, historical path metadata",ARCHIVE,7612d861ad36a230b6a67f256f727e729b2300f74e633726b6f40909b1a0a2a1,147
reproducibility/outputs/traffic_simulation/r23_repository_consolidation/20260911_v1/documentation_update.json,.json,present at 64b9ee1e687273896570713f1e28ed10a788c39f; tracked,RETAINED_AS_HISTORICAL_EVIDENCE,superseded process or archived supporting evidence,immutable supporting scientific/audit evidence; current authority is R23_STATUS,"retain original bytes, manifests, raw outputs, negative fixtures, historical path metadata",ARCHIVE,e3d597a38f189ae2150337d727acda96871bb7e78524efe4252a276663868943,804
reproducibility/outputs/traffic_simulation/r23_repository_consolidation/20260911_v1/lifecycle_classification.json,.json,present at 64b9ee1e687273896570713f1e28ed10a788c39f; tracked,RETAINED_AS_HISTORICAL_EVIDENCE,superseded process or archived supporting evidence,immutable supporting scientific/audit evidence; current authority is R23_STATUS,"retain original bytes, manifests, raw outputs, negative fixtures, historical path metadata",ARCHIVE,2ee16913d22b8c14f9c76b8776db65864ba2b38575b3cc09742ad7d245f622dd,2418
reproducibility/outputs/traffic_simulation/r23_repository_consolidation/20260911_v1/moved_files.json,.json,present at 64b9ee1e687273896570713f1e28ed10a788c39f; tracked,RETAINED_AS_HISTORICAL_EVIDENCE,superseded process or archived supporting evidence,immutable supporting scientific/audit evidence; current authority is R23_STATUS,"retain original bytes, manifests, raw outputs, negative fixtures, historical path metadata",ARCHIVE,9085154651ff1091ce86dcf5784459485bc229d525d99ec092f1ded0dc2987f2,151
reproducibility/outputs/traffic_simulation/r23_repository_consolidation/20260911_v1/repository_inventory.json,.json,present at 64b9ee1e687273896570713f1e28ed10a788c39f; tracked,RETAINED_AS_HISTORICAL_EVIDENCE,superseded process or archived supporting evidence,immutable supporting scientific/audit evidence; current authority is R23_STATUS,"retain original bytes, manifests, raw outputs, negative fixtures, historical path metadata",ARCHIVE,debf2da2c0a6f46ad5a5f3209d4d62d3bdd7554255639084ddd18eb991c67f73,7945
reproducibility/outputs/traffic_simulation/r23_repository_consolidation/20260911_v1/validation.json,.json,present at 64b9ee1e687273896570713f1e28ed10a788c39f; tracked,RETAINED_AS_HISTORICAL_EVIDENCE,superseded process or archived supporting evidence,immutable supporting scientific/audit evidence; current authority is R23_STATUS,"retain original bytes, manifests, raw outputs, negative fixtures, historical path metadata",ARCHIVE,be4636b45e18e4a9422256dacefd128d7ae4bd80423fd1c670bfc6615409654d,1043
reproducibility/outputs/traffic_simulation/r23_repository_consolidation/20260911_v1/visualization_update.json,.json,present at 64b9ee1e687273896570713f1e28ed10a788c39f; tracked,RETAINED_AS_HISTORICAL_EVIDENCE,superseded process or archived supporting evidence,immutable supporting scientific/audit evidence; current authority is R23_STATUS,"retain original bytes, manifests, raw outputs, negative fixtures, historical path metadata",ARCHIVE,a0db5c45c8499f6dca9a51d355515108013a0cf8b3696be6237e6e0bd00fe454,665
reproducibility/outputs/traffic_simulation/r23_repository_rebaseline/20260913_v2/FINAL_REPORT.md,.md,present at 64b9ee1e687273896570713f1e28ed10a788c39f; tracked,RETAINED_AS_HISTORICAL_EVIDENCE,superseded process or archived supporting evidence,immutable supporting scientific/audit evidence; current authority is R23_STATUS,"retain original bytes, manifests, raw outputs, negative fixtures, historical path metadata",ARCHIVE,84160cee9586f4fb38edb134354b47d5a9a3794e07a38e39c206f631407002bd,9740
reproducibility/outputs/traffic_simulation/r23_repository_rebaseline/20260913_v2/README.md,.md,present at 64b9ee1e687273896570713f1e28ed10a788c39f; tracked,RETAINED_AS_HISTORICAL_EVIDENCE,superseded process or archived supporting evidence,immutable supporting scientific/audit evidence; current authority is R23_STATUS,"retain original bytes, manifests, raw outputs, negative fixtures, historical path metadata",ARCHIVE,645057a29e49479050f425aae9a2d3eb7c6c3a9a878a92cc19c3476d8b431dc6,3551
reproducibility/outputs/traffic_simulation/r23_repository_rebaseline/20260913_v2/SHA256SUMS,no-extension,present at 64b9ee1e687273896570713f1e28ed10a788c39f; tracked,RETAINED_AS_HISTORICAL_EVIDENCE,superseded process or archived supporting evidence,immutable supporting scientific/audit evidence; current authority is R23_STATUS,"retain original bytes, manifests, raw outputs, negative fixtures, historical path metadata",ARCHIVE,75c8ef70006e31afb5692b9b9450bc2f2c05002c8748489941cf6f18d4decbf7,3617
reproducibility/outputs/traffic_simulation/r23_repository_rebaseline/20260913_v2/artifact_classification.json,.json,present at 64b9ee1e687273896570713f1e28ed10a788c39f; tracked,RETAINED_AS_HISTORICAL_EVIDENCE,superseded process or archived supporting evidence,immutable supporting scientific/audit evidence; current authority is R23_STATUS,"retain original bytes, manifests, raw outputs, negative fixtures, historical path metadata",ARCHIVE,7ef9a0ca5517fcaa105e522f9fca5e34a0a15bc282741cda889acce61c09c46f,249419
reproducibility/outputs/traffic_simulation/r23_repository_rebaseline/20260913_v2/audit_chronology.json,.json,present at 64b9ee1e687273896570713f1e28ed10a788c39f; tracked,RETAINED_AS_HISTORICAL_EVIDENCE,superseded process or archived supporting evidence,immutable supporting scientific/audit evidence; current authority is R23_STATUS,"retain original bytes, manifests, raw outputs, negative fixtures, historical path metadata",ARCHIVE,4defd56717e88b68e9c0bdba8cefbec72be1d694f45a6f132a3ba95ce250ea97,9070
reproducibility/outputs/traffic_simulation/r23_repository_rebaseline/20260913_v2/authority_inventory.json,.json,present at 64b9ee1e687273896570713f1e28ed10a788c39f; tracked,RETAINED_AS_HISTORICAL_EVIDENCE,superseded process or archived supporting evidence,immutable supporting scientific/audit evidence; current authority is R23_STATUS,"retain original bytes, manifests, raw outputs, negative fixtures, historical path metadata",ARCHIVE,a605376e4b10f2015974ca4a876fad106ea1d1162fdfbdc614df85b6f4f5d6e3,436430
reproducibility/outputs/traffic_simulation/r23_repository_rebaseline/20260913_v2/b2_readonly_validation.json,.json,present at 64b9ee1e687273896570713f1e28ed10a788c39f; tracked,RETAINED_AS_HISTORICAL_EVIDENCE,superseded process or archived supporting evidence,immutable supporting scientific/audit evidence; current authority is R23_STATUS,"retain original bytes, manifests, raw outputs, negative fixtures, historical path metadata",ARCHIVE,cb715db1719dd74c35da5450b281294e918347c8410af190e9bea942f8fc0ceb,123542
reproducibility/outputs/traffic_simulation/r23_repository_rebaseline/20260913_v2/b2_scientific_facts.json,.json,present at 64b9ee1e687273896570713f1e28ed10a788c39f; tracked,RETAINED_AS_HISTORICAL_EVIDENCE,superseded process or archived supporting evidence,immutable supporting scientific/audit evidence; current authority is R23_STATUS,"retain original bytes, manifests, raw outputs, negative fixtures, historical path metadata",ARCHIVE,d284e4f179b1f92d8d532c07f1a42425bee9a6848c6c96f3539b956dbea7fe71,12885
reproducibility/outputs/traffic_simulation/r23_repository_rebaseline/20260913_v2/b2_sha_impact_assessment.json,.json,present at 64b9ee1e687273896570713f1e28ed10a788c39f; tracked,RETAINED_AS_HISTORICAL_EVIDENCE,superseded process or archived supporting evidence,immutable supporting scientific/audit evidence; current authority is R23_STATUS,"retain original bytes, manifests, raw outputs, negative fixtures, historical path metadata",ARCHIVE,f063f67e2ed579bae65e903ea7eedac7574a781e9dd198cee85e567e52315e26,37974
reproducibility/outputs/traffic_simulation/r23_repository_rebaseline/20260913_v2/b2_terminal_index_sha_inventory.json,.json,present at 64b9ee1e687273896570713f1e28ed10a788c39f; tracked,RETAINED_AS_HISTORICAL_EVIDENCE,superseded process or archived supporting evidence,immutable supporting scientific/audit evidence; current authority is R23_STATUS,"retain original bytes, manifests, raw outputs, negative fixtures, historical path metadata",ARCHIVE,fa16bb18d849d3e84d1fca646a3422bc45b866ae89c8359d6ea689c0ef96815a,36476
reproducibility/outputs/traffic_simulation/r23_repository_rebaseline/20260913_v2/cleanup_manifest.json,.json,present at 64b9ee1e687273896570713f1e28ed10a788c39f; tracked,RETAINED_AS_HISTORICAL_EVIDENCE,superseded process or archived supporting evidence,immutable supporting scientific/audit evidence; current authority is R23_STATUS,"retain original bytes, manifests, raw outputs, negative fixtures, historical path metadata",ARCHIVE,63f733a04bf7d9ccc2447cd27814fb0caeb8af56dee1896c3e498cfa875934c8,5897
reproducibility/outputs/traffic_simulation/r23_repository_rebaseline/20260913_v2/contradiction_register.json,.json,present at 64b9ee1e687273896570713f1e28ed10a788c39f; tracked,RETAINED_AS_HISTORICAL_EVIDENCE,superseded process or archived supporting evidence,immutable supporting scientific/audit evidence; current authority is R23_STATUS,"retain original bytes, manifests, raw outputs, negative fixtures, historical path metadata",ARCHIVE,58cf2cdc3714fc92c0228ee761cc45778688f023b390cdf33c5498c1f16dad90,8564
reproducibility/outputs/traffic_simulation/r23_repository_rebaseline/20260913_v2/contradiction_search.json,.json,present at 64b9ee1e687273896570713f1e28ed10a788c39f; tracked,RETAINED_AS_HISTORICAL_EVIDENCE,superseded process or archived supporting evidence,immutable supporting scientific/audit evidence; current authority is R23_STATUS,"retain original bytes, manifests, raw outputs, negative fixtures, historical path metadata",ARCHIVE,af957a99a8e4b403ff00642941630a95d6621599957feeffb156d20f80bcd601,1109
reproducibility/outputs/traffic_simulation/r23_repository_rebaseline/20260913_v2/contradiction_search_matches.json.gz,.gz,present at 64b9ee1e687273896570713f1e28ed10a788c39f; tracked,RETAINED_AS_HISTORICAL_EVIDENCE,superseded process or archived supporting evidence,immutable supporting scientific/audit evidence; current authority is R23_STATUS,"retain original bytes, manifests, raw outputs, negative fixtures, historical path metadata",ARCHIVE,47943314e609c97f5625dbf91ecc2aa043a2c8022782224eaa50e975f9dd0ed4,814106
reproducibility/outputs/traffic_simulation/r23_repository_rebaseline/20260913_v2/current_finding_map.json,.json,present at 64b9ee1e687273896570713f1e28ed10a788c39f; tracked,RETAINED_AS_HISTORICAL_EVIDENCE,superseded process or archived supporting evidence,immutable supporting scientific/audit evidence; current authority is R23_STATUS,"retain original bytes, manifests, raw outputs, negative fixtures, historical path metadata",ARCHIVE,6b50791001f04de05f59b1172b67c66c283ef63f6771f54330efa3b0aadbca21,9577
reproducibility/outputs/traffic_simulation/r23_repository_rebaseline/20260913_v2/execution_provenance_map.json,.json,present at 64b9ee1e687273896570713f1e28ed10a788c39f; tracked,RETAINED_AS_HISTORICAL_EVIDENCE,superseded process or archived supporting evidence,immutable supporting scientific/audit evidence; current authority is R23_STATUS,"retain original bytes, manifests, raw outputs, negative fixtures, historical path metadata",ARCHIVE,3a0223d7e2f7d1177c51f5d56bd3394845f20ea86f43ae0af3311ea2d5ee3858,5059
reproducibility/outputs/traffic_simulation/r23_repository_rebaseline/20260913_v2/final_authority_map.json,.json,present at 64b9ee1e687273896570713f1e28ed10a788c39f; tracked,RETAINED_AS_HISTORICAL_EVIDENCE,superseded process or archived supporting evidence,immutable supporting scientific/audit evidence; current authority is R23_STATUS,"retain original bytes, manifests, raw outputs, negative fixtures, historical path metadata",ARCHIVE,d17986ff16e3f2af0a67174b33b93e66e1f5fd98c6d2fe7a409c519f00ce1901,227263
reproducibility/outputs/traffic_simulation/r23_repository_rebaseline/20260913_v2/final_verification.json,.json,present at 64b9ee1e687273896570713f1e28ed10a788c39f; tracked,RETAINED_AS_HISTORICAL_EVIDENCE,superseded process or archived supporting evidence,immutable supporting scientific/audit evidence; current authority is R23_STATUS,"retain original bytes, manifests, raw outputs, negative fixtures, historical path metadata",ARCHIVE,e07a4c672567fc4a2d015fed958b897a4bf4daf6a889c5df0fa67ef8d44d70d4,1390
reproducibility/outputs/traffic_simulation/r23_repository_rebaseline/20260913_v2/git_provenance_map.json,.json,present at 64b9ee1e687273896570713f1e28ed10a788c39f; tracked,RETAINED_AS_HISTORICAL_EVIDENCE,superseded process or archived supporting evidence,immutable supporting scientific/audit evidence; current authority is R23_STATUS,"retain original bytes, manifests, raw outputs, negative fixtures, historical path metadata",ARCHIVE,bfb85bad4d77db1ff7d72e0ab04658d16ef114cc67e3b8738b27644b551661d9,78034
reproducibility/outputs/traffic_simulation/r23_repository_rebaseline/20260913_v2/independent_reaudit_readiness.json,.json,present at 64b9ee1e687273896570713f1e28ed10a788c39f; tracked,RETAINED_AS_HISTORICAL_EVIDENCE,superseded process or archived supporting evidence,immutable supporting scientific/audit evidence; current authority is R23_STATUS,"retain original bytes, manifests, raw outputs, negative fixtures, historical path metadata",ARCHIVE,6f2c2047252c47a49353e2c63013f009f3442da58fa28a1466e77a1353b9b11a,2379
reproducibility/outputs/traffic_simulation/r23_repository_rebaseline/20260913_v2/local_ignored_authority_dependencies.json,.json,present at 64b9ee1e687273896570713f1e28ed10a788c39f; tracked,RETAINED_AS_HISTORICAL_EVIDENCE,superseded process or archived supporting evidence,immutable supporting scientific/audit evidence; current authority is R23_STATUS,"retain original bytes, manifests, raw outputs, negative fixtures, historical path metadata",ARCHIVE,4cf185cfc0d166974440c27cc04fa15279c88f04837c83af973be0703e4badf3,114398
reproducibility/outputs/traffic_simulation/r23_repository_rebaseline/20260913_v2/postcleanup_authority_verification.json,.json,present at 64b9ee1e687273896570713f1e28ed10a788c39f; tracked,RETAINED_AS_HISTORICAL_EVIDENCE,superseded process or archived supporting evidence,immutable supporting scientific/audit evidence; current authority is R23_STATUS,"retain original bytes, manifests, raw outputs, negative fixtures, historical path metadata",ARCHIVE,93f2a9097da60b72cf2fd2affddddc956b3552a59e681ba6c47925c37317c8c2,222402
reproducibility/outputs/traffic_simulation/r23_repository_rebaseline/20260913_v2/precleanup_authority_snapshot.json,.json,present at 64b9ee1e687273896570713f1e28ed10a788c39f; tracked,RETAINED_AS_HISTORICAL_EVIDENCE,superseded process or archived supporting evidence,immutable supporting scientific/audit evidence; current authority is R23_STATUS,"retain original bytes, manifests, raw outputs, negative fixtures, historical path metadata",ARCHIVE,a36a69ca1c23740deee8c827b982aaa7301aac0d23d4a8fbedf024dbdfbd6e2d,434933
reproducibility/outputs/traffic_simulation/r23_repository_rebaseline/20260913_v2/precommit_verification.json,.json,present at 64b9ee1e687273896570713f1e28ed10a788c39f; tracked,RETAINED_AS_HISTORICAL_EVIDENCE,superseded process or archived supporting evidence,immutable supporting scientific/audit evidence; current authority is R23_STATUS,"retain original bytes, manifests, raw outputs, negative fixtures, historical path metadata",ARCHIVE,e94face6ea3f017a1b28cf1dc9fa19f631f16d20cb03e941f681b54877c03481,9405
reproducibility/outputs/traffic_simulation/r23_repository_rebaseline/20260913_v2/previous_sealed_inventory_verification.json,.json,present at 64b9ee1e687273896570713f1e28ed10a788c39f; tracked,RETAINED_AS_HISTORICAL_EVIDENCE,superseded process or archived supporting evidence,immutable supporting scientific/audit evidence; current authority is R23_STATUS,"retain original bytes, manifests, raw outputs, negative fixtures, historical path metadata",ARCHIVE,a797455c103fd4c361e7f3830d47cecd37a9a6cfec85d84819fb6893a90e26d8,210935
reproducibility/outputs/traffic_simulation/r23_repository_rebaseline/20260913_v2/r24_authority_review.json,.json,present at 64b9ee1e687273896570713f1e28ed10a788c39f; tracked,RETAINED_AS_HISTORICAL_EVIDENCE,superseded process or archived supporting evidence,immutable supporting scientific/audit evidence; current authority is R23_STATUS,"retain original bytes, manifests, raw outputs, negative fixtures, historical path metadata",ARCHIVE,53621a7cb577840ddfccc3858037a0892839b5e1c5a4d7d1987279247fa76f69,973
reproducibility/outputs/traffic_simulation/r23_repository_rebaseline/20260913_v2/scientific_authority_integrity_review.json,.json,present at 64b9ee1e687273896570713f1e28ed10a788c39f; tracked,RETAINED_AS_HISTORICAL_EVIDENCE,superseded process or archived supporting evidence,immutable supporting scientific/audit evidence; current authority is R23_STATUS,"retain original bytes, manifests, raw outputs, negative fixtures, historical path metadata",ARCHIVE,40af66ceb45b6c2e691ae48cb34b9fbeaa6b3ad1ce133aac09c662b78780a01f,17295
reproducibility/outputs/traffic_simulation/r23_repository_rebaseline/20260913_v2/scientific_fact_table.json,.json,present at 64b9ee1e687273896570713f1e28ed10a788c39f; tracked,RETAINED_AS_HISTORICAL_EVIDENCE,superseded process or archived supporting evidence,immutable supporting scientific/audit evidence; current authority is R23_STATUS,"retain original bytes, manifests, raw outputs, negative fixtures, historical path metadata",ARCHIVE,068d729a3a24d04dbfdc1e5baa6cfc60d4a35a3638253e42632631652bae2c93,7473
reproducibility/outputs/traffic_simulation/r23_repository_rebaseline/20260913_v2/starting_authority_snapshot.json,.json,present at 64b9ee1e687273896570713f1e28ed10a788c39f; tracked,RETAINED_AS_HISTORICAL_EVIDENCE,superseded process or archived supporting evidence,immutable supporting scientific/audit evidence; current authority is R23_STATUS,"retain original bytes, manifests, raw outputs, negative fixtures, historical path metadata",ARCHIVE,cd807508ea0e018f6cb957135bba47a4f652b2686b4efd9dbca1868967bbb636,168995
reproducibility/outputs/traffic_simulation/r23_repository_rebaseline/20260913_v2/starting_ignored_entries.txt,.txt,present at 64b9ee1e687273896570713f1e28ed10a788c39f; tracked,RETAINED_AS_HISTORICAL_EVIDENCE,superseded process or archived supporting evidence,immutable supporting scientific/audit evidence; current authority is R23_STATUS,"retain original bytes, manifests, raw outputs, negative fixtures, historical path metadata",ARCHIVE,2973472e2a28c97482ffd4c4c0574d442e133742c92c85192487ca56ad638d66,7347
reproducibility/outputs/traffic_simulation/r23_repository_rebaseline/20260913_v2/starting_ignored_files.txt,.txt,present at 64b9ee1e687273896570713f1e28ed10a788c39f; tracked,RETAINED_AS_HISTORICAL_EVIDENCE,superseded process or archived supporting evidence,immutable supporting scientific/audit evidence; current authority is R23_STATUS,"retain original bytes, manifests, raw outputs, negative fixtures, historical path metadata",ARCHIVE,af950f16345ea6298df00f155ffa8455304acd8d9b5477bd57192aec5b364314,3594483
reproducibility/outputs/traffic_simulation/r23_repository_rebaseline/20260913_v2/starting_state.json,.json,present at 64b9ee1e687273896570713f1e28ed10a788c39f; tracked,RETAINED_AS_HISTORICAL_EVIDENCE,superseded process or archived supporting evidence,immutable supporting scientific/audit evidence; current authority is R23_STATUS,"retain original bytes, manifests, raw outputs, negative fixtures, historical path metadata",ARCHIVE,3a466d1071df20485e7d31e2df342d01022ea3dc4c765a2bb29b6edd6ae3908a,1545
reproducibility/outputs/traffic_simulation/r23_repository_rebaseline/20260913_v2/status_document_review.json,.json,present at 64b9ee1e687273896570713f1e28ed10a788c39f; tracked,RETAINED_AS_HISTORICAL_EVIDENCE,superseded process or archived supporting evidence,immutable supporting scientific/audit evidence; current authority is R23_STATUS,"retain original bytes, manifests, raw outputs, negative fixtures, historical path metadata",ARCHIVE,ad86d2d3dd8c08d8a6eeadd07aef759c767b41e22bc0b5a6de3db299fb57694b,3237
reproducibility/outputs/traffic_simulation/r23_repository_rebaseline/20260913_v2/status_documents_before.json,.json,present at 64b9ee1e687273896570713f1e28ed10a788c39f; tracked,RETAINED_AS_HISTORICAL_EVIDENCE,superseded process or archived supporting evidence,immutable supporting scientific/audit evidence; current authority is R23_STATUS,"retain original bytes, manifests, raw outputs, negative fixtures, historical path metadata",ARCHIVE,23e80d01902c657e192fa4e1e5d7ad4383bc43cafc4eda0df7813e86fa1d682c,25969
reproducibility/outputs/traffic_simulation/r23_repository_rebaseline/20260913_v2/unconditional_pass_rescan.json,.json,present at 64b9ee1e687273896570713f1e28ed10a788c39f; tracked,RETAINED_AS_HISTORICAL_EVIDENCE,superseded process or archived supporting evidence,immutable supporting scientific/audit evidence; current authority is R23_STATUS,"retain original bytes, manifests, raw outputs, negative fixtures, historical path metadata",ARCHIVE,0c0b7bf4cde32319da308910a8bdb0ec71061df6ea184e3a9a9fbc48e7f06c10,87775
reproducibility/outputs/traffic_simulation/r23_repository_rebaseline/20260913_v2/untracked_classification.json,.json,present at 64b9ee1e687273896570713f1e28ed10a788c39f; tracked,RETAINED_AS_HISTORICAL_EVIDENCE,superseded process or archived supporting evidence,immutable supporting scientific/audit evidence; current authority is R23_STATUS,"retain original bytes, manifests, raw outputs, negative fixtures, historical path metadata",ARCHIVE,4938ed81c90452bbb59ce05468516ddb537056f70b4eaf801b641a27650c4214,8720
reproducibility/outputs/traffic_simulation/r23_repository_rebaseline/20260913_v2/validation_architecture_inventory.json,.json,present at 64b9ee1e687273896570713f1e28ed10a788c39f; tracked,RETAINED_AS_HISTORICAL_EVIDENCE,superseded process or archived supporting evidence,immutable supporting scientific/audit evidence; current authority is R23_STATUS,"retain original bytes, manifests, raw outputs, negative fixtures, historical path metadata",ARCHIVE,f99f328709e9d43de4f746fa5122c49e045dd36da5465fdcb6ffc11ee37c05a5,25886
reproducibility/outputs/traffic_simulation/r23_repository_rebaseline/20260913_v2/validation_status_contract.json,.json,present at 64b9ee1e687273896570713f1e28ed10a788c39f; tracked,RETAINED_AS_HISTORICAL_EVIDENCE,superseded process or archived supporting evidence,immutable supporting scientific/audit evidence; current authority is R23_STATUS,"retain original bytes, manifests, raw outputs, negative fixtures, historical path metadata",ARCHIVE,42d3211532dd2611e9d76db69f6fc14e4a1f64603fac542e6ffdd89ffcc11125,1414
reproducibility/outputs/traffic_simulation/r23_repository_rebaseline/20260913_v2/working_tree_inventory.json,.json,present at 64b9ee1e687273896570713f1e28ed10a788c39f; tracked,RETAINED_AS_HISTORICAL_EVIDENCE,superseded process or archived supporting evidence,immutable supporting scientific/audit evidence; current authority is R23_STATUS,"retain original bytes, manifests, raw outputs, negative fixtures, historical path metadata",ARCHIVE,20a7880d401e3770bccde5ace10860e2f35379b0b40b93e0a2db1c869240e469,8765
reproducibility/outputs/traffic_simulation/r23_source_validation/20260911_source_authority_v1/source_authority.json,.json,local retained artifact at starting HEAD; original manifests supply creation lineage,RETAINED_AS_HISTORICAL_EVIDENCE,superseded process or archived supporting evidence,immutable supporting scientific/audit evidence; current authority is R23_STATUS,"retain original bytes, manifests, raw outputs, negative fixtures, historical path metadata",ARCHIVE,662d96f4d6bc1b391f2d4cf8fd002ec4760dd0b713dbe16f93f142c32ef9e8d0,3926
reproducibility/outputs/traffic_simulation/r23_test_validation/20260911_contract_v1/manifest.json,.json,local retained artifact at starting HEAD; original manifests supply creation lineage,RETAINED_AS_HISTORICAL_EVIDENCE,superseded process or archived supporting evidence,immutable supporting scientific/audit evidence; current authority is R23_STATUS,"retain original bytes, manifests, raw outputs, negative fixtures, historical path metadata",ARCHIVE,1802d6917d243ef0809d1965efb3d5881f9f53df6fb989d7e1e628d9050a9a58,4210
reproducibility/outputs/traffic_simulation/r23_test_validation/20260911_contract_v1/test_results.json,.json,local retained artifact at starting HEAD; original manifests supply creation lineage,RETAINED_AS_HISTORICAL_EVIDENCE,superseded process or archived supporting evidence,immutable supporting scientific/audit evidence; current authority is R23_STATUS,"retain original bytes, manifests, raw outputs, negative fixtures, historical path metadata",ARCHIVE,25bc04beb3e29bbccf93435214fe5c2da7fe72f92a9ea55b532c3b87a9638d96,1468
reproducibility/outputs/traffic_simulation/r23_test_validation/20260911_source_authority_v2/manifest.json,.json,local retained artifact at starting HEAD; original manifests supply creation lineage,RETAINED_AS_HISTORICAL_EVIDENCE,superseded process or archived supporting evidence,immutable supporting scientific/audit evidence; current authority is R23_STATUS,"retain original bytes, manifests, raw outputs, negative fixtures, historical path metadata",ARCHIVE,d573e7724dfd0b539c2472f338ce13431cfd4d4a86edc305d530f05511686a85,3205
reproducibility/outputs/traffic_simulation/r23_test_validation/20260911_source_authority_v2/test_results.json,.json,local retained artifact at starting HEAD; original manifests supply creation lineage,RETAINED_AS_HISTORICAL_EVIDENCE,superseded process or archived supporting evidence,immutable supporting scientific/audit evidence; current authority is R23_STATUS,"retain original bytes, manifests, raw outputs, negative fixtures, historical path metadata",ARCHIVE,f98f3594e6d10aacabe94620b4af21b630fb9098b7828f7727a70f06d578c36a,1657
reproducibility/outputs/traffic_simulation/visualization/r23_reduced_problem_evidence.html,.html,present at 64b9ee1e687273896570713f1e28ed10a788c39f; tracked,RETAINED_AS_HISTORICAL_EVIDENCE,historical B2 visualization,historical visualization; not final R23 evidence authority,retain current source/definitions/input/status,ARCHIVE,e682a6fcfd54d303ad000fb9b4e4939d659636784ffb6af890edffead81f3b8b,9603
reproducibility/outputs/traffic_simulation/visualization/r23_reduced_problem_schema.json,.json,present at 64b9ee1e687273896570713f1e28ed10a788c39f; tracked,RETAINED_AS_HISTORICAL_EVIDENCE,historical B2 visualization,historical visualization; not final R23 evidence authority,retain current source/definitions/input/status,ARCHIVE,f6c92dcb8cfedba35686417e252cb81036a440947a4cfb272c9af385ddb62cb1,993
reproducibility/tools/r23_b2_evidence_review.py,.py,present at 64b9ee1e687273896570713f1e28ed10a788c39f; tracked,CURRENT_OR_SUPPORTING,current/supporting,"canonical definition, implementation/supporting input, or accepted closure/current status",retain current source/definitions/input/status,KEEP_ACTIVE,e898e04a64b05cccb35f7ac06392aac9cf2534af04b15bc5d63cf538886ca3e0,549
reproducibility/tools/r23_i03_regression.py,.py,present at 64b9ee1e687273896570713f1e28ed10a788c39f; tracked,CURRENT_OR_SUPPORTING,current/supporting,"canonical definition, implementation/supporting input, or accepted closure/current status",retain current source/definitions/input/status,KEEP_ACTIVE,14e24e343487814e9182093fbd415a2f62f370ab6bc2e1e9eae05074f7be3986,14452
reproducibility/tools/r23_i03_remediation.py,.py,present at 64b9ee1e687273896570713f1e28ed10a788c39f; tracked,CURRENT_OR_SUPPORTING,current/supporting,"canonical definition, implementation/supporting input, or accepted closure/current status",retain current source/definitions/input/status,KEEP_ACTIVE,ee7903cee6454086b84f01d844e57360afa63f28e99b7eed7f494746beab2e4a,5317
reproducibility/tools/r23_i03_report.py,.py,present at 64b9ee1e687273896570713f1e28ed10a788c39f; tracked,CURRENT_OR_SUPPORTING,current/supporting,"canonical definition, implementation/supporting input, or accepted closure/current status",retain current source/definitions/input/status,KEEP_ACTIVE,bb42bc9d34b85b6db26a51b600f8528b2e15dcdc9276286b270d88fec363e8ed,16967
reproducibility/tools/r23_n5_independent_audit.py,.py,present at 64b9ee1e687273896570713f1e28ed10a788c39f; tracked,CURRENT_OR_SUPPORTING,current/supporting,"canonical definition, implementation/supporting input, or accepted closure/current status",retain current source/definitions/input/status,KEEP_ACTIVE,a351c9f95d87d5ccd9f3289716ccedf0ca2f885fd6cefebf2df1fca255b7d5b7,24738
reproducibility/tools/r23_n5_independent_audit_compare.py,.py,present at 64b9ee1e687273896570713f1e28ed10a788c39f; tracked,CURRENT_OR_SUPPORTING,current/supporting,"canonical definition, implementation/supporting input, or accepted closure/current status",retain current source/definitions/input/status,KEEP_ACTIVE,8ee98a72ff77f2d701dded202c41a36c79d873e33bcf5eed4a08856357482cb2,10524
reproducibility/tools/r23_n5_independent_audit_contracts.py,.py,present at 64b9ee1e687273896570713f1e28ed10a788c39f; tracked,CURRENT_OR_SUPPORTING,current/supporting,"canonical definition, implementation/supporting input, or accepted closure/current status",retain current source/definitions/input/status,KEEP_ACTIVE,20f3aea31f633fe9afe682b57b2c2847195e1b7af1fff788a10911a5738cdf7e,3702
reproducibility/tools/r23_n5_independent_audit_report.py,.py,present at 64b9ee1e687273896570713f1e28ed10a788c39f; tracked,CURRENT_OR_SUPPORTING,current/supporting,"canonical definition, implementation/supporting input, or accepted closure/current status",retain current source/definitions/input/status,KEEP_ACTIVE,b57be2ec46f604ad21acdc252bd769e76a47ea5e2cda9e3d79018c73dfeb61ed,39598
reproducibility/tools/r23_n5_remediation_evidence.py,.py,present at 64b9ee1e687273896570713f1e28ed10a788c39f; tracked,CURRENT_OR_SUPPORTING,current/supporting,"canonical definition, implementation/supporting input, or accepted closure/current status",retain current source/definitions/input/status,KEEP_ACTIVE,fb2d81c1c78977a356103caa8ed78953356e23eeb5f614877e1168b4d4126819,13318
reproducibility/tools/r23_n5_remediation_regression.py,.py,present at 64b9ee1e687273896570713f1e28ed10a788c39f; tracked,CURRENT_OR_SUPPORTING,current/supporting,"canonical definition, implementation/supporting input, or accepted closure/current status",retain current source/definitions/input/status,KEEP_ACTIVE,3ce2beae2fff2a788139f7b087a86357b5889bd9e7c4fa8e0a0507494993229e,16221
reproducibility/tools/r23_n5_remediation_report.py,.py,present at 64b9ee1e687273896570713f1e28ed10a788c39f; tracked,CURRENT_OR_SUPPORTING,current/supporting,"canonical definition, implementation/supporting input, or accepted closure/current status",retain current source/definitions/input/status,KEEP_ACTIVE,f76960c4f335e96d3e5a3538c4b9ad2a7905ddfd395954f205cdb5000f12f4cc,25107
reproducibility/tools/r23_n5_runtime_optimization_code_audit.py,.py,present at 64b9ee1e687273896570713f1e28ed10a788c39f; tracked,CURRENT_OR_SUPPORTING,current/supporting,"canonical definition, implementation/supporting input, or accepted closure/current status",retain current source/definitions/input/status,KEEP_ACTIVE,71f7b62c5f442ce3dbe081a4f78148170bf70c84b226ee774a108c53f6a08176,586
reproducibility/tools/r23_n5_scaling_evidence_review.py,.py,present at 64b9ee1e687273896570713f1e28ed10a788c39f; tracked,CURRENT_OR_SUPPORTING,current/supporting,"canonical definition, implementation/supporting input, or accepted closure/current status",retain current source/definitions/input/status,KEEP_ACTIVE,71f7b62c5f442ce3dbe081a4f78148170bf70c84b226ee774a108c53f6a08176,586
tools/authorize_r23_experiment_b2.py,.py,present at 64b9ee1e687273896570713f1e28ed10a788c39f; tracked,CURRENT_OR_SUPPORTING,current/supporting,"canonical definition, implementation/supporting input, or accepted closure/current status",retain current source/definitions/input/status,KEEP_ACTIVE,199d7ecf8f8cda2f9bd076d7aed22be0c69a0d24a2b1291e4164e30cb70be775,549
tools/build_r23_experiment_b1_fix_authority.py,.py,present at 64b9ee1e687273896570713f1e28ed10a788c39f; tracked,CURRENT_OR_SUPPORTING,current/supporting,"canonical definition, implementation/supporting input, or accepted closure/current status",retain current source/definitions/input/status,KEEP_ACTIVE,8ecd27bedaa4702c241db36dd8f3e8d552ce84ee3ad0dc4f0eecfa82f363f45b,355
tools/build_r23_experiment_b2_reexecution_authority.py,.py,present at 64b9ee1e687273896570713f1e28ed10a788c39f; tracked,CURRENT_OR_SUPPORTING,current/supporting,"canonical definition, implementation/supporting input, or accepted closure/current status",retain current source/definitions/input/status,KEEP_ACTIVE,199d7ecf8f8cda2f9bd076d7aed22be0c69a0d24a2b1291e4164e30cb70be775,549
tools/build_r23_experiment_b_authority.py,.py,present at 64b9ee1e687273896570713f1e28ed10a788c39f; tracked,CURRENT_OR_SUPPORTING,current/supporting,"canonical definition, implementation/supporting input, or accepted closure/current status",retain current source/definitions/input/status,KEEP_ACTIVE,7025445deb08ec697950d9d1293787b45172260ea872bc10677283bad7fafddf,358
tools/execute_r23_experiment_b1.py,.py,present at 64b9ee1e687273896570713f1e28ed10a788c39f; tracked,CURRENT_OR_SUPPORTING,current/supporting,"canonical definition, implementation/supporting input, or accepted closure/current status",retain current source/definitions/input/status,KEEP_ACTIVE,b30ffd89d0f68325eb0937596b3694f04ff45ce25da9a1217f04e47926fc89d2,10097
tools/execute_r23_experiment_b2.py,.py,present at 64b9ee1e687273896570713f1e28ed10a788c39f; tracked,CURRENT_OR_SUPPORTING,current/supporting,"canonical definition, implementation/supporting input, or accepted closure/current status",retain current source/definitions/input/status,KEEP_ACTIVE,ea02abaedaca45e976f80c3d3865bb2fcc24fba91da591bbe5b76a3d4a7b0a04,10816
tools/execute_r23_experiment_b2_reexecution.py,.py,present at 64b9ee1e687273896570713f1e28ed10a788c39f; tracked,CURRENT_OR_SUPPORTING,current/supporting,"canonical definition, implementation/supporting input, or accepted closure/current status",retain current source/definitions/input/status,KEEP_ACTIVE,7fc1bf3798cab6f40e6b812a536f136260e780208cd15dc5f8ec45315bdfc383,9504
tools/finalize_r23_b1_v2.py,.py,present at 64b9ee1e687273896570713f1e28ed10a788c39f; tracked,CURRENT_OR_SUPPORTING,current/supporting,"canonical definition, implementation/supporting input, or accepted closure/current status",retain current source/definitions/input/status,KEEP_ACTIVE,f8d016af9456caadd7a71883c3f21c11a03c7444d5c82fde8ffad6a54fac0e77,549
tools/finalize_r23_experiment_b1_failure.py,.py,present at 64b9ee1e687273896570713f1e28ed10a788c39f; tracked,CURRENT_OR_SUPPORTING,current/supporting,"canonical definition, implementation/supporting input, or accepted closure/current status",retain current source/definitions/input/status,KEEP_ACTIVE,49082cdb72d24228e827464a549cbf060b1699c8ee269f8a398395325c4f215e,3274
tools/finalize_r23_experiment_b2_failure.py,.py,present at 64b9ee1e687273896570713f1e28ed10a788c39f; tracked,CURRENT_OR_SUPPORTING,current/supporting,"canonical definition, implementation/supporting input, or accepted closure/current status",retain current source/definitions/input/status,KEEP_ACTIVE,87d962e39108a906345d5d35277e5f5b0af8d578218c9a2a2bca2ef284315294,557
tools/finalize_r23_experiment_b2_reexecution.py,.py,present at 64b9ee1e687273896570713f1e28ed10a788c39f; tracked,CURRENT_OR_SUPPORTING,current/supporting,"canonical definition, implementation/supporting input, or accepted closure/current status",retain current source/definitions/input/status,KEEP_ACTIVE,199d7ecf8f8cda2f9bd076d7aed22be0c69a0d24a2b1291e4164e30cb70be775,549
tools/rebuild_current_research_model.py,.py,present at 64b9ee1e687273896570713f1e28ed10a788c39f; tracked,CURRENT_OR_SUPPORTING,current/supporting,"canonical definition, implementation/supporting input, or accepted closure/current status",retain current source/definitions/input/status,KEEP_ACTIVE,4456a8227d137a0275ca8f72d9b2e66cd561e659cca4b7ed7720b440a502dbdb,17428
tools/review_r23_experiment_b1.py,.py,present at 64b9ee1e687273896570713f1e28ed10a788c39f; tracked,CURRENT_OR_SUPPORTING,current/supporting,"canonical definition, implementation/supporting input, or accepted closure/current status",retain current source/definitions/input/status,KEEP_ACTIVE,a0a5457944bb611885007d4b9b972d32be222c60e99cb963e66412696f35df9d,27787
tools/review_r23_experiment_b2_nelder_mead.py,.py,present at 64b9ee1e687273896570713f1e28ed10a788c39f; tracked,CURRENT_OR_SUPPORTING,current/supporting,"canonical definition, implementation/supporting input, or accepted closure/current status",retain current source/definitions/input/status,KEEP_ACTIVE,199d7ecf8f8cda2f9bd076d7aed22be0c69a0d24a2b1291e4164e30cb70be775,549
tools/review_r23_formal_evidence.py,.py,present at 64b9ee1e687273896570713f1e28ed10a788c39f; tracked,CURRENT_OR_SUPPORTING,current/supporting,"canonical definition, implementation/supporting input, or accepted closure/current status",retain current source/definitions/input/status,KEEP_ACTIVE,7f8f16fc6ee048f071783ebeb02d391683192114b3a48cee704394c9ea028b96,28212
tools/validate_r23_experiment_b_implementation.py,.py,present at 64b9ee1e687273896570713f1e28ed10a788c39f; tracked,CURRENT_OR_SUPPORTING,current/supporting,"canonical definition, implementation/supporting input, or accepted closure/current status",retain current source/definitions/input/status,KEEP_ACTIVE,cbe3f8c0a42f7086db950fd8753a8bc666b847a707d592a07d6b9c34875e453c,5176
