scenario_route_proxy_id,charger_condition,nearest_charger_distance_km
C025_V01_CHG_balanced_SPEED25_T480__S001_R01,balanced,0.5292907198304598
C025_V01_CHG_broad_SPEED25_T480__S001_R01,broad,0.5292907198304598
C025_V01_CHG_conservative_SPEED25_T480__S001_R01,conservative,1.5763793758014568
C025_V03_CHG_balanced_SPEED25_T480__S001_R01,balanced,0.5292907198304598
C025_V03_CHG_broad_SPEED25_T480__S001_R01,broad,0.5292907198304598
C025_V03_CHG_conservative_SPEED25_T480__S001_R01,conservative,3.82506287982038
C025_V03_CHG_balanced_SPEED25_T480__S001_R02,balanced,0.7494854107165067
C025_V03_CHG_broad_SPEED25_T480__S001_R02,broad,0.7494854107165067
C025_V03_CHG_conservative_SPEED25_T480__S001_R02,conservative,4.258666889067028
C025_V03_CHG_balanced_SPEED25_T480__S001_R03,balanced,0.8320893874599666
C025_V03_CHG_broad_SPEED25_T480__S001_R03,broad,0.8320893874599666
C025_V03_CHG_conservative_SPEED25_T480__S001_R03,conservative,1.5763793758014568
C025_V05_CHG_balanced_SPEED25_T480__S001_R01,balanced,1.5763793758014568
C025_V05_CHG_broad_SPEED25_T480__S001_R01,broad,1.5763793758014568
C025_V05_CHG_conservative_SPEED25_T480__S001_R01,conservative,1.5763793758014568
C025_V05_CHG_balanced_SPEED25_T480__S001_R02,balanced,0.8899134962013431
C025_V05_CHG_broad_SPEED25_T480__S001_R02,broad,0.8899134962013431
C025_V05_CHG_conservative_SPEED25_T480__S001_R02,conservative,4.258666889067028
C025_V05_CHG_balanced_SPEED25_T480__S001_R03,balanced,0.5292907198304598
C025_V05_CHG_broad_SPEED25_T480__S001_R03,broad,0.5292907198304598
C025_V05_CHG_conservative_SPEED25_T480__S001_R03,conservative,3.82506287982038
C025_V05_CHG_balanced_SPEED25_T480__S001_R04,balanced,0.8320893874599666
C025_V05_CHG_broad_SPEED25_T480__S001_R04,broad,0.8320893874599666
C025_V05_CHG_conservative_SPEED25_T480__S001_R04,conservative,4.655066209443394
C025_V05_CHG_balanced_SPEED25_T480__S001_R05,balanced,0.7494854107165067
C025_V05_CHG_broad_SPEED25_T480__S001_R05,broad,0.7494854107165067
C025_V05_CHG_conservative_SPEED25_T480__S001_R05,conservative,5.308225250958909
C025_V01_CHG_balanced_SPEED25_T480__S002_R01,balanced,0.0778862617814197
C025_V01_CHG_broad_SPEED25_T480__S002_R01,broad,0.0778862617814197
C025_V01_CHG_conservative_SPEED25_T480__S002_R01,conservative,1.339420906892086
C025_V03_CHG_balanced_SPEED25_T480__S002_R01,balanced,1.5295075064091956
C025_V03_CHG_broad_SPEED25_T480__S002_R01,broad,1.5295075064091956
C025_V03_CHG_conservative_SPEED25_T480__S002_R01,conservative,2.874304042077611
C025_V03_CHG_balanced_SPEED25_T480__S002_R02,balanced,0.0778862617814197
C025_V03_CHG_broad_SPEED25_T480__S002_R02,broad,0.0778862617814197
C025_V03_CHG_conservative_SPEED25_T480__S002_R02,conservative,1.339420906892086
C025_V03_CHG_balanced_SPEED25_T480__S002_R03,balanced,0.2837205416354548
C025_V03_CHG_broad_SPEED25_T480__S002_R03,broad,0.2837205416354548
C025_V03_CHG_conservative_SPEED25_T480__S002_R03,conservative,5.6395460832707744
C025_V05_CHG_balanced_SPEED25_T480__S002_R01,balanced,0.0778862617814197
C025_V05_CHG_broad_SPEED25_T480__S002_R01,broad,0.0778862617814197
C025_V05_CHG_conservative_SPEED25_T480__S002_R01,conservative,1.339420906892086
C025_V05_CHG_balanced_SPEED25_T480__S002_R02,balanced,1.5295075064091956
C025_V05_CHG_broad_SPEED25_T480__S002_R02,broad,1.5295075064091956
C025_V05_CHG_conservative_SPEED25_T480__S002_R02,conservative,2.874304042077611
C025_V05_CHG_balanced_SPEED25_T480__S002_R03,balanced,0.5929564004372525
C025_V05_CHG_broad_SPEED25_T480__S002_R03,broad,0.5929564004372525
C025_V05_CHG_conservative_SPEED25_T480__S002_R03,conservative,2.59303300906427
C025_V05_CHG_balanced_SPEED25_T480__S002_R04,balanced,2.228928812629044
C025_V05_CHG_broad_SPEED25_T480__S002_R04,broad,2.228928812629044
C025_V05_CHG_conservative_SPEED25_T480__S002_R04,conservative,8.617323441386008
C025_V05_CHG_balanced_SPEED25_T480__S002_R05,balanced,0.2837205416354548
C025_V05_CHG_broad_SPEED25_T480__S002_R05,broad,0.2837205416354548
C025_V05_CHG_conservative_SPEED25_T480__S002_R05,conservative,5.6395460832707744
C025_V01_CHG_balanced_SPEED25_T480__S003_R01,balanced,0.5401353150469207
C025_V01_CHG_broad_SPEED25_T480__S003_R01,broad,0.5401353150469207
C025_V01_CHG_conservative_SPEED25_T480__S003_R01,conservative,1.7343592651695778
C025_V03_CHG_balanced_SPEED25_T480__S003_R01,balanced,0.6554844771986755
C025_V03_CHG_broad_SPEED25_T480__S003_R01,broad,0.6554844771986755
C025_V03_CHG_conservative_SPEED25_T480__S003_R01,conservative,7.943420295956719
C025_V03_CHG_balanced_SPEED25_T480__S003_R02,balanced,0.5401353150469207
C025_V03_CHG_broad_SPEED25_T480__S003_R02,broad,0.5401353150469207
C025_V03_CHG_conservative_SPEED25_T480__S003_R02,conservative,1.7343592651695778
C025_V03_CHG_balanced_SPEED25_T480__S003_R03,balanced,0.9326736551685406
C025_V03_CHG_broad_SPEED25_T480__S003_R03,broad,0.9326736551685406
C025_V03_CHG_conservative_SPEED25_T480__S003_R03,conservative,6.175166747347468
C025_V05_CHG_balanced_SPEED25_T480__S003_R01,balanced,0.9871229075556636
C025_V05_CHG_broad_SPEED25_T480__S003_R01,broad,0.9871229075556636
C025_V05_CHG_conservative_SPEED25_T480__S003_R01,conservative,2.9717356512867266
C025_V05_CHG_balanced_SPEED25_T480__S003_R02,balanced,0.9326736551685406
C025_V05_CHG_broad_SPEED25_T480__S003_R02,broad,0.9326736551685406
C025_V05_CHG_conservative_SPEED25_T480__S003_R02,conservative,6.175166747347468
C025_V05_CHG_balanced_SPEED25_T480__S003_R03,balanced,0.5401353150469207
C025_V05_CHG_broad_SPEED25_T480__S003_R03,broad,0.5401353150469207
C025_V05_CHG_conservative_SPEED25_T480__S003_R03,conservative,3.4437637707823128
C025_V05_CHG_balanced_SPEED25_T480__S003_R04,balanced,0.6554844771986755
C025_V05_CHG_broad_SPEED25_T480__S003_R04,broad,0.6554844771986755
C025_V05_CHG_conservative_SPEED25_T480__S003_R04,conservative,7.943420295956719
C025_V05_CHG_balanced_SPEED25_T480__S003_R05,balanced,0.9871229075556636
C025_V05_CHG_broad_SPEED25_T480__S003_R05,broad,0.9871229075556636
C025_V05_CHG_conservative_SPEED25_T480__S003_R05,conservative,1.7343592651695778
C025_V01_CHG_balanced_SPEED25_T480__S004_R01,balanced,0.2192674928385306
C025_V01_CHG_broad_SPEED25_T480__S004_R01,broad,0.2192674928385306
C025_V01_CHG_conservative_SPEED25_T480__S004_R01,conservative,1.042478089729524
C025_V03_CHG_balanced_SPEED25_T480__S004_R01,balanced,0.3327784868776917
C025_V03_CHG_broad_SPEED25_T480__S004_R01,broad,0.3327784868776917
C025_V03_CHG_conservative_SPEED25_T480__S004_R01,conservative,4.251643220173399
C025_V03_CHG_balanced_SPEED25_T480__S004_R02,balanced,1.0052578634730038
C025_V03_CHG_broad_SPEED25_T480__S004_R02,broad,1.0052578634730038
C025_V03_CHG_conservative_SPEED25_T480__S004_R02,conservative,6.0019896292323915
C025_V03_CHG_balanced_SPEED25_T480__S004_R03,balanced,0.2192674928385306
C025_V03_CHG_broad_SPEED25_T480__S004_R03,broad,0.2192674928385306
C025_V03_CHG_conservative_SPEED25_T480__S004_R03,conservative,1.042478089729524
C025_V05_CHG_balanced_SPEED25_T480__S004_R01,balanced,0.2192674928385306
C025_V05_CHG_broad_SPEED25_T480__S004_R01,broad,0.2192674928385306
C025_V05_CHG_conservative_SPEED25_T480__S004_R01,conservative,1.042478089729524
C025_V05_CHG_balanced_SPEED25_T480__S004_R02,balanced,1.7073751033738558
C025_V05_CHG_broad_SPEED25_T480__S004_R02,broad,1.7073751033738558
C025_V05_CHG_conservative_SPEED25_T480__S004_R02,conservative,9.123655509180232
C025_V05_CHG_balanced_SPEED25_T480__S004_R03,balanced,0.5051924988357934
C025_V05_CHG_broad_SPEED25_T480__S004_R03,broad,0.5051924988357934
C025_V05_CHG_conservative_SPEED25_T480__S004_R03,conservative,4.251643220173399
C025_V05_CHG_balanced_SPEED25_T480__S004_R04,balanced,1.0052578634730038
C025_V05_CHG_broad_SPEED25_T480__S004_R04,broad,1.0052578634730038
C025_V05_CHG_conservative_SPEED25_T480__S004_R04,conservative,6.0019896292323915
C025_V05_CHG_balanced_SPEED25_T480__S004_R05,balanced,0.3327784868776917
C025_V05_CHG_broad_SPEED25_T480__S004_R05,broad,0.3327784868776917
C025_V05_CHG_conservative_SPEED25_T480__S004_R05,conservative,6.257462922513776
C025_V01_CHG_balanced_SPEED25_T480__S005_R01,balanced,0.1352104639503605
C025_V01_CHG_broad_SPEED25_T480__S005_R01,broad,0.1352104639503605
C025_V01_CHG_conservative_SPEED25_T480__S005_R01,conservative,1.2573680870297217
C025_V03_CHG_balanced_SPEED25_T480__S005_R01,balanced,0.4745577807654347
C025_V03_CHG_broad_SPEED25_T480__S005_R01,broad,0.4745577807654347
C025_V03_CHG_conservative_SPEED25_T480__S005_R01,conservative,2.213788565339229
C025_V03_CHG_balanced_SPEED25_T480__S005_R02,balanced,0.1352104639503605
C025_V03_CHG_broad_SPEED25_T480__S005_R02,broad,0.1352104639503605
C025_V03_CHG_conservative_SPEED25_T480__S005_R02,conservative,1.2573680870297217
C025_V03_CHG_balanced_SPEED25_T480__S005_R03,balanced,0.859165609386225
C025_V03_CHG_broad_SPEED25_T480__S005_R03,broad,0.859165609386225
C025_V03_CHG_conservative_SPEED25_T480__S005_R03,conservative,3.997484443603043
C025_V05_CHG_balanced_SPEED25_T480__S005_R01,balanced,0.5529665642366849
C025_V05_CHG_broad_SPEED25_T480__S005_R01,broad,0.5529665642366849
C025_V05_CHG_conservative_SPEED25_T480__S005_R01,conservative,2.213788565339229
C025_V05_CHG_balanced_SPEED25_T480__S005_R02,balanced,1.2573680870297217
C025_V05_CHG_broad_SPEED25_T480__S005_R02,broad,1.2573680870297217
C025_V05_CHG_conservative_SPEED25_T480__S005_R02,conservative,1.2573680870297217
C025_V05_CHG_balanced_SPEED25_T480__S005_R03,balanced,0.859165609386225
C025_V05_CHG_broad_SPEED25_T480__S005_R03,broad,0.859165609386225
C025_V05_CHG_conservative_SPEED25_T480__S005_R03,conservative,3.997484443603043
C025_V05_CHG_balanced_SPEED25_T480__S005_R04,balanced,0.4745577807654347
C025_V05_CHG_broad_SPEED25_T480__S005_R04,broad,0.4745577807654347
C025_V05_CHG_conservative_SPEED25_T480__S005_R04,conservative,3.997484443603043
C025_V05_CHG_balanced_SPEED25_T480__S005_R05,balanced,0.1352104639503605
C025_V05_CHG_broad_SPEED25_T480__S005_R05,broad,0.1352104639503605
C025_V05_CHG_conservative_SPEED25_T480__S005_R05,conservative,3.997484443603043
C025_V01_CHG_balanced_SPEED25_T480__S006_R01,balanced,0.6261295414332837
C025_V01_CHG_broad_SPEED25_T480__S006_R01,broad,0.6261295414332837
C025_V01_CHG_conservative_SPEED25_T480__S006_R01,conservative,1.5720270365754996
C025_V03_CHG_balanced_SPEED25_T480__S006_R01,balanced,0.6261295414332837
C025_V03_CHG_broad_SPEED25_T480__S006_R01,broad,0.6261295414332837
C025_V03_CHG_conservative_SPEED25_T480__S006_R01,conservative,3.997484443603043
C025_V03_CHG_balanced_SPEED25_T480__S006_R02,balanced,1.782539913166346
C025_V03_CHG_broad_SPEED25_T480__S006_R02,broad,1.782539913166346
C025_V03_CHG_conservative_SPEED25_T480__S006_R02,conservative,2.3125185614100294
C025_V03_CHG_balanced_SPEED25_T480__S006_R03,balanced,0.9501094301986376
C025_V03_CHG_broad_SPEED25_T480__S006_R03,broad,0.9501094301986376
C025_V03_CHG_conservative_SPEED25_T480__S006_R03,conservative,1.5720270365754996
C025_V05_CHG_balanced_SPEED25_T480__S006_R01,balanced,0.6261295414332837
C025_V05_CHG_broad_SPEED25_T480__S006_R01,broad,0.6261295414332837
C025_V05_CHG_conservative_SPEED25_T480__S006_R01,conservative,3.997484443603043
C025_V05_CHG_balanced_SPEED25_T480__S006_R02,balanced,2.3125185614100294
C025_V05_CHG_broad_SPEED25_T480__S006_R02,broad,2.3125185614100294
C025_V05_CHG_conservative_SPEED25_T480__S006_R02,conservative,2.3125185614100294
C025_V05_CHG_balanced_SPEED25_T480__S006_R03,balanced,1.5720270365754996
C025_V05_CHG_broad_SPEED25_T480__S006_R03,broad,1.5720270365754996
C025_V05_CHG_conservative_SPEED25_T480__S006_R03,conservative,1.5720270365754996
C025_V05_CHG_balanced_SPEED25_T480__S006_R04,balanced,0.9501094301986376
C025_V05_CHG_broad_SPEED25_T480__S006_R04,broad,0.9501094301986376
C025_V05_CHG_conservative_SPEED25_T480__S006_R04,conservative,2.7906045205523173
C025_V05_CHG_balanced_SPEED25_T480__S006_R05,balanced,1.782539913166346
C025_V05_CHG_broad_SPEED25_T480__S006_R05,broad,1.782539913166346
C025_V05_CHG_conservative_SPEED25_T480__S006_R05,conservative,2.449160675673182
C025_V01_CHG_balanced_SPEED25_T480__S007_R01,balanced,0.2697296211981738
C025_V01_CHG_broad_SPEED25_T480__S007_R01,broad,0.2697296211981738
C025_V01_CHG_conservative_SPEED25_T480__S007_R01,conservative,3.0117893911548177
C025_V03_CHG_balanced_SPEED25_T480__S007_R01,balanced,0.2697296211981738
C025_V03_CHG_broad_SPEED25_T480__S007_R01,broad,0.2697296211981738
C025_V03_CHG_conservative_SPEED25_T480__S007_R01,conservative,3.997484443603043
C025_V03_CHG_balanced_SPEED25_T480__S007_R02,balanced,0.8299311390910735
C025_V03_CHG_broad_SPEED25_T480__S007_R02,broad,0.8299311390910735
C025_V03_CHG_conservative_SPEED25_T480__S007_R02,conservative,3.997484443603043
C025_V03_CHG_balanced_SPEED25_T480__S007_R03,balanced,0.5664093716393642
C025_V03_CHG_broad_SPEED25_T480__S007_R03,broad,0.5664093716393642
C025_V03_CHG_conservative_SPEED25_T480__S007_R03,conservative,3.0117893911548177
C025_V05_CHG_balanced_SPEED25_T480__S007_R01,balanced,0.8299311390910735
C025_V05_CHG_broad_SPEED25_T480__S007_R01,broad,0.8299311390910735
C025_V05_CHG_conservative_SPEED25_T480__S007_R01,conservative,3.997484443603043
C025_V05_CHG_balanced_SPEED25_T480__S007_R02,balanced,0.2697296211981738
C025_V05_CHG_broad_SPEED25_T480__S007_R02,broad,0.2697296211981738
C025_V05_CHG_conservative_SPEED25_T480__S007_R02,conservative,3.997484443603043
C025_V05_CHG_balanced_SPEED25_T480__S007_R03,balanced,1.1432611413728182
C025_V05_CHG_broad_SPEED25_T480__S007_R03,broad,1.1432611413728182
C025_V05_CHG_conservative_SPEED25_T480__S007_R03,conservative,3.0117893911548177
C025_V05_CHG_balanced_SPEED25_T480__S007_R04,balanced,2.8278035297587483
C025_V05_CHG_broad_SPEED25_T480__S007_R04,broad,2.8278035297587483
C025_V05_CHG_conservative_SPEED25_T480__S007_R04,conservative,3.997484443603043
C025_V05_CHG_balanced_SPEED25_T480__S007_R05,balanced,0.5664093716393642
C025_V05_CHG_broad_SPEED25_T480__S007_R05,broad,0.5664093716393642
C025_V05_CHG_conservative_SPEED25_T480__S007_R05,conservative,3.997484443603043
C025_V01_CHG_balanced_SPEED25_T480__S008_R01,balanced,0.6260667280370227
C025_V01_CHG_broad_SPEED25_T480__S008_R01,broad,0.6260667280370227
C025_V01_CHG_conservative_SPEED25_T480__S008_R01,conservative,1.4469118399338807
C025_V03_CHG_balanced_SPEED25_T480__S008_R01,balanced,1.1617054132463407
C025_V03_CHG_broad_SPEED25_T480__S008_R01,broad,1.1617054132463407
C025_V03_CHG_conservative_SPEED25_T480__S008_R01,conservative,3.1844109560057814
C025_V03_CHG_balanced_SPEED25_T480__S008_R02,balanced,0.6260667280370227
C025_V03_CHG_broad_SPEED25_T480__S008_R02,broad,0.6260667280370227
C025_V03_CHG_conservative_SPEED25_T480__S008_R02,conservative,1.4469118399338807
C025_V03_CHG_balanced_SPEED25_T480__S008_R03,balanced,2.191920800623937
C025_V03_CHG_broad_SPEED25_T480__S008_R03,broad,2.191920800623937
C025_V03_CHG_conservative_SPEED25_T480__S008_R03,conservative,3.308020313084137
C025_V05_CHG_balanced_SPEED25_T480__S008_R01,balanced,0.6260667280370227
C025_V05_CHG_broad_SPEED25_T480__S008_R01,broad,0.6260667280370227
C025_V05_CHG_conservative_SPEED25_T480__S008_R01,conservative,1.4469118399338807
C025_V05_CHG_balanced_SPEED25_T480__S008_R02,balanced,1.1617054132463407
C025_V05_CHG_broad_SPEED25_T480__S008_R02,broad,1.1617054132463407
C025_V05_CHG_conservative_SPEED25_T480__S008_R02,conservative,3.1844109560057814
C025_V05_CHG_balanced_SPEED25_T480__S008_R03,balanced,2.191920800623937
C025_V05_CHG_broad_SPEED25_T480__S008_R03,broad,2.191920800623937
C025_V05_CHG_conservative_SPEED25_T480__S008_R03,conservative,3.308020313084137
C025_V05_CHG_balanced_SPEED25_T480__S008_R04,balanced,2.8278035297587483
C025_V05_CHG_broad_SPEED25_T480__S008_R04,broad,2.8278035297587483
C025_V05_CHG_conservative_SPEED25_T480__S008_R04,conservative,3.997484443603043
C025_V05_CHG_balanced_SPEED25_T480__S008_R05,balanced,1.715195727245119
C025_V05_CHG_broad_SPEED25_T480__S008_R05,broad,1.715195727245119
C025_V05_CHG_conservative_SPEED25_T480__S008_R05,conservative,3.997484443603043
C025_V01_CHG_balanced_SPEED25_T480__S009_R01,balanced,0.2697296211981738
C025_V01_CHG_broad_SPEED25_T480__S009_R01,broad,0.2697296211981738
C025_V01_CHG_conservative_SPEED25_T480__S009_R01,conservative,1.999033186906228
C025_V03_CHG_balanced_SPEED25_T480__S009_R01,balanced,0.3327784868776917
C025_V03_CHG_broad_SPEED25_T480__S009_R01,broad,0.3327784868776917
C025_V03_CHG_conservative_SPEED25_T480__S009_R01,conservative,1.999033186906228
C025_V03_CHG_balanced_SPEED25_T480__S009_R02,balanced,1.428139262949616
C025_V03_CHG_broad_SPEED25_T480__S009_R02,broad,1.428139262949616
C025_V03_CHG_conservative_SPEED25_T480__S009_R02,conservative,2.478270558279743
C025_V03_CHG_balanced_SPEED25_T480__S009_R03,balanced,0.2697296211981738
C025_V03_CHG_broad_SPEED25_T480__S009_R03,broad,0.2697296211981738
C025_V03_CHG_conservative_SPEED25_T480__S009_R03,conservative,2.1363411673269637
C025_V05_CHG_balanced_SPEED25_T480__S009_R01,balanced,0.3327784868776917
C025_V05_CHG_broad_SPEED25_T480__S009_R01,broad,0.3327784868776917
C025_V05_CHG_conservative_SPEED25_T480__S009_R01,conservative,2.1363411673269637
C025_V05_CHG_balanced_SPEED25_T480__S009_R02,balanced,1.428139262949616
C025_V05_CHG_broad_SPEED25_T480__S009_R02,broad,1.428139262949616
C025_V05_CHG_conservative_SPEED25_T480__S009_R02,conservative,2.478270558279743
C025_V05_CHG_balanced_SPEED25_T480__S009_R03,balanced,0.8725366078528624
C025_V05_CHG_broad_SPEED25_T480__S009_R03,broad,0.8725366078528624
C025_V05_CHG_conservative_SPEED25_T480__S009_R03,conservative,1.999033186906228
C025_V05_CHG_balanced_SPEED25_T480__S009_R04,balanced,2.6832335646887477
C025_V05_CHG_broad_SPEED25_T480__S009_R04,broad,2.6832335646887477
C025_V05_CHG_conservative_SPEED25_T480__S009_R04,conservative,3.997484443603043
C025_V05_CHG_balanced_SPEED25_T480__S009_R05,balanced,0.2697296211981738
C025_V05_CHG_broad_SPEED25_T480__S009_R05,broad,0.2697296211981738
C025_V05_CHG_conservative_SPEED25_T480__S009_R05,conservative,3.997484443603043
C025_V01_CHG_balanced_SPEED25_T480__S010_R01,balanced,0.6601071518432476
C025_V01_CHG_broad_SPEED25_T480__S010_R01,broad,0.6601071518432476
C025_V01_CHG_conservative_SPEED25_T480__S010_R01,conservative,1.7343592651695778
C025_V03_CHG_balanced_SPEED25_T480__S010_R01,balanced,0.969894924640146
C025_V03_CHG_broad_SPEED25_T480__S010_R01,broad,0.969894924640146
C025_V03_CHG_conservative_SPEED25_T480__S010_R01,conservative,1.7343592651695778
C025_V03_CHG_balanced_SPEED25_T480__S010_R02,balanced,0.6601071518432476
C025_V03_CHG_broad_SPEED25_T480__S010_R02,broad,0.6601071518432476
C025_V03_CHG_conservative_SPEED25_T480__S010_R02,conservative,2.6862583476109254
C025_V03_CHG_balanced_SPEED25_T480__S010_R03,balanced,0.8773129125633494
C025_V03_CHG_broad_SPEED25_T480__S010_R03,broad,0.8773129125633494
C025_V03_CHG_conservative_SPEED25_T480__S010_R03,conservative,2.0569633657701547
C025_V05_CHG_balanced_SPEED25_T480__S010_R01,balanced,0.6601071518432476
C025_V05_CHG_broad_SPEED25_T480__S010_R01,broad,0.6601071518432476
C025_V05_CHG_conservative_SPEED25_T480__S010_R01,conservative,2.6862583476109254
C025_V05_CHG_balanced_SPEED25_T480__S010_R02,balanced,0.8773129125633494
C025_V05_CHG_broad_SPEED25_T480__S010_R02,broad,0.8773129125633494
C025_V05_CHG_conservative_SPEED25_T480__S010_R02,conservative,2.0569633657701547
C025_V05_CHG_balanced_SPEED25_T480__S010_R03,balanced,0.7651303590580667
C025_V05_CHG_broad_SPEED25_T480__S010_R03,broad,0.7651303590580667
C025_V05_CHG_conservative_SPEED25_T480__S010_R03,conservative,5.459435905080584
C025_V05_CHG_balanced_SPEED25_T480__S010_R04,balanced,1.7073751033738558
C025_V05_CHG_broad_SPEED25_T480__S010_R04,broad,1.7073751033738558
C025_V05_CHG_conservative_SPEED25_T480__S010_R04,conservative,1.7343592651695778
C025_V05_CHG_balanced_SPEED25_T480__S010_R05,balanced,1.7073751033738558
C025_V05_CHG_broad_SPEED25_T480__S010_R05,broad,1.7073751033738558
C025_V05_CHG_conservative_SPEED25_T480__S010_R05,conservative,9.123655509180232
C025_V01_CHG_balanced_SPEED25_T480__S011_R01,balanced,0.1352104639503605
C025_V01_CHG_broad_SPEED25_T480__S011_R01,broad,0.1352104639503605
C025_V01_CHG_conservative_SPEED25_T480__S011_R01,conservative,1.6670825761522243
C025_V03_CHG_balanced_SPEED25_T480__S011_R01,balanced,0.8146639908084297
C025_V03_CHG_broad_SPEED25_T480__S011_R01,broad,0.8146639908084297
C025_V03_CHG_conservative_SPEED25_T480__S011_R01,conservative,1.6670825761522243
C025_V03_CHG_balanced_SPEED25_T480__S011_R02,balanced,2.033967535523844
C025_V03_CHG_broad_SPEED25_T480__S011_R02,broad,2.033967535523844
C025_V03_CHG_conservative_SPEED25_T480__S011_R02,conservative,3.997484443603043
C025_V03_CHG_balanced_SPEED25_T480__S011_R03,balanced,0.1352104639503605
C025_V03_CHG_broad_SPEED25_T480__S011_R03,broad,0.1352104639503605
C025_V03_CHG_conservative_SPEED25_T480__S011_R03,conservative,2.92451771112519
C025_V05_CHG_balanced_SPEED25_T480__S011_R01,balanced,0.8146639908084297
C025_V05_CHG_broad_SPEED25_T480__S011_R01,broad,0.8146639908084297
C025_V05_CHG_conservative_SPEED25_T480__S011_R01,conservative,1.6670825761522243
C025_V05_CHG_balanced_SPEED25_T480__S011_R02,balanced,0.637434153482964
C025_V05_CHG_broad_SPEED25_T480__S011_R02,broad,0.637434153482964
C025_V05_CHG_conservative_SPEED25_T480__S011_R02,conservative,3.997484443603043
C025_V05_CHG_balanced_SPEED25_T480__S011_R03,balanced,2.033967535523844
C025_V05_CHG_broad_SPEED25_T480__S011_R03,broad,2.033967535523844
C025_V05_CHG_conservative_SPEED25_T480__S011_R03,conservative,3.997484443603043
C025_V05_CHG_balanced_SPEED25_T480__S011_R04,balanced,0.1352104639503605
C025_V05_CHG_broad_SPEED25_T480__S011_R04,broad,0.1352104639503605
C025_V05_CHG_conservative_SPEED25_T480__S011_R04,conservative,2.92451771112519
C025_V05_CHG_balanced_SPEED25_T480__S011_R05,balanced,1.693427715271103
C025_V05_CHG_broad_SPEED25_T480__S011_R05,broad,1.693427715271103
C025_V05_CHG_conservative_SPEED25_T480__S011_R05,conservative,3.0710085865209176
C025_V01_CHG_balanced_SPEED25_T480__S012_R01,balanced,0.2272191655279347
C025_V01_CHG_broad_SPEED25_T480__S012_R01,broad,0.2272191655279347
C025_V01_CHG_conservative_SPEED25_T480__S012_R01,conservative,1.706403358614748
C025_V03_CHG_balanced_SPEED25_T480__S012_R01,balanced,0.2272191655279347
C025_V03_CHG_broad_SPEED25_T480__S012_R01,broad,0.2272191655279347
C025_V03_CHG_conservative_SPEED25_T480__S012_R01,conservative,4.034978326179063
C025_V03_CHG_balanced_SPEED25_T480__S012_R02,balanced,0.7451558019539394
C025_V03_CHG_broad_SPEED25_T480__S012_R02,broad,0.7451558019539394
C025_V03_CHG_conservative_SPEED25_T480__S012_R02,conservative,1.706403358614748
C025_V03_CHG_balanced_SPEED25_T480__S012_R03,balanced,0.7009387263012696
C025_V03_CHG_broad_SPEED25_T480__S012_R03,broad,0.7009387263012696
C025_V03_CHG_conservative_SPEED25_T480__S012_R03,conservative,2.0797652730898433
C025_V05_CHG_balanced_SPEED25_T480__S012_R01,balanced,0.7009387263012696
C025_V05_CHG_broad_SPEED25_T480__S012_R01,broad,0.7009387263012696
C025_V05_CHG_conservative_SPEED25_T480__S012_R01,conservative,2.0797652730898433
C025_V05_CHG_balanced_SPEED25_T480__S012_R02,balanced,0.8240006879950026
C025_V05_CHG_broad_SPEED25_T480__S012_R02,broad,0.8240006879950026
C025_V05_CHG_conservative_SPEED25_T480__S012_R02,conservative,6.422008639943702
C025_V05_CHG_balanced_SPEED25_T480__S012_R03,balanced,1.264807575048941
C025_V05_CHG_broad_SPEED25_T480__S012_R03,broad,1.264807575048941
C025_V05_CHG_conservative_SPEED25_T480__S012_R03,conservative,3.7380341747947576
C025_V05_CHG_balanced_SPEED25_T480__S012_R04,balanced,1.706403358614748
C025_V05_CHG_broad_SPEED25_T480__S012_R04,broad,1.706403358614748
C025_V05_CHG_conservative_SPEED25_T480__S012_R04,conservative,1.706403358614748
C025_V05_CHG_balanced_SPEED25_T480__S012_R05,balanced,0.2272191655279347
C025_V05_CHG_broad_SPEED25_T480__S012_R05,broad,0.2272191655279347
C025_V05_CHG_conservative_SPEED25_T480__S012_R05,conservative,4.034978326179063
C025_V01_CHG_balanced_SPEED25_T480__S013_R01,balanced,0.583204434373936
C025_V01_CHG_broad_SPEED25_T480__S013_R01,broad,0.583204434373936
C025_V01_CHG_conservative_SPEED25_T480__S013_R01,conservative,1.7393905425468423
C025_V03_CHG_balanced_SPEED25_T480__S013_R01,balanced,0.5876786699566682
C025_V03_CHG_broad_SPEED25_T480__S013_R01,broad,0.5876786699566682
C025_V03_CHG_conservative_SPEED25_T480__S013_R01,conservative,3.7788115825421618
C025_V03_CHG_balanced_SPEED25_T480__S013_R02,balanced,2.8278035297587483
C025_V03_CHG_broad_SPEED25_T480__S013_R02,broad,2.8278035297587483
C025_V03_CHG_conservative_SPEED25_T480__S013_R02,conservative,3.997484443603043
C025_V03_CHG_balanced_SPEED25_T480__S013_R03,balanced,0.583204434373936
C025_V03_CHG_broad_SPEED25_T480__S013_R03,broad,0.583204434373936
C025_V03_CHG_conservative_SPEED25_T480__S013_R03,conservative,1.7393905425468423
C025_V05_CHG_balanced_SPEED25_T480__S013_R01,balanced,0.583204434373936
C025_V05_CHG_broad_SPEED25_T480__S013_R01,broad,0.583204434373936
C025_V05_CHG_conservative_SPEED25_T480__S013_R01,conservative,1.7393905425468423
C025_V05_CHG_balanced_SPEED25_T480__S013_R02,balanced,2.8278035297587483
C025_V05_CHG_broad_SPEED25_T480__S013_R02,broad,2.8278035297587483
C025_V05_CHG_conservative_SPEED25_T480__S013_R02,conservative,3.997484443603043
C025_V05_CHG_balanced_SPEED25_T480__S013_R03,balanced,0.5876786699566682
C025_V05_CHG_broad_SPEED25_T480__S013_R03,broad,0.5876786699566682
C025_V05_CHG_conservative_SPEED25_T480__S013_R03,conservative,3.997484443603043
C025_V05_CHG_balanced_SPEED25_T480__S013_R04,balanced,1.5096671845386744
C025_V05_CHG_broad_SPEED25_T480__S013_R04,broad,1.5096671845386744
C025_V05_CHG_conservative_SPEED25_T480__S013_R04,conservative,3.997484443603043
C025_V05_CHG_balanced_SPEED25_T480__S013_R05,balanced,1.5692446553214956
C025_V05_CHG_broad_SPEED25_T480__S013_R05,broad,1.5692446553214956
C025_V05_CHG_conservative_SPEED25_T480__S013_R05,conservative,3.7788115825421618
C025_V01_CHG_balanced_SPEED25_T480__S014_R01,balanced,0.3673941246133084
C025_V01_CHG_broad_SPEED25_T480__S014_R01,broad,0.3673941246133084
C025_V01_CHG_conservative_SPEED25_T480__S014_R01,conservative,1.1426221057921593
C025_V03_CHG_balanced_SPEED25_T480__S014_R01,balanced,0.3673941246133084
C025_V03_CHG_broad_SPEED25_T480__S014_R01,broad,0.3673941246133084
C025_V03_CHG_conservative_SPEED25_T480__S014_R01,conservative,1.7626527549931366
C025_V03_CHG_balanced_SPEED25_T480__S014_R02,balanced,1.1426221057921593
C025_V03_CHG_broad_SPEED25_T480__S014_R02,broad,1.1426221057921593
C025_V03_CHG_conservative_SPEED25_T480__S014_R02,conservative,1.1426221057921593
C025_V03_CHG_balanced_SPEED25_T480__S014_R03,balanced,2.8278035297587483
C025_V03_CHG_broad_SPEED25_T480__S014_R03,broad,2.8278035297587483
C025_V03_CHG_conservative_SPEED25_T480__S014_R03,conservative,3.997484443603043
C025_V05_CHG_balanced_SPEED25_T480__S014_R01,balanced,1.1426221057921593
C025_V05_CHG_broad_SPEED25_T480__S014_R01,broad,1.1426221057921593
C025_V05_CHG_conservative_SPEED25_T480__S014_R01,conservative,1.1426221057921593
C025_V05_CHG_balanced_SPEED25_T480__S014_R02,balanced,2.8278035297587483
C025_V05_CHG_broad_SPEED25_T480__S014_R02,broad,2.8278035297587483
C025_V05_CHG_conservative_SPEED25_T480__S014_R02,conservative,3.997484443603043
C025_V05_CHG_balanced_SPEED25_T480__S014_R03,balanced,1.1983938348224277
C025_V05_CHG_broad_SPEED25_T480__S014_R03,broad,1.1983938348224277
C025_V05_CHG_conservative_SPEED25_T480__S014_R03,conservative,3.997484443603043
C025_V05_CHG_balanced_SPEED25_T480__S014_R04,balanced,2.4625753843564953
C025_V05_CHG_broad_SPEED25_T480__S014_R04,broad,2.4625753843564953
C025_V05_CHG_conservative_SPEED25_T480__S014_R04,conservative,3.997484443603043
C025_V05_CHG_balanced_SPEED25_T480__S014_R05,balanced,0.3673941246133084
C025_V05_CHG_broad_SPEED25_T480__S014_R05,broad,0.3673941246133084
C025_V05_CHG_conservative_SPEED25_T480__S014_R05,conservative,1.7626527549931366
C025_V01_CHG_balanced_SPEED25_T480__S015_R01,balanced,0.3321198909328922
C025_V01_CHG_broad_SPEED25_T480__S015_R01,broad,0.3321198909328922
C025_V01_CHG_conservative_SPEED25_T480__S015_R01,conservative,0.9114269108146787
C025_V03_CHG_balanced_SPEED25_T480__S015_R01,balanced,0.3321198909328922
C025_V03_CHG_broad_SPEED25_T480__S015_R01,broad,0.3321198909328922
C025_V03_CHG_conservative_SPEED25_T480__S015_R01,conservative,9.123655509180232
C025_V03_CHG_balanced_SPEED25_T480__S015_R02,balanced,0.9114269108146787
C025_V03_CHG_broad_SPEED25_T480__S015_R02,broad,0.9114269108146787
C025_V03_CHG_conservative_SPEED25_T480__S015_R02,conservative,0.9114269108146787
C025_V03_CHG_balanced_SPEED25_T480__S015_R03,balanced,1.1317801618502412
C025_V03_CHG_broad_SPEED25_T480__S015_R03,broad,1.1317801618502412
C025_V03_CHG_conservative_SPEED25_T480__S015_R03,conservative,7.404701590273955
C025_V05_CHG_balanced_SPEED25_T480__S015_R01,balanced,1.7073751033738558
C025_V05_CHG_broad_SPEED25_T480__S015_R01,broad,1.7073751033738558
C025_V05_CHG_conservative_SPEED25_T480__S015_R01,conservative,7.404701590273955
C025_V05_CHG_balanced_SPEED25_T480__S015_R02,balanced,0.9114269108146787
C025_V05_CHG_broad_SPEED25_T480__S015_R02,broad,0.9114269108146787
C025_V05_CHG_conservative_SPEED25_T480__S015_R02,conservative,0.9114269108146787
C025_V05_CHG_balanced_SPEED25_T480__S015_R03,balanced,1.6062280552384631
C025_V05_CHG_broad_SPEED25_T480__S015_R03,broad,1.6062280552384631
C025_V05_CHG_conservative_SPEED25_T480__S015_R03,conservative,4.2511205076452026
C025_V05_CHG_balanced_SPEED25_T480__S015_R04,balanced,0.3321198909328922
C025_V05_CHG_broad_SPEED25_T480__S015_R04,broad,0.3321198909328922
C025_V05_CHG_conservative_SPEED25_T480__S015_R04,conservative,9.123655509180232
C025_V05_CHG_balanced_SPEED25_T480__S015_R05,balanced,0.5349277859906212
C025_V05_CHG_broad_SPEED25_T480__S015_R05,broad,0.5349277859906212
C025_V05_CHG_conservative_SPEED25_T480__S015_R05,conservative,9.123655509180232
C025_V01_CHG_balanced_SPEED25_T480__S016_R01,balanced,0.6606409617710014
C025_V01_CHG_broad_SPEED25_T480__S016_R01,broad,0.6606409617710014
C025_V01_CHG_conservative_SPEED25_T480__S016_R01,conservative,0.728499112235354
C025_V03_CHG_balanced_SPEED25_T480__S016_R01,balanced,0.6606409617710014
C025_V03_CHG_broad_SPEED25_T480__S016_R01,broad,0.6606409617710014
C025_V03_CHG_conservative_SPEED25_T480__S016_R01,conservative,4.482596588154225
C025_V03_CHG_balanced_SPEED25_T480__S016_R02,balanced,0.728499112235354
C025_V03_CHG_broad_SPEED25_T480__S016_R02,broad,0.728499112235354
C025_V03_CHG_conservative_SPEED25_T480__S016_R02,conservative,0.728499112235354
C025_V03_CHG_balanced_SPEED25_T480__S016_R03,balanced,1.3122647833153176
C025_V03_CHG_broad_SPEED25_T480__S016_R03,broad,1.3122647833153176
C025_V03_CHG_conservative_SPEED25_T480__S016_R03,conservative,6.546014811950142
C025_V05_CHG_balanced_SPEED25_T480__S016_R01,balanced,1.6758754443617998
C025_V05_CHG_broad_SPEED25_T480__S016_R01,broad,1.6758754443617998
C025_V05_CHG_conservative_SPEED25_T480__S016_R01,conservative,5.859811457580553
C025_V05_CHG_balanced_SPEED25_T480__S016_R02,balanced,1.3122647833153176
C025_V05_CHG_broad_SPEED25_T480__S016_R02,broad,1.3122647833153176
C025_V05_CHG_conservative_SPEED25_T480__S016_R02,conservative,6.546014811950142
C025_V05_CHG_balanced_SPEED25_T480__S016_R03,balanced,0.728499112235354
C025_V05_CHG_broad_SPEED25_T480__S016_R03,broad,0.728499112235354
C025_V05_CHG_conservative_SPEED25_T480__S016_R03,conservative,0.728499112235354
C025_V05_CHG_balanced_SPEED25_T480__S016_R04,balanced,0.6606409617710014
C025_V05_CHG_broad_SPEED25_T480__S016_R04,broad,0.6606409617710014
C025_V05_CHG_conservative_SPEED25_T480__S016_R04,conservative,4.482596588154225
C025_V05_CHG_balanced_SPEED25_T480__S016_R05,balanced,3.600507597430523
C025_V05_CHG_broad_SPEED25_T480__S016_R05,broad,3.600507597430523
C025_V05_CHG_conservative_SPEED25_T480__S016_R05,conservative,4.8965662784634825
C025_V01_CHG_balanced_SPEED25_T480__S017_R01,balanced,0.1937876201801339
C025_V01_CHG_broad_SPEED25_T480__S017_R01,broad,0.1937876201801339
C025_V01_CHG_conservative_SPEED25_T480__S017_R01,conservative,2.410121519553286
C025_V03_CHG_balanced_SPEED25_T480__S017_R01,balanced,1.7073751033738558
C025_V03_CHG_broad_SPEED25_T480__S017_R01,broad,1.7073751033738558
C025_V03_CHG_conservative_SPEED25_T480__S017_R01,conservative,9.123655509180232
C025_V03_CHG_balanced_SPEED25_T480__S017_R02,balanced,0.4670022675754036
C025_V03_CHG_broad_SPEED25_T480__S017_R02,broad,0.4670022675754036
C025_V03_CHG_conservative_SPEED25_T480__S017_R02,conservative,4.224809248480538
C025_V03_CHG_balanced_SPEED25_T480__S017_R03,balanced,0.1937876201801339
C025_V03_CHG_broad_SPEED25_T480__S017_R03,broad,0.1937876201801339
C025_V03_CHG_conservative_SPEED25_T480__S017_R03,conservative,2.410121519553286
C025_V05_CHG_balanced_SPEED25_T480__S017_R01,balanced,0.8270632401178357
C025_V05_CHG_broad_SPEED25_T480__S017_R01,broad,0.8270632401178357
C025_V05_CHG_conservative_SPEED25_T480__S017_R01,conservative,5.694357268891219
C025_V05_CHG_balanced_SPEED25_T480__S017_R02,balanced,0.1937876201801339
C025_V05_CHG_broad_SPEED25_T480__S017_R02,broad,0.1937876201801339
C025_V05_CHG_conservative_SPEED25_T480__S017_R02,conservative,8.351176035430479
C025_V05_CHG_balanced_SPEED25_T480__S017_R03,balanced,1.7073751033738558
C025_V05_CHG_broad_SPEED25_T480__S017_R03,broad,1.7073751033738558
C025_V05_CHG_conservative_SPEED25_T480__S017_R03,conservative,9.123655509180232
C025_V05_CHG_balanced_SPEED25_T480__S017_R04,balanced,0.4670022675754036
C025_V05_CHG_broad_SPEED25_T480__S017_R04,broad,0.4670022675754036
C025_V05_CHG_conservative_SPEED25_T480__S017_R04,conservative,4.224809248480538
C025_V05_CHG_balanced_SPEED25_T480__S017_R05,balanced,1.3163255663747628
C025_V05_CHG_broad_SPEED25_T480__S017_R05,broad,1.3163255663747628
C025_V05_CHG_conservative_SPEED25_T480__S017_R05,conservative,2.410121519553286
C025_V01_CHG_balanced_SPEED25_T480__S018_R01,balanced,0.2837205416354548
C025_V01_CHG_broad_SPEED25_T480__S018_R01,broad,0.2837205416354548
C025_V01_CHG_conservative_SPEED25_T480__S018_R01,conservative,0.7744312172826395
C025_V03_CHG_balanced_SPEED25_T480__S018_R01,balanced,0.2837205416354548
C025_V03_CHG_broad_SPEED25_T480__S018_R01,broad,0.2837205416354548
C025_V03_CHG_conservative_SPEED25_T480__S018_R01,conservative,3.5312103451540757
C025_V03_CHG_balanced_SPEED25_T480__S018_R02,balanced,0.6458545548976456
C025_V03_CHG_broad_SPEED25_T480__S018_R02,broad,0.6458545548976456
C025_V03_CHG_conservative_SPEED25_T480__S018_R02,conservative,0.7744312172826395
C025_V03_CHG_balanced_SPEED25_T480__S018_R03,balanced,1.4856794092426815
C025_V03_CHG_broad_SPEED25_T480__S018_R03,broad,1.4856794092426815
C025_V03_CHG_conservative_SPEED25_T480__S018_R03,conservative,1.5340423119891098
C025_V05_CHG_balanced_SPEED25_T480__S018_R01,balanced,0.6458545548976456
C025_V05_CHG_broad_SPEED25_T480__S018_R01,broad,0.6458545548976456
C025_V05_CHG_conservative_SPEED25_T480__S018_R01,conservative,0.7744312172826395
C025_V05_CHG_balanced_SPEED25_T480__S018_R02,balanced,1.7073751033738558
C025_V05_CHG_broad_SPEED25_T480__S018_R02,broad,1.7073751033738558
C025_V05_CHG_conservative_SPEED25_T480__S018_R02,conservative,6.555002269925792
C025_V05_CHG_balanced_SPEED25_T480__S018_R03,balanced,1.1584084990874897
C025_V05_CHG_broad_SPEED25_T480__S018_R03,broad,1.1584084990874897
C025_V05_CHG_conservative_SPEED25_T480__S018_R03,conservative,5.012149589368801
C025_V05_CHG_balanced_SPEED25_T480__S018_R04,balanced,0.2837205416354548
C025_V05_CHG_broad_SPEED25_T480__S018_R04,broad,0.2837205416354548
C025_V05_CHG_conservative_SPEED25_T480__S018_R04,conservative,3.5312103451540757
C025_V05_CHG_balanced_SPEED25_T480__S018_R05,balanced,1.4856794092426815
C025_V05_CHG_broad_SPEED25_T480__S018_R05,broad,1.4856794092426815
C025_V05_CHG_conservative_SPEED25_T480__S018_R05,conservative,1.5340423119891098
C025_V01_CHG_balanced_SPEED25_T480__S019_R01,balanced,1.1617054132463407
C025_V01_CHG_broad_SPEED25_T480__S019_R01,broad,1.1617054132463407
C025_V01_CHG_conservative_SPEED25_T480__S019_R01,conservative,1.8062741910837812
C025_V03_CHG_balanced_SPEED25_T480__S019_R01,balanced,1.7073751033738558
C025_V03_CHG_broad_SPEED25_T480__S019_R01,broad,1.7073751033738558
C025_V03_CHG_conservative_SPEED25_T480__S019_R01,conservative,2.1569248089346864
C025_V03_CHG_balanced_SPEED25_T480__S019_R02,balanced,1.1617054132463407
C025_V03_CHG_broad_SPEED25_T480__S019_R02,broad,1.1617054132463407
C025_V03_CHG_conservative_SPEED25_T480__S019_R02,conservative,3.0875648264281046
C025_V03_CHG_balanced_SPEED25_T480__S019_R03,balanced,1.3006692113897862
C025_V03_CHG_broad_SPEED25_T480__S019_R03,broad,1.3006692113897862
C025_V03_CHG_conservative_SPEED25_T480__S019_R03,conservative,1.8062741910837812
C025_V05_CHG_balanced_SPEED25_T480__S019_R01,balanced,1.3006692113897862
C025_V05_CHG_broad_SPEED25_T480__S019_R01,broad,1.3006692113897862
C025_V05_CHG_conservative_SPEED25_T480__S019_R01,conservative,1.8062741910837812
C025_V05_CHG_balanced_SPEED25_T480__S019_R02,balanced,1.1617054132463407
C025_V05_CHG_broad_SPEED25_T480__S019_R02,broad,1.1617054132463407
C025_V05_CHG_conservative_SPEED25_T480__S019_R02,conservative,3.0875648264281046
C025_V05_CHG_balanced_SPEED25_T480__S019_R03,balanced,1.7073751033738558
C025_V05_CHG_broad_SPEED25_T480__S019_R03,broad,1.7073751033738558
C025_V05_CHG_conservative_SPEED25_T480__S019_R03,conservative,2.1569248089346864
C025_V05_CHG_balanced_SPEED25_T480__S019_R04,balanced,1.7073751033738558
C025_V05_CHG_broad_SPEED25_T480__S019_R04,broad,1.7073751033738558
C025_V05_CHG_conservative_SPEED25_T480__S019_R04,conservative,3.288435912949529
C025_V05_CHG_balanced_SPEED25_T480__S019_R05,balanced,1.7073751033738558
C025_V05_CHG_broad_SPEED25_T480__S019_R05,broad,1.7073751033738558
C025_V05_CHG_conservative_SPEED25_T480__S019_R05,conservative,4.269067509051937
C025_V01_CHG_balanced_SPEED25_T480__S020_R01,balanced,0.0483159320491876
C025_V01_CHG_broad_SPEED25_T480__S020_R01,broad,0.0483159320491876
C025_V01_CHG_conservative_SPEED25_T480__S020_R01,conservative,2.7377783928890462
C025_V03_CHG_balanced_SPEED25_T480__S020_R01,balanced,1.5407263267820357
C025_V03_CHG_broad_SPEED25_T480__S020_R01,broad,1.5407263267820357
C025_V03_CHG_conservative_SPEED25_T480__S020_R01,conservative,3.997484443603043
C025_V03_CHG_balanced_SPEED25_T480__S020_R02,balanced,1.538169007077046
C025_V03_CHG_broad_SPEED25_T480__S020_R02,broad,1.538169007077046
C025_V03_CHG_conservative_SPEED25_T480__S020_R02,conservative,3.997484443603043
C025_V03_CHG_balanced_SPEED25_T480__S020_R03,balanced,0.0483159320491876
C025_V03_CHG_broad_SPEED25_T480__S020_R03,broad,0.0483159320491876
C025_V03_CHG_conservative_SPEED25_T480__S020_R03,conservative,2.7377783928890462
C025_V05_CHG_balanced_SPEED25_T480__S020_R01,balanced,2.8278035297587483
C025_V05_CHG_broad_SPEED25_T480__S020_R01,broad,2.8278035297587483
C025_V05_CHG_conservative_SPEED25_T480__S020_R01,conservative,3.997484443603043
C025_V05_CHG_balanced_SPEED25_T480__S020_R02,balanced,0.0483159320491876
C025_V05_CHG_broad_SPEED25_T480__S020_R02,broad,0.0483159320491876
C025_V05_CHG_conservative_SPEED25_T480__S020_R02,conservative,2.7377783928890462
C025_V05_CHG_balanced_SPEED25_T480__S020_R03,balanced,1.538169007077046
C025_V05_CHG_broad_SPEED25_T480__S020_R03,broad,1.538169007077046
C025_V05_CHG_conservative_SPEED25_T480__S020_R03,conservative,3.997484443603043
C025_V05_CHG_balanced_SPEED25_T480__S020_R04,balanced,1.5407263267820357
C025_V05_CHG_broad_SPEED25_T480__S020_R04,broad,1.5407263267820357
C025_V05_CHG_conservative_SPEED25_T480__S020_R04,conservative,3.997484443603043
C025_V05_CHG_balanced_SPEED25_T480__S020_R05,balanced,0.5796475785063707
C025_V05_CHG_broad_SPEED25_T480__S020_R05,broad,0.5796475785063707
C025_V05_CHG_conservative_SPEED25_T480__S020_R05,conservative,3.997484443603043
C025_V01_CHG_balanced_SPEED25_T480__S021_R01,balanced,0.3473923547524901
C025_V01_CHG_broad_SPEED25_T480__S021_R01,broad,0.3473923547524901
C025_V01_CHG_conservative_SPEED25_T480__S021_R01,conservative,0.3473923547524901
C025_V03_CHG_balanced_SPEED25_T480__S021_R01,balanced,0.3473923547524901
C025_V03_CHG_broad_SPEED25_T480__S021_R01,broad,0.3473923547524901
C025_V03_CHG_conservative_SPEED25_T480__S021_R01,conservative,0.3473923547524901
C025_V03_CHG_balanced_SPEED25_T480__S021_R02,balanced,0.3961059242955773
C025_V03_CHG_broad_SPEED25_T480__S021_R02,broad,0.3961059242955773
C025_V03_CHG_conservative_SPEED25_T480__S021_R02,conservative,0.3961059242955773
C025_V03_CHG_balanced_SPEED25_T480__S021_R03,balanced,0.6000693256858559
C025_V03_CHG_broad_SPEED25_T480__S021_R03,broad,0.6000693256858559
C025_V03_CHG_conservative_SPEED25_T480__S021_R03,conservative,5.474935051731238
C025_V05_CHG_balanced_SPEED25_T480__S021_R01,balanced,0.6000693256858559
C025_V05_CHG_broad_SPEED25_T480__S021_R01,broad,0.6000693256858559
C025_V05_CHG_conservative_SPEED25_T480__S021_R01,conservative,8.970503170772005
C025_V05_CHG_balanced_SPEED25_T480__S021_R02,balanced,1.1197994616538725
C025_V05_CHG_broad_SPEED25_T480__S021_R02,broad,1.1197994616538725
C025_V05_CHG_conservative_SPEED25_T480__S021_R02,conservative,2.3053499836021096
C025_V05_CHG_balanced_SPEED25_T480__S021_R03,balanced,0.8295443785523768
C025_V05_CHG_broad_SPEED25_T480__S021_R03,broad,0.8295443785523768
C025_V05_CHG_conservative_SPEED25_T480__S021_R03,conservative,5.606413179131461
C025_V05_CHG_balanced_SPEED25_T480__S021_R04,balanced,0.3473923547524901
C025_V05_CHG_broad_SPEED25_T480__S021_R04,broad,0.3473923547524901
C025_V05_CHG_conservative_SPEED25_T480__S021_R04,conservative,0.3473923547524901
C025_V05_CHG_balanced_SPEED25_T480__S021_R05,balanced,0.3961059242955773
C025_V05_CHG_broad_SPEED25_T480__S021_R05,broad,0.3961059242955773
C025_V05_CHG_conservative_SPEED25_T480__S021_R05,conservative,0.3961059242955773
C025_V01_CHG_balanced_SPEED25_T480__S022_R01,balanced,0.6343885428648178
C025_V01_CHG_broad_SPEED25_T480__S022_R01,broad,0.6343885428648178
C025_V01_CHG_conservative_SPEED25_T480__S022_R01,conservative,1.578179782355697
C025_V03_CHG_balanced_SPEED25_T480__S022_R01,balanced,1.788872681150504
C025_V03_CHG_broad_SPEED25_T480__S022_R01,broad,1.788872681150504
C025_V03_CHG_conservative_SPEED25_T480__S022_R01,conservative,3.818540643952062
C025_V03_CHG_balanced_SPEED25_T480__S022_R02,balanced,0.6343885428648178
C025_V03_CHG_broad_SPEED25_T480__S022_R02,broad,0.6343885428648178
C025_V03_CHG_conservative_SPEED25_T480__S022_R02,conservative,1.578179782355697
C025_V03_CHG_balanced_SPEED25_T480__S022_R03,balanced,0.8270632401178357
C025_V03_CHG_broad_SPEED25_T480__S022_R03,broad,0.8270632401178357
C025_V03_CHG_conservative_SPEED25_T480__S022_R03,conservative,3.198395648277878
C025_V05_CHG_balanced_SPEED25_T480__S022_R01,balanced,0.6343885428648178
C025_V05_CHG_broad_SPEED25_T480__S022_R01,broad,0.6343885428648178
C025_V05_CHG_conservative_SPEED25_T480__S022_R01,conservative,1.578179782355697
C025_V05_CHG_balanced_SPEED25_T480__S022_R02,balanced,1.788872681150504
C025_V05_CHG_broad_SPEED25_T480__S022_R02,broad,1.788872681150504
C025_V05_CHG_conservative_SPEED25_T480__S022_R02,conservative,3.997484443603043
C025_V05_CHG_balanced_SPEED25_T480__S022_R03,balanced,0.8270632401178357
C025_V05_CHG_broad_SPEED25_T480__S022_R03,broad,0.8270632401178357
C025_V05_CHG_conservative_SPEED25_T480__S022_R03,conservative,3.198395648277878
C025_V05_CHG_balanced_SPEED25_T480__S022_R04,balanced,1.3884945212614483
C025_V05_CHG_broad_SPEED25_T480__S022_R04,broad,1.3884945212614483
C025_V05_CHG_conservative_SPEED25_T480__S022_R04,conservative,3.997484443603043
C025_V05_CHG_balanced_SPEED25_T480__S022_R05,balanced,2.8278035297587483
C025_V05_CHG_broad_SPEED25_T480__S022_R05,broad,2.8278035297587483
C025_V05_CHG_conservative_SPEED25_T480__S022_R05,conservative,3.818540643952062
C025_V01_CHG_balanced_SPEED25_T480__S023_R01,balanced,0.736813808974429
C025_V01_CHG_broad_SPEED25_T480__S023_R01,broad,0.736813808974429
C025_V01_CHG_conservative_SPEED25_T480__S023_R01,conservative,2.1420113131790264
C025_V03_CHG_balanced_SPEED25_T480__S023_R01,balanced,1.645353438258578
C025_V03_CHG_broad_SPEED25_T480__S023_R01,broad,1.645353438258578
C025_V03_CHG_conservative_SPEED25_T480__S023_R01,conservative,2.6453152594249656
C025_V03_CHG_balanced_SPEED25_T480__S023_R02,balanced,0.9036528170087282
C025_V03_CHG_broad_SPEED25_T480__S023_R02,broad,0.9036528170087282
C025_V03_CHG_conservative_SPEED25_T480__S023_R02,conservative,2.392152226398796
C025_V03_CHG_balanced_SPEED25_T480__S023_R03,balanced,0.736813808974429
C025_V03_CHG_broad_SPEED25_T480__S023_R03,broad,0.736813808974429
C025_V03_CHG_conservative_SPEED25_T480__S023_R03,conservative,2.1420113131790264
C025_V05_CHG_balanced_SPEED25_T480__S023_R01,balanced,1.5264172413681034
C025_V05_CHG_broad_SPEED25_T480__S023_R01,broad,1.5264172413681034
C025_V05_CHG_conservative_SPEED25_T480__S023_R01,conservative,3.997484443603043
C025_V05_CHG_balanced_SPEED25_T480__S023_R02,balanced,1.645353438258578
C025_V05_CHG_broad_SPEED25_T480__S023_R02,broad,1.645353438258578
C025_V05_CHG_conservative_SPEED25_T480__S023_R02,conservative,2.6453152594249656
C025_V05_CHG_balanced_SPEED25_T480__S023_R03,balanced,0.736813808974429
C025_V05_CHG_broad_SPEED25_T480__S023_R03,broad,0.736813808974429
C025_V05_CHG_conservative_SPEED25_T480__S023_R03,conservative,2.1420113131790264
C025_V05_CHG_balanced_SPEED25_T480__S023_R04,balanced,2.056238529947535
C025_V05_CHG_broad_SPEED25_T480__S023_R04,broad,2.056238529947535
C025_V05_CHG_conservative_SPEED25_T480__S023_R04,conservative,3.997484443603043
C025_V05_CHG_balanced_SPEED25_T480__S023_R05,balanced,0.9036528170087282
C025_V05_CHG_broad_SPEED25_T480__S023_R05,broad,0.9036528170087282
C025_V05_CHG_conservative_SPEED25_T480__S023_R05,conservative,2.392152226398796
C025_V01_CHG_balanced_SPEED25_T480__S024_R01,balanced,0.0588840570830677
C025_V01_CHG_broad_SPEED25_T480__S024_R01,broad,0.0588840570830677
C025_V01_CHG_conservative_SPEED25_T480__S024_R01,conservative,1.6289740012859697
C025_V03_CHG_balanced_SPEED25_T480__S024_R01,balanced,1.2018117739523193
C025_V03_CHG_broad_SPEED25_T480__S024_R01,broad,1.2018117739523193
C025_V03_CHG_conservative_SPEED25_T480__S024_R01,conservative,1.6289740012859697
C025_V03_CHG_balanced_SPEED25_T480__S024_R02,balanced,0.0588840570830677
C025_V03_CHG_broad_SPEED25_T480__S024_R02,broad,0.0588840570830677
C025_V03_CHG_conservative_SPEED25_T480__S024_R02,conservative,2.3693372433803788
C025_V03_CHG_balanced_SPEED25_T480__S024_R03,balanced,0.1902075330330341
C025_V03_CHG_broad_SPEED25_T480__S024_R03,broad,0.1902075330330341
C025_V03_CHG_conservative_SPEED25_T480__S024_R03,conservative,4.482596588154225
C025_V05_CHG_balanced_SPEED25_T480__S024_R01,balanced,1.6289740012859697
C025_V05_CHG_broad_SPEED25_T480__S024_R01,broad,1.6289740012859697
C025_V05_CHG_conservative_SPEED25_T480__S024_R01,conservative,1.6289740012859697
C025_V05_CHG_balanced_SPEED25_T480__S024_R02,balanced,0.1902075330330341
C025_V05_CHG_broad_SPEED25_T480__S024_R02,broad,0.1902075330330341
C025_V05_CHG_conservative_SPEED25_T480__S024_R02,conservative,4.489254690530834
C025_V05_CHG_balanced_SPEED25_T480__S024_R03,balanced,0.1942476858261919
C025_V05_CHG_broad_SPEED25_T480__S024_R03,broad,0.1942476858261919
C025_V05_CHG_conservative_SPEED25_T480__S024_R03,conservative,5.020166890451322
C025_V05_CHG_balanced_SPEED25_T480__S024_R04,balanced,1.2018117739523193
C025_V05_CHG_broad_SPEED25_T480__S024_R04,broad,1.2018117739523193
C025_V05_CHG_conservative_SPEED25_T480__S024_R04,conservative,4.482596588154225
C025_V05_CHG_balanced_SPEED25_T480__S024_R05,balanced,0.0588840570830677
C025_V05_CHG_broad_SPEED25_T480__S024_R05,broad,0.0588840570830677
C025_V05_CHG_conservative_SPEED25_T480__S024_R05,conservative,2.3693372433803788
C025_V01_CHG_balanced_SPEED25_T480__S025_R01,balanced,0.2385531019991348
C025_V01_CHG_broad_SPEED25_T480__S025_R01,broad,0.2385531019991348
C025_V01_CHG_conservative_SPEED25_T480__S025_R01,conservative,0.2385531019991348
C025_V03_CHG_balanced_SPEED25_T480__S025_R01,balanced,0.5294406003235377
C025_V03_CHG_broad_SPEED25_T480__S025_R01,broad,0.5294406003235377
C025_V03_CHG_conservative_SPEED25_T480__S025_R01,conservative,2.9271505027614815
C025_V03_CHG_balanced_SPEED25_T480__S025_R02,balanced,2.130270508231422
C025_V03_CHG_broad_SPEED25_T480__S025_R02,broad,2.130270508231422
C025_V03_CHG_conservative_SPEED25_T480__S025_R02,conservative,2.130270508231422
C025_V03_CHG_balanced_SPEED25_T480__S025_R03,balanced,0.2385531019991348
C025_V03_CHG_broad_SPEED25_T480__S025_R03,broad,0.2385531019991348
C025_V03_CHG_conservative_SPEED25_T480__S025_R03,conservative,0.2385531019991348
C025_V05_CHG_balanced_SPEED25_T480__S025_R01,balanced,1.4795583298917545
C025_V05_CHG_broad_SPEED25_T480__S025_R01,broad,1.4795583298917545
C025_V05_CHG_conservative_SPEED25_T480__S025_R01,conservative,3.890627540704051
C025_V05_CHG_balanced_SPEED25_T480__S025_R02,balanced,2.130270508231422
C025_V05_CHG_broad_SPEED25_T480__S025_R02,broad,2.130270508231422
C025_V05_CHG_conservative_SPEED25_T480__S025_R02,conservative,2.130270508231422
C025_V05_CHG_balanced_SPEED25_T480__S025_R03,balanced,0.5294406003235377
C025_V05_CHG_broad_SPEED25_T480__S025_R03,broad,0.5294406003235377
C025_V05_CHG_conservative_SPEED25_T480__S025_R03,conservative,3.6434810738906194
C025_V05_CHG_balanced_SPEED25_T480__S025_R04,balanced,1.0508835968869552
C025_V05_CHG_broad_SPEED25_T480__S025_R04,broad,1.0508835968869552
C025_V05_CHG_conservative_SPEED25_T480__S025_R04,conservative,3.890627540704051
C025_V05_CHG_balanced_SPEED25_T480__S025_R05,balanced,0.2385531019991348
C025_V05_CHG_broad_SPEED25_T480__S025_R05,broad,0.2385531019991348
C025_V05_CHG_conservative_SPEED25_T480__S025_R05,conservative,0.2385531019991348
C025_V01_CHG_balanced_SPEED25_T480__S026_R01,balanced,0.2462428815964527
C025_V01_CHG_broad_SPEED25_T480__S026_R01,broad,0.2462428815964527
C025_V01_CHG_conservative_SPEED25_T480__S026_R01,conservative,1.959087159545798
C025_V03_CHG_balanced_SPEED25_T480__S026_R01,balanced,0.2462428815964527
C025_V03_CHG_broad_SPEED25_T480__S026_R01,broad,0.2462428815964527
C025_V03_CHG_conservative_SPEED25_T480__S026_R01,conservative,1.959087159545798
C025_V03_CHG_balanced_SPEED25_T480__S026_R02,balanced,0.6322198666733079
C025_V03_CHG_broad_SPEED25_T480__S026_R02,broad,0.6322198666733079
C025_V03_CHG_conservative_SPEED25_T480__S026_R02,conservative,2.145796975193099
C025_V03_CHG_balanced_SPEED25_T480__S026_R03,balanced,2.8278035297587483
C025_V03_CHG_broad_SPEED25_T480__S026_R03,broad,2.8278035297587483
C025_V03_CHG_conservative_SPEED25_T480__S026_R03,conservative,3.997484443603043
C025_V05_CHG_balanced_SPEED25_T480__S026_R01,balanced,0.2462428815964527
C025_V05_CHG_broad_SPEED25_T480__S026_R01,broad,0.2462428815964527
C025_V05_CHG_conservative_SPEED25_T480__S026_R01,conservative,2.601279380674779
C025_V05_CHG_balanced_SPEED25_T480__S026_R02,balanced,2.8278035297587483
C025_V05_CHG_broad_SPEED25_T480__S026_R02,broad,2.8278035297587483
C025_V05_CHG_conservative_SPEED25_T480__S026_R02,conservative,3.997484443603043
C025_V05_CHG_balanced_SPEED25_T480__S026_R03,balanced,0.7431483477131104
C025_V05_CHG_broad_SPEED25_T480__S026_R03,broad,0.7431483477131104
C025_V05_CHG_conservative_SPEED25_T480__S026_R03,conservative,3.997484443603043
C025_V05_CHG_balanced_SPEED25_T480__S026_R04,balanced,0.5256008553404021
C025_V05_CHG_broad_SPEED25_T480__S026_R04,broad,0.5256008553404021
C025_V05_CHG_conservative_SPEED25_T480__S026_R04,conservative,1.959087159545798
C025_V05_CHG_balanced_SPEED25_T480__S026_R05,balanced,0.6322198666733079
C025_V05_CHG_broad_SPEED25_T480__S026_R05,broad,0.6322198666733079
C025_V05_CHG_conservative_SPEED25_T480__S026_R05,conservative,2.145796975193099
C025_V01_CHG_balanced_SPEED25_T480__S027_R01,balanced,0.2878020033209206
C025_V01_CHG_broad_SPEED25_T480__S027_R01,broad,0.2878020033209206
C025_V01_CHG_conservative_SPEED25_T480__S027_R01,conservative,1.6670825761522243
C025_V03_CHG_balanced_SPEED25_T480__S027_R01,balanced,0.2878020033209206
C025_V03_CHG_broad_SPEED25_T480__S027_R01,broad,0.2878020033209206
C025_V03_CHG_conservative_SPEED25_T480__S027_R01,conservative,1.6701695017394644
C025_V03_CHG_balanced_SPEED25_T480__S027_R02,balanced,0.6178164080174056
C025_V03_CHG_broad_SPEED25_T480__S027_R02,broad,0.6178164080174056
C025_V03_CHG_conservative_SPEED25_T480__S027_R02,conservative,1.6670825761522243
C025_V03_CHG_balanced_SPEED25_T480__S027_R03,balanced,0.4953568835468744
C025_V03_CHG_broad_SPEED25_T480__S027_R03,broad,0.4953568835468744
C025_V03_CHG_conservative_SPEED25_T480__S027_R03,conservative,2.730602627131729
C025_V05_CHG_balanced_SPEED25_T480__S027_R01,balanced,0.4953568835468744
C025_V05_CHG_broad_SPEED25_T480__S027_R01,broad,0.4953568835468744
C025_V05_CHG_conservative_SPEED25_T480__S027_R01,conservative,2.730602627131729
C025_V05_CHG_balanced_SPEED25_T480__S027_R02,balanced,0.6178164080174056
C025_V05_CHG_broad_SPEED25_T480__S027_R02,broad,0.6178164080174056
C025_V05_CHG_conservative_SPEED25_T480__S027_R02,conservative,1.6670825761522243
C025_V05_CHG_balanced_SPEED25_T480__S027_R03,balanced,0.2878020033209206
C025_V05_CHG_broad_SPEED25_T480__S027_R03,broad,0.2878020033209206
C025_V05_CHG_conservative_SPEED25_T480__S027_R03,conservative,1.6701695017394644
C025_V05_CHG_balanced_SPEED25_T480__S027_R04,balanced,1.7073751033738558
C025_V05_CHG_broad_SPEED25_T480__S027_R04,broad,1.7073751033738558
C025_V05_CHG_conservative_SPEED25_T480__S027_R04,conservative,3.169567611418752
C025_V05_CHG_balanced_SPEED25_T480__S027_R05,balanced,1.7073751033738558
C025_V05_CHG_broad_SPEED25_T480__S027_R05,broad,1.7073751033738558
C025_V05_CHG_conservative_SPEED25_T480__S027_R05,conservative,9.123655509180232
C025_V01_CHG_balanced_SPEED25_T480__S028_R01,balanced,0.6297567137890631
C025_V01_CHG_broad_SPEED25_T480__S028_R01,broad,0.6297567137890631
C025_V01_CHG_conservative_SPEED25_T480__S028_R01,conservative,2.680712397471663
C025_V03_CHG_balanced_SPEED25_T480__S028_R01,balanced,0.6733367745754538
C025_V03_CHG_broad_SPEED25_T480__S028_R01,broad,0.6733367745754538
C025_V03_CHG_conservative_SPEED25_T480__S028_R01,conservative,3.4899978867887658
C025_V03_CHG_balanced_SPEED25_T480__S028_R02,balanced,0.7476195327055721
C025_V03_CHG_broad_SPEED25_T480__S028_R02,broad,0.7476195327055721
C025_V03_CHG_conservative_SPEED25_T480__S028_R02,conservative,3.997484443603043
C025_V03_CHG_balanced_SPEED25_T480__S028_R03,balanced,0.6297567137890631
C025_V03_CHG_broad_SPEED25_T480__S028_R03,broad,0.6297567137890631
C025_V03_CHG_conservative_SPEED25_T480__S028_R03,conservative,2.680712397471663
C025_V05_CHG_balanced_SPEED25_T480__S028_R01,balanced,0.7476195327055721
C025_V05_CHG_broad_SPEED25_T480__S028_R01,broad,0.7476195327055721
C025_V05_CHG_conservative_SPEED25_T480__S028_R01,conservative,3.997484443603043
C025_V05_CHG_balanced_SPEED25_T480__S028_R02,balanced,0.6733367745754538
C025_V05_CHG_broad_SPEED25_T480__S028_R02,broad,0.6733367745754538
C025_V05_CHG_conservative_SPEED25_T480__S028_R02,conservative,3.997484443603043
C025_V05_CHG_balanced_SPEED25_T480__S028_R03,balanced,0.6297567137890631
C025_V05_CHG_broad_SPEED25_T480__S028_R03,broad,0.6297567137890631
C025_V05_CHG_conservative_SPEED25_T480__S028_R03,conservative,2.680712397471663
C025_V05_CHG_balanced_SPEED25_T480__S028_R04,balanced,2.520081710330367
C025_V05_CHG_broad_SPEED25_T480__S028_R04,broad,2.520081710330367
C025_V05_CHG_conservative_SPEED25_T480__S028_R04,conservative,3.4899978867887658
C025_V05_CHG_balanced_SPEED25_T480__S028_R05,balanced,1.0041561793510048
C025_V05_CHG_broad_SPEED25_T480__S028_R05,broad,1.0041561793510048
C025_V05_CHG_conservative_SPEED25_T480__S028_R05,conservative,3.997484443603043
C025_V01_CHG_balanced_SPEED25_T480__S029_R01,balanced,0.3986366344997045
C025_V01_CHG_broad_SPEED25_T480__S029_R01,broad,0.3986366344997045
C025_V01_CHG_conservative_SPEED25_T480__S029_R01,conservative,2.2884756628649945
C025_V03_CHG_balanced_SPEED25_T480__S029_R01,balanced,0.6343885428648178
C025_V03_CHG_broad_SPEED25_T480__S029_R01,broad,0.6343885428648178
C025_V03_CHG_conservative_SPEED25_T480__S029_R01,conservative,2.2884756628649945
C025_V03_CHG_balanced_SPEED25_T480__S029_R02,balanced,0.6000693256858559
C025_V03_CHG_broad_SPEED25_T480__S029_R02,broad,0.6000693256858559
C025_V03_CHG_conservative_SPEED25_T480__S029_R02,conservative,2.467863129589245
C025_V03_CHG_balanced_SPEED25_T480__S029_R03,balanced,0.3986366344997045
C025_V03_CHG_broad_SPEED25_T480__S029_R03,broad,0.3986366344997045
C025_V03_CHG_conservative_SPEED25_T480__S029_R03,conservative,2.963796021473213
C025_V05_CHG_balanced_SPEED25_T480__S029_R01,balanced,0.6250362674597116
C025_V05_CHG_broad_SPEED25_T480__S029_R01,broad,0.6250362674597116
C025_V05_CHG_conservative_SPEED25_T480__S029_R01,conservative,2.467863129589245
C025_V05_CHG_balanced_SPEED25_T480__S029_R02,balanced,0.8270955489584566
C025_V05_CHG_broad_SPEED25_T480__S029_R02,broad,0.8270955489584566
C025_V05_CHG_conservative_SPEED25_T480__S029_R02,conservative,2.963796021473213
C025_V05_CHG_balanced_SPEED25_T480__S029_R03,balanced,0.6343885428648178
C025_V05_CHG_broad_SPEED25_T480__S029_R03,broad,0.6343885428648178
C025_V05_CHG_conservative_SPEED25_T480__S029_R03,conservative,2.2884756628649945
C025_V05_CHG_balanced_SPEED25_T480__S029_R04,balanced,0.6000693256858559
C025_V05_CHG_broad_SPEED25_T480__S029_R04,broad,0.6000693256858559
C025_V05_CHG_conservative_SPEED25_T480__S029_R04,conservative,3.997484443603043
C025_V05_CHG_balanced_SPEED25_T480__S029_R05,balanced,0.3986366344997045
C025_V05_CHG_broad_SPEED25_T480__S029_R05,broad,0.3986366344997045
C025_V05_CHG_conservative_SPEED25_T480__S029_R05,conservative,3.997484443603043
C025_V01_CHG_balanced_SPEED25_T480__S030_R01,balanced,0.3095165368663343
C025_V01_CHG_broad_SPEED25_T480__S030_R01,broad,0.3095165368663343
C025_V01_CHG_conservative_SPEED25_T480__S030_R01,conservative,1.7425367819627415
C025_V03_CHG_balanced_SPEED25_T480__S030_R01,balanced,1.225423536831509
C025_V03_CHG_broad_SPEED25_T480__S030_R01,broad,1.225423536831509
C025_V03_CHG_conservative_SPEED25_T480__S030_R01,conservative,3.7795653356763954
C025_V03_CHG_balanced_SPEED25_T480__S030_R02,balanced,1.0498289088056485
C025_V03_CHG_broad_SPEED25_T480__S030_R02,broad,1.0498289088056485
C025_V03_CHG_conservative_SPEED25_T480__S030_R02,conservative,3.4882184684215845
C025_V03_CHG_balanced_SPEED25_T480__S030_R03,balanced,0.3095165368663343
C025_V03_CHG_broad_SPEED25_T480__S030_R03,broad,0.3095165368663343
C025_V03_CHG_conservative_SPEED25_T480__S030_R03,conservative,1.7425367819627415
C025_V05_CHG_balanced_SPEED25_T480__S030_R01,balanced,0.7646909177718721
C025_V05_CHG_broad_SPEED25_T480__S030_R01,broad,0.7646909177718721
C025_V05_CHG_conservative_SPEED25_T480__S030_R01,conservative,1.7425367819627415
C025_V05_CHG_balanced_SPEED25_T480__S030_R02,balanced,1.0498289088056485
C025_V05_CHG_broad_SPEED25_T480__S030_R02,broad,1.0498289088056485
C025_V05_CHG_conservative_SPEED25_T480__S030_R02,conservative,3.4882184684215845
C025_V05_CHG_balanced_SPEED25_T480__S030_R03,balanced,1.235721001963901
C025_V05_CHG_broad_SPEED25_T480__S030_R03,broad,1.235721001963901
C025_V05_CHG_conservative_SPEED25_T480__S030_R03,conservative,3.7795653356763954
C025_V05_CHG_balanced_SPEED25_T480__S030_R04,balanced,2.8278035297587483
C025_V05_CHG_broad_SPEED25_T480__S030_R04,broad,2.8278035297587483
C025_V05_CHG_conservative_SPEED25_T480__S030_R04,conservative,3.997484443603043
C025_V05_CHG_balanced_SPEED25_T480__S030_R05,balanced,0.3095165368663343
C025_V05_CHG_broad_SPEED25_T480__S030_R05,broad,0.3095165368663343
C025_V05_CHG_conservative_SPEED25_T480__S030_R05,conservative,3.997484443603043
C025_V01_CHG_balanced_SPEED25_T480__S031_R01,balanced,0.3961059242955773
C025_V01_CHG_broad_SPEED25_T480__S031_R01,broad,0.3961059242955773
C025_V01_CHG_conservative_SPEED25_T480__S031_R01,conservative,0.3961059242955773
C025_V03_CHG_balanced_SPEED25_T480__S031_R01,balanced,0.3961059242955773
C025_V03_CHG_broad_SPEED25_T480__S031_R01,broad,0.3961059242955773
C025_V03_CHG_conservative_SPEED25_T480__S031_R01,conservative,0.3961059242955773
C025_V03_CHG_balanced_SPEED25_T480__S031_R02,balanced,0.5770640933510969
C025_V03_CHG_broad_SPEED25_T480__S031_R02,broad,0.5770640933510969
C025_V03_CHG_conservative_SPEED25_T480__S031_R02,conservative,3.233837782564976
C025_V03_CHG_balanced_SPEED25_T480__S031_R03,balanced,0.7410106706707795
C025_V03_CHG_broad_SPEED25_T480__S031_R03,broad,0.7410106706707795
C025_V03_CHG_conservative_SPEED25_T480__S031_R03,conservative,3.1947603268531424
C025_V05_CHG_balanced_SPEED25_T480__S031_R01,balanced,0.7410106706707795
C025_V05_CHG_broad_SPEED25_T480__S031_R01,broad,0.7410106706707795
C025_V05_CHG_conservative_SPEED25_T480__S031_R01,conservative,3.1947603268531424
C025_V05_CHG_balanced_SPEED25_T480__S031_R02,balanced,0.9575406525437608
C025_V05_CHG_broad_SPEED25_T480__S031_R02,broad,0.9575406525437608
C025_V05_CHG_conservative_SPEED25_T480__S031_R02,conservative,3.844176075608325
C025_V05_CHG_balanced_SPEED25_T480__S031_R03,balanced,0.3961059242955773
C025_V05_CHG_broad_SPEED25_T480__S031_R03,broad,0.3961059242955773
C025_V05_CHG_conservative_SPEED25_T480__S031_R03,conservative,0.3961059242955773
C025_V05_CHG_balanced_SPEED25_T480__S031_R04,balanced,0.5770640933510969
C025_V05_CHG_broad_SPEED25_T480__S031_R04,broad,0.5770640933510969
C025_V05_CHG_conservative_SPEED25_T480__S031_R04,conservative,3.997484443603043
C025_V05_CHG_balanced_SPEED25_T480__S031_R05,balanced,0.6411115555935294
C025_V05_CHG_broad_SPEED25_T480__S031_R05,broad,0.6411115555935294
C025_V05_CHG_conservative_SPEED25_T480__S031_R05,conservative,3.997484443603043
C025_V01_CHG_balanced_SPEED25_T480__S032_R01,balanced,0.5248929339133741
C025_V01_CHG_broad_SPEED25_T480__S032_R01,broad,0.5248929339133741
C025_V01_CHG_conservative_SPEED25_T480__S032_R01,conservative,0.6422931882411255
C025_V03_CHG_balanced_SPEED25_T480__S032_R01,balanced,0.864162897504211
C025_V03_CHG_broad_SPEED25_T480__S032_R01,broad,0.864162897504211
C025_V03_CHG_conservative_SPEED25_T480__S032_R01,conservative,1.8683532293153255
C025_V03_CHG_balanced_SPEED25_T480__S032_R02,balanced,0.5248929339133741
C025_V03_CHG_broad_SPEED25_T480__S032_R02,broad,0.5248929339133741
C025_V03_CHG_conservative_SPEED25_T480__S032_R02,conservative,0.6422931882411255
C025_V03_CHG_balanced_SPEED25_T480__S032_R03,balanced,0.5666719344445796
C025_V03_CHG_broad_SPEED25_T480__S032_R03,broad,0.5666719344445796
C025_V03_CHG_conservative_SPEED25_T480__S032_R03,conservative,5.3004169863342305
C025_V05_CHG_balanced_SPEED25_T480__S032_R01,balanced,0.5666719344445796
C025_V05_CHG_broad_SPEED25_T480__S032_R01,broad,0.5666719344445796
C025_V05_CHG_conservative_SPEED25_T480__S032_R01,conservative,5.3004169863342305
C025_V05_CHG_balanced_SPEED25_T480__S032_R02,balanced,0.5248929339133741
C025_V05_CHG_broad_SPEED25_T480__S032_R02,broad,0.5248929339133741
C025_V05_CHG_conservative_SPEED25_T480__S032_R02,conservative,4.8130351087037
C025_V05_CHG_balanced_SPEED25_T480__S032_R03,balanced,1.0451910334616734
C025_V05_CHG_broad_SPEED25_T480__S032_R03,broad,1.0451910334616734
C025_V05_CHG_conservative_SPEED25_T480__S032_R03,conservative,4.356675564179728
C025_V05_CHG_balanced_SPEED25_T480__S032_R04,balanced,0.864162897504211
C025_V05_CHG_broad_SPEED25_T480__S032_R04,broad,0.864162897504211
C025_V05_CHG_conservative_SPEED25_T480__S032_R04,conservative,1.8683532293153255
C025_V05_CHG_balanced_SPEED25_T480__S032_R05,balanced,0.6422931882411255
C025_V05_CHG_broad_SPEED25_T480__S032_R05,broad,0.6422931882411255
C025_V05_CHG_conservative_SPEED25_T480__S032_R05,conservative,0.6422931882411255
C025_V01_CHG_balanced_SPEED25_T480__S033_R01,balanced,0.5529665642366849
C025_V01_CHG_broad_SPEED25_T480__S033_R01,broad,0.5529665642366849
C025_V01_CHG_conservative_SPEED25_T480__S033_R01,conservative,1.959087159545798
C025_V03_CHG_balanced_SPEED25_T480__S033_R01,balanced,0.5529665642366849
C025_V03_CHG_broad_SPEED25_T480__S033_R01,broad,0.5529665642366849
C025_V03_CHG_conservative_SPEED25_T480__S033_R01,conservative,3.616039942952867
C025_V03_CHG_balanced_SPEED25_T480__S033_R02,balanced,0.8899134962013431
C025_V03_CHG_broad_SPEED25_T480__S033_R02,broad,0.8899134962013431
C025_V03_CHG_conservative_SPEED25_T480__S033_R02,conservative,4.258666889067028
C025_V03_CHG_balanced_SPEED25_T480__S033_R03,balanced,0.8625116688403835
C025_V03_CHG_broad_SPEED25_T480__S033_R03,broad,0.8625116688403835
C025_V03_CHG_conservative_SPEED25_T480__S033_R03,conservative,1.959087159545798
C025_V05_CHG_balanced_SPEED25_T480__S033_R01,balanced,0.5529665642366849
C025_V05_CHG_broad_SPEED25_T480__S033_R01,broad,0.5529665642366849
C025_V05_CHG_conservative_SPEED25_T480__S033_R01,conservative,3.616039942952867
C025_V05_CHG_balanced_SPEED25_T480__S033_R02,balanced,1.3685665550340975
C025_V05_CHG_broad_SPEED25_T480__S033_R02,broad,1.3685665550340975
C025_V05_CHG_conservative_SPEED25_T480__S033_R02,conservative,1.959087159545798
C025_V05_CHG_balanced_SPEED25_T480__S033_R03,balanced,0.8899134962013431
C025_V05_CHG_broad_SPEED25_T480__S033_R03,broad,0.8899134962013431
C025_V05_CHG_conservative_SPEED25_T480__S033_R03,conservative,4.258666889067028
C025_V05_CHG_balanced_SPEED25_T480__S033_R04,balanced,0.9884729166256844
C025_V05_CHG_broad_SPEED25_T480__S033_R04,broad,0.9884729166256844
C025_V05_CHG_conservative_SPEED25_T480__S033_R04,conservative,5.503481927619353
C025_V05_CHG_balanced_SPEED25_T480__S033_R05,balanced,0.8625116688403835
C025_V05_CHG_broad_SPEED25_T480__S033_R05,broad,0.8625116688403835
C025_V05_CHG_conservative_SPEED25_T480__S033_R05,conservative,9.123655509180232
C025_V01_CHG_balanced_SPEED25_T480__S034_R01,balanced,0.3931205228160785
C025_V01_CHG_broad_SPEED25_T480__S034_R01,broad,0.3931205228160785
C025_V01_CHG_conservative_SPEED25_T480__S034_R01,conservative,0.7993199897309775
C025_V03_CHG_balanced_SPEED25_T480__S034_R01,balanced,0.3931205228160785
C025_V03_CHG_broad_SPEED25_T480__S034_R01,broad,0.3931205228160785
C025_V03_CHG_conservative_SPEED25_T480__S034_R01,conservative,2.4916827668767896
C025_V03_CHG_balanced_SPEED25_T480__S034_R02,balanced,0.9948931181263878
C025_V03_CHG_broad_SPEED25_T480__S034_R02,broad,0.9948931181263878
C025_V03_CHG_conservative_SPEED25_T480__S034_R02,conservative,2.610641053420488
C025_V03_CHG_balanced_SPEED25_T480__S034_R03,balanced,0.7993199897309775
C025_V03_CHG_broad_SPEED25_T480__S034_R03,broad,0.7993199897309775
C025_V03_CHG_conservative_SPEED25_T480__S034_R03,conservative,0.7993199897309775
C025_V05_CHG_balanced_SPEED25_T480__S034_R01,balanced,1.4001326535179328
C025_V05_CHG_broad_SPEED25_T480__S034_R01,broad,1.4001326535179328
C025_V05_CHG_conservative_SPEED25_T480__S034_R01,conservative,3.997484443603043
C025_V05_CHG_balanced_SPEED25_T480__S034_R02,balanced,0.3931205228160785
C025_V05_CHG_broad_SPEED25_T480__S034_R02,broad,0.3931205228160785
C025_V05_CHG_conservative_SPEED25_T480__S034_R02,conservative,3.4928985650275584
C025_V05_CHG_balanced_SPEED25_T480__S034_R03,balanced,1.3229350206137007
C025_V05_CHG_broad_SPEED25_T480__S034_R03,broad,1.3229350206137007
C025_V05_CHG_conservative_SPEED25_T480__S034_R03,conservative,3.997484443603043
C025_V05_CHG_balanced_SPEED25_T480__S034_R04,balanced,0.942165430256307
C025_V05_CHG_broad_SPEED25_T480__S034_R04,broad,0.942165430256307
C025_V05_CHG_conservative_SPEED25_T480__S034_R04,conservative,2.4916827668767896
C025_V05_CHG_balanced_SPEED25_T480__S034_R05,balanced,0.7993199897309775
C025_V05_CHG_broad_SPEED25_T480__S034_R05,broad,0.7993199897309775
C025_V05_CHG_conservative_SPEED25_T480__S034_R05,conservative,0.7993199897309775
C025_V01_CHG_balanced_SPEED25_T480__S035_R01,balanced,0.4506741678737958
C025_V01_CHG_broad_SPEED25_T480__S035_R01,broad,0.4506741678737958
C025_V01_CHG_conservative_SPEED25_T480__S035_R01,conservative,1.841546627315436
C025_V03_CHG_balanced_SPEED25_T480__S035_R01,balanced,0.4506741678737958
C025_V03_CHG_broad_SPEED25_T480__S035_R01,broad,0.4506741678737958
C025_V03_CHG_conservative_SPEED25_T480__S035_R01,conservative,3.616039942952867
C025_V03_CHG_balanced_SPEED25_T480__S035_R02,balanced,0.8259744600796746
C025_V03_CHG_broad_SPEED25_T480__S035_R02,broad,0.8259744600796746
C025_V03_CHG_conservative_SPEED25_T480__S035_R02,conservative,1.841546627315436
C025_V03_CHG_balanced_SPEED25_T480__S035_R03,balanced,0.656606415353884
C025_V03_CHG_broad_SPEED25_T480__S035_R03,broad,0.656606415353884
C025_V03_CHG_conservative_SPEED25_T480__S035_R03,conservative,2.926879085774
C025_V05_CHG_balanced_SPEED25_T480__S035_R01,balanced,0.656606415353884
C025_V05_CHG_broad_SPEED25_T480__S035_R01,broad,0.656606415353884
C025_V05_CHG_conservative_SPEED25_T480__S035_R01,conservative,3.8364802942313503
C025_V05_CHG_balanced_SPEED25_T480__S035_R02,balanced,0.8259744600796746
C025_V05_CHG_broad_SPEED25_T480__S035_R02,broad,0.8259744600796746
C025_V05_CHG_conservative_SPEED25_T480__S035_R02,conservative,3.997484443603043
C025_V05_CHG_balanced_SPEED25_T480__S035_R03,balanced,0.4506741678737958
C025_V05_CHG_broad_SPEED25_T480__S035_R03,broad,0.4506741678737958
C025_V05_CHG_conservative_SPEED25_T480__S035_R03,conservative,3.997484443603043
C025_V05_CHG_balanced_SPEED25_T480__S035_R04,balanced,1.0234300740545474
C025_V05_CHG_broad_SPEED25_T480__S035_R04,broad,1.0234300740545474
C025_V05_CHG_conservative_SPEED25_T480__S035_R04,conservative,1.841546627315436
C025_V05_CHG_balanced_SPEED25_T480__S035_R05,balanced,0.5556054300275177
C025_V05_CHG_broad_SPEED25_T480__S035_R05,broad,0.5556054300275177
C025_V05_CHG_conservative_SPEED25_T480__S035_R05,conservative,2.926879085774
C025_V01_CHG_balanced_SPEED25_T480__S036_R01,balanced,0.2430908786389242
C025_V01_CHG_broad_SPEED25_T480__S036_R01,broad,0.2430908786389242
C025_V01_CHG_conservative_SPEED25_T480__S036_R01,conservative,2.0050759036237222
C025_V03_CHG_balanced_SPEED25_T480__S036_R01,balanced,0.9007104249106613
C025_V03_CHG_broad_SPEED25_T480__S036_R01,broad,0.9007104249106613
C025_V03_CHG_conservative_SPEED25_T480__S036_R01,conservative,3.821897932545621
C025_V03_CHG_balanced_SPEED25_T480__S036_R02,balanced,0.2430908786389242
C025_V03_CHG_broad_SPEED25_T480__S036_R02,broad,0.2430908786389242
C025_V03_CHG_conservative_SPEED25_T480__S036_R02,conservative,2.0050759036237222
C025_V03_CHG_balanced_SPEED25_T480__S036_R03,balanced,0.3668493381505627
C025_V03_CHG_broad_SPEED25_T480__S036_R03,broad,0.3668493381505627
C025_V03_CHG_conservative_SPEED25_T480__S036_R03,conservative,2.1669629222167424
C025_V05_CHG_balanced_SPEED25_T480__S036_R01,balanced,1.5189319283086613
C025_V05_CHG_broad_SPEED25_T480__S036_R01,broad,1.5189319283086613
C025_V05_CHG_conservative_SPEED25_T480__S036_R01,conservative,3.997484443603043
C025_V05_CHG_balanced_SPEED25_T480__S036_R02,balanced,0.3668493381505627
C025_V05_CHG_broad_SPEED25_T480__S036_R02,broad,0.3668493381505627
C025_V05_CHG_conservative_SPEED25_T480__S036_R02,conservative,2.1669629222167424
C025_V05_CHG_balanced_SPEED25_T480__S036_R03,balanced,1.6916244881458264
C025_V05_CHG_broad_SPEED25_T480__S036_R03,broad,1.6916244881458264
C025_V05_CHG_conservative_SPEED25_T480__S036_R03,conservative,3.821897932545621
C025_V05_CHG_balanced_SPEED25_T480__S036_R04,balanced,0.2430908786389242
C025_V05_CHG_broad_SPEED25_T480__S036_R04,broad,0.2430908786389242
C025_V05_CHG_conservative_SPEED25_T480__S036_R04,conservative,2.9563118946829494
C025_V05_CHG_balanced_SPEED25_T480__S036_R05,balanced,0.9007104249106613
C025_V05_CHG_broad_SPEED25_T480__S036_R05,broad,0.9007104249106613
C025_V05_CHG_conservative_SPEED25_T480__S036_R05,conservative,2.0050759036237222
C025_V01_CHG_balanced_SPEED25_T480__S037_R01,balanced,0.3990741327739053
C025_V01_CHG_broad_SPEED25_T480__S037_R01,broad,0.3990741327739053
C025_V01_CHG_conservative_SPEED25_T480__S037_R01,conservative,1.1044618739816787
C025_V03_CHG_balanced_SPEED25_T480__S037_R01,balanced,0.7202793245660728
C025_V03_CHG_broad_SPEED25_T480__S037_R01,broad,0.7202793245660728
C025_V03_CHG_conservative_SPEED25_T480__S037_R01,conservative,4.130490487085165
C025_V03_CHG_balanced_SPEED25_T480__S037_R02,balanced,0.3990741327739053
C025_V03_CHG_broad_SPEED25_T480__S037_R02,broad,0.3990741327739053
C025_V03_CHG_conservative_SPEED25_T480__S037_R02,conservative,1.1044618739816787
C025_V03_CHG_balanced_SPEED25_T480__S037_R03,balanced,1.6513134902260118
C025_V03_CHG_broad_SPEED25_T480__S037_R03,broad,1.6513134902260118
C025_V03_CHG_conservative_SPEED25_T480__S037_R03,conservative,5.467971315543907
C025_V05_CHG_balanced_SPEED25_T480__S037_R01,balanced,1.7073751033738558
C025_V05_CHG_broad_SPEED25_T480__S037_R01,broad,1.7073751033738558
C025_V05_CHG_conservative_SPEED25_T480__S037_R01,conservative,9.123655509180232
C025_V05_CHG_balanced_SPEED25_T480__S037_R02,balanced,0.8839693930994363
C025_V05_CHG_broad_SPEED25_T480__S037_R02,broad,0.8839693930994363
C025_V05_CHG_conservative_SPEED25_T480__S037_R02,conservative,3.4544987788796613
C025_V05_CHG_balanced_SPEED25_T480__S037_R03,balanced,1.6513134902260118
C025_V05_CHG_broad_SPEED25_T480__S037_R03,broad,1.6513134902260118
C025_V05_CHG_conservative_SPEED25_T480__S037_R03,conservative,5.467971315543907
C025_V05_CHG_balanced_SPEED25_T480__S037_R04,balanced,0.7202793245660728
C025_V05_CHG_broad_SPEED25_T480__S037_R04,broad,0.7202793245660728
C025_V05_CHG_conservative_SPEED25_T480__S037_R04,conservative,5.731643472476491
C025_V05_CHG_balanced_SPEED25_T480__S037_R05,balanced,0.3990741327739053
C025_V05_CHG_broad_SPEED25_T480__S037_R05,broad,0.3990741327739053
C025_V05_CHG_conservative_SPEED25_T480__S037_R05,conservative,1.1044618739816787
C025_V01_CHG_balanced_SPEED25_T480__S038_R01,balanced,0.3673941246133084
C025_V01_CHG_broad_SPEED25_T480__S038_R01,broad,0.3673941246133084
C025_V01_CHG_conservative_SPEED25_T480__S038_R01,conservative,2.6279212768546283
C025_V03_CHG_balanced_SPEED25_T480__S038_R01,balanced,0.6000693256858559
C025_V03_CHG_broad_SPEED25_T480__S038_R01,broad,0.6000693256858559
C025_V03_CHG_conservative_SPEED25_T480__S038_R01,conservative,2.6279212768546283
C025_V03_CHG_balanced_SPEED25_T480__S038_R02,balanced,1.5511946062314517
C025_V03_CHG_broad_SPEED25_T480__S038_R02,broad,1.5511946062314517
C025_V03_CHG_conservative_SPEED25_T480__S038_R02,conservative,4.193206513394772
C025_V03_CHG_balanced_SPEED25_T480__S038_R03,balanced,0.3673941246133084
C025_V03_CHG_broad_SPEED25_T480__S038_R03,broad,0.3673941246133084
C025_V03_CHG_conservative_SPEED25_T480__S038_R03,conservative,2.9550334517973855
C025_V05_CHG_balanced_SPEED25_T480__S038_R01,balanced,0.3673941246133084
C025_V05_CHG_broad_SPEED25_T480__S038_R01,broad,0.3673941246133084
C025_V05_CHG_conservative_SPEED25_T480__S038_R01,conservative,2.9550334517973855
C025_V05_CHG_balanced_SPEED25_T480__S038_R02,balanced,1.612000087754071
C025_V05_CHG_broad_SPEED25_T480__S038_R02,broad,1.612000087754071
C025_V05_CHG_conservative_SPEED25_T480__S038_R02,conservative,6.35685541537646
C025_V05_CHG_balanced_SPEED25_T480__S038_R03,balanced,0.716271634987481
C025_V05_CHG_broad_SPEED25_T480__S038_R03,broad,0.716271634987481
C025_V05_CHG_conservative_SPEED25_T480__S038_R03,conservative,2.6279212768546283
C025_V05_CHG_balanced_SPEED25_T480__S038_R04,balanced,1.5511946062314517
C025_V05_CHG_broad_SPEED25_T480__S038_R04,broad,1.5511946062314517
C025_V05_CHG_conservative_SPEED25_T480__S038_R04,conservative,4.193206513394772
C025_V05_CHG_balanced_SPEED25_T480__S038_R05,balanced,0.6000693256858559
C025_V05_CHG_broad_SPEED25_T480__S038_R05,broad,0.6000693256858559
C025_V05_CHG_conservative_SPEED25_T480__S038_R05,conservative,8.34774115128544
C025_V01_CHG_balanced_SPEED25_T480__S039_R01,balanced,0.5185132308029476
C025_V01_CHG_broad_SPEED25_T480__S039_R01,broad,0.5185132308029476
C025_V01_CHG_conservative_SPEED25_T480__S039_R01,conservative,1.5596133083643726
C025_V03_CHG_balanced_SPEED25_T480__S039_R01,balanced,0.8931021616154498
C025_V03_CHG_broad_SPEED25_T480__S039_R01,broad,0.8931021616154498
C025_V03_CHG_conservative_SPEED25_T480__S039_R01,conservative,1.5596133083643726
C025_V03_CHG_balanced_SPEED25_T480__S039_R02,balanced,0.9871229075556636
C025_V03_CHG_broad_SPEED25_T480__S039_R02,broad,0.9871229075556636
C025_V03_CHG_conservative_SPEED25_T480__S039_R02,conservative,2.080972347999061
C025_V03_CHG_balanced_SPEED25_T480__S039_R03,balanced,0.5185132308029476
C025_V03_CHG_broad_SPEED25_T480__S039_R03,broad,0.5185132308029476
C025_V03_CHG_conservative_SPEED25_T480__S039_R03,conservative,9.827665160565768
C025_V05_CHG_balanced_SPEED25_T480__S039_R01,balanced,0.8931021616154498
C025_V05_CHG_broad_SPEED25_T480__S039_R01,broad,0.8931021616154498
C025_V05_CHG_conservative_SPEED25_T480__S039_R01,conservative,3.376994547957577
C025_V05_CHG_balanced_SPEED25_T480__S039_R02,balanced,0.5185132308029476
C025_V05_CHG_broad_SPEED25_T480__S039_R02,broad,0.5185132308029476
C025_V05_CHG_conservative_SPEED25_T480__S039_R02,conservative,9.827665160565768
C025_V05_CHG_balanced_SPEED25_T480__S039_R03,balanced,0.9871229075556636
C025_V05_CHG_broad_SPEED25_T480__S039_R03,broad,0.9871229075556636
C025_V05_CHG_conservative_SPEED25_T480__S039_R03,conservative,3.208816480689476
C025_V05_CHG_balanced_SPEED25_T480__S039_R04,balanced,0.9871229075556636
C025_V05_CHG_broad_SPEED25_T480__S039_R04,broad,0.9871229075556636
C025_V05_CHG_conservative_SPEED25_T480__S039_R04,conservative,1.5596133083643726
C025_V05_CHG_balanced_SPEED25_T480__S039_R05,balanced,0.9871229075556636
C025_V05_CHG_broad_SPEED25_T480__S039_R05,broad,0.9871229075556636
C025_V05_CHG_conservative_SPEED25_T480__S039_R05,conservative,2.080972347999061
C025_V01_CHG_balanced_SPEED25_T480__S040_R01,balanced,0.2323180486160757
C025_V01_CHG_broad_SPEED25_T480__S040_R01,broad,0.2323180486160757
C025_V01_CHG_conservative_SPEED25_T480__S040_R01,conservative,1.02166533975703
C025_V03_CHG_balanced_SPEED25_T480__S040_R01,balanced,0.8989837261831175
C025_V03_CHG_broad_SPEED25_T480__S040_R01,broad,0.8989837261831175
C025_V03_CHG_conservative_SPEED25_T480__S040_R01,conservative,3.632922763955247
C025_V03_CHG_balanced_SPEED25_T480__S040_R02,balanced,0.2323180486160757
C025_V03_CHG_broad_SPEED25_T480__S040_R02,broad,0.2323180486160757
C025_V03_CHG_conservative_SPEED25_T480__S040_R02,conservative,1.02166533975703
C025_V03_CHG_balanced_SPEED25_T480__S040_R03,balanced,1.3182334674838256
C025_V03_CHG_broad_SPEED25_T480__S040_R03,broad,1.3182334674838256
C025_V03_CHG_conservative_SPEED25_T480__S040_R03,conservative,3.997484443603043
C025_V05_CHG_balanced_SPEED25_T480__S040_R01,balanced,0.8989837261831175
C025_V05_CHG_broad_SPEED25_T480__S040_R01,broad,0.8989837261831175
C025_V05_CHG_conservative_SPEED25_T480__S040_R01,conservative,3.632922763955247
C025_V05_CHG_balanced_SPEED25_T480__S040_R02,balanced,0.2323180486160757
C025_V05_CHG_broad_SPEED25_T480__S040_R02,broad,0.2323180486160757
C025_V05_CHG_conservative_SPEED25_T480__S040_R02,conservative,1.02166533975703
C025_V05_CHG_balanced_SPEED25_T480__S040_R03,balanced,1.3182334674838256
C025_V05_CHG_broad_SPEED25_T480__S040_R03,broad,1.3182334674838256
C025_V05_CHG_conservative_SPEED25_T480__S040_R03,conservative,3.997484443603043
C025_V05_CHG_balanced_SPEED25_T480__S040_R04,balanced,0.9019976506156888
C025_V05_CHG_broad_SPEED25_T480__S040_R04,broad,0.9019976506156888
C025_V05_CHG_conservative_SPEED25_T480__S040_R04,conservative,2.9563118946829494
C025_V05_CHG_balanced_SPEED25_T480__S040_R05,balanced,1.7192427126834275
C025_V05_CHG_broad_SPEED25_T480__S040_R05,broad,1.7192427126834275
C025_V05_CHG_conservative_SPEED25_T480__S040_R05,conservative,3.997484443603043
C025_V01_CHG_balanced_SPEED25_T480__S041_R01,balanced,0.3327784868776917
C025_V01_CHG_broad_SPEED25_T480__S041_R01,broad,0.3327784868776917
C025_V01_CHG_conservative_SPEED25_T480__S041_R01,conservative,0.9114269108146787
C025_V03_CHG_balanced_SPEED25_T480__S041_R01,balanced,1.5941035360590208
C025_V03_CHG_broad_SPEED25_T480__S041_R01,broad,1.5941035360590208
C025_V03_CHG_conservative_SPEED25_T480__S041_R01,conservative,2.9449737703138967
C025_V03_CHG_balanced_SPEED25_T480__S041_R02,balanced,0.6554844771986755
C025_V03_CHG_broad_SPEED25_T480__S041_R02,broad,0.6554844771986755
C025_V03_CHG_conservative_SPEED25_T480__S041_R02,conservative,5.212671244503177
C025_V03_CHG_balanced_SPEED25_T480__S041_R03,balanced,0.3327784868776917
C025_V03_CHG_broad_SPEED25_T480__S041_R03,broad,0.3327784868776917
C025_V03_CHG_conservative_SPEED25_T480__S041_R03,conservative,0.9114269108146787
C025_V05_CHG_balanced_SPEED25_T480__S041_R01,balanced,1.5941035360590208
C025_V05_CHG_broad_SPEED25_T480__S041_R01,broad,1.5941035360590208
C025_V05_CHG_conservative_SPEED25_T480__S041_R01,conservative,2.9449737703138967
C025_V05_CHG_balanced_SPEED25_T480__S041_R02,balanced,0.6554844771986755
C025_V05_CHG_broad_SPEED25_T480__S041_R02,broad,0.6554844771986755
C025_V05_CHG_conservative_SPEED25_T480__S041_R02,conservative,5.212671244503177
C025_V05_CHG_balanced_SPEED25_T480__S041_R03,balanced,0.9114269108146787
C025_V05_CHG_broad_SPEED25_T480__S041_R03,broad,0.9114269108146787
C025_V05_CHG_conservative_SPEED25_T480__S041_R03,conservative,0.9114269108146787
C025_V05_CHG_balanced_SPEED25_T480__S041_R04,balanced,0.3327784868776917
C025_V05_CHG_broad_SPEED25_T480__S041_R04,broad,0.3327784868776917
C025_V05_CHG_conservative_SPEED25_T480__S041_R04,conservative,2.7377783928890462
C025_V05_CHG_balanced_SPEED25_T480__S041_R05,balanced,0.683588403351511
C025_V05_CHG_broad_SPEED25_T480__S041_R05,broad,0.683588403351511
C025_V05_CHG_conservative_SPEED25_T480__S041_R05,conservative,5.708428629581811
C025_V01_CHG_balanced_SPEED25_T480__S042_R01,balanced,0.2697296211981738
C025_V01_CHG_broad_SPEED25_T480__S042_R01,broad,0.2697296211981738
C025_V01_CHG_conservative_SPEED25_T480__S042_R01,conservative,3.4899978867887658
C025_V03_CHG_balanced_SPEED25_T480__S042_R01,balanced,0.7459682120426457
C025_V03_CHG_broad_SPEED25_T480__S042_R01,broad,0.7459682120426457
C025_V03_CHG_conservative_SPEED25_T480__S042_R01,conservative,3.4899978867887658
C025_V03_CHG_balanced_SPEED25_T480__S042_R02,balanced,1.7073751033738558
C025_V03_CHG_broad_SPEED25_T480__S042_R02,broad,1.7073751033738558
C025_V03_CHG_conservative_SPEED25_T480__S042_R02,conservative,5.4235694412898505
C025_V03_CHG_balanced_SPEED25_T480__S042_R03,balanced,0.2697296211981738
C025_V03_CHG_broad_SPEED25_T480__S042_R03,broad,0.2697296211981738
C025_V03_CHG_conservative_SPEED25_T480__S042_R03,conservative,5.837544086686147
C025_V05_CHG_balanced_SPEED25_T480__S042_R01,balanced,1.7073751033738558
C025_V05_CHG_broad_SPEED25_T480__S042_R01,broad,1.7073751033738558
C025_V05_CHG_conservative_SPEED25_T480__S042_R01,conservative,6.333484463396636
C025_V05_CHG_balanced_SPEED25_T480__S042_R02,balanced,1.7073751033738558
C025_V05_CHG_broad_SPEED25_T480__S042_R02,broad,1.7073751033738558
C025_V05_CHG_conservative_SPEED25_T480__S042_R02,conservative,7.993282144442636
C025_V05_CHG_balanced_SPEED25_T480__S042_R03,balanced,0.7459682120426457
C025_V05_CHG_broad_SPEED25_T480__S042_R03,broad,0.7459682120426457
C025_V05_CHG_conservative_SPEED25_T480__S042_R03,conservative,3.4899978867887658
C025_V05_CHG_balanced_SPEED25_T480__S042_R04,balanced,0.2697296211981738
C025_V05_CHG_broad_SPEED25_T480__S042_R04,broad,0.2697296211981738
C025_V05_CHG_conservative_SPEED25_T480__S042_R04,conservative,5.837544086686147
C025_V05_CHG_balanced_SPEED25_T480__S042_R05,balanced,1.7073751033738558
C025_V05_CHG_broad_SPEED25_T480__S042_R05,broad,1.7073751033738558
C025_V05_CHG_conservative_SPEED25_T480__S042_R05,conservative,5.4235694412898505
C025_V01_CHG_balanced_SPEED25_T480__S043_R01,balanced,0.2192674928385306
C025_V01_CHG_broad_SPEED25_T480__S043_R01,broad,0.2192674928385306
C025_V01_CHG_conservative_SPEED25_T480__S043_R01,conservative,1.042478089729524
C025_V03_CHG_balanced_SPEED25_T480__S043_R01,balanced,1.575218502594615
C025_V03_CHG_broad_SPEED25_T480__S043_R01,broad,1.575218502594615
C025_V03_CHG_conservative_SPEED25_T480__S043_R01,conservative,2.35403814064715
C025_V03_CHG_balanced_SPEED25_T480__S043_R02,balanced,0.2192674928385306
C025_V03_CHG_broad_SPEED25_T480__S043_R02,broad,0.2192674928385306
C025_V03_CHG_conservative_SPEED25_T480__S043_R02,conservative,1.042478089729524
C025_V03_CHG_balanced_SPEED25_T480__S043_R03,balanced,0.9823297218731188
C025_V03_CHG_broad_SPEED25_T480__S043_R03,broad,0.9823297218731188
C025_V03_CHG_conservative_SPEED25_T480__S043_R03,conservative,3.997484443603043
C025_V05_CHG_balanced_SPEED25_T480__S043_R01,balanced,0.2192674928385306
C025_V05_CHG_broad_SPEED25_T480__S043_R01,broad,0.2192674928385306
C025_V05_CHG_conservative_SPEED25_T480__S043_R01,conservative,1.042478089729524
C025_V05_CHG_balanced_SPEED25_T480__S043_R02,balanced,1.575218502594615
C025_V05_CHG_broad_SPEED25_T480__S043_R02,broad,1.575218502594615
C025_V05_CHG_conservative_SPEED25_T480__S043_R02,conservative,2.35403814064715
C025_V05_CHG_balanced_SPEED25_T480__S043_R03,balanced,0.9823297218731188
C025_V05_CHG_broad_SPEED25_T480__S043_R03,broad,0.9823297218731188
C025_V05_CHG_conservative_SPEED25_T480__S043_R03,conservative,3.997484443603043
C025_V05_CHG_balanced_SPEED25_T480__S043_R04,balanced,2.770061534194261
C025_V05_CHG_broad_SPEED25_T480__S043_R04,broad,2.770061534194261
C025_V05_CHG_conservative_SPEED25_T480__S043_R04,conservative,3.997484443603043
C025_V05_CHG_balanced_SPEED25_T480__S043_R05,balanced,0.8904784768358109
C025_V05_CHG_broad_SPEED25_T480__S043_R05,broad,0.8904784768358109
C025_V05_CHG_conservative_SPEED25_T480__S043_R05,conservative,3.997484443603043
C025_V01_CHG_balanced_SPEED25_T480__S044_R01,balanced,0.3161439050651855
C025_V01_CHG_broad_SPEED25_T480__S044_R01,broad,0.3161439050651855
C025_V01_CHG_conservative_SPEED25_T480__S044_R01,conservative,2.1011234016746445
C025_V03_CHG_balanced_SPEED25_T480__S044_R01,balanced,0.3161439050651855
C025_V03_CHG_broad_SPEED25_T480__S044_R01,broad,0.3161439050651855
C025_V03_CHG_conservative_SPEED25_T480__S044_R01,conservative,3.023872439730116
C025_V03_CHG_balanced_SPEED25_T480__S044_R02,balanced,0.5770640933510969
C025_V03_CHG_broad_SPEED25_T480__S044_R02,broad,0.5770640933510969
C025_V03_CHG_conservative_SPEED25_T480__S044_R02,conservative,2.1011234016746445
C025_V03_CHG_balanced_SPEED25_T480__S044_R03,balanced,0.47149492034831
C025_V03_CHG_broad_SPEED25_T480__S044_R03,broad,0.47149492034831
C025_V03_CHG_conservative_SPEED25_T480__S044_R03,conservative,3.978582259210018
C025_V05_CHG_balanced_SPEED25_T480__S044_R01,balanced,0.6601071518432476
C025_V05_CHG_broad_SPEED25_T480__S044_R01,broad,0.6601071518432476
C025_V05_CHG_conservative_SPEED25_T480__S044_R01,conservative,2.1011234016746445
C025_V05_CHG_balanced_SPEED25_T480__S044_R02,balanced,0.47149492034831
C025_V05_CHG_broad_SPEED25_T480__S044_R02,broad,0.47149492034831
C025_V05_CHG_conservative_SPEED25_T480__S044_R02,conservative,3.978582259210018
C025_V05_CHG_balanced_SPEED25_T480__S044_R03,balanced,0.3161439050651855
C025_V05_CHG_broad_SPEED25_T480__S044_R03,broad,0.3161439050651855
C025_V05_CHG_conservative_SPEED25_T480__S044_R03,conservative,3.023872439730116
C025_V05_CHG_balanced_SPEED25_T480__S044_R04,balanced,0.7359496312699696
C025_V05_CHG_broad_SPEED25_T480__S044_R04,broad,0.7359496312699696
C025_V05_CHG_conservative_SPEED25_T480__S044_R04,conservative,3.978582259210018
C025_V05_CHG_balanced_SPEED25_T480__S044_R05,balanced,0.5770640933510969
C025_V05_CHG_broad_SPEED25_T480__S044_R05,broad,0.5770640933510969
C025_V05_CHG_conservative_SPEED25_T480__S044_R05,conservative,3.978582259210018
C025_V01_CHG_balanced_SPEED25_T480__S045_R01,balanced,0.3363280810794056
C025_V01_CHG_broad_SPEED25_T480__S045_R01,broad,0.3363280810794056
C025_V01_CHG_conservative_SPEED25_T480__S045_R01,conservative,2.91358993098692
C025_V03_CHG_balanced_SPEED25_T480__S045_R01,balanced,0.8269186805170292
C025_V03_CHG_broad_SPEED25_T480__S045_R01,broad,0.8269186805170292
C025_V03_CHG_conservative_SPEED25_T480__S045_R01,conservative,4.142599739887895
C025_V03_CHG_balanced_SPEED25_T480__S045_R02,balanced,0.8625116688403835
C025_V03_CHG_broad_SPEED25_T480__S045_R02,broad,0.8625116688403835
C025_V03_CHG_conservative_SPEED25_T480__S045_R02,conservative,4.549022782965469
C025_V03_CHG_balanced_SPEED25_T480__S045_R03,balanced,0.3363280810794056
C025_V03_CHG_broad_SPEED25_T480__S045_R03,broad,0.3363280810794056
C025_V03_CHG_conservative_SPEED25_T480__S045_R03,conservative,2.91358993098692
C025_V05_CHG_balanced_SPEED25_T480__S045_R01,balanced,0.8625116688403835
C025_V05_CHG_broad_SPEED25_T480__S045_R01,broad,0.8625116688403835
C025_V05_CHG_conservative_SPEED25_T480__S045_R01,conservative,5.661511726727266
C025_V05_CHG_balanced_SPEED25_T480__S045_R02,balanced,0.8269186805170292
C025_V05_CHG_broad_SPEED25_T480__S045_R02,broad,0.8269186805170292
C025_V05_CHG_conservative_SPEED25_T480__S045_R02,conservative,6.19821101350948
C025_V05_CHG_balanced_SPEED25_T480__S045_R03,balanced,1.7073751033738558
C025_V05_CHG_broad_SPEED25_T480__S045_R03,broad,1.7073751033738558
C025_V05_CHG_conservative_SPEED25_T480__S045_R03,conservative,7.423620172071876
C025_V05_CHG_balanced_SPEED25_T480__S045_R04,balanced,1.1572916630865395
C025_V05_CHG_broad_SPEED25_T480__S045_R04,broad,1.1572916630865395
C025_V05_CHG_conservative_SPEED25_T480__S045_R04,conservative,4.142599739887895
C025_V05_CHG_balanced_SPEED25_T480__S045_R05,balanced,0.3363280810794056
C025_V05_CHG_broad_SPEED25_T480__S045_R05,broad,0.3363280810794056
C025_V05_CHG_conservative_SPEED25_T480__S045_R05,conservative,2.91358993098692
C025_V01_CHG_balanced_SPEED25_T480__S046_R01,balanced,0.8013495816301732
C025_V01_CHG_broad_SPEED25_T480__S046_R01,broad,0.8013495816301732
C025_V01_CHG_conservative_SPEED25_T480__S046_R01,conservative,2.043142646704189
C025_V03_CHG_balanced_SPEED25_T480__S046_R01,balanced,0.8013495816301732
C025_V03_CHG_broad_SPEED25_T480__S046_R01,broad,0.8013495816301732
C025_V03_CHG_conservative_SPEED25_T480__S046_R01,conservative,2.9563118946829494
C025_V03_CHG_balanced_SPEED25_T480__S046_R02,balanced,0.9871229075556636
C025_V03_CHG_broad_SPEED25_T480__S046_R02,broad,0.9871229075556636
C025_V03_CHG_conservative_SPEED25_T480__S046_R02,conservative,2.043142646704189
C025_V03_CHG_balanced_SPEED25_T480__S046_R03,balanced,0.9871229075556636
C025_V03_CHG_broad_SPEED25_T480__S046_R03,broad,0.9871229075556636
C025_V03_CHG_conservative_SPEED25_T480__S046_R03,conservative,3.9452814382293098
C025_V05_CHG_balanced_SPEED25_T480__S046_R01,balanced,0.8432354748568629
C025_V05_CHG_broad_SPEED25_T480__S046_R01,broad,0.8432354748568629
C025_V05_CHG_conservative_SPEED25_T480__S046_R01,conservative,2.9563118946829494
C025_V05_CHG_balanced_SPEED25_T480__S046_R02,balanced,0.9871229075556636
C025_V05_CHG_broad_SPEED25_T480__S046_R02,broad,0.9871229075556636
C025_V05_CHG_conservative_SPEED25_T480__S046_R02,conservative,2.043142646704189
C025_V05_CHG_balanced_SPEED25_T480__S046_R03,balanced,0.9871229075556636
C025_V05_CHG_broad_SPEED25_T480__S046_R03,broad,0.9871229075556636
C025_V05_CHG_conservative_SPEED25_T480__S046_R03,conservative,8.241785224809595
C025_V05_CHG_balanced_SPEED25_T480__S046_R04,balanced,0.8013495816301732
C025_V05_CHG_broad_SPEED25_T480__S046_R04,broad,0.8013495816301732
C025_V05_CHG_conservative_SPEED25_T480__S046_R04,conservative,4.891070977167273
C025_V05_CHG_balanced_SPEED25_T480__S046_R05,balanced,0.9871229075556636
C025_V05_CHG_broad_SPEED25_T480__S046_R05,broad,0.9871229075556636
C025_V05_CHG_conservative_SPEED25_T480__S046_R05,conservative,3.9452814382293098
C025_V01_CHG_balanced_SPEED25_T480__S047_R01,balanced,0.3363280810794056
C025_V01_CHG_broad_SPEED25_T480__S047_R01,broad,0.3363280810794056
C025_V01_CHG_conservative_SPEED25_T480__S047_R01,conservative,1.462550390070878
C025_V03_CHG_balanced_SPEED25_T480__S047_R01,balanced,0.7011839430641332
C025_V03_CHG_broad_SPEED25_T480__S047_R01,broad,0.7011839430641332
C025_V03_CHG_conservative_SPEED25_T480__S047_R01,conservative,1.462550390070878
C025_V03_CHG_balanced_SPEED25_T480__S047_R02,balanced,0.3363280810794056
C025_V03_CHG_broad_SPEED25_T480__S047_R02,broad,0.3363280810794056
C025_V03_CHG_conservative_SPEED25_T480__S047_R02,conservative,2.24643475163753
C025_V03_CHG_balanced_SPEED25_T480__S047_R03,balanced,0.5051924988357934
C025_V03_CHG_broad_SPEED25_T480__S047_R03,broad,0.5051924988357934
C025_V03_CHG_conservative_SPEED25_T480__S047_R03,conservative,7.13545577774134
C025_V05_CHG_balanced_SPEED25_T480__S047_R01,balanced,1.0048641213410408
C025_V05_CHG_broad_SPEED25_T480__S047_R01,broad,1.0048641213410408
C025_V05_CHG_conservative_SPEED25_T480__S047_R01,conservative,3.7380341747947576
C025_V05_CHG_balanced_SPEED25_T480__S047_R02,balanced,0.3363280810794056
C025_V05_CHG_broad_SPEED25_T480__S047_R02,broad,0.3363280810794056
C025_V05_CHG_conservative_SPEED25_T480__S047_R02,conservative,2.24643475163753
C025_V05_CHG_balanced_SPEED25_T480__S047_R03,balanced,0.5051924988357934
C025_V05_CHG_broad_SPEED25_T480__S047_R03,broad,0.5051924988357934
C025_V05_CHG_conservative_SPEED25_T480__S047_R03,conservative,7.13545577774134
C025_V05_CHG_balanced_SPEED25_T480__S047_R04,balanced,0.7011839430641332
C025_V05_CHG_broad_SPEED25_T480__S047_R04,broad,0.7011839430641332
C025_V05_CHG_conservative_SPEED25_T480__S047_R04,conservative,1.462550390070878
C025_V05_CHG_balanced_SPEED25_T480__S047_R05,balanced,1.584744416709691
C025_V05_CHG_broad_SPEED25_T480__S047_R05,broad,1.584744416709691
C025_V05_CHG_conservative_SPEED25_T480__S047_R05,conservative,9.123655509180232
C025_V01_CHG_balanced_SPEED25_T480__S048_R01,balanced,0.5796475785063707
C025_V01_CHG_broad_SPEED25_T480__S048_R01,broad,0.5796475785063707
C025_V01_CHG_conservative_SPEED25_T480__S048_R01,conservative,2.1125130137331487
C025_V03_CHG_balanced_SPEED25_T480__S048_R01,balanced,1.315595246716215
C025_V03_CHG_broad_SPEED25_T480__S048_R01,broad,1.315595246716215
C025_V03_CHG_conservative_SPEED25_T480__S048_R01,conservative,3.192927814423239
C025_V03_CHG_balanced_SPEED25_T480__S048_R02,balanced,0.9326736551685406
C025_V03_CHG_broad_SPEED25_T480__S048_R02,broad,0.9326736551685406
C025_V03_CHG_conservative_SPEED25_T480__S048_R02,conservative,3.690109957804494
C025_V03_CHG_balanced_SPEED25_T480__S048_R03,balanced,0.5796475785063707
C025_V03_CHG_broad_SPEED25_T480__S048_R03,broad,0.5796475785063707
C025_V03_CHG_conservative_SPEED25_T480__S048_R03,conservative,2.1125130137331487
C025_V05_CHG_balanced_SPEED25_T480__S048_R01,balanced,0.5796475785063707
C025_V05_CHG_broad_SPEED25_T480__S048_R01,broad,0.5796475785063707
C025_V05_CHG_conservative_SPEED25_T480__S048_R01,conservative,2.1125130137331487
C025_V05_CHG_balanced_SPEED25_T480__S048_R02,balanced,1.315595246716215
C025_V05_CHG_broad_SPEED25_T480__S048_R02,broad,1.315595246716215
C025_V05_CHG_conservative_SPEED25_T480__S048_R02,conservative,3.192927814423239
C025_V05_CHG_balanced_SPEED25_T480__S048_R03,balanced,0.9326736551685406
C025_V05_CHG_broad_SPEED25_T480__S048_R03,broad,0.9326736551685406
C025_V05_CHG_conservative_SPEED25_T480__S048_R03,conservative,3.690109957804494
C025_V05_CHG_balanced_SPEED25_T480__S048_R04,balanced,0.6356501290029493
C025_V05_CHG_broad_SPEED25_T480__S048_R04,broad,0.6356501290029493
C025_V05_CHG_conservative_SPEED25_T480__S048_R04,conservative,3.997484443603043
C025_V05_CHG_balanced_SPEED25_T480__S048_R05,balanced,2.8278035297587483
C025_V05_CHG_broad_SPEED25_T480__S048_R05,broad,2.8278035297587483
C025_V05_CHG_conservative_SPEED25_T480__S048_R05,conservative,3.997484443603043
C025_V01_CHG_balanced_SPEED25_T480__S049_R01,balanced,0.4171636722753233
C025_V01_CHG_broad_SPEED25_T480__S049_R01,broad,0.4171636722753233
C025_V01_CHG_conservative_SPEED25_T480__S049_R01,conservative,3.4230207085763076
C025_V03_CHG_balanced_SPEED25_T480__S049_R01,balanced,0.4171636722753233
C025_V03_CHG_broad_SPEED25_T480__S049_R01,broad,0.4171636722753233
C025_V03_CHG_conservative_SPEED25_T480__S049_R01,conservative,3.4230207085763076
C025_V03_CHG_balanced_SPEED25_T480__S049_R02,balanced,0.8672973591875923
C025_V03_CHG_broad_SPEED25_T480__S049_R02,broad,0.8672973591875923
C025_V03_CHG_conservative_SPEED25_T480__S049_R02,conservative,3.518197838719854
C025_V03_CHG_balanced_SPEED25_T480__S049_R03,balanced,2.142562016537719
C025_V03_CHG_broad_SPEED25_T480__S049_R03,broad,2.142562016537719
C025_V03_CHG_conservative_SPEED25_T480__S049_R03,conservative,3.997484443603043
C025_V05_CHG_balanced_SPEED25_T480__S049_R01,balanced,0.953165369931782
C025_V05_CHG_broad_SPEED25_T480__S049_R01,broad,0.953165369931782
C025_V05_CHG_conservative_SPEED25_T480__S049_R01,conservative,3.4230207085763076
C025_V05_CHG_balanced_SPEED25_T480__S049_R02,balanced,0.8672973591875923
C025_V05_CHG_broad_SPEED25_T480__S049_R02,broad,0.8672973591875923
C025_V05_CHG_conservative_SPEED25_T480__S049_R02,conservative,3.518197838719854
C025_V05_CHG_balanced_SPEED25_T480__S049_R03,balanced,2.142562016537719
C025_V05_CHG_broad_SPEED25_T480__S049_R03,broad,2.142562016537719
C025_V05_CHG_conservative_SPEED25_T480__S049_R03,conservative,3.997484443603043
C025_V05_CHG_balanced_SPEED25_T480__S049_R04,balanced,2.2772796110396514
C025_V05_CHG_broad_SPEED25_T480__S049_R04,broad,2.2772796110396514
C025_V05_CHG_conservative_SPEED25_T480__S049_R04,conservative,3.997484443603043
C025_V05_CHG_balanced_SPEED25_T480__S049_R05,balanced,0.4171636722753233
C025_V05_CHG_broad_SPEED25_T480__S049_R05,broad,0.4171636722753233
C025_V05_CHG_conservative_SPEED25_T480__S049_R05,conservative,3.997484443603043
C025_V01_CHG_balanced_SPEED25_T480__S050_R01,balanced,0.384671252897496
C025_V01_CHG_broad_SPEED25_T480__S050_R01,broad,0.384671252897496
C025_V01_CHG_conservative_SPEED25_T480__S050_R01,conservative,1.625574032061888
C025_V03_CHG_balanced_SPEED25_T480__S050_R01,balanced,0.384671252897496
C025_V03_CHG_broad_SPEED25_T480__S050_R01,broad,0.384671252897496
C025_V03_CHG_conservative_SPEED25_T480__S050_R01,conservative,1.625574032061888
C025_V03_CHG_balanced_SPEED25_T480__S050_R02,balanced,0.683588403351511
C025_V03_CHG_broad_SPEED25_T480__S050_R02,broad,0.683588403351511
C025_V03_CHG_conservative_SPEED25_T480__S050_R02,conservative,1.8340137248948136
C025_V03_CHG_balanced_SPEED25_T480__S050_R03,balanced,0.9871229075556636
C025_V03_CHG_broad_SPEED25_T480__S050_R03,broad,0.9871229075556636
C025_V03_CHG_conservative_SPEED25_T480__S050_R03,conservative,1.8102325619690964
C025_V05_CHG_balanced_SPEED25_T480__S050_R01,balanced,0.9871229075556636
C025_V05_CHG_broad_SPEED25_T480__S050_R01,broad,0.9871229075556636
C025_V05_CHG_conservative_SPEED25_T480__S050_R01,conservative,1.8102325619690964
C025_V05_CHG_balanced_SPEED25_T480__S050_R02,balanced,0.683588403351511
C025_V05_CHG_broad_SPEED25_T480__S050_R02,broad,0.683588403351511
C025_V05_CHG_conservative_SPEED25_T480__S050_R02,conservative,6.285697627985894
C025_V05_CHG_balanced_SPEED25_T480__S050_R03,balanced,0.7813219395246302
C025_V05_CHG_broad_SPEED25_T480__S050_R03,broad,0.7813219395246302
C025_V05_CHG_conservative_SPEED25_T480__S050_R03,conservative,1.625574032061888
C025_V05_CHG_balanced_SPEED25_T480__S050_R04,balanced,0.384671252897496
C025_V05_CHG_broad_SPEED25_T480__S050_R04,broad,0.384671252897496
C025_V05_CHG_conservative_SPEED25_T480__S050_R04,conservative,6.572639636435737
C025_V05_CHG_balanced_SPEED25_T480__S050_R05,balanced,0.9871229075556636
C025_V05_CHG_broad_SPEED25_T480__S050_R05,broad,0.9871229075556636
C025_V05_CHG_conservative_SPEED25_T480__S050_R05,conservative,1.8340137248948136
C025_V01_CHG_balanced_SPEED25_T480__S051_R01,balanced,0.5250516552494814
C025_V01_CHG_broad_SPEED25_T480__S051_R01,broad,0.5250516552494814
C025_V01_CHG_conservative_SPEED25_T480__S051_R01,conservative,1.9609094800168292
C025_V03_CHG_balanced_SPEED25_T480__S051_R01,balanced,0.5250516552494814
C025_V03_CHG_broad_SPEED25_T480__S051_R01,broad,0.5250516552494814
C025_V03_CHG_conservative_SPEED25_T480__S051_R01,conservative,1.9609094800168292
C025_V03_CHG_balanced_SPEED25_T480__S051_R02,balanced,0.7359496312699696
C025_V03_CHG_broad_SPEED25_T480__S051_R02,broad,0.7359496312699696
C025_V03_CHG_conservative_SPEED25_T480__S051_R02,conservative,3.4749407997062147
C025_V03_CHG_balanced_SPEED25_T480__S051_R03,balanced,0.7359496312699696
C025_V03_CHG_broad_SPEED25_T480__S051_R03,broad,0.7359496312699696
C025_V03_CHG_conservative_SPEED25_T480__S051_R03,conservative,3.978582259210018
C025_V05_CHG_balanced_SPEED25_T480__S051_R01,balanced,0.7359496312699696
C025_V05_CHG_broad_SPEED25_T480__S051_R01,broad,0.7359496312699696
C025_V05_CHG_conservative_SPEED25_T480__S051_R01,conservative,3.978582259210018
C025_V05_CHG_balanced_SPEED25_T480__S051_R02,balanced,0.7359496312699696
C025_V05_CHG_broad_SPEED25_T480__S051_R02,broad,0.7359496312699696
C025_V05_CHG_conservative_SPEED25_T480__S051_R02,conservative,3.4749407997062147
C025_V05_CHG_balanced_SPEED25_T480__S051_R03,balanced,0.7189401495089144
C025_V05_CHG_broad_SPEED25_T480__S051_R03,broad,0.7189401495089144
C025_V05_CHG_conservative_SPEED25_T480__S051_R03,conservative,1.9609094800168292
C025_V05_CHG_balanced_SPEED25_T480__S051_R04,balanced,0.5250516552494814
C025_V05_CHG_broad_SPEED25_T480__S051_R04,broad,0.5250516552494814
C025_V05_CHG_conservative_SPEED25_T480__S051_R04,conservative,2.728861778362279
C025_V05_CHG_balanced_SPEED25_T480__S051_R05,balanced,0.7359496312699696
C025_V05_CHG_broad_SPEED25_T480__S051_R05,broad,0.7359496312699696
C025_V05_CHG_conservative_SPEED25_T480__S051_R05,conservative,3.978582259210018
C025_V01_CHG_balanced_SPEED25_T480__S052_R01,balanced,0.2272191655279347
C025_V01_CHG_broad_SPEED25_T480__S052_R01,broad,0.2272191655279347
C025_V01_CHG_conservative_SPEED25_T480__S052_R01,conservative,0.7993199897309775
C025_V03_CHG_balanced_SPEED25_T480__S052_R01,balanced,0.8725366078528624
C025_V03_CHG_broad_SPEED25_T480__S052_R01,broad,0.8725366078528624
C025_V03_CHG_conservative_SPEED25_T480__S052_R01,conservative,2.2307441782702195
C025_V03_CHG_balanced_SPEED25_T480__S052_R02,balanced,0.7993199897309775
C025_V03_CHG_broad_SPEED25_T480__S052_R02,broad,0.7993199897309775
C025_V03_CHG_conservative_SPEED25_T480__S052_R02,conservative,0.7993199897309775
C025_V03_CHG_balanced_SPEED25_T480__S052_R03,balanced,0.2272191655279347
C025_V03_CHG_broad_SPEED25_T480__S052_R03,broad,0.2272191655279347
C025_V03_CHG_conservative_SPEED25_T480__S052_R03,conservative,2.486716779636546
C025_V05_CHG_balanced_SPEED25_T480__S052_R01,balanced,0.2272191655279347
C025_V05_CHG_broad_SPEED25_T480__S052_R01,broad,0.2272191655279347
C025_V05_CHG_conservative_SPEED25_T480__S052_R01,conservative,2.486716779636546
C025_V05_CHG_balanced_SPEED25_T480__S052_R02,balanced,0.7993199897309775
C025_V05_CHG_broad_SPEED25_T480__S052_R02,broad,0.7993199897309775
C025_V05_CHG_conservative_SPEED25_T480__S052_R02,conservative,0.7993199897309775
C025_V05_CHG_balanced_SPEED25_T480__S052_R03,balanced,2.616300745719661
C025_V05_CHG_broad_SPEED25_T480__S052_R03,broad,2.616300745719661
C025_V05_CHG_conservative_SPEED25_T480__S052_R03,conservative,3.997484443603043
C025_V05_CHG_balanced_SPEED25_T480__S052_R04,balanced,0.8725366078528624
C025_V05_CHG_broad_SPEED25_T480__S052_R04,broad,0.8725366078528624
C025_V05_CHG_conservative_SPEED25_T480__S052_R04,conservative,2.2307441782702195
C025_V05_CHG_balanced_SPEED25_T480__S052_R05,balanced,0.902067104777094
C025_V05_CHG_broad_SPEED25_T480__S052_R05,broad,0.902067104777094
C025_V05_CHG_conservative_SPEED25_T480__S052_R05,conservative,3.997484443603043
C025_V01_CHG_balanced_SPEED25_T480__S053_R01,balanced,0.5292907198304598
C025_V01_CHG_broad_SPEED25_T480__S053_R01,broad,0.5292907198304598
C025_V01_CHG_conservative_SPEED25_T480__S053_R01,conservative,0.7645803676281654
C025_V03_CHG_balanced_SPEED25_T480__S053_R01,balanced,0.7359496312699696
C025_V03_CHG_broad_SPEED25_T480__S053_R01,broad,0.7359496312699696
C025_V03_CHG_conservative_SPEED25_T480__S053_R01,conservative,3.978582259210018
C025_V03_CHG_balanced_SPEED25_T480__S053_R02,balanced,0.6360177939918348
C025_V03_CHG_broad_SPEED25_T480__S053_R02,broad,0.6360177939918348
C025_V03_CHG_conservative_SPEED25_T480__S053_R02,conservative,3.978582259210018
C025_V03_CHG_balanced_SPEED25_T480__S053_R03,balanced,0.5292907198304598
C025_V03_CHG_broad_SPEED25_T480__S053_R03,broad,0.5292907198304598
C025_V03_CHG_conservative_SPEED25_T480__S053_R03,conservative,0.7645803676281654
C025_V05_CHG_balanced_SPEED25_T480__S053_R01,balanced,0.7359496312699696
C025_V05_CHG_broad_SPEED25_T480__S053_R01,broad,0.7359496312699696
C025_V05_CHG_conservative_SPEED25_T480__S053_R01,conservative,3.978582259210018
C025_V05_CHG_balanced_SPEED25_T480__S053_R02,balanced,0.7359496312699696
C025_V05_CHG_broad_SPEED25_T480__S053_R02,broad,0.7359496312699696
C025_V05_CHG_conservative_SPEED25_T480__S053_R02,conservative,3.978582259210018
C025_V05_CHG_balanced_SPEED25_T480__S053_R03,balanced,0.5292907198304598
C025_V05_CHG_broad_SPEED25_T480__S053_R03,broad,0.5292907198304598
C025_V05_CHG_conservative_SPEED25_T480__S053_R03,conservative,0.7645803676281654
C025_V05_CHG_balanced_SPEED25_T480__S053_R04,balanced,0.6360177939918348
C025_V05_CHG_broad_SPEED25_T480__S053_R04,broad,0.6360177939918348
C025_V05_CHG_conservative_SPEED25_T480__S053_R04,conservative,3.978582259210018
C025_V05_CHG_balanced_SPEED25_T480__S053_R05,balanced,0.7359496312699696
C025_V05_CHG_broad_SPEED25_T480__S053_R05,broad,0.7359496312699696
C025_V05_CHG_conservative_SPEED25_T480__S053_R05,conservative,3.978582259210018
C025_V01_CHG_balanced_SPEED25_T480__S054_R01,balanced,0.4691270219860247
C025_V01_CHG_broad_SPEED25_T480__S054_R01,broad,0.4691270219860247
C025_V01_CHG_conservative_SPEED25_T480__S054_R01,conservative,1.4998864632355722
C025_V03_CHG_balanced_SPEED25_T480__S054_R01,balanced,0.8862601208908487
C025_V03_CHG_broad_SPEED25_T480__S054_R01,broad,0.8862601208908487
C025_V03_CHG_conservative_SPEED25_T480__S054_R01,conservative,3.1844109560057814
C025_V03_CHG_balanced_SPEED25_T480__S054_R02,balanced,0.4691270219860247
C025_V03_CHG_broad_SPEED25_T480__S054_R02,broad,0.4691270219860247
C025_V03_CHG_conservative_SPEED25_T480__S054_R02,conservative,1.4998864632355722
C025_V03_CHG_balanced_SPEED25_T480__S054_R03,balanced,0.859616517946753
C025_V03_CHG_broad_SPEED25_T480__S054_R03,broad,0.859616517946753
C025_V03_CHG_conservative_SPEED25_T480__S054_R03,conservative,3.5378210711147027
C025_V05_CHG_balanced_SPEED25_T480__S054_R01,balanced,0.4691270219860247
C025_V05_CHG_broad_SPEED25_T480__S054_R01,broad,0.4691270219860247
C025_V05_CHG_conservative_SPEED25_T480__S054_R01,conservative,1.4998864632355722
C025_V05_CHG_balanced_SPEED25_T480__S054_R02,balanced,0.859616517946753
C025_V05_CHG_broad_SPEED25_T480__S054_R02,broad,0.859616517946753
C025_V05_CHG_conservative_SPEED25_T480__S054_R02,conservative,3.997484443603043
C025_V05_CHG_balanced_SPEED25_T480__S054_R03,balanced,1.590311800310199
C025_V05_CHG_broad_SPEED25_T480__S054_R03,broad,1.590311800310199
C025_V05_CHG_conservative_SPEED25_T480__S054_R03,conservative,3.997484443603043
C025_V05_CHG_balanced_SPEED25_T480__S054_R04,balanced,0.8862601208908487
C025_V05_CHG_broad_SPEED25_T480__S054_R04,broad,0.8862601208908487
C025_V05_CHG_conservative_SPEED25_T480__S054_R04,conservative,3.1844109560057814
C025_V05_CHG_balanced_SPEED25_T480__S054_R05,balanced,2.8278035297587483
C025_V05_CHG_broad_SPEED25_T480__S054_R05,broad,2.8278035297587483
C025_V05_CHG_conservative_SPEED25_T480__S054_R05,conservative,3.997484443603043
C025_V01_CHG_balanced_SPEED25_T480__S055_R01,balanced,0.0672476710277752
C025_V01_CHG_broad_SPEED25_T480__S055_R01,broad,0.0672476710277752
C025_V01_CHG_conservative_SPEED25_T480__S055_R01,conservative,2.130270508231422
C025_V03_CHG_balanced_SPEED25_T480__S055_R01,balanced,1.385468229932982
C025_V03_CHG_broad_SPEED25_T480__S055_R01,broad,1.385468229932982
C025_V03_CHG_conservative_SPEED25_T480__S055_R01,conservative,2.963796021473213
C025_V03_CHG_balanced_SPEED25_T480__S055_R02,balanced,1.1736811744122295
C025_V03_CHG_broad_SPEED25_T480__S055_R02,broad,1.1736811744122295
C025_V03_CHG_conservative_SPEED25_T480__S055_R02,conservative,2.130270508231422
C025_V03_CHG_balanced_SPEED25_T480__S055_R03,balanced,0.0672476710277752
C025_V03_CHG_broad_SPEED25_T480__S055_R03,broad,0.0672476710277752
C025_V03_CHG_conservative_SPEED25_T480__S055_R03,conservative,2.900571346933095
C025_V05_CHG_balanced_SPEED25_T480__S055_R01,balanced,0.0672476710277752
C025_V05_CHG_broad_SPEED25_T480__S055_R01,broad,0.0672476710277752
C025_V05_CHG_conservative_SPEED25_T480__S055_R01,conservative,2.900571346933095
C025_V05_CHG_balanced_SPEED25_T480__S055_R02,balanced,1.1736811744122295
C025_V05_CHG_broad_SPEED25_T480__S055_R02,broad,1.1736811744122295
C025_V05_CHG_conservative_SPEED25_T480__S055_R02,conservative,7.146387755512151
C025_V05_CHG_balanced_SPEED25_T480__S055_R03,balanced,1.385468229932982
C025_V05_CHG_broad_SPEED25_T480__S055_R03,broad,1.385468229932982
C025_V05_CHG_conservative_SPEED25_T480__S055_R03,conservative,2.963796021473213
C025_V05_CHG_balanced_SPEED25_T480__S055_R04,balanced,1.7073751033738558
C025_V05_CHG_broad_SPEED25_T480__S055_R04,broad,1.7073751033738558
C025_V05_CHG_conservative_SPEED25_T480__S055_R04,conservative,3.821897932545621
C025_V05_CHG_balanced_SPEED25_T480__S055_R05,balanced,1.3361681308485085
C025_V05_CHG_broad_SPEED25_T480__S055_R05,broad,1.3361681308485085
C025_V05_CHG_conservative_SPEED25_T480__S055_R05,conservative,2.130270508231422
C025_V01_CHG_balanced_SPEED25_T480__S056_R01,balanced,0.6446908372319204
C025_V01_CHG_broad_SPEED25_T480__S056_R01,broad,0.6446908372319204
C025_V01_CHG_conservative_SPEED25_T480__S056_R01,conservative,0.9114269108146787
C025_V03_CHG_balanced_SPEED25_T480__S056_R01,balanced,0.8270955489584566
C025_V03_CHG_broad_SPEED25_T480__S056_R01,broad,0.8270955489584566
C025_V03_CHG_conservative_SPEED25_T480__S056_R01,conservative,6.1356195742429
C025_V03_CHG_balanced_SPEED25_T480__S056_R02,balanced,0.7646909177718721
C025_V03_CHG_broad_SPEED25_T480__S056_R02,broad,0.7646909177718721
C025_V03_CHG_conservative_SPEED25_T480__S056_R02,conservative,6.48323421552562
C025_V03_CHG_balanced_SPEED25_T480__S056_R03,balanced,0.6446908372319204
C025_V03_CHG_broad_SPEED25_T480__S056_R03,broad,0.6446908372319204
C025_V03_CHG_conservative_SPEED25_T480__S056_R03,conservative,0.9114269108146787
C025_V05_CHG_balanced_SPEED25_T480__S056_R01,balanced,0.8270955489584566
C025_V05_CHG_broad_SPEED25_T480__S056_R01,broad,0.8270955489584566
C025_V05_CHG_conservative_SPEED25_T480__S056_R01,conservative,6.1356195742429
C025_V05_CHG_balanced_SPEED25_T480__S056_R02,balanced,1.4001326535179328
C025_V05_CHG_broad_SPEED25_T480__S056_R02,broad,1.4001326535179328
C025_V05_CHG_conservative_SPEED25_T480__S056_R02,conservative,7.869400919366736
C025_V05_CHG_balanced_SPEED25_T480__S056_R03,balanced,0.6446908372319204
C025_V05_CHG_broad_SPEED25_T480__S056_R03,broad,0.6446908372319204
C025_V05_CHG_conservative_SPEED25_T480__S056_R03,conservative,0.9114269108146787
C025_V05_CHG_balanced_SPEED25_T480__S056_R04,balanced,0.7646909177718721
C025_V05_CHG_broad_SPEED25_T480__S056_R04,broad,0.7646909177718721
C025_V05_CHG_conservative_SPEED25_T480__S056_R04,conservative,6.48323421552562
C025_V05_CHG_balanced_SPEED25_T480__S056_R05,balanced,1.7073751033738558
C025_V05_CHG_broad_SPEED25_T480__S056_R05,broad,1.7073751033738558
C025_V05_CHG_conservative_SPEED25_T480__S056_R05,conservative,9.123655509180232
C025_V01_CHG_balanced_SPEED25_T480__S057_R01,balanced,0.5397235824669728
C025_V01_CHG_broad_SPEED25_T480__S057_R01,broad,0.5397235824669728
C025_V01_CHG_conservative_SPEED25_T480__S057_R01,conservative,2.191926840625011
C025_V03_CHG_balanced_SPEED25_T480__S057_R01,balanced,1.1321632563641897
C025_V03_CHG_broad_SPEED25_T480__S057_R01,broad,1.1321632563641897
C025_V03_CHG_conservative_SPEED25_T480__S057_R01,conservative,2.191926840625011
C025_V03_CHG_balanced_SPEED25_T480__S057_R02,balanced,0.5397235824669728
C025_V03_CHG_broad_SPEED25_T480__S057_R02,broad,0.5397235824669728
C025_V03_CHG_conservative_SPEED25_T480__S057_R02,conservative,7.002928187077395
C025_V03_CHG_balanced_SPEED25_T480__S057_R03,balanced,1.554789104018839
C025_V03_CHG_broad_SPEED25_T480__S057_R03,broad,1.554789104018839
C025_V03_CHG_conservative_SPEED25_T480__S057_R03,conservative,3.119724580436108
C025_V05_CHG_balanced_SPEED25_T480__S057_R01,balanced,1.5096671845386744
C025_V05_CHG_broad_SPEED25_T480__S057_R01,broad,1.5096671845386744
C025_V05_CHG_conservative_SPEED25_T480__S057_R01,conservative,9.123655509180232
C025_V05_CHG_balanced_SPEED25_T480__S057_R02,balanced,0.5397235824669728
C025_V05_CHG_broad_SPEED25_T480__S057_R02,broad,0.5397235824669728
C025_V05_CHG_conservative_SPEED25_T480__S057_R02,conservative,7.002928187077395
C025_V05_CHG_balanced_SPEED25_T480__S057_R03,balanced,1.554789104018839
C025_V05_CHG_broad_SPEED25_T480__S057_R03,broad,1.554789104018839
C025_V05_CHG_conservative_SPEED25_T480__S057_R03,conservative,3.119724580436108
C025_V05_CHG_balanced_SPEED25_T480__S057_R04,balanced,1.7073751033738558
C025_V05_CHG_broad_SPEED25_T480__S057_R04,broad,1.7073751033738558
C025_V05_CHG_conservative_SPEED25_T480__S057_R04,conservative,6.619842831107196
C025_V05_CHG_balanced_SPEED25_T480__S057_R05,balanced,1.1321632563641897
C025_V05_CHG_broad_SPEED25_T480__S057_R05,broad,1.1321632563641897
C025_V05_CHG_conservative_SPEED25_T480__S057_R05,conservative,2.191926840625011
C025_V01_CHG_balanced_SPEED25_T480__S058_R01,balanced,0.0483159320491876
C025_V01_CHG_broad_SPEED25_T480__S058_R01,broad,0.0483159320491876
C025_V01_CHG_conservative_SPEED25_T480__S058_R01,conservative,2.619291346436558
C025_V03_CHG_balanced_SPEED25_T480__S058_R01,balanced,0.480132024659015
C025_V03_CHG_broad_SPEED25_T480__S058_R01,broad,0.480132024659015
C025_V03_CHG_conservative_SPEED25_T480__S058_R01,conservative,3.1501827506983093
C025_V03_CHG_balanced_SPEED25_T480__S058_R02,balanced,0.0483159320491876
C025_V03_CHG_broad_SPEED25_T480__S058_R02,broad,0.0483159320491876
C025_V03_CHG_conservative_SPEED25_T480__S058_R02,conservative,2.619291346436558
C025_V03_CHG_balanced_SPEED25_T480__S058_R03,balanced,1.286926644264559
C025_V03_CHG_broad_SPEED25_T480__S058_R03,broad,1.286926644264559
C025_V03_CHG_conservative_SPEED25_T480__S058_R03,conservative,3.997484443603043
C025_V05_CHG_balanced_SPEED25_T480__S058_R01,balanced,1.286926644264559
C025_V05_CHG_broad_SPEED25_T480__S058_R01,broad,1.286926644264559
C025_V05_CHG_conservative_SPEED25_T480__S058_R01,conservative,3.997484443603043
C025_V05_CHG_balanced_SPEED25_T480__S058_R02,balanced,0.0483159320491876
C025_V05_CHG_broad_SPEED25_T480__S058_R02,broad,0.0483159320491876
C025_V05_CHG_conservative_SPEED25_T480__S058_R02,conservative,2.619291346436558
C025_V05_CHG_balanced_SPEED25_T480__S058_R03,balanced,0.5884416346992473
C025_V05_CHG_broad_SPEED25_T480__S058_R03,broad,0.5884416346992473
C025_V05_CHG_conservative_SPEED25_T480__S058_R03,conservative,3.997484443603043
C025_V05_CHG_balanced_SPEED25_T480__S058_R04,balanced,0.7312861431050205
C025_V05_CHG_broad_SPEED25_T480__S058_R04,broad,0.7312861431050205
C025_V05_CHG_conservative_SPEED25_T480__S058_R04,conservative,3.997484443603043
C025_V05_CHG_balanced_SPEED25_T480__S058_R05,balanced,0.9007104249106613
C025_V05_CHG_broad_SPEED25_T480__S058_R05,broad,0.9007104249106613
C025_V05_CHG_conservative_SPEED25_T480__S058_R05,conservative,3.997484443603043
C025_V01_CHG_balanced_SPEED25_T480__S059_R01,balanced,0.1436760699498543
C025_V01_CHG_broad_SPEED25_T480__S059_R01,broad,0.1436760699498543
C025_V01_CHG_conservative_SPEED25_T480__S059_R01,conservative,1.8587901640917768
C025_V03_CHG_balanced_SPEED25_T480__S059_R01,balanced,0.3411197344883712
C025_V03_CHG_broad_SPEED25_T480__S059_R01,broad,0.3411197344883712
C025_V03_CHG_conservative_SPEED25_T480__S059_R01,conservative,1.8587901640917768
C025_V03_CHG_balanced_SPEED25_T480__S059_R02,balanced,0.1436760699498543
C025_V03_CHG_broad_SPEED25_T480__S059_R02,broad,0.1436760699498543
C025_V03_CHG_conservative_SPEED25_T480__S059_R02,conservative,6.5180352706826294
C025_V03_CHG_balanced_SPEED25_T480__S059_R03,balanced,1.564001915294784
C025_V03_CHG_broad_SPEED25_T480__S059_R03,broad,1.564001915294784
C025_V03_CHG_conservative_SPEED25_T480__S059_R03,conservative,2.2307441782702195
C025_V05_CHG_balanced_SPEED25_T480__S059_R01,balanced,1.6339631062686837
C025_V05_CHG_broad_SPEED25_T480__S059_R01,broad,1.6339631062686837
C025_V05_CHG_conservative_SPEED25_T480__S059_R01,conservative,5.926449052806061
C025_V05_CHG_balanced_SPEED25_T480__S059_R02,balanced,1.6098356562543683
C025_V05_CHG_broad_SPEED25_T480__S059_R02,broad,1.6098356562543683
C025_V05_CHG_conservative_SPEED25_T480__S059_R02,conservative,5.1955671032617605
C025_V05_CHG_balanced_SPEED25_T480__S059_R03,balanced,1.564001915294784
C025_V05_CHG_broad_SPEED25_T480__S059_R03,broad,1.564001915294784
C025_V05_CHG_conservative_SPEED25_T480__S059_R03,conservative,2.2307441782702195
C025_V05_CHG_balanced_SPEED25_T480__S059_R04,balanced,0.3411197344883712
C025_V05_CHG_broad_SPEED25_T480__S059_R04,broad,0.3411197344883712
C025_V05_CHG_conservative_SPEED25_T480__S059_R04,conservative,1.8587901640917768
C025_V05_CHG_balanced_SPEED25_T480__S059_R05,balanced,0.1436760699498543
C025_V05_CHG_broad_SPEED25_T480__S059_R05,broad,0.1436760699498543
C025_V05_CHG_conservative_SPEED25_T480__S059_R05,conservative,6.5180352706826294
C025_V01_CHG_balanced_SPEED25_T480__S060_R01,balanced,0.4215346789735915
C025_V01_CHG_broad_SPEED25_T480__S060_R01,broad,0.4215346789735915
C025_V01_CHG_conservative_SPEED25_T480__S060_R01,conservative,1.290513921200985
C025_V03_CHG_balanced_SPEED25_T480__S060_R01,balanced,0.4215346789735915
C025_V03_CHG_broad_SPEED25_T480__S060_R01,broad,0.4215346789735915
C025_V03_CHG_conservative_SPEED25_T480__S060_R01,conservative,1.290513921200985
C025_V03_CHG_balanced_SPEED25_T480__S060_R02,balanced,1.7073751033738558
C025_V03_CHG_broad_SPEED25_T480__S060_R02,broad,1.7073751033738558
C025_V03_CHG_conservative_SPEED25_T480__S060_R02,conservative,3.878224273633007
C025_V03_CHG_balanced_SPEED25_T480__S060_R03,balanced,0.8432354748568629
C025_V03_CHG_broad_SPEED25_T480__S060_R03,broad,0.8432354748568629
C025_V03_CHG_conservative_SPEED25_T480__S060_R03,conservative,4.029922664042306
C025_V05_CHG_balanced_SPEED25_T480__S060_R01,balanced,0.4215346789735915
C025_V05_CHG_broad_SPEED25_T480__S060_R01,broad,0.4215346789735915
C025_V05_CHG_conservative_SPEED25_T480__S060_R01,conservative,1.290513921200985
C025_V05_CHG_balanced_SPEED25_T480__S060_R02,balanced,1.7073751033738558
C025_V05_CHG_broad_SPEED25_T480__S060_R02,broad,1.7073751033738558
C025_V05_CHG_conservative_SPEED25_T480__S060_R02,conservative,5.438238342631423
C025_V05_CHG_balanced_SPEED25_T480__S060_R03,balanced,0.8432354748568629
C025_V05_CHG_broad_SPEED25_T480__S060_R03,broad,0.8432354748568629
C025_V05_CHG_conservative_SPEED25_T480__S060_R03,conservative,7.345474582170918
C025_V05_CHG_balanced_SPEED25_T480__S060_R04,balanced,1.7073751033738558
C025_V05_CHG_broad_SPEED25_T480__S060_R04,broad,1.7073751033738558
C025_V05_CHG_conservative_SPEED25_T480__S060_R04,conservative,7.09518686764903
C025_V05_CHG_balanced_SPEED25_T480__S060_R05,balanced,1.7073751033738558
C025_V05_CHG_broad_SPEED25_T480__S060_R05,broad,1.7073751033738558
C025_V05_CHG_conservative_SPEED25_T480__S060_R05,conservative,3.878224273633007
C025_V01_CHG_balanced_SPEED25_T480__S061_R01,balanced,0.8499417687580536
C025_V01_CHG_broad_SPEED25_T480__S061_R01,broad,0.8499417687580536
C025_V01_CHG_conservative_SPEED25_T480__S061_R01,conservative,0.8499417687580536
C025_V03_CHG_balanced_SPEED25_T480__S061_R01,balanced,0.8499417687580536
C025_V03_CHG_broad_SPEED25_T480__S061_R01,broad,0.8499417687580536
C025_V03_CHG_conservative_SPEED25_T480__S061_R01,conservative,0.8499417687580536
C025_V03_CHG_balanced_SPEED25_T480__S061_R02,balanced,1.287756446977745
C025_V03_CHG_broad_SPEED25_T480__S061_R02,broad,1.287756446977745
C025_V03_CHG_conservative_SPEED25_T480__S061_R02,conservative,3.041004218347119
C025_V03_CHG_balanced_SPEED25_T480__S061_R03,balanced,1.3437303653334047
C025_V03_CHG_broad_SPEED25_T480__S061_R03,broad,1.3437303653334047
C025_V03_CHG_conservative_SPEED25_T480__S061_R03,conservative,3.997484443603043
C025_V05_CHG_balanced_SPEED25_T480__S061_R01,balanced,1.1839424332483857
C025_V05_CHG_broad_SPEED25_T480__S061_R01,broad,1.1839424332483857
C025_V05_CHG_conservative_SPEED25_T480__S061_R01,conservative,3.997484443603043
C025_V05_CHG_balanced_SPEED25_T480__S061_R02,balanced,1.287756446977745
C025_V05_CHG_broad_SPEED25_T480__S061_R02,broad,1.287756446977745
C025_V05_CHG_conservative_SPEED25_T480__S061_R02,conservative,3.041004218347119
C025_V05_CHG_balanced_SPEED25_T480__S061_R03,balanced,1.3437303653334047
C025_V05_CHG_broad_SPEED25_T480__S061_R03,broad,1.3437303653334047
C025_V05_CHG_conservative_SPEED25_T480__S061_R03,conservative,3.997484443603043
C025_V05_CHG_balanced_SPEED25_T480__S061_R04,balanced,1.448082333257237
C025_V05_CHG_broad_SPEED25_T480__S061_R04,broad,1.448082333257237
C025_V05_CHG_conservative_SPEED25_T480__S061_R04,conservative,3.997484443603043
C025_V05_CHG_balanced_SPEED25_T480__S061_R05,balanced,0.8499417687580536
C025_V05_CHG_broad_SPEED25_T480__S061_R05,broad,0.8499417687580536
C025_V05_CHG_conservative_SPEED25_T480__S061_R05,conservative,0.8499417687580536
C025_V01_CHG_balanced_SPEED25_T480__S062_R01,balanced,0.751134615223215
C025_V01_CHG_broad_SPEED25_T480__S062_R01,broad,0.751134615223215
C025_V01_CHG_conservative_SPEED25_T480__S062_R01,conservative,1.2573680870297217
C025_V03_CHG_balanced_SPEED25_T480__S062_R01,balanced,1.0876657754714043
C025_V03_CHG_broad_SPEED25_T480__S062_R01,broad,1.0876657754714043
C025_V03_CHG_conservative_SPEED25_T480__S062_R01,conservative,1.2573680870297217
C025_V03_CHG_balanced_SPEED25_T480__S062_R02,balanced,1.0331416898085506
C025_V03_CHG_broad_SPEED25_T480__S062_R02,broad,1.0331416898085506
C025_V03_CHG_conservative_SPEED25_T480__S062_R02,conservative,3.701262882297063
C025_V03_CHG_balanced_SPEED25_T480__S062_R03,balanced,0.751134615223215
C025_V03_CHG_broad_SPEED25_T480__S062_R03,broad,0.751134615223215
C025_V03_CHG_conservative_SPEED25_T480__S062_R03,conservative,1.657914984769841
C025_V05_CHG_balanced_SPEED25_T480__S062_R01,balanced,1.0876657754714043
C025_V05_CHG_broad_SPEED25_T480__S062_R01,broad,1.0876657754714043
C025_V05_CHG_conservative_SPEED25_T480__S062_R01,conservative,3.948400086644388
C025_V05_CHG_balanced_SPEED25_T480__S062_R02,balanced,2.8278035297587483
C025_V05_CHG_broad_SPEED25_T480__S062_R02,broad,2.8278035297587483
C025_V05_CHG_conservative_SPEED25_T480__S062_R02,conservative,3.997484443603043
C025_V05_CHG_balanced_SPEED25_T480__S062_R03,balanced,1.2573680870297217
C025_V05_CHG_broad_SPEED25_T480__S062_R03,broad,1.2573680870297217
C025_V05_CHG_conservative_SPEED25_T480__S062_R03,conservative,1.2573680870297217
C025_V05_CHG_balanced_SPEED25_T480__S062_R04,balanced,0.751134615223215
C025_V05_CHG_broad_SPEED25_T480__S062_R04,broad,0.751134615223215
C025_V05_CHG_conservative_SPEED25_T480__S062_R04,conservative,1.657914984769841
C025_V05_CHG_balanced_SPEED25_T480__S062_R05,balanced,1.0331416898085506
C025_V05_CHG_broad_SPEED25_T480__S062_R05,broad,1.0331416898085506
C025_V05_CHG_conservative_SPEED25_T480__S062_R05,conservative,3.701262882297063
C025_V01_CHG_balanced_SPEED25_T480__S063_R01,balanced,0.969894924640146
C025_V01_CHG_broad_SPEED25_T480__S063_R01,broad,0.969894924640146
C025_V01_CHG_conservative_SPEED25_T480__S063_R01,conservative,1.445162070263338
C025_V03_CHG_balanced_SPEED25_T480__S063_R01,balanced,1.152470759032714
C025_V03_CHG_broad_SPEED25_T480__S063_R01,broad,1.152470759032714
C025_V03_CHG_conservative_SPEED25_T480__S063_R01,conservative,2.410121519553286
C025_V03_CHG_balanced_SPEED25_T480__S063_R02,balanced,1.0882653629389851
C025_V03_CHG_broad_SPEED25_T480__S063_R02,broad,1.0882653629389851
C025_V03_CHG_conservative_SPEED25_T480__S063_R02,conservative,1.445162070263338
C025_V03_CHG_balanced_SPEED25_T480__S063_R03,balanced,0.969894924640146
C025_V03_CHG_broad_SPEED25_T480__S063_R03,broad,0.969894924640146
C025_V03_CHG_conservative_SPEED25_T480__S063_R03,conservative,3.032548222248816
C025_V05_CHG_balanced_SPEED25_T480__S063_R01,balanced,1.0882653629389851
C025_V05_CHG_broad_SPEED25_T480__S063_R01,broad,1.0882653629389851
C025_V05_CHG_conservative_SPEED25_T480__S063_R01,conservative,1.445162070263338
C025_V05_CHG_balanced_SPEED25_T480__S063_R02,balanced,1.152470759032714
C025_V05_CHG_broad_SPEED25_T480__S063_R02,broad,1.152470759032714
C025_V05_CHG_conservative_SPEED25_T480__S063_R02,conservative,4.348551424151966
C025_V05_CHG_balanced_SPEED25_T480__S063_R03,balanced,0.969894924640146
C025_V05_CHG_broad_SPEED25_T480__S063_R03,broad,0.969894924640146
C025_V05_CHG_conservative_SPEED25_T480__S063_R03,conservative,3.032548222248816
C025_V05_CHG_balanced_SPEED25_T480__S063_R04,balanced,1.7073751033738558
C025_V05_CHG_broad_SPEED25_T480__S063_R04,broad,1.7073751033738558
C025_V05_CHG_conservative_SPEED25_T480__S063_R04,conservative,2.410121519553286
C025_V05_CHG_balanced_SPEED25_T480__S063_R05,balanced,1.7073751033738558
C025_V05_CHG_broad_SPEED25_T480__S063_R05,broad,1.7073751033738558
C025_V05_CHG_conservative_SPEED25_T480__S063_R05,conservative,6.417599189811795
C025_V01_CHG_balanced_SPEED25_T480__S064_R01,balanced,0.2192674928385306
C025_V01_CHG_broad_SPEED25_T480__S064_R01,broad,0.2192674928385306
C025_V01_CHG_conservative_SPEED25_T480__S064_R01,conservative,1.042478089729524
C025_V03_CHG_balanced_SPEED25_T480__S064_R01,balanced,0.6649325516848288
C025_V03_CHG_broad_SPEED25_T480__S064_R01,broad,0.6649325516848288
C025_V03_CHG_conservative_SPEED25_T480__S064_R01,conservative,2.8431919206864196
C025_V03_CHG_balanced_SPEED25_T480__S064_R02,balanced,0.543356905719346
C025_V03_CHG_broad_SPEED25_T480__S064_R02,broad,0.543356905719346
C025_V03_CHG_conservative_SPEED25_T480__S064_R02,conservative,3.997484443603043
C025_V03_CHG_balanced_SPEED25_T480__S064_R03,balanced,0.2192674928385306
C025_V03_CHG_broad_SPEED25_T480__S064_R03,broad,0.2192674928385306
C025_V03_CHG_conservative_SPEED25_T480__S064_R03,conservative,1.042478089729524
C025_V05_CHG_balanced_SPEED25_T480__S064_R01,balanced,0.9474189915200236
C025_V05_CHG_broad_SPEED25_T480__S064_R01,broad,0.9474189915200236
C025_V05_CHG_conservative_SPEED25_T480__S064_R01,conservative,3.997484443603043
C025_V05_CHG_balanced_SPEED25_T480__S064_R02,balanced,0.543356905719346
C025_V05_CHG_broad_SPEED25_T480__S064_R02,broad,0.543356905719346
C025_V05_CHG_conservative_SPEED25_T480__S064_R02,conservative,3.997484443603043
C025_V05_CHG_balanced_SPEED25_T480__S064_R03,balanced,0.7493684323027641
C025_V05_CHG_broad_SPEED25_T480__S064_R03,broad,0.7493684323027641
C025_V05_CHG_conservative_SPEED25_T480__S064_R03,conservative,2.0689287474472744
C025_V05_CHG_balanced_SPEED25_T480__S064_R04,balanced,0.2192674928385306
C025_V05_CHG_broad_SPEED25_T480__S064_R04,broad,0.2192674928385306
C025_V05_CHG_conservative_SPEED25_T480__S064_R04,conservative,1.042478089729524
C025_V05_CHG_balanced_SPEED25_T480__S064_R05,balanced,0.6649325516848288
C025_V05_CHG_broad_SPEED25_T480__S064_R05,broad,0.6649325516848288
C025_V05_CHG_conservative_SPEED25_T480__S064_R05,conservative,3.997484443603043
C025_V01_CHG_balanced_SPEED25_T480__S065_R01,balanced,0.1942476858261919
C025_V01_CHG_broad_SPEED25_T480__S065_R01,broad,0.1942476858261919
C025_V01_CHG_conservative_SPEED25_T480__S065_R01,conservative,0.8856917799590596
C025_V03_CHG_balanced_SPEED25_T480__S065_R01,balanced,0.1942476858261919
C025_V03_CHG_broad_SPEED25_T480__S065_R01,broad,0.1942476858261919
C025_V03_CHG_conservative_SPEED25_T480__S065_R01,conservative,0.8856917799590596
C025_V03_CHG_balanced_SPEED25_T480__S065_R02,balanced,2.711016685098053
C025_V03_CHG_broad_SPEED25_T480__S065_R02,broad,2.711016685098053
C025_V03_CHG_conservative_SPEED25_T480__S065_R02,conservative,3.997484443603043
C025_V03_CHG_balanced_SPEED25_T480__S065_R03,balanced,0.8585060853807585
C025_V03_CHG_broad_SPEED25_T480__S065_R03,broad,0.8585060853807585
C025_V03_CHG_conservative_SPEED25_T480__S065_R03,conservative,3.623522820288224
C025_V05_CHG_balanced_SPEED25_T480__S065_R01,balanced,2.711016685098053
C025_V05_CHG_broad_SPEED25_T480__S065_R01,broad,2.711016685098053
C025_V05_CHG_conservative_SPEED25_T480__S065_R01,conservative,3.997484443603043
C025_V05_CHG_balanced_SPEED25_T480__S065_R02,balanced,0.8585060853807585
C025_V05_CHG_broad_SPEED25_T480__S065_R02,broad,0.8585060853807585
C025_V05_CHG_conservative_SPEED25_T480__S065_R02,conservative,0.8856917799590596
C025_V05_CHG_balanced_SPEED25_T480__S065_R03,balanced,0.1942476858261919
C025_V05_CHG_broad_SPEED25_T480__S065_R03,broad,0.1942476858261919
C025_V05_CHG_conservative_SPEED25_T480__S065_R03,conservative,3.997484443603043
C025_V05_CHG_balanced_SPEED25_T480__S065_R04,balanced,1.137845977904815
C025_V05_CHG_broad_SPEED25_T480__S065_R04,broad,1.137845977904815
C025_V05_CHG_conservative_SPEED25_T480__S065_R04,conservative,3.997484443603043
C025_V05_CHG_balanced_SPEED25_T480__S065_R05,balanced,1.111763977924005
C025_V05_CHG_broad_SPEED25_T480__S065_R05,broad,1.111763977924005
C025_V05_CHG_conservative_SPEED25_T480__S065_R05,conservative,3.764389802428736
C025_V01_CHG_balanced_SPEED25_T480__S066_R01,balanced,0.3317519896648957
C025_V01_CHG_broad_SPEED25_T480__S066_R01,broad,0.3317519896648957
C025_V01_CHG_conservative_SPEED25_T480__S066_R01,conservative,2.689242976140375
C025_V03_CHG_balanced_SPEED25_T480__S066_R01,balanced,0.3317519896648957
C025_V03_CHG_broad_SPEED25_T480__S066_R01,broad,0.3317519896648957
C025_V03_CHG_conservative_SPEED25_T480__S066_R01,conservative,2.689242976140375
C025_V03_CHG_balanced_SPEED25_T480__S066_R02,balanced,1.33039908831353
C025_V03_CHG_broad_SPEED25_T480__S066_R02,broad,1.33039908831353
C025_V03_CHG_conservative_SPEED25_T480__S066_R02,conservative,2.876600472849237
C025_V03_CHG_balanced_SPEED25_T480__S066_R03,balanced,0.7233400761488744
C025_V03_CHG_broad_SPEED25_T480__S066_R03,broad,0.7233400761488744
C025_V03_CHG_conservative_SPEED25_T480__S066_R03,conservative,3.887556864458358
C025_V05_CHG_balanced_SPEED25_T480__S066_R01,balanced,0.3317519896648957
C025_V05_CHG_broad_SPEED25_T480__S066_R01,broad,0.3317519896648957
C025_V05_CHG_conservative_SPEED25_T480__S066_R01,conservative,2.689242976140375
C025_V05_CHG_balanced_SPEED25_T480__S066_R02,balanced,1.481066333219493
C025_V05_CHG_broad_SPEED25_T480__S066_R02,broad,1.481066333219493
C025_V05_CHG_conservative_SPEED25_T480__S066_R02,conservative,5.818187000670912
C025_V05_CHG_balanced_SPEED25_T480__S066_R03,balanced,1.33039908831353
C025_V05_CHG_broad_SPEED25_T480__S066_R03,broad,1.33039908831353
C025_V05_CHG_conservative_SPEED25_T480__S066_R03,conservative,2.876600472849237
C025_V05_CHG_balanced_SPEED25_T480__S066_R04,balanced,0.7233400761488744
C025_V05_CHG_broad_SPEED25_T480__S066_R04,broad,0.7233400761488744
C025_V05_CHG_conservative_SPEED25_T480__S066_R04,conservative,3.887556864458358
C025_V05_CHG_balanced_SPEED25_T480__S066_R05,balanced,2.228928812629044
C025_V05_CHG_broad_SPEED25_T480__S066_R05,broad,2.228928812629044
C025_V05_CHG_conservative_SPEED25_T480__S066_R05,conservative,9.600109918174391
C025_V01_CHG_balanced_SPEED25_T480__S067_R01,balanced,0.4258739562534246
C025_V01_CHG_broad_SPEED25_T480__S067_R01,broad,0.4258739562534246
C025_V01_CHG_conservative_SPEED25_T480__S067_R01,conservative,1.018373141304176
C025_V03_CHG_balanced_SPEED25_T480__S067_R01,balanced,0.4258739562534246
C025_V03_CHG_broad_SPEED25_T480__S067_R01,broad,0.4258739562534246
C025_V03_CHG_conservative_SPEED25_T480__S067_R01,conservative,2.689242976140375
C025_V03_CHG_balanced_SPEED25_T480__S067_R02,balanced,0.6970489474337966
C025_V03_CHG_broad_SPEED25_T480__S067_R02,broad,0.6970489474337966
C025_V03_CHG_conservative_SPEED25_T480__S067_R02,conservative,1.018373141304176
C025_V03_CHG_balanced_SPEED25_T480__S067_R03,balanced,1.6854170228683063
C025_V03_CHG_broad_SPEED25_T480__S067_R03,broad,1.6854170228683063
C025_V03_CHG_conservative_SPEED25_T480__S067_R03,conservative,2.952923424846084
C025_V05_CHG_balanced_SPEED25_T480__S067_R01,balanced,0.6970489474337966
C025_V05_CHG_broad_SPEED25_T480__S067_R01,broad,0.6970489474337966
C025_V05_CHG_conservative_SPEED25_T480__S067_R01,conservative,1.018373141304176
C025_V05_CHG_balanced_SPEED25_T480__S067_R02,balanced,0.8125657672274764
C025_V05_CHG_broad_SPEED25_T480__S067_R02,broad,0.8125657672274764
C025_V05_CHG_conservative_SPEED25_T480__S067_R02,conservative,3.997484443603043
C025_V05_CHG_balanced_SPEED25_T480__S067_R03,balanced,1.6854170228683063
C025_V05_CHG_broad_SPEED25_T480__S067_R03,broad,1.6854170228683063
C025_V05_CHG_conservative_SPEED25_T480__S067_R03,conservative,2.952923424846084
C025_V05_CHG_balanced_SPEED25_T480__S067_R04,balanced,0.4258739562534246
C025_V05_CHG_broad_SPEED25_T480__S067_R04,broad,0.4258739562534246
C025_V05_CHG_conservative_SPEED25_T480__S067_R04,conservative,2.689242976140375
C025_V05_CHG_balanced_SPEED25_T480__S067_R05,balanced,0.9580804467707958
C025_V05_CHG_broad_SPEED25_T480__S067_R05,broad,0.9580804467707958
C025_V05_CHG_conservative_SPEED25_T480__S067_R05,conservative,3.997484443603043
C025_V01_CHG_balanced_SPEED25_T480__S068_R01,balanced,0.3524827993649502
C025_V01_CHG_broad_SPEED25_T480__S068_R01,broad,0.3524827993649502
C025_V01_CHG_conservative_SPEED25_T480__S068_R01,conservative,3.997484443603043
C025_V03_CHG_balanced_SPEED25_T480__S068_R01,balanced,0.6585739026245685
C025_V03_CHG_broad_SPEED25_T480__S068_R01,broad,0.6585739026245685
C025_V03_CHG_conservative_SPEED25_T480__S068_R01,conservative,3.997484443603043
C025_V03_CHG_balanced_SPEED25_T480__S068_R02,balanced,0.3524827993649502
C025_V03_CHG_broad_SPEED25_T480__S068_R02,broad,0.3524827993649502
C025_V03_CHG_conservative_SPEED25_T480__S068_R02,conservative,3.997484443603043
C025_V03_CHG_balanced_SPEED25_T480__S068_R03,balanced,0.6785044178310672
C025_V03_CHG_broad_SPEED25_T480__S068_R03,broad,0.6785044178310672
C025_V03_CHG_conservative_SPEED25_T480__S068_R03,conservative,3.997484443603043
C025_V05_CHG_balanced_SPEED25_T480__S068_R01,balanced,0.9315822432923982
C025_V05_CHG_broad_SPEED25_T480__S068_R01,broad,0.9315822432923982
C025_V05_CHG_conservative_SPEED25_T480__S068_R01,conservative,3.997484443603043
C025_V05_CHG_balanced_SPEED25_T480__S068_R02,balanced,0.6785044178310672
C025_V05_CHG_broad_SPEED25_T480__S068_R02,broad,0.6785044178310672
C025_V05_CHG_conservative_SPEED25_T480__S068_R02,conservative,3.997484443603043
C025_V05_CHG_balanced_SPEED25_T480__S068_R03,balanced,0.6585739026245685
C025_V05_CHG_broad_SPEED25_T480__S068_R03,broad,0.6585739026245685
C025_V05_CHG_conservative_SPEED25_T480__S068_R03,conservative,3.997484443603043
C025_V05_CHG_balanced_SPEED25_T480__S068_R04,balanced,1.1572916630865395
C025_V05_CHG_broad_SPEED25_T480__S068_R04,broad,1.1572916630865395
C025_V05_CHG_conservative_SPEED25_T480__S068_R04,conservative,3.997484443603043
C025_V05_CHG_balanced_SPEED25_T480__S068_R05,balanced,0.3524827993649502
C025_V05_CHG_broad_SPEED25_T480__S068_R05,broad,0.3524827993649502
C025_V05_CHG_conservative_SPEED25_T480__S068_R05,conservative,3.997484443603043
C025_V01_CHG_balanced_SPEED25_T480__S069_R01,balanced,0.0294098338966537
C025_V01_CHG_broad_SPEED25_T480__S069_R01,broad,0.0294098338966537
C025_V01_CHG_conservative_SPEED25_T480__S069_R01,conservative,1.837284919761596
C025_V03_CHG_balanced_SPEED25_T480__S069_R01,balanced,0.0294098338966537
C025_V03_CHG_broad_SPEED25_T480__S069_R01,broad,0.0294098338966537
C025_V03_CHG_conservative_SPEED25_T480__S069_R01,conservative,2.463351261306826
C025_V03_CHG_balanced_SPEED25_T480__S069_R02,balanced,0.716271634987481
C025_V03_CHG_broad_SPEED25_T480__S069_R02,broad,0.716271634987481
C025_V03_CHG_conservative_SPEED25_T480__S069_R02,conservative,3.5485885631550635
C025_V03_CHG_balanced_SPEED25_T480__S069_R03,balanced,0.7359496312699696
C025_V03_CHG_broad_SPEED25_T480__S069_R03,broad,0.7359496312699696
C025_V03_CHG_conservative_SPEED25_T480__S069_R03,conservative,1.837284919761596
C025_V05_CHG_balanced_SPEED25_T480__S069_R01,balanced,0.0294098338966537
C025_V05_CHG_broad_SPEED25_T480__S069_R01,broad,0.0294098338966537
C025_V05_CHG_conservative_SPEED25_T480__S069_R01,conservative,2.463351261306826
C025_V05_CHG_balanced_SPEED25_T480__S069_R02,balanced,0.7359496312699696
C025_V05_CHG_broad_SPEED25_T480__S069_R02,broad,0.7359496312699696
C025_V05_CHG_conservative_SPEED25_T480__S069_R02,conservative,3.978582259210018
C025_V05_CHG_balanced_SPEED25_T480__S069_R03,balanced,0.7359496312699696
C025_V05_CHG_broad_SPEED25_T480__S069_R03,broad,0.7359496312699696
C025_V05_CHG_conservative_SPEED25_T480__S069_R03,conservative,1.837284919761596
C025_V05_CHG_balanced_SPEED25_T480__S069_R04,balanced,0.7359496312699696
C025_V05_CHG_broad_SPEED25_T480__S069_R04,broad,0.7359496312699696
C025_V05_CHG_conservative_SPEED25_T480__S069_R04,conservative,3.978582259210018
C025_V05_CHG_balanced_SPEED25_T480__S069_R05,balanced,0.716271634987481
C025_V05_CHG_broad_SPEED25_T480__S069_R05,broad,0.716271634987481
C025_V05_CHG_conservative_SPEED25_T480__S069_R05,conservative,3.5485885631550635
C025_V01_CHG_balanced_SPEED25_T480__S070_R01,balanced,0.0575697158536629
C025_V01_CHG_broad_SPEED25_T480__S070_R01,broad,0.0575697158536629
C025_V01_CHG_conservative_SPEED25_T480__S070_R01,conservative,1.8972558993289184
C025_V03_CHG_balanced_SPEED25_T480__S070_R01,balanced,0.9596322877020644
C025_V03_CHG_broad_SPEED25_T480__S070_R01,broad,0.9596322877020644
C025_V03_CHG_conservative_SPEED25_T480__S070_R01,conservative,3.997484443603043
C025_V03_CHG_balanced_SPEED25_T480__S070_R02,balanced,0.0575697158536629
C025_V03_CHG_broad_SPEED25_T480__S070_R02,broad,0.0575697158536629
C025_V03_CHG_conservative_SPEED25_T480__S070_R02,conservative,3.997484443603043
C025_V03_CHG_balanced_SPEED25_T480__S070_R03,balanced,0.5074141834222969
C025_V03_CHG_broad_SPEED25_T480__S070_R03,broad,0.5074141834222969
C025_V03_CHG_conservative_SPEED25_T480__S070_R03,conservative,1.8972558993289184
C025_V05_CHG_balanced_SPEED25_T480__S070_R01,balanced,2.8278035297587483
C025_V05_CHG_broad_SPEED25_T480__S070_R01,broad,2.8278035297587483
C025_V05_CHG_conservative_SPEED25_T480__S070_R01,conservative,3.997484443603043
C025_V05_CHG_balanced_SPEED25_T480__S070_R02,balanced,1.1032069943885494
C025_V05_CHG_broad_SPEED25_T480__S070_R02,broad,1.1032069943885494
C025_V05_CHG_conservative_SPEED25_T480__S070_R02,conservative,3.997484443603043
C025_V05_CHG_balanced_SPEED25_T480__S070_R03,balanced,0.0575697158536629
C025_V05_CHG_broad_SPEED25_T480__S070_R03,broad,0.0575697158536629
C025_V05_CHG_conservative_SPEED25_T480__S070_R03,conservative,3.997484443603043
C025_V05_CHG_balanced_SPEED25_T480__S070_R04,balanced,0.9596322877020644
C025_V05_CHG_broad_SPEED25_T480__S070_R04,broad,0.9596322877020644
C025_V05_CHG_conservative_SPEED25_T480__S070_R04,conservative,3.997484443603043
C025_V05_CHG_balanced_SPEED25_T480__S070_R05,balanced,0.5074141834222969
C025_V05_CHG_broad_SPEED25_T480__S070_R05,broad,0.5074141834222969
C025_V05_CHG_conservative_SPEED25_T480__S070_R05,conservative,1.8972558993289184
C025_V01_CHG_balanced_SPEED25_T480__S071_R01,balanced,0.2360904916428015
C025_V01_CHG_broad_SPEED25_T480__S071_R01,broad,0.2360904916428015
C025_V01_CHG_conservative_SPEED25_T480__S071_R01,conservative,0.2360904916428015
C025_V03_CHG_balanced_SPEED25_T480__S071_R01,balanced,0.2434723850998976
C025_V03_CHG_broad_SPEED25_T480__S071_R01,broad,0.2434723850998976
C025_V03_CHG_conservative_SPEED25_T480__S071_R01,conservative,0.5369848461383968
C025_V03_CHG_balanced_SPEED25_T480__S071_R02,balanced,0.2360904916428015
C025_V03_CHG_broad_SPEED25_T480__S071_R02,broad,0.2360904916428015
C025_V03_CHG_conservative_SPEED25_T480__S071_R02,conservative,0.2360904916428015
C025_V03_CHG_balanced_SPEED25_T480__S071_R03,balanced,1.2995381493090474
C025_V03_CHG_broad_SPEED25_T480__S071_R03,broad,1.2995381493090474
C025_V03_CHG_conservative_SPEED25_T480__S071_R03,conservative,3.997484443603043
C025_V05_CHG_balanced_SPEED25_T480__S071_R01,balanced,0.2434723850998976
C025_V05_CHG_broad_SPEED25_T480__S071_R01,broad,0.2434723850998976
C025_V05_CHG_conservative_SPEED25_T480__S071_R01,conservative,3.8364802942313503
C025_V05_CHG_balanced_SPEED25_T480__S071_R02,balanced,2.8278035297587483
C025_V05_CHG_broad_SPEED25_T480__S071_R02,broad,2.8278035297587483
C025_V05_CHG_conservative_SPEED25_T480__S071_R02,conservative,3.997484443603043
C025_V05_CHG_balanced_SPEED25_T480__S071_R03,balanced,1.2995381493090474
C025_V05_CHG_broad_SPEED25_T480__S071_R03,broad,1.2995381493090474
C025_V05_CHG_conservative_SPEED25_T480__S071_R03,conservative,3.997484443603043
C025_V05_CHG_balanced_SPEED25_T480__S071_R04,balanced,0.5369848461383968
C025_V05_CHG_broad_SPEED25_T480__S071_R04,broad,0.5369848461383968
C025_V05_CHG_conservative_SPEED25_T480__S071_R04,conservative,0.5369848461383968
C025_V05_CHG_balanced_SPEED25_T480__S071_R05,balanced,0.2360904916428015
C025_V05_CHG_broad_SPEED25_T480__S071_R05,broad,0.2360904916428015
C025_V05_CHG_conservative_SPEED25_T480__S071_R05,conservative,0.2360904916428015
C025_V01_CHG_balanced_SPEED25_T480__S072_R01,balanced,0.2990897775219723
C025_V01_CHG_broad_SPEED25_T480__S072_R01,broad,0.2990897775219723
C025_V01_CHG_conservative_SPEED25_T480__S072_R01,conservative,1.1338928412125535
C025_V03_CHG_balanced_SPEED25_T480__S072_R01,balanced,1.5141997808471852
C025_V03_CHG_broad_SPEED25_T480__S072_R01,broad,1.5141997808471852
C025_V03_CHG_conservative_SPEED25_T480__S072_R01,conservative,5.7984689633627005
C025_V03_CHG_balanced_SPEED25_T480__S072_R02,balanced,0.2990897775219723
C025_V03_CHG_broad_SPEED25_T480__S072_R02,broad,0.2990897775219723
C025_V03_CHG_conservative_SPEED25_T480__S072_R02,conservative,1.1338928412125535
C025_V03_CHG_balanced_SPEED25_T480__S072_R03,balanced,1.212423438653097
C025_V03_CHG_broad_SPEED25_T480__S072_R03,broad,1.212423438653097
C025_V03_CHG_conservative_SPEED25_T480__S072_R03,conservative,9.123655509180232
C025_V05_CHG_balanced_SPEED25_T480__S072_R01,balanced,1.7073751033738558
C025_V05_CHG_broad_SPEED25_T480__S072_R01,broad,1.7073751033738558
C025_V05_CHG_conservative_SPEED25_T480__S072_R01,conservative,4.887285039185047
C025_V05_CHG_balanced_SPEED25_T480__S072_R02,balanced,1.212423438653097
C025_V05_CHG_broad_SPEED25_T480__S072_R02,broad,1.212423438653097
C025_V05_CHG_conservative_SPEED25_T480__S072_R02,conservative,9.123655509180232
C025_V05_CHG_balanced_SPEED25_T480__S072_R03,balanced,0.2990897775219723
C025_V05_CHG_broad_SPEED25_T480__S072_R03,broad,0.2990897775219723
C025_V05_CHG_conservative_SPEED25_T480__S072_R03,conservative,1.1338928412125535
C025_V05_CHG_balanced_SPEED25_T480__S072_R04,balanced,1.1439069340842942
C025_V05_CHG_broad_SPEED25_T480__S072_R04,broad,1.1439069340842942
C025_V05_CHG_conservative_SPEED25_T480__S072_R04,conservative,3.856854346356573
C025_V05_CHG_balanced_SPEED25_T480__S072_R05,balanced,1.5141997808471852
C025_V05_CHG_broad_SPEED25_T480__S072_R05,broad,1.5141997808471852
C025_V05_CHG_conservative_SPEED25_T480__S072_R05,conservative,5.7984689633627005
C025_V01_CHG_balanced_SPEED25_T480__S073_R01,balanced,0.6901832228761544
C025_V01_CHG_broad_SPEED25_T480__S073_R01,broad,0.6901832228761544
C025_V01_CHG_conservative_SPEED25_T480__S073_R01,conservative,3.729978486284302
C025_V03_CHG_balanced_SPEED25_T480__S073_R01,balanced,0.6901832228761544
C025_V03_CHG_broad_SPEED25_T480__S073_R01,broad,0.6901832228761544
C025_V03_CHG_conservative_SPEED25_T480__S073_R01,conservative,3.997484443603043
C025_V03_CHG_balanced_SPEED25_T480__S073_R02,balanced,1.0896416853911686
C025_V03_CHG_broad_SPEED25_T480__S073_R02,broad,1.0896416853911686
C025_V03_CHG_conservative_SPEED25_T480__S073_R02,conservative,3.997484443603043
C025_V03_CHG_balanced_SPEED25_T480__S073_R03,balanced,0.9395454248832492
C025_V03_CHG_broad_SPEED25_T480__S073_R03,broad,0.9395454248832492
C025_V03_CHG_conservative_SPEED25_T480__S073_R03,conservative,3.729978486284302
C025_V05_CHG_balanced_SPEED25_T480__S073_R01,balanced,0.6901832228761544
C025_V05_CHG_broad_SPEED25_T480__S073_R01,broad,0.6901832228761544
C025_V05_CHG_conservative_SPEED25_T480__S073_R01,conservative,3.997484443603043
C025_V05_CHG_balanced_SPEED25_T480__S073_R02,balanced,1.0896416853911686
C025_V05_CHG_broad_SPEED25_T480__S073_R02,broad,1.0896416853911686
C025_V05_CHG_conservative_SPEED25_T480__S073_R02,conservative,3.997484443603043
C025_V05_CHG_balanced_SPEED25_T480__S073_R03,balanced,0.9395454248832492
C025_V05_CHG_broad_SPEED25_T480__S073_R03,broad,0.9395454248832492
C025_V05_CHG_conservative_SPEED25_T480__S073_R03,conservative,3.729978486284302
C025_V05_CHG_balanced_SPEED25_T480__S073_R04,balanced,1.8953493556751069
C025_V05_CHG_broad_SPEED25_T480__S073_R04,broad,1.8953493556751069
C025_V05_CHG_conservative_SPEED25_T480__S073_R04,conservative,3.997484443603043
C025_V05_CHG_balanced_SPEED25_T480__S073_R05,balanced,0.7011839430641332
C025_V05_CHG_broad_SPEED25_T480__S073_R05,broad,0.7011839430641332
C025_V05_CHG_conservative_SPEED25_T480__S073_R05,conservative,3.997484443603043
C025_V01_CHG_balanced_SPEED25_T480__S074_R01,balanced,0.6091172803488478
C025_V01_CHG_broad_SPEED25_T480__S074_R01,broad,0.6091172803488478
C025_V01_CHG_conservative_SPEED25_T480__S074_R01,conservative,0.7993199897309775
C025_V03_CHG_balanced_SPEED25_T480__S074_R01,balanced,0.6091172803488478
C025_V03_CHG_broad_SPEED25_T480__S074_R01,broad,0.6091172803488478
C025_V03_CHG_conservative_SPEED25_T480__S074_R01,conservative,0.7993199897309775
C025_V03_CHG_balanced_SPEED25_T480__S074_R02,balanced,0.6091172803488478
C025_V03_CHG_broad_SPEED25_T480__S074_R02,broad,0.6091172803488478
C025_V03_CHG_conservative_SPEED25_T480__S074_R02,conservative,3.5485885631550635
C025_V03_CHG_balanced_SPEED25_T480__S074_R03,balanced,0.6091172803488478
C025_V03_CHG_broad_SPEED25_T480__S074_R03,broad,0.6091172803488478
C025_V03_CHG_conservative_SPEED25_T480__S074_R03,conservative,9.193625612887944
C025_V05_CHG_balanced_SPEED25_T480__S074_R01,balanced,0.6091172803488478
C025_V05_CHG_broad_SPEED25_T480__S074_R01,broad,0.6091172803488478
C025_V05_CHG_conservative_SPEED25_T480__S074_R01,conservative,3.3252495540227844
C025_V05_CHG_balanced_SPEED25_T480__S074_R02,balanced,0.6091172803488478
C025_V05_CHG_broad_SPEED25_T480__S074_R02,broad,0.6091172803488478
C025_V05_CHG_conservative_SPEED25_T480__S074_R02,conservative,9.365699925312782
C025_V05_CHG_balanced_SPEED25_T480__S074_R03,balanced,0.6091172803488478
C025_V05_CHG_broad_SPEED25_T480__S074_R03,broad,0.6091172803488478
C025_V05_CHG_conservative_SPEED25_T480__S074_R03,conservative,9.193625612887944
C025_V05_CHG_balanced_SPEED25_T480__S074_R04,balanced,0.6091172803488478
C025_V05_CHG_broad_SPEED25_T480__S074_R04,broad,0.6091172803488478
C025_V05_CHG_conservative_SPEED25_T480__S074_R04,conservative,3.5485885631550635
C025_V05_CHG_balanced_SPEED25_T480__S074_R05,balanced,0.6091172803488478
C025_V05_CHG_broad_SPEED25_T480__S074_R05,broad,0.6091172803488478
C025_V05_CHG_conservative_SPEED25_T480__S074_R05,conservative,0.7993199897309775
C025_V01_CHG_balanced_SPEED25_T480__S075_R01,balanced,0.2791448158787398
C025_V01_CHG_broad_SPEED25_T480__S075_R01,broad,0.2791448158787398
C025_V01_CHG_conservative_SPEED25_T480__S075_R01,conservative,1.6701695017394644
C025_V03_CHG_balanced_SPEED25_T480__S075_R01,balanced,0.2791448158787398
C025_V03_CHG_broad_SPEED25_T480__S075_R01,broad,0.2791448158787398
C025_V03_CHG_conservative_SPEED25_T480__S075_R01,conservative,2.4093918056036765
C025_V03_CHG_balanced_SPEED25_T480__S075_R02,balanced,0.2878020033209206
C025_V03_CHG_broad_SPEED25_T480__S075_R02,broad,0.2878020033209206
C025_V03_CHG_conservative_SPEED25_T480__S075_R02,conservative,1.6701695017394644
C025_V03_CHG_balanced_SPEED25_T480__S075_R03,balanced,1.5589070819610455
C025_V03_CHG_broad_SPEED25_T480__S075_R03,broad,1.5589070819610455
C025_V03_CHG_conservative_SPEED25_T480__S075_R03,conservative,3.35425506883483
C025_V05_CHG_balanced_SPEED25_T480__S075_R01,balanced,0.8585060853807585
C025_V05_CHG_broad_SPEED25_T480__S075_R01,broad,0.8585060853807585
C025_V05_CHG_conservative_SPEED25_T480__S075_R01,conservative,3.997484443603043
C025_V05_CHG_balanced_SPEED25_T480__S075_R02,balanced,0.2791448158787398
C025_V05_CHG_broad_SPEED25_T480__S075_R02,broad,0.2791448158787398
C025_V05_CHG_conservative_SPEED25_T480__S075_R02,conservative,2.4093918056036765
C025_V05_CHG_balanced_SPEED25_T480__S075_R03,balanced,2.8278035297587483
C025_V05_CHG_broad_SPEED25_T480__S075_R03,broad,2.8278035297587483
C025_V05_CHG_conservative_SPEED25_T480__S075_R03,conservative,3.35425506883483
C025_V05_CHG_balanced_SPEED25_T480__S075_R04,balanced,0.2878020033209206
C025_V05_CHG_broad_SPEED25_T480__S075_R04,broad,0.2878020033209206
C025_V05_CHG_conservative_SPEED25_T480__S075_R04,conservative,1.6701695017394644
C025_V05_CHG_balanced_SPEED25_T480__S075_R05,balanced,2.6886601983986864
C025_V05_CHG_broad_SPEED25_T480__S075_R05,broad,2.6886601983986864
C025_V05_CHG_conservative_SPEED25_T480__S075_R05,conservative,3.997484443603043
C025_V01_CHG_balanced_SPEED25_T480__S076_R01,balanced,0.2878020033209206
C025_V01_CHG_broad_SPEED25_T480__S076_R01,broad,0.2878020033209206
C025_V01_CHG_conservative_SPEED25_T480__S076_R01,conservative,1.6701695017394644
C025_V03_CHG_balanced_SPEED25_T480__S076_R01,balanced,0.7359496312699696
C025_V03_CHG_broad_SPEED25_T480__S076_R01,broad,0.7359496312699696
C025_V03_CHG_conservative_SPEED25_T480__S076_R01,conservative,3.978582259210018
C025_V03_CHG_balanced_SPEED25_T480__S076_R02,balanced,0.7359496312699696
C025_V03_CHG_broad_SPEED25_T480__S076_R02,broad,0.7359496312699696
C025_V03_CHG_conservative_SPEED25_T480__S076_R02,conservative,2.44875495710403
C025_V03_CHG_balanced_SPEED25_T480__S076_R03,balanced,0.2878020033209206
C025_V03_CHG_broad_SPEED25_T480__S076_R03,broad,0.2878020033209206
C025_V03_CHG_conservative_SPEED25_T480__S076_R03,conservative,1.6701695017394644
C025_V05_CHG_balanced_SPEED25_T480__S076_R01,balanced,0.7359496312699696
C025_V05_CHG_broad_SPEED25_T480__S076_R01,broad,0.7359496312699696
C025_V05_CHG_conservative_SPEED25_T480__S076_R01,conservative,3.978582259210018
C025_V05_CHG_balanced_SPEED25_T480__S076_R02,balanced,0.7359496312699696
C025_V05_CHG_broad_SPEED25_T480__S076_R02,broad,0.7359496312699696
C025_V05_CHG_conservative_SPEED25_T480__S076_R02,conservative,3.04123554010479
C025_V05_CHG_balanced_SPEED25_T480__S076_R03,balanced,0.7359496312699696
C025_V05_CHG_broad_SPEED25_T480__S076_R03,broad,0.7359496312699696
C025_V05_CHG_conservative_SPEED25_T480__S076_R03,conservative,2.44875495710403
C025_V05_CHG_balanced_SPEED25_T480__S076_R04,balanced,0.7359496312699696
C025_V05_CHG_broad_SPEED25_T480__S076_R04,broad,0.7359496312699696
C025_V05_CHG_conservative_SPEED25_T480__S076_R04,conservative,3.978582259210018
C025_V05_CHG_balanced_SPEED25_T480__S076_R05,balanced,0.2878020033209206
C025_V05_CHG_broad_SPEED25_T480__S076_R05,broad,0.2878020033209206
C025_V05_CHG_conservative_SPEED25_T480__S076_R05,conservative,1.6701695017394644
C025_V01_CHG_balanced_SPEED25_T480__S077_R01,balanced,0.3862586442447059
C025_V01_CHG_broad_SPEED25_T480__S077_R01,broad,0.3862586442447059
C025_V01_CHG_conservative_SPEED25_T480__S077_R01,conservative,1.9667617146344
C025_V03_CHG_balanced_SPEED25_T480__S077_R01,balanced,0.9468688525189464
C025_V03_CHG_broad_SPEED25_T480__S077_R01,broad,0.9468688525189464
C025_V03_CHG_conservative_SPEED25_T480__S077_R01,conservative,2.944829332887127
C025_V03_CHG_balanced_SPEED25_T480__S077_R02,balanced,0.9395454248832492
C025_V03_CHG_broad_SPEED25_T480__S077_R02,broad,0.9395454248832492
C025_V03_CHG_conservative_SPEED25_T480__S077_R02,conservative,1.9667617146344
C025_V03_CHG_balanced_SPEED25_T480__S077_R03,balanced,0.3862586442447059
C025_V03_CHG_broad_SPEED25_T480__S077_R03,broad,0.3862586442447059
C025_V03_CHG_conservative_SPEED25_T480__S077_R03,conservative,3.4733680284183492
C025_V05_CHG_balanced_SPEED25_T480__S077_R01,balanced,0.3862586442447059
C025_V05_CHG_broad_SPEED25_T480__S077_R01,broad,0.3862586442447059
C025_V05_CHG_conservative_SPEED25_T480__S077_R01,conservative,3.4733680284183492
C025_V05_CHG_balanced_SPEED25_T480__S077_R02,balanced,0.9468688525189464
C025_V05_CHG_broad_SPEED25_T480__S077_R02,broad,0.9468688525189464
C025_V05_CHG_conservative_SPEED25_T480__S077_R02,conservative,2.944829332887127
C025_V05_CHG_balanced_SPEED25_T480__S077_R03,balanced,1.5189319283086613
C025_V05_CHG_broad_SPEED25_T480__S077_R03,broad,1.5189319283086613
C025_V05_CHG_conservative_SPEED25_T480__S077_R03,conservative,1.9667617146344
C025_V05_CHG_balanced_SPEED25_T480__S077_R04,balanced,0.9395454248832492
C025_V05_CHG_broad_SPEED25_T480__S077_R04,broad,0.9395454248832492
C025_V05_CHG_conservative_SPEED25_T480__S077_R04,conservative,3.997484443603043
C025_V05_CHG_balanced_SPEED25_T480__S077_R05,balanced,2.8278035297587483
C025_V05_CHG_broad_SPEED25_T480__S077_R05,broad,2.8278035297587483
C025_V05_CHG_conservative_SPEED25_T480__S077_R05,conservative,3.997484443603043
C025_V01_CHG_balanced_SPEED25_T480__S078_R01,balanced,0.7359496312699696
C025_V01_CHG_broad_SPEED25_T480__S078_R01,broad,0.7359496312699696
C025_V01_CHG_conservative_SPEED25_T480__S078_R01,conservative,3.119724580436108
C025_V03_CHG_balanced_SPEED25_T480__S078_R01,balanced,0.7359496312699696
C025_V03_CHG_broad_SPEED25_T480__S078_R01,broad,0.7359496312699696
C025_V03_CHG_conservative_SPEED25_T480__S078_R01,conservative,3.978582259210018
C025_V03_CHG_balanced_SPEED25_T480__S078_R02,balanced,0.7359496312699696
C025_V03_CHG_broad_SPEED25_T480__S078_R02,broad,0.7359496312699696
C025_V03_CHG_conservative_SPEED25_T480__S078_R02,conservative,3.119724580436108
C025_V03_CHG_balanced_SPEED25_T480__S078_R03,balanced,0.7359496312699696
C025_V03_CHG_broad_SPEED25_T480__S078_R03,broad,0.7359496312699696
C025_V03_CHG_conservative_SPEED25_T480__S078_R03,conservative,3.5874390255770425
C025_V05_CHG_balanced_SPEED25_T480__S078_R01,balanced,0.7359496312699696
C025_V05_CHG_broad_SPEED25_T480__S078_R01,broad,0.7359496312699696
C025_V05_CHG_conservative_SPEED25_T480__S078_R01,conservative,3.119724580436108
C025_V05_CHG_balanced_SPEED25_T480__S078_R02,balanced,0.7359496312699696
C025_V05_CHG_broad_SPEED25_T480__S078_R02,broad,0.7359496312699696
C025_V05_CHG_conservative_SPEED25_T480__S078_R02,conservative,3.978582259210018
C025_V05_CHG_balanced_SPEED25_T480__S078_R03,balanced,0.7359496312699696
C025_V05_CHG_broad_SPEED25_T480__S078_R03,broad,0.7359496312699696
C025_V05_CHG_conservative_SPEED25_T480__S078_R03,conservative,3.953892826318448
C025_V05_CHG_balanced_SPEED25_T480__S078_R04,balanced,0.7359496312699696
C025_V05_CHG_broad_SPEED25_T480__S078_R04,broad,0.7359496312699696
C025_V05_CHG_conservative_SPEED25_T480__S078_R04,conservative,3.5874390255770425
C025_V05_CHG_balanced_SPEED25_T480__S078_R05,balanced,0.7359496312699696
C025_V05_CHG_broad_SPEED25_T480__S078_R05,broad,0.7359496312699696
C025_V05_CHG_conservative_SPEED25_T480__S078_R05,conservative,3.978582259210018
C025_V01_CHG_balanced_SPEED25_T480__S079_R01,balanced,0.0778862617814197
C025_V01_CHG_broad_SPEED25_T480__S079_R01,broad,0.0778862617814197
C025_V01_CHG_conservative_SPEED25_T480__S079_R01,conservative,1.9699687391354936
C025_V03_CHG_balanced_SPEED25_T480__S079_R01,balanced,1.8736753961244483
C025_V03_CHG_broad_SPEED25_T480__S079_R01,broad,1.8736753961244483
C025_V03_CHG_conservative_SPEED25_T480__S079_R01,conservative,3.997484443603043
C025_V03_CHG_balanced_SPEED25_T480__S079_R02,balanced,0.4931926415412813
C025_V03_CHG_broad_SPEED25_T480__S079_R02,broad,0.4931926415412813
C025_V03_CHG_conservative_SPEED25_T480__S079_R02,conservative,2.2810122801853976
C025_V03_CHG_balanced_SPEED25_T480__S079_R03,balanced,0.0778862617814197
C025_V03_CHG_broad_SPEED25_T480__S079_R03,broad,0.0778862617814197
C025_V03_CHG_conservative_SPEED25_T480__S079_R03,conservative,1.9699687391354936
C025_V05_CHG_balanced_SPEED25_T480__S079_R01,balanced,0.0778862617814197
C025_V05_CHG_broad_SPEED25_T480__S079_R01,broad,0.0778862617814197
C025_V05_CHG_conservative_SPEED25_T480__S079_R01,conservative,1.9699687391354936
C025_V05_CHG_balanced_SPEED25_T480__S079_R02,balanced,1.994214938766009
C025_V05_CHG_broad_SPEED25_T480__S079_R02,broad,1.994214938766009
C025_V05_CHG_conservative_SPEED25_T480__S079_R02,conservative,3.997484443603043
C025_V05_CHG_balanced_SPEED25_T480__S079_R03,balanced,0.4931926415412813
C025_V05_CHG_broad_SPEED25_T480__S079_R03,broad,0.4931926415412813
C025_V05_CHG_conservative_SPEED25_T480__S079_R03,conservative,2.2810122801853976
C025_V05_CHG_balanced_SPEED25_T480__S079_R04,balanced,1.8736753961244483
C025_V05_CHG_broad_SPEED25_T480__S079_R04,broad,1.8736753961244483
C025_V05_CHG_conservative_SPEED25_T480__S079_R04,conservative,3.997484443603043
C025_V05_CHG_balanced_SPEED25_T480__S079_R05,balanced,2.228352655958307
C025_V05_CHG_broad_SPEED25_T480__S079_R05,broad,2.228352655958307
C025_V05_CHG_conservative_SPEED25_T480__S079_R05,conservative,3.997484443603043
C025_V01_CHG_balanced_SPEED25_T480__S080_R01,balanced,0.6970489474337966
C025_V01_CHG_broad_SPEED25_T480__S080_R01,broad,0.6970489474337966
C025_V01_CHG_conservative_SPEED25_T480__S080_R01,conservative,1.7657077346041483
C025_V03_CHG_balanced_SPEED25_T480__S080_R01,balanced,1.8299655763362497
C025_V03_CHG_broad_SPEED25_T480__S080_R01,broad,1.8299655763362497
C025_V03_CHG_conservative_SPEED25_T480__S080_R01,conservative,3.997484443603043
C025_V03_CHG_balanced_SPEED25_T480__S080_R02,balanced,0.6970489474337966
C025_V03_CHG_broad_SPEED25_T480__S080_R02,broad,0.6970489474337966
C025_V03_CHG_conservative_SPEED25_T480__S080_R02,conservative,1.7657077346041483
C025_V03_CHG_balanced_SPEED25_T480__S080_R03,balanced,0.8544372435260529
C025_V03_CHG_broad_SPEED25_T480__S080_R03,broad,0.8544372435260529
C025_V03_CHG_conservative_SPEED25_T480__S080_R03,conservative,3.997484443603043
C025_V05_CHG_balanced_SPEED25_T480__S080_R01,balanced,1.8299655763362497
C025_V05_CHG_broad_SPEED25_T480__S080_R01,broad,1.8299655763362497
C025_V05_CHG_conservative_SPEED25_T480__S080_R01,conservative,3.997484443603043
C025_V05_CHG_balanced_SPEED25_T480__S080_R02,balanced,0.6970489474337966
C025_V05_CHG_broad_SPEED25_T480__S080_R02,broad,0.6970489474337966
C025_V05_CHG_conservative_SPEED25_T480__S080_R02,conservative,1.7657077346041483
C025_V05_CHG_balanced_SPEED25_T480__S080_R03,balanced,1.3703101499460388
C025_V05_CHG_broad_SPEED25_T480__S080_R03,broad,1.3703101499460388
C025_V05_CHG_conservative_SPEED25_T480__S080_R03,conservative,3.997484443603043
C025_V05_CHG_balanced_SPEED25_T480__S080_R04,balanced,0.8544372435260529
C025_V05_CHG_broad_SPEED25_T480__S080_R04,broad,0.8544372435260529
C025_V05_CHG_conservative_SPEED25_T480__S080_R04,conservative,3.997484443603043
C025_V05_CHG_balanced_SPEED25_T480__S080_R05,balanced,1.0434312003976038
C025_V05_CHG_broad_SPEED25_T480__S080_R05,broad,1.0434312003976038
C025_V05_CHG_conservative_SPEED25_T480__S080_R05,conservative,3.997484443603043
C025_V01_CHG_balanced_SPEED25_T480__S081_R01,balanced,0.5876786699566682
C025_V01_CHG_broad_SPEED25_T480__S081_R01,broad,0.5876786699566682
C025_V01_CHG_conservative_SPEED25_T480__S081_R01,conservative,0.7744312172826395
C025_V03_CHG_balanced_SPEED25_T480__S081_R01,balanced,0.5876786699566682
C025_V03_CHG_broad_SPEED25_T480__S081_R01,broad,0.5876786699566682
C025_V03_CHG_conservative_SPEED25_T480__S081_R01,conservative,0.7744312172826395
C025_V03_CHG_balanced_SPEED25_T480__S081_R02,balanced,1.2953166236887106
C025_V03_CHG_broad_SPEED25_T480__S081_R02,broad,1.2953166236887106
C025_V03_CHG_conservative_SPEED25_T480__S081_R02,conservative,3.997484443603043
C025_V03_CHG_balanced_SPEED25_T480__S081_R03,balanced,0.6322198666733079
C025_V03_CHG_broad_SPEED25_T480__S081_R03,broad,0.6322198666733079
C025_V03_CHG_conservative_SPEED25_T480__S081_R03,conservative,3.997484443603043
C025_V05_CHG_balanced_SPEED25_T480__S081_R01,balanced,1.2953166236887106
C025_V05_CHG_broad_SPEED25_T480__S081_R01,broad,1.2953166236887106
C025_V05_CHG_conservative_SPEED25_T480__S081_R01,conservative,3.997484443603043
C025_V05_CHG_balanced_SPEED25_T480__S081_R02,balanced,0.6322198666733079
C025_V05_CHG_broad_SPEED25_T480__S081_R02,broad,0.6322198666733079
C025_V05_CHG_conservative_SPEED25_T480__S081_R02,conservative,3.997484443603043
C025_V05_CHG_balanced_SPEED25_T480__S081_R03,balanced,1.5842090251059668
C025_V05_CHG_broad_SPEED25_T480__S081_R03,broad,1.5842090251059668
C025_V05_CHG_conservative_SPEED25_T480__S081_R03,conservative,3.997484443603043
C025_V05_CHG_balanced_SPEED25_T480__S081_R04,balanced,0.5876786699566682
C025_V05_CHG_broad_SPEED25_T480__S081_R04,broad,0.5876786699566682
C025_V05_CHG_conservative_SPEED25_T480__S081_R04,conservative,0.7744312172826395
C025_V05_CHG_balanced_SPEED25_T480__S081_R05,balanced,2.052969431180502
C025_V05_CHG_broad_SPEED25_T480__S081_R05,broad,2.052969431180502
C025_V05_CHG_conservative_SPEED25_T480__S081_R05,conservative,3.997484443603043
C025_V01_CHG_balanced_SPEED25_T480__S082_R01,balanced,0.4745577807654347
C025_V01_CHG_broad_SPEED25_T480__S082_R01,broad,0.4745577807654347
C025_V01_CHG_conservative_SPEED25_T480__S082_R01,conservative,1.625574032061888
C025_V03_CHG_balanced_SPEED25_T480__S082_R01,balanced,0.7456747402892555
C025_V03_CHG_broad_SPEED25_T480__S082_R01,broad,0.7456747402892555
C025_V03_CHG_conservative_SPEED25_T480__S082_R01,conservative,3.997484443603043
C025_V03_CHG_balanced_SPEED25_T480__S082_R02,balanced,1.117674258211852
C025_V03_CHG_broad_SPEED25_T480__S082_R02,broad,1.117674258211852
C025_V03_CHG_conservative_SPEED25_T480__S082_R02,conservative,1.7444076342411805
C025_V03_CHG_balanced_SPEED25_T480__S082_R03,balanced,0.4745577807654347
C025_V03_CHG_broad_SPEED25_T480__S082_R03,broad,0.4745577807654347
C025_V03_CHG_conservative_SPEED25_T480__S082_R03,conservative,1.625574032061888
C025_V05_CHG_balanced_SPEED25_T480__S082_R01,balanced,1.117674258211852
C025_V05_CHG_broad_SPEED25_T480__S082_R01,broad,1.117674258211852
C025_V05_CHG_conservative_SPEED25_T480__S082_R01,conservative,3.997484443603043
C025_V05_CHG_balanced_SPEED25_T480__S082_R02,balanced,0.4745577807654347
C025_V05_CHG_broad_SPEED25_T480__S082_R02,broad,0.4745577807654347
C025_V05_CHG_conservative_SPEED25_T480__S082_R02,conservative,1.625574032061888
C025_V05_CHG_balanced_SPEED25_T480__S082_R03,balanced,0.7459682120426457
C025_V05_CHG_broad_SPEED25_T480__S082_R03,broad,0.7459682120426457
C025_V05_CHG_conservative_SPEED25_T480__S082_R03,conservative,3.997484443603043
C025_V05_CHG_balanced_SPEED25_T480__S082_R04,balanced,0.7456747402892555
C025_V05_CHG_broad_SPEED25_T480__S082_R04,broad,0.7456747402892555
C025_V05_CHG_conservative_SPEED25_T480__S082_R04,conservative,3.997484443603043
C025_V05_CHG_balanced_SPEED25_T480__S082_R05,balanced,1.2248741346356355
C025_V05_CHG_broad_SPEED25_T480__S082_R05,broad,1.2248741346356355
C025_V05_CHG_conservative_SPEED25_T480__S082_R05,conservative,1.7444076342411805
C025_V01_CHG_balanced_SPEED25_T480__S083_R01,balanced,0.1217276985426093
C025_V01_CHG_broad_SPEED25_T480__S083_R01,broad,0.1217276985426093
C025_V01_CHG_conservative_SPEED25_T480__S083_R01,conservative,1.9699687391354936
C025_V03_CHG_balanced_SPEED25_T480__S083_R01,balanced,1.1215783796475018
C025_V03_CHG_broad_SPEED25_T480__S083_R01,broad,1.1215783796475018
C025_V03_CHG_conservative_SPEED25_T480__S083_R01,conservative,2.0409987949067707
C025_V03_CHG_balanced_SPEED25_T480__S083_R02,balanced,1.070661421235612
C025_V03_CHG_broad_SPEED25_T480__S083_R02,broad,1.070661421235612
C025_V03_CHG_conservative_SPEED25_T480__S083_R02,conservative,2.1420113131790264
C025_V03_CHG_balanced_SPEED25_T480__S083_R03,balanced,0.1217276985426093
C025_V03_CHG_broad_SPEED25_T480__S083_R03,broad,0.1217276985426093
C025_V03_CHG_conservative_SPEED25_T480__S083_R03,conservative,1.9699687391354936
C025_V05_CHG_balanced_SPEED25_T480__S083_R01,balanced,0.1217276985426093
C025_V05_CHG_broad_SPEED25_T480__S083_R01,broad,0.1217276985426093
C025_V05_CHG_conservative_SPEED25_T480__S083_R01,conservative,1.9699687391354936
C025_V05_CHG_balanced_SPEED25_T480__S083_R02,balanced,1.1215783796475018
C025_V05_CHG_broad_SPEED25_T480__S083_R02,broad,1.1215783796475018
C025_V05_CHG_conservative_SPEED25_T480__S083_R02,conservative,2.0409987949067707
C025_V05_CHG_balanced_SPEED25_T480__S083_R03,balanced,1.208737535018466
C025_V05_CHG_broad_SPEED25_T480__S083_R03,broad,1.208737535018466
C025_V05_CHG_conservative_SPEED25_T480__S083_R03,conservative,2.1420113131790264
C025_V05_CHG_balanced_SPEED25_T480__S083_R04,balanced,2.228928812629044
C025_V05_CHG_broad_SPEED25_T480__S083_R04,broad,2.228928812629044
C025_V05_CHG_conservative_SPEED25_T480__S083_R04,conservative,9.63964296283562
C025_V05_CHG_balanced_SPEED25_T480__S083_R05,balanced,0.4462940168429167
C025_V05_CHG_broad_SPEED25_T480__S083_R05,broad,0.4462940168429167
C025_V05_CHG_conservative_SPEED25_T480__S083_R05,conservative,7.879911817853003
C025_V01_CHG_balanced_SPEED25_T480__S084_R01,balanced,0.143648371358786
C025_V01_CHG_broad_SPEED25_T480__S084_R01,broad,0.143648371358786
C025_V01_CHG_conservative_SPEED25_T480__S084_R01,conservative,2.4916827668767896
C025_V03_CHG_balanced_SPEED25_T480__S084_R01,balanced,0.143648371358786
C025_V03_CHG_broad_SPEED25_T480__S084_R01,broad,0.143648371358786
C025_V03_CHG_conservative_SPEED25_T480__S084_R01,conservative,2.4916827668767896
C025_V03_CHG_balanced_SPEED25_T480__S084_R02,balanced,0.2205156314805898
C025_V03_CHG_broad_SPEED25_T480__S084_R02,broad,0.2205156314805898
C025_V03_CHG_conservative_SPEED25_T480__S084_R02,conservative,3.0709785022805836
C025_V03_CHG_balanced_SPEED25_T480__S084_R03,balanced,2.8278035297587483
C025_V03_CHG_broad_SPEED25_T480__S084_R03,broad,2.8278035297587483
C025_V03_CHG_conservative_SPEED25_T480__S084_R03,conservative,3.997484443603043
C025_V05_CHG_balanced_SPEED25_T480__S084_R01,balanced,0.942165430256307
C025_V05_CHG_broad_SPEED25_T480__S084_R01,broad,0.942165430256307
C025_V05_CHG_conservative_SPEED25_T480__S084_R01,conservative,2.4916827668767896
C025_V05_CHG_balanced_SPEED25_T480__S084_R02,balanced,0.5632371125637676
C025_V05_CHG_broad_SPEED25_T480__S084_R02,broad,0.5632371125637676
C025_V05_CHG_conservative_SPEED25_T480__S084_R02,conservative,3.0709785022805836
C025_V05_CHG_balanced_SPEED25_T480__S084_R03,balanced,0.143648371358786
C025_V05_CHG_broad_SPEED25_T480__S084_R03,broad,0.143648371358786
C025_V05_CHG_conservative_SPEED25_T480__S084_R03,conservative,3.997484443603043
C025_V05_CHG_balanced_SPEED25_T480__S084_R04,balanced,0.2205156314805898
C025_V05_CHG_broad_SPEED25_T480__S084_R04,broad,0.2205156314805898
C025_V05_CHG_conservative_SPEED25_T480__S084_R04,conservative,3.258046314623541
C025_V05_CHG_balanced_SPEED25_T480__S084_R05,balanced,2.8278035297587483
C025_V05_CHG_broad_SPEED25_T480__S084_R05,broad,2.8278035297587483
C025_V05_CHG_conservative_SPEED25_T480__S084_R05,conservative,3.997484443603043
C025_V01_CHG_balanced_SPEED25_T480__S085_R01,balanced,0.5292907198304598
C025_V01_CHG_broad_SPEED25_T480__S085_R01,broad,0.5292907198304598
C025_V01_CHG_conservative_SPEED25_T480__S085_R01,conservative,2.7466729489480164
C025_V03_CHG_balanced_SPEED25_T480__S085_R01,balanced,1.0048641213410408
C025_V03_CHG_broad_SPEED25_T480__S085_R01,broad,1.0048641213410408
C025_V03_CHG_conservative_SPEED25_T480__S085_R01,conservative,3.0875648264281046
C025_V03_CHG_balanced_SPEED25_T480__S085_R02,balanced,0.5464125299898936
C025_V03_CHG_broad_SPEED25_T480__S085_R02,broad,0.5464125299898936
C025_V03_CHG_conservative_SPEED25_T480__S085_R02,conservative,2.7466729489480164
C025_V03_CHG_balanced_SPEED25_T480__S085_R03,balanced,0.5292907198304598
C025_V03_CHG_broad_SPEED25_T480__S085_R03,broad,0.5292907198304598
C025_V03_CHG_conservative_SPEED25_T480__S085_R03,conservative,2.845787982956924
C025_V05_CHG_balanced_SPEED25_T480__S085_R01,balanced,0.5464125299898936
C025_V05_CHG_broad_SPEED25_T480__S085_R01,broad,0.5464125299898936
C025_V05_CHG_conservative_SPEED25_T480__S085_R01,conservative,2.7466729489480164
C025_V05_CHG_balanced_SPEED25_T480__S085_R02,balanced,0.5292907198304598
C025_V05_CHG_broad_SPEED25_T480__S085_R02,broad,0.5292907198304598
C025_V05_CHG_conservative_SPEED25_T480__S085_R02,conservative,2.845787982956924
C025_V05_CHG_balanced_SPEED25_T480__S085_R03,balanced,1.5189319283086613
C025_V05_CHG_broad_SPEED25_T480__S085_R03,broad,1.5189319283086613
C025_V05_CHG_conservative_SPEED25_T480__S085_R03,conservative,3.0875648264281046
C025_V05_CHG_balanced_SPEED25_T480__S085_R04,balanced,2.8278035297587483
C025_V05_CHG_broad_SPEED25_T480__S085_R04,broad,2.8278035297587483
C025_V05_CHG_conservative_SPEED25_T480__S085_R04,conservative,3.997484443603043
C025_V05_CHG_balanced_SPEED25_T480__S085_R05,balanced,1.0048641213410408
C025_V05_CHG_broad_SPEED25_T480__S085_R05,broad,1.0048641213410408
C025_V05_CHG_conservative_SPEED25_T480__S085_R05,conservative,3.997484443603043
C025_V01_CHG_balanced_SPEED25_T480__S086_R01,balanced,0.2323180486160757
C025_V01_CHG_broad_SPEED25_T480__S086_R01,broad,0.2323180486160757
C025_V01_CHG_conservative_SPEED25_T480__S086_R01,conservative,2.9298360539790345
C025_V03_CHG_balanced_SPEED25_T480__S086_R01,balanced,0.2323180486160757
C025_V03_CHG_broad_SPEED25_T480__S086_R01,broad,0.2323180486160757
C025_V03_CHG_conservative_SPEED25_T480__S086_R01,conservative,3.997484443603043
C025_V03_CHG_balanced_SPEED25_T480__S086_R02,balanced,0.9884729166256844
C025_V03_CHG_broad_SPEED25_T480__S086_R02,broad,0.9884729166256844
C025_V03_CHG_conservative_SPEED25_T480__S086_R02,conservative,2.9298360539790345
C025_V03_CHG_balanced_SPEED25_T480__S086_R03,balanced,0.8357263678125868
C025_V03_CHG_broad_SPEED25_T480__S086_R03,broad,0.8357263678125868
C025_V03_CHG_conservative_SPEED25_T480__S086_R03,conservative,3.4899978867887658
C025_V05_CHG_balanced_SPEED25_T480__S086_R01,balanced,0.6356501290029493
C025_V05_CHG_broad_SPEED25_T480__S086_R01,broad,0.6356501290029493
C025_V05_CHG_conservative_SPEED25_T480__S086_R01,conservative,3.997484443603043
C025_V05_CHG_balanced_SPEED25_T480__S086_R02,balanced,2.519897024892977
C025_V05_CHG_broad_SPEED25_T480__S086_R02,broad,2.519897024892977
C025_V05_CHG_conservative_SPEED25_T480__S086_R02,conservative,3.4899978867887658
C025_V05_CHG_balanced_SPEED25_T480__S086_R03,balanced,0.9884729166256844
C025_V05_CHG_broad_SPEED25_T480__S086_R03,broad,0.9884729166256844
C025_V05_CHG_conservative_SPEED25_T480__S086_R03,conservative,2.9298360539790345
C025_V05_CHG_balanced_SPEED25_T480__S086_R04,balanced,2.8278035297587483
C025_V05_CHG_broad_SPEED25_T480__S086_R04,broad,2.8278035297587483
C025_V05_CHG_conservative_SPEED25_T480__S086_R04,conservative,3.997484443603043
C025_V05_CHG_balanced_SPEED25_T480__S086_R05,balanced,0.2323180486160757
C025_V05_CHG_broad_SPEED25_T480__S086_R05,broad,0.2323180486160757
C025_V05_CHG_conservative_SPEED25_T480__S086_R05,conservative,3.997484443603043
C025_V01_CHG_balanced_SPEED25_T480__S087_R01,balanced,0.4258739562534246
C025_V01_CHG_broad_SPEED25_T480__S087_R01,broad,0.4258739562534246
C025_V01_CHG_conservative_SPEED25_T480__S087_R01,conservative,1.5340423119891098
C025_V03_CHG_balanced_SPEED25_T480__S087_R01,balanced,0.4258739562534246
C025_V03_CHG_broad_SPEED25_T480__S087_R01,broad,0.4258739562534246
C025_V03_CHG_conservative_SPEED25_T480__S087_R01,conservative,2.689242976140375
C025_V03_CHG_balanced_SPEED25_T480__S087_R02,balanced,0.856995464822944
C025_V03_CHG_broad_SPEED25_T480__S087_R02,broad,0.856995464822944
C025_V03_CHG_conservative_SPEED25_T480__S087_R02,conservative,1.5340423119891098
C025_V03_CHG_balanced_SPEED25_T480__S087_R03,balanced,0.784690525637382
C025_V03_CHG_broad_SPEED25_T480__S087_R03,broad,0.784690525637382
C025_V03_CHG_conservative_SPEED25_T480__S087_R03,conservative,1.8062741910837812
C025_V05_CHG_balanced_SPEED25_T480__S087_R01,balanced,0.4258739562534246
C025_V05_CHG_broad_SPEED25_T480__S087_R01,broad,0.4258739562534246
C025_V05_CHG_conservative_SPEED25_T480__S087_R01,conservative,2.689242976140375
C025_V05_CHG_balanced_SPEED25_T480__S087_R02,balanced,1.4856794092426815
C025_V05_CHG_broad_SPEED25_T480__S087_R02,broad,1.4856794092426815
C025_V05_CHG_conservative_SPEED25_T480__S087_R02,conservative,1.5340423119891098
C025_V05_CHG_balanced_SPEED25_T480__S087_R03,balanced,0.784690525637382
C025_V05_CHG_broad_SPEED25_T480__S087_R03,broad,0.784690525637382
C025_V05_CHG_conservative_SPEED25_T480__S087_R03,conservative,5.9637509760609175
C025_V05_CHG_balanced_SPEED25_T480__S087_R04,balanced,0.856995464822944
C025_V05_CHG_broad_SPEED25_T480__S087_R04,broad,0.856995464822944
C025_V05_CHG_conservative_SPEED25_T480__S087_R04,conservative,1.6159023340118424
C025_V05_CHG_balanced_SPEED25_T480__S087_R05,balanced,0.8725366078528624
C025_V05_CHG_broad_SPEED25_T480__S087_R05,broad,0.8725366078528624
C025_V05_CHG_conservative_SPEED25_T480__S087_R05,conservative,1.8062741910837812
C025_V01_CHG_balanced_SPEED25_T480__S088_R01,balanced,0.47149492034831
C025_V01_CHG_broad_SPEED25_T480__S088_R01,broad,0.47149492034831
C025_V01_CHG_conservative_SPEED25_T480__S088_R01,conservative,0.7744312172826395
C025_V03_CHG_balanced_SPEED25_T480__S088_R01,balanced,0.5432509592642085
C025_V03_CHG_broad_SPEED25_T480__S088_R01,broad,0.5432509592642085
C025_V03_CHG_conservative_SPEED25_T480__S088_R01,conservative,0.7744312172826395
C025_V03_CHG_balanced_SPEED25_T480__S088_R02,balanced,0.5185098529277135
C025_V03_CHG_broad_SPEED25_T480__S088_R02,broad,0.5185098529277135
C025_V03_CHG_conservative_SPEED25_T480__S088_R02,conservative,1.3442267483953234
C025_V03_CHG_balanced_SPEED25_T480__S088_R03,balanced,0.47149492034831
C025_V03_CHG_broad_SPEED25_T480__S088_R03,broad,0.47149492034831
C025_V03_CHG_conservative_SPEED25_T480__S088_R03,conservative,3.997484443603043
C025_V05_CHG_balanced_SPEED25_T480__S088_R01,balanced,0.5185098529277135
C025_V05_CHG_broad_SPEED25_T480__S088_R01,broad,0.5185098529277135
C025_V05_CHG_conservative_SPEED25_T480__S088_R01,conservative,1.4469118399338807
C025_V05_CHG_balanced_SPEED25_T480__S088_R02,balanced,0.5432509592642085
C025_V05_CHG_broad_SPEED25_T480__S088_R02,broad,0.5432509592642085
C025_V05_CHG_conservative_SPEED25_T480__S088_R02,conservative,0.7744312172826395
C025_V05_CHG_balanced_SPEED25_T480__S088_R03,balanced,0.47149492034831
C025_V05_CHG_broad_SPEED25_T480__S088_R03,broad,0.47149492034831
C025_V05_CHG_conservative_SPEED25_T480__S088_R03,conservative,3.997484443603043
C025_V05_CHG_balanced_SPEED25_T480__S088_R04,balanced,1.1683169948482397
C025_V05_CHG_broad_SPEED25_T480__S088_R04,broad,1.1683169948482397
C025_V05_CHG_conservative_SPEED25_T480__S088_R04,conservative,1.3442267483953234
C025_V05_CHG_balanced_SPEED25_T480__S088_R05,balanced,1.4467722503165137
C025_V05_CHG_broad_SPEED25_T480__S088_R05,broad,1.4467722503165137
C025_V05_CHG_conservative_SPEED25_T480__S088_R05,conservative,3.997484443603043
C025_V01_CHG_balanced_SPEED25_T480__S089_R01,balanced,0.2360904916428015
C025_V01_CHG_broad_SPEED25_T480__S089_R01,broad,0.2360904916428015
C025_V01_CHG_conservative_SPEED25_T480__S089_R01,conservative,0.2360904916428015
C025_V03_CHG_balanced_SPEED25_T480__S089_R01,balanced,0.3961059242955773
C025_V03_CHG_broad_SPEED25_T480__S089_R01,broad,0.3961059242955773
C025_V03_CHG_conservative_SPEED25_T480__S089_R01,conservative,0.3961059242955773
C025_V03_CHG_balanced_SPEED25_T480__S089_R02,balanced,0.2360904916428015
C025_V03_CHG_broad_SPEED25_T480__S089_R02,broad,0.2360904916428015
C025_V03_CHG_conservative_SPEED25_T480__S089_R02,conservative,0.2360904916428015
C025_V03_CHG_balanced_SPEED25_T480__S089_R03,balanced,0.2697296211981738
C025_V03_CHG_broad_SPEED25_T480__S089_R03,broad,0.2697296211981738
C025_V03_CHG_conservative_SPEED25_T480__S089_R03,conservative,3.997484443603043
C025_V05_CHG_balanced_SPEED25_T480__S089_R01,balanced,0.3961059242955773
C025_V05_CHG_broad_SPEED25_T480__S089_R01,broad,0.3961059242955773
C025_V05_CHG_conservative_SPEED25_T480__S089_R01,conservative,0.3961059242955773
C025_V05_CHG_balanced_SPEED25_T480__S089_R02,balanced,0.2360904916428015
C025_V05_CHG_broad_SPEED25_T480__S089_R02,broad,0.2360904916428015
C025_V05_CHG_conservative_SPEED25_T480__S089_R02,conservative,0.2360904916428015
C025_V05_CHG_balanced_SPEED25_T480__S089_R03,balanced,0.2697296211981738
C025_V05_CHG_broad_SPEED25_T480__S089_R03,broad,0.2697296211981738
C025_V05_CHG_conservative_SPEED25_T480__S089_R03,conservative,3.997484443603043
C025_V05_CHG_balanced_SPEED25_T480__S089_R04,balanced,1.5796745999666508
C025_V05_CHG_broad_SPEED25_T480__S089_R04,broad,1.5796745999666508
C025_V05_CHG_conservative_SPEED25_T480__S089_R04,conservative,2.610641053420488
C025_V05_CHG_balanced_SPEED25_T480__S089_R05,balanced,2.3596310515993664
C025_V05_CHG_broad_SPEED25_T480__S089_R05,broad,2.3596310515993664
C025_V05_CHG_conservative_SPEED25_T480__S089_R05,conservative,3.997484443603043
C025_V01_CHG_balanced_SPEED25_T480__S090_R01,balanced,0.3161439050651855
C025_V01_CHG_broad_SPEED25_T480__S090_R01,broad,0.3161439050651855
C025_V01_CHG_conservative_SPEED25_T480__S090_R01,conservative,2.8664594265937016
C025_V03_CHG_balanced_SPEED25_T480__S090_R01,balanced,0.7187848212463342
C025_V03_CHG_broad_SPEED25_T480__S090_R01,broad,0.7187848212463342
C025_V03_CHG_conservative_SPEED25_T480__S090_R01,conservative,3.3370056383591846
C025_V03_CHG_balanced_SPEED25_T480__S090_R02,balanced,0.3161439050651855
C025_V03_CHG_broad_SPEED25_T480__S090_R02,broad,0.3161439050651855
C025_V03_CHG_conservative_SPEED25_T480__S090_R02,conservative,2.8664594265937016
C025_V03_CHG_balanced_SPEED25_T480__S090_R03,balanced,0.8603981948035799
C025_V03_CHG_broad_SPEED25_T480__S090_R03,broad,0.8603981948035799
C025_V03_CHG_conservative_SPEED25_T480__S090_R03,conservative,4.563986071389166
C025_V05_CHG_balanced_SPEED25_T480__S090_R01,balanced,0.3161439050651855
C025_V05_CHG_broad_SPEED25_T480__S090_R01,broad,0.3161439050651855
C025_V05_CHG_conservative_SPEED25_T480__S090_R01,conservative,3.023872439730116
C025_V05_CHG_balanced_SPEED25_T480__S090_R02,balanced,0.7187848212463342
C025_V05_CHG_broad_SPEED25_T480__S090_R02,broad,0.7187848212463342
C025_V05_CHG_conservative_SPEED25_T480__S090_R02,conservative,4.2085559281749445
C025_V05_CHG_balanced_SPEED25_T480__S090_R03,balanced,0.8603981948035799
C025_V05_CHG_broad_SPEED25_T480__S090_R03,broad,0.8603981948035799
C025_V05_CHG_conservative_SPEED25_T480__S090_R03,conservative,2.8664594265937016
C025_V05_CHG_balanced_SPEED25_T480__S090_R04,balanced,1.137845977904815
C025_V05_CHG_broad_SPEED25_T480__S090_R04,broad,1.137845977904815
C025_V05_CHG_conservative_SPEED25_T480__S090_R04,conservative,7.8008361558879
C025_V05_CHG_balanced_SPEED25_T480__S090_R05,balanced,1.4357507396311195
C025_V05_CHG_broad_SPEED25_T480__S090_R05,broad,1.4357507396311195
C025_V05_CHG_conservative_SPEED25_T480__S090_R05,conservative,3.3370056383591846
C025_V01_CHG_balanced_SPEED25_T480__S091_R01,balanced,0.2317865241815123
C025_V01_CHG_broad_SPEED25_T480__S091_R01,broad,0.2317865241815123
C025_V01_CHG_conservative_SPEED25_T480__S091_R01,conservative,1.1348670004677672
C025_V03_CHG_balanced_SPEED25_T480__S091_R01,balanced,0.3095165368663343
C025_V03_CHG_broad_SPEED25_T480__S091_R01,broad,0.3095165368663343
C025_V03_CHG_conservative_SPEED25_T480__S091_R01,conservative,3.818540643952062
C025_V03_CHG_balanced_SPEED25_T480__S091_R02,balanced,1.3394090074820617
C025_V03_CHG_broad_SPEED25_T480__S091_R02,broad,1.3394090074820617
C025_V03_CHG_conservative_SPEED25_T480__S091_R02,conservative,2.4764680221725084
C025_V03_CHG_balanced_SPEED25_T480__S091_R03,balanced,0.2317865241815123
C025_V03_CHG_broad_SPEED25_T480__S091_R03,broad,0.2317865241815123
C025_V03_CHG_conservative_SPEED25_T480__S091_R03,conservative,1.1348670004677672
C025_V05_CHG_balanced_SPEED25_T480__S091_R01,balanced,0.2317865241815123
C025_V05_CHG_broad_SPEED25_T480__S091_R01,broad,0.2317865241815123
C025_V05_CHG_conservative_SPEED25_T480__S091_R01,conservative,3.997484443603043
C025_V05_CHG_balanced_SPEED25_T480__S091_R02,balanced,0.3095165368663343
C025_V05_CHG_broad_SPEED25_T480__S091_R02,broad,0.3095165368663343
C025_V05_CHG_conservative_SPEED25_T480__S091_R02,conservative,3.818540643952062
C025_V05_CHG_balanced_SPEED25_T480__S091_R03,balanced,1.3394090074820617
C025_V05_CHG_broad_SPEED25_T480__S091_R03,broad,1.3394090074820617
C025_V05_CHG_conservative_SPEED25_T480__S091_R03,conservative,2.4764680221725084
C025_V05_CHG_balanced_SPEED25_T480__S091_R04,balanced,2.8278035297587483
C025_V05_CHG_broad_SPEED25_T480__S091_R04,broad,2.8278035297587483
C025_V05_CHG_conservative_SPEED25_T480__S091_R04,conservative,3.997484443603043
C025_V05_CHG_balanced_SPEED25_T480__S091_R05,balanced,1.1348670004677672
C025_V05_CHG_broad_SPEED25_T480__S091_R05,broad,1.1348670004677672
C025_V05_CHG_conservative_SPEED25_T480__S091_R05,conservative,1.1348670004677672
C025_V01_CHG_balanced_SPEED25_T480__S092_R01,balanced,0.4519767705796435
C025_V01_CHG_broad_SPEED25_T480__S092_R01,broad,0.4519767705796435
C025_V01_CHG_conservative_SPEED25_T480__S092_R01,conservative,3.748638929000691
C025_V03_CHG_balanced_SPEED25_T480__S092_R01,balanced,0.4519767705796435
C025_V03_CHG_broad_SPEED25_T480__S092_R01,broad,0.4519767705796435
C025_V03_CHG_conservative_SPEED25_T480__S092_R01,conservative,5.926449052806061
C025_V03_CHG_balanced_SPEED25_T480__S092_R02,balanced,1.132482968817916
C025_V03_CHG_broad_SPEED25_T480__S092_R02,broad,1.132482968817916
C025_V03_CHG_conservative_SPEED25_T480__S092_R02,conservative,3.748638929000691
C025_V03_CHG_balanced_SPEED25_T480__S092_R03,balanced,0.5703951898798353
C025_V03_CHG_broad_SPEED25_T480__S092_R03,broad,0.5703951898798353
C025_V03_CHG_conservative_SPEED25_T480__S092_R03,conservative,5.131527582290346
C025_V05_CHG_balanced_SPEED25_T480__S092_R01,balanced,0.5703951898798353
C025_V05_CHG_broad_SPEED25_T480__S092_R01,broad,0.5703951898798353
C025_V05_CHG_conservative_SPEED25_T480__S092_R01,conservative,5.131527582290346
C025_V05_CHG_balanced_SPEED25_T480__S092_R02,balanced,0.7394870936052922
C025_V05_CHG_broad_SPEED25_T480__S092_R02,broad,0.7394870936052922
C025_V05_CHG_conservative_SPEED25_T480__S092_R02,conservative,8.409265511820955
C025_V05_CHG_balanced_SPEED25_T480__S092_R03,balanced,1.132482968817916
C025_V05_CHG_broad_SPEED25_T480__S092_R03,broad,1.132482968817916
C025_V05_CHG_conservative_SPEED25_T480__S092_R03,conservative,3.748638929000691
C025_V05_CHG_balanced_SPEED25_T480__S092_R04,balanced,0.4519767705796435
C025_V05_CHG_broad_SPEED25_T480__S092_R04,broad,0.4519767705796435
C025_V05_CHG_conservative_SPEED25_T480__S092_R04,conservative,5.926449052806061
C025_V05_CHG_balanced_SPEED25_T480__S092_R05,balanced,1.7073751033738558
C025_V05_CHG_broad_SPEED25_T480__S092_R05,broad,1.7073751033738558
C025_V05_CHG_conservative_SPEED25_T480__S092_R05,conservative,5.3325808440260145
C025_V01_CHG_balanced_SPEED25_T480__S093_R01,balanced,0.0588840570830677
C025_V01_CHG_broad_SPEED25_T480__S093_R01,broad,0.0588840570830677
C025_V01_CHG_conservative_SPEED25_T480__S093_R01,conservative,0.5640795517092885
C025_V03_CHG_balanced_SPEED25_T480__S093_R01,balanced,0.5632371125637676
C025_V03_CHG_broad_SPEED25_T480__S093_R01,broad,0.5632371125637676
C025_V03_CHG_conservative_SPEED25_T480__S093_R01,conservative,3.0709785022805836
C025_V03_CHG_balanced_SPEED25_T480__S093_R02,balanced,0.0588840570830677
C025_V03_CHG_broad_SPEED25_T480__S093_R02,broad,0.0588840570830677
C025_V03_CHG_conservative_SPEED25_T480__S093_R02,conservative,2.0618977710230206
C025_V03_CHG_balanced_SPEED25_T480__S093_R03,balanced,0.5640795517092885
C025_V03_CHG_broad_SPEED25_T480__S093_R03,broad,0.5640795517092885
C025_V03_CHG_conservative_SPEED25_T480__S093_R03,conservative,0.5640795517092885
C025_V05_CHG_balanced_SPEED25_T480__S093_R01,balanced,0.5640795517092885
C025_V05_CHG_broad_SPEED25_T480__S093_R01,broad,0.5640795517092885
C025_V05_CHG_conservative_SPEED25_T480__S093_R01,conservative,0.5640795517092885
C025_V05_CHG_balanced_SPEED25_T480__S093_R02,balanced,0.5632371125637676
C025_V05_CHG_broad_SPEED25_T480__S093_R02,broad,0.5632371125637676
C025_V05_CHG_conservative_SPEED25_T480__S093_R02,conservative,3.0709785022805836
C025_V05_CHG_balanced_SPEED25_T480__S093_R03,balanced,2.7386956980653396
C025_V05_CHG_broad_SPEED25_T480__S093_R03,broad,2.7386956980653396
C025_V05_CHG_conservative_SPEED25_T480__S093_R03,conservative,3.997484443603043
C025_V05_CHG_balanced_SPEED25_T480__S093_R04,balanced,0.0588840570830677
C025_V05_CHG_broad_SPEED25_T480__S093_R04,broad,0.0588840570830677
C025_V05_CHG_conservative_SPEED25_T480__S093_R04,conservative,2.0618977710230206
C025_V05_CHG_balanced_SPEED25_T480__S093_R05,balanced,2.5598267634474157
C025_V05_CHG_broad_SPEED25_T480__S093_R05,broad,2.5598267634474157
C025_V05_CHG_conservative_SPEED25_T480__S093_R05,conservative,3.997484443603043
C025_V01_CHG_balanced_SPEED25_T480__S094_R01,balanced,0.656606415353884
C025_V01_CHG_broad_SPEED25_T480__S094_R01,broad,0.656606415353884
C025_V01_CHG_conservative_SPEED25_T480__S094_R01,conservative,2.619256409990337
C025_V03_CHG_balanced_SPEED25_T480__S094_R01,balanced,1.0041561793510048
C025_V03_CHG_broad_SPEED25_T480__S094_R01,broad,1.0041561793510048
C025_V03_CHG_conservative_SPEED25_T480__S094_R01,conservative,2.619256409990337
C025_V03_CHG_balanced_SPEED25_T480__S094_R02,balanced,0.656606415353884
C025_V03_CHG_broad_SPEED25_T480__S094_R02,broad,0.656606415353884
C025_V03_CHG_conservative_SPEED25_T480__S094_R02,conservative,3.1485972401411164
C025_V03_CHG_balanced_SPEED25_T480__S094_R03,balanced,1.7073751033738558
C025_V03_CHG_broad_SPEED25_T480__S094_R03,broad,1.7073751033738558
C025_V03_CHG_conservative_SPEED25_T480__S094_R03,conservative,4.625693487408289
C025_V05_CHG_balanced_SPEED25_T480__S094_R01,balanced,0.656606415353884
C025_V05_CHG_broad_SPEED25_T480__S094_R01,broad,0.656606415353884
C025_V05_CHG_conservative_SPEED25_T480__S094_R01,conservative,2.8664594265937016
C025_V05_CHG_balanced_SPEED25_T480__S094_R02,balanced,1.7073751033738558
C025_V05_CHG_broad_SPEED25_T480__S094_R02,broad,1.7073751033738558
C025_V05_CHG_conservative_SPEED25_T480__S094_R02,conservative,4.625693487408289
C025_V05_CHG_balanced_SPEED25_T480__S094_R03,balanced,0.6771529038812274
C025_V05_CHG_broad_SPEED25_T480__S094_R03,broad,0.6771529038812274
C025_V05_CHG_conservative_SPEED25_T480__S094_R03,conservative,5.150054899143531
C025_V05_CHG_balanced_SPEED25_T480__S094_R04,balanced,1.3018041967221106
C025_V05_CHG_broad_SPEED25_T480__S094_R04,broad,1.3018041967221106
C025_V05_CHG_conservative_SPEED25_T480__S094_R04,conservative,2.619256409990337
C025_V05_CHG_balanced_SPEED25_T480__S094_R05,balanced,1.7073751033738558
C025_V05_CHG_broad_SPEED25_T480__S094_R05,broad,1.7073751033738558
C025_V05_CHG_conservative_SPEED25_T480__S094_R05,conservative,7.255661707049751
C025_V01_CHG_balanced_SPEED25_T480__S095_R01,balanced,0.554236504455549
C025_V01_CHG_broad_SPEED25_T480__S095_R01,broad,0.554236504455549
C025_V01_CHG_conservative_SPEED25_T480__S095_R01,conservative,1.025308725912932
C025_V03_CHG_balanced_SPEED25_T480__S095_R01,balanced,0.5596719203990226
C025_V03_CHG_broad_SPEED25_T480__S095_R01,broad,0.5596719203990226
C025_V03_CHG_conservative_SPEED25_T480__S095_R01,conservative,1.025308725912932
C025_V03_CHG_balanced_SPEED25_T480__S095_R02,balanced,1.3141196544147984
C025_V03_CHG_broad_SPEED25_T480__S095_R02,broad,1.3141196544147984
C025_V03_CHG_conservative_SPEED25_T480__S095_R02,conservative,2.6400588418624493
C025_V03_CHG_balanced_SPEED25_T480__S095_R03,balanced,0.554236504455549
C025_V03_CHG_broad_SPEED25_T480__S095_R03,broad,0.554236504455549
C025_V03_CHG_conservative_SPEED25_T480__S095_R03,conservative,2.1363411673269637
C025_V05_CHG_balanced_SPEED25_T480__S095_R01,balanced,0.554236504455549
C025_V05_CHG_broad_SPEED25_T480__S095_R01,broad,0.554236504455549
C025_V05_CHG_conservative_SPEED25_T480__S095_R01,conservative,2.1363411673269637
C025_V05_CHG_balanced_SPEED25_T480__S095_R02,balanced,1.3141196544147984
C025_V05_CHG_broad_SPEED25_T480__S095_R02,broad,1.3141196544147984
C025_V05_CHG_conservative_SPEED25_T480__S095_R02,conservative,3.997484443603043
C025_V05_CHG_balanced_SPEED25_T480__S095_R03,balanced,0.5596719203990226
C025_V05_CHG_broad_SPEED25_T480__S095_R03,broad,0.5596719203990226
C025_V05_CHG_conservative_SPEED25_T480__S095_R03,conservative,1.025308725912932
C025_V05_CHG_balanced_SPEED25_T480__S095_R04,balanced,2.8278035297587483
C025_V05_CHG_broad_SPEED25_T480__S095_R04,broad,2.8278035297587483
C025_V05_CHG_conservative_SPEED25_T480__S095_R04,conservative,3.997484443603043
C025_V05_CHG_balanced_SPEED25_T480__S095_R05,balanced,1.3688537383588892
C025_V05_CHG_broad_SPEED25_T480__S095_R05,broad,1.3688537383588892
C025_V05_CHG_conservative_SPEED25_T480__S095_R05,conservative,2.6400588418624493
C025_V01_CHG_balanced_SPEED25_T480__S096_R01,balanced,0.384671252897496
C025_V01_CHG_broad_SPEED25_T480__S096_R01,broad,0.384671252897496
C025_V01_CHG_conservative_SPEED25_T480__S096_R01,conservative,1.7122422028189257
C025_V03_CHG_balanced_SPEED25_T480__S096_R01,balanced,0.384671252897496
C025_V03_CHG_broad_SPEED25_T480__S096_R01,broad,0.384671252897496
C025_V03_CHG_conservative_SPEED25_T480__S096_R01,conservative,2.0261746313445355
C025_V03_CHG_balanced_SPEED25_T480__S096_R02,balanced,1.097727599026361
C025_V03_CHG_broad_SPEED25_T480__S096_R02,broad,1.097727599026361
C025_V03_CHG_conservative_SPEED25_T480__S096_R02,conservative,1.7122422028189257
C025_V03_CHG_balanced_SPEED25_T480__S096_R03,balanced,1.7073751033738558
C025_V03_CHG_broad_SPEED25_T480__S096_R03,broad,1.7073751033738558
C025_V03_CHG_conservative_SPEED25_T480__S096_R03,conservative,5.905284787103007
C025_V05_CHG_balanced_SPEED25_T480__S096_R01,balanced,1.6133709438022814
C025_V05_CHG_broad_SPEED25_T480__S096_R01,broad,1.6133709438022814
C025_V05_CHG_conservative_SPEED25_T480__S096_R01,conservative,6.391197052306536
C025_V05_CHG_balanced_SPEED25_T480__S096_R02,balanced,0.7629051002364301
C025_V05_CHG_broad_SPEED25_T480__S096_R02,broad,0.7629051002364301
C025_V05_CHG_conservative_SPEED25_T480__S096_R02,conservative,2.0261746313445355
C025_V05_CHG_balanced_SPEED25_T480__S096_R03,balanced,1.7073751033738558
C025_V05_CHG_broad_SPEED25_T480__S096_R03,broad,1.7073751033738558
C025_V05_CHG_conservative_SPEED25_T480__S096_R03,conservative,6.8258056725080944
C025_V05_CHG_balanced_SPEED25_T480__S096_R04,balanced,1.097727599026361
C025_V05_CHG_broad_SPEED25_T480__S096_R04,broad,1.097727599026361
C025_V05_CHG_conservative_SPEED25_T480__S096_R04,conservative,1.7122422028189257
C025_V05_CHG_balanced_SPEED25_T480__S096_R05,balanced,0.384671252897496
C025_V05_CHG_broad_SPEED25_T480__S096_R05,broad,0.384671252897496
C025_V05_CHG_conservative_SPEED25_T480__S096_R05,conservative,5.905284787103007
C025_V01_CHG_balanced_SPEED25_T480__S097_R01,balanced,0.6360177939918348
C025_V01_CHG_broad_SPEED25_T480__S097_R01,broad,0.6360177939918348
C025_V01_CHG_conservative_SPEED25_T480__S097_R01,conservative,1.5260266874547863
C025_V03_CHG_balanced_SPEED25_T480__S097_R01,balanced,1.8004955614713027
C025_V03_CHG_broad_SPEED25_T480__S097_R01,broad,1.8004955614713027
C025_V03_CHG_conservative_SPEED25_T480__S097_R01,conservative,3.997484443603043
C025_V03_CHG_balanced_SPEED25_T480__S097_R02,balanced,0.6360177939918348
C025_V03_CHG_broad_SPEED25_T480__S097_R02,broad,0.6360177939918348
C025_V03_CHG_conservative_SPEED25_T480__S097_R02,conservative,2.7906045205523173
C025_V03_CHG_balanced_SPEED25_T480__S097_R03,balanced,0.7422771118073448
C025_V03_CHG_broad_SPEED25_T480__S097_R03,broad,0.7422771118073448
C025_V03_CHG_conservative_SPEED25_T480__S097_R03,conservative,1.5260266874547863
C025_V05_CHG_balanced_SPEED25_T480__S097_R01,balanced,1.097695556693851
C025_V05_CHG_broad_SPEED25_T480__S097_R01,broad,1.097695556693851
C025_V05_CHG_conservative_SPEED25_T480__S097_R01,conservative,3.725351547811897
C025_V05_CHG_balanced_SPEED25_T480__S097_R02,balanced,2.8278035297587483
C025_V05_CHG_broad_SPEED25_T480__S097_R02,broad,2.8278035297587483
C025_V05_CHG_conservative_SPEED25_T480__S097_R02,conservative,3.997484443603043
C025_V05_CHG_balanced_SPEED25_T480__S097_R03,balanced,0.6360177939918348
C025_V05_CHG_broad_SPEED25_T480__S097_R03,broad,0.6360177939918348
C025_V05_CHG_conservative_SPEED25_T480__S097_R03,conservative,2.7906045205523173
C025_V05_CHG_balanced_SPEED25_T480__S097_R04,balanced,0.7422771118073448
C025_V05_CHG_broad_SPEED25_T480__S097_R04,broad,0.7422771118073448
C025_V05_CHG_conservative_SPEED25_T480__S097_R04,conservative,1.5260266874547863
C025_V05_CHG_balanced_SPEED25_T480__S097_R05,balanced,1.8004955614713027
C025_V05_CHG_broad_SPEED25_T480__S097_R05,broad,1.8004955614713027
C025_V05_CHG_conservative_SPEED25_T480__S097_R05,conservative,3.997484443603043
C025_V01_CHG_balanced_SPEED25_T480__S098_R01,balanced,0.0853031845471897
C025_V01_CHG_broad_SPEED25_T480__S098_R01,broad,0.0853031845471897
C025_V01_CHG_conservative_SPEED25_T480__S098_R01,conservative,1.706403358614748
C025_V03_CHG_balanced_SPEED25_T480__S098_R01,balanced,0.0853031845471897
C025_V03_CHG_broad_SPEED25_T480__S098_R01,broad,0.0853031845471897
C025_V03_CHG_conservative_SPEED25_T480__S098_R01,conservative,4.270185473426454
C025_V03_CHG_balanced_SPEED25_T480__S098_R02,balanced,0.4096582760383626
C025_V03_CHG_broad_SPEED25_T480__S098_R02,broad,0.4096582760383626
C025_V03_CHG_conservative_SPEED25_T480__S098_R02,conservative,1.706403358614748
C025_V03_CHG_balanced_SPEED25_T480__S098_R03,balanced,0.543356905719346
C025_V03_CHG_broad_SPEED25_T480__S098_R03,broad,0.543356905719346
C025_V03_CHG_conservative_SPEED25_T480__S098_R03,conservative,6.308752297960943
C025_V05_CHG_balanced_SPEED25_T480__S098_R01,balanced,0.4096582760383626
C025_V05_CHG_broad_SPEED25_T480__S098_R01,broad,0.4096582760383626
C025_V05_CHG_conservative_SPEED25_T480__S098_R01,conservative,1.706403358614748
C025_V05_CHG_balanced_SPEED25_T480__S098_R02,balanced,0.543356905719346
C025_V05_CHG_broad_SPEED25_T480__S098_R02,broad,0.543356905719346
C025_V05_CHG_conservative_SPEED25_T480__S098_R02,conservative,9.123655509180232
C025_V05_CHG_balanced_SPEED25_T480__S098_R03,balanced,0.0853031845471897
C025_V05_CHG_broad_SPEED25_T480__S098_R03,broad,0.0853031845471897
C025_V05_CHG_conservative_SPEED25_T480__S098_R03,conservative,4.270185473426454
C025_V05_CHG_balanced_SPEED25_T480__S098_R04,balanced,1.7073751033738558
C025_V05_CHG_broad_SPEED25_T480__S098_R04,broad,1.7073751033738558
C025_V05_CHG_conservative_SPEED25_T480__S098_R04,conservative,9.123655509180232
C025_V05_CHG_balanced_SPEED25_T480__S098_R05,balanced,1.043912004791698
C025_V05_CHG_broad_SPEED25_T480__S098_R05,broad,1.043912004791698
C025_V05_CHG_conservative_SPEED25_T480__S098_R05,conservative,6.308752297960943
C025_V01_CHG_balanced_SPEED25_T480__S099_R01,balanced,0.3317519896648957
C025_V01_CHG_broad_SPEED25_T480__S099_R01,broad,0.3317519896648957
C025_V01_CHG_conservative_SPEED25_T480__S099_R01,conservative,1.462550390070878
C025_V03_CHG_balanced_SPEED25_T480__S099_R01,balanced,0.3317519896648957
C025_V03_CHG_broad_SPEED25_T480__S099_R01,broad,0.3317519896648957
C025_V03_CHG_conservative_SPEED25_T480__S099_R01,conservative,1.462550390070878
C025_V03_CHG_balanced_SPEED25_T480__S099_R02,balanced,1.428139262949616
C025_V03_CHG_broad_SPEED25_T480__S099_R02,broad,1.428139262949616
C025_V03_CHG_conservative_SPEED25_T480__S099_R02,conservative,2.478270558279743
C025_V03_CHG_balanced_SPEED25_T480__S099_R03,balanced,1.264807575048941
C025_V03_CHG_broad_SPEED25_T480__S099_R03,broad,1.264807575048941
C025_V03_CHG_conservative_SPEED25_T480__S099_R03,conservative,3.997484443603043
C025_V05_CHG_balanced_SPEED25_T480__S099_R01,balanced,1.872429531044808
C025_V05_CHG_broad_SPEED25_T480__S099_R01,broad,1.872429531044808
C025_V05_CHG_conservative_SPEED25_T480__S099_R01,conservative,2.9275819124857847
C025_V05_CHG_balanced_SPEED25_T480__S099_R02,balanced,0.3317519896648957
C025_V05_CHG_broad_SPEED25_T480__S099_R02,broad,0.3317519896648957
C025_V05_CHG_conservative_SPEED25_T480__S099_R02,conservative,3.2768394786248978
C025_V05_CHG_balanced_SPEED25_T480__S099_R03,balanced,1.428139262949616
C025_V05_CHG_broad_SPEED25_T480__S099_R03,broad,1.428139262949616
C025_V05_CHG_conservative_SPEED25_T480__S099_R03,conservative,2.478270558279743
C025_V05_CHG_balanced_SPEED25_T480__S099_R04,balanced,1.264807575048941
C025_V05_CHG_broad_SPEED25_T480__S099_R04,broad,1.264807575048941
C025_V05_CHG_conservative_SPEED25_T480__S099_R04,conservative,3.997484443603043
C025_V05_CHG_balanced_SPEED25_T480__S099_R05,balanced,1.3703101499460388
C025_V05_CHG_broad_SPEED25_T480__S099_R05,broad,1.3703101499460388
C025_V05_CHG_conservative_SPEED25_T480__S099_R05,conservative,1.462550390070878
C025_V01_CHG_balanced_SPEED25_T480__S100_R01,balanced,0.4506741678737958
C025_V01_CHG_broad_SPEED25_T480__S100_R01,broad,0.4506741678737958
C025_V01_CHG_conservative_SPEED25_T480__S100_R01,conservative,0.7449064788927279
C025_V03_CHG_balanced_SPEED25_T480__S100_R01,balanced,0.6430932272942091
C025_V03_CHG_broad_SPEED25_T480__S100_R01,broad,0.6430932272942091
C025_V03_CHG_conservative_SPEED25_T480__S100_R01,conservative,7.458969573149778
C025_V03_CHG_balanced_SPEED25_T480__S100_R02,balanced,0.4506741678737958
C025_V03_CHG_broad_SPEED25_T480__S100_R02,broad,0.4506741678737958
C025_V03_CHG_conservative_SPEED25_T480__S100_R02,conservative,5.634300551066845
C025_V03_CHG_balanced_SPEED25_T480__S100_R03,balanced,0.7449064788927279
C025_V03_CHG_broad_SPEED25_T480__S100_R03,broad,0.7449064788927279
C025_V03_CHG_conservative_SPEED25_T480__S100_R03,conservative,0.7449064788927279
C025_V05_CHG_balanced_SPEED25_T480__S100_R01,balanced,0.4506741678737958
C025_V05_CHG_broad_SPEED25_T480__S100_R01,broad,0.4506741678737958
C025_V05_CHG_conservative_SPEED25_T480__S100_R01,conservative,5.634300551066845
C025_V05_CHG_balanced_SPEED25_T480__S100_R02,balanced,0.6430932272942091
C025_V05_CHG_broad_SPEED25_T480__S100_R02,broad,0.6430932272942091
C025_V05_CHG_conservative_SPEED25_T480__S100_R02,conservative,9.048955461713827
C025_V05_CHG_balanced_SPEED25_T480__S100_R03,balanced,0.7449064788927279
C025_V05_CHG_broad_SPEED25_T480__S100_R03,broad,0.7449064788927279
C025_V05_CHG_conservative_SPEED25_T480__S100_R03,conservative,0.7449064788927279
C025_V05_CHG_balanced_SPEED25_T480__S100_R04,balanced,0.9036528170087282
C025_V05_CHG_broad_SPEED25_T480__S100_R04,broad,0.9036528170087282
C025_V05_CHG_conservative_SPEED25_T480__S100_R04,conservative,7.333244773455309
C025_V05_CHG_balanced_SPEED25_T480__S100_R05,balanced,2.228928812629044
C025_V05_CHG_broad_SPEED25_T480__S100_R05,broad,2.228928812629044
C025_V05_CHG_conservative_SPEED25_T480__S100_R05,conservative,10.572705188835034
C050_V01_CHG_balanced_SPEED25_T480__S001_R01,balanced,0.1436760699498543
C050_V01_CHG_broad_SPEED25_T480__S001_R01,broad,0.1436760699498543
C050_V01_CHG_conservative_SPEED25_T480__S001_R01,conservative,1.0602971844716234
C050_V03_CHG_balanced_SPEED25_T480__S001_R01,balanced,0.3485830842759456
C050_V03_CHG_broad_SPEED25_T480__S001_R01,broad,0.3485830842759456
C050_V03_CHG_conservative_SPEED25_T480__S001_R01,conservative,1.1491369500199264
C050_V03_CHG_balanced_SPEED25_T480__S001_R02,balanced,0.6430932272942091
C050_V03_CHG_broad_SPEED25_T480__S001_R02,broad,0.6430932272942091
C050_V03_CHG_conservative_SPEED25_T480__S001_R02,conservative,1.0602971844716234
C050_V03_CHG_balanced_SPEED25_T480__S001_R03,balanced,0.1436760699498543
C050_V03_CHG_broad_SPEED25_T480__S001_R03,broad,0.1436760699498543
C050_V03_CHG_conservative_SPEED25_T480__S001_R03,conservative,2.036213538448112
C050_V05_CHG_balanced_SPEED25_T480__S001_R01,balanced,0.1436760699498543
C050_V05_CHG_broad_SPEED25_T480__S001_R01,broad,0.1436760699498543
C050_V05_CHG_conservative_SPEED25_T480__S001_R01,conservative,2.036213538448112
C050_V05_CHG_balanced_SPEED25_T480__S001_R02,balanced,0.4436198606660707
C050_V05_CHG_broad_SPEED25_T480__S001_R02,broad,0.4436198606660707
C050_V05_CHG_conservative_SPEED25_T480__S001_R02,conservative,3.997484443603043
C050_V05_CHG_balanced_SPEED25_T480__S001_R03,balanced,0.3485830842759456
C050_V05_CHG_broad_SPEED25_T480__S001_R03,broad,0.3485830842759456
C050_V05_CHG_conservative_SPEED25_T480__S001_R03,conservative,1.1491369500199264
C050_V05_CHG_balanced_SPEED25_T480__S001_R04,balanced,1.0602971844716234
C050_V05_CHG_broad_SPEED25_T480__S001_R04,broad,1.0602971844716234
C050_V05_CHG_conservative_SPEED25_T480__S001_R04,conservative,1.0602971844716234
C050_V05_CHG_balanced_SPEED25_T480__S001_R05,balanced,1.1197994616538725
C050_V05_CHG_broad_SPEED25_T480__S001_R05,broad,1.1197994616538725
C050_V05_CHG_conservative_SPEED25_T480__S001_R05,conservative,2.0169503080563747
C050_V01_CHG_balanced_SPEED25_T480__S002_R01,balanced,0.4704645052088447
C050_V01_CHG_broad_SPEED25_T480__S002_R01,broad,0.4704645052088447
C050_V01_CHG_conservative_SPEED25_T480__S002_R01,conservative,1.1935635926001795
C050_V03_CHG_balanced_SPEED25_T480__S002_R01,balanced,0.5330063202320975
C050_V03_CHG_broad_SPEED25_T480__S002_R01,broad,0.5330063202320975
C050_V03_CHG_conservative_SPEED25_T480__S002_R01,conservative,1.1935635926001795
C050_V03_CHG_balanced_SPEED25_T480__S002_R02,balanced,0.4704645052088447
C050_V03_CHG_broad_SPEED25_T480__S002_R02,broad,0.4704645052088447
C050_V03_CHG_conservative_SPEED25_T480__S002_R02,conservative,1.75562402756784
C050_V03_CHG_balanced_SPEED25_T480__S002_R03,balanced,0.7011839430641332
C050_V03_CHG_broad_SPEED25_T480__S002_R03,broad,0.7011839430641332
C050_V03_CHG_conservative_SPEED25_T480__S002_R03,conservative,3.997484443603043
C050_V05_CHG_balanced_SPEED25_T480__S002_R01,balanced,0.7011839430641332
C050_V05_CHG_broad_SPEED25_T480__S002_R01,broad,0.7011839430641332
C050_V05_CHG_conservative_SPEED25_T480__S002_R01,conservative,3.997484443603043
C050_V05_CHG_balanced_SPEED25_T480__S002_R02,balanced,0.4704645052088447
C050_V05_CHG_broad_SPEED25_T480__S002_R02,broad,0.4704645052088447
C050_V05_CHG_conservative_SPEED25_T480__S002_R02,conservative,1.75562402756784
C050_V05_CHG_balanced_SPEED25_T480__S002_R03,balanced,1.046819770965833
C050_V05_CHG_broad_SPEED25_T480__S002_R03,broad,1.046819770965833
C050_V05_CHG_conservative_SPEED25_T480__S002_R03,conservative,3.997484443603043
C050_V05_CHG_balanced_SPEED25_T480__S002_R04,balanced,0.6408758240893346
C050_V05_CHG_broad_SPEED25_T480__S002_R04,broad,0.6408758240893346
C050_V05_CHG_conservative_SPEED25_T480__S002_R04,conservative,3.2135744953494587
C050_V05_CHG_balanced_SPEED25_T480__S002_R05,balanced,0.5330063202320975
C050_V05_CHG_broad_SPEED25_T480__S002_R05,broad,0.5330063202320975
C050_V05_CHG_conservative_SPEED25_T480__S002_R05,conservative,1.1935635926001795
C050_V01_CHG_balanced_SPEED25_T480__S003_R01,balanced,0.3958667529124097
C050_V01_CHG_broad_SPEED25_T480__S003_R01,broad,0.3958667529124097
C050_V01_CHG_conservative_SPEED25_T480__S003_R01,conservative,2.3053499836021096
C050_V03_CHG_balanced_SPEED25_T480__S003_R01,balanced,0.5330063202320975
C050_V03_CHG_broad_SPEED25_T480__S003_R01,broad,0.5330063202320975
C050_V03_CHG_conservative_SPEED25_T480__S003_R01,conservative,2.3053499836021096
C050_V03_CHG_balanced_SPEED25_T480__S003_R02,balanced,0.3958667529124097
C050_V03_CHG_broad_SPEED25_T480__S003_R02,broad,0.3958667529124097
C050_V03_CHG_conservative_SPEED25_T480__S003_R02,conservative,3.1844109560057814
C050_V03_CHG_balanced_SPEED25_T480__S003_R03,balanced,0.4096582760383626
C050_V03_CHG_broad_SPEED25_T480__S003_R03,broad,0.4096582760383626
C050_V03_CHG_conservative_SPEED25_T480__S003_R03,conservative,2.91358993098692
C050_V05_CHG_balanced_SPEED25_T480__S003_R01,balanced,0.3958667529124097
C050_V05_CHG_broad_SPEED25_T480__S003_R01,broad,0.3958667529124097
C050_V05_CHG_conservative_SPEED25_T480__S003_R01,conservative,6.403301434104186
C050_V05_CHG_balanced_SPEED25_T480__S003_R02,balanced,0.4096582760383626
C050_V05_CHG_broad_SPEED25_T480__S003_R02,broad,0.4096582760383626
C050_V05_CHG_conservative_SPEED25_T480__S003_R02,conservative,2.91358993098692
C050_V05_CHG_balanced_SPEED25_T480__S003_R03,balanced,0.4506741678737958
C050_V05_CHG_broad_SPEED25_T480__S003_R03,broad,0.4506741678737958
C050_V05_CHG_conservative_SPEED25_T480__S003_R03,conservative,3.1844109560057814
C050_V05_CHG_balanced_SPEED25_T480__S003_R04,balanced,0.5330063202320975
C050_V05_CHG_broad_SPEED25_T480__S003_R04,broad,0.5330063202320975
C050_V05_CHG_conservative_SPEED25_T480__S003_R04,conservative,2.3053499836021096
C050_V05_CHG_balanced_SPEED25_T480__S003_R05,balanced,1.3318646646744428
C050_V05_CHG_broad_SPEED25_T480__S003_R05,broad,1.3318646646744428
C050_V05_CHG_conservative_SPEED25_T480__S003_R05,conservative,5.506710235208877
C050_V01_CHG_balanced_SPEED25_T480__S004_R01,balanced,0.2430908786389242
C050_V01_CHG_broad_SPEED25_T480__S004_R01,broad,0.2430908786389242
C050_V01_CHG_conservative_SPEED25_T480__S004_R01,conservative,1.067615280980875
C050_V03_CHG_balanced_SPEED25_T480__S004_R01,balanced,0.2430908786389242
C050_V03_CHG_broad_SPEED25_T480__S004_R01,broad,0.2430908786389242
C050_V03_CHG_conservative_SPEED25_T480__S004_R01,conservative,2.1363411673269637
C050_V03_CHG_balanced_SPEED25_T480__S004_R02,balanced,0.3417505809344943
C050_V03_CHG_broad_SPEED25_T480__S004_R02,broad,0.3417505809344943
C050_V03_CHG_conservative_SPEED25_T480__S004_R02,conservative,1.1578719732327398
C050_V03_CHG_balanced_SPEED25_T480__S004_R03,balanced,0.6430932272942091
C050_V03_CHG_broad_SPEED25_T480__S004_R03,broad,0.6430932272942091
C050_V03_CHG_conservative_SPEED25_T480__S004_R03,conservative,1.067615280980875
C050_V05_CHG_balanced_SPEED25_T480__S004_R01,balanced,1.067615280980875
C050_V05_CHG_broad_SPEED25_T480__S004_R01,broad,1.067615280980875
C050_V05_CHG_conservative_SPEED25_T480__S004_R01,conservative,1.067615280980875
C050_V05_CHG_balanced_SPEED25_T480__S004_R02,balanced,0.3417505809344943
C050_V05_CHG_broad_SPEED25_T480__S004_R02,broad,0.3417505809344943
C050_V05_CHG_conservative_SPEED25_T480__S004_R02,conservative,1.1578719732327398
C050_V05_CHG_balanced_SPEED25_T480__S004_R03,balanced,0.2430908786389242
C050_V05_CHG_broad_SPEED25_T480__S004_R03,broad,0.2430908786389242
C050_V05_CHG_conservative_SPEED25_T480__S004_R03,conservative,3.997484443603043
C050_V05_CHG_balanced_SPEED25_T480__S004_R04,balanced,0.7322365116698409
C050_V05_CHG_broad_SPEED25_T480__S004_R04,broad,0.7322365116698409
C050_V05_CHG_conservative_SPEED25_T480__S004_R04,conservative,2.1363411673269637
C050_V05_CHG_balanced_SPEED25_T480__S004_R05,balanced,0.7005253373326638
C050_V05_CHG_broad_SPEED25_T480__S004_R05,broad,0.7005253373326638
C050_V05_CHG_conservative_SPEED25_T480__S004_R05,conservative,3.997484443603043
C050_V01_CHG_balanced_SPEED25_T480__S005_R01,balanced,0.2323180486160757
C050_V01_CHG_broad_SPEED25_T480__S005_R01,broad,0.2323180486160757
C050_V01_CHG_conservative_SPEED25_T480__S005_R01,conservative,0.881852916849742
C050_V03_CHG_balanced_SPEED25_T480__S005_R01,balanced,1.4212858474438492
C050_V03_CHG_broad_SPEED25_T480__S005_R01,broad,1.4212858474438492
C050_V03_CHG_conservative_SPEED25_T480__S005_R01,conservative,3.912176410335863
C050_V03_CHG_balanced_SPEED25_T480__S005_R02,balanced,0.2323180486160757
C050_V03_CHG_broad_SPEED25_T480__S005_R02,broad,0.2323180486160757
C050_V03_CHG_conservative_SPEED25_T480__S005_R02,conservative,0.881852916849742
C050_V03_CHG_balanced_SPEED25_T480__S005_R03,balanced,0.8125657672274764
C050_V03_CHG_broad_SPEED25_T480__S005_R03,broad,0.8125657672274764
C050_V03_CHG_conservative_SPEED25_T480__S005_R03,conservative,1.2573680870297217
C050_V05_CHG_balanced_SPEED25_T480__S005_R01,balanced,0.3485830842759456
C050_V05_CHG_broad_SPEED25_T480__S005_R01,broad,0.3485830842759456
C050_V05_CHG_conservative_SPEED25_T480__S005_R01,conservative,1.6823838519689869
C050_V05_CHG_balanced_SPEED25_T480__S005_R02,balanced,1.3141196544147984
C050_V05_CHG_broad_SPEED25_T480__S005_R02,broad,1.3141196544147984
C050_V05_CHG_conservative_SPEED25_T480__S005_R02,conservative,3.912176410335863
C050_V05_CHG_balanced_SPEED25_T480__S005_R03,balanced,1.4212858474438492
C050_V05_CHG_broad_SPEED25_T480__S005_R03,broad,1.4212858474438492
C050_V05_CHG_conservative_SPEED25_T480__S005_R03,conservative,3.997484443603043
C050_V05_CHG_balanced_SPEED25_T480__S005_R04,balanced,0.8125657672274764
C050_V05_CHG_broad_SPEED25_T480__S005_R04,broad,0.8125657672274764
C050_V05_CHG_conservative_SPEED25_T480__S005_R04,conservative,1.2573680870297217
C050_V05_CHG_balanced_SPEED25_T480__S005_R05,balanced,0.2323180486160757
C050_V05_CHG_broad_SPEED25_T480__S005_R05,broad,0.2323180486160757
C050_V05_CHG_conservative_SPEED25_T480__S005_R05,conservative,0.881852916849742
C050_V01_CHG_balanced_SPEED25_T480__S006_R01,balanced,0.1288285571861638
C050_V01_CHG_broad_SPEED25_T480__S006_R01,broad,0.1288285571861638
C050_V01_CHG_conservative_SPEED25_T480__S006_R01,conservative,0.881852916849742
C050_V03_CHG_balanced_SPEED25_T480__S006_R01,balanced,1.5853077913750695
C050_V03_CHG_broad_SPEED25_T480__S006_R01,broad,1.5853077913750695
C050_V03_CHG_conservative_SPEED25_T480__S006_R01,conservative,1.5853077913750695
C050_V03_CHG_balanced_SPEED25_T480__S006_R02,balanced,0.1288285571861638
C050_V03_CHG_broad_SPEED25_T480__S006_R02,broad,0.1288285571861638
C050_V03_CHG_conservative_SPEED25_T480__S006_R02,conservative,0.8856917799590596
C050_V03_CHG_balanced_SPEED25_T480__S006_R03,balanced,0.3490686287725337
C050_V03_CHG_broad_SPEED25_T480__S006_R03,broad,0.3490686287725337
C050_V03_CHG_conservative_SPEED25_T480__S006_R03,conservative,0.881852916849742
C050_V05_CHG_balanced_SPEED25_T480__S006_R01,balanced,0.6968734475781136
C050_V05_CHG_broad_SPEED25_T480__S006_R01,broad,0.6968734475781136
C050_V05_CHG_conservative_SPEED25_T480__S006_R01,conservative,0.881852916849742
C050_V05_CHG_balanced_SPEED25_T480__S006_R02,balanced,0.9114269108146787
C050_V05_CHG_broad_SPEED25_T480__S006_R02,broad,0.9114269108146787
C050_V05_CHG_conservative_SPEED25_T480__S006_R02,conservative,0.9114269108146787
C050_V05_CHG_balanced_SPEED25_T480__S006_R03,balanced,0.8856917799590596
C050_V05_CHG_broad_SPEED25_T480__S006_R03,broad,0.8856917799590596
C050_V05_CHG_conservative_SPEED25_T480__S006_R03,conservative,0.8856917799590596
C050_V05_CHG_balanced_SPEED25_T480__S006_R04,balanced,1.5853077913750695
C050_V05_CHG_broad_SPEED25_T480__S006_R04,broad,1.5853077913750695
C050_V05_CHG_conservative_SPEED25_T480__S006_R04,conservative,1.5853077913750695
C050_V05_CHG_balanced_SPEED25_T480__S006_R05,balanced,0.1288285571861638
C050_V05_CHG_broad_SPEED25_T480__S006_R05,broad,0.1288285571861638
C050_V05_CHG_conservative_SPEED25_T480__S006_R05,conservative,1.059116102807384
C050_V01_CHG_balanced_SPEED25_T480__S007_R01,balanced,0.6913797664272088
C050_V01_CHG_broad_SPEED25_T480__S007_R01,broad,0.6913797664272088
C050_V01_CHG_conservative_SPEED25_T480__S007_R01,conservative,1.8062741910837812
C050_V03_CHG_balanced_SPEED25_T480__S007_R01,balanced,0.8585060853807585
C050_V03_CHG_broad_SPEED25_T480__S007_R01,broad,0.8585060853807585
C050_V03_CHG_conservative_SPEED25_T480__S007_R01,conservative,1.8062741910837812
C050_V03_CHG_balanced_SPEED25_T480__S007_R02,balanced,1.2821261246249809
C050_V03_CHG_broad_SPEED25_T480__S007_R02,broad,1.2821261246249809
C050_V03_CHG_conservative_SPEED25_T480__S007_R02,conservative,1.9538899617593295
C050_V03_CHG_balanced_SPEED25_T480__S007_R03,balanced,0.6913797664272088
C050_V03_CHG_broad_SPEED25_T480__S007_R03,broad,0.6913797664272088
C050_V03_CHG_conservative_SPEED25_T480__S007_R03,conservative,3.5461354868855075
C050_V05_CHG_balanced_SPEED25_T480__S007_R01,balanced,0.8585060853807585
C050_V05_CHG_broad_SPEED25_T480__S007_R01,broad,0.8585060853807585
C050_V05_CHG_conservative_SPEED25_T480__S007_R01,conservative,1.8062741910837812
C050_V05_CHG_balanced_SPEED25_T480__S007_R02,balanced,1.7073751033738558
C050_V05_CHG_broad_SPEED25_T480__S007_R02,broad,1.7073751033738558
C050_V05_CHG_conservative_SPEED25_T480__S007_R02,conservative,6.240588380499447
C050_V05_CHG_balanced_SPEED25_T480__S007_R03,balanced,0.6913797664272088
C050_V05_CHG_broad_SPEED25_T480__S007_R03,broad,0.6913797664272088
C050_V05_CHG_conservative_SPEED25_T480__S007_R03,conservative,3.5461354868855075
C050_V05_CHG_balanced_SPEED25_T480__S007_R04,balanced,1.2821261246249809
C050_V05_CHG_broad_SPEED25_T480__S007_R04,broad,1.2821261246249809
C050_V05_CHG_conservative_SPEED25_T480__S007_R04,conservative,1.9538899617593295
C050_V05_CHG_balanced_SPEED25_T480__S007_R05,balanced,1.6981533317278297
C050_V05_CHG_broad_SPEED25_T480__S007_R05,broad,1.6981533317278297
C050_V05_CHG_conservative_SPEED25_T480__S007_R05,conservative,3.553695930200624
C050_V01_CHG_balanced_SPEED25_T480__S008_R01,balanced,0.2317865241815123
C050_V01_CHG_broad_SPEED25_T480__S008_R01,broad,0.2317865241815123
C050_V01_CHG_conservative_SPEED25_T480__S008_R01,conservative,1.4503707949794875
C050_V03_CHG_balanced_SPEED25_T480__S008_R01,balanced,0.5460507295299999
C050_V03_CHG_broad_SPEED25_T480__S008_R01,broad,0.5460507295299999
C050_V03_CHG_conservative_SPEED25_T480__S008_R01,conservative,1.4503707949794875
C050_V03_CHG_balanced_SPEED25_T480__S008_R02,balanced,0.4953568835468744
C050_V03_CHG_broad_SPEED25_T480__S008_R02,broad,0.4953568835468744
C050_V03_CHG_conservative_SPEED25_T480__S008_R02,conservative,2.6836543215490396
C050_V03_CHG_balanced_SPEED25_T480__S008_R03,balanced,0.2317865241815123
C050_V03_CHG_broad_SPEED25_T480__S008_R03,broad,0.2317865241815123
C050_V03_CHG_conservative_SPEED25_T480__S008_R03,conservative,3.4420903533203155
C050_V05_CHG_balanced_SPEED25_T480__S008_R01,balanced,0.5460507295299999
C050_V05_CHG_broad_SPEED25_T480__S008_R01,broad,0.5460507295299999
C050_V05_CHG_conservative_SPEED25_T480__S008_R01,conservative,1.4503707949794875
C050_V05_CHG_balanced_SPEED25_T480__S008_R02,balanced,0.8658445114374196
C050_V05_CHG_broad_SPEED25_T480__S008_R02,broad,0.8658445114374196
C050_V05_CHG_conservative_SPEED25_T480__S008_R02,conservative,5.717871871280964
C050_V05_CHG_balanced_SPEED25_T480__S008_R03,balanced,0.2317865241815123
C050_V05_CHG_broad_SPEED25_T480__S008_R03,broad,0.2317865241815123
C050_V05_CHG_conservative_SPEED25_T480__S008_R03,conservative,3.4420903533203155
C050_V05_CHG_balanced_SPEED25_T480__S008_R04,balanced,0.8703569464783906
C050_V05_CHG_broad_SPEED25_T480__S008_R04,broad,0.8703569464783906
C050_V05_CHG_conservative_SPEED25_T480__S008_R04,conservative,1.57005942558704
C050_V05_CHG_balanced_SPEED25_T480__S008_R05,balanced,0.4953568835468744
C050_V05_CHG_broad_SPEED25_T480__S008_R05,broad,0.4953568835468744
C050_V05_CHG_conservative_SPEED25_T480__S008_R05,conservative,2.6836543215490396
C050_V01_CHG_balanced_SPEED25_T480__S009_R01,balanced,0.4704645052088447
C050_V01_CHG_broad_SPEED25_T480__S009_R01,broad,0.4704645052088447
C050_V01_CHG_conservative_SPEED25_T480__S009_R01,conservative,0.8587959115861339
C050_V03_CHG_balanced_SPEED25_T480__S009_R01,balanced,1.137845977904815
C050_V03_CHG_broad_SPEED25_T480__S009_R01,broad,1.137845977904815
C050_V03_CHG_conservative_SPEED25_T480__S009_R01,conservative,1.9699687391354936
C050_V03_CHG_balanced_SPEED25_T480__S009_R02,balanced,0.5420494971617016
C050_V03_CHG_broad_SPEED25_T480__S009_R02,broad,0.5420494971617016
C050_V03_CHG_conservative_SPEED25_T480__S009_R02,conservative,0.8587959115861339
C050_V03_CHG_balanced_SPEED25_T480__S009_R03,balanced,0.4704645052088447
C050_V03_CHG_broad_SPEED25_T480__S009_R03,broad,0.4704645052088447
C050_V03_CHG_conservative_SPEED25_T480__S009_R03,conservative,1.8978568701835343
C050_V05_CHG_balanced_SPEED25_T480__S009_R01,balanced,0.5420494971617016
C050_V05_CHG_broad_SPEED25_T480__S009_R01,broad,0.5420494971617016
C050_V05_CHG_conservative_SPEED25_T480__S009_R01,conservative,0.8587959115861339
C050_V05_CHG_balanced_SPEED25_T480__S009_R02,balanced,0.4704645052088447
C050_V05_CHG_broad_SPEED25_T480__S009_R02,broad,0.4704645052088447
C050_V05_CHG_conservative_SPEED25_T480__S009_R02,conservative,1.8978568701835343
C050_V05_CHG_balanced_SPEED25_T480__S009_R03,balanced,1.137845977904815
C050_V05_CHG_broad_SPEED25_T480__S009_R03,broad,1.137845977904815
C050_V05_CHG_conservative_SPEED25_T480__S009_R03,conservative,7.225247717794855
C050_V05_CHG_balanced_SPEED25_T480__S009_R04,balanced,1.2796952773222323
C050_V05_CHG_broad_SPEED25_T480__S009_R04,broad,1.2796952773222323
C050_V05_CHG_conservative_SPEED25_T480__S009_R04,conservative,4.355938778445099
C050_V05_CHG_balanced_SPEED25_T480__S009_R05,balanced,0.6521296556314
C050_V05_CHG_broad_SPEED25_T480__S009_R05,broad,0.6521296556314
C050_V05_CHG_conservative_SPEED25_T480__S009_R05,conservative,2.0138948611629597
C050_V01_CHG_balanced_SPEED25_T480__S010_R01,balanced,0.6178164080174056
C050_V01_CHG_broad_SPEED25_T480__S010_R01,broad,0.6178164080174056
C050_V01_CHG_conservative_SPEED25_T480__S010_R01,conservative,1.3211598461182166
C050_V03_CHG_balanced_SPEED25_T480__S010_R01,balanced,0.6178164080174056
C050_V03_CHG_broad_SPEED25_T480__S010_R01,broad,0.6178164080174056
C050_V03_CHG_conservative_SPEED25_T480__S010_R01,conservative,1.3211598461182166
C050_V03_CHG_balanced_SPEED25_T480__S010_R02,balanced,1.6546746846373237
C050_V03_CHG_broad_SPEED25_T480__S010_R02,broad,1.6546746846373237
C050_V03_CHG_conservative_SPEED25_T480__S010_R02,conservative,3.041004218347119
C050_V03_CHG_balanced_SPEED25_T480__S010_R03,balanced,0.6364390091775847
C050_V03_CHG_broad_SPEED25_T480__S010_R03,broad,0.6364390091775847
C050_V03_CHG_conservative_SPEED25_T480__S010_R03,conservative,3.997484443603043
C050_V05_CHG_balanced_SPEED25_T480__S010_R01,balanced,0.789616407420624
C050_V05_CHG_broad_SPEED25_T480__S010_R01,broad,0.789616407420624
C050_V05_CHG_conservative_SPEED25_T480__S010_R01,conservative,1.3211598461182166
C050_V05_CHG_balanced_SPEED25_T480__S010_R02,balanced,1.6546746846373237
C050_V05_CHG_broad_SPEED25_T480__S010_R02,broad,1.6546746846373237
C050_V05_CHG_conservative_SPEED25_T480__S010_R02,conservative,3.041004218347119
C050_V05_CHG_balanced_SPEED25_T480__S010_R03,balanced,0.6364390091775847
C050_V05_CHG_broad_SPEED25_T480__S010_R03,broad,0.6364390091775847
C050_V05_CHG_conservative_SPEED25_T480__S010_R03,conservative,3.997484443603043
C050_V05_CHG_balanced_SPEED25_T480__S010_R04,balanced,0.6178164080174056
C050_V05_CHG_broad_SPEED25_T480__S010_R04,broad,0.6178164080174056
C050_V05_CHG_conservative_SPEED25_T480__S010_R04,conservative,3.725351547811897
C050_V05_CHG_balanced_SPEED25_T480__S010_R05,balanced,2.8278035297587483
C050_V05_CHG_broad_SPEED25_T480__S010_R05,broad,2.8278035297587483
C050_V05_CHG_conservative_SPEED25_T480__S010_R05,conservative,3.997484443603043
C050_V01_CHG_balanced_SPEED25_T480__S011_R01,balanced,0.2385531019991348
C050_V01_CHG_broad_SPEED25_T480__S011_R01,broad,0.2385531019991348
C050_V01_CHG_conservative_SPEED25_T480__S011_R01,conservative,0.2385531019991348
C050_V03_CHG_balanced_SPEED25_T480__S011_R01,balanced,1.2297566307102228
C050_V03_CHG_broad_SPEED25_T480__S011_R01,broad,1.2297566307102228
C050_V03_CHG_conservative_SPEED25_T480__S011_R01,conservative,2.226786471936972
C050_V03_CHG_balanced_SPEED25_T480__S011_R02,balanced,1.4416119021836828
C050_V03_CHG_broad_SPEED25_T480__S011_R02,broad,1.4416119021836828
C050_V03_CHG_conservative_SPEED25_T480__S011_R02,conservative,5.294630734120322
C050_V03_CHG_balanced_SPEED25_T480__S011_R03,balanced,0.2385531019991348
C050_V03_CHG_broad_SPEED25_T480__S011_R03,broad,0.2385531019991348
C050_V03_CHG_conservative_SPEED25_T480__S011_R03,conservative,0.2385531019991348
C050_V05_CHG_balanced_SPEED25_T480__S011_R01,balanced,1.279316038228838
C050_V05_CHG_broad_SPEED25_T480__S011_R01,broad,1.279316038228838
C050_V05_CHG_conservative_SPEED25_T480__S011_R01,conservative,2.226786471936972
C050_V05_CHG_balanced_SPEED25_T480__S011_R02,balanced,1.4416119021836828
C050_V05_CHG_broad_SPEED25_T480__S011_R02,broad,1.4416119021836828
C050_V05_CHG_conservative_SPEED25_T480__S011_R02,conservative,5.294630734120322
C050_V05_CHG_balanced_SPEED25_T480__S011_R03,balanced,1.2297566307102228
C050_V05_CHG_broad_SPEED25_T480__S011_R03,broad,1.2297566307102228
C050_V05_CHG_conservative_SPEED25_T480__S011_R03,conservative,3.048372279079272
C050_V05_CHG_balanced_SPEED25_T480__S011_R04,balanced,0.2385531019991348
C050_V05_CHG_broad_SPEED25_T480__S011_R04,broad,0.2385531019991348
C050_V05_CHG_conservative_SPEED25_T480__S011_R04,conservative,0.2385531019991348
C050_V05_CHG_balanced_SPEED25_T480__S011_R05,balanced,0.5018059883744737
C050_V05_CHG_broad_SPEED25_T480__S011_R05,broad,0.5018059883744737
C050_V05_CHG_conservative_SPEED25_T480__S011_R05,conservative,1.1426221057921593
C050_V01_CHG_balanced_SPEED25_T480__S012_R01,balanced,0.1713761781910884
C050_V01_CHG_broad_SPEED25_T480__S012_R01,broad,0.1713761781910884
C050_V01_CHG_conservative_SPEED25_T480__S012_R01,conservative,1.1935635926001795
C050_V03_CHG_balanced_SPEED25_T480__S012_R01,balanced,0.1713761781910884
C050_V03_CHG_broad_SPEED25_T480__S012_R01,broad,0.1713761781910884
C050_V03_CHG_conservative_SPEED25_T480__S012_R01,conservative,3.997484443603043
C050_V03_CHG_balanced_SPEED25_T480__S012_R02,balanced,0.2990897775219723
C050_V03_CHG_broad_SPEED25_T480__S012_R02,broad,0.2990897775219723
C050_V03_CHG_conservative_SPEED25_T480__S012_R02,conservative,1.1935635926001795
C050_V03_CHG_balanced_SPEED25_T480__S012_R03,balanced,2.056238529947535
C050_V03_CHG_broad_SPEED25_T480__S012_R03,broad,2.056238529947535
C050_V03_CHG_conservative_SPEED25_T480__S012_R03,conservative,3.4399315466865996
C050_V05_CHG_balanced_SPEED25_T480__S012_R01,balanced,1.136746181115842
C050_V05_CHG_broad_SPEED25_T480__S012_R01,broad,1.136746181115842
C050_V05_CHG_conservative_SPEED25_T480__S012_R01,conservative,3.49873061710684
C050_V05_CHG_balanced_SPEED25_T480__S012_R02,balanced,0.1713761781910884
C050_V05_CHG_broad_SPEED25_T480__S012_R02,broad,0.1713761781910884
C050_V05_CHG_conservative_SPEED25_T480__S012_R02,conservative,3.997484443603043
C050_V05_CHG_balanced_SPEED25_T480__S012_R03,balanced,0.2990897775219723
C050_V05_CHG_broad_SPEED25_T480__S012_R03,broad,0.2990897775219723
C050_V05_CHG_conservative_SPEED25_T480__S012_R03,conservative,1.9228992883434255
C050_V05_CHG_balanced_SPEED25_T480__S012_R04,balanced,2.056238529947535
C050_V05_CHG_broad_SPEED25_T480__S012_R04,broad,2.056238529947535
C050_V05_CHG_conservative_SPEED25_T480__S012_R04,conservative,3.4399315466865996
C050_V05_CHG_balanced_SPEED25_T480__S012_R05,balanced,1.1935635926001795
C050_V05_CHG_broad_SPEED25_T480__S012_R05,broad,1.1935635926001795
C050_V05_CHG_conservative_SPEED25_T480__S012_R05,conservative,1.1935635926001795
C050_V01_CHG_balanced_SPEED25_T480__S013_R01,balanced,0.0483159320491876
C050_V01_CHG_broad_SPEED25_T480__S013_R01,broad,0.0483159320491876
C050_V01_CHG_conservative_SPEED25_T480__S013_R01,conservative,0.3780139482601241
C050_V03_CHG_balanced_SPEED25_T480__S013_R01,balanced,0.2990897775219723
C050_V03_CHG_broad_SPEED25_T480__S013_R01,broad,0.2990897775219723
C050_V03_CHG_conservative_SPEED25_T480__S013_R01,conservative,0.3961059242955773
C050_V03_CHG_balanced_SPEED25_T480__S013_R02,balanced,0.3780139482601241
C050_V03_CHG_broad_SPEED25_T480__S013_R02,broad,0.3780139482601241
C050_V03_CHG_conservative_SPEED25_T480__S013_R02,conservative,0.3780139482601241
C050_V03_CHG_balanced_SPEED25_T480__S013_R03,balanced,0.0483159320491876
C050_V03_CHG_broad_SPEED25_T480__S013_R03,broad,0.0483159320491876
C050_V03_CHG_conservative_SPEED25_T480__S013_R03,conservative,3.858314621765997
C050_V05_CHG_balanced_SPEED25_T480__S013_R01,balanced,0.3780139482601241
C050_V05_CHG_broad_SPEED25_T480__S013_R01,broad,0.3780139482601241
C050_V05_CHG_conservative_SPEED25_T480__S013_R01,conservative,0.3780139482601241
C050_V05_CHG_balanced_SPEED25_T480__S013_R02,balanced,0.2990897775219723
C050_V05_CHG_broad_SPEED25_T480__S013_R02,broad,0.2990897775219723
C050_V05_CHG_conservative_SPEED25_T480__S013_R02,conservative,0.3961059242955773
C050_V05_CHG_balanced_SPEED25_T480__S013_R03,balanced,0.0483159320491876
C050_V05_CHG_broad_SPEED25_T480__S013_R03,broad,0.0483159320491876
C050_V05_CHG_conservative_SPEED25_T480__S013_R03,conservative,2.872187611445251
C050_V05_CHG_balanced_SPEED25_T480__S013_R04,balanced,0.5185215165702382
C050_V05_CHG_broad_SPEED25_T480__S013_R04,broad,0.5185215165702382
C050_V05_CHG_conservative_SPEED25_T480__S013_R04,conservative,1.130317674904478
C050_V05_CHG_balanced_SPEED25_T480__S013_R05,balanced,0.0853031845471897
C050_V05_CHG_broad_SPEED25_T480__S013_R05,broad,0.0853031845471897
C050_V05_CHG_conservative_SPEED25_T480__S013_R05,conservative,4.081429453562126
C050_V01_CHG_balanced_SPEED25_T480__S014_R01,balanced,0.3490686287725337
C050_V01_CHG_broad_SPEED25_T480__S014_R01,broad,0.3490686287725337
C050_V01_CHG_conservative_SPEED25_T480__S014_R01,conservative,0.8333532813244965
C050_V03_CHG_balanced_SPEED25_T480__S014_R01,balanced,0.4333138116754587
C050_V03_CHG_broad_SPEED25_T480__S014_R01,broad,0.4333138116754587
C050_V03_CHG_conservative_SPEED25_T480__S014_R01,conservative,0.8333532813244965
C050_V03_CHG_balanced_SPEED25_T480__S014_R02,balanced,0.3490686287725337
C050_V03_CHG_broad_SPEED25_T480__S014_R02,broad,0.3490686287725337
C050_V03_CHG_conservative_SPEED25_T480__S014_R02,conservative,1.025308725912932
C050_V03_CHG_balanced_SPEED25_T480__S014_R03,balanced,1.2920760711501398
C050_V03_CHG_broad_SPEED25_T480__S014_R03,broad,1.2920760711501398
C050_V03_CHG_conservative_SPEED25_T480__S014_R03,conservative,5.1354984646162265
C050_V05_CHG_balanced_SPEED25_T480__S014_R01,balanced,0.7935325210339729
C050_V05_CHG_broad_SPEED25_T480__S014_R01,broad,0.7935325210339729
C050_V05_CHG_conservative_SPEED25_T480__S014_R01,conservative,3.2966236168181187
C050_V05_CHG_balanced_SPEED25_T480__S014_R02,balanced,0.6000693256858559
C050_V05_CHG_broad_SPEED25_T480__S014_R02,broad,0.6000693256858559
C050_V05_CHG_conservative_SPEED25_T480__S014_R02,conservative,5.690041608646834
C050_V05_CHG_balanced_SPEED25_T480__S014_R03,balanced,0.4333138116754587
C050_V05_CHG_broad_SPEED25_T480__S014_R03,broad,0.4333138116754587
C050_V05_CHG_conservative_SPEED25_T480__S014_R03,conservative,0.8333532813244965
C050_V05_CHG_balanced_SPEED25_T480__S014_R04,balanced,0.3490686287725337
C050_V05_CHG_broad_SPEED25_T480__S014_R04,broad,0.3490686287725337
C050_V05_CHG_conservative_SPEED25_T480__S014_R04,conservative,1.025308725912932
C050_V05_CHG_balanced_SPEED25_T480__S014_R05,balanced,1.2920760711501398
C050_V05_CHG_broad_SPEED25_T480__S014_R05,broad,1.2920760711501398
C050_V05_CHG_conservative_SPEED25_T480__S014_R05,conservative,5.1354984646162265
C050_V01_CHG_balanced_SPEED25_T480__S015_R01,balanced,0.3161439050651855
C050_V01_CHG_broad_SPEED25_T480__S015_R01,broad,0.3161439050651855
C050_V01_CHG_conservative_SPEED25_T480__S015_R01,conservative,1.130317674904478
C050_V03_CHG_balanced_SPEED25_T480__S015_R01,balanced,0.7935325210339729
C050_V03_CHG_broad_SPEED25_T480__S015_R01,broad,0.7935325210339729
C050_V03_CHG_conservative_SPEED25_T480__S015_R01,conservative,2.0858379603163755
C050_V03_CHG_balanced_SPEED25_T480__S015_R02,balanced,1.130317674904478
C050_V03_CHG_broad_SPEED25_T480__S015_R02,broad,1.130317674904478
C050_V03_CHG_conservative_SPEED25_T480__S015_R02,conservative,1.130317674904478
C050_V03_CHG_balanced_SPEED25_T480__S015_R03,balanced,0.3161439050651855
C050_V03_CHG_broad_SPEED25_T480__S015_R03,broad,0.3161439050651855
C050_V03_CHG_conservative_SPEED25_T480__S015_R03,conservative,1.6823838519689869
C050_V05_CHG_balanced_SPEED25_T480__S015_R01,balanced,0.7885102233117635
C050_V05_CHG_broad_SPEED25_T480__S015_R01,broad,0.7885102233117635
C050_V05_CHG_conservative_SPEED25_T480__S015_R01,conservative,3.3630180198898025
C050_V05_CHG_balanced_SPEED25_T480__S015_R02,balanced,0.8299311390910735
C050_V05_CHG_broad_SPEED25_T480__S015_R02,broad,0.8299311390910735
C050_V05_CHG_conservative_SPEED25_T480__S015_R02,conservative,3.997484443603043
C050_V05_CHG_balanced_SPEED25_T480__S015_R03,balanced,0.3161439050651855
C050_V05_CHG_broad_SPEED25_T480__S015_R03,broad,0.3161439050651855
C050_V05_CHG_conservative_SPEED25_T480__S015_R03,conservative,1.6823838519689869
C050_V05_CHG_balanced_SPEED25_T480__S015_R04,balanced,1.130317674904478
C050_V05_CHG_broad_SPEED25_T480__S015_R04,broad,1.130317674904478
C050_V05_CHG_conservative_SPEED25_T480__S015_R04,conservative,1.130317674904478
C050_V05_CHG_balanced_SPEED25_T480__S015_R05,balanced,0.7935325210339729
C050_V05_CHG_broad_SPEED25_T480__S015_R05,broad,0.7935325210339729
C050_V05_CHG_conservative_SPEED25_T480__S015_R05,conservative,2.0858379603163755
C050_V01_CHG_balanced_SPEED25_T480__S016_R01,balanced,0.3064755542665075
C050_V01_CHG_broad_SPEED25_T480__S016_R01,broad,0.3064755542665075
C050_V01_CHG_conservative_SPEED25_T480__S016_R01,conservative,0.5135541173180224
C050_V03_CHG_balanced_SPEED25_T480__S016_R01,balanced,0.3064755542665075
C050_V03_CHG_broad_SPEED25_T480__S016_R01,broad,0.3064755542665075
C050_V03_CHG_conservative_SPEED25_T480__S016_R01,conservative,3.978582259210018
C050_V03_CHG_balanced_SPEED25_T480__S016_R02,balanced,0.6322198666733079
C050_V03_CHG_broad_SPEED25_T480__S016_R02,broad,0.6322198666733079
C050_V03_CHG_conservative_SPEED25_T480__S016_R02,conservative,3.978582259210018
C050_V03_CHG_balanced_SPEED25_T480__S016_R03,balanced,0.321466683688224
C050_V03_CHG_broad_SPEED25_T480__S016_R03,broad,0.321466683688224
C050_V03_CHG_conservative_SPEED25_T480__S016_R03,conservative,0.5135541173180224
C050_V05_CHG_balanced_SPEED25_T480__S016_R01,balanced,0.5135541173180224
C050_V05_CHG_broad_SPEED25_T480__S016_R01,broad,0.5135541173180224
C050_V05_CHG_conservative_SPEED25_T480__S016_R01,conservative,0.5135541173180224
C050_V05_CHG_balanced_SPEED25_T480__S016_R02,balanced,0.6322198666733079
C050_V05_CHG_broad_SPEED25_T480__S016_R02,broad,0.6322198666733079
C050_V05_CHG_conservative_SPEED25_T480__S016_R02,conservative,3.978582259210018
C050_V05_CHG_balanced_SPEED25_T480__S016_R03,balanced,0.321466683688224
C050_V05_CHG_broad_SPEED25_T480__S016_R03,broad,0.321466683688224
C050_V05_CHG_conservative_SPEED25_T480__S016_R03,conservative,3.2512936932151417
C050_V05_CHG_balanced_SPEED25_T480__S016_R04,balanced,0.7359496312699696
C050_V05_CHG_broad_SPEED25_T480__S016_R04,broad,0.7359496312699696
C050_V05_CHG_conservative_SPEED25_T480__S016_R04,conservative,3.978582259210018
C050_V05_CHG_balanced_SPEED25_T480__S016_R05,balanced,0.3064755542665075
C050_V05_CHG_broad_SPEED25_T480__S016_R05,broad,0.3064755542665075
C050_V05_CHG_conservative_SPEED25_T480__S016_R05,conservative,3.978582259210018
C050_V01_CHG_balanced_SPEED25_T480__S017_R01,balanced,0.2228367270939579
C050_V01_CHG_broad_SPEED25_T480__S017_R01,broad,0.2228367270939579
C050_V01_CHG_conservative_SPEED25_T480__S017_R01,conservative,0.2228367270939579
C050_V03_CHG_balanced_SPEED25_T480__S017_R01,balanced,0.2228367270939579
C050_V03_CHG_broad_SPEED25_T480__S017_R01,broad,0.2228367270939579
C050_V03_CHG_conservative_SPEED25_T480__S017_R01,conservative,0.2228367270939579
C050_V03_CHG_balanced_SPEED25_T480__S017_R02,balanced,1.1736811744122295
C050_V03_CHG_broad_SPEED25_T480__S017_R02,broad,1.1736811744122295
C050_V03_CHG_conservative_SPEED25_T480__S017_R02,conservative,3.713129154687637
C050_V03_CHG_balanced_SPEED25_T480__S017_R03,balanced,0.7509917078626867
C050_V03_CHG_broad_SPEED25_T480__S017_R03,broad,0.7509917078626867
C050_V03_CHG_conservative_SPEED25_T480__S017_R03,conservative,0.881852916849742
C050_V05_CHG_balanced_SPEED25_T480__S017_R01,balanced,0.863139362395718
C050_V05_CHG_broad_SPEED25_T480__S017_R01,broad,0.863139362395718
C050_V05_CHG_conservative_SPEED25_T480__S017_R01,conservative,3.997484443603043
C050_V05_CHG_balanced_SPEED25_T480__S017_R02,balanced,1.1736811744122295
C050_V05_CHG_broad_SPEED25_T480__S017_R02,broad,1.1736811744122295
C050_V05_CHG_conservative_SPEED25_T480__S017_R02,conservative,3.713129154687637
C050_V05_CHG_balanced_SPEED25_T480__S017_R03,balanced,0.7509917078626867
C050_V05_CHG_broad_SPEED25_T480__S017_R03,broad,0.7509917078626867
C050_V05_CHG_conservative_SPEED25_T480__S017_R03,conservative,0.881852916849742
C050_V05_CHG_balanced_SPEED25_T480__S017_R04,balanced,1.4217341395469598
C050_V05_CHG_broad_SPEED25_T480__S017_R04,broad,1.4217341395469598
C050_V05_CHG_conservative_SPEED25_T480__S017_R04,conservative,3.997484443603043
C050_V05_CHG_balanced_SPEED25_T480__S017_R05,balanced,0.2228367270939579
C050_V05_CHG_broad_SPEED25_T480__S017_R05,broad,0.2228367270939579
C050_V05_CHG_conservative_SPEED25_T480__S017_R05,conservative,0.2228367270939579
C050_V01_CHG_balanced_SPEED25_T480__S018_R01,balanced,0.4143155412860254
C050_V01_CHG_broad_SPEED25_T480__S018_R01,broad,0.4143155412860254
C050_V01_CHG_conservative_SPEED25_T480__S018_R01,conservative,0.447251808477923
C050_V03_CHG_balanced_SPEED25_T480__S018_R01,balanced,0.5770640933510969
C050_V03_CHG_broad_SPEED25_T480__S018_R01,broad,0.5770640933510969
C050_V03_CHG_conservative_SPEED25_T480__S018_R01,conservative,1.018373141304176
C050_V03_CHG_balanced_SPEED25_T480__S018_R02,balanced,0.4143155412860254
C050_V03_CHG_broad_SPEED25_T480__S018_R02,broad,0.4143155412860254
C050_V03_CHG_conservative_SPEED25_T480__S018_R02,conservative,0.6506971482998989
C050_V03_CHG_balanced_SPEED25_T480__S018_R03,balanced,0.447251808477923
C050_V03_CHG_broad_SPEED25_T480__S018_R03,broad,0.447251808477923
C050_V03_CHG_conservative_SPEED25_T480__S018_R03,conservative,0.447251808477923
C050_V05_CHG_balanced_SPEED25_T480__S018_R01,balanced,0.4143155412860254
C050_V05_CHG_broad_SPEED25_T480__S018_R01,broad,0.4143155412860254
C050_V05_CHG_conservative_SPEED25_T480__S018_R01,conservative,0.6506971482998989
C050_V05_CHG_balanced_SPEED25_T480__S018_R02,balanced,0.5770640933510969
C050_V05_CHG_broad_SPEED25_T480__S018_R02,broad,0.5770640933510969
C050_V05_CHG_conservative_SPEED25_T480__S018_R02,conservative,3.997484443603043
C050_V05_CHG_balanced_SPEED25_T480__S018_R03,balanced,0.7629051002364301
C050_V05_CHG_broad_SPEED25_T480__S018_R03,broad,0.7629051002364301
C050_V05_CHG_conservative_SPEED25_T480__S018_R03,conservative,2.8431919206864196
C050_V05_CHG_balanced_SPEED25_T480__S018_R04,balanced,0.8725366078528624
C050_V05_CHG_broad_SPEED25_T480__S018_R04,broad,0.8725366078528624
C050_V05_CHG_conservative_SPEED25_T480__S018_R04,conservative,1.018373141304176
C050_V05_CHG_balanced_SPEED25_T480__S018_R05,balanced,0.447251808477923
C050_V05_CHG_broad_SPEED25_T480__S018_R05,broad,0.447251808477923
C050_V05_CHG_conservative_SPEED25_T480__S018_R05,conservative,0.447251808477923
C050_V01_CHG_balanced_SPEED25_T480__S019_R01,balanced,0.6178164080174056
C050_V01_CHG_broad_SPEED25_T480__S019_R01,broad,0.6178164080174056
C050_V01_CHG_conservative_SPEED25_T480__S019_R01,conservative,1.9538899617593295
C050_V03_CHG_balanced_SPEED25_T480__S019_R01,balanced,1.3403685578969726
C050_V03_CHG_broad_SPEED25_T480__S019_R01,broad,1.3403685578969726
C050_V03_CHG_conservative_SPEED25_T480__S019_R01,conservative,1.9538899617593295
C050_V03_CHG_balanced_SPEED25_T480__S019_R02,balanced,1.0250547007724995
C050_V03_CHG_broad_SPEED25_T480__S019_R02,broad,1.0250547007724995
C050_V03_CHG_conservative_SPEED25_T480__S019_R02,conservative,4.43830901292859
C050_V03_CHG_balanced_SPEED25_T480__S019_R03,balanced,0.6178164080174056
C050_V03_CHG_broad_SPEED25_T480__S019_R03,broad,0.6178164080174056
C050_V03_CHG_conservative_SPEED25_T480__S019_R03,conservative,3.077345691142565
C050_V05_CHG_balanced_SPEED25_T480__S019_R01,balanced,1.0250547007724995
C050_V05_CHG_broad_SPEED25_T480__S019_R01,broad,1.0250547007724995
C050_V05_CHG_conservative_SPEED25_T480__S019_R01,conservative,4.43830901292859
C050_V05_CHG_balanced_SPEED25_T480__S019_R02,balanced,1.2331948384332825
C050_V05_CHG_broad_SPEED25_T480__S019_R02,broad,1.2331948384332825
C050_V05_CHG_conservative_SPEED25_T480__S019_R02,conservative,3.077345691142565
C050_V05_CHG_balanced_SPEED25_T480__S019_R03,balanced,1.5589070819610455
C050_V05_CHG_broad_SPEED25_T480__S019_R03,broad,1.5589070819610455
C050_V05_CHG_conservative_SPEED25_T480__S019_R03,conservative,4.763169224802702
C050_V05_CHG_balanced_SPEED25_T480__S019_R04,balanced,1.3403685578969726
C050_V05_CHG_broad_SPEED25_T480__S019_R04,broad,1.3403685578969726
C050_V05_CHG_conservative_SPEED25_T480__S019_R04,conservative,1.9538899617593295
C050_V05_CHG_balanced_SPEED25_T480__S019_R05,balanced,0.6178164080174056
C050_V05_CHG_broad_SPEED25_T480__S019_R05,broad,0.6178164080174056
C050_V05_CHG_conservative_SPEED25_T480__S019_R05,conservative,6.404720535249363
C050_V01_CHG_balanced_SPEED25_T480__S020_R01,balanced,0.2456932316624994
C050_V01_CHG_broad_SPEED25_T480__S020_R01,broad,0.2456932316624994
C050_V01_CHG_conservative_SPEED25_T480__S020_R01,conservative,1.4503707949794875
C050_V03_CHG_balanced_SPEED25_T480__S020_R01,balanced,0.5397235824669728
C050_V03_CHG_broad_SPEED25_T480__S020_R01,broad,0.5397235824669728
C050_V03_CHG_conservative_SPEED25_T480__S020_R01,conservative,1.4503707949794875
C050_V03_CHG_balanced_SPEED25_T480__S020_R02,balanced,0.7233400761488744
C050_V03_CHG_broad_SPEED25_T480__S020_R02,broad,0.7233400761488744
C050_V03_CHG_conservative_SPEED25_T480__S020_R02,conservative,2.6555397318082568
C050_V03_CHG_balanced_SPEED25_T480__S020_R03,balanced,0.2456932316624994
C050_V03_CHG_broad_SPEED25_T480__S020_R03,broad,0.2456932316624994
C050_V03_CHG_conservative_SPEED25_T480__S020_R03,conservative,1.5927996488698914
C050_V05_CHG_balanced_SPEED25_T480__S020_R01,balanced,1.7959614697777266
C050_V05_CHG_broad_SPEED25_T480__S020_R01,broad,1.7959614697777266
C050_V05_CHG_conservative_SPEED25_T480__S020_R01,conservative,3.997484443603043
C050_V05_CHG_balanced_SPEED25_T480__S020_R02,balanced,1.205086402737322
C050_V05_CHG_broad_SPEED25_T480__S020_R02,broad,1.205086402737322
C050_V05_CHG_conservative_SPEED25_T480__S020_R02,conservative,2.8631313673328416
C050_V05_CHG_balanced_SPEED25_T480__S020_R03,balanced,0.5397235824669728
C050_V05_CHG_broad_SPEED25_T480__S020_R03,broad,0.5397235824669728
C050_V05_CHG_conservative_SPEED25_T480__S020_R03,conservative,1.4503707949794875
C050_V05_CHG_balanced_SPEED25_T480__S020_R04,balanced,0.7233400761488744
C050_V05_CHG_broad_SPEED25_T480__S020_R04,broad,0.7233400761488744
C050_V05_CHG_conservative_SPEED25_T480__S020_R04,conservative,2.6555397318082568
C050_V05_CHG_balanced_SPEED25_T480__S020_R05,balanced,0.2456932316624994
C050_V05_CHG_broad_SPEED25_T480__S020_R05,broad,0.2456932316624994
C050_V05_CHG_conservative_SPEED25_T480__S020_R05,conservative,1.5927996488698914
C050_V01_CHG_balanced_SPEED25_T480__S021_R01,balanced,0.4745577807654347
C050_V01_CHG_broad_SPEED25_T480__S021_R01,broad,0.4745577807654347
C050_V01_CHG_conservative_SPEED25_T480__S021_R01,conservative,1.1538363811611618
C050_V03_CHG_balanced_SPEED25_T480__S021_R01,balanced,0.4745577807654347
C050_V03_CHG_broad_SPEED25_T480__S021_R01,broad,0.4745577807654347
C050_V03_CHG_conservative_SPEED25_T480__S021_R01,conservative,2.7144931258663254
C050_V03_CHG_balanced_SPEED25_T480__S021_R02,balanced,0.7936155655099557
C050_V03_CHG_broad_SPEED25_T480__S021_R02,broad,0.7936155655099557
C050_V03_CHG_conservative_SPEED25_T480__S021_R02,conservative,1.1538363811611618
C050_V03_CHG_balanced_SPEED25_T480__S021_R03,balanced,0.4829943678226611
C050_V03_CHG_broad_SPEED25_T480__S021_R03,broad,0.4829943678226611
C050_V03_CHG_conservative_SPEED25_T480__S021_R03,conservative,2.5149119456994455
C050_V05_CHG_balanced_SPEED25_T480__S021_R01,balanced,0.4829943678226611
C050_V05_CHG_broad_SPEED25_T480__S021_R01,broad,0.4829943678226611
C050_V05_CHG_conservative_SPEED25_T480__S021_R01,conservative,2.5149119456994455
C050_V05_CHG_balanced_SPEED25_T480__S021_R02,balanced,1.2018117739523193
C050_V05_CHG_broad_SPEED25_T480__S021_R02,broad,1.2018117739523193
C050_V05_CHG_conservative_SPEED25_T480__S021_R02,conservative,2.6067646271616396
C050_V05_CHG_balanced_SPEED25_T480__S021_R03,balanced,0.4745577807654347
C050_V05_CHG_broad_SPEED25_T480__S021_R03,broad,0.4745577807654347
C050_V05_CHG_conservative_SPEED25_T480__S021_R03,conservative,2.7144931258663254
C050_V05_CHG_balanced_SPEED25_T480__S021_R04,balanced,0.7456747402892555
C050_V05_CHG_broad_SPEED25_T480__S021_R04,broad,0.7456747402892555
C050_V05_CHG_conservative_SPEED25_T480__S021_R04,conservative,3.997484443603043
C050_V05_CHG_balanced_SPEED25_T480__S021_R05,balanced,0.7936155655099557
C050_V05_CHG_broad_SPEED25_T480__S021_R05,broad,0.7936155655099557
C050_V05_CHG_conservative_SPEED25_T480__S021_R05,conservative,1.1538363811611618
C050_V01_CHG_balanced_SPEED25_T480__S022_R01,balanced,0.0392479014058045
C050_V01_CHG_broad_SPEED25_T480__S022_R01,broad,0.0392479014058045
C050_V01_CHG_conservative_SPEED25_T480__S022_R01,conservative,0.8805599958149071
C050_V03_CHG_balanced_SPEED25_T480__S022_R01,balanced,0.1713761781910884
C050_V03_CHG_broad_SPEED25_T480__S022_R01,broad,0.1713761781910884
C050_V03_CHG_conservative_SPEED25_T480__S022_R01,conservative,2.5699180407252076
C050_V03_CHG_balanced_SPEED25_T480__S022_R02,balanced,0.0392479014058045
C050_V03_CHG_broad_SPEED25_T480__S022_R02,broad,0.0392479014058045
C050_V03_CHG_conservative_SPEED25_T480__S022_R02,conservative,1.3719080502438454
C050_V03_CHG_balanced_SPEED25_T480__S022_R03,balanced,0.8805599958149071
C050_V03_CHG_broad_SPEED25_T480__S022_R03,broad,0.8805599958149071
C050_V03_CHG_conservative_SPEED25_T480__S022_R03,conservative,0.8805599958149071
C050_V05_CHG_balanced_SPEED25_T480__S022_R01,balanced,0.6977630808366555
C050_V05_CHG_broad_SPEED25_T480__S022_R01,broad,0.6977630808366555
C050_V05_CHG_conservative_SPEED25_T480__S022_R01,conservative,3.997484443603043
C050_V05_CHG_balanced_SPEED25_T480__S022_R02,balanced,0.1713761781910884
C050_V05_CHG_broad_SPEED25_T480__S022_R02,broad,0.1713761781910884
C050_V05_CHG_conservative_SPEED25_T480__S022_R02,conservative,2.5699180407252076
C050_V05_CHG_balanced_SPEED25_T480__S022_R03,balanced,0.8805599958149071
C050_V05_CHG_broad_SPEED25_T480__S022_R03,broad,0.8805599958149071
C050_V05_CHG_conservative_SPEED25_T480__S022_R03,conservative,0.8805599958149071
C050_V05_CHG_balanced_SPEED25_T480__S022_R04,balanced,0.3986366344997045
C050_V05_CHG_broad_SPEED25_T480__S022_R04,broad,0.3986366344997045
C050_V05_CHG_conservative_SPEED25_T480__S022_R04,conservative,3.82506287982038
C050_V05_CHG_balanced_SPEED25_T480__S022_R05,balanced,0.0392479014058045
C050_V05_CHG_broad_SPEED25_T480__S022_R05,broad,0.0392479014058045
C050_V05_CHG_conservative_SPEED25_T480__S022_R05,conservative,1.3719080502438454
C050_V01_CHG_balanced_SPEED25_T480__S023_R01,balanced,0.2323180486160757
C050_V01_CHG_broad_SPEED25_T480__S023_R01,broad,0.2323180486160757
C050_V01_CHG_conservative_SPEED25_T480__S023_R01,conservative,1.2583258737905596
C050_V03_CHG_balanced_SPEED25_T480__S023_R01,balanced,0.2323180486160757
C050_V03_CHG_broad_SPEED25_T480__S023_R01,broad,0.2323180486160757
C050_V03_CHG_conservative_SPEED25_T480__S023_R01,conservative,1.578179782355697
C050_V03_CHG_balanced_SPEED25_T480__S023_R02,balanced,0.6568960116059557
C050_V03_CHG_broad_SPEED25_T480__S023_R02,broad,0.6568960116059557
C050_V03_CHG_conservative_SPEED25_T480__S023_R02,conservative,1.2583258737905596
C050_V03_CHG_balanced_SPEED25_T480__S023_R03,balanced,1.0913642735542386
C050_V03_CHG_broad_SPEED25_T480__S023_R03,broad,1.0913642735542386
C050_V03_CHG_conservative_SPEED25_T480__S023_R03,conservative,2.047300166602156
C050_V05_CHG_balanced_SPEED25_T480__S023_R01,balanced,0.6568960116059557
C050_V05_CHG_broad_SPEED25_T480__S023_R01,broad,0.6568960116059557
C050_V05_CHG_conservative_SPEED25_T480__S023_R01,conservative,2.91358993098692
C050_V05_CHG_balanced_SPEED25_T480__S023_R02,balanced,0.2323180486160757
C050_V05_CHG_broad_SPEED25_T480__S023_R02,broad,0.2323180486160757
C050_V05_CHG_conservative_SPEED25_T480__S023_R02,conservative,1.578179782355697
C050_V05_CHG_balanced_SPEED25_T480__S023_R03,balanced,1.0913642735542386
C050_V05_CHG_broad_SPEED25_T480__S023_R03,broad,1.0913642735542386
C050_V05_CHG_conservative_SPEED25_T480__S023_R03,conservative,6.365972057645689
C050_V05_CHG_balanced_SPEED25_T480__S023_R04,balanced,1.2583258737905596
C050_V05_CHG_broad_SPEED25_T480__S023_R04,broad,1.2583258737905596
C050_V05_CHG_conservative_SPEED25_T480__S023_R04,conservative,1.2583258737905596
C050_V05_CHG_balanced_SPEED25_T480__S023_R05,balanced,1.1555658732730667
C050_V05_CHG_broad_SPEED25_T480__S023_R05,broad,1.1555658732730667
C050_V05_CHG_conservative_SPEED25_T480__S023_R05,conservative,2.047300166602156
C050_V01_CHG_balanced_SPEED25_T480__S024_R01,balanced,0.5248929339133741
C050_V01_CHG_broad_SPEED25_T480__S024_R01,broad,0.5248929339133741
C050_V01_CHG_conservative_SPEED25_T480__S024_R01,conservative,1.019423977216097
C050_V03_CHG_balanced_SPEED25_T480__S024_R01,balanced,1.3354816851190576
C050_V03_CHG_broad_SPEED25_T480__S024_R01,broad,1.3354816851190576
C050_V03_CHG_conservative_SPEED25_T480__S024_R01,conservative,2.1610362295417964
C050_V03_CHG_balanced_SPEED25_T480__S024_R02,balanced,0.7189401495089144
C050_V03_CHG_broad_SPEED25_T480__S024_R02,broad,0.7189401495089144
C050_V03_CHG_conservative_SPEED25_T480__S024_R02,conservative,1.9609094800168292
C050_V03_CHG_balanced_SPEED25_T480__S024_R03,balanced,0.5248929339133741
C050_V03_CHG_broad_SPEED25_T480__S024_R03,broad,0.5248929339133741
C050_V03_CHG_conservative_SPEED25_T480__S024_R03,conservative,1.019423977216097
C050_V05_CHG_balanced_SPEED25_T480__S024_R01,balanced,1.2903537239247391
C050_V05_CHG_broad_SPEED25_T480__S024_R01,broad,1.2903537239247391
C050_V05_CHG_conservative_SPEED25_T480__S024_R01,conservative,5.039524305001377
C050_V05_CHG_balanced_SPEED25_T480__S024_R02,balanced,0.7189401495089144
C050_V05_CHG_broad_SPEED25_T480__S024_R02,broad,0.7189401495089144
C050_V05_CHG_conservative_SPEED25_T480__S024_R02,conservative,1.9609094800168292
C050_V05_CHG_balanced_SPEED25_T480__S024_R03,balanced,0.5248929339133741
C050_V05_CHG_broad_SPEED25_T480__S024_R03,broad,0.5248929339133741
C050_V05_CHG_conservative_SPEED25_T480__S024_R03,conservative,1.019423977216097
C050_V05_CHG_balanced_SPEED25_T480__S024_R04,balanced,1.070661421235612
C050_V05_CHG_broad_SPEED25_T480__S024_R04,broad,1.070661421235612
C050_V05_CHG_conservative_SPEED25_T480__S024_R04,conservative,2.8732495319295386
C050_V05_CHG_balanced_SPEED25_T480__S024_R05,balanced,1.3354816851190576
C050_V05_CHG_broad_SPEED25_T480__S024_R05,broad,1.3354816851190576
C050_V05_CHG_conservative_SPEED25_T480__S024_R05,conservative,2.1610362295417964
C050_V01_CHG_balanced_SPEED25_T480__S025_R01,balanced,0.4491998293861979
C050_V01_CHG_broad_SPEED25_T480__S025_R01,broad,0.4491998293861979
C050_V01_CHG_conservative_SPEED25_T480__S025_R01,conservative,1.1338928412125535
C050_V03_CHG_balanced_SPEED25_T480__S025_R01,balanced,0.4491998293861979
C050_V03_CHG_broad_SPEED25_T480__S025_R01,broad,0.4491998293861979
C050_V03_CHG_conservative_SPEED25_T480__S025_R01,conservative,1.1338928412125535
C050_V03_CHG_balanced_SPEED25_T480__S025_R02,balanced,0.4615042796604169
C050_V03_CHG_broad_SPEED25_T480__S025_R02,broad,0.4615042796604169
C050_V03_CHG_conservative_SPEED25_T480__S025_R02,conservative,1.999033186906228
C050_V03_CHG_balanced_SPEED25_T480__S025_R03,balanced,0.5142177272044196
C050_V03_CHG_broad_SPEED25_T480__S025_R03,broad,0.5142177272044196
C050_V03_CHG_conservative_SPEED25_T480__S025_R03,conservative,2.17523811033605
C050_V05_CHG_balanced_SPEED25_T480__S025_R01,balanced,0.6430932272942091
C050_V05_CHG_broad_SPEED25_T480__S025_R01,broad,0.6430932272942091
C050_V05_CHG_conservative_SPEED25_T480__S025_R01,conservative,7.863625647583893
C050_V05_CHG_balanced_SPEED25_T480__S025_R02,balanced,0.4491998293861979
C050_V05_CHG_broad_SPEED25_T480__S025_R02,broad,0.4491998293861979
C050_V05_CHG_conservative_SPEED25_T480__S025_R02,conservative,1.1338928412125535
C050_V05_CHG_balanced_SPEED25_T480__S025_R03,balanced,0.5142177272044196
C050_V05_CHG_broad_SPEED25_T480__S025_R03,broad,0.5142177272044196
C050_V05_CHG_conservative_SPEED25_T480__S025_R03,conservative,2.17523811033605
C050_V05_CHG_balanced_SPEED25_T480__S025_R04,balanced,0.7189401495089144
C050_V05_CHG_broad_SPEED25_T480__S025_R04,broad,0.7189401495089144
C050_V05_CHG_conservative_SPEED25_T480__S025_R04,conservative,1.999033186906228
C050_V05_CHG_balanced_SPEED25_T480__S025_R05,balanced,0.4615042796604169
C050_V05_CHG_broad_SPEED25_T480__S025_R05,broad,0.4615042796604169
C050_V05_CHG_conservative_SPEED25_T480__S025_R05,conservative,4.142599739887895
C050_V01_CHG_balanced_SPEED25_T480__S026_R01,balanced,0.1435596088566212
C050_V01_CHG_broad_SPEED25_T480__S026_R01,broad,0.1435596088566212
C050_V01_CHG_conservative_SPEED25_T480__S026_R01,conservative,0.2765531767877906
C050_V03_CHG_balanced_SPEED25_T480__S026_R01,balanced,0.1435596088566212
C050_V03_CHG_broad_SPEED25_T480__S026_R01,broad,0.1435596088566212
C050_V03_CHG_conservative_SPEED25_T480__S026_R01,conservative,0.2765531767877906
C050_V03_CHG_balanced_SPEED25_T480__S026_R02,balanced,0.4704645052088447
C050_V03_CHG_broad_SPEED25_T480__S026_R02,broad,0.4704645052088447
C050_V03_CHG_conservative_SPEED25_T480__S026_R02,conservative,1.8978568701835343
C050_V03_CHG_balanced_SPEED25_T480__S026_R03,balanced,1.176272138452072
C050_V03_CHG_broad_SPEED25_T480__S026_R03,broad,1.176272138452072
C050_V03_CHG_conservative_SPEED25_T480__S026_R03,conservative,1.5927996488698914
C050_V05_CHG_balanced_SPEED25_T480__S026_R01,balanced,0.4704645052088447
C050_V05_CHG_broad_SPEED25_T480__S026_R01,broad,0.4704645052088447
C050_V05_CHG_conservative_SPEED25_T480__S026_R01,conservative,1.8978568701835343
C050_V05_CHG_balanced_SPEED25_T480__S026_R02,balanced,1.176272138452072
C050_V05_CHG_broad_SPEED25_T480__S026_R02,broad,1.176272138452072
C050_V05_CHG_conservative_SPEED25_T480__S026_R02,conservative,1.5927996488698914
C050_V05_CHG_balanced_SPEED25_T480__S026_R03,balanced,0.5691627871877268
C050_V05_CHG_broad_SPEED25_T480__S026_R03,broad,0.5691627871877268
C050_V05_CHG_conservative_SPEED25_T480__S026_R03,conservative,3.997484443603043
C050_V05_CHG_balanced_SPEED25_T480__S026_R04,balanced,0.1435596088566212
C050_V05_CHG_broad_SPEED25_T480__S026_R04,broad,0.1435596088566212
C050_V05_CHG_conservative_SPEED25_T480__S026_R04,conservative,0.2765531767877906
C050_V05_CHG_balanced_SPEED25_T480__S026_R05,balanced,1.5624911346499406
C050_V05_CHG_broad_SPEED25_T480__S026_R05,broad,1.5624911346499406
C050_V05_CHG_conservative_SPEED25_T480__S026_R05,conservative,3.997484443603043
C050_V01_CHG_balanced_SPEED25_T480__S027_R01,balanced,0.1352104639503605
C050_V01_CHG_broad_SPEED25_T480__S027_R01,broad,0.1352104639503605
C050_V01_CHG_conservative_SPEED25_T480__S027_R01,conservative,1.0857732938993452
C050_V03_CHG_balanced_SPEED25_T480__S027_R01,balanced,0.1352104639503605
C050_V03_CHG_broad_SPEED25_T480__S027_R01,broad,0.1352104639503605
C050_V03_CHG_conservative_SPEED25_T480__S027_R01,conservative,1.0857732938993452
C050_V03_CHG_balanced_SPEED25_T480__S027_R02,balanced,0.4931926415412813
C050_V03_CHG_broad_SPEED25_T480__S027_R02,broad,0.4931926415412813
C050_V03_CHG_conservative_SPEED25_T480__S027_R02,conservative,3.997484443603043
C050_V03_CHG_balanced_SPEED25_T480__S027_R03,balanced,0.5230472046845327
C050_V03_CHG_broad_SPEED25_T480__S027_R03,broad,0.5230472046845327
C050_V03_CHG_conservative_SPEED25_T480__S027_R03,conservative,2.7144931258663254
C050_V05_CHG_balanced_SPEED25_T480__S027_R01,balanced,0.4931926415412813
C050_V05_CHG_broad_SPEED25_T480__S027_R01,broad,0.4931926415412813
C050_V05_CHG_conservative_SPEED25_T480__S027_R01,conservative,3.997484443603043
C050_V05_CHG_balanced_SPEED25_T480__S027_R02,balanced,0.1352104639503605
C050_V05_CHG_broad_SPEED25_T480__S027_R02,broad,0.1352104639503605
C050_V05_CHG_conservative_SPEED25_T480__S027_R02,conservative,3.997484443603043
C050_V05_CHG_balanced_SPEED25_T480__S027_R03,balanced,0.9581932504548444
C050_V05_CHG_broad_SPEED25_T480__S027_R03,broad,0.9581932504548444
C050_V05_CHG_conservative_SPEED25_T480__S027_R03,conservative,1.5927996488698914
C050_V05_CHG_balanced_SPEED25_T480__S027_R04,balanced,1.4045982846055165
C050_V05_CHG_broad_SPEED25_T480__S027_R04,broad,1.4045982846055165
C050_V05_CHG_conservative_SPEED25_T480__S027_R04,conservative,3.997484443603043
C050_V05_CHG_balanced_SPEED25_T480__S027_R05,balanced,0.4402417533874605
C050_V05_CHG_broad_SPEED25_T480__S027_R05,broad,0.4402417533874605
C050_V05_CHG_conservative_SPEED25_T480__S027_R05,conservative,1.0857732938993452
C050_V01_CHG_balanced_SPEED25_T480__S028_R01,balanced,0.161268678653815
C050_V01_CHG_broad_SPEED25_T480__S028_R01,broad,0.161268678653815
C050_V01_CHG_conservative_SPEED25_T480__S028_R01,conservative,0.5640795517092885
C050_V03_CHG_balanced_SPEED25_T480__S028_R01,balanced,0.161268678653815
C050_V03_CHG_broad_SPEED25_T480__S028_R01,broad,0.161268678653815
C050_V03_CHG_conservative_SPEED25_T480__S028_R01,conservative,1.57005942558704
C050_V03_CHG_balanced_SPEED25_T480__S028_R02,balanced,0.2434723850998976
C050_V03_CHG_broad_SPEED25_T480__S028_R02,broad,0.2434723850998976
C050_V03_CHG_conservative_SPEED25_T480__S028_R02,conservative,0.5640795517092885
C050_V03_CHG_balanced_SPEED25_T480__S028_R03,balanced,1.130317674904478
C050_V03_CHG_broad_SPEED25_T480__S028_R03,broad,1.130317674904478
C050_V03_CHG_conservative_SPEED25_T480__S028_R03,conservative,1.130317674904478
C050_V05_CHG_balanced_SPEED25_T480__S028_R01,balanced,0.480132024659015
C050_V05_CHG_broad_SPEED25_T480__S028_R01,broad,0.480132024659015
C050_V05_CHG_conservative_SPEED25_T480__S028_R01,conservative,1.57005942558704
C050_V05_CHG_balanced_SPEED25_T480__S028_R02,balanced,0.716347349333825
C050_V05_CHG_broad_SPEED25_T480__S028_R02,broad,0.716347349333825
C050_V05_CHG_conservative_SPEED25_T480__S028_R02,conservative,5.697464196190043
C050_V05_CHG_balanced_SPEED25_T480__S028_R03,balanced,1.130317674904478
C050_V05_CHG_broad_SPEED25_T480__S028_R03,broad,1.130317674904478
C050_V05_CHG_conservative_SPEED25_T480__S028_R03,conservative,1.130317674904478
C050_V05_CHG_balanced_SPEED25_T480__S028_R04,balanced,0.2434723850998976
C050_V05_CHG_broad_SPEED25_T480__S028_R04,broad,0.2434723850998976
C050_V05_CHG_conservative_SPEED25_T480__S028_R04,conservative,0.5640795517092885
C050_V05_CHG_balanced_SPEED25_T480__S028_R05,balanced,0.161268678653815
C050_V05_CHG_broad_SPEED25_T480__S028_R05,broad,0.161268678653815
C050_V05_CHG_conservative_SPEED25_T480__S028_R05,conservative,2.145498533559058
C050_V01_CHG_balanced_SPEED25_T480__S029_R01,balanced,0.3161439050651855
C050_V01_CHG_broad_SPEED25_T480__S029_R01,broad,0.3161439050651855
C050_V01_CHG_conservative_SPEED25_T480__S029_R01,conservative,0.999341014950298
C050_V03_CHG_balanced_SPEED25_T480__S029_R01,balanced,0.3161439050651855
C050_V03_CHG_broad_SPEED25_T480__S029_R01,broad,0.3161439050651855
C050_V03_CHG_conservative_SPEED25_T480__S029_R01,conservative,2.563344596409249
C050_V03_CHG_balanced_SPEED25_T480__S029_R02,balanced,0.6554844771986755
C050_V03_CHG_broad_SPEED25_T480__S029_R02,broad,0.6554844771986755
C050_V03_CHG_conservative_SPEED25_T480__S029_R02,conservative,2.531933165562088
C050_V03_CHG_balanced_SPEED25_T480__S029_R03,balanced,0.5006194935976195
C050_V03_CHG_broad_SPEED25_T480__S029_R03,broad,0.5006194935976195
C050_V03_CHG_conservative_SPEED25_T480__S029_R03,conservative,0.999341014950298
C050_V05_CHG_balanced_SPEED25_T480__S029_R01,balanced,0.7935325210339729
C050_V05_CHG_broad_SPEED25_T480__S029_R01,broad,0.7935325210339729
C050_V05_CHG_conservative_SPEED25_T480__S029_R01,conservative,1.579675547566132
C050_V05_CHG_balanced_SPEED25_T480__S029_R02,balanced,0.3161439050651855
C050_V05_CHG_broad_SPEED25_T480__S029_R02,broad,0.3161439050651855
C050_V05_CHG_conservative_SPEED25_T480__S029_R02,conservative,2.563344596409249
C050_V05_CHG_balanced_SPEED25_T480__S029_R03,balanced,0.6554844771986755
C050_V05_CHG_broad_SPEED25_T480__S029_R03,broad,0.6554844771986755
C050_V05_CHG_conservative_SPEED25_T480__S029_R03,conservative,2.531933165562088
C050_V05_CHG_balanced_SPEED25_T480__S029_R04,balanced,0.9326736551685406
C050_V05_CHG_broad_SPEED25_T480__S029_R04,broad,0.9326736551685406
C050_V05_CHG_conservative_SPEED25_T480__S029_R04,conservative,3.997484443603043
C050_V05_CHG_balanced_SPEED25_T480__S029_R05,balanced,0.5006194935976195
C050_V05_CHG_broad_SPEED25_T480__S029_R05,broad,0.5006194935976195
C050_V05_CHG_conservative_SPEED25_T480__S029_R05,conservative,0.999341014950298
C050_V01_CHG_balanced_SPEED25_T480__S030_R01,balanced,0.1203956576248669
C050_V01_CHG_broad_SPEED25_T480__S030_R01,broad,0.1203956576248669
C050_V01_CHG_conservative_SPEED25_T480__S030_R01,conservative,0.8587959115861339
C050_V03_CHG_balanced_SPEED25_T480__S030_R01,balanced,0.2462428815964527
C050_V03_CHG_broad_SPEED25_T480__S030_R01,broad,0.2462428815964527
C050_V03_CHG_conservative_SPEED25_T480__S030_R01,conservative,0.8587959115861339
C050_V03_CHG_balanced_SPEED25_T480__S030_R02,balanced,1.584744416709691
C050_V03_CHG_broad_SPEED25_T480__S030_R02,broad,1.584744416709691
C050_V03_CHG_conservative_SPEED25_T480__S030_R02,conservative,1.605237762605532
C050_V03_CHG_balanced_SPEED25_T480__S030_R03,balanced,0.1203956576248669
C050_V03_CHG_broad_SPEED25_T480__S030_R03,broad,0.1203956576248669
C050_V03_CHG_conservative_SPEED25_T480__S030_R03,conservative,2.1011234016746445
C050_V05_CHG_balanced_SPEED25_T480__S030_R01,balanced,0.2462428815964527
C050_V05_CHG_broad_SPEED25_T480__S030_R01,broad,0.2462428815964527
C050_V05_CHG_conservative_SPEED25_T480__S030_R01,conservative,0.8587959115861339
C050_V05_CHG_balanced_SPEED25_T480__S030_R02,balanced,0.1203956576248669
C050_V05_CHG_broad_SPEED25_T480__S030_R02,broad,0.1203956576248669
C050_V05_CHG_conservative_SPEED25_T480__S030_R02,conservative,4.266809908468885
C050_V05_CHG_balanced_SPEED25_T480__S030_R03,balanced,1.3693511391463555
C050_V05_CHG_broad_SPEED25_T480__S030_R03,broad,1.3693511391463555
C050_V05_CHG_conservative_SPEED25_T480__S030_R03,conservative,2.1011234016746445
C050_V05_CHG_balanced_SPEED25_T480__S030_R04,balanced,0.9622497130492113
C050_V05_CHG_broad_SPEED25_T480__S030_R04,broad,0.9622497130492113
C050_V05_CHG_conservative_SPEED25_T480__S030_R04,conservative,9.117352153867175
C050_V05_CHG_balanced_SPEED25_T480__S030_R05,balanced,1.584744416709691
C050_V05_CHG_broad_SPEED25_T480__S030_R05,broad,1.584744416709691
C050_V05_CHG_conservative_SPEED25_T480__S030_R05,conservative,1.605237762605532
C050_V01_CHG_balanced_SPEED25_T480__S031_R01,balanced,0.1217276985426093
C050_V01_CHG_broad_SPEED25_T480__S031_R01,broad,0.1217276985426093
C050_V01_CHG_conservative_SPEED25_T480__S031_R01,conservative,0.8556303223726603
C050_V03_CHG_balanced_SPEED25_T480__S031_R01,balanced,0.3524827993649502
C050_V03_CHG_broad_SPEED25_T480__S031_R01,broad,0.3524827993649502
C050_V03_CHG_conservative_SPEED25_T480__S031_R01,conservative,3.514734560546568
C050_V03_CHG_balanced_SPEED25_T480__S031_R02,balanced,0.1217276985426093
C050_V03_CHG_broad_SPEED25_T480__S031_R02,broad,0.1217276985426093
C050_V03_CHG_conservative_SPEED25_T480__S031_R02,conservative,1.5720270365754996
C050_V03_CHG_balanced_SPEED25_T480__S031_R03,balanced,0.2483321713458325
C050_V03_CHG_broad_SPEED25_T480__S031_R03,broad,0.2483321713458325
C050_V03_CHG_conservative_SPEED25_T480__S031_R03,conservative,0.8556303223726603
C050_V05_CHG_balanced_SPEED25_T480__S031_R01,balanced,0.9036528170087282
C050_V05_CHG_broad_SPEED25_T480__S031_R01,broad,0.9036528170087282
C050_V05_CHG_conservative_SPEED25_T480__S031_R01,conservative,1.5720270365754996
C050_V05_CHG_balanced_SPEED25_T480__S031_R02,balanced,0.2483321713458325
C050_V05_CHG_broad_SPEED25_T480__S031_R02,broad,0.2483321713458325
C050_V05_CHG_conservative_SPEED25_T480__S031_R02,conservative,0.8556303223726603
C050_V05_CHG_balanced_SPEED25_T480__S031_R03,balanced,0.3524827993649502
C050_V05_CHG_broad_SPEED25_T480__S031_R03,broad,0.3524827993649502
C050_V05_CHG_conservative_SPEED25_T480__S031_R03,conservative,3.514734560546568
C050_V05_CHG_balanced_SPEED25_T480__S031_R04,balanced,0.9948931181263878
C050_V05_CHG_broad_SPEED25_T480__S031_R04,broad,0.9948931181263878
C050_V05_CHG_conservative_SPEED25_T480__S031_R04,conservative,1.9699687391354936
C050_V05_CHG_balanced_SPEED25_T480__S031_R05,balanced,0.1217276985426093
C050_V05_CHG_broad_SPEED25_T480__S031_R05,broad,0.1217276985426093
C050_V05_CHG_conservative_SPEED25_T480__S031_R05,conservative,2.9640974537933227
C050_V01_CHG_balanced_SPEED25_T480__S032_R01,balanced,0.4269478617874594
C050_V01_CHG_broad_SPEED25_T480__S032_R01,broad,0.4269478617874594
C050_V01_CHG_conservative_SPEED25_T480__S032_R01,conservative,0.5135541173180224
C050_V03_CHG_balanced_SPEED25_T480__S032_R01,balanced,1.0602971844716234
C050_V03_CHG_broad_SPEED25_T480__S032_R01,broad,1.0602971844716234
C050_V03_CHG_conservative_SPEED25_T480__S032_R01,conservative,1.0602971844716234
C050_V03_CHG_balanced_SPEED25_T480__S032_R02,balanced,0.4269478617874594
C050_V03_CHG_broad_SPEED25_T480__S032_R02,broad,0.4269478617874594
C050_V03_CHG_conservative_SPEED25_T480__S032_R02,conservative,2.845787982956924
C050_V03_CHG_balanced_SPEED25_T480__S032_R03,balanced,0.4436198606660707
C050_V03_CHG_broad_SPEED25_T480__S032_R03,broad,0.4436198606660707
C050_V03_CHG_conservative_SPEED25_T480__S032_R03,conservative,0.5135541173180224
C050_V05_CHG_balanced_SPEED25_T480__S032_R01,balanced,0.4269478617874594
C050_V05_CHG_broad_SPEED25_T480__S032_R01,broad,0.4269478617874594
C050_V05_CHG_conservative_SPEED25_T480__S032_R01,conservative,2.845787982956924
C050_V05_CHG_balanced_SPEED25_T480__S032_R02,balanced,1.0602971844716234
C050_V05_CHG_broad_SPEED25_T480__S032_R02,broad,1.0602971844716234
C050_V05_CHG_conservative_SPEED25_T480__S032_R02,conservative,1.0602971844716234
C050_V05_CHG_balanced_SPEED25_T480__S032_R03,balanced,0.5369848461383968
C050_V05_CHG_broad_SPEED25_T480__S032_R03,broad,0.5369848461383968
C050_V05_CHG_conservative_SPEED25_T480__S032_R03,conservative,0.5369848461383968
C050_V05_CHG_balanced_SPEED25_T480__S032_R04,balanced,0.4436198606660707
C050_V05_CHG_broad_SPEED25_T480__S032_R04,broad,0.4436198606660707
C050_V05_CHG_conservative_SPEED25_T480__S032_R04,conservative,0.5135541173180224
C050_V05_CHG_balanced_SPEED25_T480__S032_R05,balanced,0.5770640933510969
C050_V05_CHG_broad_SPEED25_T480__S032_R05,broad,0.5770640933510969
C050_V05_CHG_conservative_SPEED25_T480__S032_R05,conservative,3.9347468810131705
C050_V01_CHG_balanced_SPEED25_T480__S033_R01,balanced,0.5294406003235377
C050_V01_CHG_broad_SPEED25_T480__S033_R01,broad,0.5294406003235377
C050_V01_CHG_conservative_SPEED25_T480__S033_R01,conservative,1.4191620699984266
C050_V03_CHG_balanced_SPEED25_T480__S033_R01,balanced,0.5294406003235377
C050_V03_CHG_broad_SPEED25_T480__S033_R01,broad,0.5294406003235377
C050_V03_CHG_conservative_SPEED25_T480__S033_R01,conservative,2.2884756628649945
C050_V03_CHG_balanced_SPEED25_T480__S033_R02,balanced,0.8190595628964153
C050_V03_CHG_broad_SPEED25_T480__S033_R02,broad,0.8190595628964153
C050_V03_CHG_conservative_SPEED25_T480__S033_R02,conservative,2.7317132287612713
C050_V03_CHG_balanced_SPEED25_T480__S033_R03,balanced,0.718055570126278
C050_V03_CHG_broad_SPEED25_T480__S033_R03,broad,0.718055570126278
C050_V03_CHG_conservative_SPEED25_T480__S033_R03,conservative,1.4191620699984266
C050_V05_CHG_balanced_SPEED25_T480__S033_R01,balanced,0.7456747402892555
C050_V05_CHG_broad_SPEED25_T480__S033_R01,broad,0.7456747402892555
C050_V05_CHG_conservative_SPEED25_T480__S033_R01,conservative,2.2884756628649945
C050_V05_CHG_balanced_SPEED25_T480__S033_R02,balanced,0.8190595628964153
C050_V05_CHG_broad_SPEED25_T480__S033_R02,broad,0.8190595628964153
C050_V05_CHG_conservative_SPEED25_T480__S033_R02,conservative,2.7317132287612713
C050_V05_CHG_balanced_SPEED25_T480__S033_R03,balanced,0.718055570126278
C050_V05_CHG_broad_SPEED25_T480__S033_R03,broad,0.718055570126278
C050_V05_CHG_conservative_SPEED25_T480__S033_R03,conservative,1.4191620699984266
C050_V05_CHG_balanced_SPEED25_T480__S033_R04,balanced,0.5294406003235377
C050_V05_CHG_broad_SPEED25_T480__S033_R04,broad,0.5294406003235377
C050_V05_CHG_conservative_SPEED25_T480__S033_R04,conservative,2.299766102980443
C050_V05_CHG_balanced_SPEED25_T480__S033_R05,balanced,1.448765826356544
C050_V05_CHG_broad_SPEED25_T480__S033_R05,broad,1.448765826356544
C050_V05_CHG_conservative_SPEED25_T480__S033_R05,conservative,7.187225644325453
C050_V01_CHG_balanced_SPEED25_T480__S034_R01,balanced,0.0294098338966537
C050_V01_CHG_broad_SPEED25_T480__S034_R01,broad,0.0294098338966537
C050_V01_CHG_conservative_SPEED25_T480__S034_R01,conservative,1.5596133083643726
C050_V03_CHG_balanced_SPEED25_T480__S034_R01,balanced,0.0294098338966537
C050_V03_CHG_broad_SPEED25_T480__S034_R01,broad,0.0294098338966537
C050_V03_CHG_conservative_SPEED25_T480__S034_R01,conservative,2.463351261306826
C050_V03_CHG_balanced_SPEED25_T480__S034_R02,balanced,0.425439561541791
C050_V03_CHG_broad_SPEED25_T480__S034_R02,broad,0.425439561541791
C050_V03_CHG_conservative_SPEED25_T480__S034_R02,conservative,1.5596133083643726
C050_V03_CHG_balanced_SPEED25_T480__S034_R03,balanced,0.7168083405320381
C050_V03_CHG_broad_SPEED25_T480__S034_R03,broad,0.7168083405320381
C050_V03_CHG_conservative_SPEED25_T480__S034_R03,conservative,2.449160675673182
C050_V05_CHG_balanced_SPEED25_T480__S034_R01,balanced,1.1432611413728182
C050_V05_CHG_broad_SPEED25_T480__S034_R01,broad,1.1432611413728182
C050_V05_CHG_conservative_SPEED25_T480__S034_R01,conservative,1.5596133083643726
C050_V05_CHG_balanced_SPEED25_T480__S034_R02,balanced,0.7168083405320381
C050_V05_CHG_broad_SPEED25_T480__S034_R02,broad,0.7168083405320381
C050_V05_CHG_conservative_SPEED25_T480__S034_R02,conservative,2.449160675673182
C050_V05_CHG_balanced_SPEED25_T480__S034_R03,balanced,0.0294098338966537
C050_V05_CHG_broad_SPEED25_T480__S034_R03,broad,0.0294098338966537
C050_V05_CHG_conservative_SPEED25_T480__S034_R03,conservative,2.463351261306826
C050_V05_CHG_balanced_SPEED25_T480__S034_R04,balanced,0.425439561541791
C050_V05_CHG_broad_SPEED25_T480__S034_R04,broad,0.425439561541791
C050_V05_CHG_conservative_SPEED25_T480__S034_R04,conservative,1.6025735061437765
C050_V05_CHG_balanced_SPEED25_T480__S034_R05,balanced,1.0144488892374075
C050_V05_CHG_broad_SPEED25_T480__S034_R05,broad,1.0144488892374075
C050_V05_CHG_conservative_SPEED25_T480__S034_R05,conservative,2.7361868191716536
C050_V01_CHG_balanced_SPEED25_T480__S035_R01,balanced,0.0483159320491876
C050_V01_CHG_broad_SPEED25_T480__S035_R01,broad,0.0483159320491876
C050_V01_CHG_conservative_SPEED25_T480__S035_R01,conservative,0.5135541173180224
C050_V03_CHG_balanced_SPEED25_T480__S035_R01,balanced,0.0483159320491876
C050_V03_CHG_broad_SPEED25_T480__S035_R01,broad,0.0483159320491876
C050_V03_CHG_conservative_SPEED25_T480__S035_R01,conservative,0.5135541173180224
C050_V03_CHG_balanced_SPEED25_T480__S035_R02,balanced,0.894199614072379
C050_V03_CHG_broad_SPEED25_T480__S035_R02,broad,0.894199614072379
C050_V03_CHG_conservative_SPEED25_T480__S035_R02,conservative,1.81703709347506
C050_V03_CHG_balanced_SPEED25_T480__S035_R03,balanced,1.062097599790528
C050_V03_CHG_broad_SPEED25_T480__S035_R03,broad,1.062097599790528
C050_V03_CHG_conservative_SPEED25_T480__S035_R03,conservative,1.6289740012859697
C050_V05_CHG_balanced_SPEED25_T480__S035_R01,balanced,0.4171636722753233
C050_V05_CHG_broad_SPEED25_T480__S035_R01,broad,0.4171636722753233
C050_V05_CHG_conservative_SPEED25_T480__S035_R01,conservative,0.5135541173180224
C050_V05_CHG_balanced_SPEED25_T480__S035_R02,balanced,0.894199614072379
C050_V05_CHG_broad_SPEED25_T480__S035_R02,broad,0.894199614072379
C050_V05_CHG_conservative_SPEED25_T480__S035_R02,conservative,1.81703709347506
C050_V05_CHG_balanced_SPEED25_T480__S035_R03,balanced,1.117674258211852
C050_V05_CHG_broad_SPEED25_T480__S035_R03,broad,1.117674258211852
C050_V05_CHG_conservative_SPEED25_T480__S035_R03,conservative,1.6289740012859697
C050_V05_CHG_balanced_SPEED25_T480__S035_R04,balanced,1.230562587816618
C050_V05_CHG_broad_SPEED25_T480__S035_R04,broad,1.230562587816618
C050_V05_CHG_conservative_SPEED25_T480__S035_R04,conservative,9.123655509180232
C050_V05_CHG_balanced_SPEED25_T480__S035_R05,balanced,0.0483159320491876
C050_V05_CHG_broad_SPEED25_T480__S035_R05,broad,0.0483159320491876
C050_V05_CHG_conservative_SPEED25_T480__S035_R05,conservative,2.7377783928890462
C050_V01_CHG_balanced_SPEED25_T480__S036_R01,balanced,0.4184622392458773
C050_V01_CHG_broad_SPEED25_T480__S036_R01,broad,0.4184622392458773
C050_V01_CHG_conservative_SPEED25_T480__S036_R01,conservative,1.1935635926001795
C050_V03_CHG_balanced_SPEED25_T480__S036_R01,balanced,0.5139708163167945
C050_V03_CHG_broad_SPEED25_T480__S036_R01,broad,0.5139708163167945
C050_V03_CHG_conservative_SPEED25_T480__S036_R01,conservative,2.1420113131790264
C050_V03_CHG_balanced_SPEED25_T480__S036_R02,balanced,0.4184622392458773
C050_V03_CHG_broad_SPEED25_T480__S036_R02,broad,0.4184622392458773
C050_V03_CHG_conservative_SPEED25_T480__S036_R02,conservative,4.352526099959356
C050_V03_CHG_balanced_SPEED25_T480__S036_R03,balanced,0.5058936195258452
C050_V03_CHG_broad_SPEED25_T480__S036_R03,broad,0.5058936195258452
C050_V03_CHG_conservative_SPEED25_T480__S036_R03,conservative,1.1935635926001795
C050_V05_CHG_balanced_SPEED25_T480__S036_R01,balanced,0.863139362395718
C050_V05_CHG_broad_SPEED25_T480__S036_R01,broad,0.863139362395718
C050_V05_CHG_conservative_SPEED25_T480__S036_R01,conservative,1.1935635926001795
C050_V05_CHG_balanced_SPEED25_T480__S036_R02,balanced,0.4184622392458773
C050_V05_CHG_broad_SPEED25_T480__S036_R02,broad,0.4184622392458773
C050_V05_CHG_conservative_SPEED25_T480__S036_R02,conservative,6.287732017037756
C050_V05_CHG_balanced_SPEED25_T480__S036_R03,balanced,0.5139708163167945
C050_V05_CHG_broad_SPEED25_T480__S036_R03,broad,0.5139708163167945
C050_V05_CHG_conservative_SPEED25_T480__S036_R03,conservative,2.1420113131790264
C050_V05_CHG_balanced_SPEED25_T480__S036_R04,balanced,0.5058936195258452
C050_V05_CHG_broad_SPEED25_T480__S036_R04,broad,0.5058936195258452
C050_V05_CHG_conservative_SPEED25_T480__S036_R04,conservative,2.392152226398796
C050_V05_CHG_balanced_SPEED25_T480__S036_R05,balanced,1.5730863138386884
C050_V05_CHG_broad_SPEED25_T480__S036_R05,broad,1.5730863138386884
C050_V05_CHG_conservative_SPEED25_T480__S036_R05,conservative,4.352526099959356
C050_V01_CHG_balanced_SPEED25_T480__S037_R01,balanced,0.0060152038704629
C050_V01_CHG_broad_SPEED25_T480__S037_R01,broad,0.0060152038704629
C050_V01_CHG_conservative_SPEED25_T480__S037_R01,conservative,0.8587959115861339
C050_V03_CHG_balanced_SPEED25_T480__S037_R01,balanced,0.0060152038704629
C050_V03_CHG_broad_SPEED25_T480__S037_R01,broad,0.0060152038704629
C050_V03_CHG_conservative_SPEED25_T480__S037_R01,conservative,0.8587959115861339
C050_V03_CHG_balanced_SPEED25_T480__S037_R02,balanced,0.334011955846269
C050_V03_CHG_broad_SPEED25_T480__S037_R02,broad,0.334011955846269
C050_V03_CHG_conservative_SPEED25_T480__S037_R02,conservative,3.5556238271295673
C050_V03_CHG_balanced_SPEED25_T480__S037_R03,balanced,0.3931205228160785
C050_V03_CHG_broad_SPEED25_T480__S037_R03,broad,0.3931205228160785
C050_V03_CHG_conservative_SPEED25_T480__S037_R03,conservative,3.1721722140328987
C050_V05_CHG_balanced_SPEED25_T480__S037_R01,balanced,0.334011955846269
C050_V05_CHG_broad_SPEED25_T480__S037_R01,broad,0.334011955846269
C050_V05_CHG_conservative_SPEED25_T480__S037_R01,conservative,3.997484443603043
C050_V05_CHG_balanced_SPEED25_T480__S037_R02,balanced,0.8357263678125868
C050_V05_CHG_broad_SPEED25_T480__S037_R02,broad,0.8357263678125868
C050_V05_CHG_conservative_SPEED25_T480__S037_R02,conservative,0.9114269108146787
C050_V05_CHG_balanced_SPEED25_T480__S037_R03,balanced,0.3931205228160785
C050_V05_CHG_broad_SPEED25_T480__S037_R03,broad,0.3931205228160785
C050_V05_CHG_conservative_SPEED25_T480__S037_R03,conservative,3.4882184684215845
C050_V05_CHG_balanced_SPEED25_T480__S037_R04,balanced,0.0060152038704629
C050_V05_CHG_broad_SPEED25_T480__S037_R04,broad,0.0060152038704629
C050_V05_CHG_conservative_SPEED25_T480__S037_R04,conservative,0.8587959115861339
C050_V05_CHG_balanced_SPEED25_T480__S037_R05,balanced,0.9548570451717396
C050_V05_CHG_broad_SPEED25_T480__S037_R05,broad,0.9548570451717396
C050_V05_CHG_conservative_SPEED25_T480__S037_R05,conservative,3.5556238271295673
C050_V01_CHG_balanced_SPEED25_T480__S038_R01,balanced,0.4462940168429167
C050_V01_CHG_broad_SPEED25_T480__S038_R01,broad,0.4462940168429167
C050_V01_CHG_conservative_SPEED25_T480__S038_R01,conservative,1.067615280980875
C050_V03_CHG_balanced_SPEED25_T480__S038_R01,balanced,0.4462940168429167
C050_V03_CHG_broad_SPEED25_T480__S038_R01,broad,0.4462940168429167
C050_V03_CHG_conservative_SPEED25_T480__S038_R01,conservative,1.7657077346041483
C050_V03_CHG_balanced_SPEED25_T480__S038_R02,balanced,1.7073751033738558
C050_V03_CHG_broad_SPEED25_T480__S038_R02,broad,1.7073751033738558
C050_V03_CHG_conservative_SPEED25_T480__S038_R02,conservative,2.6064550534898734
C050_V03_CHG_balanced_SPEED25_T480__S038_R03,balanced,0.7322365116698409
C050_V03_CHG_broad_SPEED25_T480__S038_R03,broad,0.7322365116698409
C050_V03_CHG_conservative_SPEED25_T480__S038_R03,conservative,1.067615280980875
C050_V05_CHG_balanced_SPEED25_T480__S038_R01,balanced,1.7073751033738558
C050_V05_CHG_broad_SPEED25_T480__S038_R01,broad,1.7073751033738558
C050_V05_CHG_conservative_SPEED25_T480__S038_R01,conservative,2.6064550534898734
C050_V05_CHG_balanced_SPEED25_T480__S038_R02,balanced,0.6970489474337966
C050_V05_CHG_broad_SPEED25_T480__S038_R02,broad,0.6970489474337966
C050_V05_CHG_conservative_SPEED25_T480__S038_R02,conservative,1.067615280980875
C050_V05_CHG_balanced_SPEED25_T480__S038_R03,balanced,0.5770640933510969
C050_V05_CHG_broad_SPEED25_T480__S038_R03,broad,0.5770640933510969
C050_V05_CHG_conservative_SPEED25_T480__S038_R03,conservative,5.332948250938228
C050_V05_CHG_balanced_SPEED25_T480__S038_R04,balanced,0.4462940168429167
C050_V05_CHG_broad_SPEED25_T480__S038_R04,broad,0.4462940168429167
C050_V05_CHG_conservative_SPEED25_T480__S038_R04,conservative,1.7626527549931366
C050_V05_CHG_balanced_SPEED25_T480__S038_R05,balanced,0.7322365116698409
C050_V05_CHG_broad_SPEED25_T480__S038_R05,broad,0.7322365116698409
C050_V05_CHG_conservative_SPEED25_T480__S038_R05,conservative,2.1363411673269637
C050_V01_CHG_balanced_SPEED25_T480__S039_R01,balanced,0.1203956576248669
C050_V01_CHG_broad_SPEED25_T480__S039_R01,broad,0.1203956576248669
C050_V01_CHG_conservative_SPEED25_T480__S039_R01,conservative,1.339420906892086
C050_V03_CHG_balanced_SPEED25_T480__S039_R01,balanced,0.3095444257874438
C050_V03_CHG_broad_SPEED25_T480__S039_R01,broad,0.3095444257874438
C050_V03_CHG_conservative_SPEED25_T480__S039_R01,conservative,2.9717356512867266
C050_V03_CHG_balanced_SPEED25_T480__S039_R02,balanced,0.1203956576248669
C050_V03_CHG_broad_SPEED25_T480__S039_R02,broad,0.1203956576248669
C050_V03_CHG_conservative_SPEED25_T480__S039_R02,conservative,1.3996688962125017
C050_V03_CHG_balanced_SPEED25_T480__S039_R03,balanced,0.6950080278816316
C050_V03_CHG_broad_SPEED25_T480__S039_R03,broad,0.6950080278816316
C050_V03_CHG_conservative_SPEED25_T480__S039_R03,conservative,1.339420906892086
C050_V05_CHG_balanced_SPEED25_T480__S039_R01,balanced,0.790068541978136
C050_V05_CHG_broad_SPEED25_T480__S039_R01,broad,0.790068541978136
C050_V05_CHG_conservative_SPEED25_T480__S039_R01,conservative,2.9717356512867266
C050_V05_CHG_balanced_SPEED25_T480__S039_R02,balanced,1.2613571224745546
C050_V05_CHG_broad_SPEED25_T480__S039_R02,broad,1.2613571224745546
C050_V05_CHG_conservative_SPEED25_T480__S039_R02,conservative,3.997484443603043
C050_V05_CHG_balanced_SPEED25_T480__S039_R03,balanced,0.1375179190825469
C050_V05_CHG_broad_SPEED25_T480__S039_R03,broad,0.1375179190825469
C050_V05_CHG_conservative_SPEED25_T480__S039_R03,conservative,1.3996688962125017
C050_V05_CHG_balanced_SPEED25_T480__S039_R04,balanced,0.1203956576248669
C050_V05_CHG_broad_SPEED25_T480__S039_R04,broad,0.1203956576248669
C050_V05_CHG_conservative_SPEED25_T480__S039_R04,conservative,3.997484443603043
C050_V05_CHG_balanced_SPEED25_T480__S039_R05,balanced,0.3095444257874438
C050_V05_CHG_broad_SPEED25_T480__S039_R05,broad,0.3095444257874438
C050_V05_CHG_conservative_SPEED25_T480__S039_R05,conservative,1.339420906892086
C050_V01_CHG_balanced_SPEED25_T480__S040_R01,balanced,0.0216287773213833
C050_V01_CHG_broad_SPEED25_T480__S040_R01,broad,0.0216287773213833
C050_V01_CHG_conservative_SPEED25_T480__S040_R01,conservative,0.3027685018662859
C050_V03_CHG_balanced_SPEED25_T480__S040_R01,balanced,0.2837205416354548
C050_V03_CHG_broad_SPEED25_T480__S040_R01,broad,0.2837205416354548
C050_V03_CHG_conservative_SPEED25_T480__S040_R01,conservative,1.025308725912932
C050_V03_CHG_balanced_SPEED25_T480__S040_R02,balanced,1.0467714016963434
C050_V03_CHG_broad_SPEED25_T480__S040_R02,broad,1.0467714016963434
C050_V03_CHG_conservative_SPEED25_T480__S040_R02,conservative,2.3508642047060935
C050_V03_CHG_balanced_SPEED25_T480__S040_R03,balanced,0.0216287773213833
C050_V03_CHG_broad_SPEED25_T480__S040_R03,broad,0.0216287773213833
C050_V03_CHG_conservative_SPEED25_T480__S040_R03,conservative,0.3027685018662859
C050_V05_CHG_balanced_SPEED25_T480__S040_R01,balanced,0.2837205416354548
C050_V05_CHG_broad_SPEED25_T480__S040_R01,broad,0.2837205416354548
C050_V05_CHG_conservative_SPEED25_T480__S040_R01,conservative,1.025308725912932
C050_V05_CHG_balanced_SPEED25_T480__S040_R02,balanced,0.3027685018662859
C050_V05_CHG_broad_SPEED25_T480__S040_R02,broad,0.3027685018662859
C050_V05_CHG_conservative_SPEED25_T480__S040_R02,conservative,0.3027685018662859
C050_V05_CHG_balanced_SPEED25_T480__S040_R03,balanced,2.8278035297587483
C050_V05_CHG_broad_SPEED25_T480__S040_R03,broad,2.8278035297587483
C050_V05_CHG_conservative_SPEED25_T480__S040_R03,conservative,3.997484443603043
C050_V05_CHG_balanced_SPEED25_T480__S040_R04,balanced,1.0467714016963434
C050_V05_CHG_broad_SPEED25_T480__S040_R04,broad,1.0467714016963434
C050_V05_CHG_conservative_SPEED25_T480__S040_R04,conservative,2.3508642047060935
C050_V05_CHG_balanced_SPEED25_T480__S040_R05,balanced,0.0216287773213833
C050_V05_CHG_broad_SPEED25_T480__S040_R05,broad,0.0216287773213833
C050_V05_CHG_conservative_SPEED25_T480__S040_R05,conservative,2.7377783928890462
C050_V01_CHG_balanced_SPEED25_T480__S041_R01,balanced,0.2462428815964527
C050_V01_CHG_broad_SPEED25_T480__S041_R01,broad,0.2462428815964527
C050_V01_CHG_conservative_SPEED25_T480__S041_R01,conservative,1.193194466566043
C050_V03_CHG_balanced_SPEED25_T480__S041_R01,balanced,0.3931205228160785
C050_V03_CHG_broad_SPEED25_T480__S041_R01,broad,0.3931205228160785
C050_V03_CHG_conservative_SPEED25_T480__S041_R01,conservative,2.7144931258663254
C050_V03_CHG_balanced_SPEED25_T480__S041_R02,balanced,1.1862260794334052
C050_V03_CHG_broad_SPEED25_T480__S041_R02,broad,1.1862260794334052
C050_V03_CHG_conservative_SPEED25_T480__S041_R02,conservative,1.193194466566043
C050_V03_CHG_balanced_SPEED25_T480__S041_R03,balanced,0.2462428815964527
C050_V03_CHG_broad_SPEED25_T480__S041_R03,broad,0.2462428815964527
C050_V03_CHG_conservative_SPEED25_T480__S041_R03,conservative,1.6670825761522243
C050_V05_CHG_balanced_SPEED25_T480__S041_R01,balanced,1.2234037019660378
C050_V05_CHG_broad_SPEED25_T480__S041_R01,broad,1.2234037019660378
C050_V05_CHG_conservative_SPEED25_T480__S041_R01,conservative,3.997484443603043
C050_V05_CHG_balanced_SPEED25_T480__S041_R02,balanced,1.1862260794334052
C050_V05_CHG_broad_SPEED25_T480__S041_R02,broad,1.1862260794334052
C050_V05_CHG_conservative_SPEED25_T480__S041_R02,conservative,1.193194466566043
C050_V05_CHG_balanced_SPEED25_T480__S041_R03,balanced,0.3986366344997045
C050_V05_CHG_broad_SPEED25_T480__S041_R03,broad,0.3986366344997045
C050_V05_CHG_conservative_SPEED25_T480__S041_R03,conservative,2.7144931258663254
C050_V05_CHG_balanced_SPEED25_T480__S041_R04,balanced,0.3931205228160785
C050_V05_CHG_broad_SPEED25_T480__S041_R04,broad,0.3931205228160785
C050_V05_CHG_conservative_SPEED25_T480__S041_R04,conservative,1.6670825761522243
C050_V05_CHG_balanced_SPEED25_T480__S041_R05,balanced,0.2462428815964527
C050_V05_CHG_broad_SPEED25_T480__S041_R05,broad,0.2462428815964527
C050_V05_CHG_conservative_SPEED25_T480__S041_R05,conservative,2.601279380674779
C050_V01_CHG_balanced_SPEED25_T480__S042_R01,balanced,0.1332367404289563
C050_V01_CHG_broad_SPEED25_T480__S042_R01,broad,0.1332367404289563
C050_V01_CHG_conservative_SPEED25_T480__S042_R01,conservative,0.4560325464613854
C050_V03_CHG_balanced_SPEED25_T480__S042_R01,balanced,0.425439561541791
C050_V03_CHG_broad_SPEED25_T480__S042_R01,broad,0.425439561541791
C050_V03_CHG_conservative_SPEED25_T480__S042_R01,conservative,0.4560325464613854
C050_V03_CHG_balanced_SPEED25_T480__S042_R02,balanced,0.1332367404289563
C050_V03_CHG_broad_SPEED25_T480__S042_R02,broad,0.1332367404289563
C050_V03_CHG_conservative_SPEED25_T480__S042_R02,conservative,1.5323079258038423
C050_V03_CHG_balanced_SPEED25_T480__S042_R03,balanced,0.7322365116698409
C050_V03_CHG_broad_SPEED25_T480__S042_R03,broad,0.7322365116698409
C050_V03_CHG_conservative_SPEED25_T480__S042_R03,conservative,2.0401181962659103
C050_V05_CHG_balanced_SPEED25_T480__S042_R01,balanced,0.425439561541791
C050_V05_CHG_broad_SPEED25_T480__S042_R01,broad,0.425439561541791
C050_V05_CHG_conservative_SPEED25_T480__S042_R01,conservative,0.4560325464613854
C050_V05_CHG_balanced_SPEED25_T480__S042_R02,balanced,1.7073751033738558
C050_V05_CHG_broad_SPEED25_T480__S042_R02,broad,1.7073751033738558
C050_V05_CHG_conservative_SPEED25_T480__S042_R02,conservative,5.5719217764312745
C050_V05_CHG_balanced_SPEED25_T480__S042_R03,balanced,0.1332367404289563
C050_V05_CHG_broad_SPEED25_T480__S042_R03,broad,0.1332367404289563
C050_V05_CHG_conservative_SPEED25_T480__S042_R03,conservative,1.5323079258038423
C050_V05_CHG_balanced_SPEED25_T480__S042_R04,balanced,1.1228608702319058
C050_V05_CHG_broad_SPEED25_T480__S042_R04,broad,1.1228608702319058
C050_V05_CHG_conservative_SPEED25_T480__S042_R04,conservative,2.340979502012085
C050_V05_CHG_balanced_SPEED25_T480__S042_R05,balanced,0.7322365116698409
C050_V05_CHG_broad_SPEED25_T480__S042_R05,broad,0.7322365116698409
C050_V05_CHG_conservative_SPEED25_T480__S042_R05,conservative,2.0401181962659103
C050_V01_CHG_balanced_SPEED25_T480__S043_R01,balanced,0.2791448158787398
C050_V01_CHG_broad_SPEED25_T480__S043_R01,broad,0.2791448158787398
C050_V01_CHG_conservative_SPEED25_T480__S043_R01,conservative,2.4093918056036765
C050_V03_CHG_balanced_SPEED25_T480__S043_R01,balanced,0.384671252897496
C050_V03_CHG_broad_SPEED25_T480__S043_R01,broad,0.384671252897496
C050_V03_CHG_conservative_SPEED25_T480__S043_R01,conservative,2.563344596409249
C050_V03_CHG_balanced_SPEED25_T480__S043_R02,balanced,0.2791448158787398
C050_V03_CHG_broad_SPEED25_T480__S043_R02,broad,0.2791448158787398
C050_V03_CHG_conservative_SPEED25_T480__S043_R02,conservative,2.4093918056036765
C050_V03_CHG_balanced_SPEED25_T480__S043_R03,balanced,0.9572910690144756
C050_V03_CHG_broad_SPEED25_T480__S043_R03,broad,0.9572910690144756
C050_V03_CHG_conservative_SPEED25_T480__S043_R03,conservative,2.4412789274217426
C050_V05_CHG_balanced_SPEED25_T480__S043_R01,balanced,0.9572910690144756
C050_V05_CHG_broad_SPEED25_T480__S043_R01,broad,0.9572910690144756
C050_V05_CHG_conservative_SPEED25_T480__S043_R01,conservative,2.4412789274217426
C050_V05_CHG_balanced_SPEED25_T480__S043_R02,balanced,0.8989837261831175
C050_V05_CHG_broad_SPEED25_T480__S043_R02,broad,0.8989837261831175
C050_V05_CHG_conservative_SPEED25_T480__S043_R02,conservative,3.701262882297063
C050_V05_CHG_balanced_SPEED25_T480__S043_R03,balanced,0.9011941068450025
C050_V05_CHG_broad_SPEED25_T480__S043_R03,broad,0.9011941068450025
C050_V05_CHG_conservative_SPEED25_T480__S043_R03,conservative,2.563344596409249
C050_V05_CHG_balanced_SPEED25_T480__S043_R04,balanced,0.384671252897496
C050_V05_CHG_broad_SPEED25_T480__S043_R04,broad,0.384671252897496
C050_V05_CHG_conservative_SPEED25_T480__S043_R04,conservative,6.480117789185113
C050_V05_CHG_balanced_SPEED25_T480__S043_R05,balanced,0.2791448158787398
C050_V05_CHG_broad_SPEED25_T480__S043_R05,broad,0.2791448158787398
C050_V05_CHG_conservative_SPEED25_T480__S043_R05,conservative,2.4093918056036765
C050_V01_CHG_balanced_SPEED25_T480__S044_R01,balanced,0.3321198909328922
C050_V01_CHG_broad_SPEED25_T480__S044_R01,broad,0.3321198909328922
C050_V01_CHG_conservative_SPEED25_T480__S044_R01,conservative,1.290513921200985
C050_V03_CHG_balanced_SPEED25_T480__S044_R01,balanced,0.3321198909328922
C050_V03_CHG_broad_SPEED25_T480__S044_R01,broad,0.3321198909328922
C050_V03_CHG_conservative_SPEED25_T480__S044_R01,conservative,3.986128144631778
C050_V03_CHG_balanced_SPEED25_T480__S044_R02,balanced,0.4269478617874594
C050_V03_CHG_broad_SPEED25_T480__S044_R02,broad,0.4269478617874594
C050_V03_CHG_conservative_SPEED25_T480__S044_R02,conservative,3.325171232976127
C050_V03_CHG_balanced_SPEED25_T480__S044_R03,balanced,0.718055570126278
C050_V03_CHG_broad_SPEED25_T480__S044_R03,broad,0.718055570126278
C050_V03_CHG_conservative_SPEED25_T480__S044_R03,conservative,1.290513921200985
C050_V05_CHG_balanced_SPEED25_T480__S044_R01,balanced,0.3321198909328922
C050_V05_CHG_broad_SPEED25_T480__S044_R01,broad,0.3321198909328922
C050_V05_CHG_conservative_SPEED25_T480__S044_R01,conservative,3.986128144631778
C050_V05_CHG_balanced_SPEED25_T480__S044_R02,balanced,0.718055570126278
C050_V05_CHG_broad_SPEED25_T480__S044_R02,broad,0.718055570126278
C050_V05_CHG_conservative_SPEED25_T480__S044_R02,conservative,1.290513921200985
C050_V05_CHG_balanced_SPEED25_T480__S044_R03,balanced,0.4269478617874594
C050_V05_CHG_broad_SPEED25_T480__S044_R03,broad,0.4269478617874594
C050_V05_CHG_conservative_SPEED25_T480__S044_R03,conservative,3.997484443603043
C050_V05_CHG_balanced_SPEED25_T480__S044_R04,balanced,1.0250547007724995
C050_V05_CHG_broad_SPEED25_T480__S044_R04,broad,1.0250547007724995
C050_V05_CHG_conservative_SPEED25_T480__S044_R04,conservative,3.997484443603043
C050_V05_CHG_balanced_SPEED25_T480__S044_R05,balanced,1.111763977924005
C050_V05_CHG_broad_SPEED25_T480__S044_R05,broad,1.111763977924005
C050_V05_CHG_conservative_SPEED25_T480__S044_R05,conservative,3.325171232976127
C050_V01_CHG_balanced_SPEED25_T480__S045_R01,balanced,0.143648371358786
C050_V01_CHG_broad_SPEED25_T480__S045_R01,broad,0.143648371358786
C050_V01_CHG_conservative_SPEED25_T480__S045_R01,conservative,0.7497702484514608
C050_V03_CHG_balanced_SPEED25_T480__S045_R01,balanced,0.143648371358786
C050_V03_CHG_broad_SPEED25_T480__S045_R01,broad,0.143648371358786
C050_V03_CHG_conservative_SPEED25_T480__S045_R01,conservative,7.002928187077395
C050_V03_CHG_balanced_SPEED25_T480__S045_R02,balanced,1.2519172654277595
C050_V03_CHG_broad_SPEED25_T480__S045_R02,broad,1.2519172654277595
C050_V03_CHG_conservative_SPEED25_T480__S045_R02,conservative,2.467863129589245
C050_V03_CHG_balanced_SPEED25_T480__S045_R03,balanced,0.718055570126278
C050_V03_CHG_broad_SPEED25_T480__S045_R03,broad,0.718055570126278
C050_V03_CHG_conservative_SPEED25_T480__S045_R03,conservative,0.7497702484514608
C050_V05_CHG_balanced_SPEED25_T480__S045_R01,balanced,0.7253143483704185
C050_V05_CHG_broad_SPEED25_T480__S045_R01,broad,0.7253143483704185
C050_V05_CHG_conservative_SPEED25_T480__S045_R01,conservative,3.0649356759490893
C050_V05_CHG_balanced_SPEED25_T480__S045_R02,balanced,1.2519172654277595
C050_V05_CHG_broad_SPEED25_T480__S045_R02,broad,1.2519172654277595
C050_V05_CHG_conservative_SPEED25_T480__S045_R02,conservative,2.467863129589245
C050_V05_CHG_balanced_SPEED25_T480__S045_R03,balanced,0.718055570126278
C050_V05_CHG_broad_SPEED25_T480__S045_R03,broad,0.718055570126278
C050_V05_CHG_conservative_SPEED25_T480__S045_R03,conservative,0.7497702484514608
C050_V05_CHG_balanced_SPEED25_T480__S045_R04,balanced,0.143648371358786
C050_V05_CHG_broad_SPEED25_T480__S045_R04,broad,0.143648371358786
C050_V05_CHG_conservative_SPEED25_T480__S045_R04,conservative,7.002928187077395
C050_V05_CHG_balanced_SPEED25_T480__S045_R05,balanced,1.617103112224566
C050_V05_CHG_broad_SPEED25_T480__S045_R05,broad,1.617103112224566
C050_V05_CHG_conservative_SPEED25_T480__S045_R05,conservative,6.531166034434546
C050_V01_CHG_balanced_SPEED25_T480__S046_R01,balanced,0.5796475785063707
C050_V01_CHG_broad_SPEED25_T480__S046_R01,broad,0.5796475785063707
C050_V01_CHG_conservative_SPEED25_T480__S046_R01,conservative,1.2573680870297217
C050_V03_CHG_balanced_SPEED25_T480__S046_R01,balanced,0.8295443785523768
C050_V03_CHG_broad_SPEED25_T480__S046_R01,broad,0.8295443785523768
C050_V03_CHG_conservative_SPEED25_T480__S046_R01,conservative,2.478029925968743
C050_V03_CHG_balanced_SPEED25_T480__S046_R02,balanced,0.9948931181263878
C050_V03_CHG_broad_SPEED25_T480__S046_R02,broad,0.9948931181263878
C050_V03_CHG_conservative_SPEED25_T480__S046_R02,conservative,1.2573680870297217
C050_V03_CHG_balanced_SPEED25_T480__S046_R03,balanced,0.5796475785063707
C050_V03_CHG_broad_SPEED25_T480__S046_R03,broad,0.5796475785063707
C050_V03_CHG_conservative_SPEED25_T480__S046_R03,conservative,2.2908032592980305
C050_V05_CHG_balanced_SPEED25_T480__S046_R01,balanced,0.8544372435260529
C050_V05_CHG_broad_SPEED25_T480__S046_R01,broad,0.8544372435260529
C050_V05_CHG_conservative_SPEED25_T480__S046_R01,conservative,3.4749407997062147
C050_V05_CHG_balanced_SPEED25_T480__S046_R02,balanced,1.2477270266767868
C050_V05_CHG_broad_SPEED25_T480__S046_R02,broad,1.2477270266767868
C050_V05_CHG_conservative_SPEED25_T480__S046_R02,conservative,1.2573680870297217
C050_V05_CHG_balanced_SPEED25_T480__S046_R03,balanced,0.8295443785523768
C050_V05_CHG_broad_SPEED25_T480__S046_R03,broad,0.8295443785523768
C050_V05_CHG_conservative_SPEED25_T480__S046_R03,conservative,8.326743107019434
C050_V05_CHG_balanced_SPEED25_T480__S046_R04,balanced,0.5796475785063707
C050_V05_CHG_broad_SPEED25_T480__S046_R04,broad,0.5796475785063707
C050_V05_CHG_conservative_SPEED25_T480__S046_R04,conservative,2.2908032592980305
C050_V05_CHG_balanced_SPEED25_T480__S046_R05,balanced,0.9326736551685406
C050_V05_CHG_broad_SPEED25_T480__S046_R05,broad,0.9326736551685406
C050_V05_CHG_conservative_SPEED25_T480__S046_R05,conservative,2.478029925968743
C050_V01_CHG_balanced_SPEED25_T480__S047_R01,balanced,0.1435596088566212
C050_V01_CHG_broad_SPEED25_T480__S047_R01,broad,0.1435596088566212
C050_V01_CHG_conservative_SPEED25_T480__S047_R01,conservative,0.2765531767877906
C050_V03_CHG_balanced_SPEED25_T480__S047_R01,balanced,0.9582996490036224
C050_V03_CHG_broad_SPEED25_T480__S047_R01,broad,0.9582996490036224
C050_V03_CHG_conservative_SPEED25_T480__S047_R01,conservative,1.988383083288542
C050_V03_CHG_balanced_SPEED25_T480__S047_R02,balanced,0.1435596088566212
C050_V03_CHG_broad_SPEED25_T480__S047_R02,broad,0.1435596088566212
C050_V03_CHG_conservative_SPEED25_T480__S047_R02,conservative,0.2765531767877906
C050_V03_CHG_balanced_SPEED25_T480__S047_R03,balanced,1.157100815954691
C050_V03_CHG_broad_SPEED25_T480__S047_R03,broad,1.157100815954691
C050_V03_CHG_conservative_SPEED25_T480__S047_R03,conservative,2.610641053420488
C050_V05_CHG_balanced_SPEED25_T480__S047_R01,balanced,1.0119090437241898
C050_V05_CHG_broad_SPEED25_T480__S047_R01,broad,1.0119090437241898
C050_V05_CHG_conservative_SPEED25_T480__S047_R01,conservative,3.997484443603043
C050_V05_CHG_balanced_SPEED25_T480__S047_R02,balanced,0.1435596088566212
C050_V05_CHG_broad_SPEED25_T480__S047_R02,broad,0.1435596088566212
C050_V05_CHG_conservative_SPEED25_T480__S047_R02,conservative,0.2765531767877906
C050_V05_CHG_balanced_SPEED25_T480__S047_R03,balanced,1.157100815954691
C050_V05_CHG_broad_SPEED25_T480__S047_R03,broad,1.157100815954691
C050_V05_CHG_conservative_SPEED25_T480__S047_R03,conservative,3.997484443603043
C050_V05_CHG_balanced_SPEED25_T480__S047_R04,balanced,0.9582996490036224
C050_V05_CHG_broad_SPEED25_T480__S047_R04,broad,0.9582996490036224
C050_V05_CHG_conservative_SPEED25_T480__S047_R04,conservative,2.610641053420488
C050_V05_CHG_balanced_SPEED25_T480__S047_R05,balanced,1.0390102396019216
C050_V05_CHG_broad_SPEED25_T480__S047_R05,broad,1.0390102396019216
C050_V05_CHG_conservative_SPEED25_T480__S047_R05,conservative,1.988383083288542
C050_V01_CHG_balanced_SPEED25_T480__S048_R01,balanced,0.5139708163167945
C050_V01_CHG_broad_SPEED25_T480__S048_R01,broad,0.5139708163167945
C050_V01_CHG_conservative_SPEED25_T480__S048_R01,conservative,0.8626408594255386
C050_V03_CHG_balanced_SPEED25_T480__S048_R01,balanced,0.5139708163167945
C050_V03_CHG_broad_SPEED25_T480__S048_R01,broad,0.5139708163167945
C050_V03_CHG_conservative_SPEED25_T480__S048_R01,conservative,2.213788565339229
C050_V03_CHG_balanced_SPEED25_T480__S048_R02,balanced,0.8626408594255386
C050_V03_CHG_broad_SPEED25_T480__S048_R02,broad,0.8626408594255386
C050_V03_CHG_conservative_SPEED25_T480__S048_R02,conservative,0.8626408594255386
C050_V03_CHG_balanced_SPEED25_T480__S048_R03,balanced,0.7935325210339729
C050_V03_CHG_broad_SPEED25_T480__S048_R03,broad,0.7935325210339729
C050_V03_CHG_conservative_SPEED25_T480__S048_R03,conservative,2.7669738179091548
C050_V05_CHG_balanced_SPEED25_T480__S048_R01,balanced,0.5139708163167945
C050_V05_CHG_broad_SPEED25_T480__S048_R01,broad,0.5139708163167945
C050_V05_CHG_conservative_SPEED25_T480__S048_R01,conservative,2.213788565339229
C050_V05_CHG_balanced_SPEED25_T480__S048_R02,balanced,0.8626408594255386
C050_V05_CHG_broad_SPEED25_T480__S048_R02,broad,0.8626408594255386
C050_V05_CHG_conservative_SPEED25_T480__S048_R02,conservative,0.8626408594255386
C050_V05_CHG_balanced_SPEED25_T480__S048_R03,balanced,0.9910846381911806
C050_V05_CHG_broad_SPEED25_T480__S048_R03,broad,0.9910846381911806
C050_V05_CHG_conservative_SPEED25_T480__S048_R03,conservative,3.997484443603043
C050_V05_CHG_balanced_SPEED25_T480__S048_R04,balanced,1.5085967516799212
C050_V05_CHG_broad_SPEED25_T480__S048_R04,broad,1.5085967516799212
C050_V05_CHG_conservative_SPEED25_T480__S048_R04,conservative,3.997484443603043
C050_V05_CHG_balanced_SPEED25_T480__S048_R05,balanced,0.7935325210339729
C050_V05_CHG_broad_SPEED25_T480__S048_R05,broad,0.7935325210339729
C050_V05_CHG_conservative_SPEED25_T480__S048_R05,conservative,2.7669738179091548
C050_V01_CHG_balanced_SPEED25_T480__S049_R01,balanced,0.3490686287725337
C050_V01_CHG_broad_SPEED25_T480__S049_R01,broad,0.3490686287725337
C050_V01_CHG_conservative_SPEED25_T480__S049_R01,conservative,0.7744312172826395
C050_V03_CHG_balanced_SPEED25_T480__S049_R01,balanced,0.4491998293861979
C050_V03_CHG_broad_SPEED25_T480__S049_R01,broad,0.4491998293861979
C050_V03_CHG_conservative_SPEED25_T480__S049_R01,conservative,0.7744312172826395
C050_V03_CHG_balanced_SPEED25_T480__S049_R02,balanced,0.9378385009705648
C050_V03_CHG_broad_SPEED25_T480__S049_R02,broad,0.9378385009705648
C050_V03_CHG_conservative_SPEED25_T480__S049_R02,conservative,2.2516667606085754
C050_V03_CHG_balanced_SPEED25_T480__S049_R03,balanced,0.3490686287725337
C050_V03_CHG_broad_SPEED25_T480__S049_R03,broad,0.3490686287725337
C050_V03_CHG_conservative_SPEED25_T480__S049_R03,conservative,1.059116102807384
C050_V05_CHG_balanced_SPEED25_T480__S049_R01,balanced,0.3490686287725337
C050_V05_CHG_broad_SPEED25_T480__S049_R01,broad,0.3490686287725337
C050_V05_CHG_conservative_SPEED25_T480__S049_R01,conservative,1.059116102807384
C050_V05_CHG_balanced_SPEED25_T480__S049_R02,balanced,1.2822808195808029
C050_V05_CHG_broad_SPEED25_T480__S049_R02,broad,1.2822808195808029
C050_V05_CHG_conservative_SPEED25_T480__S049_R02,conservative,2.2516667606085754
C050_V05_CHG_balanced_SPEED25_T480__S049_R03,balanced,0.4491998293861979
C050_V05_CHG_broad_SPEED25_T480__S049_R03,broad,0.4491998293861979
C050_V05_CHG_conservative_SPEED25_T480__S049_R03,conservative,0.7744312172826395
C050_V05_CHG_balanced_SPEED25_T480__S049_R04,balanced,0.9378385009705648
C050_V05_CHG_broad_SPEED25_T480__S049_R04,broad,0.9378385009705648
C050_V05_CHG_conservative_SPEED25_T480__S049_R04,conservative,3.997484443603043
C050_V05_CHG_balanced_SPEED25_T480__S049_R05,balanced,0.718055570126278
C050_V05_CHG_broad_SPEED25_T480__S049_R05,broad,0.718055570126278
C050_V05_CHG_conservative_SPEED25_T480__S049_R05,conservative,1.1426221057921593
C050_V01_CHG_balanced_SPEED25_T480__S050_R01,balanced,0.1352104639503605
C050_V01_CHG_broad_SPEED25_T480__S050_R01,broad,0.1352104639503605
C050_V01_CHG_conservative_SPEED25_T480__S050_R01,conservative,2.410121519553286
C050_V03_CHG_balanced_SPEED25_T480__S050_R01,balanced,0.1352104639503605
C050_V03_CHG_broad_SPEED25_T480__S050_R01,broad,0.1352104639503605
C050_V03_CHG_conservative_SPEED25_T480__S050_R01,conservative,2.460130162921569
C050_V03_CHG_balanced_SPEED25_T480__S050_R02,balanced,1.305446214804431
C050_V03_CHG_broad_SPEED25_T480__S050_R02,broad,1.305446214804431
C050_V03_CHG_conservative_SPEED25_T480__S050_R02,conservative,2.410121519553286
C050_V03_CHG_balanced_SPEED25_T480__S050_R03,balanced,0.6411115555935294
C050_V03_CHG_broad_SPEED25_T480__S050_R03,broad,0.6411115555935294
C050_V03_CHG_conservative_SPEED25_T480__S050_R03,conservative,3.2768394786248978
C050_V05_CHG_balanced_SPEED25_T480__S050_R01,balanced,0.1352104639503605
C050_V05_CHG_broad_SPEED25_T480__S050_R01,broad,0.1352104639503605
C050_V05_CHG_conservative_SPEED25_T480__S050_R01,conservative,2.460130162921569
C050_V05_CHG_balanced_SPEED25_T480__S050_R02,balanced,1.305446214804431
C050_V05_CHG_broad_SPEED25_T480__S050_R02,broad,1.305446214804431
C050_V05_CHG_conservative_SPEED25_T480__S050_R02,conservative,2.410121519553286
C050_V05_CHG_balanced_SPEED25_T480__S050_R03,balanced,0.6411115555935294
C050_V05_CHG_broad_SPEED25_T480__S050_R03,broad,0.6411115555935294
C050_V05_CHG_conservative_SPEED25_T480__S050_R03,conservative,3.997484443603043
C050_V05_CHG_balanced_SPEED25_T480__S050_R04,balanced,1.707403620952386
C050_V05_CHG_broad_SPEED25_T480__S050_R04,broad,1.707403620952386
C050_V05_CHG_conservative_SPEED25_T480__S050_R04,conservative,3.2768394786248978
C050_V05_CHG_balanced_SPEED25_T480__S050_R05,balanced,1.9075826689910504
C050_V05_CHG_broad_SPEED25_T480__S050_R05,broad,1.9075826689910504
C050_V05_CHG_conservative_SPEED25_T480__S050_R05,conservative,3.997484443603043
C050_V01_CHG_balanced_SPEED25_T480__S051_R01,balanced,0.3112939003844855
C050_V01_CHG_broad_SPEED25_T480__S051_R01,broad,0.3112939003844855
C050_V01_CHG_conservative_SPEED25_T480__S051_R01,conservative,0.7744312172826395
C050_V03_CHG_balanced_SPEED25_T480__S051_R01,balanced,0.9046898367899532
C050_V03_CHG_broad_SPEED25_T480__S051_R01,broad,0.9046898367899532
C050_V03_CHG_conservative_SPEED25_T480__S051_R01,conservative,2.704115783544835
C050_V03_CHG_balanced_SPEED25_T480__S051_R02,balanced,1.082133526691479
C050_V03_CHG_broad_SPEED25_T480__S051_R02,broad,1.082133526691479
C050_V03_CHG_conservative_SPEED25_T480__S051_R02,conservative,1.8340137248948136
C050_V03_CHG_balanced_SPEED25_T480__S051_R03,balanced,0.3112939003844855
C050_V03_CHG_broad_SPEED25_T480__S051_R03,broad,0.3112939003844855
C050_V03_CHG_conservative_SPEED25_T480__S051_R03,conservative,0.7744312172826395
C050_V05_CHG_balanced_SPEED25_T480__S051_R01,balanced,1.3361681308485085
C050_V05_CHG_broad_SPEED25_T480__S051_R01,broad,1.3361681308485085
C050_V05_CHG_conservative_SPEED25_T480__S051_R01,conservative,1.8340137248948136
C050_V05_CHG_balanced_SPEED25_T480__S051_R02,balanced,0.9046898367899532
C050_V05_CHG_broad_SPEED25_T480__S051_R02,broad,0.9046898367899532
C050_V05_CHG_conservative_SPEED25_T480__S051_R02,conservative,2.704115783544835
C050_V05_CHG_balanced_SPEED25_T480__S051_R03,balanced,1.7073751033738558
C050_V05_CHG_broad_SPEED25_T480__S051_R03,broad,1.7073751033738558
C050_V05_CHG_conservative_SPEED25_T480__S051_R03,conservative,4.013243105514762
C050_V05_CHG_balanced_SPEED25_T480__S051_R04,balanced,1.082133526691479
C050_V05_CHG_broad_SPEED25_T480__S051_R04,broad,1.082133526691479
C050_V05_CHG_conservative_SPEED25_T480__S051_R04,conservative,2.226786471936972
C050_V05_CHG_balanced_SPEED25_T480__S051_R05,balanced,0.3112939003844855
C050_V05_CHG_broad_SPEED25_T480__S051_R05,broad,0.3112939003844855
C050_V05_CHG_conservative_SPEED25_T480__S051_R05,conservative,0.7744312172826395
C050_V01_CHG_balanced_SPEED25_T480__S052_R01,balanced,0.1914451839365981
C050_V01_CHG_broad_SPEED25_T480__S052_R01,broad,0.1914451839365981
C050_V01_CHG_conservative_SPEED25_T480__S052_R01,conservative,1.018373141304176
C050_V03_CHG_balanced_SPEED25_T480__S052_R01,balanced,0.4571094743676478
C050_V03_CHG_broad_SPEED25_T480__S052_R01,broad,0.4571094743676478
C050_V03_CHG_conservative_SPEED25_T480__S052_R01,conservative,1.018373141304176
C050_V03_CHG_balanced_SPEED25_T480__S052_R02,balanced,0.9468688525189464
C050_V03_CHG_broad_SPEED25_T480__S052_R02,broad,0.9468688525189464
C050_V03_CHG_conservative_SPEED25_T480__S052_R02,conservative,2.944829332887127
C050_V03_CHG_balanced_SPEED25_T480__S052_R03,balanced,0.1914451839365981
C050_V03_CHG_broad_SPEED25_T480__S052_R03,broad,0.1914451839365981
C050_V03_CHG_conservative_SPEED25_T480__S052_R03,conservative,1.4503707949794875
C050_V05_CHG_balanced_SPEED25_T480__S052_R01,balanced,0.912619270250608
C050_V05_CHG_broad_SPEED25_T480__S052_R01,broad,0.912619270250608
C050_V05_CHG_conservative_SPEED25_T480__S052_R01,conservative,1.7626527549931366
C050_V05_CHG_balanced_SPEED25_T480__S052_R02,balanced,0.4571094743676478
C050_V05_CHG_broad_SPEED25_T480__S052_R02,broad,0.4571094743676478
C050_V05_CHG_conservative_SPEED25_T480__S052_R02,conservative,1.018373141304176
C050_V05_CHG_balanced_SPEED25_T480__S052_R03,balanced,0.1914451839365981
C050_V05_CHG_broad_SPEED25_T480__S052_R03,broad,0.1914451839365981
C050_V05_CHG_conservative_SPEED25_T480__S052_R03,conservative,1.4503707949794875
C050_V05_CHG_balanced_SPEED25_T480__S052_R04,balanced,0.9468688525189464
C050_V05_CHG_broad_SPEED25_T480__S052_R04,broad,0.9468688525189464
C050_V05_CHG_conservative_SPEED25_T480__S052_R04,conservative,2.944829332887127
C050_V05_CHG_balanced_SPEED25_T480__S052_R05,balanced,0.6261295414332837
C050_V05_CHG_broad_SPEED25_T480__S052_R05,broad,0.6261295414332837
C050_V05_CHG_conservative_SPEED25_T480__S052_R05,conservative,3.303422311776097
C050_V01_CHG_balanced_SPEED25_T480__S053_R01,balanced,0.2205156314805898
C050_V01_CHG_broad_SPEED25_T480__S053_R01,broad,0.2205156314805898
C050_V01_CHG_conservative_SPEED25_T480__S053_R01,conservative,1.57936301558929
C050_V03_CHG_balanced_SPEED25_T480__S053_R01,balanced,0.6303362132293057
C050_V03_CHG_broad_SPEED25_T480__S053_R01,broad,0.6303362132293057
C050_V03_CHG_conservative_SPEED25_T480__S053_R01,conservative,3.399718014086235
C050_V03_CHG_balanced_SPEED25_T480__S053_R02,balanced,0.6554844771986755
C050_V03_CHG_broad_SPEED25_T480__S053_R02,broad,0.6554844771986755
C050_V03_CHG_conservative_SPEED25_T480__S053_R02,conservative,2.7493445626169457
C050_V03_CHG_balanced_SPEED25_T480__S053_R03,balanced,0.2205156314805898
C050_V03_CHG_broad_SPEED25_T480__S053_R03,broad,0.2205156314805898
C050_V03_CHG_conservative_SPEED25_T480__S053_R03,conservative,1.57936301558929
C050_V05_CHG_balanced_SPEED25_T480__S053_R01,balanced,0.7629051002364301
C050_V05_CHG_broad_SPEED25_T480__S053_R01,broad,0.7629051002364301
C050_V05_CHG_conservative_SPEED25_T480__S053_R01,conservative,1.57936301558929
C050_V05_CHG_balanced_SPEED25_T480__S053_R02,balanced,0.6554844771986755
C050_V05_CHG_broad_SPEED25_T480__S053_R02,broad,0.6554844771986755
C050_V05_CHG_conservative_SPEED25_T480__S053_R02,conservative,2.7493445626169457
C050_V05_CHG_balanced_SPEED25_T480__S053_R03,balanced,0.2205156314805898
C050_V05_CHG_broad_SPEED25_T480__S053_R03,broad,0.2205156314805898
C050_V05_CHG_conservative_SPEED25_T480__S053_R03,conservative,3.997484443603043
C050_V05_CHG_balanced_SPEED25_T480__S053_R04,balanced,0.5233986431757027
C050_V05_CHG_broad_SPEED25_T480__S053_R04,broad,0.5233986431757027
C050_V05_CHG_conservative_SPEED25_T480__S053_R04,conservative,3.997484443603043
C050_V05_CHG_balanced_SPEED25_T480__S053_R05,balanced,0.6303362132293057
C050_V05_CHG_broad_SPEED25_T480__S053_R05,broad,0.6303362132293057
C050_V05_CHG_conservative_SPEED25_T480__S053_R05,conservative,3.997484443603043
C050_V01_CHG_balanced_SPEED25_T480__S054_R01,balanced,0.0483159320491876
C050_V01_CHG_broad_SPEED25_T480__S054_R01,broad,0.0483159320491876
C050_V01_CHG_conservative_SPEED25_T480__S054_R01,conservative,0.8587959115861339
C050_V03_CHG_balanced_SPEED25_T480__S054_R01,balanced,0.0483159320491876
C050_V03_CHG_broad_SPEED25_T480__S054_R01,broad,0.0483159320491876
C050_V03_CHG_conservative_SPEED25_T480__S054_R01,conservative,3.1485972401411164
C050_V03_CHG_balanced_SPEED25_T480__S054_R02,balanced,1.019423977216097
C050_V03_CHG_broad_SPEED25_T480__S054_R02,broad,1.019423977216097
C050_V03_CHG_conservative_SPEED25_T480__S054_R02,conservative,1.019423977216097
C050_V03_CHG_balanced_SPEED25_T480__S054_R03,balanced,0.5420494971617016
C050_V03_CHG_broad_SPEED25_T480__S054_R03,broad,0.5420494971617016
C050_V03_CHG_conservative_SPEED25_T480__S054_R03,conservative,0.8587959115861339
C050_V05_CHG_balanced_SPEED25_T480__S054_R01,balanced,0.0483159320491876
C050_V05_CHG_broad_SPEED25_T480__S054_R01,broad,0.0483159320491876
C050_V05_CHG_conservative_SPEED25_T480__S054_R01,conservative,0.8587959115861339
C050_V05_CHG_balanced_SPEED25_T480__S054_R02,balanced,1.019423977216097
C050_V05_CHG_broad_SPEED25_T480__S054_R02,broad,1.019423977216097
C050_V05_CHG_conservative_SPEED25_T480__S054_R02,conservative,1.019423977216097
C050_V05_CHG_balanced_SPEED25_T480__S054_R03,balanced,0.7588961470166189
C050_V05_CHG_broad_SPEED25_T480__S054_R03,broad,0.7588961470166189
C050_V05_CHG_conservative_SPEED25_T480__S054_R03,conservative,2.1610362295417964
C050_V05_CHG_balanced_SPEED25_T480__S054_R04,balanced,0.6302461165329061
C050_V05_CHG_broad_SPEED25_T480__S054_R04,broad,0.6302461165329061
C050_V05_CHG_conservative_SPEED25_T480__S054_R04,conservative,3.161387196451069
C050_V05_CHG_balanced_SPEED25_T480__S054_R05,balanced,2.8278035297587483
C050_V05_CHG_broad_SPEED25_T480__S054_R05,broad,2.8278035297587483
C050_V05_CHG_conservative_SPEED25_T480__S054_R05,conservative,3.997484443603043
C050_V01_CHG_balanced_SPEED25_T480__S055_R01,balanced,0.0060152038704629
C050_V01_CHG_broad_SPEED25_T480__S055_R01,broad,0.0060152038704629
C050_V01_CHG_conservative_SPEED25_T480__S055_R01,conservative,0.7497702484514608
C050_V03_CHG_balanced_SPEED25_T480__S055_R01,balanced,0.5058936195258452
C050_V03_CHG_broad_SPEED25_T480__S055_R01,broad,0.5058936195258452
C050_V03_CHG_conservative_SPEED25_T480__S055_R01,conservative,0.7497702484514608
C050_V03_CHG_balanced_SPEED25_T480__S055_R02,balanced,0.0060152038704629
C050_V03_CHG_broad_SPEED25_T480__S055_R02,broad,0.0060152038704629
C050_V03_CHG_conservative_SPEED25_T480__S055_R02,conservative,0.920192127816793
C050_V03_CHG_balanced_SPEED25_T480__S055_R03,balanced,0.6462961656117743
C050_V03_CHG_broad_SPEED25_T480__S055_R03,broad,0.6462961656117743
C050_V03_CHG_conservative_SPEED25_T480__S055_R03,conservative,0.8626408594255386
C050_V05_CHG_balanced_SPEED25_T480__S055_R01,balanced,1.1795854343081316
C050_V05_CHG_broad_SPEED25_T480__S055_R01,broad,1.1795854343081316
C050_V05_CHG_conservative_SPEED25_T480__S055_R01,conservative,2.28999337406605
C050_V05_CHG_balanced_SPEED25_T480__S055_R02,balanced,0.7490175033459585
C050_V05_CHG_broad_SPEED25_T480__S055_R02,broad,0.7490175033459585
C050_V05_CHG_conservative_SPEED25_T480__S055_R02,conservative,3.878224273633007
C050_V05_CHG_balanced_SPEED25_T480__S055_R03,balanced,0.5058936195258452
C050_V05_CHG_broad_SPEED25_T480__S055_R03,broad,0.5058936195258452
C050_V05_CHG_conservative_SPEED25_T480__S055_R03,conservative,0.7497702484514608
C050_V05_CHG_balanced_SPEED25_T480__S055_R04,balanced,0.6462961656117743
C050_V05_CHG_broad_SPEED25_T480__S055_R04,broad,0.6462961656117743
C050_V05_CHG_conservative_SPEED25_T480__S055_R04,conservative,0.8626408594255386
C050_V05_CHG_balanced_SPEED25_T480__S055_R05,balanced,0.0060152038704629
C050_V05_CHG_broad_SPEED25_T480__S055_R05,broad,0.0060152038704629
C050_V05_CHG_conservative_SPEED25_T480__S055_R05,conservative,0.920192127816793
C050_V01_CHG_balanced_SPEED25_T480__S056_R01,balanced,0.5349277859906212
C050_V01_CHG_broad_SPEED25_T480__S056_R01,broad,0.5349277859906212
C050_V01_CHG_conservative_SPEED25_T480__S056_R01,conservative,2.4412789274217426
C050_V03_CHG_balanced_SPEED25_T480__S056_R01,balanced,0.5432509592642085
C050_V03_CHG_broad_SPEED25_T480__S056_R01,broad,0.5432509592642085
C050_V03_CHG_conservative_SPEED25_T480__S056_R01,conservative,2.5778853695473343
C050_V03_CHG_balanced_SPEED25_T480__S056_R02,balanced,0.5349277859906212
C050_V03_CHG_broad_SPEED25_T480__S056_R02,broad,0.5349277859906212
C050_V03_CHG_conservative_SPEED25_T480__S056_R02,conservative,3.027650487021188
C050_V03_CHG_balanced_SPEED25_T480__S056_R03,balanced,0.5844478664835479
C050_V03_CHG_broad_SPEED25_T480__S056_R03,broad,0.5844478664835479
C050_V03_CHG_conservative_SPEED25_T480__S056_R03,conservative,2.4412789274217426
C050_V05_CHG_balanced_SPEED25_T480__S056_R01,balanced,0.5844478664835479
C050_V05_CHG_broad_SPEED25_T480__S056_R01,broad,0.5844478664835479
C050_V05_CHG_conservative_SPEED25_T480__S056_R01,conservative,2.4412789274217426
C050_V05_CHG_balanced_SPEED25_T480__S056_R02,balanced,1.2519172654277595
C050_V05_CHG_broad_SPEED25_T480__S056_R02,broad,1.2519172654277595
C050_V05_CHG_conservative_SPEED25_T480__S056_R02,conservative,3.997484443603043
C050_V05_CHG_balanced_SPEED25_T480__S056_R03,balanced,0.5432509592642085
C050_V05_CHG_broad_SPEED25_T480__S056_R03,broad,0.5432509592642085
C050_V05_CHG_conservative_SPEED25_T480__S056_R03,conservative,2.5778853695473343
C050_V05_CHG_balanced_SPEED25_T480__S056_R04,balanced,0.5349277859906212
C050_V05_CHG_broad_SPEED25_T480__S056_R04,broad,0.5349277859906212
C050_V05_CHG_conservative_SPEED25_T480__S056_R04,conservative,3.027650487021188
C050_V05_CHG_balanced_SPEED25_T480__S056_R05,balanced,0.716271634987481
C050_V05_CHG_broad_SPEED25_T480__S056_R05,broad,0.716271634987481
C050_V05_CHG_conservative_SPEED25_T480__S056_R05,conservative,3.997484443603043
C050_V01_CHG_balanced_SPEED25_T480__S057_R01,balanced,0.0588840570830677
C050_V01_CHG_broad_SPEED25_T480__S057_R01,broad,0.0588840570830677
C050_V01_CHG_conservative_SPEED25_T480__S057_R01,conservative,1.1301696514871848
C050_V03_CHG_balanced_SPEED25_T480__S057_R01,balanced,0.9252995155448274
C050_V03_CHG_broad_SPEED25_T480__S057_R01,broad,0.9252995155448274
C050_V03_CHG_conservative_SPEED25_T480__S057_R01,conservative,2.265201685037745
C050_V03_CHG_balanced_SPEED25_T480__S057_R02,balanced,0.0588840570830677
C050_V03_CHG_broad_SPEED25_T480__S057_R02,broad,0.0588840570830677
C050_V03_CHG_conservative_SPEED25_T480__S057_R02,conservative,3.817798474926372
C050_V03_CHG_balanced_SPEED25_T480__S057_R03,balanced,0.7830789622252822
C050_V03_CHG_broad_SPEED25_T480__S057_R03,broad,0.7830789622252822
C050_V03_CHG_conservative_SPEED25_T480__S057_R03,conservative,1.1301696514871848
C050_V05_CHG_balanced_SPEED25_T480__S057_R01,balanced,0.7830789622252822
C050_V05_CHG_broad_SPEED25_T480__S057_R01,broad,0.7830789622252822
C050_V05_CHG_conservative_SPEED25_T480__S057_R01,conservative,1.1301696514871848
C050_V05_CHG_balanced_SPEED25_T480__S057_R02,balanced,0.9252995155448274
C050_V05_CHG_broad_SPEED25_T480__S057_R02,broad,0.9252995155448274
C050_V05_CHG_conservative_SPEED25_T480__S057_R02,conservative,2.265201685037745
C050_V05_CHG_balanced_SPEED25_T480__S057_R03,balanced,0.481759960720157
C050_V05_CHG_broad_SPEED25_T480__S057_R03,broad,0.481759960720157
C050_V05_CHG_conservative_SPEED25_T480__S057_R03,conservative,7.1179254146882345
C050_V05_CHG_balanced_SPEED25_T480__S057_R04,balanced,0.0588840570830677
C050_V05_CHG_broad_SPEED25_T480__S057_R04,broad,0.0588840570830677
C050_V05_CHG_conservative_SPEED25_T480__S057_R04,conservative,3.817798474926372
C050_V05_CHG_balanced_SPEED25_T480__S057_R05,balanced,1.0119090437241898
C050_V05_CHG_broad_SPEED25_T480__S057_R05,broad,1.0119090437241898
C050_V05_CHG_conservative_SPEED25_T480__S057_R05,conservative,3.141119642919781
C050_V01_CHG_balanced_SPEED25_T480__S058_R01,balanced,0.3958667529124097
C050_V01_CHG_broad_SPEED25_T480__S058_R01,broad,0.3958667529124097
C050_V01_CHG_conservative_SPEED25_T480__S058_R01,conservative,0.881852916849742
C050_V03_CHG_balanced_SPEED25_T480__S058_R01,balanced,0.3958667529124097
C050_V03_CHG_broad_SPEED25_T480__S058_R01,broad,0.3958667529124097
C050_V03_CHG_conservative_SPEED25_T480__S058_R01,conservative,1.0492373947698257
C050_V03_CHG_balanced_SPEED25_T480__S058_R02,balanced,0.4865133535514899
C050_V03_CHG_broad_SPEED25_T480__S058_R02,broad,0.4865133535514899
C050_V03_CHG_conservative_SPEED25_T480__S058_R02,conservative,2.27493725767948
C050_V03_CHG_balanced_SPEED25_T480__S058_R03,balanced,0.682344893638594
C050_V03_CHG_broad_SPEED25_T480__S058_R03,broad,0.682344893638594
C050_V03_CHG_conservative_SPEED25_T480__S058_R03,conservative,0.881852916849742
C050_V05_CHG_balanced_SPEED25_T480__S058_R01,balanced,0.682344893638594
C050_V05_CHG_broad_SPEED25_T480__S058_R01,broad,0.682344893638594
C050_V05_CHG_conservative_SPEED25_T480__S058_R01,conservative,0.881852916849742
C050_V05_CHG_balanced_SPEED25_T480__S058_R02,balanced,0.4865133535514899
C050_V05_CHG_broad_SPEED25_T480__S058_R02,broad,0.4865133535514899
C050_V05_CHG_conservative_SPEED25_T480__S058_R02,conservative,2.27493725767948
C050_V05_CHG_balanced_SPEED25_T480__S058_R03,balanced,0.6927339028595526
C050_V05_CHG_broad_SPEED25_T480__S058_R03,broad,0.6927339028595526
C050_V05_CHG_conservative_SPEED25_T480__S058_R03,conservative,3.376994547957577
C050_V05_CHG_balanced_SPEED25_T480__S058_R04,balanced,0.3958667529124097
C050_V05_CHG_broad_SPEED25_T480__S058_R04,broad,0.3958667529124097
C050_V05_CHG_conservative_SPEED25_T480__S058_R04,conservative,3.4352904740030827
C050_V05_CHG_balanced_SPEED25_T480__S058_R05,balanced,0.656606415353884
C050_V05_CHG_broad_SPEED25_T480__S058_R05,broad,0.656606415353884
C050_V05_CHG_conservative_SPEED25_T480__S058_R05,conservative,1.0492373947698257
C050_V01_CHG_balanced_SPEED25_T480__S059_R01,balanced,0.1203956576248669
C050_V01_CHG_broad_SPEED25_T480__S059_R01,broad,0.1203956576248669
C050_V01_CHG_conservative_SPEED25_T480__S059_R01,conservative,2.5778853695473343
C050_V03_CHG_balanced_SPEED25_T480__S059_R01,balanced,0.5051924988357934
C050_V03_CHG_broad_SPEED25_T480__S059_R01,broad,0.5051924988357934
C050_V03_CHG_conservative_SPEED25_T480__S059_R01,conservative,2.5778853695473343
C050_V03_CHG_balanced_SPEED25_T480__S059_R02,balanced,0.1203956576248669
C050_V03_CHG_broad_SPEED25_T480__S059_R02,broad,0.1203956576248669
C050_V03_CHG_conservative_SPEED25_T480__S059_R02,conservative,2.7493445626169457
C050_V03_CHG_balanced_SPEED25_T480__S059_R03,balanced,0.3485830842759456
C050_V03_CHG_broad_SPEED25_T480__S059_R03,broad,0.3485830842759456
C050_V03_CHG_conservative_SPEED25_T480__S059_R03,conservative,2.7354762871664944
C050_V05_CHG_balanced_SPEED25_T480__S059_R01,balanced,0.5051924988357934
C050_V05_CHG_broad_SPEED25_T480__S059_R01,broad,0.5051924988357934
C050_V05_CHG_conservative_SPEED25_T480__S059_R01,conservative,2.5778853695473343
C050_V05_CHG_balanced_SPEED25_T480__S059_R02,balanced,0.1203956576248669
C050_V05_CHG_broad_SPEED25_T480__S059_R02,broad,0.1203956576248669
C050_V05_CHG_conservative_SPEED25_T480__S059_R02,conservative,4.9134757481834725
C050_V05_CHG_balanced_SPEED25_T480__S059_R03,balanced,0.6345845844300129
C050_V05_CHG_broad_SPEED25_T480__S059_R03,broad,0.6345845844300129
C050_V05_CHG_conservative_SPEED25_T480__S059_R03,conservative,2.7354762871664944
C050_V05_CHG_balanced_SPEED25_T480__S059_R04,balanced,1.3522343275941775
C050_V05_CHG_broad_SPEED25_T480__S059_R04,broad,1.3522343275941775
C050_V05_CHG_conservative_SPEED25_T480__S059_R04,conservative,2.7493445626169457
C050_V05_CHG_balanced_SPEED25_T480__S059_R05,balanced,0.3485830842759456
C050_V05_CHG_broad_SPEED25_T480__S059_R05,broad,0.3485830842759456
C050_V05_CHG_conservative_SPEED25_T480__S059_R05,conservative,5.934587844235708
C050_V01_CHG_balanced_SPEED25_T480__S060_R01,balanced,0.2205156314805898
C050_V01_CHG_broad_SPEED25_T480__S060_R01,broad,0.2205156314805898
C050_V01_CHG_conservative_SPEED25_T480__S060_R01,conservative,0.7497702484514608
C050_V03_CHG_balanced_SPEED25_T480__S060_R01,balanced,0.2205156314805898
C050_V03_CHG_broad_SPEED25_T480__S060_R01,broad,0.2205156314805898
C050_V03_CHG_conservative_SPEED25_T480__S060_R01,conservative,0.7497702484514608
C050_V03_CHG_balanced_SPEED25_T480__S060_R02,balanced,0.9443867682163308
C050_V03_CHG_broad_SPEED25_T480__S060_R02,broad,0.9443867682163308
C050_V03_CHG_conservative_SPEED25_T480__S060_R02,conservative,1.7425367819627415
C050_V03_CHG_balanced_SPEED25_T480__S060_R03,balanced,0.2697296211981738
C050_V03_CHG_broad_SPEED25_T480__S060_R03,broad,0.2697296211981738
C050_V03_CHG_conservative_SPEED25_T480__S060_R03,conservative,1.7230341301259269
C050_V05_CHG_balanced_SPEED25_T480__S060_R01,balanced,0.969894924640146
C050_V05_CHG_broad_SPEED25_T480__S060_R01,broad,0.969894924640146
C050_V05_CHG_conservative_SPEED25_T480__S060_R01,conservative,2.125977745804314
C050_V05_CHG_balanced_SPEED25_T480__S060_R02,balanced,0.9443867682163308
C050_V05_CHG_broad_SPEED25_T480__S060_R02,broad,0.9443867682163308
C050_V05_CHG_conservative_SPEED25_T480__S060_R02,conservative,1.7425367819627415
C050_V05_CHG_balanced_SPEED25_T480__S060_R03,balanced,0.2762317400783571
C050_V05_CHG_broad_SPEED25_T480__S060_R03,broad,0.2762317400783571
C050_V05_CHG_conservative_SPEED25_T480__S060_R03,conservative,1.7230341301259269
C050_V05_CHG_balanced_SPEED25_T480__S060_R04,balanced,0.2697296211981738
C050_V05_CHG_broad_SPEED25_T480__S060_R04,broad,0.2697296211981738
C050_V05_CHG_conservative_SPEED25_T480__S060_R04,conservative,2.9563118946829494
C050_V05_CHG_balanced_SPEED25_T480__S060_R05,balanced,0.2205156314805898
C050_V05_CHG_broad_SPEED25_T480__S060_R05,broad,0.2205156314805898
C050_V05_CHG_conservative_SPEED25_T480__S060_R05,conservative,0.7497702484514608
C050_V01_CHG_balanced_SPEED25_T480__S061_R01,balanced,0.3095444257874438
C050_V01_CHG_broad_SPEED25_T480__S061_R01,broad,0.3095444257874438
C050_V01_CHG_conservative_SPEED25_T480__S061_R01,conservative,1.025308725912932
C050_V03_CHG_balanced_SPEED25_T480__S061_R01,balanced,0.3095444257874438
C050_V03_CHG_broad_SPEED25_T480__S061_R01,broad,0.3095444257874438
C050_V03_CHG_conservative_SPEED25_T480__S061_R01,conservative,1.025308725912932
C050_V03_CHG_balanced_SPEED25_T480__S061_R02,balanced,2.3125185614100294
C050_V03_CHG_broad_SPEED25_T480__S061_R02,broad,2.3125185614100294
C050_V03_CHG_conservative_SPEED25_T480__S061_R02,conservative,2.3125185614100294
C050_V03_CHG_balanced_SPEED25_T480__S061_R03,balanced,0.554236504455549
C050_V03_CHG_broad_SPEED25_T480__S061_R03,broad,0.554236504455549
C050_V03_CHG_conservative_SPEED25_T480__S061_R03,conservative,2.4916827668767896
C050_V05_CHG_balanced_SPEED25_T480__S061_R01,balanced,0.554236504455549
C050_V05_CHG_broad_SPEED25_T480__S061_R01,broad,0.554236504455549
C050_V05_CHG_conservative_SPEED25_T480__S061_R01,conservative,3.372099748871232
C050_V05_CHG_balanced_SPEED25_T480__S061_R02,balanced,2.3125185614100294
C050_V05_CHG_broad_SPEED25_T480__S061_R02,broad,2.3125185614100294
C050_V05_CHG_conservative_SPEED25_T480__S061_R02,conservative,2.3125185614100294
C050_V05_CHG_balanced_SPEED25_T480__S061_R03,balanced,0.942165430256307
C050_V05_CHG_broad_SPEED25_T480__S061_R03,broad,0.942165430256307
C050_V05_CHG_conservative_SPEED25_T480__S061_R03,conservative,1.025308725912932
C050_V05_CHG_balanced_SPEED25_T480__S061_R04,balanced,0.6360177939918348
C050_V05_CHG_broad_SPEED25_T480__S061_R04,broad,0.6360177939918348
C050_V05_CHG_conservative_SPEED25_T480__S061_R04,conservative,3.997484443603043
C050_V05_CHG_balanced_SPEED25_T480__S061_R05,balanced,0.3095444257874438
C050_V05_CHG_broad_SPEED25_T480__S061_R05,broad,0.3095444257874438
C050_V05_CHG_conservative_SPEED25_T480__S061_R05,conservative,2.125977745804314
C050_V01_CHG_balanced_SPEED25_T480__S062_R01,balanced,0.2837205416354548
C050_V01_CHG_broad_SPEED25_T480__S062_R01,broad,0.2837205416354548
C050_V01_CHG_conservative_SPEED25_T480__S062_R01,conservative,1.7444076342411805
C050_V03_CHG_balanced_SPEED25_T480__S062_R01,balanced,0.2837205416354548
C050_V03_CHG_broad_SPEED25_T480__S062_R01,broad,0.2837205416354548
C050_V03_CHG_conservative_SPEED25_T480__S062_R01,conservative,3.2135744953494587
C050_V03_CHG_balanced_SPEED25_T480__S062_R02,balanced,0.5507834815355915
C050_V03_CHG_broad_SPEED25_T480__S062_R02,broad,0.5507834815355915
C050_V03_CHG_conservative_SPEED25_T480__S062_R02,conservative,3.997484443603043
C050_V03_CHG_balanced_SPEED25_T480__S062_R03,balanced,0.5632371125637676
C050_V03_CHG_broad_SPEED25_T480__S062_R03,broad,0.5632371125637676
C050_V03_CHG_conservative_SPEED25_T480__S062_R03,conservative,1.7444076342411805
C050_V05_CHG_balanced_SPEED25_T480__S062_R01,balanced,0.7651303590580667
C050_V05_CHG_broad_SPEED25_T480__S062_R01,broad,0.7651303590580667
C050_V05_CHG_conservative_SPEED25_T480__S062_R01,conservative,3.2135744953494587
C050_V05_CHG_balanced_SPEED25_T480__S062_R02,balanced,0.5632371125637676
C050_V05_CHG_broad_SPEED25_T480__S062_R02,broad,0.5632371125637676
C050_V05_CHG_conservative_SPEED25_T480__S062_R02,conservative,3.0709785022805836
C050_V05_CHG_balanced_SPEED25_T480__S062_R03,balanced,0.5507834815355915
C050_V05_CHG_broad_SPEED25_T480__S062_R03,broad,0.5507834815355915
C050_V05_CHG_conservative_SPEED25_T480__S062_R03,conservative,3.997484443603043
C050_V05_CHG_balanced_SPEED25_T480__S062_R04,balanced,0.2837205416354548
C050_V05_CHG_broad_SPEED25_T480__S062_R04,broad,0.2837205416354548
C050_V05_CHG_conservative_SPEED25_T480__S062_R04,conservative,3.430247487421801
C050_V05_CHG_balanced_SPEED25_T480__S062_R05,balanced,1.2248741346356355
C050_V05_CHG_broad_SPEED25_T480__S062_R05,broad,1.2248741346356355
C050_V05_CHG_conservative_SPEED25_T480__S062_R05,conservative,1.7444076342411805
C050_V01_CHG_balanced_SPEED25_T480__S063_R01,balanced,0.1126657565081788
C050_V01_CHG_broad_SPEED25_T480__S063_R01,broad,0.1126657565081788
C050_V01_CHG_conservative_SPEED25_T480__S063_R01,conservative,1.8062741910837812
C050_V03_CHG_balanced_SPEED25_T480__S063_R01,balanced,0.1872017535958315
C050_V03_CHG_broad_SPEED25_T480__S063_R01,broad,0.1872017535958315
C050_V03_CHG_conservative_SPEED25_T480__S063_R01,conservative,3.2768394786248978
C050_V03_CHG_balanced_SPEED25_T480__S063_R02,balanced,0.1902075330330341
C050_V03_CHG_broad_SPEED25_T480__S063_R02,broad,0.1902075330330341
C050_V03_CHG_conservative_SPEED25_T480__S063_R02,conservative,4.162437290366387
C050_V03_CHG_balanced_SPEED25_T480__S063_R03,balanced,0.1126657565081788
C050_V03_CHG_broad_SPEED25_T480__S063_R03,broad,0.1126657565081788
C050_V03_CHG_conservative_SPEED25_T480__S063_R03,conservative,1.8062741910837812
C050_V05_CHG_balanced_SPEED25_T480__S063_R01,balanced,0.1902075330330341
C050_V05_CHG_broad_SPEED25_T480__S063_R01,broad,0.1902075330330341
C050_V05_CHG_conservative_SPEED25_T480__S063_R01,conservative,4.162437290366387
C050_V05_CHG_balanced_SPEED25_T480__S063_R02,balanced,0.5228634171252219
C050_V05_CHG_broad_SPEED25_T480__S063_R02,broad,0.5228634171252219
C050_V05_CHG_conservative_SPEED25_T480__S063_R02,conservative,3.2768394786248978
C050_V05_CHG_balanced_SPEED25_T480__S063_R03,balanced,1.098357834492642
C050_V05_CHG_broad_SPEED25_T480__S063_R03,broad,1.098357834492642
C050_V05_CHG_conservative_SPEED25_T480__S063_R03,conservative,4.238428121352281
C050_V05_CHG_balanced_SPEED25_T480__S063_R04,balanced,0.1126657565081788
C050_V05_CHG_broad_SPEED25_T480__S063_R04,broad,0.1126657565081788
C050_V05_CHG_conservative_SPEED25_T480__S063_R04,conservative,1.8062741910837812
C050_V05_CHG_balanced_SPEED25_T480__S063_R05,balanced,0.1872017535958315
C050_V05_CHG_broad_SPEED25_T480__S063_R05,broad,0.1872017535958315
C050_V05_CHG_conservative_SPEED25_T480__S063_R05,conservative,4.48524153796415
C050_V01_CHG_balanced_SPEED25_T480__S064_R01,balanced,0.5397235824669728
C050_V01_CHG_broad_SPEED25_T480__S064_R01,broad,0.5397235824669728
C050_V01_CHG_conservative_SPEED25_T480__S064_R01,conservative,1.9609094800168292
C050_V03_CHG_balanced_SPEED25_T480__S064_R01,balanced,0.6474680321027421
C050_V03_CHG_broad_SPEED25_T480__S064_R01,broad,0.6474680321027421
C050_V03_CHG_conservative_SPEED25_T480__S064_R01,conservative,1.9609094800168292
C050_V03_CHG_balanced_SPEED25_T480__S064_R02,balanced,1.065396380660903
C050_V03_CHG_broad_SPEED25_T480__S064_R02,broad,1.065396380660903
C050_V03_CHG_conservative_SPEED25_T480__S064_R02,conservative,2.17523811033605
C050_V03_CHG_balanced_SPEED25_T480__S064_R03,balanced,0.5397235824669728
C050_V03_CHG_broad_SPEED25_T480__S064_R03,broad,0.5397235824669728
C050_V03_CHG_conservative_SPEED25_T480__S064_R03,conservative,4.840383300112137
C050_V05_CHG_balanced_SPEED25_T480__S064_R01,balanced,0.5397235824669728
C050_V05_CHG_broad_SPEED25_T480__S064_R01,broad,0.5397235824669728
C050_V05_CHG_conservative_SPEED25_T480__S064_R01,conservative,4.840383300112137
C050_V05_CHG_balanced_SPEED25_T480__S064_R02,balanced,1.065396380660903
C050_V05_CHG_broad_SPEED25_T480__S064_R02,broad,1.065396380660903
C050_V05_CHG_conservative_SPEED25_T480__S064_R02,conservative,2.17523811033605
C050_V05_CHG_balanced_SPEED25_T480__S064_R03,balanced,0.6474680321027421
C050_V05_CHG_broad_SPEED25_T480__S064_R03,broad,0.6474680321027421
C050_V05_CHG_conservative_SPEED25_T480__S064_R03,conservative,1.9609094800168292
C050_V05_CHG_balanced_SPEED25_T480__S064_R04,balanced,1.1298006313003608
C050_V05_CHG_broad_SPEED25_T480__S064_R04,broad,1.1298006313003608
C050_V05_CHG_conservative_SPEED25_T480__S064_R04,conservative,3.5312103451540757
C050_V05_CHG_balanced_SPEED25_T480__S064_R05,balanced,1.152470759032714
C050_V05_CHG_broad_SPEED25_T480__S064_R05,broad,1.152470759032714
C050_V05_CHG_conservative_SPEED25_T480__S064_R05,conservative,2.4115785663411393
C050_V01_CHG_balanced_SPEED25_T480__S065_R01,balanced,0.5703951898798353
C050_V01_CHG_broad_SPEED25_T480__S065_R01,broad,0.5703951898798353
C050_V01_CHG_conservative_SPEED25_T480__S065_R01,conservative,1.019423977216097
C050_V03_CHG_balanced_SPEED25_T480__S065_R01,balanced,0.5703951898798353
C050_V03_CHG_broad_SPEED25_T480__S065_R01,broad,0.5703951898798353
C050_V03_CHG_conservative_SPEED25_T480__S065_R01,conservative,2.59303300906427
C050_V03_CHG_balanced_SPEED25_T480__S065_R02,balanced,0.7005253373326638
C050_V03_CHG_broad_SPEED25_T480__S065_R02,broad,0.7005253373326638
C050_V03_CHG_conservative_SPEED25_T480__S065_R02,conservative,1.019423977216097
C050_V03_CHG_balanced_SPEED25_T480__S065_R03,balanced,1.2614910850533856
C050_V03_CHG_broad_SPEED25_T480__S065_R03,broad,1.2614910850533856
C050_V03_CHG_conservative_SPEED25_T480__S065_R03,conservative,1.318788773698428
C050_V05_CHG_balanced_SPEED25_T480__S065_R01,balanced,1.318788773698428
C050_V05_CHG_broad_SPEED25_T480__S065_R01,broad,1.318788773698428
C050_V05_CHG_conservative_SPEED25_T480__S065_R01,conservative,1.318788773698428
C050_V05_CHG_balanced_SPEED25_T480__S065_R02,balanced,0.7005253373326638
C050_V05_CHG_broad_SPEED25_T480__S065_R02,broad,0.7005253373326638
C050_V05_CHG_conservative_SPEED25_T480__S065_R02,conservative,1.019423977216097
C050_V05_CHG_balanced_SPEED25_T480__S065_R03,balanced,1.2614910850533856
C050_V05_CHG_broad_SPEED25_T480__S065_R03,broad,1.2614910850533856
C050_V05_CHG_conservative_SPEED25_T480__S065_R03,conservative,2.872187611445251
C050_V05_CHG_balanced_SPEED25_T480__S065_R04,balanced,0.5703951898798353
C050_V05_CHG_broad_SPEED25_T480__S065_R04,broad,0.5703951898798353
C050_V05_CHG_conservative_SPEED25_T480__S065_R04,conservative,2.59303300906427
C050_V05_CHG_balanced_SPEED25_T480__S065_R05,balanced,1.6421206422417725
C050_V05_CHG_broad_SPEED25_T480__S065_R05,broad,1.6421206422417725
C050_V05_CHG_conservative_SPEED25_T480__S065_R05,conservative,2.4892791016545166
C050_V01_CHG_balanced_SPEED25_T480__S066_R01,balanced,0.515551101589235
C050_V01_CHG_broad_SPEED25_T480__S066_R01,broad,0.515551101589235
C050_V01_CHG_conservative_SPEED25_T480__S066_R01,conservative,0.9114269108146787
C050_V03_CHG_balanced_SPEED25_T480__S066_R01,balanced,0.7315006110831572
C050_V03_CHG_broad_SPEED25_T480__S066_R01,broad,0.7315006110831572
C050_V03_CHG_conservative_SPEED25_T480__S066_R01,conservative,4.577228600246182
C050_V03_CHG_balanced_SPEED25_T480__S066_R02,balanced,0.515551101589235
C050_V03_CHG_broad_SPEED25_T480__S066_R02,broad,0.515551101589235
C050_V03_CHG_conservative_SPEED25_T480__S066_R02,conservative,2.800161836430139
C050_V03_CHG_balanced_SPEED25_T480__S066_R03,balanced,0.6927339028595526
C050_V03_CHG_broad_SPEED25_T480__S066_R03,broad,0.6927339028595526
C050_V03_CHG_conservative_SPEED25_T480__S066_R03,conservative,0.9114269108146787
C050_V05_CHG_balanced_SPEED25_T480__S066_R01,balanced,0.9114269108146787
C050_V05_CHG_broad_SPEED25_T480__S066_R01,broad,0.9114269108146787
C050_V05_CHG_conservative_SPEED25_T480__S066_R01,conservative,0.9114269108146787
C050_V05_CHG_balanced_SPEED25_T480__S066_R02,balanced,0.6568960116059557
C050_V05_CHG_broad_SPEED25_T480__S066_R02,broad,0.6568960116059557
C050_V05_CHG_conservative_SPEED25_T480__S066_R02,conservative,2.800161836430139
C050_V05_CHG_balanced_SPEED25_T480__S066_R03,balanced,0.7315006110831572
C050_V05_CHG_broad_SPEED25_T480__S066_R03,broad,0.7315006110831572
C050_V05_CHG_conservative_SPEED25_T480__S066_R03,conservative,4.577228600246182
C050_V05_CHG_balanced_SPEED25_T480__S066_R04,balanced,0.515551101589235
C050_V05_CHG_broad_SPEED25_T480__S066_R04,broad,0.515551101589235
C050_V05_CHG_conservative_SPEED25_T480__S066_R04,conservative,4.696598835823889
C050_V05_CHG_balanced_SPEED25_T480__S066_R05,balanced,1.6573968841223885
C050_V05_CHG_broad_SPEED25_T480__S066_R05,broad,1.6573968841223885
C050_V05_CHG_conservative_SPEED25_T480__S066_R05,conservative,8.66746457792696
C050_V01_CHG_balanced_SPEED25_T480__S067_R01,balanced,0.1937876201801339
C050_V01_CHG_broad_SPEED25_T480__S067_R01,broad,0.1937876201801339
C050_V01_CHG_conservative_SPEED25_T480__S067_R01,conservative,0.7744312172826395
C050_V03_CHG_balanced_SPEED25_T480__S067_R01,balanced,1.082168028620759
C050_V03_CHG_broad_SPEED25_T480__S067_R01,broad,1.082168028620759
C050_V03_CHG_conservative_SPEED25_T480__S067_R01,conservative,5.818741512889687
C050_V03_CHG_balanced_SPEED25_T480__S067_R02,balanced,0.3958667529124097
C050_V03_CHG_broad_SPEED25_T480__S067_R02,broad,0.3958667529124097
C050_V03_CHG_conservative_SPEED25_T480__S067_R02,conservative,0.7744312172826395
C050_V03_CHG_balanced_SPEED25_T480__S067_R03,balanced,0.1937876201801339
C050_V03_CHG_broad_SPEED25_T480__S067_R03,broad,0.1937876201801339
C050_V03_CHG_conservative_SPEED25_T480__S067_R03,conservative,1.5927996488698914
C050_V05_CHG_balanced_SPEED25_T480__S067_R01,balanced,1.5189319283086613
C050_V05_CHG_broad_SPEED25_T480__S067_R01,broad,1.5189319283086613
C050_V05_CHG_conservative_SPEED25_T480__S067_R01,conservative,3.390075943279603
C050_V05_CHG_balanced_SPEED25_T480__S067_R02,balanced,1.7073751033738558
C050_V05_CHG_broad_SPEED25_T480__S067_R02,broad,1.7073751033738558
C050_V05_CHG_conservative_SPEED25_T480__S067_R02,conservative,5.818741512889687
C050_V05_CHG_balanced_SPEED25_T480__S067_R03,balanced,0.1937876201801339
C050_V05_CHG_broad_SPEED25_T480__S067_R03,broad,0.1937876201801339
C050_V05_CHG_conservative_SPEED25_T480__S067_R03,conservative,1.5927996488698914
C050_V05_CHG_balanced_SPEED25_T480__S067_R04,balanced,1.082168028620759
C050_V05_CHG_broad_SPEED25_T480__S067_R04,broad,1.082168028620759
C050_V05_CHG_conservative_SPEED25_T480__S067_R04,conservative,9.123655509180232
C050_V05_CHG_balanced_SPEED25_T480__S067_R05,balanced,0.3958667529124097
C050_V05_CHG_broad_SPEED25_T480__S067_R05,broad,0.3958667529124097
C050_V05_CHG_conservative_SPEED25_T480__S067_R05,conservative,0.7744312172826395
C050_V01_CHG_balanced_SPEED25_T480__S068_R01,balanced,0.3673941246133084
C050_V01_CHG_broad_SPEED25_T480__S068_R01,broad,0.3673941246133084
C050_V01_CHG_conservative_SPEED25_T480__S068_R01,conservative,0.7744312172826395
C050_V03_CHG_balanced_SPEED25_T480__S068_R01,balanced,1.2797208578939834
C050_V03_CHG_broad_SPEED25_T480__S068_R01,broad,1.2797208578939834
C050_V03_CHG_conservative_SPEED25_T480__S068_R01,conservative,1.2797208578939834
C050_V03_CHG_balanced_SPEED25_T480__S068_R02,balanced,0.3673941246133084
C050_V03_CHG_broad_SPEED25_T480__S068_R02,broad,0.3673941246133084
C050_V03_CHG_conservative_SPEED25_T480__S068_R02,conservative,1.8797209023271848
C050_V03_CHG_balanced_SPEED25_T480__S068_R03,balanced,0.4258739562534246
C050_V03_CHG_broad_SPEED25_T480__S068_R03,broad,0.4258739562534246
C050_V03_CHG_conservative_SPEED25_T480__S068_R03,conservative,0.7744312172826395
C050_V05_CHG_balanced_SPEED25_T480__S068_R01,balanced,0.8585060853807585
C050_V05_CHG_broad_SPEED25_T480__S068_R01,broad,0.8585060853807585
C050_V05_CHG_conservative_SPEED25_T480__S068_R01,conservative,1.8797209023271848
C050_V05_CHG_balanced_SPEED25_T480__S068_R02,balanced,1.2797208578939834
C050_V05_CHG_broad_SPEED25_T480__S068_R02,broad,1.2797208578939834
C050_V05_CHG_conservative_SPEED25_T480__S068_R02,conservative,1.2797208578939834
C050_V05_CHG_balanced_SPEED25_T480__S068_R03,balanced,0.9019976506156888
C050_V05_CHG_broad_SPEED25_T480__S068_R03,broad,0.9019976506156888
C050_V05_CHG_conservative_SPEED25_T480__S068_R03,conservative,3.997484443603043
C050_V05_CHG_balanced_SPEED25_T480__S068_R04,balanced,0.3673941246133084
C050_V05_CHG_broad_SPEED25_T480__S068_R04,broad,0.3673941246133084
C050_V05_CHG_conservative_SPEED25_T480__S068_R04,conservative,0.7744312172826395
C050_V05_CHG_balanced_SPEED25_T480__S068_R05,balanced,0.6360177939918348
C050_V05_CHG_broad_SPEED25_T480__S068_R05,broad,0.6360177939918348
C050_V05_CHG_conservative_SPEED25_T480__S068_R05,conservative,2.392152226398796
C050_V01_CHG_balanced_SPEED25_T480__S069_R01,balanced,0.2338761643392324
C050_V01_CHG_broad_SPEED25_T480__S069_R01,broad,0.2338761643392324
C050_V01_CHG_conservative_SPEED25_T480__S069_R01,conservative,0.7744312172826395
C050_V03_CHG_balanced_SPEED25_T480__S069_R01,balanced,0.4402417533874605
C050_V03_CHG_broad_SPEED25_T480__S069_R01,broad,0.4402417533874605
C050_V03_CHG_conservative_SPEED25_T480__S069_R01,conservative,1.0857732938993452
C050_V03_CHG_balanced_SPEED25_T480__S069_R02,balanced,0.6458545548976456
C050_V03_CHG_broad_SPEED25_T480__S069_R02,broad,0.6458545548976456
C050_V03_CHG_conservative_SPEED25_T480__S069_R02,conservative,0.7744312172826395
C050_V03_CHG_balanced_SPEED25_T480__S069_R03,balanced,0.2338761643392324
C050_V03_CHG_broad_SPEED25_T480__S069_R03,broad,0.2338761643392324
C050_V03_CHG_conservative_SPEED25_T480__S069_R03,conservative,1.0793280067369468
C050_V05_CHG_balanced_SPEED25_T480__S069_R01,balanced,0.4402417533874605
C050_V05_CHG_broad_SPEED25_T480__S069_R01,broad,0.4402417533874605
C050_V05_CHG_conservative_SPEED25_T480__S069_R01,conservative,1.0857732938993452
C050_V05_CHG_balanced_SPEED25_T480__S069_R02,balanced,1.2806871925496512
C050_V05_CHG_broad_SPEED25_T480__S069_R02,broad,1.2806871925496512
C050_V05_CHG_conservative_SPEED25_T480__S069_R02,conservative,3.997484443603043
C050_V05_CHG_balanced_SPEED25_T480__S069_R03,balanced,0.816520763604255
C050_V05_CHG_broad_SPEED25_T480__S069_R03,broad,0.816520763604255
C050_V05_CHG_conservative_SPEED25_T480__S069_R03,conservative,3.6933827036487776
C050_V05_CHG_balanced_SPEED25_T480__S069_R04,balanced,0.2338761643392324
C050_V05_CHG_broad_SPEED25_T480__S069_R04,broad,0.2338761643392324
C050_V05_CHG_conservative_SPEED25_T480__S069_R04,conservative,1.0793280067369468
C050_V05_CHG_balanced_SPEED25_T480__S069_R05,balanced,0.6458545548976456
C050_V05_CHG_broad_SPEED25_T480__S069_R05,broad,0.6458545548976456
C050_V05_CHG_conservative_SPEED25_T480__S069_R05,conservative,0.7744312172826395
C050_V01_CHG_balanced_SPEED25_T480__S070_R01,balanced,0.4269478617874594
C050_V01_CHG_broad_SPEED25_T480__S070_R01,broad,0.4269478617874594
C050_V01_CHG_conservative_SPEED25_T480__S070_R01,conservative,1.460982225522081
C050_V03_CHG_balanced_SPEED25_T480__S070_R01,balanced,0.8107150586443821
C050_V03_CHG_broad_SPEED25_T480__S070_R01,broad,0.8107150586443821
C050_V03_CHG_conservative_SPEED25_T480__S070_R01,conservative,2.24643475163753
C050_V03_CHG_balanced_SPEED25_T480__S070_R02,balanced,0.4269478617874594
C050_V03_CHG_broad_SPEED25_T480__S070_R02,broad,0.4269478617874594
C050_V03_CHG_conservative_SPEED25_T480__S070_R02,conservative,1.460982225522081
C050_V03_CHG_balanced_SPEED25_T480__S070_R03,balanced,0.8320893874599666
C050_V03_CHG_broad_SPEED25_T480__S070_R03,broad,0.8320893874599666
C050_V03_CHG_conservative_SPEED25_T480__S070_R03,conservative,2.4587969761750035
C050_V05_CHG_balanced_SPEED25_T480__S070_R01,balanced,1.217347715188458
C050_V05_CHG_broad_SPEED25_T480__S070_R01,broad,1.217347715188458
C050_V05_CHG_conservative_SPEED25_T480__S070_R01,conservative,3.997484443603043
C050_V05_CHG_balanced_SPEED25_T480__S070_R02,balanced,0.6345845844300129
C050_V05_CHG_broad_SPEED25_T480__S070_R02,broad,0.6345845844300129
C050_V05_CHG_conservative_SPEED25_T480__S070_R02,conservative,3.997484443603043
C050_V05_CHG_balanced_SPEED25_T480__S070_R03,balanced,0.8107150586443821
C050_V05_CHG_broad_SPEED25_T480__S070_R03,broad,0.8107150586443821
C050_V05_CHG_conservative_SPEED25_T480__S070_R03,conservative,2.24643475163753
C050_V05_CHG_balanced_SPEED25_T480__S070_R04,balanced,0.4269478617874594
C050_V05_CHG_broad_SPEED25_T480__S070_R04,broad,0.4269478617874594
C050_V05_CHG_conservative_SPEED25_T480__S070_R04,conservative,1.460982225522081
C050_V05_CHG_balanced_SPEED25_T480__S070_R05,balanced,0.8320893874599666
C050_V05_CHG_broad_SPEED25_T480__S070_R05,broad,0.8320893874599666
C050_V05_CHG_conservative_SPEED25_T480__S070_R05,conservative,2.4587969761750035
C050_V01_CHG_balanced_SPEED25_T480__S071_R01,balanced,0.2317865241815123
C050_V01_CHG_broad_SPEED25_T480__S071_R01,broad,0.2317865241815123
C050_V01_CHG_conservative_SPEED25_T480__S071_R01,conservative,2.2908032592980305
C050_V03_CHG_balanced_SPEED25_T480__S071_R01,balanced,0.6913797664272088
C050_V03_CHG_broad_SPEED25_T480__S071_R01,broad,0.6913797664272088
C050_V03_CHG_conservative_SPEED25_T480__S071_R01,conservative,2.2908032592980305
C050_V03_CHG_balanced_SPEED25_T480__S071_R02,balanced,0.2317865241815123
C050_V03_CHG_broad_SPEED25_T480__S071_R02,broad,0.2317865241815123
C050_V03_CHG_conservative_SPEED25_T480__S071_R02,conservative,3.4230207085763076
C050_V03_CHG_balanced_SPEED25_T480__S071_R03,balanced,0.9154459515517452
C050_V03_CHG_broad_SPEED25_T480__S071_R03,broad,0.9154459515517452
C050_V03_CHG_conservative_SPEED25_T480__S071_R03,conservative,3.997484443603043
C050_V05_CHG_balanced_SPEED25_T480__S071_R01,balanced,1.1330590780962788
C050_V05_CHG_broad_SPEED25_T480__S071_R01,broad,1.1330590780962788
C050_V05_CHG_conservative_SPEED25_T480__S071_R01,conservative,3.5312103451540757
C050_V05_CHG_balanced_SPEED25_T480__S071_R02,balanced,0.2317865241815123
C050_V05_CHG_broad_SPEED25_T480__S071_R02,broad,0.2317865241815123
C050_V05_CHG_conservative_SPEED25_T480__S071_R02,conservative,2.2908032592980305
C050_V05_CHG_balanced_SPEED25_T480__S071_R03,balanced,0.6913797664272088
C050_V05_CHG_broad_SPEED25_T480__S071_R03,broad,0.6913797664272088
C050_V05_CHG_conservative_SPEED25_T480__S071_R03,conservative,3.997484443603043
C050_V05_CHG_balanced_SPEED25_T480__S071_R04,balanced,0.9154459515517452
C050_V05_CHG_broad_SPEED25_T480__S071_R04,broad,0.9154459515517452
C050_V05_CHG_conservative_SPEED25_T480__S071_R04,conservative,3.997484443603043
C050_V05_CHG_balanced_SPEED25_T480__S071_R05,balanced,1.131883118427128
C050_V05_CHG_broad_SPEED25_T480__S071_R05,broad,1.131883118427128
C050_V05_CHG_conservative_SPEED25_T480__S071_R05,conservative,3.0875648264281046
C050_V01_CHG_balanced_SPEED25_T480__S072_R01,balanced,0.2360904916428015
C050_V01_CHG_broad_SPEED25_T480__S072_R01,broad,0.2360904916428015
C050_V01_CHG_conservative_SPEED25_T480__S072_R01,conservative,0.2360904916428015
C050_V03_CHG_balanced_SPEED25_T480__S072_R01,balanced,0.5929564004372525
C050_V03_CHG_broad_SPEED25_T480__S072_R01,broad,0.5929564004372525
C050_V03_CHG_conservative_SPEED25_T480__S072_R01,conservative,2.1610362295417964
C050_V03_CHG_balanced_SPEED25_T480__S072_R02,balanced,0.7253143483704185
C050_V03_CHG_broad_SPEED25_T480__S072_R02,broad,0.7253143483704185
C050_V03_CHG_conservative_SPEED25_T480__S072_R02,conservative,1.3211598461182166
C050_V03_CHG_balanced_SPEED25_T480__S072_R03,balanced,0.2360904916428015
C050_V03_CHG_broad_SPEED25_T480__S072_R03,broad,0.2360904916428015
C050_V03_CHG_conservative_SPEED25_T480__S072_R03,conservative,0.2360904916428015
C050_V05_CHG_balanced_SPEED25_T480__S072_R01,balanced,1.3354816851190576
C050_V05_CHG_broad_SPEED25_T480__S072_R01,broad,1.3354816851190576
C050_V05_CHG_conservative_SPEED25_T480__S072_R01,conservative,2.1610362295417964
C050_V05_CHG_balanced_SPEED25_T480__S072_R02,balanced,0.8979428005470407
C050_V05_CHG_broad_SPEED25_T480__S072_R02,broad,0.8979428005470407
C050_V05_CHG_conservative_SPEED25_T480__S072_R02,conservative,1.3211598461182166
C050_V05_CHG_balanced_SPEED25_T480__S072_R03,balanced,0.2360904916428015
C050_V05_CHG_broad_SPEED25_T480__S072_R03,broad,0.2360904916428015
C050_V05_CHG_conservative_SPEED25_T480__S072_R03,conservative,0.2360904916428015
C050_V05_CHG_balanced_SPEED25_T480__S072_R04,balanced,0.5929564004372525
C050_V05_CHG_broad_SPEED25_T480__S072_R04,broad,0.5929564004372525
C050_V05_CHG_conservative_SPEED25_T480__S072_R04,conservative,2.4916827668767896
C050_V05_CHG_balanced_SPEED25_T480__S072_R05,balanced,1.149595314661301
C050_V05_CHG_broad_SPEED25_T480__S072_R05,broad,1.149595314661301
C050_V05_CHG_conservative_SPEED25_T480__S072_R05,conservative,3.4302827892444334
C050_V01_CHG_balanced_SPEED25_T480__S073_R01,balanced,0.1288285571861638
C050_V01_CHG_broad_SPEED25_T480__S073_R01,broad,0.1288285571861638
C050_V01_CHG_conservative_SPEED25_T480__S073_R01,conservative,1.1578719732327398
C050_V03_CHG_balanced_SPEED25_T480__S073_R01,balanced,0.1288285571861638
C050_V03_CHG_broad_SPEED25_T480__S073_R01,broad,0.1288285571861638
C050_V03_CHG_conservative_SPEED25_T480__S073_R01,conservative,1.1935635926001795
C050_V03_CHG_balanced_SPEED25_T480__S073_R02,balanced,0.1332367404289563
C050_V03_CHG_broad_SPEED25_T480__S073_R02,broad,0.1332367404289563
C050_V03_CHG_conservative_SPEED25_T480__S073_R02,conservative,1.1578719732327398
C050_V03_CHG_balanced_SPEED25_T480__S073_R03,balanced,0.5292907198304598
C050_V03_CHG_broad_SPEED25_T480__S073_R03,broad,0.5292907198304598
C050_V03_CHG_conservative_SPEED25_T480__S073_R03,conservative,1.625574032061888
C050_V05_CHG_balanced_SPEED25_T480__S073_R01,balanced,1.1935635926001795
C050_V05_CHG_broad_SPEED25_T480__S073_R01,broad,1.1935635926001795
C050_V05_CHG_conservative_SPEED25_T480__S073_R01,conservative,1.1935635926001795
C050_V05_CHG_balanced_SPEED25_T480__S073_R02,balanced,0.1332367404289563
C050_V05_CHG_broad_SPEED25_T480__S073_R02,broad,0.1332367404289563
C050_V05_CHG_conservative_SPEED25_T480__S073_R02,conservative,1.1578719732327398
C050_V05_CHG_balanced_SPEED25_T480__S073_R03,balanced,0.8172465408236906
C050_V05_CHG_broad_SPEED25_T480__S073_R03,broad,0.8172465408236906
C050_V05_CHG_conservative_SPEED25_T480__S073_R03,conservative,3.997484443603043
C050_V05_CHG_balanced_SPEED25_T480__S073_R04,balanced,0.1288285571861638
C050_V05_CHG_broad_SPEED25_T480__S073_R04,broad,0.1288285571861638
C050_V05_CHG_conservative_SPEED25_T480__S073_R04,conservative,3.997484443603043
C050_V05_CHG_balanced_SPEED25_T480__S073_R05,balanced,0.5292907198304598
C050_V05_CHG_broad_SPEED25_T480__S073_R05,broad,0.5292907198304598
C050_V05_CHG_conservative_SPEED25_T480__S073_R05,conservative,1.625574032061888
C050_V01_CHG_balanced_SPEED25_T480__S074_R01,balanced,0.2878020033209206
C050_V01_CHG_broad_SPEED25_T480__S074_R01,broad,0.2878020033209206
C050_V01_CHG_conservative_SPEED25_T480__S074_R01,conservative,0.949640644650526
C050_V03_CHG_balanced_SPEED25_T480__S074_R01,balanced,0.2878020033209206
C050_V03_CHG_broad_SPEED25_T480__S074_R01,broad,0.2878020033209206
C050_V03_CHG_conservative_SPEED25_T480__S074_R01,conservative,1.3935047238348386
C050_V03_CHG_balanced_SPEED25_T480__S074_R02,balanced,0.5330063202320975
C050_V03_CHG_broad_SPEED25_T480__S074_R02,broad,0.5330063202320975
C050_V03_CHG_conservative_SPEED25_T480__S074_R02,conservative,1.1426221057921593
C050_V03_CHG_balanced_SPEED25_T480__S074_R03,balanced,0.8275843016700496
C050_V03_CHG_broad_SPEED25_T480__S074_R03,broad,0.8275843016700496
C050_V03_CHG_conservative_SPEED25_T480__S074_R03,conservative,0.949640644650526
C050_V05_CHG_balanced_SPEED25_T480__S074_R01,balanced,1.3353596397540302
C050_V05_CHG_broad_SPEED25_T480__S074_R01,broad,1.3353596397540302
C050_V05_CHG_conservative_SPEED25_T480__S074_R01,conservative,5.949292435840797
C050_V05_CHG_balanced_SPEED25_T480__S074_R02,balanced,0.2878020033209206
C050_V05_CHG_broad_SPEED25_T480__S074_R02,broad,0.2878020033209206
C050_V05_CHG_conservative_SPEED25_T480__S074_R02,conservative,1.6701695017394644
C050_V05_CHG_balanced_SPEED25_T480__S074_R03,balanced,0.5330063202320975
C050_V05_CHG_broad_SPEED25_T480__S074_R03,broad,0.5330063202320975
C050_V05_CHG_conservative_SPEED25_T480__S074_R03,conservative,1.1426221057921593
C050_V05_CHG_balanced_SPEED25_T480__S074_R04,balanced,0.8275843016700496
C050_V05_CHG_broad_SPEED25_T480__S074_R04,broad,0.8275843016700496
C050_V05_CHG_conservative_SPEED25_T480__S074_R04,conservative,0.949640644650526
C050_V05_CHG_balanced_SPEED25_T480__S074_R05,balanced,0.8054126795634986
C050_V05_CHG_broad_SPEED25_T480__S074_R05,broad,0.8054126795634986
C050_V05_CHG_conservative_SPEED25_T480__S074_R05,conservative,4.956118131433933
C050_V01_CHG_balanced_SPEED25_T480__S075_R01,balanced,0.3490686287725337
C050_V01_CHG_broad_SPEED25_T480__S075_R01,broad,0.3490686287725337
C050_V01_CHG_conservative_SPEED25_T480__S075_R01,conservative,1.059116102807384
C050_V03_CHG_balanced_SPEED25_T480__S075_R01,balanced,0.4108764647219223
C050_V03_CHG_broad_SPEED25_T480__S075_R01,broad,0.4108764647219223
C050_V03_CHG_conservative_SPEED25_T480__S075_R01,conservative,2.0169503080563747
C050_V03_CHG_balanced_SPEED25_T480__S075_R02,balanced,0.9596322877020644
C050_V03_CHG_broad_SPEED25_T480__S075_R02,broad,0.9596322877020644
C050_V03_CHG_conservative_SPEED25_T480__S075_R02,conservative,2.162517834051037
C050_V03_CHG_balanced_SPEED25_T480__S075_R03,balanced,0.3490686287725337
C050_V03_CHG_broad_SPEED25_T480__S075_R03,broad,0.3490686287725337
C050_V03_CHG_conservative_SPEED25_T480__S075_R03,conservative,1.059116102807384
C050_V05_CHG_balanced_SPEED25_T480__S075_R01,balanced,0.3490686287725337
C050_V05_CHG_broad_SPEED25_T480__S075_R01,broad,0.3490686287725337
C050_V05_CHG_conservative_SPEED25_T480__S075_R01,conservative,1.059116102807384
C050_V05_CHG_balanced_SPEED25_T480__S075_R02,balanced,0.8172465408236906
C050_V05_CHG_broad_SPEED25_T480__S075_R02,broad,0.8172465408236906
C050_V05_CHG_conservative_SPEED25_T480__S075_R02,conservative,2.0169503080563747
C050_V05_CHG_balanced_SPEED25_T480__S075_R03,balanced,1.3693613285644872
C050_V05_CHG_broad_SPEED25_T480__S075_R03,broad,1.3693613285644872
C050_V05_CHG_conservative_SPEED25_T480__S075_R03,conservative,2.7144931258663254
C050_V05_CHG_balanced_SPEED25_T480__S075_R04,balanced,0.9596322877020644
C050_V05_CHG_broad_SPEED25_T480__S075_R04,broad,0.9596322877020644
C050_V05_CHG_conservative_SPEED25_T480__S075_R04,conservative,2.162517834051037
C050_V05_CHG_balanced_SPEED25_T480__S075_R05,balanced,1.7073751033738558
C050_V05_CHG_broad_SPEED25_T480__S075_R05,broad,1.7073751033738558
C050_V05_CHG_conservative_SPEED25_T480__S075_R05,conservative,9.123655509180232
C050_V01_CHG_balanced_SPEED25_T480__S076_R01,balanced,0.2216677516033497
C050_V01_CHG_broad_SPEED25_T480__S076_R01,broad,0.2216677516033497
C050_V01_CHG_conservative_SPEED25_T480__S076_R01,conservative,1.5596133083643726
C050_V03_CHG_balanced_SPEED25_T480__S076_R01,balanced,0.4953568835468744
C050_V03_CHG_broad_SPEED25_T480__S076_R01,broad,0.4953568835468744
C050_V03_CHG_conservative_SPEED25_T480__S076_R01,conservative,2.730602627131729
C050_V03_CHG_balanced_SPEED25_T480__S076_R02,balanced,0.2216677516033497
C050_V03_CHG_broad_SPEED25_T480__S076_R02,broad,0.2216677516033497
C050_V03_CHG_conservative_SPEED25_T480__S076_R02,conservative,1.5596133083643726
C050_V03_CHG_balanced_SPEED25_T480__S076_R03,balanced,0.3161439050651855
C050_V03_CHG_broad_SPEED25_T480__S076_R03,broad,0.3161439050651855
C050_V03_CHG_conservative_SPEED25_T480__S076_R03,conservative,2.4916827668767896
C050_V05_CHG_balanced_SPEED25_T480__S076_R01,balanced,0.2216677516033497
C050_V05_CHG_broad_SPEED25_T480__S076_R01,broad,0.2216677516033497
C050_V05_CHG_conservative_SPEED25_T480__S076_R01,conservative,1.5596133083643726
C050_V05_CHG_balanced_SPEED25_T480__S076_R02,balanced,0.9052948092629948
C050_V05_CHG_broad_SPEED25_T480__S076_R02,broad,0.9052948092629948
C050_V05_CHG_conservative_SPEED25_T480__S076_R02,conservative,2.952923424846084
C050_V05_CHG_balanced_SPEED25_T480__S076_R03,balanced,0.3161439050651855
C050_V05_CHG_broad_SPEED25_T480__S076_R03,broad,0.3161439050651855
C050_V05_CHG_conservative_SPEED25_T480__S076_R03,conservative,2.4916827668767896
C050_V05_CHG_balanced_SPEED25_T480__S076_R04,balanced,1.7073751033738558
C050_V05_CHG_broad_SPEED25_T480__S076_R04,broad,1.7073751033738558
C050_V05_CHG_conservative_SPEED25_T480__S076_R04,conservative,8.199551395926909
C050_V05_CHG_balanced_SPEED25_T480__S076_R05,balanced,0.4953568835468744
C050_V05_CHG_broad_SPEED25_T480__S076_R05,broad,0.4953568835468744
C050_V05_CHG_conservative_SPEED25_T480__S076_R05,conservative,2.730602627131729
C050_V01_CHG_balanced_SPEED25_T480__S077_R01,balanced,0.1942476858261919
C050_V01_CHG_broad_SPEED25_T480__S077_R01,broad,0.1942476858261919
C050_V01_CHG_conservative_SPEED25_T480__S077_R01,conservative,1.7233423293910737
C050_V03_CHG_balanced_SPEED25_T480__S077_R01,balanced,0.4462940168429167
C050_V03_CHG_broad_SPEED25_T480__S077_R01,broad,0.4462940168429167
C050_V03_CHG_conservative_SPEED25_T480__S077_R01,conservative,1.7393905425468423
C050_V03_CHG_balanced_SPEED25_T480__S077_R02,balanced,1.1929718240475955
C050_V03_CHG_broad_SPEED25_T480__S077_R02,broad,1.1929718240475955
C050_V03_CHG_conservative_SPEED25_T480__S077_R02,conservative,1.7233423293910737
C050_V03_CHG_balanced_SPEED25_T480__S077_R03,balanced,0.1942476858261919
C050_V03_CHG_broad_SPEED25_T480__S077_R03,broad,0.1942476858261919
C050_V03_CHG_conservative_SPEED25_T480__S077_R03,conservative,2.4916827668767896
C050_V05_CHG_balanced_SPEED25_T480__S077_R01,balanced,0.583204434373936
C050_V05_CHG_broad_SPEED25_T480__S077_R01,broad,0.583204434373936
C050_V05_CHG_conservative_SPEED25_T480__S077_R01,conservative,1.7393905425468423
C050_V05_CHG_balanced_SPEED25_T480__S077_R02,balanced,0.1942476858261919
C050_V05_CHG_broad_SPEED25_T480__S077_R02,broad,0.1942476858261919
C050_V05_CHG_conservative_SPEED25_T480__S077_R02,conservative,2.4916827668767896
C050_V05_CHG_balanced_SPEED25_T480__S077_R03,balanced,0.4829943678226611
C050_V05_CHG_broad_SPEED25_T480__S077_R03,broad,0.4829943678226611
C050_V05_CHG_conservative_SPEED25_T480__S077_R03,conservative,3.997484443603043
C050_V05_CHG_balanced_SPEED25_T480__S077_R04,balanced,1.1929718240475955
C050_V05_CHG_broad_SPEED25_T480__S077_R04,broad,1.1929718240475955
C050_V05_CHG_conservative_SPEED25_T480__S077_R04,conservative,1.7233423293910737
C050_V05_CHG_balanced_SPEED25_T480__S077_R05,balanced,0.4462940168429167
C050_V05_CHG_broad_SPEED25_T480__S077_R05,broad,0.4462940168429167
C050_V05_CHG_conservative_SPEED25_T480__S077_R05,conservative,3.997484443603043
C050_V01_CHG_balanced_SPEED25_T480__S078_R01,balanced,0.3473923547524901
C050_V01_CHG_broad_SPEED25_T480__S078_R01,broad,0.3473923547524901
C050_V01_CHG_conservative_SPEED25_T480__S078_R01,conservative,0.3473923547524901
C050_V03_CHG_balanced_SPEED25_T480__S078_R01,balanced,0.5185132308029476
C050_V03_CHG_broad_SPEED25_T480__S078_R01,broad,0.5185132308029476
C050_V03_CHG_conservative_SPEED25_T480__S078_R01,conservative,2.036213538448112
C050_V03_CHG_balanced_SPEED25_T480__S078_R02,balanced,0.3473923547524901
C050_V03_CHG_broad_SPEED25_T480__S078_R02,broad,0.3473923547524901
C050_V03_CHG_conservative_SPEED25_T480__S078_R02,conservative,0.3473923547524901
C050_V03_CHG_balanced_SPEED25_T480__S078_R03,balanced,0.4436198606660707
C050_V03_CHG_broad_SPEED25_T480__S078_R03,broad,0.4436198606660707
C050_V03_CHG_conservative_SPEED25_T480__S078_R03,conservative,2.130003186345427
C050_V05_CHG_balanced_SPEED25_T480__S078_R01,balanced,1.319130528290383
C050_V05_CHG_broad_SPEED25_T480__S078_R01,broad,1.319130528290383
C050_V05_CHG_conservative_SPEED25_T480__S078_R01,conservative,3.399718014086235
C050_V05_CHG_balanced_SPEED25_T480__S078_R02,balanced,0.3473923547524901
C050_V05_CHG_broad_SPEED25_T480__S078_R02,broad,0.3473923547524901
C050_V05_CHG_conservative_SPEED25_T480__S078_R02,conservative,0.3473923547524901
C050_V05_CHG_balanced_SPEED25_T480__S078_R03,balanced,0.4436198606660707
C050_V05_CHG_broad_SPEED25_T480__S078_R03,broad,0.4436198606660707
C050_V05_CHG_conservative_SPEED25_T480__S078_R03,conservative,2.130003186345427
C050_V05_CHG_balanced_SPEED25_T480__S078_R04,balanced,0.5185132308029476
C050_V05_CHG_broad_SPEED25_T480__S078_R04,broad,0.5185132308029476
C050_V05_CHG_conservative_SPEED25_T480__S078_R04,conservative,2.036213538448112
C050_V05_CHG_balanced_SPEED25_T480__S078_R05,balanced,1.1555658732730667
C050_V05_CHG_broad_SPEED25_T480__S078_R05,broad,1.1555658732730667
C050_V05_CHG_conservative_SPEED25_T480__S078_R05,conservative,2.6279212768546283
C050_V01_CHG_balanced_SPEED25_T480__S079_R01,balanced,0.3310735946490938
C050_V01_CHG_broad_SPEED25_T480__S079_R01,broad,0.3310735946490938
C050_V01_CHG_conservative_SPEED25_T480__S079_R01,conservative,0.5038977112210715
C050_V03_CHG_balanced_SPEED25_T480__S079_R01,balanced,0.4417598157528443
C050_V03_CHG_broad_SPEED25_T480__S079_R01,broad,0.4417598157528443
C050_V03_CHG_conservative_SPEED25_T480__S079_R01,conservative,0.5038977112210715
C050_V03_CHG_balanced_SPEED25_T480__S079_R02,balanced,0.4519767705796435
C050_V03_CHG_broad_SPEED25_T480__S079_R02,broad,0.4519767705796435
C050_V03_CHG_conservative_SPEED25_T480__S079_R02,conservative,1.6670825761522243
C050_V03_CHG_balanced_SPEED25_T480__S079_R03,balanced,0.3310735946490938
C050_V03_CHG_broad_SPEED25_T480__S079_R03,broad,0.3310735946490938
C050_V03_CHG_conservative_SPEED25_T480__S079_R03,conservative,0.8626408594255386
C050_V05_CHG_balanced_SPEED25_T480__S079_R01,balanced,0.4417598157528443
C050_V05_CHG_broad_SPEED25_T480__S079_R01,broad,0.4417598157528443
C050_V05_CHG_conservative_SPEED25_T480__S079_R01,conservative,0.5038977112210715
C050_V05_CHG_balanced_SPEED25_T480__S079_R02,balanced,0.8626408594255386
C050_V05_CHG_broad_SPEED25_T480__S079_R02,broad,0.8626408594255386
C050_V05_CHG_conservative_SPEED25_T480__S079_R02,conservative,0.8626408594255386
C050_V05_CHG_balanced_SPEED25_T480__S079_R03,balanced,1.1032069943885494
C050_V05_CHG_broad_SPEED25_T480__S079_R03,broad,1.1032069943885494
C050_V05_CHG_conservative_SPEED25_T480__S079_R03,conservative,1.6670825761522243
C050_V05_CHG_balanced_SPEED25_T480__S079_R04,balanced,0.3310735946490938
C050_V05_CHG_broad_SPEED25_T480__S079_R04,broad,0.3310735946490938
C050_V05_CHG_conservative_SPEED25_T480__S079_R04,conservative,9.123655509180232
C050_V05_CHG_balanced_SPEED25_T480__S079_R05,balanced,1.448082333257237
C050_V05_CHG_broad_SPEED25_T480__S079_R05,broad,1.448082333257237
C050_V05_CHG_conservative_SPEED25_T480__S079_R05,conservative,2.8431919206864196
C050_V01_CHG_balanced_SPEED25_T480__S080_R01,balanced,0.2892936055500604
C050_V01_CHG_broad_SPEED25_T480__S080_R01,broad,0.2892936055500604
C050_V01_CHG_conservative_SPEED25_T480__S080_R01,conservative,0.8587959115861339
C050_V03_CHG_balanced_SPEED25_T480__S080_R01,balanced,0.2892936055500604
C050_V03_CHG_broad_SPEED25_T480__S080_R01,broad,0.2892936055500604
C050_V03_CHG_conservative_SPEED25_T480__S080_R01,conservative,0.8587959115861339
C050_V03_CHG_balanced_SPEED25_T480__S080_R02,balanced,0.543356905719346
C050_V03_CHG_broad_SPEED25_T480__S080_R02,broad,0.543356905719346
C050_V03_CHG_conservative_SPEED25_T480__S080_R02,conservative,1.6670825761522243
C050_V03_CHG_balanced_SPEED25_T480__S080_R03,balanced,0.7271134773866023
C050_V03_CHG_broad_SPEED25_T480__S080_R03,broad,0.7271134773866023
C050_V03_CHG_conservative_SPEED25_T480__S080_R03,conservative,3.7648023172839262
C050_V05_CHG_balanced_SPEED25_T480__S080_R01,balanced,0.2892936055500604
C050_V05_CHG_broad_SPEED25_T480__S080_R01,broad,0.2892936055500604
C050_V05_CHG_conservative_SPEED25_T480__S080_R01,conservative,0.8587959115861339
C050_V05_CHG_balanced_SPEED25_T480__S080_R02,balanced,0.543356905719346
C050_V05_CHG_broad_SPEED25_T480__S080_R02,broad,0.543356905719346
C050_V05_CHG_conservative_SPEED25_T480__S080_R02,conservative,2.4747737777608645
C050_V05_CHG_balanced_SPEED25_T480__S080_R03,balanced,0.6970489474337966
C050_V05_CHG_broad_SPEED25_T480__S080_R03,broad,0.6970489474337966
C050_V05_CHG_conservative_SPEED25_T480__S080_R03,conservative,1.6670825761522243
C050_V05_CHG_balanced_SPEED25_T480__S080_R04,balanced,0.7271134773866023
C050_V05_CHG_broad_SPEED25_T480__S080_R04,broad,0.7271134773866023
C050_V05_CHG_conservative_SPEED25_T480__S080_R04,conservative,3.7648023172839262
C050_V05_CHG_balanced_SPEED25_T480__S080_R05,balanced,0.8269186805170292
C050_V05_CHG_broad_SPEED25_T480__S080_R05,broad,0.8269186805170292
C050_V05_CHG_conservative_SPEED25_T480__S080_R05,conservative,7.532588111834759
C050_V01_CHG_balanced_SPEED25_T480__S081_R01,balanced,0.3101687294377195
C050_V01_CHG_broad_SPEED25_T480__S081_R01,broad,0.3101687294377195
C050_V01_CHG_conservative_SPEED25_T480__S081_R01,conservative,1.578179782355697
C050_V03_CHG_balanced_SPEED25_T480__S081_R01,balanced,0.8299311390910735
C050_V03_CHG_broad_SPEED25_T480__S081_R01,broad,0.8299311390910735
C050_V03_CHG_conservative_SPEED25_T480__S081_R01,conservative,3.560473517329795
C050_V03_CHG_balanced_SPEED25_T480__S081_R02,balanced,0.3101687294377195
C050_V03_CHG_broad_SPEED25_T480__S081_R02,broad,0.3101687294377195
C050_V03_CHG_conservative_SPEED25_T480__S081_R02,conservative,1.578179782355697
C050_V03_CHG_balanced_SPEED25_T480__S081_R03,balanced,0.7093775347256132
C050_V03_CHG_broad_SPEED25_T480__S081_R03,broad,0.7093775347256132
C050_V03_CHG_conservative_SPEED25_T480__S081_R03,conservative,1.6227371127480406
C050_V05_CHG_balanced_SPEED25_T480__S081_R01,balanced,0.8299311390910735
C050_V05_CHG_broad_SPEED25_T480__S081_R01,broad,0.8299311390910735
C050_V05_CHG_conservative_SPEED25_T480__S081_R01,conservative,6.509574078793215
C050_V05_CHG_balanced_SPEED25_T480__S081_R02,balanced,0.3101687294377195
C050_V05_CHG_broad_SPEED25_T480__S081_R02,broad,0.3101687294377195
C050_V05_CHG_conservative_SPEED25_T480__S081_R02,conservative,1.5957104314593442
C050_V05_CHG_balanced_SPEED25_T480__S081_R03,balanced,0.8989837261831175
C050_V05_CHG_broad_SPEED25_T480__S081_R03,broad,0.8989837261831175
C050_V05_CHG_conservative_SPEED25_T480__S081_R03,conservative,3.560473517329795
C050_V05_CHG_balanced_SPEED25_T480__S081_R04,balanced,0.7093775347256132
C050_V05_CHG_broad_SPEED25_T480__S081_R04,broad,0.7093775347256132
C050_V05_CHG_conservative_SPEED25_T480__S081_R04,conservative,1.6227371127480406
C050_V05_CHG_balanced_SPEED25_T480__S081_R05,balanced,1.1617207120258812
C050_V05_CHG_broad_SPEED25_T480__S081_R05,broad,1.1617207120258812
C050_V05_CHG_conservative_SPEED25_T480__S081_R05,conservative,1.578179782355697
C050_V01_CHG_balanced_SPEED25_T480__S082_R01,balanced,0.1126657565081788
C050_V01_CHG_broad_SPEED25_T480__S082_R01,broad,0.1126657565081788
C050_V01_CHG_conservative_SPEED25_T480__S082_R01,conservative,1.059116102807384
C050_V03_CHG_balanced_SPEED25_T480__S082_R01,balanced,0.3490686287725337
C050_V03_CHG_broad_SPEED25_T480__S082_R01,broad,0.3490686287725337
C050_V03_CHG_conservative_SPEED25_T480__S082_R01,conservative,1.059116102807384
C050_V03_CHG_balanced_SPEED25_T480__S082_R02,balanced,0.1126657565081788
C050_V03_CHG_broad_SPEED25_T480__S082_R02,broad,0.1126657565081788
C050_V03_CHG_conservative_SPEED25_T480__S082_R02,conservative,1.1578719732327398
C050_V03_CHG_balanced_SPEED25_T480__S082_R03,balanced,0.1942476858261919
C050_V03_CHG_broad_SPEED25_T480__S082_R03,broad,0.1942476858261919
C050_V03_CHG_conservative_SPEED25_T480__S082_R03,conservative,1.4347590503763084
C050_V05_CHG_balanced_SPEED25_T480__S082_R01,balanced,1.1521255034903652
C050_V05_CHG_broad_SPEED25_T480__S082_R01,broad,1.1521255034903652
C050_V05_CHG_conservative_SPEED25_T480__S082_R01,conservative,3.729978486284302
C050_V05_CHG_balanced_SPEED25_T480__S082_R02,balanced,0.1126657565081788
C050_V05_CHG_broad_SPEED25_T480__S082_R02,broad,0.1126657565081788
C050_V05_CHG_conservative_SPEED25_T480__S082_R02,conservative,1.1578719732327398
C050_V05_CHG_balanced_SPEED25_T480__S082_R03,balanced,0.1942476858261919
C050_V05_CHG_broad_SPEED25_T480__S082_R03,broad,0.1942476858261919
C050_V05_CHG_conservative_SPEED25_T480__S082_R03,conservative,3.997484443603043
C050_V05_CHG_balanced_SPEED25_T480__S082_R04,balanced,1.035603074860016
C050_V05_CHG_broad_SPEED25_T480__S082_R04,broad,1.035603074860016
C050_V05_CHG_conservative_SPEED25_T480__S082_R04,conservative,3.997484443603043
C050_V05_CHG_balanced_SPEED25_T480__S082_R05,balanced,0.3490686287725337
C050_V05_CHG_broad_SPEED25_T480__S082_R05,broad,0.3490686287725337
C050_V05_CHG_conservative_SPEED25_T480__S082_R05,conservative,1.059116102807384
C050_V01_CHG_balanced_SPEED25_T480__S083_R01,balanced,0.5051924988357934
C050_V01_CHG_broad_SPEED25_T480__S083_R01,broad,0.5051924988357934
C050_V01_CHG_conservative_SPEED25_T480__S083_R01,conservative,0.7744312172826395
C050_V03_CHG_balanced_SPEED25_T480__S083_R01,balanced,0.5051924988357934
C050_V03_CHG_broad_SPEED25_T480__S083_R01,broad,0.5051924988357934
C050_V03_CHG_conservative_SPEED25_T480__S083_R01,conservative,0.7744312172826395
C050_V03_CHG_balanced_SPEED25_T480__S083_R02,balanced,1.1390989914167418
C050_V03_CHG_broad_SPEED25_T480__S083_R02,broad,1.1390989914167418
C050_V03_CHG_conservative_SPEED25_T480__S083_R02,conservative,2.952923424846084
C050_V03_CHG_balanced_SPEED25_T480__S083_R03,balanced,0.7093775347256132
C050_V03_CHG_broad_SPEED25_T480__S083_R03,broad,0.7093775347256132
C050_V03_CHG_conservative_SPEED25_T480__S083_R03,conservative,0.8499417687580536
C050_V05_CHG_balanced_SPEED25_T480__S083_R01,balanced,0.7093775347256132
C050_V05_CHG_broad_SPEED25_T480__S083_R01,broad,0.7093775347256132
C050_V05_CHG_conservative_SPEED25_T480__S083_R01,conservative,0.8499417687580536
C050_V05_CHG_balanced_SPEED25_T480__S083_R02,balanced,1.1390989914167418
C050_V05_CHG_broad_SPEED25_T480__S083_R02,broad,1.1390989914167418
C050_V05_CHG_conservative_SPEED25_T480__S083_R02,conservative,2.952923424846084
C050_V05_CHG_balanced_SPEED25_T480__S083_R03,balanced,0.5051924988357934
C050_V05_CHG_broad_SPEED25_T480__S083_R03,broad,0.5051924988357934
C050_V05_CHG_conservative_SPEED25_T480__S083_R03,conservative,0.7744312172826395
C050_V05_CHG_balanced_SPEED25_T480__S083_R04,balanced,1.3878383069428113
C050_V05_CHG_broad_SPEED25_T480__S083_R04,broad,1.3878383069428113
C050_V05_CHG_conservative_SPEED25_T480__S083_R04,conservative,3.997484443603043
C050_V05_CHG_balanced_SPEED25_T480__S083_R05,balanced,2.8278035297587483
C050_V05_CHG_broad_SPEED25_T480__S083_R05,broad,2.8278035297587483
C050_V05_CHG_conservative_SPEED25_T480__S083_R05,conservative,3.997484443603043
C050_V01_CHG_balanced_SPEED25_T480__S084_R01,balanced,0.3467396415576266
C050_V01_CHG_broad_SPEED25_T480__S084_R01,broad,0.3467396415576266
C050_V01_CHG_conservative_SPEED25_T480__S084_R01,conservative,1.067615280980875
C050_V03_CHG_balanced_SPEED25_T480__S084_R01,balanced,0.6250362674597116
C050_V03_CHG_broad_SPEED25_T480__S084_R01,broad,0.6250362674597116
C050_V03_CHG_conservative_SPEED25_T480__S084_R01,conservative,2.44875495710403
C050_V03_CHG_balanced_SPEED25_T480__S084_R02,balanced,0.3467396415576266
C050_V03_CHG_broad_SPEED25_T480__S084_R02,broad,0.3467396415576266
C050_V03_CHG_conservative_SPEED25_T480__S084_R02,conservative,3.997484443603043
C050_V03_CHG_balanced_SPEED25_T480__S084_R03,balanced,0.3958667529124097
C050_V03_CHG_broad_SPEED25_T480__S084_R03,broad,0.3958667529124097
C050_V03_CHG_conservative_SPEED25_T480__S084_R03,conservative,1.067615280980875
C050_V05_CHG_balanced_SPEED25_T480__S084_R01,balanced,0.7011839430641332
C050_V05_CHG_broad_SPEED25_T480__S084_R01,broad,0.7011839430641332
C050_V05_CHG_conservative_SPEED25_T480__S084_R01,conservative,1.067615280980875
C050_V05_CHG_balanced_SPEED25_T480__S084_R02,balanced,0.6250362674597116
C050_V05_CHG_broad_SPEED25_T480__S084_R02,broad,0.6250362674597116
C050_V05_CHG_conservative_SPEED25_T480__S084_R02,conservative,2.44875495710403
C050_V05_CHG_balanced_SPEED25_T480__S084_R03,balanced,0.3467396415576266
C050_V05_CHG_broad_SPEED25_T480__S084_R03,broad,0.3467396415576266
C050_V05_CHG_conservative_SPEED25_T480__S084_R03,conservative,3.997484443603043
C050_V05_CHG_balanced_SPEED25_T480__S084_R04,balanced,0.6302461165329061
C050_V05_CHG_broad_SPEED25_T480__S084_R04,broad,0.6302461165329061
C050_V05_CHG_conservative_SPEED25_T480__S084_R04,conservative,3.997484443603043
C050_V05_CHG_balanced_SPEED25_T480__S084_R05,balanced,0.3958667529124097
C050_V05_CHG_broad_SPEED25_T480__S084_R05,broad,0.3958667529124097
C050_V05_CHG_conservative_SPEED25_T480__S084_R05,conservative,3.997484443603043
C050_V01_CHG_balanced_SPEED25_T480__S085_R01,balanced,0.3101687294377195
C050_V01_CHG_broad_SPEED25_T480__S085_R01,broad,0.3101687294377195
C050_V01_CHG_conservative_SPEED25_T480__S085_R01,conservative,1.1426221057921593
C050_V03_CHG_balanced_SPEED25_T480__S085_R01,balanced,0.5666719344445796
C050_V03_CHG_broad_SPEED25_T480__S085_R01,broad,0.5666719344445796
C050_V03_CHG_conservative_SPEED25_T480__S085_R01,conservative,1.1426221057921593
C050_V03_CHG_balanced_SPEED25_T480__S085_R02,balanced,0.3101687294377195
C050_V03_CHG_broad_SPEED25_T480__S085_R02,broad,0.3101687294377195
C050_V03_CHG_conservative_SPEED25_T480__S085_R02,conservative,1.5957104314593442
C050_V03_CHG_balanced_SPEED25_T480__S085_R03,balanced,1.6320671565719191
C050_V03_CHG_broad_SPEED25_T480__S085_R03,broad,1.6320671565719191
C050_V03_CHG_conservative_SPEED25_T480__S085_R03,conservative,1.8340137248948136
C050_V05_CHG_balanced_SPEED25_T480__S085_R01,balanced,1.1197994616538725
C050_V05_CHG_broad_SPEED25_T480__S085_R01,broad,1.1197994616538725
C050_V05_CHG_conservative_SPEED25_T480__S085_R01,conservative,1.1426221057921593
C050_V05_CHG_balanced_SPEED25_T480__S085_R02,balanced,1.6320671565719191
C050_V05_CHG_broad_SPEED25_T480__S085_R02,broad,1.6320671565719191
C050_V05_CHG_conservative_SPEED25_T480__S085_R02,conservative,1.8340137248948136
C050_V05_CHG_balanced_SPEED25_T480__S085_R03,balanced,0.41425435454879
C050_V05_CHG_broad_SPEED25_T480__S085_R03,broad,0.41425435454879
C050_V05_CHG_conservative_SPEED25_T480__S085_R03,conservative,3.743144213946885
C050_V05_CHG_balanced_SPEED25_T480__S085_R04,balanced,0.3101687294377195
C050_V05_CHG_broad_SPEED25_T480__S085_R04,broad,0.3101687294377195
C050_V05_CHG_conservative_SPEED25_T480__S085_R04,conservative,1.5957104314593442
C050_V05_CHG_balanced_SPEED25_T480__S085_R05,balanced,0.5666719344445796
C050_V05_CHG_broad_SPEED25_T480__S085_R05,broad,0.5666719344445796
C050_V05_CHG_conservative_SPEED25_T480__S085_R05,conservative,3.953892826318448
C050_V01_CHG_balanced_SPEED25_T480__S086_R01,balanced,0.3199318466323606
C050_V01_CHG_broad_SPEED25_T480__S086_R01,broad,0.3199318466323606
C050_V01_CHG_conservative_SPEED25_T480__S086_R01,conservative,0.3199318466323606
C050_V03_CHG_balanced_SPEED25_T480__S086_R01,balanced,0.3199318466323606
C050_V03_CHG_broad_SPEED25_T480__S086_R01,broad,0.3199318466323606
C050_V03_CHG_conservative_SPEED25_T480__S086_R01,conservative,0.3199318466323606
C050_V03_CHG_balanced_SPEED25_T480__S086_R02,balanced,1.2248741346356355
C050_V03_CHG_broad_SPEED25_T480__S086_R02,broad,1.2248741346356355
C050_V03_CHG_conservative_SPEED25_T480__S086_R02,conservative,1.7444076342411805
C050_V03_CHG_balanced_SPEED25_T480__S086_R03,balanced,0.5640795517092885
C050_V03_CHG_broad_SPEED25_T480__S086_R03,broad,0.5640795517092885
C050_V03_CHG_conservative_SPEED25_T480__S086_R03,conservative,0.5640795517092885
C050_V05_CHG_balanced_SPEED25_T480__S086_R01,balanced,1.7787416526193005
C050_V05_CHG_broad_SPEED25_T480__S086_R01,broad,1.7787416526193005
C050_V05_CHG_conservative_SPEED25_T480__S086_R01,conservative,3.997484443603043
C050_V05_CHG_balanced_SPEED25_T480__S086_R02,balanced,0.5640795517092885
C050_V05_CHG_broad_SPEED25_T480__S086_R02,broad,0.5640795517092885
C050_V05_CHG_conservative_SPEED25_T480__S086_R02,conservative,0.5640795517092885
C050_V05_CHG_balanced_SPEED25_T480__S086_R03,balanced,0.9386074740716888
C050_V05_CHG_broad_SPEED25_T480__S086_R03,broad,0.9386074740716888
C050_V05_CHG_conservative_SPEED25_T480__S086_R03,conservative,3.997484443603043
C050_V05_CHG_balanced_SPEED25_T480__S086_R04,balanced,1.2248741346356355
C050_V05_CHG_broad_SPEED25_T480__S086_R04,broad,1.2248741346356355
C050_V05_CHG_conservative_SPEED25_T480__S086_R04,conservative,1.7444076342411805
C050_V05_CHG_balanced_SPEED25_T480__S086_R05,balanced,0.3199318466323606
C050_V05_CHG_broad_SPEED25_T480__S086_R05,broad,0.3199318466323606
C050_V05_CHG_conservative_SPEED25_T480__S086_R05,conservative,0.3199318466323606
C050_V01_CHG_balanced_SPEED25_T480__S087_R01,balanced,0.2216677516033497
C050_V01_CHG_broad_SPEED25_T480__S087_R01,broad,0.2216677516033497
C050_V01_CHG_conservative_SPEED25_T480__S087_R01,conservative,1.1136567065908056
C050_V03_CHG_balanced_SPEED25_T480__S087_R01,balanced,0.7476195327055721
C050_V03_CHG_broad_SPEED25_T480__S087_R01,broad,0.7476195327055721
C050_V03_CHG_conservative_SPEED25_T480__S087_R01,conservative,1.1136567065908056
C050_V03_CHG_balanced_SPEED25_T480__S087_R02,balanced,1.3141196544147984
C050_V03_CHG_broad_SPEED25_T480__S087_R02,broad,1.3141196544147984
C050_V03_CHG_conservative_SPEED25_T480__S087_R02,conservative,3.997484443603043
C050_V03_CHG_balanced_SPEED25_T480__S087_R03,balanced,0.2216677516033497
C050_V03_CHG_broad_SPEED25_T480__S087_R03,broad,0.2216677516033497
C050_V03_CHG_conservative_SPEED25_T480__S087_R03,conservative,1.1426221057921593
C050_V05_CHG_balanced_SPEED25_T480__S087_R01,balanced,0.2216677516033497
C050_V05_CHG_broad_SPEED25_T480__S087_R01,broad,0.2216677516033497
C050_V05_CHG_conservative_SPEED25_T480__S087_R01,conservative,2.2824598546312345
C050_V05_CHG_balanced_SPEED25_T480__S087_R02,balanced,0.8725366078528624
C050_V05_CHG_broad_SPEED25_T480__S087_R02,broad,0.8725366078528624
C050_V05_CHG_conservative_SPEED25_T480__S087_R02,conservative,1.1426221057921593
C050_V05_CHG_balanced_SPEED25_T480__S087_R03,balanced,0.7476195327055721
C050_V05_CHG_broad_SPEED25_T480__S087_R03,broad,0.7476195327055721
C050_V05_CHG_conservative_SPEED25_T480__S087_R03,conservative,1.1136567065908056
C050_V05_CHG_balanced_SPEED25_T480__S087_R04,balanced,1.5788062463673158
C050_V05_CHG_broad_SPEED25_T480__S087_R04,broad,1.5788062463673158
C050_V05_CHG_conservative_SPEED25_T480__S087_R04,conservative,3.997484443603043
C050_V05_CHG_balanced_SPEED25_T480__S087_R05,balanced,0.814959655453386
C050_V05_CHG_broad_SPEED25_T480__S087_R05,broad,0.814959655453386
C050_V05_CHG_conservative_SPEED25_T480__S087_R05,conservative,2.2908032592980305
C050_V01_CHG_balanced_SPEED25_T480__S088_R01,balanced,0.0483159320491876
C050_V01_CHG_broad_SPEED25_T480__S088_R01,broad,0.0483159320491876
C050_V01_CHG_conservative_SPEED25_T480__S088_R01,conservative,0.5135541173180224
C050_V03_CHG_balanced_SPEED25_T480__S088_R01,balanced,0.0483159320491876
C050_V03_CHG_broad_SPEED25_T480__S088_R01,broad,0.0483159320491876
C050_V03_CHG_conservative_SPEED25_T480__S088_R01,conservative,0.5135541173180224
C050_V03_CHG_balanced_SPEED25_T480__S088_R02,balanced,1.0797054394231418
C050_V03_CHG_broad_SPEED25_T480__S088_R02,broad,1.0797054394231418
C050_V03_CHG_conservative_SPEED25_T480__S088_R02,conservative,2.6453152594249656
C050_V03_CHG_balanced_SPEED25_T480__S088_R03,balanced,0.1942476858261919
C050_V03_CHG_broad_SPEED25_T480__S088_R03,broad,0.1942476858261919
C050_V03_CHG_conservative_SPEED25_T480__S088_R03,conservative,2.13156192132587
C050_V05_CHG_balanced_SPEED25_T480__S088_R01,balanced,1.279316038228838
C050_V05_CHG_broad_SPEED25_T480__S088_R01,broad,1.279316038228838
C050_V05_CHG_conservative_SPEED25_T480__S088_R01,conservative,2.6453152594249656
C050_V05_CHG_balanced_SPEED25_T480__S088_R02,balanced,0.0483159320491876
C050_V05_CHG_broad_SPEED25_T480__S088_R02,broad,0.0483159320491876
C050_V05_CHG_conservative_SPEED25_T480__S088_R02,conservative,1.1935635926001795
C050_V05_CHG_balanced_SPEED25_T480__S088_R03,balanced,1.0797054394231418
C050_V05_CHG_broad_SPEED25_T480__S088_R03,broad,1.0797054394231418
C050_V05_CHG_conservative_SPEED25_T480__S088_R03,conservative,3.997484443603043
C050_V05_CHG_balanced_SPEED25_T480__S088_R04,balanced,0.1942476858261919
C050_V05_CHG_broad_SPEED25_T480__S088_R04,broad,0.1942476858261919
C050_V05_CHG_conservative_SPEED25_T480__S088_R04,conservative,2.13156192132587
C050_V05_CHG_balanced_SPEED25_T480__S088_R05,balanced,0.5135541173180224
C050_V05_CHG_broad_SPEED25_T480__S088_R05,broad,0.5135541173180224
C050_V05_CHG_conservative_SPEED25_T480__S088_R05,conservative,0.5135541173180224
C050_V01_CHG_balanced_SPEED25_T480__S089_R01,balanced,0.4258739562534246
C050_V01_CHG_broad_SPEED25_T480__S089_R01,broad,0.4258739562534246
C050_V01_CHG_conservative_SPEED25_T480__S089_R01,conservative,2.130003186345427
C050_V03_CHG_balanced_SPEED25_T480__S089_R01,balanced,1.2357468172964374
C050_V03_CHG_broad_SPEED25_T480__S089_R01,broad,1.2357468172964374
C050_V03_CHG_conservative_SPEED25_T480__S089_R01,conservative,4.0274048075170255
C050_V03_CHG_balanced_SPEED25_T480__S089_R02,balanced,0.4258739562534246
C050_V03_CHG_broad_SPEED25_T480__S089_R02,broad,0.4258739562534246
C050_V03_CHG_conservative_SPEED25_T480__S089_R02,conservative,2.130003186345427
C050_V03_CHG_balanced_SPEED25_T480__S089_R03,balanced,0.7233400761488744
C050_V03_CHG_broad_SPEED25_T480__S089_R03,broad,0.7233400761488744
C050_V03_CHG_conservative_SPEED25_T480__S089_R03,conservative,3.027650487021188
C050_V05_CHG_balanced_SPEED25_T480__S089_R01,balanced,1.2357468172964374
C050_V05_CHG_broad_SPEED25_T480__S089_R01,broad,1.2357468172964374
C050_V05_CHG_conservative_SPEED25_T480__S089_R01,conservative,3.027650487021188
C050_V05_CHG_balanced_SPEED25_T480__S089_R02,balanced,0.656606415353884
C050_V05_CHG_broad_SPEED25_T480__S089_R02,broad,0.656606415353884
C050_V05_CHG_conservative_SPEED25_T480__S089_R02,conservative,2.130003186345427
C050_V05_CHG_balanced_SPEED25_T480__S089_R03,balanced,0.4258739562534246
C050_V05_CHG_broad_SPEED25_T480__S089_R03,broad,0.4258739562534246
C050_V05_CHG_conservative_SPEED25_T480__S089_R03,conservative,2.689242976140375
C050_V05_CHG_balanced_SPEED25_T480__S089_R04,balanced,0.7233400761488744
C050_V05_CHG_broad_SPEED25_T480__S089_R04,broad,0.7233400761488744
C050_V05_CHG_conservative_SPEED25_T480__S089_R04,conservative,6.7185372474364655
C050_V05_CHG_balanced_SPEED25_T480__S089_R05,balanced,1.538169007077046
C050_V05_CHG_broad_SPEED25_T480__S089_R05,broad,1.538169007077046
C050_V05_CHG_conservative_SPEED25_T480__S089_R05,conservative,6.640118014043168
C050_V01_CHG_balanced_SPEED25_T480__S090_R01,balanced,0.3958667529124097
C050_V01_CHG_broad_SPEED25_T480__S090_R01,broad,0.3958667529124097
C050_V01_CHG_conservative_SPEED25_T480__S090_R01,conservative,2.2516667606085754
C050_V03_CHG_balanced_SPEED25_T480__S090_R01,balanced,0.3958667529124097
C050_V03_CHG_broad_SPEED25_T480__S090_R01,broad,0.3958667529124097
C050_V03_CHG_conservative_SPEED25_T480__S090_R01,conservative,3.5378210711147027
C050_V03_CHG_balanced_SPEED25_T480__S090_R02,balanced,1.230562587816618
C050_V03_CHG_broad_SPEED25_T480__S090_R02,broad,1.230562587816618
C050_V03_CHG_conservative_SPEED25_T480__S090_R02,conservative,2.2516667606085754
C050_V03_CHG_balanced_SPEED25_T480__S090_R03,balanced,0.789959094777744
C050_V03_CHG_broad_SPEED25_T480__S090_R03,broad,0.789959094777744
C050_V03_CHG_conservative_SPEED25_T480__S090_R03,conservative,3.815551605082751
C050_V05_CHG_balanced_SPEED25_T480__S090_R01,balanced,0.789959094777744
C050_V05_CHG_broad_SPEED25_T480__S090_R01,broad,0.789959094777744
C050_V05_CHG_conservative_SPEED25_T480__S090_R01,conservative,3.815551605082751
C050_V05_CHG_balanced_SPEED25_T480__S090_R02,balanced,0.8125657672274764
C050_V05_CHG_broad_SPEED25_T480__S090_R02,broad,0.8125657672274764
C050_V05_CHG_conservative_SPEED25_T480__S090_R02,conservative,3.7795653356763954
C050_V05_CHG_balanced_SPEED25_T480__S090_R03,balanced,1.230562587816618
C050_V05_CHG_broad_SPEED25_T480__S090_R03,broad,1.230562587816618
C050_V05_CHG_conservative_SPEED25_T480__S090_R03,conservative,2.2516667606085754
C050_V05_CHG_balanced_SPEED25_T480__S090_R04,balanced,0.718055570126278
C050_V05_CHG_broad_SPEED25_T480__S090_R04,broad,0.718055570126278
C050_V05_CHG_conservative_SPEED25_T480__S090_R04,conservative,3.5378210711147027
C050_V05_CHG_balanced_SPEED25_T480__S090_R05,balanced,0.3958667529124097
C050_V05_CHG_broad_SPEED25_T480__S090_R05,broad,0.3958667529124097
C050_V05_CHG_conservative_SPEED25_T480__S090_R05,conservative,3.997484443603043
C050_V01_CHG_balanced_SPEED25_T480__S091_R01,balanced,0.5401353150469207
C050_V01_CHG_broad_SPEED25_T480__S091_R01,broad,0.5401353150469207
C050_V01_CHG_conservative_SPEED25_T480__S091_R01,conservative,0.881852916849742
C050_V03_CHG_balanced_SPEED25_T480__S091_R01,balanced,0.6215309780620065
C050_V03_CHG_broad_SPEED25_T480__S091_R01,broad,0.6215309780620065
C050_V03_CHG_conservative_SPEED25_T480__S091_R01,conservative,0.881852916849742
C050_V03_CHG_balanced_SPEED25_T480__S091_R02,balanced,0.5401353150469207
C050_V03_CHG_broad_SPEED25_T480__S091_R02,broad,0.5401353150469207
C050_V03_CHG_conservative_SPEED25_T480__S091_R02,conservative,2.422909251552134
C050_V03_CHG_balanced_SPEED25_T480__S091_R03,balanced,0.8299311390910735
C050_V03_CHG_broad_SPEED25_T480__S091_R03,broad,0.8299311390910735
C050_V03_CHG_conservative_SPEED25_T480__S091_R03,conservative,3.111220708920293
C050_V05_CHG_balanced_SPEED25_T480__S091_R01,balanced,0.6215309780620065
C050_V05_CHG_broad_SPEED25_T480__S091_R01,broad,0.6215309780620065
C050_V05_CHG_conservative_SPEED25_T480__S091_R01,conservative,0.881852916849742
C050_V05_CHG_balanced_SPEED25_T480__S091_R02,balanced,0.5401353150469207
C050_V05_CHG_broad_SPEED25_T480__S091_R02,broad,0.5401353150469207
C050_V05_CHG_conservative_SPEED25_T480__S091_R02,conservative,3.288435912949529
C050_V05_CHG_balanced_SPEED25_T480__S091_R03,balanced,1.997621341281682
C050_V05_CHG_broad_SPEED25_T480__S091_R03,broad,1.997621341281682
C050_V05_CHG_conservative_SPEED25_T480__S091_R03,conservative,3.111220708920293
C050_V05_CHG_balanced_SPEED25_T480__S091_R04,balanced,0.9315822432923982
C050_V05_CHG_broad_SPEED25_T480__S091_R04,broad,0.9315822432923982
C050_V05_CHG_conservative_SPEED25_T480__S091_R04,conservative,2.422909251552134
C050_V05_CHG_balanced_SPEED25_T480__S091_R05,balanced,0.8299311390910735
C050_V05_CHG_broad_SPEED25_T480__S091_R05,broad,0.8299311390910735
C050_V05_CHG_conservative_SPEED25_T480__S091_R05,conservative,3.997484443603043
C050_V01_CHG_balanced_SPEED25_T480__S092_R01,balanced,0.0575697158536629
C050_V01_CHG_broad_SPEED25_T480__S092_R01,broad,0.0575697158536629
C050_V01_CHG_conservative_SPEED25_T480__S092_R01,conservative,1.1426221057921593
C050_V03_CHG_balanced_SPEED25_T480__S092_R01,balanced,0.3327784868776917
C050_V03_CHG_broad_SPEED25_T480__S092_R01,broad,0.3327784868776917
C050_V03_CHG_conservative_SPEED25_T480__S092_R01,conservative,1.1426221057921593
C050_V03_CHG_balanced_SPEED25_T480__S092_R02,balanced,0.0575697158536629
C050_V03_CHG_broad_SPEED25_T480__S092_R02,broad,0.0575697158536629
C050_V03_CHG_conservative_SPEED25_T480__S092_R02,conservative,1.6701695017394644
C050_V03_CHG_balanced_SPEED25_T480__S092_R03,balanced,0.6067652744613237
C050_V03_CHG_broad_SPEED25_T480__S092_R03,broad,0.6067652744613237
C050_V03_CHG_conservative_SPEED25_T480__S092_R03,conservative,1.3758251585098689
C050_V05_CHG_balanced_SPEED25_T480__S092_R01,balanced,0.6067652744613237
C050_V05_CHG_broad_SPEED25_T480__S092_R01,broad,0.6067652744613237
C050_V05_CHG_conservative_SPEED25_T480__S092_R01,conservative,3.997484443603043
C050_V05_CHG_balanced_SPEED25_T480__S092_R02,balanced,0.0575697158536629
C050_V05_CHG_broad_SPEED25_T480__S092_R02,broad,0.0575697158536629
C050_V05_CHG_conservative_SPEED25_T480__S092_R02,conservative,1.6701695017394644
C050_V05_CHG_balanced_SPEED25_T480__S092_R03,balanced,0.8585060853807585
C050_V05_CHG_broad_SPEED25_T480__S092_R03,broad,0.8585060853807585
C050_V05_CHG_conservative_SPEED25_T480__S092_R03,conservative,1.1426221057921593
C050_V05_CHG_balanced_SPEED25_T480__S092_R04,balanced,0.683588403351511
C050_V05_CHG_broad_SPEED25_T480__S092_R04,broad,0.683588403351511
C050_V05_CHG_conservative_SPEED25_T480__S092_R04,conservative,1.3758251585098689
C050_V05_CHG_balanced_SPEED25_T480__S092_R05,balanced,0.3327784868776917
C050_V05_CHG_broad_SPEED25_T480__S092_R05,broad,0.3327784868776917
C050_V05_CHG_conservative_SPEED25_T480__S092_R05,conservative,3.0649356759490893
C050_V01_CHG_balanced_SPEED25_T480__S093_R01,balanced,0.5256626717346592
C050_V01_CHG_broad_SPEED25_T480__S093_R01,broad,0.5256626717346592
C050_V01_CHG_conservative_SPEED25_T480__S093_R01,conservative,0.6506971482998989
C050_V03_CHG_balanced_SPEED25_T480__S093_R01,balanced,0.5256626717346592
C050_V03_CHG_broad_SPEED25_T480__S093_R01,broad,0.5256626717346592
C050_V03_CHG_conservative_SPEED25_T480__S093_R01,conservative,0.6506971482998989
C050_V03_CHG_balanced_SPEED25_T480__S093_R02,balanced,0.6297567137890631
C050_V03_CHG_broad_SPEED25_T480__S093_R02,broad,0.6297567137890631
C050_V03_CHG_conservative_SPEED25_T480__S093_R02,conservative,0.8333532813244965
C050_V03_CHG_balanced_SPEED25_T480__S093_R03,balanced,0.9404270210807196
C050_V03_CHG_broad_SPEED25_T480__S093_R03,broad,0.9404270210807196
C050_V03_CHG_conservative_SPEED25_T480__S093_R03,conservative,3.4928985650275584
C050_V05_CHG_balanced_SPEED25_T480__S093_R01,balanced,0.6970489474337966
C050_V05_CHG_broad_SPEED25_T480__S093_R01,broad,0.6970489474337966
C050_V05_CHG_conservative_SPEED25_T480__S093_R01,conservative,1.1426221057921593
C050_V05_CHG_balanced_SPEED25_T480__S093_R02,balanced,0.6297567137890631
C050_V05_CHG_broad_SPEED25_T480__S093_R02,broad,0.6297567137890631
C050_V05_CHG_conservative_SPEED25_T480__S093_R02,conservative,0.8333532813244965
C050_V05_CHG_balanced_SPEED25_T480__S093_R03,balanced,0.5256626717346592
C050_V05_CHG_broad_SPEED25_T480__S093_R03,broad,0.5256626717346592
C050_V05_CHG_conservative_SPEED25_T480__S093_R03,conservative,3.4928985650275584
C050_V05_CHG_balanced_SPEED25_T480__S093_R04,balanced,0.6506971482998989
C050_V05_CHG_broad_SPEED25_T480__S093_R04,broad,0.6506971482998989
C050_V05_CHG_conservative_SPEED25_T480__S093_R04,conservative,0.6506971482998989
C050_V05_CHG_balanced_SPEED25_T480__S093_R05,balanced,0.9404270210807196
C050_V05_CHG_broad_SPEED25_T480__S093_R05,broad,0.9404270210807196
C050_V05_CHG_conservative_SPEED25_T480__S093_R05,conservative,3.997484443603043
C050_V01_CHG_balanced_SPEED25_T480__S094_R01,balanced,0.1676430017568601
C050_V01_CHG_broad_SPEED25_T480__S094_R01,broad,0.1676430017568601
C050_V01_CHG_conservative_SPEED25_T480__S094_R01,conservative,1.1136567065908056
C050_V03_CHG_balanced_SPEED25_T480__S094_R01,balanced,0.3317519896648957
C050_V03_CHG_broad_SPEED25_T480__S094_R01,broad,0.3317519896648957
C050_V03_CHG_conservative_SPEED25_T480__S094_R01,conservative,1.1136567065908056
C050_V03_CHG_balanced_SPEED25_T480__S094_R02,balanced,0.1676430017568601
C050_V03_CHG_broad_SPEED25_T480__S094_R02,broad,0.1676430017568601
C050_V03_CHG_conservative_SPEED25_T480__S094_R02,conservative,1.8587901640917768
C050_V03_CHG_balanced_SPEED25_T480__S094_R03,balanced,0.2892936055500604
C050_V03_CHG_broad_SPEED25_T480__S094_R03,broad,0.2892936055500604
C050_V03_CHG_conservative_SPEED25_T480__S094_R03,conservative,1.290513921200985
C050_V05_CHG_balanced_SPEED25_T480__S094_R01,balanced,0.2892936055500604
C050_V05_CHG_broad_SPEED25_T480__S094_R01,broad,0.2892936055500604
C050_V05_CHG_conservative_SPEED25_T480__S094_R01,conservative,2.426931800372312
C050_V05_CHG_balanced_SPEED25_T480__S094_R02,balanced,0.1676430017568601
C050_V05_CHG_broad_SPEED25_T480__S094_R02,broad,0.1676430017568601
C050_V05_CHG_conservative_SPEED25_T480__S094_R02,conservative,3.997484443603043
C050_V05_CHG_balanced_SPEED25_T480__S094_R03,balanced,0.3317519896648957
C050_V05_CHG_broad_SPEED25_T480__S094_R03,broad,0.3317519896648957
C050_V05_CHG_conservative_SPEED25_T480__S094_R03,conservative,1.1136567065908056
C050_V05_CHG_balanced_SPEED25_T480__S094_R04,balanced,0.4663769815855068
C050_V05_CHG_broad_SPEED25_T480__S094_R04,broad,0.4663769815855068
C050_V05_CHG_conservative_SPEED25_T480__S094_R04,conservative,1.290513921200985
C050_V05_CHG_balanced_SPEED25_T480__S094_R05,balanced,1.69465307193744
C050_V05_CHG_broad_SPEED25_T480__S094_R05,broad,1.69465307193744
C050_V05_CHG_conservative_SPEED25_T480__S094_R05,conservative,1.8587901640917768
C050_V01_CHG_balanced_SPEED25_T480__S095_R01,balanced,0.4519767705796435
C050_V01_CHG_broad_SPEED25_T480__S095_R01,broad,0.4519767705796435
C050_V01_CHG_conservative_SPEED25_T480__S095_R01,conservative,0.728499112235354
C050_V03_CHG_balanced_SPEED25_T480__S095_R01,balanced,0.8013495816301732
C050_V03_CHG_broad_SPEED25_T480__S095_R01,broad,0.8013495816301732
C050_V03_CHG_conservative_SPEED25_T480__S095_R01,conservative,6.070831730419741
C050_V03_CHG_balanced_SPEED25_T480__S095_R02,balanced,0.6067652744613237
C050_V03_CHG_broad_SPEED25_T480__S095_R02,broad,0.6067652744613237
C050_V03_CHG_conservative_SPEED25_T480__S095_R02,conservative,1.5267841083258409
C050_V03_CHG_balanced_SPEED25_T480__S095_R03,balanced,0.4519767705796435
C050_V03_CHG_broad_SPEED25_T480__S095_R03,broad,0.4519767705796435
C050_V03_CHG_conservative_SPEED25_T480__S095_R03,conservative,0.728499112235354
C050_V05_CHG_balanced_SPEED25_T480__S095_R01,balanced,0.4519767705796435
C050_V05_CHG_broad_SPEED25_T480__S095_R01,broad,0.4519767705796435
C050_V05_CHG_conservative_SPEED25_T480__S095_R01,conservative,0.728499112235354
C050_V05_CHG_balanced_SPEED25_T480__S095_R02,balanced,1.69465307193744
C050_V05_CHG_broad_SPEED25_T480__S095_R02,broad,1.69465307193744
C050_V05_CHG_conservative_SPEED25_T480__S095_R02,conservative,1.8587901640917768
C050_V05_CHG_balanced_SPEED25_T480__S095_R03,balanced,0.6067652744613237
C050_V05_CHG_broad_SPEED25_T480__S095_R03,broad,0.6067652744613237
C050_V05_CHG_conservative_SPEED25_T480__S095_R03,conservative,1.5267841083258409
C050_V05_CHG_balanced_SPEED25_T480__S095_R04,balanced,0.8013495816301732
C050_V05_CHG_broad_SPEED25_T480__S095_R04,broad,0.8013495816301732
C050_V05_CHG_conservative_SPEED25_T480__S095_R04,conservative,6.070831730419741
C050_V05_CHG_balanced_SPEED25_T480__S095_R05,balanced,1.4185577101377629
C050_V05_CHG_broad_SPEED25_T480__S095_R05,broad,1.4185577101377629
C050_V05_CHG_conservative_SPEED25_T480__S095_R05,conservative,3.198080198670916
C050_V01_CHG_balanced_SPEED25_T480__S096_R01,balanced,0.0392479014058045
C050_V01_CHG_broad_SPEED25_T480__S096_R01,broad,0.0392479014058045
C050_V01_CHG_conservative_SPEED25_T480__S096_R01,conservative,1.3442267483953234
C050_V03_CHG_balanced_SPEED25_T480__S096_R01,balanced,0.2762317400783571
C050_V03_CHG_broad_SPEED25_T480__S096_R01,broad,0.2762317400783571
C050_V03_CHG_conservative_SPEED25_T480__S096_R01,conservative,1.3442267483953234
C050_V03_CHG_balanced_SPEED25_T480__S096_R02,balanced,0.3095165368663343
C050_V03_CHG_broad_SPEED25_T480__S096_R02,broad,0.3095165368663343
C050_V03_CHG_conservative_SPEED25_T480__S096_R02,conservative,4.2085559281749445
C050_V03_CHG_balanced_SPEED25_T480__S096_R03,balanced,0.0392479014058045
C050_V03_CHG_broad_SPEED25_T480__S096_R03,broad,0.0392479014058045
C050_V03_CHG_conservative_SPEED25_T480__S096_R03,conservative,1.3719080502438454
C050_V05_CHG_balanced_SPEED25_T480__S096_R01,balanced,0.3095165368663343
C050_V05_CHG_broad_SPEED25_T480__S096_R01,broad,0.3095165368663343
C050_V05_CHG_conservative_SPEED25_T480__S096_R01,conservative,5.861224153359022
C050_V05_CHG_balanced_SPEED25_T480__S096_R02,balanced,0.0392479014058045
C050_V05_CHG_broad_SPEED25_T480__S096_R02,broad,0.0392479014058045
C050_V05_CHG_conservative_SPEED25_T480__S096_R02,conservative,1.3442267483953234
C050_V05_CHG_balanced_SPEED25_T480__S096_R03,balanced,0.3317519896648957
C050_V05_CHG_broad_SPEED25_T480__S096_R03,broad,0.3317519896648957
C050_V05_CHG_conservative_SPEED25_T480__S096_R03,conservative,5.596678372723646
C050_V05_CHG_balanced_SPEED25_T480__S096_R04,balanced,1.2794146874233756
C050_V05_CHG_broad_SPEED25_T480__S096_R04,broad,1.2794146874233756
C050_V05_CHG_conservative_SPEED25_T480__S096_R04,conservative,4.2085559281749445
C050_V05_CHG_balanced_SPEED25_T480__S096_R05,balanced,0.2762317400783571
C050_V05_CHG_broad_SPEED25_T480__S096_R05,broad,0.2762317400783571
C050_V05_CHG_conservative_SPEED25_T480__S096_R05,conservative,4.938437291591006
C050_V01_CHG_balanced_SPEED25_T480__S097_R01,balanced,0.4269478617874594
C050_V01_CHG_broad_SPEED25_T480__S097_R01,broad,0.4269478617874594
C050_V01_CHG_conservative_SPEED25_T480__S097_R01,conservative,1.02166533975703
C050_V03_CHG_balanced_SPEED25_T480__S097_R01,balanced,0.5250516552494814
C050_V03_CHG_broad_SPEED25_T480__S097_R01,broad,0.5250516552494814
C050_V03_CHG_conservative_SPEED25_T480__S097_R01,conservative,1.02166533975703
C050_V03_CHG_balanced_SPEED25_T480__S097_R02,balanced,0.4269478617874594
C050_V03_CHG_broad_SPEED25_T480__S097_R02,broad,0.4269478617874594
C050_V03_CHG_conservative_SPEED25_T480__S097_R02,conservative,3.997484443603043
C050_V03_CHG_balanced_SPEED25_T480__S097_R03,balanced,0.639312255637891
C050_V03_CHG_broad_SPEED25_T480__S097_R03,broad,0.639312255637891
C050_V03_CHG_conservative_SPEED25_T480__S097_R03,conservative,3.2955434738604645
C050_V05_CHG_balanced_SPEED25_T480__S097_R01,balanced,0.8172465408236906
C050_V05_CHG_broad_SPEED25_T480__S097_R01,broad,0.8172465408236906
C050_V05_CHG_conservative_SPEED25_T480__S097_R01,conservative,1.8102325619690964
C050_V05_CHG_balanced_SPEED25_T480__S097_R02,balanced,0.5250516552494814
C050_V05_CHG_broad_SPEED25_T480__S097_R02,broad,0.5250516552494814
C050_V05_CHG_conservative_SPEED25_T480__S097_R02,conservative,1.02166533975703
C050_V05_CHG_balanced_SPEED25_T480__S097_R03,balanced,0.639312255637891
C050_V05_CHG_broad_SPEED25_T480__S097_R03,broad,0.639312255637891
C050_V05_CHG_conservative_SPEED25_T480__S097_R03,conservative,3.2955434738604645
C050_V05_CHG_balanced_SPEED25_T480__S097_R04,balanced,0.4269478617874594
C050_V05_CHG_broad_SPEED25_T480__S097_R04,broad,0.4269478617874594
C050_V05_CHG_conservative_SPEED25_T480__S097_R04,conservative,3.997484443603043
C050_V05_CHG_balanced_SPEED25_T480__S097_R05,balanced,0.718055570126278
C050_V05_CHG_broad_SPEED25_T480__S097_R05,broad,0.718055570126278
C050_V05_CHG_conservative_SPEED25_T480__S097_R05,conservative,2.7377783928890462
C050_V01_CHG_balanced_SPEED25_T480__S098_R01,balanced,0.1937876201801339
C050_V01_CHG_broad_SPEED25_T480__S098_R01,broad,0.1937876201801339
C050_V01_CHG_conservative_SPEED25_T480__S098_R01,conservative,1.1338928412125535
C050_V03_CHG_balanced_SPEED25_T480__S098_R01,balanced,0.4704645052088447
C050_V03_CHG_broad_SPEED25_T480__S098_R01,broad,0.4704645052088447
C050_V03_CHG_conservative_SPEED25_T480__S098_R01,conservative,1.8978568701835343
C050_V03_CHG_balanced_SPEED25_T480__S098_R02,balanced,0.4491998293861979
C050_V03_CHG_broad_SPEED25_T480__S098_R02,broad,0.4491998293861979
C050_V03_CHG_conservative_SPEED25_T480__S098_R02,conservative,1.1338928412125535
C050_V03_CHG_balanced_SPEED25_T480__S098_R03,balanced,0.1937876201801339
C050_V03_CHG_broad_SPEED25_T480__S098_R03,broad,0.1937876201801339
C050_V03_CHG_conservative_SPEED25_T480__S098_R03,conservative,2.6745004765463603
C050_V05_CHG_balanced_SPEED25_T480__S098_R01,balanced,0.1937876201801339
C050_V05_CHG_broad_SPEED25_T480__S098_R01,broad,0.1937876201801339
C050_V05_CHG_conservative_SPEED25_T480__S098_R01,conservative,2.6745004765463603
C050_V05_CHG_balanced_SPEED25_T480__S098_R02,balanced,0.4704645052088447
C050_V05_CHG_broad_SPEED25_T480__S098_R02,broad,0.4704645052088447
C050_V05_CHG_conservative_SPEED25_T480__S098_R02,conservative,1.8978568701835343
C050_V05_CHG_balanced_SPEED25_T480__S098_R03,balanced,0.4491998293861979
C050_V05_CHG_broad_SPEED25_T480__S098_R03,broad,0.4491998293861979
C050_V05_CHG_conservative_SPEED25_T480__S098_R03,conservative,1.1338928412125535
C050_V05_CHG_balanced_SPEED25_T480__S098_R04,balanced,1.4694400619424113
C050_V05_CHG_broad_SPEED25_T480__S098_R04,broad,1.4694400619424113
C050_V05_CHG_conservative_SPEED25_T480__S098_R04,conservative,3.032548222248816
C050_V05_CHG_balanced_SPEED25_T480__S098_R05,balanced,0.716271634987481
C050_V05_CHG_broad_SPEED25_T480__S098_R05,broad,0.716271634987481
C050_V05_CHG_conservative_SPEED25_T480__S098_R05,conservative,3.986849385251752
C050_V01_CHG_balanced_SPEED25_T480__S099_R01,balanced,0.583204434373936
C050_V01_CHG_broad_SPEED25_T480__S099_R01,broad,0.583204434373936
C050_V01_CHG_conservative_SPEED25_T480__S099_R01,conservative,1.4489934344059294
C050_V03_CHG_balanced_SPEED25_T480__S099_R01,balanced,0.583204434373936
C050_V03_CHG_broad_SPEED25_T480__S099_R01,broad,0.583204434373936
C050_V03_CHG_conservative_SPEED25_T480__S099_R01,conservative,1.4489934344059294
C050_V03_CHG_balanced_SPEED25_T480__S099_R02,balanced,0.7681006926529736
C050_V03_CHG_broad_SPEED25_T480__S099_R02,broad,0.7681006926529736
C050_V03_CHG_conservative_SPEED25_T480__S099_R02,conservative,3.3370056383591846
C050_V03_CHG_balanced_SPEED25_T480__S099_R03,balanced,0.7509917078626867
C050_V03_CHG_broad_SPEED25_T480__S099_R03,broad,0.7509917078626867
C050_V03_CHG_conservative_SPEED25_T480__S099_R03,conservative,2.845787982956924
C050_V05_CHG_balanced_SPEED25_T480__S099_R01,balanced,0.7509917078626867
C050_V05_CHG_broad_SPEED25_T480__S099_R01,broad,0.7509917078626867
C050_V05_CHG_conservative_SPEED25_T480__S099_R01,conservative,2.845787982956924
C050_V05_CHG_balanced_SPEED25_T480__S099_R02,balanced,1.2091160101537572
C050_V05_CHG_broad_SPEED25_T480__S099_R02,broad,1.2091160101537572
C050_V05_CHG_conservative_SPEED25_T480__S099_R02,conservative,3.3370056383591846
C050_V05_CHG_balanced_SPEED25_T480__S099_R03,balanced,0.583204434373936
C050_V05_CHG_broad_SPEED25_T480__S099_R03,broad,0.583204434373936
C050_V05_CHG_conservative_SPEED25_T480__S099_R03,conservative,1.4489934344059294
C050_V05_CHG_balanced_SPEED25_T480__S099_R04,balanced,0.6675022261251938
C050_V05_CHG_broad_SPEED25_T480__S099_R04,broad,0.6675022261251938
C050_V05_CHG_conservative_SPEED25_T480__S099_R04,conservative,2.0050759036237222
C050_V05_CHG_balanced_SPEED25_T480__S099_R05,balanced,0.7681006926529736
C050_V05_CHG_broad_SPEED25_T480__S099_R05,broad,0.7681006926529736
C050_V05_CHG_conservative_SPEED25_T480__S099_R05,conservative,3.997484443603043
C050_V01_CHG_balanced_SPEED25_T480__S100_R01,balanced,0.5185215165702382
C050_V01_CHG_broad_SPEED25_T480__S100_R01,broad,0.5185215165702382
C050_V01_CHG_conservative_SPEED25_T480__S100_R01,conservative,0.5369848461383968
C050_V03_CHG_balanced_SPEED25_T480__S100_R01,balanced,0.8013495816301732
C050_V03_CHG_broad_SPEED25_T480__S100_R01,broad,0.8013495816301732
C050_V03_CHG_conservative_SPEED25_T480__S100_R01,conservative,2.845787982956924
C050_V03_CHG_balanced_SPEED25_T480__S100_R02,balanced,0.6785044178310672
C050_V03_CHG_broad_SPEED25_T480__S100_R02,broad,0.6785044178310672
C050_V03_CHG_conservative_SPEED25_T480__S100_R02,conservative,1.2797208578939834
C050_V03_CHG_balanced_SPEED25_T480__S100_R03,balanced,0.5185215165702382
C050_V03_CHG_broad_SPEED25_T480__S100_R03,broad,0.5185215165702382
C050_V03_CHG_conservative_SPEED25_T480__S100_R03,conservative,0.5369848461383968
C050_V05_CHG_balanced_SPEED25_T480__S100_R01,balanced,0.5256626717346592
C050_V05_CHG_broad_SPEED25_T480__S100_R01,broad,0.5256626717346592
C050_V05_CHG_conservative_SPEED25_T480__S100_R01,conservative,0.5369848461383968
C050_V05_CHG_balanced_SPEED25_T480__S100_R02,balanced,0.6785044178310672
C050_V05_CHG_broad_SPEED25_T480__S100_R02,broad,0.6785044178310672
C050_V05_CHG_conservative_SPEED25_T480__S100_R02,conservative,1.2797208578939834
C050_V05_CHG_balanced_SPEED25_T480__S100_R03,balanced,0.8013495816301732
C050_V05_CHG_broad_SPEED25_T480__S100_R03,broad,0.8013495816301732
C050_V05_CHG_conservative_SPEED25_T480__S100_R03,conservative,2.845787982956924
C050_V05_CHG_balanced_SPEED25_T480__S100_R04,balanced,0.9524677121238194
C050_V05_CHG_broad_SPEED25_T480__S100_R04,broad,0.9524677121238194
C050_V05_CHG_conservative_SPEED25_T480__S100_R04,conservative,5.926449052806061
C050_V05_CHG_balanced_SPEED25_T480__S100_R05,balanced,0.5185215165702382
C050_V05_CHG_broad_SPEED25_T480__S100_R05,broad,0.5185215165702382
C050_V05_CHG_conservative_SPEED25_T480__S100_R05,conservative,6.401104924306282
C100_V01_CHG_balanced_SPEED25_T480__S001_R01,balanced,0.2697296211981738
C100_V01_CHG_broad_SPEED25_T480__S001_R01,broad,0.2697296211981738
C100_V01_CHG_conservative_SPEED25_T480__S001_R01,conservative,0.3786471835021316
C100_V03_CHG_balanced_SPEED25_T480__S001_R01,balanced,0.3786471835021316
C100_V03_CHG_broad_SPEED25_T480__S001_R01,broad,0.3786471835021316
C100_V03_CHG_conservative_SPEED25_T480__S001_R01,conservative,0.3786471835021316
C100_V03_CHG_balanced_SPEED25_T480__S001_R02,balanced,0.2892936055500604
C100_V03_CHG_broad_SPEED25_T480__S001_R02,broad,0.2892936055500604
C100_V03_CHG_conservative_SPEED25_T480__S001_R02,conservative,1.999033186906228
C100_V03_CHG_balanced_SPEED25_T480__S001_R03,balanced,0.2697296211981738
C100_V03_CHG_broad_SPEED25_T480__S001_R03,broad,0.2697296211981738
C100_V03_CHG_conservative_SPEED25_T480__S001_R03,conservative,0.728499112235354
C100_V05_CHG_balanced_SPEED25_T480__S001_R01,balanced,0.2892936055500604
C100_V05_CHG_broad_SPEED25_T480__S001_R01,broad,0.2892936055500604
C100_V05_CHG_conservative_SPEED25_T480__S001_R01,conservative,0.728499112235354
C100_V05_CHG_balanced_SPEED25_T480__S001_R02,balanced,0.3786471835021316
C100_V05_CHG_broad_SPEED25_T480__S001_R02,broad,0.3786471835021316
C100_V05_CHG_conservative_SPEED25_T480__S001_R02,conservative,0.3786471835021316
C100_V05_CHG_balanced_SPEED25_T480__S001_R03,balanced,0.5185098529277135
C100_V05_CHG_broad_SPEED25_T480__S001_R03,broad,0.5185098529277135
C100_V05_CHG_conservative_SPEED25_T480__S001_R03,conservative,1.999033186906228
C100_V05_CHG_balanced_SPEED25_T480__S001_R04,balanced,1.2448420519323582
C100_V05_CHG_broad_SPEED25_T480__S001_R04,broad,1.2448420519323582
C100_V05_CHG_conservative_SPEED25_T480__S001_R04,conservative,7.200280185322034
C100_V05_CHG_balanced_SPEED25_T480__S001_R05,balanced,0.2697296211981738
C100_V05_CHG_broad_SPEED25_T480__S001_R05,broad,0.2697296211981738
C100_V05_CHG_conservative_SPEED25_T480__S001_R05,conservative,4.986997217106522
C100_V01_CHG_balanced_SPEED25_T480__S002_R01,balanced,0.2483321713458325
C100_V01_CHG_broad_SPEED25_T480__S002_R01,broad,0.2483321713458325
C100_V01_CHG_conservative_SPEED25_T480__S002_R01,conservative,0.7497702484514608
C100_V03_CHG_balanced_SPEED25_T480__S002_R01,balanced,0.2483321713458325
C100_V03_CHG_broad_SPEED25_T480__S002_R01,broad,0.2483321713458325
C100_V03_CHG_conservative_SPEED25_T480__S002_R01,conservative,2.978588668720513
C100_V03_CHG_balanced_SPEED25_T480__S002_R02,balanced,0.6297567137890631
C100_V03_CHG_broad_SPEED25_T480__S002_R02,broad,0.6297567137890631
C100_V03_CHG_conservative_SPEED25_T480__S002_R02,conservative,3.2122058453939832
C100_V03_CHG_balanced_SPEED25_T480__S002_R03,balanced,0.4462940168429167
C100_V03_CHG_broad_SPEED25_T480__S002_R03,broad,0.4462940168429167
C100_V03_CHG_conservative_SPEED25_T480__S002_R03,conservative,0.7497702484514608
C100_V05_CHG_balanced_SPEED25_T480__S002_R01,balanced,0.5294406003235377
C100_V05_CHG_broad_SPEED25_T480__S002_R01,broad,0.5294406003235377
C100_V05_CHG_conservative_SPEED25_T480__S002_R01,conservative,3.997484443603043
C100_V05_CHG_balanced_SPEED25_T480__S002_R02,balanced,0.6297567137890631
C100_V05_CHG_broad_SPEED25_T480__S002_R02,broad,0.6297567137890631
C100_V05_CHG_conservative_SPEED25_T480__S002_R02,conservative,3.2122058453939832
C100_V05_CHG_balanced_SPEED25_T480__S002_R03,balanced,0.545734714965538
C100_V05_CHG_broad_SPEED25_T480__S002_R03,broad,0.545734714965538
C100_V05_CHG_conservative_SPEED25_T480__S002_R03,conservative,0.7497702484514608
C100_V05_CHG_balanced_SPEED25_T480__S002_R04,balanced,0.4462940168429167
C100_V05_CHG_broad_SPEED25_T480__S002_R04,broad,0.4462940168429167
C100_V05_CHG_conservative_SPEED25_T480__S002_R04,conservative,3.862441268588202
C100_V05_CHG_balanced_SPEED25_T480__S002_R05,balanced,0.2483321713458325
C100_V05_CHG_broad_SPEED25_T480__S002_R05,broad,0.2483321713458325
C100_V05_CHG_conservative_SPEED25_T480__S002_R05,conservative,2.978588668720513
C100_V01_CHG_balanced_SPEED25_T480__S003_R01,balanced,0.2892936055500604
C100_V01_CHG_broad_SPEED25_T480__S003_R01,broad,0.2892936055500604
C100_V01_CHG_conservative_SPEED25_T480__S003_R01,conservative,1.1044618739816787
C100_V03_CHG_balanced_SPEED25_T480__S003_R01,balanced,0.4319852523714443
C100_V03_CHG_broad_SPEED25_T480__S003_R01,broad,0.4319852523714443
C100_V03_CHG_conservative_SPEED25_T480__S003_R01,conservative,1.605237762605532
C100_V03_CHG_balanced_SPEED25_T480__S003_R02,balanced,0.3990741327739053
C100_V03_CHG_broad_SPEED25_T480__S003_R02,broad,0.3990741327739053
C100_V03_CHG_conservative_SPEED25_T480__S003_R02,conservative,1.1044618739816787
C100_V03_CHG_balanced_SPEED25_T480__S003_R03,balanced,0.2892936055500604
C100_V03_CHG_broad_SPEED25_T480__S003_R03,broad,0.2892936055500604
C100_V03_CHG_conservative_SPEED25_T480__S003_R03,conservative,1.6823838519689869
C100_V05_CHG_balanced_SPEED25_T480__S003_R01,balanced,0.4319852523714443
C100_V05_CHG_broad_SPEED25_T480__S003_R01,broad,0.4319852523714443
C100_V05_CHG_conservative_SPEED25_T480__S003_R01,conservative,1.605237762605532
C100_V05_CHG_balanced_SPEED25_T480__S003_R02,balanced,0.718055570126278
C100_V05_CHG_broad_SPEED25_T480__S003_R02,broad,0.718055570126278
C100_V05_CHG_conservative_SPEED25_T480__S003_R02,conservative,2.7669738179091548
C100_V05_CHG_balanced_SPEED25_T480__S003_R03,balanced,0.3990741327739053
C100_V05_CHG_broad_SPEED25_T480__S003_R03,broad,0.3990741327739053
C100_V05_CHG_conservative_SPEED25_T480__S003_R03,conservative,1.1044618739816787
C100_V05_CHG_balanced_SPEED25_T480__S003_R04,balanced,0.2892936055500604
C100_V05_CHG_broad_SPEED25_T480__S003_R04,broad,0.2892936055500604
C100_V05_CHG_conservative_SPEED25_T480__S003_R04,conservative,1.6823838519689869
C100_V05_CHG_balanced_SPEED25_T480__S003_R05,balanced,0.8172465408236906
C100_V05_CHG_broad_SPEED25_T480__S003_R05,broad,0.8172465408236906
C100_V05_CHG_conservative_SPEED25_T480__S003_R05,conservative,3.997484443603043
C100_V01_CHG_balanced_SPEED25_T480__S004_R01,balanced,0.2434723850998976
C100_V01_CHG_broad_SPEED25_T480__S004_R01,broad,0.2434723850998976
C100_V01_CHG_conservative_SPEED25_T480__S004_R01,conservative,0.6422931882411255
C100_V03_CHG_balanced_SPEED25_T480__S004_R01,balanced,0.583204434373936
C100_V03_CHG_broad_SPEED25_T480__S004_R01,broad,0.583204434373936
C100_V03_CHG_conservative_SPEED25_T480__S004_R01,conservative,1.290513921200985
C100_V03_CHG_balanced_SPEED25_T480__S004_R02,balanced,0.3321198909328922
C100_V03_CHG_broad_SPEED25_T480__S004_R02,broad,0.3321198909328922
C100_V03_CHG_conservative_SPEED25_T480__S004_R02,conservative,0.6422931882411255
C100_V03_CHG_balanced_SPEED25_T480__S004_R03,balanced,0.2434723850998976
C100_V03_CHG_broad_SPEED25_T480__S004_R03,broad,0.2434723850998976
C100_V03_CHG_conservative_SPEED25_T480__S004_R03,conservative,2.0138948611629597
C100_V05_CHG_balanced_SPEED25_T480__S004_R01,balanced,0.3467396415576266
C100_V05_CHG_broad_SPEED25_T480__S004_R01,broad,0.3467396415576266
C100_V05_CHG_conservative_SPEED25_T480__S004_R01,conservative,2.0138948611629597
C100_V05_CHG_balanced_SPEED25_T480__S004_R02,balanced,0.3321198909328922
C100_V05_CHG_broad_SPEED25_T480__S004_R02,broad,0.3321198909328922
C100_V05_CHG_conservative_SPEED25_T480__S004_R02,conservative,2.1008352685176215
C100_V05_CHG_balanced_SPEED25_T480__S004_R03,balanced,0.4704645052088447
C100_V05_CHG_broad_SPEED25_T480__S004_R03,broad,0.4704645052088447
C100_V05_CHG_conservative_SPEED25_T480__S004_R03,conservative,0.6422931882411255
C100_V05_CHG_balanced_SPEED25_T480__S004_R04,balanced,0.2434723850998976
C100_V05_CHG_broad_SPEED25_T480__S004_R04,broad,0.2434723850998976
C100_V05_CHG_conservative_SPEED25_T480__S004_R04,conservative,1.290513921200985
C100_V05_CHG_balanced_SPEED25_T480__S004_R05,balanced,0.6178164080174056
C100_V05_CHG_broad_SPEED25_T480__S004_R05,broad,0.6178164080174056
C100_V05_CHG_conservative_SPEED25_T480__S004_R05,conservative,4.081949696761295
C100_V01_CHG_balanced_SPEED25_T480__S005_R01,balanced,0.0575697158536629
C100_V01_CHG_broad_SPEED25_T480__S005_R01,broad,0.0575697158536629
C100_V01_CHG_conservative_SPEED25_T480__S005_R01,conservative,0.7993199897309775
C100_V03_CHG_balanced_SPEED25_T480__S005_R01,balanced,0.0575697158536629
C100_V03_CHG_broad_SPEED25_T480__S005_R01,broad,0.0575697158536629
C100_V03_CHG_conservative_SPEED25_T480__S005_R01,conservative,1.445162070263338
C100_V03_CHG_balanced_SPEED25_T480__S005_R02,balanced,0.5185215165702382
C100_V03_CHG_broad_SPEED25_T480__S005_R02,broad,0.5185215165702382
C100_V03_CHG_conservative_SPEED25_T480__S005_R02,conservative,0.7993199897309775
C100_V03_CHG_balanced_SPEED25_T480__S005_R03,balanced,0.3235313107235966
C100_V03_CHG_broad_SPEED25_T480__S005_R03,broad,0.3235313107235966
C100_V03_CHG_conservative_SPEED25_T480__S005_R03,conservative,1.3935047238348386
C100_V05_CHG_balanced_SPEED25_T480__S005_R01,balanced,0.0575697158536629
C100_V05_CHG_broad_SPEED25_T480__S005_R01,broad,0.0575697158536629
C100_V05_CHG_conservative_SPEED25_T480__S005_R01,conservative,1.445162070263338
C100_V05_CHG_balanced_SPEED25_T480__S005_R02,balanced,0.3235313107235966
C100_V05_CHG_broad_SPEED25_T480__S005_R02,broad,0.3235313107235966
C100_V05_CHG_conservative_SPEED25_T480__S005_R02,conservative,4.395215882446207
C100_V05_CHG_balanced_SPEED25_T480__S005_R03,balanced,0.7009387263012696
C100_V05_CHG_broad_SPEED25_T480__S005_R03,broad,0.7009387263012696
C100_V05_CHG_conservative_SPEED25_T480__S005_R03,conservative,1.3935047238348386
C100_V05_CHG_balanced_SPEED25_T480__S005_R04,balanced,0.6785044178310672
C100_V05_CHG_broad_SPEED25_T480__S005_R04,broad,0.6785044178310672
C100_V05_CHG_conservative_SPEED25_T480__S005_R04,conservative,0.7993199897309775
C100_V05_CHG_balanced_SPEED25_T480__S005_R05,balanced,0.3957906094421077
C100_V05_CHG_broad_SPEED25_T480__S005_R05,broad,0.3957906094421077
C100_V05_CHG_conservative_SPEED25_T480__S005_R05,conservative,2.7199606383899844
C100_V01_CHG_balanced_SPEED25_T480__S006_R01,balanced,0.1942476858261919
C100_V01_CHG_broad_SPEED25_T480__S006_R01,broad,0.1942476858261919
C100_V01_CHG_conservative_SPEED25_T480__S006_R01,conservative,0.997845491158442
C100_V03_CHG_balanced_SPEED25_T480__S006_R01,balanced,0.8371316363863223
C100_V03_CHG_broad_SPEED25_T480__S006_R01,broad,0.8371316363863223
C100_V03_CHG_conservative_SPEED25_T480__S006_R01,conservative,0.999341014950298
C100_V03_CHG_balanced_SPEED25_T480__S006_R02,balanced,0.242900311107917
C100_V03_CHG_broad_SPEED25_T480__S006_R02,broad,0.242900311107917
C100_V03_CHG_conservative_SPEED25_T480__S006_R02,conservative,0.997845491158442
C100_V03_CHG_balanced_SPEED25_T480__S006_R03,balanced,0.1942476858261919
C100_V03_CHG_broad_SPEED25_T480__S006_R03,broad,0.1942476858261919
C100_V03_CHG_conservative_SPEED25_T480__S006_R03,conservative,1.6701695017394644
C100_V05_CHG_balanced_SPEED25_T480__S006_R01,balanced,0.1942476858261919
C100_V05_CHG_broad_SPEED25_T480__S006_R01,broad,0.1942476858261919
C100_V05_CHG_conservative_SPEED25_T480__S006_R01,conservative,1.6701695017394644
C100_V05_CHG_balanced_SPEED25_T480__S006_R02,balanced,0.242900311107917
C100_V05_CHG_broad_SPEED25_T480__S006_R02,broad,0.242900311107917
C100_V05_CHG_conservative_SPEED25_T480__S006_R02,conservative,3.997484443603043
C100_V05_CHG_balanced_SPEED25_T480__S006_R03,balanced,0.8371316363863223
C100_V05_CHG_broad_SPEED25_T480__S006_R03,broad,0.8371316363863223
C100_V05_CHG_conservative_SPEED25_T480__S006_R03,conservative,1.857503478245421
C100_V05_CHG_balanced_SPEED25_T480__S006_R04,balanced,0.9572910690144756
C100_V05_CHG_broad_SPEED25_T480__S006_R04,broad,0.9572910690144756
C100_V05_CHG_conservative_SPEED25_T480__S006_R04,conservative,0.999341014950298
C100_V05_CHG_balanced_SPEED25_T480__S006_R05,balanced,0.47149492034831
C100_V05_CHG_broad_SPEED25_T480__S006_R05,broad,0.47149492034831
C100_V05_CHG_conservative_SPEED25_T480__S006_R05,conservative,0.997845491158442
C100_V01_CHG_balanced_SPEED25_T480__S007_R01,balanced,0.0575697158536629
C100_V01_CHG_broad_SPEED25_T480__S007_R01,broad,0.0575697158536629
C100_V01_CHG_conservative_SPEED25_T480__S007_R01,conservative,0.7744312172826395
C100_V03_CHG_balanced_SPEED25_T480__S007_R01,balanced,0.0575697158536629
C100_V03_CHG_broad_SPEED25_T480__S007_R01,broad,0.0575697158536629
C100_V03_CHG_conservative_SPEED25_T480__S007_R01,conservative,0.7744312172826395
C100_V03_CHG_balanced_SPEED25_T480__S007_R02,balanced,0.2205156314805898
C100_V03_CHG_broad_SPEED25_T480__S007_R02,broad,0.2205156314805898
C100_V03_CHG_conservative_SPEED25_T480__S007_R02,conservative,2.330949167326106
C100_V03_CHG_balanced_SPEED25_T480__S007_R03,balanced,0.3417505809344943
C100_V03_CHG_broad_SPEED25_T480__S007_R03,broad,0.3417505809344943
C100_V03_CHG_conservative_SPEED25_T480__S007_R03,conservative,1.1578719732327398
C100_V05_CHG_balanced_SPEED25_T480__S007_R01,balanced,0.3417505809344943
C100_V05_CHG_broad_SPEED25_T480__S007_R01,broad,0.3417505809344943
C100_V05_CHG_conservative_SPEED25_T480__S007_R01,conservative,1.1578719732327398
C100_V05_CHG_balanced_SPEED25_T480__S007_R02,balanced,0.5420494971617016
C100_V05_CHG_broad_SPEED25_T480__S007_R02,broad,0.5420494971617016
C100_V05_CHG_conservative_SPEED25_T480__S007_R02,conservative,0.8587959115861339
C100_V05_CHG_balanced_SPEED25_T480__S007_R03,balanced,0.2205156314805898
C100_V05_CHG_broad_SPEED25_T480__S007_R03,broad,0.2205156314805898
C100_V05_CHG_conservative_SPEED25_T480__S007_R03,conservative,3.997484443603043
C100_V05_CHG_balanced_SPEED25_T480__S007_R04,balanced,0.0575697158536629
C100_V05_CHG_broad_SPEED25_T480__S007_R04,broad,0.0575697158536629
C100_V05_CHG_conservative_SPEED25_T480__S007_R04,conservative,0.7744312172826395
C100_V05_CHG_balanced_SPEED25_T480__S007_R05,balanced,0.5664093716393642
C100_V05_CHG_broad_SPEED25_T480__S007_R05,broad,0.5664093716393642
C100_V05_CHG_conservative_SPEED25_T480__S007_R05,conservative,2.330949167326106
C100_V01_CHG_balanced_SPEED25_T480__S008_R01,balanced,0.2697296211981738
C100_V01_CHG_broad_SPEED25_T480__S008_R01,broad,0.2697296211981738
C100_V01_CHG_conservative_SPEED25_T480__S008_R01,conservative,0.8499417687580536
C100_V03_CHG_balanced_SPEED25_T480__S008_R01,balanced,0.2837205416354548
C100_V03_CHG_broad_SPEED25_T480__S008_R01,broad,0.2837205416354548
C100_V03_CHG_conservative_SPEED25_T480__S008_R01,conservative,0.8499417687580536
C100_V03_CHG_balanced_SPEED25_T480__S008_R02,balanced,0.6782555469814506
C100_V03_CHG_broad_SPEED25_T480__S008_R02,broad,0.6782555469814506
C100_V03_CHG_conservative_SPEED25_T480__S008_R02,conservative,2.2810122801853976
C100_V03_CHG_balanced_SPEED25_T480__S008_R03,balanced,0.2697296211981738
C100_V03_CHG_broad_SPEED25_T480__S008_R03,broad,0.2697296211981738
C100_V03_CHG_conservative_SPEED25_T480__S008_R03,conservative,0.881852916849742
C100_V05_CHG_balanced_SPEED25_T480__S008_R01,balanced,0.2697296211981738
C100_V05_CHG_broad_SPEED25_T480__S008_R01,broad,0.2697296211981738
C100_V05_CHG_conservative_SPEED25_T480__S008_R01,conservative,0.881852916849742
C100_V05_CHG_balanced_SPEED25_T480__S008_R02,balanced,0.6430932272942091
C100_V05_CHG_broad_SPEED25_T480__S008_R02,broad,0.6430932272942091
C100_V05_CHG_conservative_SPEED25_T480__S008_R02,conservative,2.6453152594249656
C100_V05_CHG_balanced_SPEED25_T480__S008_R03,balanced,0.2837205416354548
C100_V05_CHG_broad_SPEED25_T480__S008_R03,broad,0.2837205416354548
C100_V05_CHG_conservative_SPEED25_T480__S008_R03,conservative,0.8499417687580536
C100_V05_CHG_balanced_SPEED25_T480__S008_R04,balanced,0.6782555469814506
C100_V05_CHG_broad_SPEED25_T480__S008_R04,broad,0.6782555469814506
C100_V05_CHG_conservative_SPEED25_T480__S008_R04,conservative,2.2810122801853976
C100_V05_CHG_balanced_SPEED25_T480__S008_R05,balanced,0.5259337793961292
C100_V05_CHG_broad_SPEED25_T480__S008_R05,broad,0.5259337793961292
C100_V05_CHG_conservative_SPEED25_T480__S008_R05,conservative,2.8320936930665996
C100_V01_CHG_balanced_SPEED25_T480__S009_R01,balanced,0.3986366344997045
C100_V01_CHG_broad_SPEED25_T480__S009_R01,broad,0.3986366344997045
C100_V01_CHG_conservative_SPEED25_T480__S009_R01,conservative,1.2573680870297217
C100_V03_CHG_balanced_SPEED25_T480__S009_R01,balanced,0.3986366344997045
C100_V03_CHG_broad_SPEED25_T480__S009_R01,broad,0.3986366344997045
C100_V03_CHG_conservative_SPEED25_T480__S009_R01,conservative,1.4347590503763084
C100_V03_CHG_balanced_SPEED25_T480__S009_R02,balanced,0.639312255637891
C100_V03_CHG_broad_SPEED25_T480__S009_R02,broad,0.639312255637891
C100_V03_CHG_conservative_SPEED25_T480__S009_R02,conservative,1.2797208578939834
C100_V03_CHG_balanced_SPEED25_T480__S009_R03,balanced,0.583204434373936
C100_V03_CHG_broad_SPEED25_T480__S009_R03,broad,0.583204434373936
C100_V03_CHG_conservative_SPEED25_T480__S009_R03,conservative,1.2573680870297217
C100_V05_CHG_balanced_SPEED25_T480__S009_R01,balanced,0.3986366344997045
C100_V05_CHG_broad_SPEED25_T480__S009_R01,broad,0.3986366344997045
C100_V05_CHG_conservative_SPEED25_T480__S009_R01,conservative,1.4347590503763084
C100_V05_CHG_balanced_SPEED25_T480__S009_R02,balanced,0.639312255637891
C100_V05_CHG_broad_SPEED25_T480__S009_R02,broad,0.639312255637891
C100_V05_CHG_conservative_SPEED25_T480__S009_R02,conservative,1.706403358614748
C100_V05_CHG_balanced_SPEED25_T480__S009_R03,balanced,0.583204434373936
C100_V05_CHG_broad_SPEED25_T480__S009_R03,broad,0.583204434373936
C100_V05_CHG_conservative_SPEED25_T480__S009_R03,conservative,1.2573680870297217
C100_V05_CHG_balanced_SPEED25_T480__S009_R04,balanced,1.2797208578939834
C100_V05_CHG_broad_SPEED25_T480__S009_R04,broad,1.2797208578939834
C100_V05_CHG_conservative_SPEED25_T480__S009_R04,conservative,1.2797208578939834
C100_V05_CHG_balanced_SPEED25_T480__S009_R05,balanced,0.8371316363863223
C100_V05_CHG_broad_SPEED25_T480__S009_R05,broad,0.8371316363863223
C100_V05_CHG_conservative_SPEED25_T480__S009_R05,conservative,1.7230341301259269
C100_V01_CHG_balanced_SPEED25_T480__S010_R01,balanced,0.1332367404289563
C100_V01_CHG_broad_SPEED25_T480__S010_R01,broad,0.1332367404289563
C100_V01_CHG_conservative_SPEED25_T480__S010_R01,conservative,0.5640795517092885
C100_V03_CHG_balanced_SPEED25_T480__S010_R01,balanced,0.4506741678737958
C100_V03_CHG_broad_SPEED25_T480__S010_R01,broad,0.4506741678737958
C100_V03_CHG_conservative_SPEED25_T480__S010_R01,conservative,3.7242675318914342
C100_V03_CHG_balanced_SPEED25_T480__S010_R02,balanced,0.1332367404289563
C100_V03_CHG_broad_SPEED25_T480__S010_R02,broad,0.1332367404289563
C100_V03_CHG_conservative_SPEED25_T480__S010_R02,conservative,1.0793280067369468
C100_V03_CHG_balanced_SPEED25_T480__S010_R03,balanced,0.5640795517092885
C100_V03_CHG_broad_SPEED25_T480__S010_R03,broad,0.5640795517092885
C100_V03_CHG_conservative_SPEED25_T480__S010_R03,conservative,0.5640795517092885
C100_V05_CHG_balanced_SPEED25_T480__S010_R01,balanced,0.4506741678737958
C100_V05_CHG_broad_SPEED25_T480__S010_R01,broad,0.4506741678737958
C100_V05_CHG_conservative_SPEED25_T480__S010_R01,conservative,5.3732567724154165
C100_V05_CHG_balanced_SPEED25_T480__S010_R02,balanced,1.0793280067369468
C100_V05_CHG_broad_SPEED25_T480__S010_R02,broad,1.0793280067369468
C100_V05_CHG_conservative_SPEED25_T480__S010_R02,conservative,1.0793280067369468
C100_V05_CHG_balanced_SPEED25_T480__S010_R03,balanced,0.1332367404289563
C100_V05_CHG_broad_SPEED25_T480__S010_R03,broad,0.1332367404289563
C100_V05_CHG_conservative_SPEED25_T480__S010_R03,conservative,1.3758251585098689
C100_V05_CHG_balanced_SPEED25_T480__S010_R04,balanced,0.5256626717346592
C100_V05_CHG_broad_SPEED25_T480__S010_R04,broad,0.5256626717346592
C100_V05_CHG_conservative_SPEED25_T480__S010_R04,conservative,0.5640795517092885
C100_V05_CHG_balanced_SPEED25_T480__S010_R05,balanced,0.6178164080174056
C100_V05_CHG_broad_SPEED25_T480__S010_R05,broad,0.6178164080174056
C100_V05_CHG_conservative_SPEED25_T480__S010_R05,conservative,4.7482709889368575
C100_V01_CHG_balanced_SPEED25_T480__S011_R01,balanced,0.1352104639503605
C100_V01_CHG_broad_SPEED25_T480__S011_R01,broad,0.1352104639503605
C100_V01_CHG_conservative_SPEED25_T480__S011_R01,conservative,0.8843902021192169
C100_V03_CHG_balanced_SPEED25_T480__S011_R01,balanced,0.1352104639503605
C100_V03_CHG_broad_SPEED25_T480__S011_R01,broad,0.1352104639503605
C100_V03_CHG_conservative_SPEED25_T480__S011_R01,conservative,1.7393905425468423
C100_V03_CHG_balanced_SPEED25_T480__S011_R02,balanced,0.1942476858261919
C100_V03_CHG_broad_SPEED25_T480__S011_R02,broad,0.1942476858261919
C100_V03_CHG_conservative_SPEED25_T480__S011_R02,conservative,1.4347590503763084
C100_V03_CHG_balanced_SPEED25_T480__S011_R03,balanced,0.3411197344883712
C100_V03_CHG_broad_SPEED25_T480__S011_R03,broad,0.3411197344883712
C100_V03_CHG_conservative_SPEED25_T480__S011_R03,conservative,0.8843902021192169
C100_V05_CHG_balanced_SPEED25_T480__S011_R01,balanced,0.5666719344445796
C100_V05_CHG_broad_SPEED25_T480__S011_R01,broad,0.5666719344445796
C100_V05_CHG_conservative_SPEED25_T480__S011_R01,conservative,1.7393905425468423
C100_V05_CHG_balanced_SPEED25_T480__S011_R02,balanced,0.1942476858261919
C100_V05_CHG_broad_SPEED25_T480__S011_R02,broad,0.1942476858261919
C100_V05_CHG_conservative_SPEED25_T480__S011_R02,conservative,1.4347590503763084
C100_V05_CHG_balanced_SPEED25_T480__S011_R03,balanced,0.7681006926529736
C100_V05_CHG_broad_SPEED25_T480__S011_R03,broad,0.7681006926529736
C100_V05_CHG_conservative_SPEED25_T480__S011_R03,conservative,0.8843902021192169
C100_V05_CHG_balanced_SPEED25_T480__S011_R04,balanced,0.1352104639503605
C100_V05_CHG_broad_SPEED25_T480__S011_R04,broad,0.1352104639503605
C100_V05_CHG_conservative_SPEED25_T480__S011_R04,conservative,3.3612111861294327
C100_V05_CHG_balanced_SPEED25_T480__S011_R05,balanced,0.3411197344883712
C100_V05_CHG_broad_SPEED25_T480__S011_R05,broad,0.3411197344883712
C100_V05_CHG_conservative_SPEED25_T480__S011_R05,conservative,2.874304042077611
C100_V01_CHG_balanced_SPEED25_T480__S012_R01,balanced,0.3095444257874438
C100_V01_CHG_broad_SPEED25_T480__S012_R01,broad,0.3095444257874438
C100_V01_CHG_conservative_SPEED25_T480__S012_R01,conservative,0.8805599958149071
C100_V03_CHG_balanced_SPEED25_T480__S012_R01,balanced,0.5185098529277135
C100_V03_CHG_broad_SPEED25_T480__S012_R01,broad,0.5185098529277135
C100_V03_CHG_conservative_SPEED25_T480__S012_R01,conservative,3.3252495540227844
C100_V03_CHG_balanced_SPEED25_T480__S012_R02,balanced,0.5460507295299999
C100_V03_CHG_broad_SPEED25_T480__S012_R02,broad,0.5460507295299999
C100_V03_CHG_conservative_SPEED25_T480__S012_R02,conservative,1.4503707949794875
C100_V03_CHG_balanced_SPEED25_T480__S012_R03,balanced,0.3095444257874438
C100_V03_CHG_broad_SPEED25_T480__S012_R03,broad,0.3095444257874438
C100_V03_CHG_conservative_SPEED25_T480__S012_R03,conservative,0.8805599958149071
C100_V05_CHG_balanced_SPEED25_T480__S012_R01,balanced,0.5460507295299999
C100_V05_CHG_broad_SPEED25_T480__S012_R01,broad,0.5460507295299999
C100_V05_CHG_conservative_SPEED25_T480__S012_R01,conservative,1.4503707949794875
C100_V05_CHG_balanced_SPEED25_T480__S012_R02,balanced,0.5185098529277135
C100_V05_CHG_broad_SPEED25_T480__S012_R02,broad,0.5185098529277135
C100_V05_CHG_conservative_SPEED25_T480__S012_R02,conservative,3.997484443603043
C100_V05_CHG_balanced_SPEED25_T480__S012_R03,balanced,0.3095444257874438
C100_V05_CHG_broad_SPEED25_T480__S012_R03,broad,0.3095444257874438
C100_V05_CHG_conservative_SPEED25_T480__S012_R03,conservative,0.8805599958149071
C100_V05_CHG_balanced_SPEED25_T480__S012_R04,balanced,1.0725369220344063
C100_V05_CHG_broad_SPEED25_T480__S012_R04,broad,1.0725369220344063
C100_V05_CHG_conservative_SPEED25_T480__S012_R04,conservative,3.3252495540227844
C100_V05_CHG_balanced_SPEED25_T480__S012_R05,balanced,0.5796475785063707
C100_V05_CHG_broad_SPEED25_T480__S012_R05,broad,0.5796475785063707
C100_V05_CHG_conservative_SPEED25_T480__S012_R05,conservative,3.997484443603043
C100_V01_CHG_balanced_SPEED25_T480__S013_R01,balanced,0.2430908786389242
C100_V01_CHG_broad_SPEED25_T480__S013_R01,broad,0.2430908786389242
C100_V01_CHG_conservative_SPEED25_T480__S013_R01,conservative,0.8333532813244965
C100_V03_CHG_balanced_SPEED25_T480__S013_R01,balanced,0.8333532813244965
C100_V03_CHG_broad_SPEED25_T480__S013_R01,broad,0.8333532813244965
C100_V03_CHG_conservative_SPEED25_T480__S013_R01,conservative,0.8333532813244965
C100_V03_CHG_balanced_SPEED25_T480__S013_R02,balanced,0.2430908786389242
C100_V03_CHG_broad_SPEED25_T480__S013_R02,broad,0.2430908786389242
C100_V03_CHG_conservative_SPEED25_T480__S013_R02,conservative,1.1136567065908056
C100_V03_CHG_balanced_SPEED25_T480__S013_R03,balanced,0.4048598251110846
C100_V03_CHG_broad_SPEED25_T480__S013_R03,broad,0.4048598251110846
C100_V03_CHG_conservative_SPEED25_T480__S013_R03,conservative,1.1665000423969816
C100_V05_CHG_balanced_SPEED25_T480__S013_R01,balanced,0.2430908786389242
C100_V05_CHG_broad_SPEED25_T480__S013_R01,broad,0.2430908786389242
C100_V05_CHG_conservative_SPEED25_T480__S013_R01,conservative,1.1136567065908056
C100_V05_CHG_balanced_SPEED25_T480__S013_R02,balanced,0.8333532813244965
C100_V05_CHG_broad_SPEED25_T480__S013_R02,broad,0.8333532813244965
C100_V05_CHG_conservative_SPEED25_T480__S013_R02,conservative,0.8333532813244965
C100_V05_CHG_balanced_SPEED25_T480__S013_R03,balanced,0.4048598251110846
C100_V05_CHG_broad_SPEED25_T480__S013_R03,broad,0.4048598251110846
C100_V05_CHG_conservative_SPEED25_T480__S013_R03,conservative,1.959087159545798
C100_V05_CHG_balanced_SPEED25_T480__S013_R04,balanced,0.894199614072379
C100_V05_CHG_broad_SPEED25_T480__S013_R04,broad,0.894199614072379
C100_V05_CHG_conservative_SPEED25_T480__S013_R04,conservative,1.81703709347506
C100_V05_CHG_balanced_SPEED25_T480__S013_R05,balanced,0.2969982515671892
C100_V05_CHG_broad_SPEED25_T480__S013_R05,broad,0.2969982515671892
C100_V05_CHG_conservative_SPEED25_T480__S013_R05,conservative,1.1665000423969816
C100_V01_CHG_balanced_SPEED25_T480__S014_R01,balanced,0.0294098338966537
C100_V01_CHG_broad_SPEED25_T480__S014_R01,broad,0.0294098338966537
C100_V01_CHG_conservative_SPEED25_T480__S014_R01,conservative,1.4191620699984266
C100_V03_CHG_balanced_SPEED25_T480__S014_R01,balanced,0.1332367404289563
C100_V03_CHG_broad_SPEED25_T480__S014_R01,broad,0.1332367404289563
C100_V03_CHG_conservative_SPEED25_T480__S014_R01,conservative,1.5323079258038423
C100_V03_CHG_balanced_SPEED25_T480__S014_R02,balanced,0.0294098338966537
C100_V03_CHG_broad_SPEED25_T480__S014_R02,broad,0.0294098338966537
C100_V03_CHG_conservative_SPEED25_T480__S014_R02,conservative,2.463351261306826
C100_V03_CHG_balanced_SPEED25_T480__S014_R03,balanced,0.2216677516033497
C100_V03_CHG_broad_SPEED25_T480__S014_R03,broad,0.2216677516033497
C100_V03_CHG_conservative_SPEED25_T480__S014_R03,conservative,1.4191620699984266
C100_V05_CHG_balanced_SPEED25_T480__S014_R01,balanced,0.0294098338966537
C100_V05_CHG_broad_SPEED25_T480__S014_R01,broad,0.0294098338966537
C100_V05_CHG_conservative_SPEED25_T480__S014_R01,conservative,2.463351261306826
C100_V05_CHG_balanced_SPEED25_T480__S014_R02,balanced,0.5185215165702382
C100_V05_CHG_broad_SPEED25_T480__S014_R02,broad,0.5185215165702382
C100_V05_CHG_conservative_SPEED25_T480__S014_R02,conservative,3.713129154687637
C100_V05_CHG_balanced_SPEED25_T480__S014_R03,balanced,0.2216677516033497
C100_V05_CHG_broad_SPEED25_T480__S014_R03,broad,0.2216677516033497
C100_V05_CHG_conservative_SPEED25_T480__S014_R03,conservative,1.4191620699984266
C100_V05_CHG_balanced_SPEED25_T480__S014_R04,balanced,0.1332367404289563
C100_V05_CHG_broad_SPEED25_T480__S014_R04,broad,0.1332367404289563
C100_V05_CHG_conservative_SPEED25_T480__S014_R04,conservative,1.5323079258038423
C100_V05_CHG_balanced_SPEED25_T480__S014_R05,balanced,0.3327784868776917
C100_V05_CHG_broad_SPEED25_T480__S014_R05,broad,0.3327784868776917
C100_V05_CHG_conservative_SPEED25_T480__S014_R05,conservative,3.192927814423239
C100_V01_CHG_balanced_SPEED25_T480__S015_R01,balanced,0.3673941246133084
C100_V01_CHG_broad_SPEED25_T480__S015_R01,broad,0.3673941246133084
C100_V01_CHG_conservative_SPEED25_T480__S015_R01,conservative,0.7497702484514608
C100_V03_CHG_balanced_SPEED25_T480__S015_R01,balanced,0.3990741327739053
C100_V03_CHG_broad_SPEED25_T480__S015_R01,broad,0.3990741327739053
C100_V03_CHG_conservative_SPEED25_T480__S015_R01,conservative,1.1044618739816787
C100_V03_CHG_balanced_SPEED25_T480__S015_R02,balanced,0.5464125299898936
C100_V03_CHG_broad_SPEED25_T480__S015_R02,broad,0.5464125299898936
C100_V03_CHG_conservative_SPEED25_T480__S015_R02,conservative,2.6836543215490396
C100_V03_CHG_balanced_SPEED25_T480__S015_R03,balanced,0.3673941246133084
C100_V03_CHG_broad_SPEED25_T480__S015_R03,broad,0.3673941246133084
C100_V03_CHG_conservative_SPEED25_T480__S015_R03,conservative,0.7497702484514608
C100_V05_CHG_balanced_SPEED25_T480__S015_R01,balanced,0.3990741327739053
C100_V05_CHG_broad_SPEED25_T480__S015_R01,broad,0.3990741327739053
C100_V05_CHG_conservative_SPEED25_T480__S015_R01,conservative,1.1044618739816787
C100_V05_CHG_balanced_SPEED25_T480__S015_R02,balanced,0.9052948092629948
C100_V05_CHG_broad_SPEED25_T480__S015_R02,broad,0.9052948092629948
C100_V05_CHG_conservative_SPEED25_T480__S015_R02,conservative,2.6836543215490396
C100_V05_CHG_balanced_SPEED25_T480__S015_R03,balanced,0.3673941246133084
C100_V05_CHG_broad_SPEED25_T480__S015_R03,broad,0.3673941246133084
C100_V05_CHG_conservative_SPEED25_T480__S015_R03,conservative,0.999341014950298
C100_V05_CHG_balanced_SPEED25_T480__S015_R04,balanced,0.7497702484514608
C100_V05_CHG_broad_SPEED25_T480__S015_R04,broad,0.7497702484514608
C100_V05_CHG_conservative_SPEED25_T480__S015_R04,conservative,0.7497702484514608
C100_V05_CHG_balanced_SPEED25_T480__S015_R05,balanced,0.5464125299898936
C100_V05_CHG_broad_SPEED25_T480__S015_R05,broad,0.5464125299898936
C100_V05_CHG_conservative_SPEED25_T480__S015_R05,conservative,2.7466729489480164
C100_V01_CHG_balanced_SPEED25_T480__S016_R01,balanced,0.1942476858261919
C100_V01_CHG_broad_SPEED25_T480__S016_R01,broad,0.1942476858261919
C100_V01_CHG_conservative_SPEED25_T480__S016_R01,conservative,0.3961059242955773
C100_V03_CHG_balanced_SPEED25_T480__S016_R01,balanced,0.2762317400783571
C100_V03_CHG_broad_SPEED25_T480__S016_R01,broad,0.2762317400783571
C100_V03_CHG_conservative_SPEED25_T480__S016_R01,conservative,0.3961059242955773
C100_V03_CHG_balanced_SPEED25_T480__S016_R02,balanced,0.5858453421266473
C100_V03_CHG_broad_SPEED25_T480__S016_R02,broad,0.5858453421266473
C100_V03_CHG_conservative_SPEED25_T480__S016_R02,conservative,3.8590622303399384
C100_V03_CHG_balanced_SPEED25_T480__S016_R03,balanced,0.1942476858261919
C100_V03_CHG_broad_SPEED25_T480__S016_R03,broad,0.1942476858261919
C100_V03_CHG_conservative_SPEED25_T480__S016_R03,conservative,2.1610362295417964
C100_V05_CHG_balanced_SPEED25_T480__S016_R01,balanced,1.0145857992641305
C100_V05_CHG_broad_SPEED25_T480__S016_R01,broad,1.0145857992641305
C100_V05_CHG_conservative_SPEED25_T480__S016_R01,conservative,3.8590622303399384
C100_V05_CHG_balanced_SPEED25_T480__S016_R02,balanced,0.4986332286638877
C100_V05_CHG_broad_SPEED25_T480__S016_R02,broad,0.4986332286638877
C100_V05_CHG_conservative_SPEED25_T480__S016_R02,conservative,2.1610362295417964
C100_V05_CHG_balanced_SPEED25_T480__S016_R03,balanced,0.2762317400783571
C100_V05_CHG_broad_SPEED25_T480__S016_R03,broad,0.2762317400783571
C100_V05_CHG_conservative_SPEED25_T480__S016_R03,conservative,0.3961059242955773
C100_V05_CHG_balanced_SPEED25_T480__S016_R04,balanced,0.5858453421266473
C100_V05_CHG_broad_SPEED25_T480__S016_R04,broad,0.5858453421266473
C100_V05_CHG_conservative_SPEED25_T480__S016_R04,conservative,1.3211598461182166
C100_V05_CHG_balanced_SPEED25_T480__S016_R05,balanced,0.1942476858261919
C100_V05_CHG_broad_SPEED25_T480__S016_R05,broad,0.1942476858261919
C100_V05_CHG_conservative_SPEED25_T480__S016_R05,conservative,2.9563118946829494
C100_V01_CHG_balanced_SPEED25_T480__S017_R01,balanced,0.1937876201801339
C100_V01_CHG_broad_SPEED25_T480__S017_R01,broad,0.1937876201801339
C100_V01_CHG_conservative_SPEED25_T480__S017_R01,conservative,1.1665000423969816
C100_V03_CHG_balanced_SPEED25_T480__S017_R01,balanced,0.1937876201801339
C100_V03_CHG_broad_SPEED25_T480__S017_R01,broad,0.1937876201801339
C100_V03_CHG_conservative_SPEED25_T480__S017_R01,conservative,1.1665000423969816
C100_V03_CHG_balanced_SPEED25_T480__S017_R02,balanced,0.7005253373326638
C100_V03_CHG_broad_SPEED25_T480__S017_R02,broad,0.7005253373326638
C100_V03_CHG_conservative_SPEED25_T480__S017_R02,conservative,2.478029925968743
C100_V03_CHG_balanced_SPEED25_T480__S017_R03,balanced,0.4506741678737958
C100_V03_CHG_broad_SPEED25_T480__S017_R03,broad,0.4506741678737958
C100_V03_CHG_conservative_SPEED25_T480__S017_R03,conservative,2.0176113119605725
C100_V05_CHG_balanced_SPEED25_T480__S017_R01,balanced,0.4506741678737958
C100_V05_CHG_broad_SPEED25_T480__S017_R01,broad,0.4506741678737958
C100_V05_CHG_conservative_SPEED25_T480__S017_R01,conservative,2.0176113119605725
C100_V05_CHG_balanced_SPEED25_T480__S017_R02,balanced,0.1937876201801339
C100_V05_CHG_broad_SPEED25_T480__S017_R02,broad,0.1937876201801339
C100_V05_CHG_conservative_SPEED25_T480__S017_R02,conservative,2.478029925968743
C100_V05_CHG_balanced_SPEED25_T480__S017_R03,balanced,0.789616407420624
C100_V05_CHG_broad_SPEED25_T480__S017_R03,broad,0.789616407420624
C100_V05_CHG_conservative_SPEED25_T480__S017_R03,conservative,1.5927996488698914
C100_V05_CHG_balanced_SPEED25_T480__S017_R04,balanced,0.41425435454879
C100_V05_CHG_broad_SPEED25_T480__S017_R04,broad,0.41425435454879
C100_V05_CHG_conservative_SPEED25_T480__S017_R04,conservative,1.1665000423969816
C100_V05_CHG_balanced_SPEED25_T480__S017_R05,balanced,0.7005253373326638
C100_V05_CHG_broad_SPEED25_T480__S017_R05,broad,0.7005253373326638
C100_V05_CHG_conservative_SPEED25_T480__S017_R05,conservative,3.1947603268531424
C100_V01_CHG_balanced_SPEED25_T480__S018_R01,balanced,0.1436760699498543
C100_V01_CHG_broad_SPEED25_T480__S018_R01,broad,0.1436760699498543
C100_V01_CHG_conservative_SPEED25_T480__S018_R01,conservative,1.1935635926001795
C100_V03_CHG_balanced_SPEED25_T480__S018_R01,balanced,0.1436760699498543
C100_V03_CHG_broad_SPEED25_T480__S018_R01,broad,0.1436760699498543
C100_V03_CHG_conservative_SPEED25_T480__S018_R01,conservative,1.6020886601610558
C100_V03_CHG_balanced_SPEED25_T480__S018_R02,balanced,0.7005253373326638
C100_V03_CHG_broad_SPEED25_T480__S018_R02,broad,0.7005253373326638
C100_V03_CHG_conservative_SPEED25_T480__S018_R02,conservative,2.130270508231422
C100_V03_CHG_balanced_SPEED25_T480__S018_R03,balanced,0.4571094743676478
C100_V03_CHG_broad_SPEED25_T480__S018_R03,broad,0.4571094743676478
C100_V03_CHG_conservative_SPEED25_T480__S018_R03,conservative,1.1935635926001795
C100_V05_CHG_balanced_SPEED25_T480__S018_R01,balanced,0.7359515076343321
C100_V05_CHG_broad_SPEED25_T480__S018_R01,broad,0.7359515076343321
C100_V05_CHG_conservative_SPEED25_T480__S018_R01,conservative,1.1935635926001795
C100_V05_CHG_balanced_SPEED25_T480__S018_R02,balanced,0.7005253373326638
C100_V05_CHG_broad_SPEED25_T480__S018_R02,broad,0.7005253373326638
C100_V05_CHG_conservative_SPEED25_T480__S018_R02,conservative,2.130270508231422
C100_V05_CHG_balanced_SPEED25_T480__S018_R03,balanced,0.1436760699498543
C100_V05_CHG_broad_SPEED25_T480__S018_R03,broad,0.1436760699498543
C100_V05_CHG_conservative_SPEED25_T480__S018_R03,conservative,1.6020886601610558
C100_V05_CHG_balanced_SPEED25_T480__S018_R04,balanced,0.4571094743676478
C100_V05_CHG_broad_SPEED25_T480__S018_R04,broad,0.4571094743676478
C100_V05_CHG_conservative_SPEED25_T480__S018_R04,conservative,2.704115783544835
C100_V05_CHG_balanced_SPEED25_T480__S018_R05,balanced,0.5858453421266473
C100_V05_CHG_broad_SPEED25_T480__S018_R05,broad,0.5858453421266473
C100_V05_CHG_conservative_SPEED25_T480__S018_R05,conservative,3.997484443603043
C100_V01_CHG_balanced_SPEED25_T480__S019_R01,balanced,0.1126657565081788
C100_V01_CHG_broad_SPEED25_T480__S019_R01,broad,0.1126657565081788
C100_V01_CHG_conservative_SPEED25_T480__S019_R01,conservative,0.7072440518717895
C100_V03_CHG_balanced_SPEED25_T480__S019_R01,balanced,0.5185132308029476
C100_V03_CHG_broad_SPEED25_T480__S019_R01,broad,0.5185132308029476
C100_V03_CHG_conservative_SPEED25_T480__S019_R01,conservative,1.6565687621513816
C100_V03_CHG_balanced_SPEED25_T480__S019_R02,balanced,0.1126657565081788
C100_V03_CHG_broad_SPEED25_T480__S019_R02,broad,0.1126657565081788
C100_V03_CHG_conservative_SPEED25_T480__S019_R02,conservative,0.7072440518717895
C100_V03_CHG_balanced_SPEED25_T480__S019_R03,balanced,0.4402417533874605
C100_V03_CHG_broad_SPEED25_T480__S019_R03,broad,0.4402417533874605
C100_V03_CHG_conservative_SPEED25_T480__S019_R03,conservative,1.0857732938993452
C100_V05_CHG_balanced_SPEED25_T480__S019_R01,balanced,1.5946203197964817
C100_V05_CHG_broad_SPEED25_T480__S019_R01,broad,1.5946203197964817
C100_V05_CHG_conservative_SPEED25_T480__S019_R01,conservative,3.0276816709847596
C100_V05_CHG_balanced_SPEED25_T480__S019_R02,balanced,0.7019820862888281
C100_V05_CHG_broad_SPEED25_T480__S019_R02,broad,0.7019820862888281
C100_V05_CHG_conservative_SPEED25_T480__S019_R02,conservative,1.7230341301259269
C100_V05_CHG_balanced_SPEED25_T480__S019_R03,balanced,0.4402417533874605
C100_V05_CHG_broad_SPEED25_T480__S019_R03,broad,0.4402417533874605
C100_V05_CHG_conservative_SPEED25_T480__S019_R03,conservative,1.0857732938993452
C100_V05_CHG_balanced_SPEED25_T480__S019_R04,balanced,0.1126657565081788
C100_V05_CHG_broad_SPEED25_T480__S019_R04,broad,0.1126657565081788
C100_V05_CHG_conservative_SPEED25_T480__S019_R04,conservative,0.7072440518717895
C100_V05_CHG_balanced_SPEED25_T480__S019_R05,balanced,0.5185132308029476
C100_V05_CHG_broad_SPEED25_T480__S019_R05,broad,0.5185132308029476
C100_V05_CHG_conservative_SPEED25_T480__S019_R05,conservative,1.6565687621513816
C100_V01_CHG_balanced_SPEED25_T480__S020_R01,balanced,0.1436760699498543
C100_V01_CHG_broad_SPEED25_T480__S020_R01,broad,0.1436760699498543
C100_V01_CHG_conservative_SPEED25_T480__S020_R01,conservative,1.8102325619690964
C100_V03_CHG_balanced_SPEED25_T480__S020_R01,balanced,0.1436760699498543
C100_V03_CHG_broad_SPEED25_T480__S020_R01,broad,0.1436760699498543
C100_V03_CHG_conservative_SPEED25_T480__S020_R01,conservative,2.845787982956924
C100_V03_CHG_balanced_SPEED25_T480__S020_R02,balanced,0.3321198909328922
C100_V03_CHG_broad_SPEED25_T480__S020_R02,broad,0.3321198909328922
C100_V03_CHG_conservative_SPEED25_T480__S020_R02,conservative,3.997484443603043
C100_V03_CHG_balanced_SPEED25_T480__S020_R03,balanced,0.5256626717346592
C100_V03_CHG_broad_SPEED25_T480__S020_R03,broad,0.5256626717346592
C100_V03_CHG_conservative_SPEED25_T480__S020_R03,conservative,1.8102325619690964
C100_V05_CHG_balanced_SPEED25_T480__S020_R01,balanced,0.8341510383132926
C100_V05_CHG_broad_SPEED25_T480__S020_R01,broad,0.8341510383132926
C100_V05_CHG_conservative_SPEED25_T480__S020_R01,conservative,3.997484443603043
C100_V05_CHG_balanced_SPEED25_T480__S020_R02,balanced,0.1436760699498543
C100_V05_CHG_broad_SPEED25_T480__S020_R02,broad,0.1436760699498543
C100_V05_CHG_conservative_SPEED25_T480__S020_R02,conservative,2.845787982956924
C100_V05_CHG_balanced_SPEED25_T480__S020_R03,balanced,0.5256626717346592
C100_V05_CHG_broad_SPEED25_T480__S020_R03,broad,0.5256626717346592
C100_V05_CHG_conservative_SPEED25_T480__S020_R03,conservative,1.8102325619690964
C100_V05_CHG_balanced_SPEED25_T480__S020_R04,balanced,1.070661421235612
C100_V05_CHG_broad_SPEED25_T480__S020_R04,broad,1.070661421235612
C100_V05_CHG_conservative_SPEED25_T480__S020_R04,conservative,2.2884756628649945
C100_V05_CHG_balanced_SPEED25_T480__S020_R05,balanced,0.3321198909328922
C100_V05_CHG_broad_SPEED25_T480__S020_R05,broad,0.3321198909328922
C100_V05_CHG_conservative_SPEED25_T480__S020_R05,conservative,3.997484443603043
C100_V01_CHG_balanced_SPEED25_T480__S021_R01,balanced,0.1352104639503605
C100_V01_CHG_broad_SPEED25_T480__S021_R01,broad,0.1352104639503605
C100_V01_CHG_conservative_SPEED25_T480__S021_R01,conservative,0.7993199897309775
C100_V03_CHG_balanced_SPEED25_T480__S021_R01,balanced,0.1352104639503605
C100_V03_CHG_broad_SPEED25_T480__S021_R01,broad,0.1352104639503605
C100_V03_CHG_conservative_SPEED25_T480__S021_R01,conservative,2.232116770825382
C100_V03_CHG_balanced_SPEED25_T480__S021_R02,balanced,0.2697296211981738
C100_V03_CHG_broad_SPEED25_T480__S021_R02,broad,0.2697296211981738
C100_V03_CHG_conservative_SPEED25_T480__S021_R02,conservative,2.213788565339229
C100_V03_CHG_balanced_SPEED25_T480__S021_R03,balanced,0.3668493381505627
C100_V03_CHG_broad_SPEED25_T480__S021_R03,broad,0.3668493381505627
C100_V03_CHG_conservative_SPEED25_T480__S021_R03,conservative,0.7993199897309775
C100_V05_CHG_balanced_SPEED25_T480__S021_R01,balanced,0.3668493381505627
C100_V05_CHG_broad_SPEED25_T480__S021_R01,broad,0.3668493381505627
C100_V05_CHG_conservative_SPEED25_T480__S021_R01,conservative,0.7993199897309775
C100_V05_CHG_balanced_SPEED25_T480__S021_R02,balanced,0.1352104639503605
C100_V05_CHG_broad_SPEED25_T480__S021_R02,broad,0.1352104639503605
C100_V05_CHG_conservative_SPEED25_T480__S021_R02,conservative,2.213788565339229
C100_V05_CHG_balanced_SPEED25_T480__S021_R03,balanced,0.3064755542665075
C100_V05_CHG_broad_SPEED25_T480__S021_R03,broad,0.3064755542665075
C100_V05_CHG_conservative_SPEED25_T480__S021_R03,conservative,4.265094831294248
C100_V05_CHG_balanced_SPEED25_T480__S021_R04,balanced,0.2697296211981738
C100_V05_CHG_broad_SPEED25_T480__S021_R04,broad,0.2697296211981738
C100_V05_CHG_conservative_SPEED25_T480__S021_R04,conservative,4.249967320823608
C100_V05_CHG_balanced_SPEED25_T480__S021_R05,balanced,0.6345845844300129
C100_V05_CHG_broad_SPEED25_T480__S021_R05,broad,0.6345845844300129
C100_V05_CHG_conservative_SPEED25_T480__S021_R05,conservative,2.232116770825382
C100_V01_CHG_balanced_SPEED25_T480__S022_R01,balanced,0.2272191655279347
C100_V01_CHG_broad_SPEED25_T480__S022_R01,broad,0.2272191655279347
C100_V01_CHG_conservative_SPEED25_T480__S022_R01,conservative,0.4560325464613854
C100_V03_CHG_balanced_SPEED25_T480__S022_R01,balanced,0.2272191655279347
C100_V03_CHG_broad_SPEED25_T480__S022_R01,broad,0.2272191655279347
C100_V03_CHG_conservative_SPEED25_T480__S022_R01,conservative,0.8587959115861339
C100_V03_CHG_balanced_SPEED25_T480__S022_R02,balanced,0.4560325464613854
C100_V03_CHG_broad_SPEED25_T480__S022_R02,broad,0.4560325464613854
C100_V03_CHG_conservative_SPEED25_T480__S022_R02,conservative,0.4560325464613854
C100_V03_CHG_balanced_SPEED25_T480__S022_R03,balanced,0.705017863604789
C100_V03_CHG_broad_SPEED25_T480__S022_R03,broad,0.705017863604789
C100_V03_CHG_conservative_SPEED25_T480__S022_R03,conservative,2.0409987949067707
C100_V05_CHG_balanced_SPEED25_T480__S022_R01,balanced,0.2272191655279347
C100_V05_CHG_broad_SPEED25_T480__S022_R01,broad,0.2272191655279347
C100_V05_CHG_conservative_SPEED25_T480__S022_R01,conservative,2.299766102980443
C100_V05_CHG_balanced_SPEED25_T480__S022_R02,balanced,0.705017863604789
C100_V05_CHG_broad_SPEED25_T480__S022_R02,broad,0.705017863604789
C100_V05_CHG_conservative_SPEED25_T480__S022_R02,conservative,2.0409987949067707
C100_V05_CHG_balanced_SPEED25_T480__S022_R03,balanced,0.4560325464613854
C100_V05_CHG_broad_SPEED25_T480__S022_R03,broad,0.4560325464613854
C100_V05_CHG_conservative_SPEED25_T480__S022_R03,conservative,0.4560325464613854
C100_V05_CHG_balanced_SPEED25_T480__S022_R04,balanced,1.0202568230063422
C100_V05_CHG_broad_SPEED25_T480__S022_R04,broad,1.0202568230063422
C100_V05_CHG_conservative_SPEED25_T480__S022_R04,conservative,2.9804775696442953
C100_V05_CHG_balanced_SPEED25_T480__S022_R05,balanced,0.5420494971617016
C100_V05_CHG_broad_SPEED25_T480__S022_R05,broad,0.5420494971617016
C100_V05_CHG_conservative_SPEED25_T480__S022_R05,conservative,0.8587959115861339
C100_V01_CHG_balanced_SPEED25_T480__S023_R01,balanced,0.2762317400783571
C100_V01_CHG_broad_SPEED25_T480__S023_R01,broad,0.2762317400783571
C100_V01_CHG_conservative_SPEED25_T480__S023_R01,conservative,0.7744312172826395
C100_V03_CHG_balanced_SPEED25_T480__S023_R01,balanced,0.3317519896648957
C100_V03_CHG_broad_SPEED25_T480__S023_R01,broad,0.3317519896648957
C100_V03_CHG_conservative_SPEED25_T480__S023_R01,conservative,0.7744312172826395
C100_V03_CHG_balanced_SPEED25_T480__S023_R02,balanced,0.308579009005358
C100_V03_CHG_broad_SPEED25_T480__S023_R02,broad,0.308579009005358
C100_V03_CHG_conservative_SPEED25_T480__S023_R02,conservative,3.1947603268531424
C100_V03_CHG_balanced_SPEED25_T480__S023_R03,balanced,0.2762317400783571
C100_V03_CHG_broad_SPEED25_T480__S023_R03,broad,0.2762317400783571
C100_V03_CHG_conservative_SPEED25_T480__S023_R03,conservative,1.0857732938993452
C100_V05_CHG_balanced_SPEED25_T480__S023_R01,balanced,0.2762317400783571
C100_V05_CHG_broad_SPEED25_T480__S023_R01,broad,0.2762317400783571
C100_V05_CHG_conservative_SPEED25_T480__S023_R01,conservative,3.553695930200624
C100_V05_CHG_balanced_SPEED25_T480__S023_R02,balanced,0.308579009005358
C100_V05_CHG_broad_SPEED25_T480__S023_R02,broad,0.308579009005358
C100_V05_CHG_conservative_SPEED25_T480__S023_R02,conservative,3.5940798614056337
C100_V05_CHG_balanced_SPEED25_T480__S023_R03,balanced,0.4402417533874605
C100_V05_CHG_broad_SPEED25_T480__S023_R03,broad,0.4402417533874605
C100_V05_CHG_conservative_SPEED25_T480__S023_R03,conservative,1.0857732938993452
C100_V05_CHG_balanced_SPEED25_T480__S023_R04,balanced,0.3317519896648957
C100_V05_CHG_broad_SPEED25_T480__S023_R04,broad,0.3317519896648957
C100_V05_CHG_conservative_SPEED25_T480__S023_R04,conservative,0.7744312172826395
C100_V05_CHG_balanced_SPEED25_T480__S023_R05,balanced,1.0861681768158895
C100_V05_CHG_broad_SPEED25_T480__S023_R05,broad,1.0861681768158895
C100_V05_CHG_conservative_SPEED25_T480__S023_R05,conservative,3.1947603268531424
C100_V01_CHG_balanced_SPEED25_T480__S024_R01,balanced,0.0853031845471897
C100_V01_CHG_broad_SPEED25_T480__S024_R01,broad,0.0853031845471897
C100_V01_CHG_conservative_SPEED25_T480__S024_R01,conservative,0.7118012713707473
C100_V03_CHG_balanced_SPEED25_T480__S024_R01,balanced,0.0853031845471897
C100_V03_CHG_broad_SPEED25_T480__S024_R01,broad,0.0853031845471897
C100_V03_CHG_conservative_SPEED25_T480__S024_R01,conservative,0.7118012713707473
C100_V03_CHG_balanced_SPEED25_T480__S024_R02,balanced,0.4462940168429167
C100_V03_CHG_broad_SPEED25_T480__S024_R02,broad,0.4462940168429167
C100_V03_CHG_conservative_SPEED25_T480__S024_R02,conservative,1.3211598461182166
C100_V03_CHG_balanced_SPEED25_T480__S024_R03,balanced,0.9468688525189464
C100_V03_CHG_broad_SPEED25_T480__S024_R03,broad,0.9468688525189464
C100_V03_CHG_conservative_SPEED25_T480__S024_R03,conservative,1.706403358614748
C100_V05_CHG_balanced_SPEED25_T480__S024_R01,balanced,0.6345845844300129
C100_V05_CHG_broad_SPEED25_T480__S024_R01,broad,0.6345845844300129
C100_V05_CHG_conservative_SPEED25_T480__S024_R01,conservative,1.3211598461182166
C100_V05_CHG_balanced_SPEED25_T480__S024_R02,balanced,1.0119090437241898
C100_V05_CHG_broad_SPEED25_T480__S024_R02,broad,1.0119090437241898
C100_V05_CHG_conservative_SPEED25_T480__S024_R02,conservative,3.6843402999592696
C100_V05_CHG_balanced_SPEED25_T480__S024_R03,balanced,0.2549325705087876
C100_V05_CHG_broad_SPEED25_T480__S024_R03,broad,0.2549325705087876
C100_V05_CHG_conservative_SPEED25_T480__S024_R03,conservative,0.7118012713707473
C100_V05_CHG_balanced_SPEED25_T480__S024_R04,balanced,0.9468688525189464
C100_V05_CHG_broad_SPEED25_T480__S024_R04,broad,0.9468688525189464
C100_V05_CHG_conservative_SPEED25_T480__S024_R04,conservative,1.706403358614748
C100_V05_CHG_balanced_SPEED25_T480__S024_R05,balanced,0.0853031845471897
C100_V05_CHG_broad_SPEED25_T480__S024_R05,broad,0.0853031845471897
C100_V05_CHG_conservative_SPEED25_T480__S024_R05,conservative,0.7645803676281654
C100_V01_CHG_balanced_SPEED25_T480__S025_R01,balanced,0.2683589483646402
C100_V01_CHG_broad_SPEED25_T480__S025_R01,broad,0.2683589483646402
C100_V01_CHG_conservative_SPEED25_T480__S025_R01,conservative,1.241218377454517
C100_V03_CHG_balanced_SPEED25_T480__S025_R01,balanced,0.2683589483646402
C100_V03_CHG_broad_SPEED25_T480__S025_R01,broad,0.2683589483646402
C100_V03_CHG_conservative_SPEED25_T480__S025_R01,conservative,1.241218377454517
C100_V03_CHG_balanced_SPEED25_T480__S025_R02,balanced,0.2878020033209206
C100_V03_CHG_broad_SPEED25_T480__S025_R02,broad,0.2878020033209206
C100_V03_CHG_conservative_SPEED25_T480__S025_R02,conservative,1.6701695017394644
C100_V03_CHG_balanced_SPEED25_T480__S025_R03,balanced,0.4519767705796435
C100_V03_CHG_broad_SPEED25_T480__S025_R03,broad,0.4519767705796435
C100_V03_CHG_conservative_SPEED25_T480__S025_R03,conservative,1.290513921200985
C100_V05_CHG_balanced_SPEED25_T480__S025_R01,balanced,0.4519767705796435
C100_V05_CHG_broad_SPEED25_T480__S025_R01,broad,0.4519767705796435
C100_V05_CHG_conservative_SPEED25_T480__S025_R01,conservative,1.837284919761596
C100_V05_CHG_balanced_SPEED25_T480__S025_R02,balanced,0.8255755399544941
C100_V05_CHG_broad_SPEED25_T480__S025_R02,broad,0.8255755399544941
C100_V05_CHG_conservative_SPEED25_T480__S025_R02,conservative,1.241218377454517
C100_V05_CHG_balanced_SPEED25_T480__S025_R03,balanced,0.5256626717346592
C100_V05_CHG_broad_SPEED25_T480__S025_R03,broad,0.5256626717346592
C100_V05_CHG_conservative_SPEED25_T480__S025_R03,conservative,1.290513921200985
C100_V05_CHG_balanced_SPEED25_T480__S025_R04,balanced,0.2683589483646402
C100_V05_CHG_broad_SPEED25_T480__S025_R04,broad,0.2683589483646402
C100_V05_CHG_conservative_SPEED25_T480__S025_R04,conservative,9.123655509180232
C100_V05_CHG_balanced_SPEED25_T480__S025_R05,balanced,0.2878020033209206
C100_V05_CHG_broad_SPEED25_T480__S025_R05,broad,0.2878020033209206
C100_V05_CHG_conservative_SPEED25_T480__S025_R05,conservative,1.6701695017394644
C100_V01_CHG_balanced_SPEED25_T480__S026_R01,balanced,0.1126657565081788
C100_V01_CHG_broad_SPEED25_T480__S026_R01,broad,0.1126657565081788
C100_V01_CHG_conservative_SPEED25_T480__S026_R01,conservative,0.4560325464613854
C100_V03_CHG_balanced_SPEED25_T480__S026_R01,balanced,0.1352104639503605
C100_V03_CHG_broad_SPEED25_T480__S026_R01,broad,0.1352104639503605
C100_V03_CHG_conservative_SPEED25_T480__S026_R01,conservative,0.4560325464613854
C100_V03_CHG_balanced_SPEED25_T480__S026_R02,balanced,0.1126657565081788
C100_V03_CHG_broad_SPEED25_T480__S026_R02,broad,0.1126657565081788
C100_V03_CHG_conservative_SPEED25_T480__S026_R02,conservative,2.405830853523777
C100_V03_CHG_balanced_SPEED25_T480__S026_R03,balanced,0.1942476858261919
C100_V03_CHG_broad_SPEED25_T480__S026_R03,broad,0.1942476858261919
C100_V03_CHG_conservative_SPEED25_T480__S026_R03,conservative,2.9449737703138967
C100_V05_CHG_balanced_SPEED25_T480__S026_R01,balanced,0.8255755399544941
C100_V05_CHG_broad_SPEED25_T480__S026_R01,broad,0.8255755399544941
C100_V05_CHG_conservative_SPEED25_T480__S026_R01,conservative,2.405830853523777
C100_V05_CHG_balanced_SPEED25_T480__S026_R02,balanced,0.1352104639503605
C100_V05_CHG_broad_SPEED25_T480__S026_R02,broad,0.1352104639503605
C100_V05_CHG_conservative_SPEED25_T480__S026_R02,conservative,2.8732495319295386
C100_V05_CHG_balanced_SPEED25_T480__S026_R03,balanced,0.1126657565081788
C100_V05_CHG_broad_SPEED25_T480__S026_R03,broad,0.1126657565081788
C100_V05_CHG_conservative_SPEED25_T480__S026_R03,conservative,2.935738074192647
C100_V05_CHG_balanced_SPEED25_T480__S026_R04,balanced,0.1942476858261919
C100_V05_CHG_broad_SPEED25_T480__S026_R04,broad,0.1942476858261919
C100_V05_CHG_conservative_SPEED25_T480__S026_R04,conservative,2.9449737703138967
C100_V05_CHG_balanced_SPEED25_T480__S026_R05,balanced,0.4402417533874605
C100_V05_CHG_broad_SPEED25_T480__S026_R05,broad,0.4402417533874605
C100_V05_CHG_conservative_SPEED25_T480__S026_R05,conservative,0.4560325464613854
C100_V01_CHG_balanced_SPEED25_T480__S027_R01,balanced,0.1217276985426093
C100_V01_CHG_broad_SPEED25_T480__S027_R01,broad,0.1217276985426093
C100_V01_CHG_conservative_SPEED25_T480__S027_R01,conservative,1.4469118399338807
C100_V03_CHG_balanced_SPEED25_T480__S027_R01,balanced,0.6322198666733079
C100_V03_CHG_broad_SPEED25_T480__S027_R01,broad,0.6322198666733079
C100_V03_CHG_conservative_SPEED25_T480__S027_R01,conservative,1.4998864632355722
C100_V03_CHG_balanced_SPEED25_T480__S027_R02,balanced,0.480132024659015
C100_V03_CHG_broad_SPEED25_T480__S027_R02,broad,0.480132024659015
C100_V03_CHG_conservative_SPEED25_T480__S027_R02,conservative,1.578179782355697
C100_V03_CHG_balanced_SPEED25_T480__S027_R03,balanced,0.1217276985426093
C100_V03_CHG_broad_SPEED25_T480__S027_R03,broad,0.1217276985426093
C100_V03_CHG_conservative_SPEED25_T480__S027_R03,conservative,1.4469118399338807
C100_V05_CHG_balanced_SPEED25_T480__S027_R01,balanced,0.5510499559498614
C100_V05_CHG_broad_SPEED25_T480__S027_R01,broad,0.5510499559498614
C100_V05_CHG_conservative_SPEED25_T480__S027_R01,conservative,1.6020886601610558
C100_V05_CHG_balanced_SPEED25_T480__S027_R02,balanced,0.6322198666733079
C100_V05_CHG_broad_SPEED25_T480__S027_R02,broad,0.6322198666733079
C100_V05_CHG_conservative_SPEED25_T480__S027_R02,conservative,1.4998864632355722
C100_V05_CHG_balanced_SPEED25_T480__S027_R03,balanced,0.6927339028595526
C100_V05_CHG_broad_SPEED25_T480__S027_R03,broad,0.6927339028595526
C100_V05_CHG_conservative_SPEED25_T480__S027_R03,conservative,3.997484443603043
C100_V05_CHG_balanced_SPEED25_T480__S027_R04,balanced,0.480132024659015
C100_V05_CHG_broad_SPEED25_T480__S027_R04,broad,0.480132024659015
C100_V05_CHG_conservative_SPEED25_T480__S027_R04,conservative,2.545948249976705
C100_V05_CHG_balanced_SPEED25_T480__S027_R05,balanced,0.1217276985426093
C100_V05_CHG_broad_SPEED25_T480__S027_R05,broad,0.1217276985426093
C100_V05_CHG_conservative_SPEED25_T480__S027_R05,conservative,1.4469118399338807
C100_V01_CHG_balanced_SPEED25_T480__S028_R01,balanced,0.2192674928385306
C100_V01_CHG_broad_SPEED25_T480__S028_R01,broad,0.2192674928385306
C100_V01_CHG_conservative_SPEED25_T480__S028_R01,conservative,0.6506971482998989
C100_V03_CHG_balanced_SPEED25_T480__S028_R01,balanced,0.5248929339133741
C100_V03_CHG_broad_SPEED25_T480__S028_R01,broad,0.5248929339133741
C100_V03_CHG_conservative_SPEED25_T480__S028_R01,conservative,0.7993199897309775
C100_V03_CHG_balanced_SPEED25_T480__S028_R02,balanced,0.3862586442447059
C100_V03_CHG_broad_SPEED25_T480__S028_R02,broad,0.3862586442447059
C100_V03_CHG_conservative_SPEED25_T480__S028_R02,conservative,0.7744312172826395
C100_V03_CHG_balanced_SPEED25_T480__S028_R03,balanced,0.2192674928385306
C100_V03_CHG_broad_SPEED25_T480__S028_R03,broad,0.2192674928385306
C100_V03_CHG_conservative_SPEED25_T480__S028_R03,conservative,0.6506971482998989
C100_V05_CHG_balanced_SPEED25_T480__S028_R01,balanced,0.3862586442447059
C100_V05_CHG_broad_SPEED25_T480__S028_R01,broad,0.3862586442447059
C100_V05_CHG_conservative_SPEED25_T480__S028_R01,conservative,0.7744312172826395
C100_V05_CHG_balanced_SPEED25_T480__S028_R02,balanced,0.5248929339133741
C100_V05_CHG_broad_SPEED25_T480__S028_R02,broad,0.5248929339133741
C100_V05_CHG_conservative_SPEED25_T480__S028_R02,conservative,1.81703709347506
C100_V05_CHG_balanced_SPEED25_T480__S028_R03,balanced,0.2192674928385306
C100_V05_CHG_broad_SPEED25_T480__S028_R03,broad,0.2192674928385306
C100_V05_CHG_conservative_SPEED25_T480__S028_R03,conservative,1.042478089729524
C100_V05_CHG_balanced_SPEED25_T480__S028_R04,balanced,0.2762317400783571
C100_V05_CHG_broad_SPEED25_T480__S028_R04,broad,0.2762317400783571
C100_V05_CHG_conservative_SPEED25_T480__S028_R04,conservative,0.6506971482998989
C100_V05_CHG_balanced_SPEED25_T480__S028_R05,balanced,0.7993199897309775
C100_V05_CHG_broad_SPEED25_T480__S028_R05,broad,0.7993199897309775
C100_V05_CHG_conservative_SPEED25_T480__S028_R05,conservative,0.7993199897309775
C100_V01_CHG_balanced_SPEED25_T480__S029_R01,balanced,0.2878020033209206
C100_V01_CHG_broad_SPEED25_T480__S029_R01,broad,0.2878020033209206
C100_V01_CHG_conservative_SPEED25_T480__S029_R01,conservative,1.1338928412125535
C100_V03_CHG_balanced_SPEED25_T480__S029_R01,balanced,0.2878020033209206
C100_V03_CHG_broad_SPEED25_T480__S029_R01,broad,0.2878020033209206
C100_V03_CHG_conservative_SPEED25_T480__S029_R01,conservative,1.1338928412125535
C100_V03_CHG_balanced_SPEED25_T480__S029_R02,balanced,0.7034908726183703
C100_V03_CHG_broad_SPEED25_T480__S029_R02,broad,0.7034908726183703
C100_V03_CHG_conservative_SPEED25_T480__S029_R02,conservative,1.605237762605532
C100_V03_CHG_balanced_SPEED25_T480__S029_R03,balanced,0.41425435454879
C100_V03_CHG_broad_SPEED25_T480__S029_R03,broad,0.41425435454879
C100_V03_CHG_conservative_SPEED25_T480__S029_R03,conservative,2.0618977710230206
C100_V05_CHG_balanced_SPEED25_T480__S029_R01,balanced,0.41425435454879
C100_V05_CHG_broad_SPEED25_T480__S029_R01,broad,0.41425435454879
C100_V05_CHG_conservative_SPEED25_T480__S029_R01,conservative,2.0618977710230206
C100_V05_CHG_balanced_SPEED25_T480__S029_R02,balanced,0.7465455570009907
C100_V05_CHG_broad_SPEED25_T480__S029_R02,broad,0.7465455570009907
C100_V05_CHG_conservative_SPEED25_T480__S029_R02,conservative,1.605237762605532
C100_V05_CHG_balanced_SPEED25_T480__S029_R03,balanced,0.5058936195258452
C100_V05_CHG_broad_SPEED25_T480__S029_R03,broad,0.5058936195258452
C100_V05_CHG_conservative_SPEED25_T480__S029_R03,conservative,2.191926840625011
C100_V05_CHG_balanced_SPEED25_T480__S029_R04,balanced,0.2878020033209206
C100_V05_CHG_broad_SPEED25_T480__S029_R04,broad,0.2878020033209206
C100_V05_CHG_conservative_SPEED25_T480__S029_R04,conservative,1.1338928412125535
C100_V05_CHG_balanced_SPEED25_T480__S029_R05,balanced,0.7034908726183703
C100_V05_CHG_broad_SPEED25_T480__S029_R05,broad,0.7034908726183703
C100_V05_CHG_conservative_SPEED25_T480__S029_R05,conservative,2.7317132287612713
C100_V01_CHG_balanced_SPEED25_T480__S030_R01,balanced,0.2483321713458325
C100_V01_CHG_broad_SPEED25_T480__S030_R01,broad,0.2483321713458325
C100_V01_CHG_conservative_SPEED25_T480__S030_R01,conservative,0.6422931882411255
C100_V03_CHG_balanced_SPEED25_T480__S030_R01,balanced,0.4704645052088447
C100_V03_CHG_broad_SPEED25_T480__S030_R01,broad,0.4704645052088447
C100_V03_CHG_conservative_SPEED25_T480__S030_R01,conservative,0.6422931882411255
C100_V03_CHG_balanced_SPEED25_T480__S030_R02,balanced,0.4670022675754036
C100_V03_CHG_broad_SPEED25_T480__S030_R02,broad,0.4670022675754036
C100_V03_CHG_conservative_SPEED25_T480__S030_R02,conservative,1.707307964455005
C100_V03_CHG_balanced_SPEED25_T480__S030_R03,balanced,0.2483321713458325
C100_V03_CHG_broad_SPEED25_T480__S030_R03,broad,0.2483321713458325
C100_V03_CHG_conservative_SPEED25_T480__S030_R03,conservative,3.1727950463750565
C100_V05_CHG_balanced_SPEED25_T480__S030_R01,balanced,0.5185098529277135
C100_V05_CHG_broad_SPEED25_T480__S030_R01,broad,0.5185098529277135
C100_V05_CHG_conservative_SPEED25_T480__S030_R01,conservative,2.316821611294409
C100_V05_CHG_balanced_SPEED25_T480__S030_R02,balanced,0.2483321713458325
C100_V05_CHG_broad_SPEED25_T480__S030_R02,broad,0.2483321713458325
C100_V05_CHG_conservative_SPEED25_T480__S030_R02,conservative,3.1727950463750565
C100_V05_CHG_balanced_SPEED25_T480__S030_R03,balanced,0.4670022675754036
C100_V05_CHG_broad_SPEED25_T480__S030_R03,broad,0.4670022675754036
C100_V05_CHG_conservative_SPEED25_T480__S030_R03,conservative,2.704115783544835
C100_V05_CHG_balanced_SPEED25_T480__S030_R04,balanced,0.5606481243256647
C100_V05_CHG_broad_SPEED25_T480__S030_R04,broad,0.5606481243256647
C100_V05_CHG_conservative_SPEED25_T480__S030_R04,conservative,1.707307964455005
C100_V05_CHG_balanced_SPEED25_T480__S030_R05,balanced,0.4704645052088447
C100_V05_CHG_broad_SPEED25_T480__S030_R05,broad,0.4704645052088447
C100_V05_CHG_conservative_SPEED25_T480__S030_R05,conservative,0.6422931882411255
C100_V01_CHG_balanced_SPEED25_T480__S031_R01,balanced,0.1205174945153862
C100_V01_CHG_broad_SPEED25_T480__S031_R01,broad,0.1205174945153862
C100_V01_CHG_conservative_SPEED25_T480__S031_R01,conservative,0.7072440518717895
C100_V03_CHG_balanced_SPEED25_T480__S031_R01,balanced,0.1205174945153862
C100_V03_CHG_broad_SPEED25_T480__S031_R01,broad,0.1205174945153862
C100_V03_CHG_conservative_SPEED25_T480__S031_R01,conservative,0.7072440518717895
C100_V03_CHG_balanced_SPEED25_T480__S031_R02,balanced,0.1914451839365981
C100_V03_CHG_broad_SPEED25_T480__S031_R02,broad,0.1914451839365981
C100_V03_CHG_conservative_SPEED25_T480__S031_R02,conservative,1.059116102807384
C100_V03_CHG_balanced_SPEED25_T480__S031_R03,balanced,0.5691592929263896
C100_V03_CHG_broad_SPEED25_T480__S031_R03,broad,0.5691592929263896
C100_V03_CHG_conservative_SPEED25_T480__S031_R03,conservative,1.5927996488698914
C100_V05_CHG_balanced_SPEED25_T480__S031_R01,balanced,1.3229350206137007
C100_V05_CHG_broad_SPEED25_T480__S031_R01,broad,1.3229350206137007
C100_V05_CHG_conservative_SPEED25_T480__S031_R01,conservative,1.5927996488698914
C100_V05_CHG_balanced_SPEED25_T480__S031_R02,balanced,0.1205174945153862
C100_V05_CHG_broad_SPEED25_T480__S031_R02,broad,0.1205174945153862
C100_V05_CHG_conservative_SPEED25_T480__S031_R02,conservative,0.7072440518717895
C100_V05_CHG_balanced_SPEED25_T480__S031_R03,balanced,0.1914451839365981
C100_V05_CHG_broad_SPEED25_T480__S031_R03,broad,0.1914451839365981
C100_V05_CHG_conservative_SPEED25_T480__S031_R03,conservative,2.4916827668767896
C100_V05_CHG_balanced_SPEED25_T480__S031_R04,balanced,0.8172465408236906
C100_V05_CHG_broad_SPEED25_T480__S031_R04,broad,0.8172465408236906
C100_V05_CHG_conservative_SPEED25_T480__S031_R04,conservative,3.997484443603043
C100_V05_CHG_balanced_SPEED25_T480__S031_R05,balanced,0.3490686287725337
C100_V05_CHG_broad_SPEED25_T480__S031_R05,broad,0.3490686287725337
C100_V05_CHG_conservative_SPEED25_T480__S031_R05,conservative,1.059116102807384
C100_V01_CHG_balanced_SPEED25_T480__S032_R01,balanced,0.1217276985426093
C100_V01_CHG_broad_SPEED25_T480__S032_R01,broad,0.1217276985426093
C100_V01_CHG_conservative_SPEED25_T480__S032_R01,conservative,0.447251808477923
C100_V03_CHG_balanced_SPEED25_T480__S032_R01,balanced,0.2158599431520895
C100_V03_CHG_broad_SPEED25_T480__S032_R01,broad,0.2158599431520895
C100_V03_CHG_conservative_SPEED25_T480__S032_R01,conservative,0.447251808477923
C100_V03_CHG_balanced_SPEED25_T480__S032_R02,balanced,0.161268678653815
C100_V03_CHG_broad_SPEED25_T480__S032_R02,broad,0.161268678653815
C100_V03_CHG_conservative_SPEED25_T480__S032_R02,conservative,1.059116102807384
C100_V03_CHG_balanced_SPEED25_T480__S032_R03,balanced,0.1217276985426093
C100_V03_CHG_broad_SPEED25_T480__S032_R03,broad,0.1217276985426093
C100_V03_CHG_conservative_SPEED25_T480__S032_R03,conservative,0.4855717778556915
C100_V05_CHG_balanced_SPEED25_T480__S032_R01,balanced,0.161268678653815
C100_V05_CHG_broad_SPEED25_T480__S032_R01,broad,0.161268678653815
C100_V05_CHG_conservative_SPEED25_T480__S032_R01,conservative,2.963796021473213
C100_V05_CHG_balanced_SPEED25_T480__S032_R02,balanced,0.4239706601688406
C100_V05_CHG_broad_SPEED25_T480__S032_R02,broad,0.4239706601688406
C100_V05_CHG_conservative_SPEED25_T480__S032_R02,conservative,4.669288094783096
C100_V05_CHG_balanced_SPEED25_T480__S032_R03,balanced,0.2158599431520895
C100_V05_CHG_broad_SPEED25_T480__S032_R03,broad,0.2158599431520895
C100_V05_CHG_conservative_SPEED25_T480__S032_R03,conservative,0.447251808477923
C100_V05_CHG_balanced_SPEED25_T480__S032_R04,balanced,0.1288285571861638
C100_V05_CHG_broad_SPEED25_T480__S032_R04,broad,0.1288285571861638
C100_V05_CHG_conservative_SPEED25_T480__S032_R04,conservative,1.059116102807384
C100_V05_CHG_balanced_SPEED25_T480__S032_R05,balanced,0.1217276985426093
C100_V05_CHG_broad_SPEED25_T480__S032_R05,broad,0.1217276985426093
C100_V05_CHG_conservative_SPEED25_T480__S032_R05,conservative,0.4855717778556915
C100_V01_CHG_balanced_SPEED25_T480__S033_R01,balanced,0.0582821030161267
C100_V01_CHG_broad_SPEED25_T480__S033_R01,broad,0.0582821030161267
C100_V01_CHG_conservative_SPEED25_T480__S033_R01,conservative,0.3027685018662859
C100_V03_CHG_balanced_SPEED25_T480__S033_R01,balanced,0.0582821030161267
C100_V03_CHG_broad_SPEED25_T480__S033_R01,broad,0.0582821030161267
C100_V03_CHG_conservative_SPEED25_T480__S033_R01,conservative,0.3027685018662859
C100_V03_CHG_balanced_SPEED25_T480__S033_R02,balanced,0.1126657565081788
C100_V03_CHG_broad_SPEED25_T480__S033_R02,broad,0.1126657565081788
C100_V03_CHG_conservative_SPEED25_T480__S033_R02,conservative,1.5853077913750695
C100_V03_CHG_balanced_SPEED25_T480__S033_R03,balanced,0.1217276985426093
C100_V03_CHG_broad_SPEED25_T480__S033_R03,broad,0.1217276985426093
C100_V03_CHG_conservative_SPEED25_T480__S033_R03,conservative,0.3790595381850574
C100_V05_CHG_balanced_SPEED25_T480__S033_R01,balanced,0.3790595381850574
C100_V05_CHG_broad_SPEED25_T480__S033_R01,broad,0.3790595381850574
C100_V05_CHG_conservative_SPEED25_T480__S033_R01,conservative,0.3790595381850574
C100_V05_CHG_balanced_SPEED25_T480__S033_R02,balanced,0.3363280810794056
C100_V05_CHG_broad_SPEED25_T480__S033_R02,broad,0.3363280810794056
C100_V05_CHG_conservative_SPEED25_T480__S033_R02,conservative,1.5853077913750695
C100_V05_CHG_balanced_SPEED25_T480__S033_R03,balanced,0.1217276985426093
C100_V05_CHG_broad_SPEED25_T480__S033_R03,broad,0.1217276985426093
C100_V05_CHG_conservative_SPEED25_T480__S033_R03,conservative,1.707307964455005
C100_V05_CHG_balanced_SPEED25_T480__S033_R04,balanced,0.0582821030161267
C100_V05_CHG_broad_SPEED25_T480__S033_R04,broad,0.0582821030161267
C100_V05_CHG_conservative_SPEED25_T480__S033_R04,conservative,0.3027685018662859
C100_V05_CHG_balanced_SPEED25_T480__S033_R05,balanced,0.1126657565081788
C100_V05_CHG_broad_SPEED25_T480__S033_R05,broad,0.1126657565081788
C100_V05_CHG_conservative_SPEED25_T480__S033_R05,conservative,3.430247487421801
C100_V01_CHG_balanced_SPEED25_T480__S034_R01,balanced,0.3101687294377195
C100_V01_CHG_broad_SPEED25_T480__S034_R01,broad,0.3101687294377195
C100_V01_CHG_conservative_SPEED25_T480__S034_R01,conservative,0.5135541173180224
C100_V03_CHG_balanced_SPEED25_T480__S034_R01,balanced,0.545734714965538
C100_V03_CHG_broad_SPEED25_T480__S034_R01,broad,0.545734714965538
C100_V03_CHG_conservative_SPEED25_T480__S034_R01,conservative,1.130317674904478
C100_V03_CHG_balanced_SPEED25_T480__S034_R02,balanced,0.3101687294377195
C100_V03_CHG_broad_SPEED25_T480__S034_R02,broad,0.3101687294377195
C100_V03_CHG_conservative_SPEED25_T480__S034_R02,conservative,1.5957104314593442
C100_V03_CHG_balanced_SPEED25_T480__S034_R03,balanced,0.4714935123008759
C100_V03_CHG_broad_SPEED25_T480__S034_R03,broad,0.4714935123008759
C100_V03_CHG_conservative_SPEED25_T480__S034_R03,conservative,0.5135541173180224
C100_V05_CHG_balanced_SPEED25_T480__S034_R01,balanced,0.3101687294377195
C100_V05_CHG_broad_SPEED25_T480__S034_R01,broad,0.3101687294377195
C100_V05_CHG_conservative_SPEED25_T480__S034_R01,conservative,1.5957104314593442
C100_V05_CHG_balanced_SPEED25_T480__S034_R02,balanced,0.545734714965538
C100_V05_CHG_broad_SPEED25_T480__S034_R02,broad,0.545734714965538
C100_V05_CHG_conservative_SPEED25_T480__S034_R02,conservative,1.6289740012859697
C100_V05_CHG_balanced_SPEED25_T480__S034_R03,balanced,0.4714935123008759
C100_V05_CHG_broad_SPEED25_T480__S034_R03,broad,0.4714935123008759
C100_V05_CHG_conservative_SPEED25_T480__S034_R03,conservative,0.5135541173180224
C100_V05_CHG_balanced_SPEED25_T480__S034_R04,balanced,1.097727599026361
C100_V05_CHG_broad_SPEED25_T480__S034_R04,broad,1.097727599026361
C100_V05_CHG_conservative_SPEED25_T480__S034_R04,conservative,1.7122422028189257
C100_V05_CHG_balanced_SPEED25_T480__S034_R05,balanced,0.5632371125637676
C100_V05_CHG_broad_SPEED25_T480__S034_R05,broad,0.5632371125637676
C100_V05_CHG_conservative_SPEED25_T480__S034_R05,conservative,1.130317674904478
C100_V01_CHG_balanced_SPEED25_T480__S035_R01,balanced,0.2430908786389242
C100_V01_CHG_broad_SPEED25_T480__S035_R01,broad,0.2430908786389242
C100_V01_CHG_conservative_SPEED25_T480__S035_R01,conservative,0.8843902021192169
C100_V03_CHG_balanced_SPEED25_T480__S035_R01,balanced,0.4946534320905008
C100_V03_CHG_broad_SPEED25_T480__S035_R01,broad,0.4946534320905008
C100_V03_CHG_conservative_SPEED25_T480__S035_R01,conservative,2.3524936081424612
C100_V03_CHG_balanced_SPEED25_T480__S035_R02,balanced,0.3095165368663343
C100_V03_CHG_broad_SPEED25_T480__S035_R02,broad,0.3095165368663343
C100_V03_CHG_conservative_SPEED25_T480__S035_R02,conservative,0.8843902021192169
C100_V03_CHG_balanced_SPEED25_T480__S035_R03,balanced,0.2430908786389242
C100_V03_CHG_broad_SPEED25_T480__S035_R03,broad,0.2430908786389242
C100_V03_CHG_conservative_SPEED25_T480__S035_R03,conservative,2.036213538448112
C100_V05_CHG_balanced_SPEED25_T480__S035_R01,balanced,0.4946534320905008
C100_V05_CHG_broad_SPEED25_T480__S035_R01,broad,0.4946534320905008
C100_V05_CHG_conservative_SPEED25_T480__S035_R01,conservative,2.3524936081424612
C100_V05_CHG_balanced_SPEED25_T480__S035_R02,balanced,0.3095165368663343
C100_V05_CHG_broad_SPEED25_T480__S035_R02,broad,0.3095165368663343
C100_V05_CHG_conservative_SPEED25_T480__S035_R02,conservative,0.8843902021192169
C100_V05_CHG_balanced_SPEED25_T480__S035_R03,balanced,0.2430908786389242
C100_V05_CHG_broad_SPEED25_T480__S035_R03,broad,0.2430908786389242
C100_V05_CHG_conservative_SPEED25_T480__S035_R03,conservative,2.036213538448112
C100_V05_CHG_balanced_SPEED25_T480__S035_R04,balanced,0.814959655453386
C100_V05_CHG_broad_SPEED25_T480__S035_R04,broad,0.814959655453386
C100_V05_CHG_conservative_SPEED25_T480__S035_R04,conservative,3.620909430512002
C100_V05_CHG_balanced_SPEED25_T480__S035_R05,balanced,1.5924183626749266
C100_V05_CHG_broad_SPEED25_T480__S035_R05,broad,1.5924183626749266
C100_V05_CHG_conservative_SPEED25_T480__S035_R05,conservative,5.447641074099664
C100_V01_CHG_balanced_SPEED25_T480__S036_R01,balanced,0.0588840570830677
C100_V01_CHG_broad_SPEED25_T480__S036_R01,broad,0.0588840570830677
C100_V01_CHG_conservative_SPEED25_T480__S036_R01,conservative,1.6670825761522243
C100_V03_CHG_balanced_SPEED25_T480__S036_R01,balanced,0.4787097132656136
C100_V03_CHG_broad_SPEED25_T480__S036_R01,broad,0.4787097132656136
C100_V03_CHG_conservative_SPEED25_T480__S036_R01,conservative,2.1363411673269637
C100_V03_CHG_balanced_SPEED25_T480__S036_R02,balanced,0.7422771118073448
C100_V03_CHG_broad_SPEED25_T480__S036_R02,broad,0.7422771118073448
C100_V03_CHG_conservative_SPEED25_T480__S036_R02,conservative,2.145796975193099
C100_V03_CHG_balanced_SPEED25_T480__S036_R03,balanced,0.0588840570830677
C100_V03_CHG_broad_SPEED25_T480__S036_R03,broad,0.0588840570830677
C100_V03_CHG_conservative_SPEED25_T480__S036_R03,conservative,1.6670825761522243
C100_V05_CHG_balanced_SPEED25_T480__S036_R01,balanced,0.7422771118073448
C100_V05_CHG_broad_SPEED25_T480__S036_R01,broad,0.7422771118073448
C100_V05_CHG_conservative_SPEED25_T480__S036_R01,conservative,2.145796975193099
C100_V05_CHG_balanced_SPEED25_T480__S036_R02,balanced,0.4787097132656136
C100_V05_CHG_broad_SPEED25_T480__S036_R02,broad,0.4787097132656136
C100_V05_CHG_conservative_SPEED25_T480__S036_R02,conservative,2.1363411673269637
C100_V05_CHG_balanced_SPEED25_T480__S036_R03,balanced,0.0588840570830677
C100_V05_CHG_broad_SPEED25_T480__S036_R03,broad,0.0588840570830677
C100_V05_CHG_conservative_SPEED25_T480__S036_R03,conservative,2.4447849084135185
C100_V05_CHG_balanced_SPEED25_T480__S036_R04,balanced,0.7459682120426457
C100_V05_CHG_broad_SPEED25_T480__S036_R04,broad,0.7459682120426457
C100_V05_CHG_conservative_SPEED25_T480__S036_R04,conservative,3.997484443603043
C100_V05_CHG_balanced_SPEED25_T480__S036_R05,balanced,1.110576070902061
C100_V05_CHG_broad_SPEED25_T480__S036_R05,broad,1.110576070902061
C100_V05_CHG_conservative_SPEED25_T480__S036_R05,conservative,1.6670825761522243
C100_V01_CHG_balanced_SPEED25_T480__S037_R01,balanced,0.1937876201801339
C100_V01_CHG_broad_SPEED25_T480__S037_R01,broad,0.1937876201801339
C100_V01_CHG_conservative_SPEED25_T480__S037_R01,conservative,1.1218985925498473
C100_V03_CHG_balanced_SPEED25_T480__S037_R01,balanced,0.2317865241815123
C100_V03_CHG_broad_SPEED25_T480__S037_R01,broad,0.2317865241815123
C100_V03_CHG_conservative_SPEED25_T480__S037_R01,conservative,1.1935635926001795
C100_V03_CHG_balanced_SPEED25_T480__S037_R02,balanced,0.1937876201801339
C100_V03_CHG_broad_SPEED25_T480__S037_R02,broad,0.1937876201801339
C100_V03_CHG_conservative_SPEED25_T480__S037_R02,conservative,1.1218985925498473
C100_V03_CHG_balanced_SPEED25_T480__S037_R03,balanced,0.6954792233498176
C100_V03_CHG_broad_SPEED25_T480__S037_R03,broad,0.6954792233498176
C100_V03_CHG_conservative_SPEED25_T480__S037_R03,conservative,1.445162070263338
C100_V05_CHG_balanced_SPEED25_T480__S037_R01,balanced,0.4602437896643581
C100_V05_CHG_broad_SPEED25_T480__S037_R01,broad,0.4602437896643581
C100_V05_CHG_conservative_SPEED25_T480__S037_R01,conservative,1.1218985925498473
C100_V05_CHG_balanced_SPEED25_T480__S037_R02,balanced,0.789616407420624
C100_V05_CHG_broad_SPEED25_T480__S037_R02,broad,0.789616407420624
C100_V05_CHG_conservative_SPEED25_T480__S037_R02,conservative,1.1935635926001795
C100_V05_CHG_balanced_SPEED25_T480__S037_R03,balanced,0.1937876201801339
C100_V05_CHG_broad_SPEED25_T480__S037_R03,broad,0.1937876201801339
C100_V05_CHG_conservative_SPEED25_T480__S037_R03,conservative,5.332948250938228
C100_V05_CHG_balanced_SPEED25_T480__S037_R04,balanced,0.2317865241815123
C100_V05_CHG_broad_SPEED25_T480__S037_R04,broad,0.2317865241815123
C100_V05_CHG_conservative_SPEED25_T480__S037_R04,conservative,1.9231130490718165
C100_V05_CHG_balanced_SPEED25_T480__S037_R05,balanced,0.6954792233498176
C100_V05_CHG_broad_SPEED25_T480__S037_R05,broad,0.6954792233498176
C100_V05_CHG_conservative_SPEED25_T480__S037_R05,conservative,1.445162070263338
C100_V01_CHG_balanced_SPEED25_T480__S038_R01,balanced,0.1937876201801339
C100_V01_CHG_broad_SPEED25_T480__S038_R01,broad,0.1937876201801339
C100_V01_CHG_conservative_SPEED25_T480__S038_R01,conservative,0.6506971482998989
C100_V03_CHG_balanced_SPEED25_T480__S038_R01,balanced,0.1937876201801339
C100_V03_CHG_broad_SPEED25_T480__S038_R01,broad,0.1937876201801339
C100_V03_CHG_conservative_SPEED25_T480__S038_R01,conservative,1.3211598461182166
C100_V03_CHG_balanced_SPEED25_T480__S038_R02,balanced,1.0096147253002203
C100_V03_CHG_broad_SPEED25_T480__S038_R02,broad,1.0096147253002203
C100_V03_CHG_conservative_SPEED25_T480__S038_R02,conservative,1.255784037253887
C100_V03_CHG_balanced_SPEED25_T480__S038_R03,balanced,0.2323180486160757
C100_V03_CHG_broad_SPEED25_T480__S038_R03,broad,0.2323180486160757
C100_V03_CHG_conservative_SPEED25_T480__S038_R03,conservative,0.6506971482998989
C100_V05_CHG_balanced_SPEED25_T480__S038_R01,balanced,0.3064755542665075
C100_V05_CHG_broad_SPEED25_T480__S038_R01,broad,0.3064755542665075
C100_V05_CHG_conservative_SPEED25_T480__S038_R01,conservative,0.6506971482998989
C100_V05_CHG_balanced_SPEED25_T480__S038_R02,balanced,0.1937876201801339
C100_V05_CHG_broad_SPEED25_T480__S038_R02,broad,0.1937876201801339
C100_V05_CHG_conservative_SPEED25_T480__S038_R02,conservative,2.6400588418624493
C100_V05_CHG_balanced_SPEED25_T480__S038_R03,balanced,0.2323180486160757
C100_V05_CHG_broad_SPEED25_T480__S038_R03,broad,0.2323180486160757
C100_V05_CHG_conservative_SPEED25_T480__S038_R03,conservative,0.7645803676281654
C100_V05_CHG_balanced_SPEED25_T480__S038_R04,balanced,1.0096147253002203
C100_V05_CHG_broad_SPEED25_T480__S038_R04,broad,1.0096147253002203
C100_V05_CHG_conservative_SPEED25_T480__S038_R04,conservative,1.255784037253887
C100_V05_CHG_balanced_SPEED25_T480__S038_R05,balanced,0.2434723850998976
C100_V05_CHG_broad_SPEED25_T480__S038_R05,broad,0.2434723850998976
C100_V05_CHG_conservative_SPEED25_T480__S038_R05,conservative,1.3211598461182166
C100_V01_CHG_balanced_SPEED25_T480__S039_R01,balanced,0.0582821030161267
C100_V01_CHG_broad_SPEED25_T480__S039_R01,broad,0.0582821030161267
C100_V01_CHG_conservative_SPEED25_T480__S039_R01,conservative,0.8556303223726603
C100_V03_CHG_balanced_SPEED25_T480__S039_R01,balanced,0.3064755542665075
C100_V03_CHG_broad_SPEED25_T480__S039_R01,broad,0.3064755542665075
C100_V03_CHG_conservative_SPEED25_T480__S039_R01,conservative,2.190587416152172
C100_V03_CHG_balanced_SPEED25_T480__S039_R02,balanced,0.0582821030161267
C100_V03_CHG_broad_SPEED25_T480__S039_R02,broad,0.0582821030161267
C100_V03_CHG_conservative_SPEED25_T480__S039_R02,conservative,0.8556303223726603
C100_V03_CHG_balanced_SPEED25_T480__S039_R03,balanced,0.1676430017568601
C100_V03_CHG_broad_SPEED25_T480__S039_R03,broad,0.1676430017568601
C100_V03_CHG_conservative_SPEED25_T480__S039_R03,conservative,1.2688574723533517
C100_V05_CHG_balanced_SPEED25_T480__S039_R01,balanced,0.3064755542665075
C100_V05_CHG_broad_SPEED25_T480__S039_R01,broad,0.3064755542665075
C100_V05_CHG_conservative_SPEED25_T480__S039_R01,conservative,3.2135744953494587
C100_V05_CHG_balanced_SPEED25_T480__S039_R02,balanced,0.5142177272044196
C100_V05_CHG_broad_SPEED25_T480__S039_R02,broad,0.5142177272044196
C100_V05_CHG_conservative_SPEED25_T480__S039_R02,conservative,1.2688574723533517
C100_V05_CHG_balanced_SPEED25_T480__S039_R03,balanced,0.8571169897426061
C100_V05_CHG_broad_SPEED25_T480__S039_R03,broad,0.8571169897426061
C100_V05_CHG_conservative_SPEED25_T480__S039_R03,conservative,2.190587416152172
C100_V05_CHG_balanced_SPEED25_T480__S039_R04,balanced,0.0582821030161267
C100_V05_CHG_broad_SPEED25_T480__S039_R04,broad,0.0582821030161267
C100_V05_CHG_conservative_SPEED25_T480__S039_R04,conservative,0.8556303223726603
C100_V05_CHG_balanced_SPEED25_T480__S039_R05,balanced,0.1676430017568601
C100_V05_CHG_broad_SPEED25_T480__S039_R05,broad,0.1676430017568601
C100_V05_CHG_conservative_SPEED25_T480__S039_R05,conservative,4.785687036288943
C100_V01_CHG_balanced_SPEED25_T480__S040_R01,balanced,0.1217276985426093
C100_V01_CHG_broad_SPEED25_T480__S040_R01,broad,0.1217276985426093
C100_V01_CHG_conservative_SPEED25_T480__S040_R01,conservative,0.5716010868913802
C100_V03_CHG_balanced_SPEED25_T480__S040_R01,balanced,0.1217276985426093
C100_V03_CHG_broad_SPEED25_T480__S040_R01,broad,0.1217276985426093
C100_V03_CHG_conservative_SPEED25_T480__S040_R01,conservative,2.1011234016746445
C100_V03_CHG_balanced_SPEED25_T480__S040_R02,balanced,0.4704747753907738
C100_V03_CHG_broad_SPEED25_T480__S040_R02,broad,0.4704747753907738
C100_V03_CHG_conservative_SPEED25_T480__S040_R02,conservative,0.5716010868913802
C100_V03_CHG_balanced_SPEED25_T480__S040_R03,balanced,0.4949547483326011
C100_V03_CHG_broad_SPEED25_T480__S040_R03,broad,0.4949547483326011
C100_V03_CHG_conservative_SPEED25_T480__S040_R03,conservative,1.3826262231682782
C100_V05_CHG_balanced_SPEED25_T480__S040_R01,balanced,0.7019327787472849
C100_V05_CHG_broad_SPEED25_T480__S040_R01,broad,0.7019327787472849
C100_V05_CHG_conservative_SPEED25_T480__S040_R01,conservative,3.6313608941049855
C100_V05_CHG_balanced_SPEED25_T480__S040_R02,balanced,0.1217276985426093
C100_V05_CHG_broad_SPEED25_T480__S040_R02,broad,0.1217276985426093
C100_V05_CHG_conservative_SPEED25_T480__S040_R02,conservative,1.3826262231682782
C100_V05_CHG_balanced_SPEED25_T480__S040_R03,balanced,0.6649325516848288
C100_V05_CHG_broad_SPEED25_T480__S040_R03,broad,0.6649325516848288
C100_V05_CHG_conservative_SPEED25_T480__S040_R03,conservative,3.4733680284183492
C100_V05_CHG_balanced_SPEED25_T480__S040_R04,balanced,0.6782555469814506
C100_V05_CHG_broad_SPEED25_T480__S040_R04,broad,0.6782555469814506
C100_V05_CHG_conservative_SPEED25_T480__S040_R04,conservative,2.680712397471663
C100_V05_CHG_balanced_SPEED25_T480__S040_R05,balanced,0.4704747753907738
C100_V05_CHG_broad_SPEED25_T480__S040_R05,broad,0.4704747753907738
C100_V05_CHG_conservative_SPEED25_T480__S040_R05,conservative,0.5716010868913802
C100_V01_CHG_balanced_SPEED25_T480__S041_R01,balanced,0.2430908786389242
C100_V01_CHG_broad_SPEED25_T480__S041_R01,broad,0.2430908786389242
C100_V01_CHG_conservative_SPEED25_T480__S041_R01,conservative,0.8153480172951215
C100_V03_CHG_balanced_SPEED25_T480__S041_R01,balanced,0.2734140606354867
C100_V03_CHG_broad_SPEED25_T480__S041_R01,broad,0.2734140606354867
C100_V03_CHG_conservative_SPEED25_T480__S041_R01,conservative,0.8153480172951215
C100_V03_CHG_balanced_SPEED25_T480__S041_R02,balanced,0.2430908786389242
C100_V03_CHG_broad_SPEED25_T480__S041_R02,broad,0.2430908786389242
C100_V03_CHG_conservative_SPEED25_T480__S041_R02,conservative,3.844176075608325
C100_V03_CHG_balanced_SPEED25_T480__S041_R03,balanced,0.425439561541791
C100_V03_CHG_broad_SPEED25_T480__S041_R03,broad,0.425439561541791
C100_V03_CHG_conservative_SPEED25_T480__S041_R03,conservative,1.944397094836345
C100_V05_CHG_balanced_SPEED25_T480__S041_R01,balanced,0.2430908786389242
C100_V05_CHG_broad_SPEED25_T480__S041_R01,broad,0.2430908786389242
C100_V05_CHG_conservative_SPEED25_T480__S041_R01,conservative,3.844176075608325
C100_V05_CHG_balanced_SPEED25_T480__S041_R02,balanced,0.2734140606354867
C100_V05_CHG_broad_SPEED25_T480__S041_R02,broad,0.2734140606354867
C100_V05_CHG_conservative_SPEED25_T480__S041_R02,conservative,0.8153480172951215
C100_V05_CHG_balanced_SPEED25_T480__S041_R03,balanced,0.4571094743676478
C100_V05_CHG_broad_SPEED25_T480__S041_R03,broad,0.4571094743676478
C100_V05_CHG_conservative_SPEED25_T480__S041_R03,conservative,2.528456247880407
C100_V05_CHG_balanced_SPEED25_T480__S041_R04,balanced,0.425439561541791
C100_V05_CHG_broad_SPEED25_T480__S041_R04,broad,0.425439561541791
C100_V05_CHG_conservative_SPEED25_T480__S041_R04,conservative,1.944397094836345
C100_V05_CHG_balanced_SPEED25_T480__S041_R05,balanced,0.7202793245660728
C100_V05_CHG_broad_SPEED25_T480__S041_R05,broad,0.7202793245660728
C100_V05_CHG_conservative_SPEED25_T480__S041_R05,conservative,3.997484443603043
C100_V01_CHG_balanced_SPEED25_T480__S042_R01,balanced,0.0294098338966537
C100_V01_CHG_broad_SPEED25_T480__S042_R01,broad,0.0294098338966537
C100_V01_CHG_conservative_SPEED25_T480__S042_R01,conservative,1.5927996488698914
C100_V03_CHG_balanced_SPEED25_T480__S042_R01,balanced,0.0294098338966537
C100_V03_CHG_broad_SPEED25_T480__S042_R01,broad,0.0294098338966537
C100_V03_CHG_conservative_SPEED25_T480__S042_R01,conservative,2.463351261306826
C100_V03_CHG_balanced_SPEED25_T480__S042_R02,balanced,1.0145857992641305
C100_V03_CHG_broad_SPEED25_T480__S042_R02,broad,1.0145857992641305
C100_V03_CHG_conservative_SPEED25_T480__S042_R02,conservative,2.3125185614100294
C100_V03_CHG_balanced_SPEED25_T480__S042_R03,balanced,0.4946534320905008
C100_V03_CHG_broad_SPEED25_T480__S042_R03,broad,0.4946534320905008
C100_V03_CHG_conservative_SPEED25_T480__S042_R03,conservative,1.5927996488698914
C100_V05_CHG_balanced_SPEED25_T480__S042_R01,balanced,0.0294098338966537
C100_V05_CHG_broad_SPEED25_T480__S042_R01,broad,0.0294098338966537
C100_V05_CHG_conservative_SPEED25_T480__S042_R01,conservative,2.463351261306826
C100_V05_CHG_balanced_SPEED25_T480__S042_R02,balanced,1.0145857992641305
C100_V05_CHG_broad_SPEED25_T480__S042_R02,broad,1.0145857992641305
C100_V05_CHG_conservative_SPEED25_T480__S042_R02,conservative,2.3125185614100294
C100_V05_CHG_balanced_SPEED25_T480__S042_R03,balanced,0.4946534320905008
C100_V05_CHG_broad_SPEED25_T480__S042_R03,broad,0.4946534320905008
C100_V05_CHG_conservative_SPEED25_T480__S042_R03,conservative,1.5927996488698914
C100_V05_CHG_balanced_SPEED25_T480__S042_R04,balanced,1.2237869624615492
C100_V05_CHG_broad_SPEED25_T480__S042_R04,broad,1.2237869624615492
C100_V05_CHG_conservative_SPEED25_T480__S042_R04,conservative,3.560473517329795
C100_V05_CHG_balanced_SPEED25_T480__S042_R05,balanced,0.5845956244964636
C100_V05_CHG_broad_SPEED25_T480__S042_R05,broad,0.5845956244964636
C100_V05_CHG_conservative_SPEED25_T480__S042_R05,conservative,3.437742220551601
C100_V01_CHG_balanced_SPEED25_T480__S043_R01,balanced,0.0582821030161267
C100_V01_CHG_broad_SPEED25_T480__S043_R01,broad,0.0582821030161267
C100_V01_CHG_conservative_SPEED25_T480__S043_R01,conservative,0.7744312172826395
C100_V03_CHG_balanced_SPEED25_T480__S043_R01,balanced,0.1352104639503605
C100_V03_CHG_broad_SPEED25_T480__S043_R01,broad,0.1352104639503605
C100_V03_CHG_conservative_SPEED25_T480__S043_R01,conservative,2.4977477729650586
C100_V03_CHG_balanced_SPEED25_T480__S043_R02,balanced,0.0582821030161267
C100_V03_CHG_broad_SPEED25_T480__S043_R02,broad,0.0582821030161267
C100_V03_CHG_conservative_SPEED25_T480__S043_R02,conservative,0.7744312172826395
C100_V03_CHG_balanced_SPEED25_T480__S043_R03,balanced,0.944635208487381
C100_V03_CHG_broad_SPEED25_T480__S043_R03,broad,0.944635208487381
C100_V03_CHG_conservative_SPEED25_T480__S043_R03,conservative,2.443312543716265
C100_V05_CHG_balanced_SPEED25_T480__S043_R01,balanced,0.716271634987481
C100_V05_CHG_broad_SPEED25_T480__S043_R01,broad,0.716271634987481
C100_V05_CHG_conservative_SPEED25_T480__S043_R01,conservative,2.4977477729650586
C100_V05_CHG_balanced_SPEED25_T480__S043_R02,balanced,1.5856079633782216
C100_V05_CHG_broad_SPEED25_T480__S043_R02,broad,1.5856079633782216
C100_V05_CHG_conservative_SPEED25_T480__S043_R02,conservative,2.443312543716265
C100_V05_CHG_balanced_SPEED25_T480__S043_R03,balanced,0.0582821030161267
C100_V05_CHG_broad_SPEED25_T480__S043_R03,broad,0.0582821030161267
C100_V05_CHG_conservative_SPEED25_T480__S043_R03,conservative,0.7744312172826395
C100_V05_CHG_balanced_SPEED25_T480__S043_R04,balanced,0.5185098529277135
C100_V05_CHG_broad_SPEED25_T480__S043_R04,broad,0.5185098529277135
C100_V05_CHG_conservative_SPEED25_T480__S043_R04,conservative,3.147162145760354
C100_V05_CHG_balanced_SPEED25_T480__S043_R05,balanced,0.1352104639503605
C100_V05_CHG_broad_SPEED25_T480__S043_R05,broad,0.1352104639503605
C100_V05_CHG_conservative_SPEED25_T480__S043_R05,conservative,2.0618977710230206
C100_V01_CHG_balanced_SPEED25_T480__S044_R01,balanced,0.0853031845471897
C100_V01_CHG_broad_SPEED25_T480__S044_R01,broad,0.0853031845471897
C100_V01_CHG_conservative_SPEED25_T480__S044_R01,conservative,0.7993199897309775
C100_V03_CHG_balanced_SPEED25_T480__S044_R01,balanced,0.8933709515237527
C100_V03_CHG_broad_SPEED25_T480__S044_R01,broad,0.8933709515237527
C100_V03_CHG_conservative_SPEED25_T480__S044_R01,conservative,1.4191620699984266
C100_V03_CHG_balanced_SPEED25_T480__S044_R02,balanced,0.5770640933510969
C100_V03_CHG_broad_SPEED25_T480__S044_R02,broad,0.5770640933510969
C100_V03_CHG_conservative_SPEED25_T480__S044_R02,conservative,0.7993199897309775
C100_V03_CHG_balanced_SPEED25_T480__S044_R03,balanced,0.0853031845471897
C100_V03_CHG_broad_SPEED25_T480__S044_R03,broad,0.0853031845471897
C100_V03_CHG_conservative_SPEED25_T480__S044_R03,conservative,1.5957104314593442
C100_V05_CHG_balanced_SPEED25_T480__S044_R01,balanced,0.9524677121238194
C100_V05_CHG_broad_SPEED25_T480__S044_R01,broad,0.9524677121238194
C100_V05_CHG_conservative_SPEED25_T480__S044_R01,conservative,3.862441268588202
C100_V05_CHG_balanced_SPEED25_T480__S044_R02,balanced,0.0853031845471897
C100_V05_CHG_broad_SPEED25_T480__S044_R02,broad,0.0853031845471897
C100_V05_CHG_conservative_SPEED25_T480__S044_R02,conservative,1.5957104314593442
C100_V05_CHG_balanced_SPEED25_T480__S044_R03,balanced,0.5770640933510969
C100_V05_CHG_broad_SPEED25_T480__S044_R03,broad,0.5770640933510969
C100_V05_CHG_conservative_SPEED25_T480__S044_R03,conservative,3.997484443603043
C100_V05_CHG_balanced_SPEED25_T480__S044_R04,balanced,0.7494854107165067
C100_V05_CHG_broad_SPEED25_T480__S044_R04,broad,0.7494854107165067
C100_V05_CHG_conservative_SPEED25_T480__S044_R04,conservative,0.7993199897309775
C100_V05_CHG_balanced_SPEED25_T480__S044_R05,balanced,0.8933709515237527
C100_V05_CHG_broad_SPEED25_T480__S044_R05,broad,0.8933709515237527
C100_V05_CHG_conservative_SPEED25_T480__S044_R05,conservative,1.4191620699984266
C100_V01_CHG_balanced_SPEED25_T480__S045_R01,balanced,0.0392479014058045
C100_V01_CHG_broad_SPEED25_T480__S045_R01,broad,0.0392479014058045
C100_V01_CHG_conservative_SPEED25_T480__S045_R01,conservative,0.7993199897309775
C100_V03_CHG_balanced_SPEED25_T480__S045_R01,balanced,0.0392479014058045
C100_V03_CHG_broad_SPEED25_T480__S045_R01,broad,0.0392479014058045
C100_V03_CHG_conservative_SPEED25_T480__S045_R01,conservative,0.8499417687580536
C100_V03_CHG_balanced_SPEED25_T480__S045_R02,balanced,0.7993199897309775
C100_V03_CHG_broad_SPEED25_T480__S045_R02,broad,0.7993199897309775
C100_V03_CHG_conservative_SPEED25_T480__S045_R02,conservative,0.7993199897309775
C100_V03_CHG_balanced_SPEED25_T480__S045_R03,balanced,0.3317519896648957
C100_V03_CHG_broad_SPEED25_T480__S045_R03,broad,0.3317519896648957
C100_V03_CHG_conservative_SPEED25_T480__S045_R03,conservative,3.5461354868855075
C100_V05_CHG_balanced_SPEED25_T480__S045_R01,balanced,0.7993199897309775
C100_V05_CHG_broad_SPEED25_T480__S045_R01,broad,0.7993199897309775
C100_V05_CHG_conservative_SPEED25_T480__S045_R01,conservative,0.7993199897309775
C100_V05_CHG_balanced_SPEED25_T480__S045_R02,balanced,0.3317519896648957
C100_V05_CHG_broad_SPEED25_T480__S045_R02,broad,0.3317519896648957
C100_V05_CHG_conservative_SPEED25_T480__S045_R02,conservative,3.5461354868855075
C100_V05_CHG_balanced_SPEED25_T480__S045_R03,balanced,0.543356905719346
C100_V05_CHG_broad_SPEED25_T480__S045_R03,broad,0.543356905719346
C100_V05_CHG_conservative_SPEED25_T480__S045_R03,conservative,3.997484443603043
C100_V05_CHG_balanced_SPEED25_T480__S045_R04,balanced,0.2434723850998976
C100_V05_CHG_broad_SPEED25_T480__S045_R04,broad,0.2434723850998976
C100_V05_CHG_conservative_SPEED25_T480__S045_R04,conservative,0.8499417687580536
C100_V05_CHG_balanced_SPEED25_T480__S045_R05,balanced,0.0392479014058045
C100_V05_CHG_broad_SPEED25_T480__S045_R05,broad,0.0392479014058045
C100_V05_CHG_conservative_SPEED25_T480__S045_R05,conservative,1.3719080502438454
C100_V01_CHG_balanced_SPEED25_T480__S046_R01,balanced,0.3161439050651855
C100_V01_CHG_broad_SPEED25_T480__S046_R01,broad,0.3161439050651855
C100_V01_CHG_conservative_SPEED25_T480__S046_R01,conservative,1.1538363811611618
C100_V03_CHG_balanced_SPEED25_T480__S046_R01,balanced,0.3182088864870089
C100_V03_CHG_broad_SPEED25_T480__S046_R01,broad,0.3182088864870089
C100_V03_CHG_conservative_SPEED25_T480__S046_R01,conservative,1.1538363811611618
C100_V03_CHG_balanced_SPEED25_T480__S046_R02,balanced,0.3161439050651855
C100_V03_CHG_broad_SPEED25_T480__S046_R02,broad,0.3161439050651855
C100_V03_CHG_conservative_SPEED25_T480__S046_R02,conservative,2.0176113119605725
C100_V03_CHG_balanced_SPEED25_T480__S046_R03,balanced,0.384671252897496
C100_V03_CHG_broad_SPEED25_T480__S046_R03,broad,0.384671252897496
C100_V03_CHG_conservative_SPEED25_T480__S046_R03,conservative,1.6227371127480406
C100_V05_CHG_balanced_SPEED25_T480__S046_R01,balanced,0.8125657672274764
C100_V05_CHG_broad_SPEED25_T480__S046_R01,broad,0.8125657672274764
C100_V05_CHG_conservative_SPEED25_T480__S046_R01,conservative,2.4587969761750035
C100_V05_CHG_balanced_SPEED25_T480__S046_R02,balanced,0.3182088864870089
C100_V05_CHG_broad_SPEED25_T480__S046_R02,broad,0.3182088864870089
C100_V05_CHG_conservative_SPEED25_T480__S046_R02,conservative,1.1538363811611618
C100_V05_CHG_balanced_SPEED25_T480__S046_R03,balanced,0.3161439050651855
C100_V05_CHG_broad_SPEED25_T480__S046_R03,broad,0.3161439050651855
C100_V05_CHG_conservative_SPEED25_T480__S046_R03,conservative,1.6227371127480406
C100_V05_CHG_balanced_SPEED25_T480__S046_R04,balanced,0.4506741678737958
C100_V05_CHG_broad_SPEED25_T480__S046_R04,broad,0.4506741678737958
C100_V05_CHG_conservative_SPEED25_T480__S046_R04,conservative,2.0176113119605725
C100_V05_CHG_balanced_SPEED25_T480__S046_R05,balanced,0.5593851179840112
C100_V05_CHG_broad_SPEED25_T480__S046_R05,broad,0.5593851179840112
C100_V05_CHG_conservative_SPEED25_T480__S046_R05,conservative,1.4998864632355722
C100_V01_CHG_balanced_SPEED25_T480__S047_R01,balanced,0.2158599431520895
C100_V01_CHG_broad_SPEED25_T480__S047_R01,broad,0.2158599431520895
C100_V01_CHG_conservative_SPEED25_T480__S047_R01,conservative,1.12486485473042
C100_V03_CHG_balanced_SPEED25_T480__S047_R01,balanced,0.5233986431757027
C100_V03_CHG_broad_SPEED25_T480__S047_R01,broad,0.5233986431757027
C100_V03_CHG_conservative_SPEED25_T480__S047_R01,conservative,1.8062741910837812
C100_V03_CHG_balanced_SPEED25_T480__S047_R02,balanced,0.2158599431520895
C100_V03_CHG_broad_SPEED25_T480__S047_R02,broad,0.2158599431520895
C100_V03_CHG_conservative_SPEED25_T480__S047_R02,conservative,1.141778437550146
C100_V03_CHG_balanced_SPEED25_T480__S047_R03,balanced,0.2323180486160757
C100_V03_CHG_broad_SPEED25_T480__S047_R03,broad,0.2323180486160757
C100_V03_CHG_conservative_SPEED25_T480__S047_R03,conservative,1.12486485473042
C100_V05_CHG_balanced_SPEED25_T480__S047_R01,balanced,0.5233986431757027
C100_V05_CHG_broad_SPEED25_T480__S047_R01,broad,0.5233986431757027
C100_V05_CHG_conservative_SPEED25_T480__S047_R01,conservative,1.8062741910837812
C100_V05_CHG_balanced_SPEED25_T480__S047_R02,balanced,0.913430967854882
C100_V05_CHG_broad_SPEED25_T480__S047_R02,broad,0.913430967854882
C100_V05_CHG_conservative_SPEED25_T480__S047_R02,conservative,1.5260266874547863
C100_V05_CHG_balanced_SPEED25_T480__S047_R03,balanced,0.3467396415576266
C100_V05_CHG_broad_SPEED25_T480__S047_R03,broad,0.3467396415576266
C100_V05_CHG_conservative_SPEED25_T480__S047_R03,conservative,4.081429453562126
C100_V05_CHG_balanced_SPEED25_T480__S047_R04,balanced,0.2323180486160757
C100_V05_CHG_broad_SPEED25_T480__S047_R04,broad,0.2323180486160757
C100_V05_CHG_conservative_SPEED25_T480__S047_R04,conservative,1.12486485473042
C100_V05_CHG_balanced_SPEED25_T480__S047_R05,balanced,0.2158599431520895
C100_V05_CHG_broad_SPEED25_T480__S047_R05,broad,0.2158599431520895
C100_V05_CHG_conservative_SPEED25_T480__S047_R05,conservative,1.141778437550146
C100_V01_CHG_balanced_SPEED25_T480__S048_R01,balanced,0.3524827993649502
C100_V01_CHG_broad_SPEED25_T480__S048_R01,broad,0.3524827993649502
C100_V01_CHG_conservative_SPEED25_T480__S048_R01,conservative,1.349612756853435
C100_V03_CHG_balanced_SPEED25_T480__S048_R01,balanced,0.9611136682307276
C100_V03_CHG_broad_SPEED25_T480__S048_R01,broad,0.9611136682307276
C100_V03_CHG_conservative_SPEED25_T480__S048_R01,conservative,2.7716807166624617
C100_V03_CHG_balanced_SPEED25_T480__S048_R02,balanced,0.3524827993649502
C100_V03_CHG_broad_SPEED25_T480__S048_R02,broad,0.3524827993649502
C100_V03_CHG_conservative_SPEED25_T480__S048_R02,conservative,1.349612756853435
C100_V03_CHG_balanced_SPEED25_T480__S048_R03,balanced,0.6261295414332837
C100_V03_CHG_broad_SPEED25_T480__S048_R03,broad,0.6261295414332837
C100_V03_CHG_conservative_SPEED25_T480__S048_R03,conservative,2.7144931258663254
C100_V05_CHG_balanced_SPEED25_T480__S048_R01,balanced,0.3524827993649502
C100_V05_CHG_broad_SPEED25_T480__S048_R01,broad,0.3524827993649502
C100_V05_CHG_conservative_SPEED25_T480__S048_R01,conservative,5.0174604348353125
C100_V05_CHG_balanced_SPEED25_T480__S048_R02,balanced,0.6261295414332837
C100_V05_CHG_broad_SPEED25_T480__S048_R02,broad,0.6261295414332837
C100_V05_CHG_conservative_SPEED25_T480__S048_R02,conservative,2.7144931258663254
C100_V05_CHG_balanced_SPEED25_T480__S048_R03,balanced,0.9611136682307276
C100_V05_CHG_broad_SPEED25_T480__S048_R03,broad,0.9611136682307276
C100_V05_CHG_conservative_SPEED25_T480__S048_R03,conservative,3.862441268588202
C100_V05_CHG_balanced_SPEED25_T480__S048_R04,balanced,0.5248929339133741
C100_V05_CHG_broad_SPEED25_T480__S048_R04,broad,0.5248929339133741
C100_V05_CHG_conservative_SPEED25_T480__S048_R04,conservative,1.349612756853435
C100_V05_CHG_balanced_SPEED25_T480__S048_R05,balanced,1.0041561793510048
C100_V05_CHG_broad_SPEED25_T480__S048_R05,broad,1.0041561793510048
C100_V05_CHG_conservative_SPEED25_T480__S048_R05,conservative,2.7716807166624617
C100_V01_CHG_balanced_SPEED25_T480__S049_R01,balanced,0.1203956576248669
C100_V01_CHG_broad_SPEED25_T480__S049_R01,broad,0.1203956576248669
C100_V01_CHG_conservative_SPEED25_T480__S049_R01,conservative,0.2228367270939579
C100_V03_CHG_balanced_SPEED25_T480__S049_R01,balanced,0.1203956576248669
C100_V03_CHG_broad_SPEED25_T480__S049_R01,broad,0.1203956576248669
C100_V03_CHG_conservative_SPEED25_T480__S049_R01,conservative,0.8333532813244965
C100_V03_CHG_balanced_SPEED25_T480__S049_R02,balanced,0.2228367270939579
C100_V03_CHG_broad_SPEED25_T480__S049_R02,broad,0.2228367270939579
C100_V03_CHG_conservative_SPEED25_T480__S049_R02,conservative,0.2228367270939579
C100_V03_CHG_balanced_SPEED25_T480__S049_R03,balanced,0.5397235824669728
C100_V03_CHG_broad_SPEED25_T480__S049_R03,broad,0.5397235824669728
C100_V03_CHG_conservative_SPEED25_T480__S049_R03,conservative,2.9368458374423545
C100_V05_CHG_balanced_SPEED25_T480__S049_R01,balanced,0.2228367270939579
C100_V05_CHG_broad_SPEED25_T480__S049_R01,broad,0.2228367270939579
C100_V05_CHG_conservative_SPEED25_T480__S049_R01,conservative,0.2228367270939579
C100_V05_CHG_balanced_SPEED25_T480__S049_R02,balanced,0.8295443785523768
C100_V05_CHG_broad_SPEED25_T480__S049_R02,broad,0.8295443785523768
C100_V05_CHG_conservative_SPEED25_T480__S049_R02,conservative,0.8333532813244965
C100_V05_CHG_balanced_SPEED25_T480__S049_R03,balanced,0.1203956576248669
C100_V05_CHG_broad_SPEED25_T480__S049_R03,broad,0.1203956576248669
C100_V05_CHG_conservative_SPEED25_T480__S049_R03,conservative,4.584293476954357
C100_V05_CHG_balanced_SPEED25_T480__S049_R04,balanced,0.3958667529124097
C100_V05_CHG_broad_SPEED25_T480__S049_R04,broad,0.3958667529124097
C100_V05_CHG_conservative_SPEED25_T480__S049_R04,conservative,1.9231130490718165
C100_V05_CHG_balanced_SPEED25_T480__S049_R05,balanced,0.5397235824669728
C100_V05_CHG_broad_SPEED25_T480__S049_R05,broad,0.5397235824669728
C100_V05_CHG_conservative_SPEED25_T480__S049_R05,conservative,3.6434810738906194
C100_V01_CHG_balanced_SPEED25_T480__S050_R01,balanced,0.0483159320491876
C100_V01_CHG_broad_SPEED25_T480__S050_R01,broad,0.0483159320491876
C100_V01_CHG_conservative_SPEED25_T480__S050_R01,conservative,1.3211598461182166
C100_V03_CHG_balanced_SPEED25_T480__S050_R01,balanced,0.0483159320491876
C100_V03_CHG_broad_SPEED25_T480__S050_R01,broad,0.0483159320491876
C100_V03_CHG_conservative_SPEED25_T480__S050_R01,conservative,1.3211598461182166
C100_V03_CHG_balanced_SPEED25_T480__S050_R02,balanced,0.242900311107917
C100_V03_CHG_broad_SPEED25_T480__S050_R02,broad,0.242900311107917
C100_V03_CHG_conservative_SPEED25_T480__S050_R02,conservative,1.9538899617593295
C100_V03_CHG_balanced_SPEED25_T480__S050_R03,balanced,0.481759960720157
C100_V03_CHG_broad_SPEED25_T480__S050_R03,broad,0.481759960720157
C100_V03_CHG_conservative_SPEED25_T480__S050_R03,conservative,1.4503707949794875
C100_V05_CHG_balanced_SPEED25_T480__S050_R01,balanced,0.5185098529277135
C100_V05_CHG_broad_SPEED25_T480__S050_R01,broad,0.5185098529277135
C100_V05_CHG_conservative_SPEED25_T480__S050_R01,conservative,8.618586851111024
C100_V05_CHG_balanced_SPEED25_T480__S050_R02,balanced,0.481759960720157
C100_V05_CHG_broad_SPEED25_T480__S050_R02,broad,0.481759960720157
C100_V05_CHG_conservative_SPEED25_T480__S050_R02,conservative,1.4503707949794875
C100_V05_CHG_balanced_SPEED25_T480__S050_R03,balanced,0.242900311107917
C100_V05_CHG_broad_SPEED25_T480__S050_R03,broad,0.242900311107917
C100_V05_CHG_conservative_SPEED25_T480__S050_R03,conservative,1.9538899617593295
C100_V05_CHG_balanced_SPEED25_T480__S050_R04,balanced,0.3327784868776917
C100_V05_CHG_broad_SPEED25_T480__S050_R04,broad,0.3327784868776917
C100_V05_CHG_conservative_SPEED25_T480__S050_R04,conservative,5.396629605370836
C100_V05_CHG_balanced_SPEED25_T480__S050_R05,balanced,0.0483159320491876
C100_V05_CHG_broad_SPEED25_T480__S050_R05,broad,0.0483159320491876
C100_V05_CHG_conservative_SPEED25_T480__S050_R05,conservative,1.3211598461182166
C100_V01_CHG_balanced_SPEED25_T480__S051_R01,balanced,0.1914451839365981
C100_V01_CHG_broad_SPEED25_T480__S051_R01,broad,0.1914451839365981
C100_V01_CHG_conservative_SPEED25_T480__S051_R01,conservative,0.7118012713707473
C100_V03_CHG_balanced_SPEED25_T480__S051_R01,balanced,0.4436198606660707
C100_V03_CHG_broad_SPEED25_T480__S051_R01,broad,0.4436198606660707
C100_V03_CHG_conservative_SPEED25_T480__S051_R01,conservative,1.02166533975703
C100_V03_CHG_balanced_SPEED25_T480__S051_R02,balanced,0.5632371125637676
C100_V03_CHG_broad_SPEED25_T480__S051_R02,broad,0.5632371125637676
C100_V03_CHG_conservative_SPEED25_T480__S051_R02,conservative,1.7192049232199165
C100_V03_CHG_balanced_SPEED25_T480__S051_R03,balanced,0.1914451839365981
C100_V03_CHG_broad_SPEED25_T480__S051_R03,broad,0.1914451839365981
C100_V03_CHG_conservative_SPEED25_T480__S051_R03,conservative,0.7118012713707473
C100_V05_CHG_balanced_SPEED25_T480__S051_R01,balanced,0.2549325705087876
C100_V05_CHG_broad_SPEED25_T480__S051_R01,broad,0.2549325705087876
C100_V05_CHG_conservative_SPEED25_T480__S051_R01,conservative,0.7118012713707473
C100_V05_CHG_balanced_SPEED25_T480__S051_R02,balanced,0.5632371125637676
C100_V05_CHG_broad_SPEED25_T480__S051_R02,broad,0.5632371125637676
C100_V05_CHG_conservative_SPEED25_T480__S051_R02,conservative,3.0709785022805836
C100_V05_CHG_balanced_SPEED25_T480__S051_R03,balanced,0.4436198606660707
C100_V05_CHG_broad_SPEED25_T480__S051_R03,broad,0.4436198606660707
C100_V05_CHG_conservative_SPEED25_T480__S051_R03,conservative,1.1426221057921593
C100_V05_CHG_balanced_SPEED25_T480__S051_R04,balanced,0.1914451839365981
C100_V05_CHG_broad_SPEED25_T480__S051_R04,broad,0.1914451839365981
C100_V05_CHG_conservative_SPEED25_T480__S051_R04,conservative,1.1338928412125535
C100_V05_CHG_balanced_SPEED25_T480__S051_R05,balanced,0.6108606160202747
C100_V05_CHG_broad_SPEED25_T480__S051_R05,broad,0.6108606160202747
C100_V05_CHG_conservative_SPEED25_T480__S051_R05,conservative,1.7192049232199165
C100_V01_CHG_balanced_SPEED25_T480__S052_R01,balanced,0.0483159320491876
C100_V01_CHG_broad_SPEED25_T480__S052_R01,broad,0.0483159320491876
C100_V01_CHG_conservative_SPEED25_T480__S052_R01,conservative,1.1935635926001795
C100_V03_CHG_balanced_SPEED25_T480__S052_R01,balanced,0.1332367404289563
C100_V03_CHG_broad_SPEED25_T480__S052_R01,broad,0.1332367404289563
C100_V03_CHG_conservative_SPEED25_T480__S052_R01,conservative,1.2688574723533517
C100_V03_CHG_balanced_SPEED25_T480__S052_R02,balanced,0.1914451839365981
C100_V03_CHG_broad_SPEED25_T480__S052_R02,broad,0.1914451839365981
C100_V03_CHG_conservative_SPEED25_T480__S052_R02,conservative,2.0401181962659103
C100_V03_CHG_balanced_SPEED25_T480__S052_R03,balanced,0.0483159320491876
C100_V03_CHG_broad_SPEED25_T480__S052_R03,broad,0.0483159320491876
C100_V03_CHG_conservative_SPEED25_T480__S052_R03,conservative,1.1935635926001795
C100_V05_CHG_balanced_SPEED25_T480__S052_R01,balanced,0.1332367404289563
C100_V05_CHG_broad_SPEED25_T480__S052_R01,broad,0.1332367404289563
C100_V05_CHG_conservative_SPEED25_T480__S052_R01,conservative,1.5323079258038423
C100_V05_CHG_balanced_SPEED25_T480__S052_R02,balanced,0.0483159320491876
C100_V05_CHG_broad_SPEED25_T480__S052_R02,broad,0.0483159320491876
C100_V05_CHG_conservative_SPEED25_T480__S052_R02,conservative,2.3524936081424612
C100_V05_CHG_balanced_SPEED25_T480__S052_R03,balanced,0.5596719203990226
C100_V05_CHG_broad_SPEED25_T480__S052_R03,broad,0.5596719203990226
C100_V05_CHG_conservative_SPEED25_T480__S052_R03,conservative,1.1935635926001795
C100_V05_CHG_balanced_SPEED25_T480__S052_R04,balanced,1.0786941245244157
C100_V05_CHG_broad_SPEED25_T480__S052_R04,broad,1.0786941245244157
C100_V05_CHG_conservative_SPEED25_T480__S052_R04,conservative,1.2688574723533517
C100_V05_CHG_balanced_SPEED25_T480__S052_R05,balanced,0.1914451839365981
C100_V05_CHG_broad_SPEED25_T480__S052_R05,broad,0.1914451839365981
C100_V05_CHG_conservative_SPEED25_T480__S052_R05,conservative,2.0401181962659103
C100_V01_CHG_balanced_SPEED25_T480__S053_R01,balanced,0.3095444257874438
C100_V01_CHG_broad_SPEED25_T480__S053_R01,broad,0.3095444257874438
C100_V01_CHG_conservative_SPEED25_T480__S053_R01,conservative,1.0221964831604364
C100_V03_CHG_balanced_SPEED25_T480__S053_R01,balanced,0.3095444257874438
C100_V03_CHG_broad_SPEED25_T480__S053_R01,broad,0.3095444257874438
C100_V03_CHG_conservative_SPEED25_T480__S053_R01,conservative,1.57936301558929
C100_V03_CHG_balanced_SPEED25_T480__S053_R02,balanced,0.3741374350731756
C100_V03_CHG_broad_SPEED25_T480__S053_R02,broad,0.3741374350731756
C100_V03_CHG_conservative_SPEED25_T480__S053_R02,conservative,1.0221964831604364
C100_V03_CHG_balanced_SPEED25_T480__S053_R03,balanced,0.6424590213311492
C100_V03_CHG_broad_SPEED25_T480__S053_R03,broad,0.6424590213311492
C100_V03_CHG_conservative_SPEED25_T480__S053_R03,conservative,3.169567611418752
C100_V05_CHG_balanced_SPEED25_T480__S053_R01,balanced,0.3095444257874438
C100_V05_CHG_broad_SPEED25_T480__S053_R01,broad,0.3095444257874438
C100_V05_CHG_conservative_SPEED25_T480__S053_R01,conservative,1.57936301558929
C100_V05_CHG_balanced_SPEED25_T480__S053_R02,balanced,0.7465455570009907
C100_V05_CHG_broad_SPEED25_T480__S053_R02,broad,0.7465455570009907
C100_V05_CHG_conservative_SPEED25_T480__S053_R02,conservative,1.706403358614748
C100_V05_CHG_balanced_SPEED25_T480__S053_R03,balanced,0.4258739562534246
C100_V05_CHG_broad_SPEED25_T480__S053_R03,broad,0.4258739562534246
C100_V05_CHG_conservative_SPEED25_T480__S053_R03,conservative,2.689242976140375
C100_V05_CHG_balanced_SPEED25_T480__S053_R04,balanced,0.3327784868776917
C100_V05_CHG_broad_SPEED25_T480__S053_R04,broad,0.3327784868776917
C100_V05_CHG_conservative_SPEED25_T480__S053_R04,conservative,3.1985098963594174
C100_V05_CHG_balanced_SPEED25_T480__S053_R05,balanced,0.3741374350731756
C100_V05_CHG_broad_SPEED25_T480__S053_R05,broad,0.3741374350731756
C100_V05_CHG_conservative_SPEED25_T480__S053_R05,conservative,1.0221964831604364
C100_V01_CHG_balanced_SPEED25_T480__S054_R01,balanced,0.1937876201801339
C100_V01_CHG_broad_SPEED25_T480__S054_R01,broad,0.1937876201801339
C100_V01_CHG_conservative_SPEED25_T480__S054_R01,conservative,0.5369848461383968
C100_V03_CHG_balanced_SPEED25_T480__S054_R01,balanced,0.1937876201801339
C100_V03_CHG_broad_SPEED25_T480__S054_R01,broad,0.1937876201801339
C100_V03_CHG_conservative_SPEED25_T480__S054_R01,conservative,0.5369848461383968
C100_V03_CHG_balanced_SPEED25_T480__S054_R02,balanced,0.6964021125945277
C100_V03_CHG_broad_SPEED25_T480__S054_R02,broad,0.6964021125945277
C100_V03_CHG_conservative_SPEED25_T480__S054_R02,conservative,1.2797208578939834
C100_V03_CHG_balanced_SPEED25_T480__S054_R03,balanced,0.5342337231969928
C100_V03_CHG_broad_SPEED25_T480__S054_R03,broad,0.5342337231969928
C100_V03_CHG_conservative_SPEED25_T480__S054_R03,conservative,2.4916827668767896
C100_V05_CHG_balanced_SPEED25_T480__S054_R01,balanced,0.3387282788198634
C100_V05_CHG_broad_SPEED25_T480__S054_R01,broad,0.3387282788198634
C100_V05_CHG_conservative_SPEED25_T480__S054_R01,conservative,0.5369848461383968
C100_V05_CHG_balanced_SPEED25_T480__S054_R02,balanced,0.6964021125945277
C100_V05_CHG_broad_SPEED25_T480__S054_R02,broad,0.6964021125945277
C100_V05_CHG_conservative_SPEED25_T480__S054_R02,conservative,1.2797208578939834
C100_V05_CHG_balanced_SPEED25_T480__S054_R03,balanced,0.5342337231969928
C100_V05_CHG_broad_SPEED25_T480__S054_R03,broad,0.5342337231969928
C100_V05_CHG_conservative_SPEED25_T480__S054_R03,conservative,2.4916827668767896
C100_V05_CHG_balanced_SPEED25_T480__S054_R04,balanced,0.8805599958149071
C100_V05_CHG_broad_SPEED25_T480__S054_R04,broad,0.8805599958149071
C100_V05_CHG_conservative_SPEED25_T480__S054_R04,conservative,0.8805599958149071
C100_V05_CHG_balanced_SPEED25_T480__S054_R05,balanced,0.1937876201801339
C100_V05_CHG_broad_SPEED25_T480__S054_R05,broad,0.1937876201801339
C100_V05_CHG_conservative_SPEED25_T480__S054_R05,conservative,1.5260266874547863
C100_V01_CHG_balanced_SPEED25_T480__S055_R01,balanced,0.1205174945153862
C100_V01_CHG_broad_SPEED25_T480__S055_R01,broad,0.1205174945153862
C100_V01_CHG_conservative_SPEED25_T480__S055_R01,conservative,0.6422931882411255
C100_V03_CHG_balanced_SPEED25_T480__S055_R01,balanced,0.4745577807654347
C100_V03_CHG_broad_SPEED25_T480__S055_R01,broad,0.4745577807654347
C100_V03_CHG_conservative_SPEED25_T480__S055_R01,conservative,2.213788565339229
C100_V03_CHG_balanced_SPEED25_T480__S055_R02,balanced,0.1205174945153862
C100_V03_CHG_broad_SPEED25_T480__S055_R02,broad,0.1205174945153862
C100_V03_CHG_conservative_SPEED25_T480__S055_R02,conservative,0.6422931882411255
C100_V03_CHG_balanced_SPEED25_T480__S055_R03,balanced,0.4344521144412161
C100_V03_CHG_broad_SPEED25_T480__S055_R03,broad,0.4344521144412161
C100_V03_CHG_conservative_SPEED25_T480__S055_R03,conservative,1.290513921200985
C100_V05_CHG_balanced_SPEED25_T480__S055_R01,balanced,0.6546069998525089
C100_V05_CHG_broad_SPEED25_T480__S055_R01,broad,0.6546069998525089
C100_V05_CHG_conservative_SPEED25_T480__S055_R01,conservative,1.9231130490718165
C100_V05_CHG_balanced_SPEED25_T480__S055_R02,balanced,0.4344521144412161
C100_V05_CHG_broad_SPEED25_T480__S055_R02,broad,0.4344521144412161
C100_V05_CHG_conservative_SPEED25_T480__S055_R02,conservative,1.290513921200985
C100_V05_CHG_balanced_SPEED25_T480__S055_R03,balanced,0.8240006879950026
C100_V05_CHG_broad_SPEED25_T480__S055_R03,broad,0.8240006879950026
C100_V05_CHG_conservative_SPEED25_T480__S055_R03,conservative,1.0797569993054137
C100_V05_CHG_balanced_SPEED25_T480__S055_R04,balanced,0.4745577807654347
C100_V05_CHG_broad_SPEED25_T480__S055_R04,broad,0.4745577807654347
C100_V05_CHG_conservative_SPEED25_T480__S055_R04,conservative,2.8431919206864196
C100_V05_CHG_balanced_SPEED25_T480__S055_R05,balanced,0.1205174945153862
C100_V05_CHG_broad_SPEED25_T480__S055_R05,broad,0.1205174945153862
C100_V05_CHG_conservative_SPEED25_T480__S055_R05,conservative,0.6422931882411255
C100_V01_CHG_balanced_SPEED25_T480__S056_R01,balanced,0.0483159320491876
C100_V01_CHG_broad_SPEED25_T480__S056_R01,broad,0.0483159320491876
C100_V01_CHG_conservative_SPEED25_T480__S056_R01,conservative,0.8843902021192169
C100_V03_CHG_balanced_SPEED25_T480__S056_R01,balanced,0.1942476858261919
C100_V03_CHG_broad_SPEED25_T480__S056_R01,broad,0.1942476858261919
C100_V03_CHG_conservative_SPEED25_T480__S056_R01,conservative,1.7626527549931366
C100_V03_CHG_balanced_SPEED25_T480__S056_R02,balanced,0.1375179190825469
C100_V03_CHG_broad_SPEED25_T480__S056_R02,broad,0.1375179190825469
C100_V03_CHG_conservative_SPEED25_T480__S056_R02,conservative,0.8843902021192169
C100_V03_CHG_balanced_SPEED25_T480__S056_R03,balanced,0.0483159320491876
C100_V03_CHG_broad_SPEED25_T480__S056_R03,broad,0.0483159320491876
C100_V03_CHG_conservative_SPEED25_T480__S056_R03,conservative,2.4587969761750035
C100_V05_CHG_balanced_SPEED25_T480__S056_R01,balanced,0.1942476858261919
C100_V05_CHG_broad_SPEED25_T480__S056_R01,broad,0.1942476858261919
C100_V05_CHG_conservative_SPEED25_T480__S056_R01,conservative,2.0176113119605725
C100_V05_CHG_balanced_SPEED25_T480__S056_R02,balanced,0.0483159320491876
C100_V05_CHG_broad_SPEED25_T480__S056_R02,broad,0.0483159320491876
C100_V05_CHG_conservative_SPEED25_T480__S056_R02,conservative,2.4587969761750035
C100_V05_CHG_balanced_SPEED25_T480__S056_R03,balanced,0.1375179190825469
C100_V05_CHG_broad_SPEED25_T480__S056_R03,broad,0.1375179190825469
C100_V05_CHG_conservative_SPEED25_T480__S056_R03,conservative,1.2688574723533517
C100_V05_CHG_balanced_SPEED25_T480__S056_R04,balanced,0.6408758240893346
C100_V05_CHG_broad_SPEED25_T480__S056_R04,broad,0.6408758240893346
C100_V05_CHG_conservative_SPEED25_T480__S056_R04,conservative,1.7626527549931366
C100_V05_CHG_balanced_SPEED25_T480__S056_R05,balanced,0.3095165368663343
C100_V05_CHG_broad_SPEED25_T480__S056_R05,broad,0.3095165368663343
C100_V05_CHG_conservative_SPEED25_T480__S056_R05,conservative,0.8843902021192169
C100_V01_CHG_balanced_SPEED25_T480__S057_R01,balanced,0.2228367270939579
C100_V01_CHG_broad_SPEED25_T480__S057_R01,broad,0.2228367270939579
C100_V01_CHG_conservative_SPEED25_T480__S057_R01,conservative,0.2228367270939579
C100_V03_CHG_balanced_SPEED25_T480__S057_R01,balanced,0.2228367270939579
C100_V03_CHG_broad_SPEED25_T480__S057_R01,broad,0.2228367270939579
C100_V03_CHG_conservative_SPEED25_T480__S057_R01,conservative,0.2228367270939579
C100_V03_CHG_balanced_SPEED25_T480__S057_R02,balanced,0.7253143483704185
C100_V03_CHG_broad_SPEED25_T480__S057_R02,broad,0.7253143483704185
C100_V03_CHG_conservative_SPEED25_T480__S057_R02,conservative,2.563344596409249
C100_V03_CHG_balanced_SPEED25_T480__S057_R03,balanced,0.683588403351511
C100_V03_CHG_broad_SPEED25_T480__S057_R03,broad,0.683588403351511
C100_V03_CHG_conservative_SPEED25_T480__S057_R03,conservative,4.193206513394772
C100_V05_CHG_balanced_SPEED25_T480__S057_R01,balanced,0.683588403351511
C100_V05_CHG_broad_SPEED25_T480__S057_R01,broad,0.683588403351511
C100_V05_CHG_conservative_SPEED25_T480__S057_R01,conservative,4.193206513394772
C100_V05_CHG_balanced_SPEED25_T480__S057_R02,balanced,0.2228367270939579
C100_V05_CHG_broad_SPEED25_T480__S057_R02,broad,0.2228367270939579
C100_V05_CHG_conservative_SPEED25_T480__S057_R02,conservative,0.2228367270939579
C100_V05_CHG_balanced_SPEED25_T480__S057_R03,balanced,0.7312861431050205
C100_V05_CHG_broad_SPEED25_T480__S057_R03,broad,0.7312861431050205
C100_V05_CHG_conservative_SPEED25_T480__S057_R03,conservative,4.013243105514762
C100_V05_CHG_balanced_SPEED25_T480__S057_R04,balanced,0.789959094777744
C100_V05_CHG_broad_SPEED25_T480__S057_R04,broad,0.789959094777744
C100_V05_CHG_conservative_SPEED25_T480__S057_R04,conservative,2.563344596409249
C100_V05_CHG_balanced_SPEED25_T480__S057_R05,balanced,0.7253143483704185
C100_V05_CHG_broad_SPEED25_T480__S057_R05,broad,0.7253143483704185
C100_V05_CHG_conservative_SPEED25_T480__S057_R05,conservative,4.52143456503097
C100_V01_CHG_balanced_SPEED25_T480__S058_R01,balanced,0.1942476858261919
C100_V01_CHG_broad_SPEED25_T480__S058_R01,broad,0.1942476858261919
C100_V01_CHG_conservative_SPEED25_T480__S058_R01,conservative,0.447251808477923
C100_V03_CHG_balanced_SPEED25_T480__S058_R01,balanced,0.242900311107917
C100_V03_CHG_broad_SPEED25_T480__S058_R01,broad,0.242900311107917
C100_V03_CHG_conservative_SPEED25_T480__S058_R01,conservative,0.447251808477923
C100_V03_CHG_balanced_SPEED25_T480__S058_R02,balanced,0.1942476858261919
C100_V03_CHG_broad_SPEED25_T480__S058_R02,broad,0.1942476858261919
C100_V03_CHG_conservative_SPEED25_T480__S058_R02,conservative,2.0176113119605725
C100_V03_CHG_balanced_SPEED25_T480__S058_R03,balanced,0.384671252897496
C100_V03_CHG_broad_SPEED25_T480__S058_R03,broad,0.384671252897496
C100_V03_CHG_conservative_SPEED25_T480__S058_R03,conservative,1.02166533975703
C100_V05_CHG_balanced_SPEED25_T480__S058_R01,balanced,0.4402417533874605
C100_V05_CHG_broad_SPEED25_T480__S058_R01,broad,0.4402417533874605
C100_V05_CHG_conservative_SPEED25_T480__S058_R01,conservative,1.0857732938993452
C100_V05_CHG_balanced_SPEED25_T480__S058_R02,balanced,0.242900311107917
C100_V05_CHG_broad_SPEED25_T480__S058_R02,broad,0.242900311107917
C100_V05_CHG_conservative_SPEED25_T480__S058_R02,conservative,0.447251808477923
C100_V05_CHG_balanced_SPEED25_T480__S058_R03,balanced,0.384671252897496
C100_V05_CHG_broad_SPEED25_T480__S058_R03,broad,0.384671252897496
C100_V05_CHG_conservative_SPEED25_T480__S058_R03,conservative,1.02166533975703
C100_V05_CHG_balanced_SPEED25_T480__S058_R04,balanced,0.1942476858261919
C100_V05_CHG_broad_SPEED25_T480__S058_R04,broad,0.1942476858261919
C100_V05_CHG_conservative_SPEED25_T480__S058_R04,conservative,2.0176113119605725
C100_V05_CHG_balanced_SPEED25_T480__S058_R05,balanced,0.8299311390910735
C100_V05_CHG_broad_SPEED25_T480__S058_R05,broad,0.8299311390910735
C100_V05_CHG_conservative_SPEED25_T480__S058_R05,conservative,3.997484443603043
C100_V01_CHG_balanced_SPEED25_T480__S059_R01,balanced,0.0060152038704629
C100_V01_CHG_broad_SPEED25_T480__S059_R01,broad,0.0060152038704629
C100_V01_CHG_conservative_SPEED25_T480__S059_R01,conservative,0.920192127816793
C100_V03_CHG_balanced_SPEED25_T480__S059_R01,balanced,0.3310735946490938
C100_V03_CHG_broad_SPEED25_T480__S059_R01,broad,0.3310735946490938
C100_V03_CHG_conservative_SPEED25_T480__S059_R01,conservative,1.7444076342411805
C100_V03_CHG_balanced_SPEED25_T480__S059_R02,balanced,0.0060152038704629
C100_V03_CHG_broad_SPEED25_T480__S059_R02,broad,0.0060152038704629
C100_V03_CHG_conservative_SPEED25_T480__S059_R02,conservative,0.920192127816793
C100_V03_CHG_balanced_SPEED25_T480__S059_R03,balanced,0.6297567137890631
C100_V03_CHG_broad_SPEED25_T480__S059_R03,broad,0.6297567137890631
C100_V03_CHG_conservative_SPEED25_T480__S059_R03,conservative,1.8972558993289184
C100_V05_CHG_balanced_SPEED25_T480__S059_R01,balanced,0.2969982515671892
C100_V05_CHG_broad_SPEED25_T480__S059_R01,broad,0.2969982515671892
C100_V05_CHG_conservative_SPEED25_T480__S059_R01,conservative,1.1338928412125535
C100_V05_CHG_balanced_SPEED25_T480__S059_R02,balanced,0.3310735946490938
C100_V05_CHG_broad_SPEED25_T480__S059_R02,broad,0.3310735946490938
C100_V05_CHG_conservative_SPEED25_T480__S059_R02,conservative,1.7444076342411805
C100_V05_CHG_balanced_SPEED25_T480__S059_R03,balanced,0.8571169897426061
C100_V05_CHG_broad_SPEED25_T480__S059_R03,broad,0.8571169897426061
C100_V05_CHG_conservative_SPEED25_T480__S059_R03,conservative,1.8972558993289184
C100_V05_CHG_balanced_SPEED25_T480__S059_R04,balanced,0.0060152038704629
C100_V05_CHG_broad_SPEED25_T480__S059_R04,broad,0.0060152038704629
C100_V05_CHG_conservative_SPEED25_T480__S059_R04,conservative,0.920192127816793
C100_V05_CHG_balanced_SPEED25_T480__S059_R05,balanced,0.6297567137890631
C100_V05_CHG_broad_SPEED25_T480__S059_R05,broad,0.6297567137890631
C100_V05_CHG_conservative_SPEED25_T480__S059_R05,conservative,5.173189692297421
C100_V01_CHG_balanced_SPEED25_T480__S060_R01,balanced,0.4333138116754587
C100_V01_CHG_broad_SPEED25_T480__S060_R01,broad,0.4333138116754587
C100_V01_CHG_conservative_SPEED25_T480__S060_R01,conservative,1.837284919761596
C100_V03_CHG_balanced_SPEED25_T480__S060_R01,balanced,0.7312861431050205
C100_V03_CHG_broad_SPEED25_T480__S060_R01,broad,0.7312861431050205
C100_V03_CHG_conservative_SPEED25_T480__S060_R01,conservative,1.837284919761596
C100_V03_CHG_balanced_SPEED25_T480__S060_R02,balanced,0.4333138116754587
C100_V03_CHG_broad_SPEED25_T480__S060_R02,broad,0.4333138116754587
C100_V03_CHG_conservative_SPEED25_T480__S060_R02,conservative,3.2955434738604645
C100_V03_CHG_balanced_SPEED25_T480__S060_R03,balanced,0.5342337231969928
C100_V03_CHG_broad_SPEED25_T480__S060_R03,broad,0.5342337231969928
C100_V03_CHG_conservative_SPEED25_T480__S060_R03,conservative,2.213788565339229
C100_V05_CHG_balanced_SPEED25_T480__S060_R01,balanced,0.6546069998525089
C100_V05_CHG_broad_SPEED25_T480__S060_R01,broad,0.6546069998525089
C100_V05_CHG_conservative_SPEED25_T480__S060_R01,conservative,1.837284919761596
C100_V05_CHG_balanced_SPEED25_T480__S060_R02,balanced,0.4333138116754587
C100_V05_CHG_broad_SPEED25_T480__S060_R02,broad,0.4333138116754587
C100_V05_CHG_conservative_SPEED25_T480__S060_R02,conservative,3.2955434738604645
C100_V05_CHG_balanced_SPEED25_T480__S060_R03,balanced,0.5510499559498614
C100_V05_CHG_broad_SPEED25_T480__S060_R03,broad,0.5510499559498614
C100_V05_CHG_conservative_SPEED25_T480__S060_R03,conservative,2.853250633177077
C100_V05_CHG_balanced_SPEED25_T480__S060_R04,balanced,0.5342337231969928
C100_V05_CHG_broad_SPEED25_T480__S060_R04,broad,0.5342337231969928
C100_V05_CHG_conservative_SPEED25_T480__S060_R04,conservative,3.997484443603043
C100_V05_CHG_balanced_SPEED25_T480__S060_R05,balanced,0.7312861431050205
C100_V05_CHG_broad_SPEED25_T480__S060_R05,broad,0.7312861431050205
C100_V05_CHG_conservative_SPEED25_T480__S060_R05,conservative,2.4892791016545166
C100_V01_CHG_balanced_SPEED25_T480__S061_R01,balanced,0.334011955846269
C100_V01_CHG_broad_SPEED25_T480__S061_R01,broad,0.334011955846269
C100_V01_CHG_conservative_SPEED25_T480__S061_R01,conservative,0.8856917799590596
C100_V03_CHG_balanced_SPEED25_T480__S061_R01,balanced,0.481759960720157
C100_V03_CHG_broad_SPEED25_T480__S061_R01,broad,0.481759960720157
C100_V03_CHG_conservative_SPEED25_T480__S061_R01,conservative,3.775436036036093
C100_V03_CHG_balanced_SPEED25_T480__S061_R02,balanced,0.334011955846269
C100_V03_CHG_broad_SPEED25_T480__S061_R02,broad,0.334011955846269
C100_V03_CHG_conservative_SPEED25_T480__S061_R02,conservative,1.4998864632355722
C100_V03_CHG_balanced_SPEED25_T480__S061_R03,balanced,0.5330063202320975
C100_V03_CHG_broad_SPEED25_T480__S061_R03,broad,0.5330063202320975
C100_V03_CHG_conservative_SPEED25_T480__S061_R03,conservative,0.8856917799590596
C100_V05_CHG_balanced_SPEED25_T480__S061_R01,balanced,0.5330063202320975
C100_V05_CHG_broad_SPEED25_T480__S061_R01,broad,0.5330063202320975
C100_V05_CHG_conservative_SPEED25_T480__S061_R01,conservative,0.8856917799590596
C100_V05_CHG_balanced_SPEED25_T480__S061_R02,balanced,0.5593851179840112
C100_V05_CHG_broad_SPEED25_T480__S061_R02,broad,0.5593851179840112
C100_V05_CHG_conservative_SPEED25_T480__S061_R02,conservative,1.4998864632355722
C100_V05_CHG_balanced_SPEED25_T480__S061_R03,balanced,0.334011955846269
C100_V05_CHG_broad_SPEED25_T480__S061_R03,broad,0.334011955846269
C100_V05_CHG_conservative_SPEED25_T480__S061_R03,conservative,6.58464512314508
C100_V05_CHG_balanced_SPEED25_T480__S061_R04,balanced,0.481759960720157
C100_V05_CHG_broad_SPEED25_T480__S061_R04,broad,0.481759960720157
C100_V05_CHG_conservative_SPEED25_T480__S061_R04,conservative,4.581680144052455
C100_V05_CHG_balanced_SPEED25_T480__S061_R05,balanced,0.982766208463432
C100_V05_CHG_broad_SPEED25_T480__S061_R05,broad,0.982766208463432
C100_V05_CHG_conservative_SPEED25_T480__S061_R05,conservative,3.4899978867887658
C100_V01_CHG_balanced_SPEED25_T480__S062_R01,balanced,0.2228367270939579
C100_V01_CHG_broad_SPEED25_T480__S062_R01,broad,0.2228367270939579
C100_V01_CHG_conservative_SPEED25_T480__S062_R01,conservative,0.2228367270939579
C100_V03_CHG_balanced_SPEED25_T480__S062_R01,balanced,0.2272191655279347
C100_V03_CHG_broad_SPEED25_T480__S062_R01,broad,0.2272191655279347
C100_V03_CHG_conservative_SPEED25_T480__S062_R01,conservative,1.625574032061888
C100_V03_CHG_balanced_SPEED25_T480__S062_R02,balanced,0.3668493381505627
C100_V03_CHG_broad_SPEED25_T480__S062_R02,broad,0.3668493381505627
C100_V03_CHG_conservative_SPEED25_T480__S062_R02,conservative,1.974008208769259
C100_V03_CHG_balanced_SPEED25_T480__S062_R03,balanced,0.2228367270939579
C100_V03_CHG_broad_SPEED25_T480__S062_R03,broad,0.2228367270939579
C100_V03_CHG_conservative_SPEED25_T480__S062_R03,conservative,0.2228367270939579
C100_V05_CHG_balanced_SPEED25_T480__S062_R01,balanced,0.2272191655279347
C100_V05_CHG_broad_SPEED25_T480__S062_R01,broad,0.2272191655279347
C100_V05_CHG_conservative_SPEED25_T480__S062_R01,conservative,1.625574032061888
C100_V05_CHG_balanced_SPEED25_T480__S062_R02,balanced,0.2228367270939579
C100_V05_CHG_broad_SPEED25_T480__S062_R02,broad,0.2228367270939579
C100_V05_CHG_conservative_SPEED25_T480__S062_R02,conservative,0.2228367270939579
C100_V05_CHG_balanced_SPEED25_T480__S062_R03,balanced,0.3668493381505627
C100_V05_CHG_broad_SPEED25_T480__S062_R03,broad,0.3668493381505627
C100_V05_CHG_conservative_SPEED25_T480__S062_R03,conservative,1.974008208769259
C100_V05_CHG_balanced_SPEED25_T480__S062_R04,balanced,0.5556054300275177
C100_V05_CHG_broad_SPEED25_T480__S062_R04,broad,0.5556054300275177
C100_V05_CHG_conservative_SPEED25_T480__S062_R04,conservative,1.7626527549931366
C100_V05_CHG_balanced_SPEED25_T480__S062_R05,balanced,0.9884729166256844
C100_V05_CHG_broad_SPEED25_T480__S062_R05,broad,0.9884729166256844
C100_V05_CHG_conservative_SPEED25_T480__S062_R05,conservative,4.7518722638556
C100_V01_CHG_balanced_SPEED25_T480__S063_R01,balanced,0.0216287773213833
C100_V01_CHG_broad_SPEED25_T480__S063_R01,broad,0.0216287773213833
C100_V01_CHG_conservative_SPEED25_T480__S063_R01,conservative,1.605237762605532
C100_V03_CHG_balanced_SPEED25_T480__S063_R01,balanced,0.6067652744613237
C100_V03_CHG_broad_SPEED25_T480__S063_R01,broad,0.6067652744613237
C100_V03_CHG_conservative_SPEED25_T480__S063_R01,conservative,1.605237762605532
C100_V03_CHG_balanced_SPEED25_T480__S063_R02,balanced,0.0216287773213833
C100_V03_CHG_broad_SPEED25_T480__S063_R02,broad,0.0216287773213833
C100_V03_CHG_conservative_SPEED25_T480__S063_R02,conservative,2.1363411673269637
C100_V03_CHG_balanced_SPEED25_T480__S063_R03,balanced,0.5006194935976195
C100_V03_CHG_broad_SPEED25_T480__S063_R03,broad,0.5006194935976195
C100_V03_CHG_conservative_SPEED25_T480__S063_R03,conservative,2.0169503080563747
C100_V05_CHG_balanced_SPEED25_T480__S063_R01,balanced,0.481759960720157
C100_V05_CHG_broad_SPEED25_T480__S063_R01,broad,0.481759960720157
C100_V05_CHG_conservative_SPEED25_T480__S063_R01,conservative,2.1363411673269637
C100_V05_CHG_balanced_SPEED25_T480__S063_R02,balanced,0.6067652744613237
C100_V05_CHG_broad_SPEED25_T480__S063_R02,broad,0.6067652744613237
C100_V05_CHG_conservative_SPEED25_T480__S063_R02,conservative,3.997484443603043
C100_V05_CHG_balanced_SPEED25_T480__S063_R03,balanced,0.0216287773213833
C100_V05_CHG_broad_SPEED25_T480__S063_R03,broad,0.0216287773213833
C100_V05_CHG_conservative_SPEED25_T480__S063_R03,conservative,2.0169503080563747
C100_V05_CHG_balanced_SPEED25_T480__S063_R04,balanced,0.7233400761488744
C100_V05_CHG_broad_SPEED25_T480__S063_R04,broad,0.7233400761488744
C100_V05_CHG_conservative_SPEED25_T480__S063_R04,conservative,1.605237762605532
C100_V05_CHG_balanced_SPEED25_T480__S063_R05,balanced,0.5006194935976195
C100_V05_CHG_broad_SPEED25_T480__S063_R05,broad,0.5006194935976195
C100_V05_CHG_conservative_SPEED25_T480__S063_R05,conservative,3.192927814423239
C100_V01_CHG_balanced_SPEED25_T480__S064_R01,balanced,0.2216677516033497
C100_V01_CHG_broad_SPEED25_T480__S064_R01,broad,0.2216677516033497
C100_V01_CHG_conservative_SPEED25_T480__S064_R01,conservative,1.4191620699984266
C100_V03_CHG_balanced_SPEED25_T480__S064_R01,balanced,0.321466683688224
C100_V03_CHG_broad_SPEED25_T480__S064_R01,broad,0.321466683688224
C100_V03_CHG_conservative_SPEED25_T480__S064_R01,conservative,2.036213538448112
C100_V03_CHG_balanced_SPEED25_T480__S064_R02,balanced,0.2948121370146688
C100_V03_CHG_broad_SPEED25_T480__S064_R02,broad,0.2948121370146688
C100_V03_CHG_conservative_SPEED25_T480__S064_R02,conservative,1.5067330994489925
C100_V03_CHG_balanced_SPEED25_T480__S064_R03,balanced,0.2216677516033497
C100_V03_CHG_broad_SPEED25_T480__S064_R03,broad,0.2216677516033497
C100_V03_CHG_conservative_SPEED25_T480__S064_R03,conservative,1.4191620699984266
C100_V05_CHG_balanced_SPEED25_T480__S064_R01,balanced,0.2948121370146688
C100_V05_CHG_broad_SPEED25_T480__S064_R01,broad,0.2948121370146688
C100_V05_CHG_conservative_SPEED25_T480__S064_R01,conservative,1.5067330994489925
C100_V05_CHG_balanced_SPEED25_T480__S064_R02,balanced,0.321466683688224
C100_V05_CHG_broad_SPEED25_T480__S064_R02,broad,0.321466683688224
C100_V05_CHG_conservative_SPEED25_T480__S064_R02,conservative,2.036213538448112
C100_V05_CHG_balanced_SPEED25_T480__S064_R03,balanced,0.9520750566076752
C100_V05_CHG_broad_SPEED25_T480__S064_R03,broad,0.9520750566076752
C100_V05_CHG_conservative_SPEED25_T480__S064_R03,conservative,1.4191620699984266
C100_V05_CHG_balanced_SPEED25_T480__S064_R04,balanced,0.4184622392458773
C100_V05_CHG_broad_SPEED25_T480__S064_R04,broad,0.4184622392458773
C100_V05_CHG_conservative_SPEED25_T480__S064_R04,conservative,3.713129154687637
C100_V05_CHG_balanced_SPEED25_T480__S064_R05,balanced,0.2216677516033497
C100_V05_CHG_broad_SPEED25_T480__S064_R05,broad,0.2216677516033497
C100_V05_CHG_conservative_SPEED25_T480__S064_R05,conservative,2.426931800372312
C100_V01_CHG_balanced_SPEED25_T480__S065_R01,balanced,0.1217276985426093
C100_V01_CHG_broad_SPEED25_T480__S065_R01,broad,0.1217276985426093
C100_V01_CHG_conservative_SPEED25_T480__S065_R01,conservative,1.5596133083643726
C100_V03_CHG_balanced_SPEED25_T480__S065_R01,balanced,0.1217276985426093
C100_V03_CHG_broad_SPEED25_T480__S065_R01,broad,0.1217276985426093
C100_V03_CHG_conservative_SPEED25_T480__S065_R01,conservative,1.5596133083643726
C100_V03_CHG_balanced_SPEED25_T480__S065_R02,balanced,1.070661421235612
C100_V03_CHG_broad_SPEED25_T480__S065_R02,broad,1.070661421235612
C100_V03_CHG_conservative_SPEED25_T480__S065_R02,conservative,1.619289957033354
C100_V03_CHG_balanced_SPEED25_T480__S065_R03,balanced,0.7233400761488744
C100_V03_CHG_broad_SPEED25_T480__S065_R03,broad,0.7233400761488744
C100_V03_CHG_conservative_SPEED25_T480__S065_R03,conservative,2.8706899516888384
C100_V05_CHG_balanced_SPEED25_T480__S065_R01,balanced,1.222783284741636
C100_V05_CHG_broad_SPEED25_T480__S065_R01,broad,1.222783284741636
C100_V05_CHG_conservative_SPEED25_T480__S065_R01,conservative,1.619289957033354
C100_V05_CHG_balanced_SPEED25_T480__S065_R02,balanced,1.2357468172964374
C100_V05_CHG_broad_SPEED25_T480__S065_R02,broad,1.2357468172964374
C100_V05_CHG_conservative_SPEED25_T480__S065_R02,conservative,4.43830901292859
C100_V05_CHG_balanced_SPEED25_T480__S065_R03,balanced,0.1217276985426093
C100_V05_CHG_broad_SPEED25_T480__S065_R03,broad,0.1217276985426093
C100_V05_CHG_conservative_SPEED25_T480__S065_R03,conservative,1.5596133083643726
C100_V05_CHG_balanced_SPEED25_T480__S065_R04,balanced,0.7233400761488744
C100_V05_CHG_broad_SPEED25_T480__S065_R04,broad,0.7233400761488744
C100_V05_CHG_conservative_SPEED25_T480__S065_R04,conservative,2.8706899516888384
C100_V05_CHG_balanced_SPEED25_T480__S065_R05,balanced,0.4462940168429167
C100_V05_CHG_broad_SPEED25_T480__S065_R05,broad,0.4462940168429167
C100_V05_CHG_conservative_SPEED25_T480__S065_R05,conservative,2.0050759036237222
C100_V01_CHG_balanced_SPEED25_T480__S066_R01,balanced,0.1435596088566212
C100_V01_CHG_broad_SPEED25_T480__S066_R01,broad,0.1435596088566212
C100_V01_CHG_conservative_SPEED25_T480__S066_R01,conservative,0.2765531767877906
C100_V03_CHG_balanced_SPEED25_T480__S066_R01,balanced,0.1435596088566212
C100_V03_CHG_broad_SPEED25_T480__S066_R01,broad,0.1435596088566212
C100_V03_CHG_conservative_SPEED25_T480__S066_R01,conservative,0.2765531767877906
C100_V03_CHG_balanced_SPEED25_T480__S066_R02,balanced,0.7233400761488744
C100_V03_CHG_broad_SPEED25_T480__S066_R02,broad,0.7233400761488744
C100_V03_CHG_conservative_SPEED25_T480__S066_R02,conservative,1.9538899617593295
C100_V03_CHG_balanced_SPEED25_T480__S066_R03,balanced,0.1799737568066109
C100_V03_CHG_broad_SPEED25_T480__S066_R03,broad,0.1799737568066109
C100_V03_CHG_conservative_SPEED25_T480__S066_R03,conservative,0.3172615793668937
C100_V05_CHG_balanced_SPEED25_T480__S066_R01,balanced,0.1799737568066109
C100_V05_CHG_broad_SPEED25_T480__S066_R01,broad,0.1799737568066109
C100_V05_CHG_conservative_SPEED25_T480__S066_R01,conservative,0.3172615793668937
C100_V05_CHG_balanced_SPEED25_T480__S066_R02,balanced,0.7494854107165067
C100_V05_CHG_broad_SPEED25_T480__S066_R02,broad,0.7494854107165067
C100_V05_CHG_conservative_SPEED25_T480__S066_R02,conservative,1.9538899617593295
C100_V05_CHG_balanced_SPEED25_T480__S066_R03,balanced,0.7233400761488744
C100_V05_CHG_broad_SPEED25_T480__S066_R03,broad,0.7233400761488744
C100_V05_CHG_conservative_SPEED25_T480__S066_R03,conservative,2.3125185614100294
C100_V05_CHG_balanced_SPEED25_T480__S066_R04,balanced,0.1435596088566212
C100_V05_CHG_broad_SPEED25_T480__S066_R04,broad,0.1435596088566212
C100_V05_CHG_conservative_SPEED25_T480__S066_R04,conservative,0.2765531767877906
C100_V05_CHG_balanced_SPEED25_T480__S066_R05,balanced,0.6601071518432476
C100_V05_CHG_broad_SPEED25_T480__S066_R05,broad,0.6601071518432476
C100_V05_CHG_conservative_SPEED25_T480__S066_R05,conservative,2.034856051308807
C100_V01_CHG_balanced_SPEED25_T480__S067_R01,balanced,0.143648371358786
C100_V01_CHG_broad_SPEED25_T480__S067_R01,broad,0.143648371358786
C100_V01_CHG_conservative_SPEED25_T480__S067_R01,conservative,0.8556303223726603
C100_V03_CHG_balanced_SPEED25_T480__S067_R01,balanced,0.4946534320905008
C100_V03_CHG_broad_SPEED25_T480__S067_R01,broad,0.4946534320905008
C100_V03_CHG_conservative_SPEED25_T480__S067_R01,conservative,0.8805599958149071
C100_V03_CHG_balanced_SPEED25_T480__S067_R02,balanced,0.143648371358786
C100_V03_CHG_broad_SPEED25_T480__S067_R02,broad,0.143648371358786
C100_V03_CHG_conservative_SPEED25_T480__S067_R02,conservative,0.8556303223726603
C100_V03_CHG_balanced_SPEED25_T480__S067_R03,balanced,0.2299345189479514
C100_V03_CHG_broad_SPEED25_T480__S067_R03,broad,0.2299345189479514
C100_V03_CHG_conservative_SPEED25_T480__S067_R03,conservative,1.1538363811611618
C100_V05_CHG_balanced_SPEED25_T480__S067_R01,balanced,0.6408758240893346
C100_V05_CHG_broad_SPEED25_T480__S067_R01,broad,0.6408758240893346
C100_V05_CHG_conservative_SPEED25_T480__S067_R01,conservative,3.288435912949529
C100_V05_CHG_balanced_SPEED25_T480__S067_R02,balanced,0.2299345189479514
C100_V05_CHG_broad_SPEED25_T480__S067_R02,broad,0.2299345189479514
C100_V05_CHG_conservative_SPEED25_T480__S067_R02,conservative,1.1538363811611618
C100_V05_CHG_balanced_SPEED25_T480__S067_R03,balanced,0.143648371358786
C100_V05_CHG_broad_SPEED25_T480__S067_R03,broad,0.143648371358786
C100_V05_CHG_conservative_SPEED25_T480__S067_R03,conservative,0.8556303223726603
C100_V05_CHG_balanced_SPEED25_T480__S067_R04,balanced,0.4946534320905008
C100_V05_CHG_broad_SPEED25_T480__S067_R04,broad,0.4946534320905008
C100_V05_CHG_conservative_SPEED25_T480__S067_R04,conservative,0.8805599958149071
C100_V05_CHG_balanced_SPEED25_T480__S067_R05,balanced,0.7451558019539394
C100_V05_CHG_broad_SPEED25_T480__S067_R05,broad,0.7451558019539394
C100_V05_CHG_conservative_SPEED25_T480__S067_R05,conservative,3.363792556381309
C100_V01_CHG_balanced_SPEED25_T480__S068_R01,balanced,0.1203956576248669
C100_V01_CHG_broad_SPEED25_T480__S068_R01,broad,0.1203956576248669
C100_V01_CHG_conservative_SPEED25_T480__S068_R01,conservative,0.8587959115861339
C100_V03_CHG_balanced_SPEED25_T480__S068_R01,balanced,0.1676430017568601
C100_V03_CHG_broad_SPEED25_T480__S068_R01,broad,0.1676430017568601
C100_V03_CHG_conservative_SPEED25_T480__S068_R01,conservative,1.0602971844716234
C100_V03_CHG_balanced_SPEED25_T480__S068_R02,balanced,0.5420494971617016
C100_V03_CHG_broad_SPEED25_T480__S068_R02,broad,0.5420494971617016
C100_V03_CHG_conservative_SPEED25_T480__S068_R02,conservative,0.8587959115861339
C100_V03_CHG_balanced_SPEED25_T480__S068_R03,balanced,0.1203956576248669
C100_V03_CHG_broad_SPEED25_T480__S068_R03,broad,0.1203956576248669
C100_V03_CHG_conservative_SPEED25_T480__S068_R03,conservative,1.1426221057921593
C100_V05_CHG_balanced_SPEED25_T480__S068_R01,balanced,0.8431827599152443
C100_V05_CHG_broad_SPEED25_T480__S068_R01,broad,0.8431827599152443
C100_V05_CHG_conservative_SPEED25_T480__S068_R01,conservative,1.1426221057921593
C100_V05_CHG_balanced_SPEED25_T480__S068_R02,balanced,0.1676430017568601
C100_V05_CHG_broad_SPEED25_T480__S068_R02,broad,0.1676430017568601
C100_V05_CHG_conservative_SPEED25_T480__S068_R02,conservative,1.0602971844716234
C100_V05_CHG_balanced_SPEED25_T480__S068_R03,balanced,0.6303362132293057
C100_V05_CHG_broad_SPEED25_T480__S068_R03,broad,0.6303362132293057
C100_V05_CHG_conservative_SPEED25_T480__S068_R03,conservative,2.145498533559058
C100_V05_CHG_balanced_SPEED25_T480__S068_R04,balanced,0.4462940168429167
C100_V05_CHG_broad_SPEED25_T480__S068_R04,broad,0.4462940168429167
C100_V05_CHG_conservative_SPEED25_T480__S068_R04,conservative,0.8587959115861339
C100_V05_CHG_balanced_SPEED25_T480__S068_R05,balanced,0.1203956576248669
C100_V05_CHG_broad_SPEED25_T480__S068_R05,broad,0.1203956576248669
C100_V05_CHG_conservative_SPEED25_T480__S068_R05,conservative,5.637864029748102
C100_V01_CHG_balanced_SPEED25_T480__S069_R01,balanced,0.2338761643392324
C100_V01_CHG_broad_SPEED25_T480__S069_R01,broad,0.2338761643392324
C100_V01_CHG_conservative_SPEED25_T480__S069_R01,conservative,0.7497702484514608
C100_V03_CHG_balanced_SPEED25_T480__S069_R01,balanced,0.2338761643392324
C100_V03_CHG_broad_SPEED25_T480__S069_R01,broad,0.2338761643392324
C100_V03_CHG_conservative_SPEED25_T480__S069_R01,conservative,3.692029940809648
C100_V03_CHG_balanced_SPEED25_T480__S069_R02,balanced,0.7459682120426457
C100_V03_CHG_broad_SPEED25_T480__S069_R02,broad,0.7459682120426457
C100_V03_CHG_conservative_SPEED25_T480__S069_R02,conservative,0.7497702484514608
C100_V03_CHG_balanced_SPEED25_T480__S069_R03,balanced,0.6954792233498176
C100_V03_CHG_broad_SPEED25_T480__S069_R03,broad,0.6954792233498176
C100_V03_CHG_conservative_SPEED25_T480__S069_R03,conservative,2.8431919206864196
C100_V05_CHG_balanced_SPEED25_T480__S069_R01,balanced,0.6954792233498176
C100_V05_CHG_broad_SPEED25_T480__S069_R01,broad,0.6954792233498176
C100_V05_CHG_conservative_SPEED25_T480__S069_R01,conservative,2.8431919206864196
C100_V05_CHG_balanced_SPEED25_T480__S069_R02,balanced,1.0861681768158895
C100_V05_CHG_broad_SPEED25_T480__S069_R02,broad,1.0861681768158895
C100_V05_CHG_conservative_SPEED25_T480__S069_R02,conservative,3.997484443603043
C100_V05_CHG_balanced_SPEED25_T480__S069_R03,balanced,0.863139362395718
C100_V05_CHG_broad_SPEED25_T480__S069_R03,broad,0.863139362395718
C100_V05_CHG_conservative_SPEED25_T480__S069_R03,conservative,2.2908032592980305
C100_V05_CHG_balanced_SPEED25_T480__S069_R04,balanced,0.7459682120426457
C100_V05_CHG_broad_SPEED25_T480__S069_R04,broad,0.7459682120426457
C100_V05_CHG_conservative_SPEED25_T480__S069_R04,conservative,0.7497702484514608
C100_V05_CHG_balanced_SPEED25_T480__S069_R05,balanced,0.2338761643392324
C100_V05_CHG_broad_SPEED25_T480__S069_R05,broad,0.2338761643392324
C100_V05_CHG_conservative_SPEED25_T480__S069_R05,conservative,3.692029940809648
C100_V01_CHG_balanced_SPEED25_T480__S070_R01,balanced,0.2192674928385306
C100_V01_CHG_broad_SPEED25_T480__S070_R01,broad,0.2192674928385306
C100_V01_CHG_conservative_SPEED25_T480__S070_R01,conservative,0.9114269108146787
C100_V03_CHG_balanced_SPEED25_T480__S070_R01,balanced,0.2192674928385306
C100_V03_CHG_broad_SPEED25_T480__S070_R01,broad,0.2192674928385306
C100_V03_CHG_conservative_SPEED25_T480__S070_R01,conservative,0.9114269108146787
C100_V03_CHG_balanced_SPEED25_T480__S070_R02,balanced,0.545734714965538
C100_V03_CHG_broad_SPEED25_T480__S070_R02,broad,0.545734714965538
C100_V03_CHG_conservative_SPEED25_T480__S070_R02,conservative,3.997484443603043
C100_V03_CHG_balanced_SPEED25_T480__S070_R03,balanced,0.5507834815355915
C100_V03_CHG_broad_SPEED25_T480__S070_R03,broad,0.5507834815355915
C100_V03_CHG_conservative_SPEED25_T480__S070_R03,conservative,2.0138948611629597
C100_V05_CHG_balanced_SPEED25_T480__S070_R01,balanced,0.5507834815355915
C100_V05_CHG_broad_SPEED25_T480__S070_R01,broad,0.5507834815355915
C100_V05_CHG_conservative_SPEED25_T480__S070_R01,conservative,2.0138948611629597
C100_V05_CHG_balanced_SPEED25_T480__S070_R02,balanced,0.545734714965538
C100_V05_CHG_broad_SPEED25_T480__S070_R02,broad,0.545734714965538
C100_V05_CHG_conservative_SPEED25_T480__S070_R02,conservative,3.0710085865209176
C100_V05_CHG_balanced_SPEED25_T480__S070_R03,balanced,0.5259337793961292
C100_V05_CHG_broad_SPEED25_T480__S070_R03,broad,0.5259337793961292
C100_V05_CHG_conservative_SPEED25_T480__S070_R03,conservative,1.6227371127480406
C100_V05_CHG_balanced_SPEED25_T480__S070_R04,balanced,0.6980576888344763
C100_V05_CHG_broad_SPEED25_T480__S070_R04,broad,0.6980576888344763
C100_V05_CHG_conservative_SPEED25_T480__S070_R04,conservative,3.997484443603043
C100_V05_CHG_balanced_SPEED25_T480__S070_R05,balanced,0.2192674928385306
C100_V05_CHG_broad_SPEED25_T480__S070_R05,broad,0.2192674928385306
C100_V05_CHG_conservative_SPEED25_T480__S070_R05,conservative,0.9114269108146787
C100_V01_CHG_balanced_SPEED25_T480__S071_R01,balanced,0.143648371358786
C100_V01_CHG_broad_SPEED25_T480__S071_R01,broad,0.143648371358786
C100_V01_CHG_conservative_SPEED25_T480__S071_R01,conservative,0.7744312172826395
C100_V03_CHG_balanced_SPEED25_T480__S071_R01,balanced,0.143648371358786
C100_V03_CHG_broad_SPEED25_T480__S071_R01,broad,0.143648371358786
C100_V03_CHG_conservative_SPEED25_T480__S071_R01,conservative,0.7744312172826395
C100_V03_CHG_balanced_SPEED25_T480__S071_R02,balanced,0.7490175033459585
C100_V03_CHG_broad_SPEED25_T480__S071_R02,broad,0.7490175033459585
C100_V03_CHG_conservative_SPEED25_T480__S071_R02,conservative,1.75562402756784
C100_V03_CHG_balanced_SPEED25_T480__S071_R03,balanced,0.4048598251110846
C100_V03_CHG_broad_SPEED25_T480__S071_R03,broad,0.4048598251110846
C100_V03_CHG_conservative_SPEED25_T480__S071_R03,conservative,2.0618977710230206
C100_V05_CHG_balanced_SPEED25_T480__S071_R01,balanced,0.143648371358786
C100_V05_CHG_broad_SPEED25_T480__S071_R01,broad,0.143648371358786
C100_V05_CHG_conservative_SPEED25_T480__S071_R01,conservative,0.7744312172826395
C100_V05_CHG_balanced_SPEED25_T480__S071_R02,balanced,0.7490175033459585
C100_V05_CHG_broad_SPEED25_T480__S071_R02,broad,0.7490175033459585
C100_V05_CHG_conservative_SPEED25_T480__S071_R02,conservative,2.226786471936972
C100_V05_CHG_balanced_SPEED25_T480__S071_R03,balanced,0.480132024659015
C100_V05_CHG_broad_SPEED25_T480__S071_R03,broad,0.480132024659015
C100_V05_CHG_conservative_SPEED25_T480__S071_R03,conservative,2.0618977710230206
C100_V05_CHG_balanced_SPEED25_T480__S071_R04,balanced,1.2237869624615492
C100_V05_CHG_broad_SPEED25_T480__S071_R04,broad,1.2237869624615492
C100_V05_CHG_conservative_SPEED25_T480__S071_R04,conservative,1.75562402756784
C100_V05_CHG_balanced_SPEED25_T480__S071_R05,balanced,0.4048598251110846
C100_V05_CHG_broad_SPEED25_T480__S071_R05,broad,0.4048598251110846
C100_V05_CHG_conservative_SPEED25_T480__S071_R05,conservative,3.303422311776097
C100_V01_CHG_balanced_SPEED25_T480__S072_R01,balanced,0.1799737568066109
C100_V01_CHG_broad_SPEED25_T480__S072_R01,broad,0.1799737568066109
C100_V01_CHG_conservative_SPEED25_T480__S072_R01,conservative,1.5927996488698914
C100_V03_CHG_balanced_SPEED25_T480__S072_R01,balanced,0.5185132308029476
C100_V03_CHG_broad_SPEED25_T480__S072_R01,broad,0.5185132308029476
C100_V03_CHG_conservative_SPEED25_T480__S072_R01,conservative,2.4916827668767896
C100_V03_CHG_balanced_SPEED25_T480__S072_R02,balanced,0.4704747753907738
C100_V03_CHG_broad_SPEED25_T480__S072_R02,broad,0.4704747753907738
C100_V03_CHG_conservative_SPEED25_T480__S072_R02,conservative,1.81703709347506
C100_V03_CHG_balanced_SPEED25_T480__S072_R03,balanced,0.1799737568066109
C100_V03_CHG_broad_SPEED25_T480__S072_R03,broad,0.1799737568066109
C100_V03_CHG_conservative_SPEED25_T480__S072_R03,conservative,1.5927996488698914
C100_V05_CHG_balanced_SPEED25_T480__S072_R01,balanced,0.545734714965538
C100_V05_CHG_broad_SPEED25_T480__S072_R01,broad,0.545734714965538
C100_V05_CHG_conservative_SPEED25_T480__S072_R01,conservative,3.8590622303399384
C100_V05_CHG_balanced_SPEED25_T480__S072_R02,balanced,1.3501865797413446
C100_V05_CHG_broad_SPEED25_T480__S072_R02,broad,1.3501865797413446
C100_V05_CHG_conservative_SPEED25_T480__S072_R02,conservative,1.5927996488698914
C100_V05_CHG_balanced_SPEED25_T480__S072_R03,balanced,0.5185132308029476
C100_V05_CHG_broad_SPEED25_T480__S072_R03,broad,0.5185132308029476
C100_V05_CHG_conservative_SPEED25_T480__S072_R03,conservative,2.4916827668767896
C100_V05_CHG_balanced_SPEED25_T480__S072_R04,balanced,0.4704747753907738
C100_V05_CHG_broad_SPEED25_T480__S072_R04,broad,0.4704747753907738
C100_V05_CHG_conservative_SPEED25_T480__S072_R04,conservative,1.81703709347506
C100_V05_CHG_balanced_SPEED25_T480__S072_R05,balanced,0.1799737568066109
C100_V05_CHG_broad_SPEED25_T480__S072_R05,broad,0.1799737568066109
C100_V05_CHG_conservative_SPEED25_T480__S072_R05,conservative,2.0618977710230206
C100_V01_CHG_balanced_SPEED25_T480__S073_R01,balanced,0.321466683688224
C100_V01_CHG_broad_SPEED25_T480__S073_R01,broad,0.321466683688224
C100_V01_CHG_conservative_SPEED25_T480__S073_R01,conservative,0.6902761488131473
C100_V03_CHG_balanced_SPEED25_T480__S073_R01,balanced,0.8843902021192169
C100_V03_CHG_broad_SPEED25_T480__S073_R01,broad,0.8843902021192169
C100_V03_CHG_conservative_SPEED25_T480__S073_R01,conservative,0.8843902021192169
C100_V03_CHG_balanced_SPEED25_T480__S073_R02,balanced,0.321466683688224
C100_V03_CHG_broad_SPEED25_T480__S073_R02,broad,0.321466683688224
C100_V03_CHG_conservative_SPEED25_T480__S073_R02,conservative,0.881852916849742
C100_V03_CHG_balanced_SPEED25_T480__S073_R03,balanced,0.425439561541791
C100_V03_CHG_broad_SPEED25_T480__S073_R03,broad,0.425439561541791
C100_V03_CHG_conservative_SPEED25_T480__S073_R03,conservative,0.6902761488131473
C100_V05_CHG_balanced_SPEED25_T480__S073_R01,balanced,0.7631037502898645
C100_V05_CHG_broad_SPEED25_T480__S073_R01,broad,0.7631037502898645
C100_V05_CHG_conservative_SPEED25_T480__S073_R01,conservative,3.997484443603043
C100_V05_CHG_balanced_SPEED25_T480__S073_R02,balanced,0.425439561541791
C100_V05_CHG_broad_SPEED25_T480__S073_R02,broad,0.425439561541791
C100_V05_CHG_conservative_SPEED25_T480__S073_R02,conservative,0.6902761488131473
C100_V05_CHG_balanced_SPEED25_T480__S073_R03,balanced,0.8843902021192169
C100_V05_CHG_broad_SPEED25_T480__S073_R03,broad,0.8843902021192169
C100_V05_CHG_conservative_SPEED25_T480__S073_R03,conservative,0.8843902021192169
C100_V05_CHG_balanced_SPEED25_T480__S073_R04,balanced,0.321466683688224
C100_V05_CHG_broad_SPEED25_T480__S073_R04,broad,0.321466683688224
C100_V05_CHG_conservative_SPEED25_T480__S073_R04,conservative,0.881852916849742
C100_V05_CHG_balanced_SPEED25_T480__S073_R05,balanced,0.5401353150469207
C100_V05_CHG_broad_SPEED25_T480__S073_R05,broad,0.5401353150469207
C100_V05_CHG_conservative_SPEED25_T480__S073_R05,conservative,1.5596133083643726
C100_V01_CHG_balanced_SPEED25_T480__S074_R01,balanced,0.3112939003844855
C100_V01_CHG_broad_SPEED25_T480__S074_R01,broad,0.3112939003844855
C100_V01_CHG_conservative_SPEED25_T480__S074_R01,conservative,0.3961059242955773
C100_V03_CHG_balanced_SPEED25_T480__S074_R01,balanced,0.3673941246133084
C100_V03_CHG_broad_SPEED25_T480__S074_R01,broad,0.3673941246133084
C100_V03_CHG_conservative_SPEED25_T480__S074_R01,conservative,0.3961059242955773
C100_V03_CHG_balanced_SPEED25_T480__S074_R02,balanced,0.6000693256858559
C100_V03_CHG_broad_SPEED25_T480__S074_R02,broad,0.6000693256858559
C100_V03_CHG_conservative_SPEED25_T480__S074_R02,conservative,0.7993199897309775
C100_V03_CHG_balanced_SPEED25_T480__S074_R03,balanced,0.3112939003844855
C100_V03_CHG_broad_SPEED25_T480__S074_R03,broad,0.3112939003844855
C100_V03_CHG_conservative_SPEED25_T480__S074_R03,conservative,1.657914984769841
C100_V05_CHG_balanced_SPEED25_T480__S074_R01,balanced,0.6785044178310672
C100_V05_CHG_broad_SPEED25_T480__S074_R01,broad,0.6785044178310672
C100_V05_CHG_conservative_SPEED25_T480__S074_R01,conservative,3.895365466986561
C100_V05_CHG_balanced_SPEED25_T480__S074_R02,balanced,0.3673941246133084
C100_V05_CHG_broad_SPEED25_T480__S074_R02,broad,0.3673941246133084
C100_V05_CHG_conservative_SPEED25_T480__S074_R02,conservative,0.3961059242955773
C100_V05_CHG_balanced_SPEED25_T480__S074_R03,balanced,0.3112939003844855
C100_V05_CHG_broad_SPEED25_T480__S074_R03,broad,0.3112939003844855
C100_V05_CHG_conservative_SPEED25_T480__S074_R03,conservative,1.657914984769841
C100_V05_CHG_balanced_SPEED25_T480__S074_R04,balanced,0.5770640933510969
C100_V05_CHG_broad_SPEED25_T480__S074_R04,broad,0.5770640933510969
C100_V05_CHG_conservative_SPEED25_T480__S074_R04,conservative,0.7993199897309775
C100_V05_CHG_balanced_SPEED25_T480__S074_R05,balanced,0.425439561541791
C100_V05_CHG_broad_SPEED25_T480__S074_R05,broad,0.425439561541791
C100_V05_CHG_conservative_SPEED25_T480__S074_R05,conservative,0.8805599958149071
C100_V01_CHG_balanced_SPEED25_T480__S075_R01,balanced,0.1799737568066109
C100_V01_CHG_broad_SPEED25_T480__S075_R01,broad,0.1799737568066109
C100_V01_CHG_conservative_SPEED25_T480__S075_R01,conservative,0.8333532813244965
C100_V03_CHG_balanced_SPEED25_T480__S075_R01,balanced,0.1799737568066109
C100_V03_CHG_broad_SPEED25_T480__S075_R01,broad,0.1799737568066109
C100_V03_CHG_conservative_SPEED25_T480__S075_R01,conservative,0.9114269108146787
C100_V03_CHG_balanced_SPEED25_T480__S075_R02,balanced,0.7233400761488744
C100_V03_CHG_broad_SPEED25_T480__S075_R02,broad,0.7233400761488744
C100_V03_CHG_conservative_SPEED25_T480__S075_R02,conservative,0.8333532813244965
C100_V03_CHG_balanced_SPEED25_T480__S075_R03,balanced,0.5230472046845327
C100_V03_CHG_broad_SPEED25_T480__S075_R03,broad,0.5230472046845327
C100_V03_CHG_conservative_SPEED25_T480__S075_R03,conservative,1.7230341301259269
C100_V05_CHG_balanced_SPEED25_T480__S075_R01,balanced,0.9114269108146787
C100_V05_CHG_broad_SPEED25_T480__S075_R01,broad,0.9114269108146787
C100_V05_CHG_conservative_SPEED25_T480__S075_R01,conservative,0.9114269108146787
C100_V05_CHG_balanced_SPEED25_T480__S075_R02,balanced,0.7233400761488744
C100_V05_CHG_broad_SPEED25_T480__S075_R02,broad,0.7233400761488744
C100_V05_CHG_conservative_SPEED25_T480__S075_R02,conservative,0.8333532813244965
C100_V05_CHG_balanced_SPEED25_T480__S075_R03,balanced,0.1799737568066109
C100_V05_CHG_broad_SPEED25_T480__S075_R03,broad,0.1799737568066109
C100_V05_CHG_conservative_SPEED25_T480__S075_R03,conservative,2.0797652730898433
C100_V05_CHG_balanced_SPEED25_T480__S075_R04,balanced,0.5230472046845327
C100_V05_CHG_broad_SPEED25_T480__S075_R04,broad,0.5230472046845327
C100_V05_CHG_conservative_SPEED25_T480__S075_R04,conservative,2.28999337406605
C100_V05_CHG_balanced_SPEED25_T480__S075_R05,balanced,0.384671252897496
C100_V05_CHG_broad_SPEED25_T480__S075_R05,broad,0.384671252897496
C100_V05_CHG_conservative_SPEED25_T480__S075_R05,conservative,1.7230341301259269
C100_V01_CHG_balanced_SPEED25_T480__S076_R01,balanced,0.3095444257874438
C100_V01_CHG_broad_SPEED25_T480__S076_R01,broad,0.3095444257874438
C100_V01_CHG_conservative_SPEED25_T480__S076_R01,conservative,1.349612756853435
C100_V03_CHG_balanced_SPEED25_T480__S076_R01,balanced,0.6067652744613237
C100_V03_CHG_broad_SPEED25_T480__S076_R01,broad,0.6067652744613237
C100_V03_CHG_conservative_SPEED25_T480__S076_R01,conservative,1.349612756853435
C100_V03_CHG_balanced_SPEED25_T480__S076_R02,balanced,0.5844478664835479
C100_V03_CHG_broad_SPEED25_T480__S076_R02,broad,0.5844478664835479
C100_V03_CHG_conservative_SPEED25_T480__S076_R02,conservative,1.7626527549931366
C100_V03_CHG_balanced_SPEED25_T480__S076_R03,balanced,0.3095444257874438
C100_V03_CHG_broad_SPEED25_T480__S076_R03,broad,0.3095444257874438
C100_V03_CHG_conservative_SPEED25_T480__S076_R03,conservative,2.145498533559058
C100_V05_CHG_balanced_SPEED25_T480__S076_R01,balanced,0.5844478664835479
C100_V05_CHG_broad_SPEED25_T480__S076_R01,broad,0.5844478664835479
C100_V05_CHG_conservative_SPEED25_T480__S076_R01,conservative,1.7626527549931366
C100_V05_CHG_balanced_SPEED25_T480__S076_R02,balanced,1.0394554573057202
C100_V05_CHG_broad_SPEED25_T480__S076_R02,broad,1.0394554573057202
C100_V05_CHG_conservative_SPEED25_T480__S076_R02,conservative,1.349612756853435
C100_V05_CHG_balanced_SPEED25_T480__S076_R03,balanced,0.6954792233498176
C100_V05_CHG_broad_SPEED25_T480__S076_R03,broad,0.6954792233498176
C100_V05_CHG_conservative_SPEED25_T480__S076_R03,conservative,2.145498533559058
C100_V05_CHG_balanced_SPEED25_T480__S076_R04,balanced,0.3095444257874438
C100_V05_CHG_broad_SPEED25_T480__S076_R04,broad,0.3095444257874438
C100_V05_CHG_conservative_SPEED25_T480__S076_R04,conservative,2.125977745804314
C100_V05_CHG_balanced_SPEED25_T480__S076_R05,balanced,0.6067652744613237
C100_V05_CHG_broad_SPEED25_T480__S076_R05,broad,0.6067652744613237
C100_V05_CHG_conservative_SPEED25_T480__S076_R05,conservative,2.6173243725279978
C100_V01_CHG_balanced_SPEED25_T480__S077_R01,balanced,0.2192674928385306
C100_V01_CHG_broad_SPEED25_T480__S077_R01,broad,0.2192674928385306
C100_V01_CHG_conservative_SPEED25_T480__S077_R01,conservative,0.7744312172826395
C100_V03_CHG_balanced_SPEED25_T480__S077_R01,balanced,0.3321198909328922
C100_V03_CHG_broad_SPEED25_T480__S077_R01,broad,0.3321198909328922
C100_V03_CHG_conservative_SPEED25_T480__S077_R01,conservative,0.997845491158442
C100_V03_CHG_balanced_SPEED25_T480__S077_R02,balanced,0.6458545548976456
C100_V03_CHG_broad_SPEED25_T480__S077_R02,broad,0.6458545548976456
C100_V03_CHG_conservative_SPEED25_T480__S077_R02,conservative,0.7744312172826395
C100_V03_CHG_balanced_SPEED25_T480__S077_R03,balanced,0.2192674928385306
C100_V03_CHG_broad_SPEED25_T480__S077_R03,broad,0.2192674928385306
C100_V03_CHG_conservative_SPEED25_T480__S077_R03,conservative,0.9114269108146787
C100_V05_CHG_balanced_SPEED25_T480__S077_R01,balanced,0.6458545548976456
C100_V05_CHG_broad_SPEED25_T480__S077_R01,broad,0.6458545548976456
C100_V05_CHG_conservative_SPEED25_T480__S077_R01,conservative,0.7744312172826395
C100_V05_CHG_balanced_SPEED25_T480__S077_R02,balanced,0.334011955846269
C100_V05_CHG_broad_SPEED25_T480__S077_R02,broad,0.334011955846269
C100_V05_CHG_conservative_SPEED25_T480__S077_R02,conservative,3.9138375809136736
C100_V05_CHG_balanced_SPEED25_T480__S077_R03,balanced,0.9395454248832492
C100_V05_CHG_broad_SPEED25_T480__S077_R03,broad,0.9395454248832492
C100_V05_CHG_conservative_SPEED25_T480__S077_R03,conservative,0.999341014950298
C100_V05_CHG_balanced_SPEED25_T480__S077_R04,balanced,0.3321198909328922
C100_V05_CHG_broad_SPEED25_T480__S077_R04,broad,0.3321198909328922
C100_V05_CHG_conservative_SPEED25_T480__S077_R04,conservative,0.997845491158442
C100_V05_CHG_balanced_SPEED25_T480__S077_R05,balanced,0.2192674928385306
C100_V05_CHG_broad_SPEED25_T480__S077_R05,broad,0.2192674928385306
C100_V05_CHG_conservative_SPEED25_T480__S077_R05,conservative,0.9114269108146787
C100_V01_CHG_balanced_SPEED25_T480__S078_R01,balanced,0.0483159320491876
C100_V01_CHG_broad_SPEED25_T480__S078_R01,broad,0.0483159320491876
C100_V01_CHG_conservative_SPEED25_T480__S078_R01,conservative,0.8587959115861339
C100_V03_CHG_balanced_SPEED25_T480__S078_R01,balanced,0.0483159320491876
C100_V03_CHG_broad_SPEED25_T480__S078_R01,broad,0.0483159320491876
C100_V03_CHG_conservative_SPEED25_T480__S078_R01,conservative,0.8587959115861339
C100_V03_CHG_balanced_SPEED25_T480__S078_R02,balanced,0.1436760699498543
C100_V03_CHG_broad_SPEED25_T480__S078_R02,broad,0.1436760699498543
C100_V03_CHG_conservative_SPEED25_T480__S078_R02,conservative,4.331457785424819
C100_V03_CHG_balanced_SPEED25_T480__S078_R03,balanced,0.5185098529277135
C100_V03_CHG_broad_SPEED25_T480__S078_R03,broad,0.5185098529277135
C100_V03_CHG_conservative_SPEED25_T480__S078_R03,conservative,1.130317674904478
C100_V05_CHG_balanced_SPEED25_T480__S078_R01,balanced,0.3387282788198634
C100_V05_CHG_broad_SPEED25_T480__S078_R01,broad,0.3387282788198634
C100_V05_CHG_conservative_SPEED25_T480__S078_R01,conservative,5.04314065794493
C100_V05_CHG_balanced_SPEED25_T480__S078_R02,balanced,0.1436760699498543
C100_V05_CHG_broad_SPEED25_T480__S078_R02,broad,0.1436760699498543
C100_V05_CHG_conservative_SPEED25_T480__S078_R02,conservative,4.331457785424819
C100_V05_CHG_balanced_SPEED25_T480__S078_R03,balanced,0.0483159320491876
C100_V05_CHG_broad_SPEED25_T480__S078_R03,broad,0.0483159320491876
C100_V05_CHG_conservative_SPEED25_T480__S078_R03,conservative,1.5596133083643726
C100_V05_CHG_balanced_SPEED25_T480__S078_R04,balanced,0.5420494971617016
C100_V05_CHG_broad_SPEED25_T480__S078_R04,broad,0.5420494971617016
C100_V05_CHG_conservative_SPEED25_T480__S078_R04,conservative,0.8587959115861339
C100_V05_CHG_balanced_SPEED25_T480__S078_R05,balanced,0.6554844771986755
C100_V05_CHG_broad_SPEED25_T480__S078_R05,broad,0.6554844771986755
C100_V05_CHG_conservative_SPEED25_T480__S078_R05,conservative,1.130317674904478
C100_V01_CHG_balanced_SPEED25_T480__S079_R01,balanced,0.2323180486160757
C100_V01_CHG_broad_SPEED25_T480__S079_R01,broad,0.2323180486160757
C100_V01_CHG_conservative_SPEED25_T480__S079_R01,conservative,0.6656261533087624
C100_V03_CHG_balanced_SPEED25_T480__S079_R01,balanced,0.718055570126278
C100_V03_CHG_broad_SPEED25_T480__S079_R01,broad,0.718055570126278
C100_V03_CHG_conservative_SPEED25_T480__S079_R01,conservative,1.9699687391354936
C100_V03_CHG_balanced_SPEED25_T480__S079_R02,balanced,0.2323180486160757
C100_V03_CHG_broad_SPEED25_T480__S079_R02,broad,0.2323180486160757
C100_V03_CHG_conservative_SPEED25_T480__S079_R02,conservative,0.6656261533087624
C100_V03_CHG_balanced_SPEED25_T480__S079_R03,balanced,0.6964021125945277
C100_V03_CHG_broad_SPEED25_T480__S079_R03,broad,0.6964021125945277
C100_V03_CHG_conservative_SPEED25_T480__S079_R03,conservative,1.0221964831604364
C100_V05_CHG_balanced_SPEED25_T480__S079_R01,balanced,0.6964021125945277
C100_V05_CHG_broad_SPEED25_T480__S079_R01,broad,0.6964021125945277
C100_V05_CHG_conservative_SPEED25_T480__S079_R01,conservative,1.0221964831604364
C100_V05_CHG_balanced_SPEED25_T480__S079_R02,balanced,0.2323180486160757
C100_V05_CHG_broad_SPEED25_T480__S079_R02,broad,0.2323180486160757
C100_V05_CHG_conservative_SPEED25_T480__S079_R02,conservative,0.6656261533087624
C100_V05_CHG_balanced_SPEED25_T480__S079_R03,balanced,0.3317519896648957
C100_V05_CHG_broad_SPEED25_T480__S079_R03,broad,0.3317519896648957
C100_V05_CHG_conservative_SPEED25_T480__S079_R03,conservative,1.6020886601610558
C100_V05_CHG_balanced_SPEED25_T480__S079_R04,balanced,1.1330590780962788
C100_V05_CHG_broad_SPEED25_T480__S079_R04,broad,1.1330590780962788
C100_V05_CHG_conservative_SPEED25_T480__S079_R04,conservative,4.295361319536734
C100_V05_CHG_balanced_SPEED25_T480__S079_R05,balanced,0.7651303590580667
C100_V05_CHG_broad_SPEED25_T480__S079_R05,broad,0.7651303590580667
C100_V05_CHG_conservative_SPEED25_T480__S079_R05,conservative,5.459435905080584
C100_V01_CHG_balanced_SPEED25_T480__S080_R01,balanced,0.1352104639503605
C100_V01_CHG_broad_SPEED25_T480__S080_R01,broad,0.1352104639503605
C100_V01_CHG_conservative_SPEED25_T480__S080_R01,conservative,1.025308725912932
C100_V03_CHG_balanced_SPEED25_T480__S080_R01,balanced,0.5765034955525952
C100_V03_CHG_broad_SPEED25_T480__S080_R01,broad,0.5765034955525952
C100_V03_CHG_conservative_SPEED25_T480__S080_R01,conservative,3.5748655701705836
C100_V03_CHG_balanced_SPEED25_T480__S080_R02,balanced,0.1352104639503605
C100_V03_CHG_broad_SPEED25_T480__S080_R02,broad,0.1352104639503605
C100_V03_CHG_conservative_SPEED25_T480__S080_R02,conservative,1.025308725912932
C100_V03_CHG_balanced_SPEED25_T480__S080_R03,balanced,0.4344521144412161
C100_V03_CHG_broad_SPEED25_T480__S080_R03,broad,0.4344521144412161
C100_V03_CHG_conservative_SPEED25_T480__S080_R03,conservative,2.2824598546312345
C100_V05_CHG_balanced_SPEED25_T480__S080_R01,balanced,0.5765034955525952
C100_V05_CHG_broad_SPEED25_T480__S080_R01,broad,0.5765034955525952
C100_V05_CHG_conservative_SPEED25_T480__S080_R01,conservative,3.5748655701705836
C100_V05_CHG_balanced_SPEED25_T480__S080_R02,balanced,0.2192674928385306
C100_V05_CHG_broad_SPEED25_T480__S080_R02,broad,0.2192674928385306
C100_V05_CHG_conservative_SPEED25_T480__S080_R02,conservative,1.025308725912932
C100_V05_CHG_balanced_SPEED25_T480__S080_R03,balanced,0.1352104639503605
C100_V05_CHG_broad_SPEED25_T480__S080_R03,broad,0.1352104639503605
C100_V05_CHG_conservative_SPEED25_T480__S080_R03,conservative,4.52143456503097
C100_V05_CHG_balanced_SPEED25_T480__S080_R04,balanced,0.4691270219860247
C100_V05_CHG_broad_SPEED25_T480__S080_R04,broad,0.4691270219860247
C100_V05_CHG_conservative_SPEED25_T480__S080_R04,conservative,6.103274351586006
C100_V05_CHG_balanced_SPEED25_T480__S080_R05,balanced,0.7140726806862845
C100_V05_CHG_broad_SPEED25_T480__S080_R05,broad,0.7140726806862845
C100_V05_CHG_conservative_SPEED25_T480__S080_R05,conservative,1.6565687621513816
C100_V01_CHG_balanced_SPEED25_T480__S081_R01,balanced,0.0853031845471897
C100_V01_CHG_broad_SPEED25_T480__S081_R01,broad,0.0853031845471897
C100_V01_CHG_conservative_SPEED25_T480__S081_R01,conservative,0.949640644650526
C100_V03_CHG_balanced_SPEED25_T480__S081_R01,balanced,0.0853031845471897
C100_V03_CHG_broad_SPEED25_T480__S081_R01,broad,0.0853031845471897
C100_V03_CHG_conservative_SPEED25_T480__S081_R01,conservative,1.4347590503763084
C100_V03_CHG_balanced_SPEED25_T480__S081_R02,balanced,0.8275843016700496
C100_V03_CHG_broad_SPEED25_T480__S081_R02,broad,0.8275843016700496
C100_V03_CHG_conservative_SPEED25_T480__S081_R02,conservative,0.949640644650526
C100_V03_CHG_balanced_SPEED25_T480__S081_R03,balanced,0.2205156314805898
C100_V03_CHG_broad_SPEED25_T480__S081_R03,broad,0.2205156314805898
C100_V03_CHG_conservative_SPEED25_T480__S081_R03,conservative,1.1935635926001795
C100_V05_CHG_balanced_SPEED25_T480__S081_R01,balanced,0.2205156314805898
C100_V05_CHG_broad_SPEED25_T480__S081_R01,broad,0.2205156314805898
C100_V05_CHG_conservative_SPEED25_T480__S081_R01,conservative,2.265201685037745
C100_V05_CHG_balanced_SPEED25_T480__S081_R02,balanced,0.0853031845471897
C100_V05_CHG_broad_SPEED25_T480__S081_R02,broad,0.0853031845471897
C100_V05_CHG_conservative_SPEED25_T480__S081_R02,conservative,1.4347590503763084
C100_V05_CHG_balanced_SPEED25_T480__S081_R03,balanced,0.3485830842759456
C100_V05_CHG_broad_SPEED25_T480__S081_R03,broad,0.3485830842759456
C100_V05_CHG_conservative_SPEED25_T480__S081_R03,conservative,3.3612111861294327
C100_V05_CHG_balanced_SPEED25_T480__S081_R04,balanced,0.8275843016700496
C100_V05_CHG_broad_SPEED25_T480__S081_R04,broad,0.8275843016700496
C100_V05_CHG_conservative_SPEED25_T480__S081_R04,conservative,0.949640644650526
C100_V05_CHG_balanced_SPEED25_T480__S081_R05,balanced,0.5074141834222969
C100_V05_CHG_broad_SPEED25_T480__S081_R05,broad,0.5074141834222969
C100_V05_CHG_conservative_SPEED25_T480__S081_R05,conservative,1.1935635926001795
C100_V01_CHG_balanced_SPEED25_T480__S082_R01,balanced,0.0853031845471897
C100_V01_CHG_broad_SPEED25_T480__S082_R01,broad,0.0853031845471897
C100_V01_CHG_conservative_SPEED25_T480__S082_R01,conservative,1.018373141304176
C100_V03_CHG_balanced_SPEED25_T480__S082_R01,balanced,0.0853031845471897
C100_V03_CHG_broad_SPEED25_T480__S082_R01,broad,0.0853031845471897
C100_V03_CHG_conservative_SPEED25_T480__S082_R01,conservative,1.460982225522081
C100_V03_CHG_balanced_SPEED25_T480__S082_R02,balanced,0.3524827993649502
C100_V03_CHG_broad_SPEED25_T480__S082_R02,broad,0.3524827993649502
C100_V03_CHG_conservative_SPEED25_T480__S082_R02,conservative,1.241218377454517
C100_V03_CHG_balanced_SPEED25_T480__S082_R03,balanced,0.2317865241815123
C100_V03_CHG_broad_SPEED25_T480__S082_R03,broad,0.2317865241815123
C100_V03_CHG_conservative_SPEED25_T480__S082_R03,conservative,1.018373141304176
C100_V05_CHG_balanced_SPEED25_T480__S082_R01,balanced,0.7359515076343321
C100_V05_CHG_broad_SPEED25_T480__S082_R01,broad,0.7359515076343321
C100_V05_CHG_conservative_SPEED25_T480__S082_R01,conservative,1.018373141304176
C100_V05_CHG_balanced_SPEED25_T480__S082_R02,balanced,1.7103481174786008
C100_V05_CHG_broad_SPEED25_T480__S082_R02,broad,1.7103481174786008
C100_V05_CHG_conservative_SPEED25_T480__S082_R02,conservative,3.997484443603043
C100_V05_CHG_balanced_SPEED25_T480__S082_R03,balanced,0.0853031845471897
C100_V05_CHG_broad_SPEED25_T480__S082_R03,broad,0.0853031845471897
C100_V05_CHG_conservative_SPEED25_T480__S082_R03,conservative,1.460982225522081
C100_V05_CHG_balanced_SPEED25_T480__S082_R04,balanced,0.3524827993649502
C100_V05_CHG_broad_SPEED25_T480__S082_R04,broad,0.3524827993649502
C100_V05_CHG_conservative_SPEED25_T480__S082_R04,conservative,1.241218377454517
C100_V05_CHG_balanced_SPEED25_T480__S082_R05,balanced,0.2317865241815123
C100_V05_CHG_broad_SPEED25_T480__S082_R05,broad,0.2317865241815123
C100_V05_CHG_conservative_SPEED25_T480__S082_R05,conservative,3.997484443603043
C100_V01_CHG_balanced_SPEED25_T480__S083_R01,balanced,0.1942476858261919
C100_V01_CHG_broad_SPEED25_T480__S083_R01,broad,0.1942476858261919
C100_V01_CHG_conservative_SPEED25_T480__S083_R01,conservative,0.6338076383867973
C100_V03_CHG_balanced_SPEED25_T480__S083_R01,balanced,0.5185098529277135
C100_V03_CHG_broad_SPEED25_T480__S083_R01,broad,0.5185098529277135
C100_V03_CHG_conservative_SPEED25_T480__S083_R01,conservative,1.3442267483953234
C100_V03_CHG_balanced_SPEED25_T480__S083_R02,balanced,0.6338076383867973
C100_V03_CHG_broad_SPEED25_T480__S083_R02,broad,0.6338076383867973
C100_V03_CHG_conservative_SPEED25_T480__S083_R02,conservative,0.6338076383867973
C100_V03_CHG_balanced_SPEED25_T480__S083_R03,balanced,0.1942476858261919
C100_V03_CHG_broad_SPEED25_T480__S083_R03,broad,0.1942476858261919
C100_V03_CHG_conservative_SPEED25_T480__S083_R03,conservative,1.6565687621513816
C100_V05_CHG_balanced_SPEED25_T480__S083_R01,balanced,0.7651303590580667
C100_V05_CHG_broad_SPEED25_T480__S083_R01,broad,0.7651303590580667
C100_V05_CHG_conservative_SPEED25_T480__S083_R01,conservative,1.7230341301259269
C100_V05_CHG_balanced_SPEED25_T480__S083_R02,balanced,0.6338076383867973
C100_V05_CHG_broad_SPEED25_T480__S083_R02,broad,0.6338076383867973
C100_V05_CHG_conservative_SPEED25_T480__S083_R02,conservative,0.6338076383867973
C100_V05_CHG_balanced_SPEED25_T480__S083_R03,balanced,0.6795102414072375
C100_V05_CHG_broad_SPEED25_T480__S083_R03,broad,0.6795102414072375
C100_V05_CHG_conservative_SPEED25_T480__S083_R03,conservative,1.3442267483953234
C100_V05_CHG_balanced_SPEED25_T480__S083_R04,balanced,0.1942476858261919
C100_V05_CHG_broad_SPEED25_T480__S083_R04,broad,0.1942476858261919
C100_V05_CHG_conservative_SPEED25_T480__S083_R04,conservative,1.6565687621513816
C100_V05_CHG_balanced_SPEED25_T480__S083_R05,balanced,0.5185098529277135
C100_V05_CHG_broad_SPEED25_T480__S083_R05,broad,0.5185098529277135
C100_V05_CHG_conservative_SPEED25_T480__S083_R05,conservative,2.4587969761750035
C100_V01_CHG_balanced_SPEED25_T480__S084_R01,balanced,0.3095165368663343
C100_V01_CHG_broad_SPEED25_T480__S084_R01,broad,0.3095165368663343
C100_V01_CHG_conservative_SPEED25_T480__S084_R01,conservative,0.8587959115861339
C100_V03_CHG_balanced_SPEED25_T480__S084_R01,balanced,0.3095165368663343
C100_V03_CHG_broad_SPEED25_T480__S084_R01,broad,0.3095165368663343
C100_V03_CHG_conservative_SPEED25_T480__S084_R01,conservative,2.0169503080563747
C100_V03_CHG_balanced_SPEED25_T480__S084_R02,balanced,0.3986366344997045
C100_V03_CHG_broad_SPEED25_T480__S084_R02,broad,0.3986366344997045
C100_V03_CHG_conservative_SPEED25_T480__S084_R02,conservative,0.8587959115861339
C100_V03_CHG_balanced_SPEED25_T480__S084_R03,balanced,0.6554844771986755
C100_V03_CHG_broad_SPEED25_T480__S084_R03,broad,0.6554844771986755
C100_V03_CHG_conservative_SPEED25_T480__S084_R03,conservative,1.0602971844716234
C100_V05_CHG_balanced_SPEED25_T480__S084_R01,balanced,0.3986366344997045
C100_V05_CHG_broad_SPEED25_T480__S084_R01,broad,0.3986366344997045
C100_V05_CHG_conservative_SPEED25_T480__S084_R01,conservative,1.445162070263338
C100_V05_CHG_balanced_SPEED25_T480__S084_R02,balanced,0.3095165368663343
C100_V05_CHG_broad_SPEED25_T480__S084_R02,broad,0.3095165368663343
C100_V05_CHG_conservative_SPEED25_T480__S084_R02,conservative,1.241218377454517
C100_V05_CHG_balanced_SPEED25_T480__S084_R03,balanced,0.4946534320905008
C100_V05_CHG_broad_SPEED25_T480__S084_R03,broad,0.4946534320905008
C100_V05_CHG_conservative_SPEED25_T480__S084_R03,conservative,1.3442267483953234
C100_V05_CHG_balanced_SPEED25_T480__S084_R04,balanced,0.6554844771986755
C100_V05_CHG_broad_SPEED25_T480__S084_R04,broad,0.6554844771986755
C100_V05_CHG_conservative_SPEED25_T480__S084_R04,conservative,1.0602971844716234
C100_V05_CHG_balanced_SPEED25_T480__S084_R05,balanced,0.5420494971617016
C100_V05_CHG_broad_SPEED25_T480__S084_R05,broad,0.5420494971617016
C100_V05_CHG_conservative_SPEED25_T480__S084_R05,conservative,0.8587959115861339
C100_V01_CHG_balanced_SPEED25_T480__S085_R01,balanced,0.1937876201801339
C100_V01_CHG_broad_SPEED25_T480__S085_R01,broad,0.1937876201801339
C100_V01_CHG_conservative_SPEED25_T480__S085_R01,conservative,1.1136567065908056
C100_V03_CHG_balanced_SPEED25_T480__S085_R01,balanced,0.3182088864870089
C100_V03_CHG_broad_SPEED25_T480__S085_R01,broad,0.3182088864870089
C100_V03_CHG_conservative_SPEED25_T480__S085_R01,conservative,3.41649384860022
C100_V03_CHG_balanced_SPEED25_T480__S085_R02,balanced,0.1937876201801339
C100_V03_CHG_broad_SPEED25_T480__S085_R02,broad,0.1937876201801339
C100_V03_CHG_conservative_SPEED25_T480__S085_R02,conservative,2.6862583476109254
C100_V03_CHG_balanced_SPEED25_T480__S085_R03,balanced,0.1942476858261919
C100_V03_CHG_broad_SPEED25_T480__S085_R03,broad,0.1942476858261919
C100_V03_CHG_conservative_SPEED25_T480__S085_R03,conservative,1.1136567065908056
C100_V05_CHG_balanced_SPEED25_T480__S085_R01,balanced,0.3182088864870089
C100_V05_CHG_broad_SPEED25_T480__S085_R01,broad,0.3182088864870089
C100_V05_CHG_conservative_SPEED25_T480__S085_R01,conservative,3.41649384860022
C100_V05_CHG_balanced_SPEED25_T480__S085_R02,balanced,0.1942476858261919
C100_V05_CHG_broad_SPEED25_T480__S085_R02,broad,0.1942476858261919
C100_V05_CHG_conservative_SPEED25_T480__S085_R02,conservative,1.1136567065908056
C100_V05_CHG_balanced_SPEED25_T480__S085_R03,balanced,0.1937876201801339
C100_V05_CHG_broad_SPEED25_T480__S085_R03,broad,0.1937876201801339
C100_V05_CHG_conservative_SPEED25_T480__S085_R03,conservative,3.997484443603043
C100_V05_CHG_balanced_SPEED25_T480__S085_R04,balanced,0.6474680321027421
C100_V05_CHG_broad_SPEED25_T480__S085_R04,broad,0.6474680321027421
C100_V05_CHG_conservative_SPEED25_T480__S085_R04,conservative,1.7230341301259269
C100_V05_CHG_balanced_SPEED25_T480__S085_R05,balanced,1.4202088671507318
C100_V05_CHG_broad_SPEED25_T480__S085_R05,broad,1.4202088671507318
C100_V05_CHG_conservative_SPEED25_T480__S085_R05,conservative,2.6862583476109254
C100_V01_CHG_balanced_SPEED25_T480__S086_R01,balanced,0.1332367404289563
C100_V01_CHG_broad_SPEED25_T480__S086_R01,broad,0.1332367404289563
C100_V01_CHG_conservative_SPEED25_T480__S086_R01,conservative,1.059116102807384
C100_V03_CHG_balanced_SPEED25_T480__S086_R01,balanced,0.3490686287725337
C100_V03_CHG_broad_SPEED25_T480__S086_R01,broad,0.3490686287725337
C100_V03_CHG_conservative_SPEED25_T480__S086_R01,conservative,1.059116102807384
C100_V03_CHG_balanced_SPEED25_T480__S086_R02,balanced,0.1332367404289563
C100_V03_CHG_broad_SPEED25_T480__S086_R02,broad,0.1332367404289563
C100_V03_CHG_conservative_SPEED25_T480__S086_R02,conservative,1.3611052149489034
C100_V03_CHG_balanced_SPEED25_T480__S086_R03,balanced,0.2683589483646402
C100_V03_CHG_broad_SPEED25_T480__S086_R03,broad,0.2683589483646402
C100_V03_CHG_conservative_SPEED25_T480__S086_R03,conservative,2.4747737777608645
C100_V05_CHG_balanced_SPEED25_T480__S086_R01,balanced,0.5507834815355915
C100_V05_CHG_broad_SPEED25_T480__S086_R01,broad,0.5507834815355915
C100_V05_CHG_conservative_SPEED25_T480__S086_R01,conservative,1.6565687621513816
C100_V05_CHG_balanced_SPEED25_T480__S086_R02,balanced,1.0390102396019216
C100_V05_CHG_broad_SPEED25_T480__S086_R02,broad,1.0390102396019216
C100_V05_CHG_conservative_SPEED25_T480__S086_R02,conservative,4.768078467726454
C100_V05_CHG_balanced_SPEED25_T480__S086_R03,balanced,0.8839693930994363
C100_V05_CHG_broad_SPEED25_T480__S086_R03,broad,0.8839693930994363
C100_V05_CHG_conservative_SPEED25_T480__S086_R03,conservative,2.4747737777608645
C100_V05_CHG_balanced_SPEED25_T480__S086_R04,balanced,0.3490686287725337
C100_V05_CHG_broad_SPEED25_T480__S086_R04,broad,0.3490686287725337
C100_V05_CHG_conservative_SPEED25_T480__S086_R04,conservative,1.059116102807384
C100_V05_CHG_balanced_SPEED25_T480__S086_R05,balanced,0.1332367404289563
C100_V05_CHG_broad_SPEED25_T480__S086_R05,broad,0.1332367404289563
C100_V05_CHG_conservative_SPEED25_T480__S086_R05,conservative,1.3611052149489034
C100_V01_CHG_balanced_SPEED25_T480__S087_R01,balanced,0.0060152038704629
C100_V01_CHG_broad_SPEED25_T480__S087_R01,broad,0.0060152038704629
C100_V01_CHG_conservative_SPEED25_T480__S087_R01,conservative,0.920192127816793
C100_V03_CHG_balanced_SPEED25_T480__S087_R01,balanced,0.0060152038704629
C100_V03_CHG_broad_SPEED25_T480__S087_R01,broad,0.0060152038704629
C100_V03_CHG_conservative_SPEED25_T480__S087_R01,conservative,0.920192127816793
C100_V03_CHG_balanced_SPEED25_T480__S087_R02,balanced,1.0112188478416384
C100_V03_CHG_broad_SPEED25_T480__S087_R02,broad,1.0112188478416384
C100_V03_CHG_conservative_SPEED25_T480__S087_R02,conservative,2.043142646704189
C100_V03_CHG_balanced_SPEED25_T480__S087_R03,balanced,0.3931205228160785
C100_V03_CHG_broad_SPEED25_T480__S087_R03,broad,0.3931205228160785
C100_V03_CHG_conservative_SPEED25_T480__S087_R03,conservative,1.1338928412125535
C100_V05_CHG_balanced_SPEED25_T480__S087_R01,balanced,0.3931205228160785
C100_V05_CHG_broad_SPEED25_T480__S087_R01,broad,0.3931205228160785
C100_V05_CHG_conservative_SPEED25_T480__S087_R01,conservative,1.1338928412125535
C100_V05_CHG_balanced_SPEED25_T480__S087_R02,balanced,0.8299311390910735
C100_V05_CHG_broad_SPEED25_T480__S087_R02,broad,0.8299311390910735
C100_V05_CHG_conservative_SPEED25_T480__S087_R02,conservative,5.115286720628923
C100_V05_CHG_balanced_SPEED25_T480__S087_R03,balanced,0.4946534320905008
C100_V05_CHG_broad_SPEED25_T480__S087_R03,broad,0.4946534320905008
C100_V05_CHG_conservative_SPEED25_T480__S087_R03,conservative,2.6173243725279978
C100_V05_CHG_balanced_SPEED25_T480__S087_R04,balanced,1.0112188478416384
C100_V05_CHG_broad_SPEED25_T480__S087_R04,broad,1.0112188478416384
C100_V05_CHG_conservative_SPEED25_T480__S087_R04,conservative,2.043142646704189
C100_V05_CHG_balanced_SPEED25_T480__S087_R05,balanced,0.0060152038704629
C100_V05_CHG_broad_SPEED25_T480__S087_R05,broad,0.0060152038704629
C100_V05_CHG_conservative_SPEED25_T480__S087_R05,conservative,0.920192127816793
C100_V01_CHG_balanced_SPEED25_T480__S088_R01,balanced,0.321466683688224
C100_V01_CHG_broad_SPEED25_T480__S088_R01,broad,0.321466683688224
C100_V01_CHG_conservative_SPEED25_T480__S088_R01,conservative,1.1044618739816787
C100_V03_CHG_balanced_SPEED25_T480__S088_R01,balanced,0.321466683688224
C100_V03_CHG_broad_SPEED25_T480__S088_R01,broad,0.321466683688224
C100_V03_CHG_conservative_SPEED25_T480__S088_R01,conservative,1.1044618739816787
C100_V03_CHG_balanced_SPEED25_T480__S088_R02,balanced,1.097727599026361
C100_V03_CHG_broad_SPEED25_T480__S088_R02,broad,1.097727599026361
C100_V03_CHG_conservative_SPEED25_T480__S088_R02,conservative,1.7122422028189257
C100_V03_CHG_balanced_SPEED25_T480__S088_R03,balanced,0.6970489474337966
C100_V03_CHG_broad_SPEED25_T480__S088_R03,broad,0.6970489474337966
C100_V03_CHG_conservative_SPEED25_T480__S088_R03,conservative,1.290513921200985
C100_V05_CHG_balanced_SPEED25_T480__S088_R01,balanced,0.6970489474337966
C100_V05_CHG_broad_SPEED25_T480__S088_R01,broad,0.6970489474337966
C100_V05_CHG_conservative_SPEED25_T480__S088_R01,conservative,1.290513921200985
C100_V05_CHG_balanced_SPEED25_T480__S088_R02,balanced,1.097727599026361
C100_V05_CHG_broad_SPEED25_T480__S088_R02,broad,1.097727599026361
C100_V05_CHG_conservative_SPEED25_T480__S088_R02,conservative,1.7122422028189257
C100_V05_CHG_balanced_SPEED25_T480__S088_R03,balanced,0.321466683688224
C100_V05_CHG_broad_SPEED25_T480__S088_R03,broad,0.321466683688224
C100_V05_CHG_conservative_SPEED25_T480__S088_R03,conservative,1.1044618739816787
C100_V05_CHG_balanced_SPEED25_T480__S088_R04,balanced,0.8839693930994363
C100_V05_CHG_broad_SPEED25_T480__S088_R04,broad,0.8839693930994363
C100_V05_CHG_conservative_SPEED25_T480__S088_R04,conservative,3.997484443603043
C100_V05_CHG_balanced_SPEED25_T480__S088_R05,balanced,0.5978444478367623
C100_V05_CHG_broad_SPEED25_T480__S088_R05,broad,0.5978444478367623
C100_V05_CHG_conservative_SPEED25_T480__S088_R05,conservative,3.253151570151948
C100_V01_CHG_balanced_SPEED25_T480__S089_R01,balanced,0.0778862617814197
C100_V01_CHG_broad_SPEED25_T480__S089_R01,broad,0.0778862617814197
C100_V01_CHG_conservative_SPEED25_T480__S089_R01,conservative,0.7744312172826395
C100_V03_CHG_balanced_SPEED25_T480__S089_R01,balanced,0.0778862617814197
C100_V03_CHG_broad_SPEED25_T480__S089_R01,broad,0.0778862617814197
C100_V03_CHG_conservative_SPEED25_T480__S089_R01,conservative,1.1935635926001795
C100_V03_CHG_balanced_SPEED25_T480__S089_R02,balanced,0.6250362674597116
C100_V03_CHG_broad_SPEED25_T480__S089_R02,broad,0.6250362674597116
C100_V03_CHG_conservative_SPEED25_T480__S089_R02,conservative,2.532446602320207
C100_V03_CHG_balanced_SPEED25_T480__S089_R03,balanced,0.3490686287725337
C100_V03_CHG_broad_SPEED25_T480__S089_R03,broad,0.3490686287725337
C100_V03_CHG_conservative_SPEED25_T480__S089_R03,conservative,0.7744312172826395
C100_V05_CHG_balanced_SPEED25_T480__S089_R01,balanced,1.494581780099737
C100_V05_CHG_broad_SPEED25_T480__S089_R01,broad,1.494581780099737
C100_V05_CHG_conservative_SPEED25_T480__S089_R01,conservative,2.532446602320207
C100_V05_CHG_balanced_SPEED25_T480__S089_R02,balanced,0.5185132308029476
C100_V05_CHG_broad_SPEED25_T480__S089_R02,broad,0.5185132308029476
C100_V05_CHG_conservative_SPEED25_T480__S089_R02,conservative,0.7744312172826395
C100_V05_CHG_balanced_SPEED25_T480__S089_R03,balanced,0.0778862617814197
C100_V05_CHG_broad_SPEED25_T480__S089_R03,broad,0.0778862617814197
C100_V05_CHG_conservative_SPEED25_T480__S089_R03,conservative,1.1935635926001795
C100_V05_CHG_balanced_SPEED25_T480__S089_R04,balanced,0.3490686287725337
C100_V05_CHG_broad_SPEED25_T480__S089_R04,broad,0.3490686287725337
C100_V05_CHG_conservative_SPEED25_T480__S089_R04,conservative,1.059116102807384
C100_V05_CHG_balanced_SPEED25_T480__S089_R05,balanced,0.6250362674597116
C100_V05_CHG_broad_SPEED25_T480__S089_R05,broad,0.6250362674597116
C100_V05_CHG_conservative_SPEED25_T480__S089_R05,conservative,3.308020313084137
C100_V01_CHG_balanced_SPEED25_T480__S090_R01,balanced,0.2948121370146688
C100_V01_CHG_broad_SPEED25_T480__S090_R01,broad,0.2948121370146688
C100_V01_CHG_conservative_SPEED25_T480__S090_R01,conservative,1.4503707949794875
C100_V03_CHG_balanced_SPEED25_T480__S090_R01,balanced,0.4344521144412161
C100_V03_CHG_broad_SPEED25_T480__S090_R01,broad,0.4344521144412161
C100_V03_CHG_conservative_SPEED25_T480__S090_R01,conservative,1.7657077346041483
C100_V03_CHG_balanced_SPEED25_T480__S090_R02,balanced,0.3317519896648957
C100_V03_CHG_broad_SPEED25_T480__S090_R02,broad,0.3317519896648957
C100_V03_CHG_conservative_SPEED25_T480__S090_R02,conservative,1.4503707949794875
C100_V03_CHG_balanced_SPEED25_T480__S090_R03,balanced,0.2948121370146688
C100_V03_CHG_broad_SPEED25_T480__S090_R03,broad,0.2948121370146688
C100_V03_CHG_conservative_SPEED25_T480__S090_R03,conservative,1.5067330994489925
C100_V05_CHG_balanced_SPEED25_T480__S090_R01,balanced,0.3317519896648957
C100_V05_CHG_broad_SPEED25_T480__S090_R01,broad,0.3317519896648957
C100_V05_CHG_conservative_SPEED25_T480__S090_R01,conservative,1.4503707949794875
C100_V05_CHG_balanced_SPEED25_T480__S090_R02,balanced,1.3652904670520751
C100_V05_CHG_broad_SPEED25_T480__S090_R02,broad,1.3652904670520751
C100_V05_CHG_conservative_SPEED25_T480__S090_R02,conservative,3.966412539861909
C100_V05_CHG_balanced_SPEED25_T480__S090_R03,balanced,0.4436198606660707
C100_V05_CHG_broad_SPEED25_T480__S090_R03,broad,0.4436198606660707
C100_V05_CHG_conservative_SPEED25_T480__S090_R03,conservative,3.800786371940504
C100_V05_CHG_balanced_SPEED25_T480__S090_R04,balanced,0.2948121370146688
C100_V05_CHG_broad_SPEED25_T480__S090_R04,broad,0.2948121370146688
C100_V05_CHG_conservative_SPEED25_T480__S090_R04,conservative,1.5067330994489925
C100_V05_CHG_balanced_SPEED25_T480__S090_R05,balanced,0.4344521144412161
C100_V05_CHG_broad_SPEED25_T480__S090_R05,broad,0.4344521144412161
C100_V05_CHG_conservative_SPEED25_T480__S090_R05,conservative,1.7657077346041483
C100_V01_CHG_balanced_SPEED25_T480__S091_R01,balanced,0.3310735946490938
C100_V01_CHG_broad_SPEED25_T480__S091_R01,broad,0.3310735946490938
C100_V01_CHG_conservative_SPEED25_T480__S091_R01,conservative,1.193194466566043
C100_V03_CHG_balanced_SPEED25_T480__S091_R01,balanced,0.3467396415576266
C100_V03_CHG_broad_SPEED25_T480__S091_R01,broad,0.3467396415576266
C100_V03_CHG_conservative_SPEED25_T480__S091_R01,conservative,2.1363411673269637
C100_V03_CHG_balanced_SPEED25_T480__S091_R02,balanced,0.3310735946490938
C100_V03_CHG_broad_SPEED25_T480__S091_R02,broad,0.3310735946490938
C100_V03_CHG_conservative_SPEED25_T480__S091_R02,conservative,1.193194466566043
C100_V03_CHG_balanced_SPEED25_T480__S091_R03,balanced,0.3327784868776917
C100_V03_CHG_broad_SPEED25_T480__S091_R03,broad,0.3327784868776917
C100_V03_CHG_conservative_SPEED25_T480__S091_R03,conservative,1.4191620699984266
C100_V05_CHG_balanced_SPEED25_T480__S091_R01,balanced,0.543356905719346
C100_V05_CHG_broad_SPEED25_T480__S091_R01,broad,0.543356905719346
C100_V05_CHG_conservative_SPEED25_T480__S091_R01,conservative,1.4191620699984266
C100_V05_CHG_balanced_SPEED25_T480__S091_R02,balanced,0.3310735946490938
C100_V05_CHG_broad_SPEED25_T480__S091_R02,broad,0.3310735946490938
C100_V05_CHG_conservative_SPEED25_T480__S091_R02,conservative,1.193194466566043
C100_V05_CHG_balanced_SPEED25_T480__S091_R03,balanced,0.3467396415576266
C100_V05_CHG_broad_SPEED25_T480__S091_R03,broad,0.3467396415576266
C100_V05_CHG_conservative_SPEED25_T480__S091_R03,conservative,2.1363411673269637
C100_V05_CHG_balanced_SPEED25_T480__S091_R04,balanced,0.8259744600796746
C100_V05_CHG_broad_SPEED25_T480__S091_R04,broad,0.8259744600796746
C100_V05_CHG_conservative_SPEED25_T480__S091_R04,conservative,3.645979055219833
C100_V05_CHG_balanced_SPEED25_T480__S091_R05,balanced,0.3327784868776917
C100_V05_CHG_broad_SPEED25_T480__S091_R05,broad,0.3327784868776917
C100_V05_CHG_conservative_SPEED25_T480__S091_R05,conservative,2.034856051308807
C100_V01_CHG_balanced_SPEED25_T480__S092_R01,balanced,0.0483159320491876
C100_V01_CHG_broad_SPEED25_T480__S092_R01,broad,0.0483159320491876
C100_V01_CHG_conservative_SPEED25_T480__S092_R01,conservative,0.2360904916428015
C100_V03_CHG_balanced_SPEED25_T480__S092_R01,balanced,0.2360904916428015
C100_V03_CHG_broad_SPEED25_T480__S092_R01,broad,0.2360904916428015
C100_V03_CHG_conservative_SPEED25_T480__S092_R01,conservative,0.2360904916428015
C100_V03_CHG_balanced_SPEED25_T480__S092_R02,balanced,0.3327784868776917
C100_V03_CHG_broad_SPEED25_T480__S092_R02,broad,0.3327784868776917
C100_V03_CHG_conservative_SPEED25_T480__S092_R02,conservative,0.751125139022576
C100_V03_CHG_balanced_SPEED25_T480__S092_R03,balanced,0.0483159320491876
C100_V03_CHG_broad_SPEED25_T480__S092_R03,broad,0.0483159320491876
C100_V03_CHG_conservative_SPEED25_T480__S092_R03,conservative,1.6749621147164515
C100_V05_CHG_balanced_SPEED25_T480__S092_R01,balanced,0.3327784868776917
C100_V05_CHG_broad_SPEED25_T480__S092_R01,broad,0.3327784868776917
C100_V05_CHG_conservative_SPEED25_T480__S092_R01,conservative,3.077345691142565
C100_V05_CHG_balanced_SPEED25_T480__S092_R02,balanced,1.7073751033738558
C100_V05_CHG_broad_SPEED25_T480__S092_R02,broad,1.7073751033738558
C100_V05_CHG_conservative_SPEED25_T480__S092_R02,conservative,5.347197995685814
C100_V05_CHG_balanced_SPEED25_T480__S092_R03,balanced,0.0483159320491876
C100_V05_CHG_broad_SPEED25_T480__S092_R03,broad,0.0483159320491876
C100_V05_CHG_conservative_SPEED25_T480__S092_R03,conservative,1.6749621147164515
C100_V05_CHG_balanced_SPEED25_T480__S092_R04,balanced,0.5230472046845327
C100_V05_CHG_broad_SPEED25_T480__S092_R04,broad,0.5230472046845327
C100_V05_CHG_conservative_SPEED25_T480__S092_R04,conservative,0.751125139022576
C100_V05_CHG_balanced_SPEED25_T480__S092_R05,balanced,0.2360904916428015
C100_V05_CHG_broad_SPEED25_T480__S092_R05,broad,0.2360904916428015
C100_V05_CHG_conservative_SPEED25_T480__S092_R05,conservative,0.2360904916428015
C100_V01_CHG_balanced_SPEED25_T480__S093_R01,balanced,0.2462428815964527
C100_V01_CHG_broad_SPEED25_T480__S093_R01,broad,0.2462428815964527
C100_V01_CHG_conservative_SPEED25_T480__S093_R01,conservative,0.8556303223726603
C100_V03_CHG_balanced_SPEED25_T480__S093_R01,balanced,0.2462428815964527
C100_V03_CHG_broad_SPEED25_T480__S093_R01,broad,0.2462428815964527
C100_V03_CHG_conservative_SPEED25_T480__S093_R01,conservative,0.8556303223726603
C100_V03_CHG_balanced_SPEED25_T480__S093_R02,balanced,0.6067652744613237
C100_V03_CHG_broad_SPEED25_T480__S093_R02,broad,0.6067652744613237
C100_V03_CHG_conservative_SPEED25_T480__S093_R02,conservative,0.949640644650526
C100_V03_CHG_balanced_SPEED25_T480__S093_R03,balanced,0.4048598251110846
C100_V03_CHG_broad_SPEED25_T480__S093_R03,broad,0.4048598251110846
C100_V03_CHG_conservative_SPEED25_T480__S093_R03,conservative,1.9667617146344
C100_V05_CHG_balanced_SPEED25_T480__S093_R01,balanced,0.2483321713458325
C100_V05_CHG_broad_SPEED25_T480__S093_R01,broad,0.2483321713458325
C100_V05_CHG_conservative_SPEED25_T480__S093_R01,conservative,0.8556303223726603
C100_V05_CHG_balanced_SPEED25_T480__S093_R02,balanced,0.4048598251110846
C100_V05_CHG_broad_SPEED25_T480__S093_R02,broad,0.4048598251110846
C100_V05_CHG_conservative_SPEED25_T480__S093_R02,conservative,1.9667617146344
C100_V05_CHG_balanced_SPEED25_T480__S093_R03,balanced,0.6067652744613237
C100_V05_CHG_broad_SPEED25_T480__S093_R03,broad,0.6067652744613237
C100_V05_CHG_conservative_SPEED25_T480__S093_R03,conservative,3.2700403008934864
C100_V05_CHG_balanced_SPEED25_T480__S093_R04,balanced,0.8275843016700496
C100_V05_CHG_broad_SPEED25_T480__S093_R04,broad,0.8275843016700496
C100_V05_CHG_conservative_SPEED25_T480__S093_R04,conservative,0.949640644650526
C100_V05_CHG_balanced_SPEED25_T480__S093_R05,balanced,0.2462428815964527
C100_V05_CHG_broad_SPEED25_T480__S093_R05,broad,0.2462428815964527
C100_V05_CHG_conservative_SPEED25_T480__S093_R05,conservative,1.9609094800168292
C100_V01_CHG_balanced_SPEED25_T480__S094_R01,balanced,0.3095165368663343
C100_V01_CHG_broad_SPEED25_T480__S094_R01,broad,0.3095165368663343
C100_V01_CHG_conservative_SPEED25_T480__S094_R01,conservative,0.447251808477923
C100_V03_CHG_balanced_SPEED25_T480__S094_R01,balanced,0.3095165368663343
C100_V03_CHG_broad_SPEED25_T480__S094_R01,broad,0.3095165368663343
C100_V03_CHG_conservative_SPEED25_T480__S094_R01,conservative,0.447251808477923
C100_V03_CHG_balanced_SPEED25_T480__S094_R02,balanced,0.5770640933510969
C100_V03_CHG_broad_SPEED25_T480__S094_R02,broad,0.5770640933510969
C100_V03_CHG_conservative_SPEED25_T480__S094_R02,conservative,1.1935635926001795
C100_V03_CHG_balanced_SPEED25_T480__S094_R03,balanced,0.6253552621138219
C100_V03_CHG_broad_SPEED25_T480__S094_R03,broad,0.6253552621138219
C100_V03_CHG_conservative_SPEED25_T480__S094_R03,conservative,0.7744312172826395
C100_V05_CHG_balanced_SPEED25_T480__S094_R01,balanced,0.6253552621138219
C100_V05_CHG_broad_SPEED25_T480__S094_R01,broad,0.6253552621138219
C100_V05_CHG_conservative_SPEED25_T480__S094_R01,conservative,0.7744312172826395
C100_V05_CHG_balanced_SPEED25_T480__S094_R02,balanced,0.447251808477923
C100_V05_CHG_broad_SPEED25_T480__S094_R02,broad,0.447251808477923
C100_V05_CHG_conservative_SPEED25_T480__S094_R02,conservative,0.447251808477923
C100_V05_CHG_balanced_SPEED25_T480__S094_R03,balanced,0.583204434373936
C100_V05_CHG_broad_SPEED25_T480__S094_R03,broad,0.583204434373936
C100_V05_CHG_conservative_SPEED25_T480__S094_R03,conservative,1.1935635926001795
C100_V05_CHG_balanced_SPEED25_T480__S094_R04,balanced,0.3095165368663343
C100_V05_CHG_broad_SPEED25_T480__S094_R04,broad,0.3095165368663343
C100_V05_CHG_conservative_SPEED25_T480__S094_R04,conservative,5.7901447056973065
C100_V05_CHG_balanced_SPEED25_T480__S094_R05,balanced,0.8054126795634986
C100_V05_CHG_broad_SPEED25_T480__S094_R05,broad,0.8054126795634986
C100_V05_CHG_conservative_SPEED25_T480__S094_R05,conservative,4.289424043330033
C100_V01_CHG_balanced_SPEED25_T480__S095_R01,balanced,0.0483159320491876
C100_V01_CHG_broad_SPEED25_T480__S095_R01,broad,0.0483159320491876
C100_V01_CHG_conservative_SPEED25_T480__S095_R01,conservative,1.625574032061888
C100_V03_CHG_balanced_SPEED25_T480__S095_R01,balanced,0.0483159320491876
C100_V03_CHG_broad_SPEED25_T480__S095_R01,broad,0.0483159320491876
C100_V03_CHG_conservative_SPEED25_T480__S095_R01,conservative,1.9609094800168292
C100_V03_CHG_balanced_SPEED25_T480__S095_R02,balanced,0.6968734475781136
C100_V03_CHG_broad_SPEED25_T480__S095_R02,broad,0.6968734475781136
C100_V03_CHG_conservative_SPEED25_T480__S095_R02,conservative,1.625574032061888
C100_V03_CHG_balanced_SPEED25_T480__S095_R03,balanced,0.1375179190825469
C100_V03_CHG_broad_SPEED25_T480__S095_R03,broad,0.1375179190825469
C100_V03_CHG_conservative_SPEED25_T480__S095_R03,conservative,3.997484443603043
C100_V05_CHG_balanced_SPEED25_T480__S095_R01,balanced,0.6968734475781136
C100_V05_CHG_broad_SPEED25_T480__S095_R01,broad,0.6968734475781136
C100_V05_CHG_conservative_SPEED25_T480__S095_R01,conservative,3.815551605082751
C100_V05_CHG_balanced_SPEED25_T480__S095_R02,balanced,0.1375179190825469
C100_V05_CHG_broad_SPEED25_T480__S095_R02,broad,0.1375179190825469
C100_V05_CHG_conservative_SPEED25_T480__S095_R02,conservative,3.997484443603043
C100_V05_CHG_balanced_SPEED25_T480__S095_R03,balanced,0.0483159320491876
C100_V05_CHG_broad_SPEED25_T480__S095_R03,broad,0.0483159320491876
C100_V05_CHG_conservative_SPEED25_T480__S095_R03,conservative,2.3524936081424612
C100_V05_CHG_balanced_SPEED25_T480__S095_R04,balanced,0.5596719203990226
C100_V05_CHG_broad_SPEED25_T480__S095_R04,broad,0.5596719203990226
C100_V05_CHG_conservative_SPEED25_T480__S095_R04,conservative,2.545948249976705
C100_V05_CHG_balanced_SPEED25_T480__S095_R05,balanced,0.8107043615203895
C100_V05_CHG_broad_SPEED25_T480__S095_R05,broad,0.8107043615203895
C100_V05_CHG_conservative_SPEED25_T480__S095_R05,conservative,1.625574032061888
C100_V01_CHG_balanced_SPEED25_T480__S096_R01,balanced,0.1872017535958315
C100_V01_CHG_broad_SPEED25_T480__S096_R01,broad,0.1872017535958315
C100_V01_CHG_conservative_SPEED25_T480__S096_R01,conservative,0.8805599958149071
C100_V03_CHG_balanced_SPEED25_T480__S096_R01,balanced,0.1872017535958315
C100_V03_CHG_broad_SPEED25_T480__S096_R01,broad,0.1872017535958315
C100_V03_CHG_conservative_SPEED25_T480__S096_R01,conservative,1.4503707949794875
C100_V03_CHG_balanced_SPEED25_T480__S096_R02,balanced,0.6302461165329061
C100_V03_CHG_broad_SPEED25_T480__S096_R02,broad,0.6302461165329061
C100_V03_CHG_conservative_SPEED25_T480__S096_R02,conservative,1.241218377454517
C100_V03_CHG_balanced_SPEED25_T480__S096_R03,balanced,0.716347349333825
C100_V03_CHG_broad_SPEED25_T480__S096_R03,broad,0.716347349333825
C100_V03_CHG_conservative_SPEED25_T480__S096_R03,conservative,0.8805599958149071
C100_V05_CHG_balanced_SPEED25_T480__S096_R01,balanced,0.8703569464783906
C100_V05_CHG_broad_SPEED25_T480__S096_R01,broad,0.8703569464783906
C100_V05_CHG_conservative_SPEED25_T480__S096_R01,conservative,3.806859605753064
C100_V05_CHG_balanced_SPEED25_T480__S096_R02,balanced,1.0786941245244157
C100_V05_CHG_broad_SPEED25_T480__S096_R02,broad,1.0786941245244157
C100_V05_CHG_conservative_SPEED25_T480__S096_R02,conservative,2.449160675673182
C100_V05_CHG_balanced_SPEED25_T480__S096_R03,balanced,0.1872017535958315
C100_V05_CHG_broad_SPEED25_T480__S096_R03,broad,0.1872017535958315
C100_V05_CHG_conservative_SPEED25_T480__S096_R03,conservative,1.4503707949794875
C100_V05_CHG_balanced_SPEED25_T480__S096_R04,balanced,0.6302461165329061
C100_V05_CHG_broad_SPEED25_T480__S096_R04,broad,0.6302461165329061
C100_V05_CHG_conservative_SPEED25_T480__S096_R04,conservative,1.241218377454517
C100_V05_CHG_balanced_SPEED25_T480__S096_R05,balanced,0.716347349333825
C100_V05_CHG_broad_SPEED25_T480__S096_R05,broad,0.716347349333825
C100_V05_CHG_conservative_SPEED25_T480__S096_R05,conservative,0.8805599958149071
C100_V01_CHG_balanced_SPEED25_T480__S097_R01,balanced,0.0672476710277752
C100_V01_CHG_broad_SPEED25_T480__S097_R01,broad,0.0672476710277752
C100_V01_CHG_conservative_SPEED25_T480__S097_R01,conservative,0.7645803676281654
C100_V03_CHG_balanced_SPEED25_T480__S097_R01,balanced,0.0672476710277752
C100_V03_CHG_broad_SPEED25_T480__S097_R01,broad,0.0672476710277752
C100_V03_CHG_conservative_SPEED25_T480__S097_R01,conservative,0.7645803676281654
C100_V03_CHG_balanced_SPEED25_T480__S097_R02,balanced,0.6785044178310672
C100_V03_CHG_broad_SPEED25_T480__S097_R02,broad,0.6785044178310672
C100_V03_CHG_conservative_SPEED25_T480__S097_R02,conservative,0.8333532813244965
C100_V03_CHG_balanced_SPEED25_T480__S097_R03,balanced,0.4571094743676478
C100_V03_CHG_broad_SPEED25_T480__S097_R03,broad,0.4571094743676478
C100_V03_CHG_conservative_SPEED25_T480__S097_R03,conservative,1.290513921200985
C100_V05_CHG_balanced_SPEED25_T480__S097_R01,balanced,0.0672476710277752
C100_V05_CHG_broad_SPEED25_T480__S097_R01,broad,0.0672476710277752
C100_V05_CHG_conservative_SPEED25_T480__S097_R01,conservative,0.7645803676281654
C100_V05_CHG_balanced_SPEED25_T480__S097_R02,balanced,1.229825420517237
C100_V05_CHG_broad_SPEED25_T480__S097_R02,broad,1.229825420517237
C100_V05_CHG_conservative_SPEED25_T480__S097_R02,conservative,3.997484443603043
C100_V05_CHG_balanced_SPEED25_T480__S097_R03,balanced,0.7570682666927873
C100_V05_CHG_broad_SPEED25_T480__S097_R03,broad,0.7570682666927873
C100_V05_CHG_conservative_SPEED25_T480__S097_R03,conservative,1.290513921200985
C100_V05_CHG_balanced_SPEED25_T480__S097_R04,balanced,0.6785044178310672
C100_V05_CHG_broad_SPEED25_T480__S097_R04,broad,0.6785044178310672
C100_V05_CHG_conservative_SPEED25_T480__S097_R04,conservative,0.8333532813244965
C100_V05_CHG_balanced_SPEED25_T480__S097_R05,balanced,0.4571094743676478
C100_V05_CHG_broad_SPEED25_T480__S097_R05,broad,0.4571094743676478
C100_V05_CHG_conservative_SPEED25_T480__S097_R05,conservative,3.948400086644388
C100_V01_CHG_balanced_SPEED25_T480__S098_R01,balanced,0.1203956576248669
C100_V01_CHG_broad_SPEED25_T480__S098_R01,broad,0.1203956576248669
C100_V01_CHG_conservative_SPEED25_T480__S098_R01,conservative,0.8856917799590596
C100_V03_CHG_balanced_SPEED25_T480__S098_R01,balanced,0.2990897775219723
C100_V03_CHG_broad_SPEED25_T480__S098_R01,broad,0.2990897775219723
C100_V03_CHG_conservative_SPEED25_T480__S098_R01,conservative,0.8856917799590596
C100_V03_CHG_balanced_SPEED25_T480__S098_R02,balanced,0.2338761643392324
C100_V03_CHG_broad_SPEED25_T480__S098_R02,broad,0.2338761643392324
C100_V03_CHG_conservative_SPEED25_T480__S098_R02,conservative,1.0401437742569004
C100_V03_CHG_balanced_SPEED25_T480__S098_R03,balanced,0.1203956576248669
C100_V03_CHG_broad_SPEED25_T480__S098_R03,broad,0.1203956576248669
C100_V03_CHG_conservative_SPEED25_T480__S098_R03,conservative,1.4469118399338807
C100_V05_CHG_balanced_SPEED25_T480__S098_R01,balanced,0.6970489474337966
C100_V05_CHG_broad_SPEED25_T480__S098_R01,broad,0.6970489474337966
C100_V05_CHG_conservative_SPEED25_T480__S098_R01,conservative,0.8856917799590596
C100_V05_CHG_balanced_SPEED25_T480__S098_R02,balanced,0.2338761643392324
C100_V05_CHG_broad_SPEED25_T480__S098_R02,broad,0.2338761643392324
C100_V05_CHG_conservative_SPEED25_T480__S098_R02,conservative,1.0401437742569004
C100_V05_CHG_balanced_SPEED25_T480__S098_R03,balanced,0.1203956576248669
C100_V05_CHG_broad_SPEED25_T480__S098_R03,broad,0.1203956576248669
C100_V05_CHG_conservative_SPEED25_T480__S098_R03,conservative,2.316821611294409
C100_V05_CHG_balanced_SPEED25_T480__S098_R04,balanced,0.6408758240893346
C100_V05_CHG_broad_SPEED25_T480__S098_R04,broad,0.6408758240893346
C100_V05_CHG_conservative_SPEED25_T480__S098_R04,conservative,3.997484443603043
C100_V05_CHG_balanced_SPEED25_T480__S098_R05,balanced,0.2990897775219723
C100_V05_CHG_broad_SPEED25_T480__S098_R05,broad,0.2990897775219723
C100_V05_CHG_conservative_SPEED25_T480__S098_R05,conservative,1.4347590503763084
C100_V01_CHG_balanced_SPEED25_T480__S099_R01,balanced,0.0060152038704629
C100_V01_CHG_broad_SPEED25_T480__S099_R01,broad,0.0060152038704629
C100_V01_CHG_conservative_SPEED25_T480__S099_R01,conservative,0.8856917799590596
C100_V03_CHG_balanced_SPEED25_T480__S099_R01,balanced,0.6249179239647726
C100_V03_CHG_broad_SPEED25_T480__S099_R01,broad,0.6249179239647726
C100_V03_CHG_conservative_SPEED25_T480__S099_R01,conservative,1.4347590503763084
C100_V03_CHG_balanced_SPEED25_T480__S099_R02,balanced,0.7998929195188719
C100_V03_CHG_broad_SPEED25_T480__S099_R02,broad,0.7998929195188719
C100_V03_CHG_conservative_SPEED25_T480__S099_R02,conservative,0.949640644650526
C100_V03_CHG_balanced_SPEED25_T480__S099_R03,balanced,0.0060152038704629
C100_V03_CHG_broad_SPEED25_T480__S099_R03,broad,0.0060152038704629
C100_V03_CHG_conservative_SPEED25_T480__S099_R03,conservative,0.8856917799590596
C100_V05_CHG_balanced_SPEED25_T480__S099_R01,balanced,0.8989837261831175
C100_V05_CHG_broad_SPEED25_T480__S099_R01,broad,0.8989837261831175
C100_V05_CHG_conservative_SPEED25_T480__S099_R01,conservative,3.997484443603043
C100_V05_CHG_balanced_SPEED25_T480__S099_R02,balanced,0.6249179239647726
C100_V05_CHG_broad_SPEED25_T480__S099_R02,broad,0.6249179239647726
C100_V05_CHG_conservative_SPEED25_T480__S099_R02,conservative,1.4347590503763084
C100_V05_CHG_balanced_SPEED25_T480__S099_R03,balanced,0.7998929195188719
C100_V05_CHG_broad_SPEED25_T480__S099_R03,broad,0.7998929195188719
C100_V05_CHG_conservative_SPEED25_T480__S099_R03,conservative,0.949640644650526
C100_V05_CHG_balanced_SPEED25_T480__S099_R04,balanced,0.4048598251110846
C100_V05_CHG_broad_SPEED25_T480__S099_R04,broad,0.4048598251110846
C100_V05_CHG_conservative_SPEED25_T480__S099_R04,conservative,0.8856917799590596
C100_V05_CHG_balanced_SPEED25_T480__S099_R05,balanced,0.0060152038704629
C100_V05_CHG_broad_SPEED25_T480__S099_R05,broad,0.0060152038704629
C100_V05_CHG_conservative_SPEED25_T480__S099_R05,conservative,0.920192127816793
C100_V01_CHG_balanced_SPEED25_T480__S100_R01,balanced,0.0483159320491876
C100_V01_CHG_broad_SPEED25_T480__S100_R01,broad,0.0483159320491876
C100_V01_CHG_conservative_SPEED25_T480__S100_R01,conservative,0.5135541173180224
C100_V03_CHG_balanced_SPEED25_T480__S100_R01,balanced,0.0483159320491876
C100_V03_CHG_broad_SPEED25_T480__S100_R01,broad,0.0483159320491876
C100_V03_CHG_conservative_SPEED25_T480__S100_R01,conservative,0.8499417687580536
C100_V03_CHG_balanced_SPEED25_T480__S100_R02,balanced,0.3182088864870089
C100_V03_CHG_broad_SPEED25_T480__S100_R02,broad,0.3182088864870089
C100_V03_CHG_conservative_SPEED25_T480__S100_R02,conservative,1.706403358614748
C100_V03_CHG_balanced_SPEED25_T480__S100_R03,balanced,0.5135541173180224
C100_V03_CHG_broad_SPEED25_T480__S100_R03,broad,0.5135541173180224
C100_V03_CHG_conservative_SPEED25_T480__S100_R03,conservative,0.5135541173180224
C100_V05_CHG_balanced_SPEED25_T480__S100_R01,balanced,0.0483159320491876
C100_V05_CHG_broad_SPEED25_T480__S100_R01,broad,0.0483159320491876
C100_V05_CHG_conservative_SPEED25_T480__S100_R01,conservative,0.8499417687580536
C100_V05_CHG_balanced_SPEED25_T480__S100_R02,balanced,0.3182088864870089
C100_V05_CHG_broad_SPEED25_T480__S100_R02,broad,0.3182088864870089
C100_V05_CHG_conservative_SPEED25_T480__S100_R02,conservative,3.0727056671202053
C100_V05_CHG_balanced_SPEED25_T480__S100_R03,balanced,0.41425435454879
C100_V05_CHG_broad_SPEED25_T480__S100_R03,broad,0.41425435454879
C100_V05_CHG_conservative_SPEED25_T480__S100_R03,conservative,0.5135541173180224
C100_V05_CHG_balanced_SPEED25_T480__S100_R04,balanced,0.6430932272942091
C100_V05_CHG_broad_SPEED25_T480__S100_R04,broad,0.6430932272942091
C100_V05_CHG_conservative_SPEED25_T480__S100_R04,conservative,1.706403358614748
C100_V05_CHG_balanced_SPEED25_T480__S100_R05,balanced,0.5185132308029476
C100_V05_CHG_broad_SPEED25_T480__S100_R05,broad,0.5185132308029476
C100_V05_CHG_conservative_SPEED25_T480__S100_R05,conservative,2.9563118946829494
