base_route_proxy_id,customer_count,vehicle_count,seed,route_proxy_distance_km
C025_V01_S001_R01,25,1,1,179.9530529365179
C025_V03_S001_R01,25,3,1,73.7392030775854
C025_V03_S001_R02,25,3,1,82.10185207760718
C025_V03_S001_R03,25,3,1,56.94382842137572
C025_V05_S001_R01,25,5,1,37.082480263423925
C025_V05_S001_R02,25,5,1,74.4061418348514
C025_V05_S001_R03,25,5,1,73.39378263075173
C025_V05_S001_R04,25,5,1,42.46098599423422
C025_V05_S001_R05,25,5,1,54.38540803824425
C025_V01_S002_R01,25,1,2,247.20083449498736
C025_V03_S002_R01,25,3,2,100.7371480385312
C025_V03_S002_R02,25,3,2,102.77838881568434
C025_V03_S002_R03,25,3,2,104.73953920731395
C025_V05_S002_R01,25,5,2,57.998570363517786
C025_V05_S002_R02,25,5,2,100.7371480385312
C025_V05_S002_R03,25,5,2,80.45656426858099
C025_V05_S002_R04,25,5,2,54.36930363857911
C025_V05_S002_R05,25,5,2,43.493259728765935
C025_V01_S003_R01,25,1,3,248.15481434708423
C025_V03_S003_R01,25,3,3,83.25187865324146
C025_V03_S003_R02,25,3,3,126.51915824546778
C025_V03_S003_R03,25,3,3,66.50044334326641
C025_V05_S003_R01,25,5,3,72.78515462769509
C025_V05_S003_R02,25,5,3,59.81245969438477
C025_V05_S003_R03,25,5,3,60.07026994340117
C025_V05_S003_R04,25,5,3,83.25187865324146
C025_V05_S003_R05,25,5,3,46.4133712380276
C025_V01_S004_R01,25,1,4,213.34592497811397
C025_V03_S004_R01,25,3,4,89.91252468356424
C025_V03_S004_R02,25,3,4,97.02476378982246
C025_V03_S004_R03,25,3,4,67.22708257114607
C025_V05_S004_R01,25,5,4,58.08334868649608
C025_V05_S004_R02,25,5,4,80.11606868686758
C025_V05_S004_R03,25,5,4,68.69662211344037
C025_V05_S004_R04,25,5,4,58.36043190996904
C025_V05_S004_R05,25,5,4,47.045105264881286
C025_V01_S005_R01,25,1,5,178.85018605330444
C025_V03_S005_R01,25,3,5,72.2387150505528
C025_V03_S005_R02,25,3,5,67.61449228168338
C025_V03_S005_R03,25,3,5,81.40005499770902
C025_V05_S005_R01,25,5,5,56.72933512934543
C025_V05_S005_R02,25,5,5,44.12143535787492
C025_V05_S005_R03,25,5,5,66.61761565011332
C025_V05_S005_R04,25,5,5,55.54340829830995
C025_V05_S005_R05,25,5,5,38.607772383551456
C025_V01_S006_R01,25,1,6,223.88066992837457
C025_V03_S006_R01,25,3,6,71.09626223170883
C025_V03_S006_R02,25,3,6,110.6797712495188
C025_V03_S006_R03,25,3,6,80.70182466918924
C025_V05_S006_R01,25,5,6,71.09626223170883
C025_V05_S006_R02,25,5,6,89.66438476138453
C025_V05_S006_R03,25,5,6,44.289670248033715
C025_V05_S006_R04,25,5,6,57.58928556330092
C025_V05_S006_R05,25,5,6,62.51806026114109
C025_V01_S007_R01,25,1,7,267.13433364254615
C025_V03_S007_R01,25,3,7,85.84685326149754
C025_V03_S007_R02,25,3,7,115.35599616076868
C025_V03_S007_R03,25,3,7,104.3710486575783
C025_V05_S007_R01,25,5,7,54.2817225145484
C025_V05_S007_R02,25,5,7,76.37259030146228
C025_V05_S007_R03,25,5,7,65.35127780917229
C025_V05_S007_R04,25,5,7,87.46214561597341
C025_V05_S007_R05,25,5,7,36.71000180967144
C025_V01_S008_R01,25,1,8,230.1888470395868
C025_V03_S008_R01,25,3,8,81.48764599490877
C025_V03_S008_R02,25,3,8,73.3001797779874
C025_V03_S008_R03,25,3,8,106.09161830334052
C025_V05_S008_R01,25,5,8,73.3001797779874
C025_V05_S008_R02,25,5,8,53.33997681168631
C025_V05_S008_R03,25,5,8,92.15548474482792
C025_V05_S008_R04,25,5,8,64.49798768030858
C025_V05_S008_R05,25,5,8,61.97296582334408
C025_V01_S009_R01,25,1,9,243.70866940998505
C025_V03_S009_R01,25,3,9,93.34755034230363
C025_V03_S009_R02,25,3,9,123.90555857124583
C025_V03_S009_R03,25,3,9,66.66164888717938
C025_V05_S009_R01,25,5,9,47.41460245262418
C025_V05_S009_R02,25,5,9,90.263884401289
C025_V05_S009_R03,25,5,9,74.33135680830631
C025_V05_S009_R04,25,5,9,69.87159937791786
C025_V05_S009_R05,25,5,9,63.09640572258008
C025_V01_S010_R01,25,1,10,211.2927237277162
C025_V03_S010_R01,25,3,10,34.535043199105274
C025_V03_S010_R02,25,3,10,130.64585664717913
C025_V03_S010_R03,25,3,10,73.6305667438906
C025_V05_S010_R01,25,5,10,68.87860230300251
C025_V05_S010_R02,25,5,10,73.6305667438906
C025_V05_S010_R03,25,5,10,46.45523448893799
C025_V05_S010_R04,25,5,10,25.109076481933062
C025_V05_S010_R05,25,5,10,64.87517942006065
C025_V01_S011_R01,25,1,11,257.67871635457374
C025_V03_S011_R01,25,3,11,67.75887923844789
C025_V03_S011_R02,25,3,11,107.09366909572456
C025_V03_S011_R03,25,3,11,118.34022035453742
C025_V05_S011_R01,25,5,11,38.13874520351072
C025_V05_S011_R02,25,5,11,61.456270441530805
C025_V05_S011_R03,25,5,11,107.09366909572456
C025_V05_S011_R04,25,5,11,54.86137631398995
C025_V05_S011_R05,25,5,11,50.57130354386011
C025_V01_S012_R01,25,1,12,256.2853962063334
C025_V03_S012_R01,25,3,12,88.06707158036315
C025_V03_S012_R02,25,3,12,111.17247162712552
C025_V03_S012_R03,25,3,12,68.21665660510314
C025_V05_S012_R01,25,5,12,46.50877880392321
C025_V05_S012_R02,25,5,12,73.06587524929601
C025_V05_S012_R03,25,5,12,49.0508083385062
C025_V05_S012_R04,25,5,12,53.39084439437859
C025_V05_S012_R05,25,5,12,88.06707158036315
C025_V01_S013_R01,25,1,13,238.92752428198455
C025_V03_S013_R01,25,3,13,88.8425260633346
C025_V03_S013_R02,25,3,13,114.86315926665938
C025_V03_S013_R03,25,3,13,76.87465166402197
C025_V05_S013_R01,25,5,13,65.16876022273829
C025_V05_S013_R02,25,5,13,84.52997868416023
C025_V05_S013_R03,25,5,13,74.40487195426334
C025_V05_S013_R04,25,5,13,94.46960012920208
C025_V05_S013_R05,25,5,13,46.60722280017721
C025_V01_S014_R01,25,1,14,274.82889504109335
C025_V03_S014_R01,25,3,14,96.67727876632225
C025_V03_S014_R02,25,3,14,87.32376282618117
C025_V03_S014_R03,25,3,14,95.74289172806223
C025_V05_S014_R01,25,5,14,49.17392875627674
C025_V05_S014_R02,25,5,14,95.74289172806223
C025_V05_S014_R03,25,5,14,51.86281396330994
C025_V05_S014_R04,25,5,14,57.94031990506013
C025_V05_S014_R05,25,5,14,63.56882512918483
C025_V01_S015_R01,25,1,15,237.85239783992347
C025_V03_S015_R01,25,3,15,98.54229300639386
C025_V03_S015_R02,25,3,15,108.73240989514342
C025_V03_S015_R03,25,3,15,62.8949859261564
C025_V05_S015_R01,25,5,15,51.3439459543773
C025_V05_S015_R02,25,5,15,69.28587151265725
C025_V05_S015_R03,25,5,15,64.44176350139529
C025_V05_S015_R04,25,5,15,79.83818044132177
C025_V05_S015_R05,25,5,15,55.06902346525868
C025_V01_S016_R01,25,1,16,228.8921163506779
C025_V03_S016_R01,25,3,16,105.70848663210651
C025_V03_S016_R02,25,3,16,106.63002862453598
C025_V03_S016_R03,25,3,16,46.31650749482387
C025_V05_S016_R01,25,5,16,45.95544788840652
C025_V05_S016_R02,25,5,16,46.31650749482387
C025_V05_S016_R03,25,5,16,63.45060859321791
C025_V05_S016_R04,25,5,16,59.88634695497869
C025_V05_S016_R05,25,5,16,71.98154821995078
C025_V01_S017_R01,25,1,17,304.34230272427726
C025_V03_S017_R01,25,3,17,91.74565919619022
C025_V03_S017_R02,25,3,17,129.1549633394222
C025_V03_S017_R03,25,3,17,97.7305749467588
C025_V05_S017_R01,25,5,17,76.65939730412461
C025_V05_S017_R02,25,5,17,53.990766008811775
C025_V05_S017_R03,25,5,17,91.74565919619022
C025_V05_S017_R04,25,5,17,91.73871396331684
C025_V05_S017_R05,25,5,17,59.565774818433695
C025_V01_S018_R01,25,1,18,268.0179667751731
C025_V03_S018_R01,25,3,18,92.42925278740536
C025_V03_S018_R02,25,3,18,99.47216796193888
C025_V03_S018_R03,25,3,18,99.81745979416864
C025_V05_S018_R01,25,5,18,99.47216796193888
C025_V05_S018_R02,25,5,18,59.853653321144336
C025_V05_S018_R03,25,5,18,37.59135763410197
C025_V05_S018_R04,25,5,18,54.2047209065926
C025_V05_S018_R05,25,5,18,81.86346010245916
C025_V01_S019_R01,25,1,19,233.9829256047069
C025_V03_S019_R01,25,3,19,120.145918823709
C025_V03_S019_R02,25,3,19,107.16067350395411
C025_V03_S019_R03,25,3,19,37.53641389226833
C025_V05_S019_R01,25,5,19,37.53641389226833
C025_V05_S019_R02,25,5,19,57.41877107975115
C025_V05_S019_R03,25,5,19,85.57635697943556
C025_V05_S019_R04,25,5,19,58.84584571286257
C025_V05_S019_R05,25,5,19,68.25405213261686
C025_V01_S020_R01,25,1,20,217.48989074020457
C025_V03_S020_R01,25,3,20,80.05720642345578
C025_V03_S020_R02,25,3,20,105.80235790035788
C025_V03_S020_R03,25,3,20,79.76503892632755
C025_V05_S020_R01,25,5,20,87.83815671904841
C025_V05_S020_R02,25,5,20,41.2524546313912
C025_V05_S020_R03,25,5,20,82.76716042067537
C025_V05_S020_R04,25,5,20,80.79649883214445
C025_V05_S020_R05,25,5,20,41.20444490079525
C025_V01_S021_R01,25,1,21,255.35230739706068
C025_V03_S021_R01,25,3,21,100.08687161850568
C025_V03_S021_R02,25,3,21,100.48796219425536
C025_V03_S021_R03,25,3,21,75.33619688630094
C025_V05_S021_R01,25,5,21,35.6927691809583
C025_V05_S021_R02,25,5,21,53.02757093768812
C025_V05_S021_R03,25,5,21,70.7382366970974
C025_V05_S021_R04,25,5,21,59.60314889924711
C025_V05_S021_R05,25,5,21,81.22222362669629
C025_V01_S022_R01,25,1,22,270.44471004635375
C025_V03_S022_R01,25,3,22,110.38906199306132
C025_V03_S022_R02,25,3,22,100.34842541124388
C025_V03_S022_R03,25,3,22,95.45649021146497
C025_V05_S022_R01,25,5,22,71.97475038326026
C025_V05_S022_R02,25,5,22,106.443200923027
C025_V05_S022_R03,25,5,22,79.8918931839895
C025_V05_S022_R04,25,5,22,53.209355283046605
C025_V05_S022_R05,25,5,22,53.523424387336185
C025_V01_S023_R01,25,1,23,258.36393549939504
C025_V03_S023_R01,25,3,23,113.91742583477456
C025_V03_S023_R02,25,3,23,84.20326898354409
C025_V03_S023_R03,25,3,23,72.71449870517391
C025_V05_S023_R01,25,5,23,49.02998624335646
C025_V05_S023_R02,25,5,23,81.73374878201852
C025_V05_S023_R03,25,5,23,72.71449870517391
C025_V05_S023_R04,25,5,23,87.02731230142518
C025_V05_S023_R05,25,5,23,48.69672190679413
C025_V01_S024_R01,25,1,24,241.9004264445063
C025_V03_S024_R01,25,3,24,59.344923327594934
C025_V03_S024_R02,25,3,24,99.56238892770337
C025_V03_S024_R03,25,3,24,109.1611594209458
C025_V05_S024_R01,25,5,24,33.70844908181343
C025_V05_S024_R02,25,5,24,107.98063242312728
C025_V05_S024_R03,25,5,24,73.02706775221499
C025_V05_S024_R04,25,5,24,83.47715879791978
C025_V05_S024_R05,25,5,24,50.862665122561864
C025_V01_S025_R01,25,1,25,223.1915385723395
C025_V03_S025_R01,25,3,25,70.50982505685192
C025_V03_S025_R02,25,3,25,90.50608074362644
C025_V03_S025_R03,25,3,25,79.57661850510281
C025_V05_S025_R01,25,5,25,42.94393452013136
C025_V05_S025_R02,25,5,25,88.86635006232518
C025_V05_S025_R03,25,5,25,62.50793006934629
C025_V05_S025_R04,25,5,25,46.56495190331624
C025_V05_S025_R05,25,5,25,41.40624701535838
C025_V01_S026_R01,25,1,26,329.8775051478027
C025_V03_S026_R01,25,3,26,139.88056656112948
C025_V03_S026_R02,25,3,26,90.9576558965562
C025_V03_S026_R03,25,3,26,119.77870559210048
C025_V05_S026_R01,25,5,26,54.77458811003331
C025_V05_S026_R02,25,5,26,119.77870559210048
C025_V05_S026_R03,25,5,26,68.95326072908234
C025_V05_S026_R04,25,5,26,45.00549901184072
C025_V05_S026_R05,25,5,26,90.9576558965562
C025_V01_S027_R01,25,1,27,267.8772308653114
C025_V03_S027_R01,25,3,27,77.39295158307611
C025_V03_S027_R02,25,3,27,84.20061354942914
C025_V03_S027_R03,25,3,27,139.02486374473344
C025_V05_S027_R01,25,5,27,90.17429150223124
C025_V05_S027_R02,25,5,27,57.675112654901966
C025_V05_S027_R03,25,5,27,77.39295158307611
C025_V05_S027_R04,25,5,27,60.95061173559024
C025_V05_S027_R05,25,5,27,56.18189335916614
C025_V01_S028_R01,25,1,28,181.44988847019047
C025_V03_S028_R01,25,3,28,72.63856272151763
C025_V03_S028_R02,25,3,28,72.16277648917747
C025_V03_S028_R03,25,3,28,74.93550105293868
C025_V05_S028_R01,25,5,28,78.33183709257918
C025_V05_S028_R02,25,5,28,46.05866276163441
C025_V05_S028_R03,25,5,28,70.372887132462
C025_V05_S028_R04,25,5,28,33.17989363263444
C025_V05_S028_R05,25,5,28,30.943789200315305
C025_V01_S029_R01,25,1,29,207.73248587319256
C025_V03_S029_R01,25,3,29,74.0565801963295
C025_V03_S029_R02,25,3,29,93.43419223300836
C025_V03_S029_R03,25,3,29,72.86116412724317
C025_V05_S029_R01,25,5,29,81.26293116368159
C025_V05_S029_R02,25,5,29,49.03756330440981
C025_V05_S029_R03,25,5,29,54.12195375643212
C025_V05_S029_R04,25,5,29,51.37673047082493
C025_V05_S029_R05,25,5,29,68.51138703762498
C025_V01_S030_R01,25,1,30,223.33351238134935
C025_V03_S030_R01,25,3,30,74.5217199479358
C025_V03_S030_R02,25,3,30,75.40162134200996
C025_V03_S030_R03,25,3,30,102.95705892134175
C025_V05_S030_R01,25,5,30,75.28506060658349
C025_V05_S030_R02,25,5,30,65.6881114563876
C025_V05_S030_R03,25,5,30,51.462864951090815
C025_V05_S030_R04,25,5,30,82.6353721942172
C025_V05_S030_R05,25,5,30,66.40201524399599
C025_V01_S031_R01,25,1,31,217.88414201348695
C025_V03_S031_R01,25,3,31,79.87961502813758
C025_V03_S031_R02,25,3,31,112.8672873496495
C025_V03_S031_R03,25,3,31,91.18981295435842
C025_V05_S031_R01,25,5,31,91.18981295435842
C025_V05_S031_R02,25,5,31,49.223930339318194
C025_V05_S031_R03,25,5,31,50.36099760016879
C025_V05_S031_R04,25,5,31,59.56236419054092
C025_V05_S031_R05,25,5,31,64.38472182608203
C025_V01_S032_R01,25,1,32,199.24710688931424
C025_V03_S032_R01,25,3,32,93.46347430529896
C025_V03_S032_R02,25,3,32,89.30779276742666
C025_V03_S032_R03,25,3,32,42.25621778680277
C025_V05_S032_R01,25,5,32,42.25621778680277
C025_V05_S032_R02,25,5,32,79.66989707425925
C025_V05_S032_R03,25,5,32,76.58909757298049
C025_V05_S032_R04,25,5,32,39.154908188646246
C025_V05_S032_R05,25,5,32,65.42098426179444
C025_V01_S033_R01,25,1,33,223.1964616077123
C025_V03_S033_R01,25,3,33,66.96102077275751
C025_V03_S033_R02,25,3,33,136.16380292428278
C025_V03_S033_R03,25,3,33,66.91709180753422
C025_V05_S033_R01,25,5,33,66.96102077275751
C025_V05_S033_R02,25,5,33,46.00637083620256
C025_V05_S033_R03,25,5,33,75.58013697201116
C025_V05_S033_R04,25,5,33,108.6444361162324
C025_V05_S033_R05,25,5,33,29.753682567653943
C025_V01_S034_R01,25,1,34,204.16264108343657
C025_V03_S034_R01,25,3,34,83.28143382974372
C025_V03_S034_R02,25,3,34,74.01525737494617
C025_V03_S034_R03,25,3,34,93.3688682359945
C025_V05_S034_R01,25,5,34,48.03065300027374
C025_V05_S034_R02,25,5,34,85.62012963329798
C025_V05_S034_R03,25,5,34,34.961961066008115
C025_V05_S034_R04,25,5,34,49.057066108492094
C025_V05_S034_R05,25,5,34,76.64859234050327
C025_V01_S035_R01,25,1,35,187.54628384131817
C025_V03_S035_R01,25,3,35,71.91352766522833
C025_V03_S035_R02,25,3,35,98.34729867236474
C025_V03_S035_R03,25,3,35,66.84200343295315
C025_V05_S035_R01,25,5,35,35.776616287141614
C025_V05_S035_R02,25,5,35,56.05219515830099
C025_V05_S035_R03,25,5,35,69.51886316384476
C025_V05_S035_R04,25,5,35,100.63908963054224
C025_V05_S035_R05,25,5,35,39.07192427577925
C025_V01_S036_R01,25,1,36,200.1561703606557
C025_V03_S036_R01,25,3,36,66.89608238898407
C025_V03_S036_R02,25,3,36,81.8545826603758
C025_V03_S036_R03,25,3,36,116.5730363465916
C025_V05_S036_R01,25,5,36,38.37332018154839
C025_V05_S036_R02,25,5,36,116.5730363465916
C025_V05_S036_R03,25,5,36,40.601693578128
C025_V05_S036_R04,25,5,36,66.08437498887125
C025_V05_S036_R05,25,5,36,42.737797085743054
C025_V01_S037_R01,25,1,37,199.0658449639211
C025_V03_S037_R01,25,3,37,54.06872081211185
C025_V03_S037_R02,25,3,37,83.81580176276748
C025_V03_S037_R03,25,3,37,96.83928617956728
C025_V05_S037_R01,25,5,37,73.19358399843745
C025_V05_S037_R02,25,5,37,59.99643412107572
C025_V05_S037_R03,25,5,37,64.41643615120685
C025_V05_S037_R04,25,5,37,40.67564630253514
C025_V05_S037_R05,25,5,37,57.74607167085711
C025_V01_S038_R01,25,1,38,184.36227049000496
C025_V03_S038_R01,25,3,38,58.71504141797773
C025_V03_S038_R02,25,3,38,96.88218809995176
C025_V03_S038_R03,25,3,38,88.56214525768296
C025_V05_S038_R01,25,5,38,88.56214525768296
C025_V05_S038_R02,25,5,38,75.6578575647057
C025_V05_S038_R03,25,5,38,33.49331866928985
C025_V05_S038_R04,25,5,38,47.907015538347686
C025_V05_S038_R05,25,5,38,24.78988569028417
C025_V01_S039_R01,25,1,39,227.3681415156489
C025_V03_S039_R01,25,3,39,73.52185932682711
C025_V03_S039_R02,25,3,39,89.31713451944259
C025_V03_S039_R03,25,3,39,77.04345358342322
C025_V05_S039_R01,25,5,39,36.09504297154689
C025_V05_S039_R02,25,5,39,77.04345358342322
C025_V05_S039_R03,25,5,39,64.93951933388544
C025_V05_S039_R04,25,5,39,60.84418828936221
C025_V05_S039_R05,25,5,39,55.139449930765224
C025_V01_S040_R01,25,1,40,207.00216506258928
C025_V03_S040_R01,25,3,40,105.66479931220316
C025_V03_S040_R02,25,3,40,118.1125394157685
C025_V03_S040_R03,25,3,40,39.79146705479389
C025_V05_S040_R01,25,5,40,90.25457342298822
C025_V05_S040_R02,25,5,40,64.89108908306682
C025_V05_S040_R03,25,5,40,39.79146705479389
C025_V05_S040_R04,25,5,40,67.14544266951532
C025_V05_S040_R05,25,5,40,66.76606175186954
C025_V01_S041_R01,25,1,41,254.2275359896671
C025_V03_S041_R01,25,3,41,82.86885089058609
C025_V03_S041_R02,25,3,41,111.00335781339598
C025_V03_S041_R03,25,3,41,92.6425645332072
C025_V05_S041_R01,25,5,41,82.86885089058609
C025_V05_S041_R02,25,5,41,104.59923182409324
C025_V05_S041_R03,25,5,41,52.92078774426686
C025_V05_S041_R04,25,5,41,47.15605130803696
C025_V05_S041_R05,25,5,41,48.41793998561083
C025_V01_S042_R01,25,1,42,217.7634668628448
C025_V03_S042_R01,25,3,42,95.7235880967496
C025_V03_S042_R02,25,3,42,107.9828668857466
C025_V03_S042_R03,25,3,42,80.20868020919593
C025_V05_S042_R01,25,5,42,42.64644836025147
C025_V05_S042_R02,25,5,42,74.75593507561656
C025_V05_S042_R03,25,5,42,78.71743588664509
C025_V05_S042_R04,25,5,42,80.20868020919593
C025_V05_S042_R05,25,5,42,69.28223568720963
C025_V01_S043_R01,25,1,43,269.21379388041936
C025_V03_S043_R01,25,3,43,111.54163577837193
C025_V03_S043_R02,25,3,43,85.25740262805385
C025_V03_S043_R03,25,3,43,87.11101986036343
C025_V05_S043_R01,25,5,43,34.99677066840865
C025_V05_S043_R02,25,5,43,64.42566390627623
C025_V05_S043_R03,25,5,43,75.41665923236368
C025_V05_S043_R04,25,5,43,94.67327884551808
C025_V05_S043_R05,25,5,43,47.79677158804991
C025_V01_S044_R01,25,1,44,249.75454886849116
C025_V03_S044_R01,25,3,44,66.53951545493733
C025_V03_S044_R02,25,3,44,95.5700801444697
C025_V03_S044_R03,25,3,44,122.37386356315956
C025_V05_S044_R01,25,5,44,40.76505432461155
C025_V05_S044_R02,25,5,44,106.9611224747298
C025_V05_S044_R03,25,5,44,66.53951545493733
C025_V05_S044_R04,25,5,44,33.994568804650655
C025_V05_S044_R05,25,5,44,44.711350515591015
C025_V01_S045_R01,25,1,45,260.1318966524338
C025_V03_S045_R01,25,3,45,97.45238525348483
C025_V03_S045_R02,25,3,45,76.94584843362267
C025_V03_S045_R03,25,3,45,119.94188308323383
C025_V05_S045_R01,25,5,45,48.83600203990752
C025_V05_S045_R02,25,5,45,81.7274351765854
C025_V05_S045_R03,25,5,45,85.35580719856773
C025_V05_S045_R04,25,5,45,46.174891353093166
C025_V05_S045_R05,25,5,45,77.51570502687076
C025_V01_S046_R01,25,1,46,220.09471836786707
C025_V03_S046_R01,25,3,46,119.16125664084596
C025_V03_S046_R02,25,3,46,52.14951421349282
C025_V03_S046_R03,25,3,46,91.35431166181294
C025_V05_S046_R01,25,5,46,83.76526598289135
C025_V05_S046_R02,25,5,46,52.14951421349282
C025_V05_S046_R03,25,5,46,77.13843060594834
C025_V05_S046_R04,25,5,46,74.08385464673214
C025_V05_S046_R05,25,5,46,48.46960473543031
C025_V01_S047_R01,25,1,47,224.40858542451525
C025_V03_S047_R01,25,3,47,67.20590919733331
C025_V03_S047_R02,25,3,47,98.75688392696188
C025_V03_S047_R03,25,3,47,82.22016563616145
C025_V05_S047_R01,25,5,47,30.74184013784441
C025_V05_S047_R02,25,5,47,72.55070242104624
C025_V05_S047_R03,25,5,47,82.22016563616145
C025_V05_S047_R04,25,5,47,48.415378783959795
C025_V05_S047_R05,25,5,47,74.14485659058201
C025_V01_S048_R01,25,1,48,214.18105445134807
C025_V03_S048_R01,25,3,48,97.19246948908832
C025_V03_S048_R02,25,3,48,100.51420199270515
C025_V03_S048_R03,25,3,48,94.81159400224904
C025_V05_S048_R01,25,5,48,44.36013268970035
C025_V05_S048_R02,25,5,48,88.13275714486275
C025_V05_S048_R03,25,5,48,70.35449085858794
C025_V05_S048_R04,25,5,48,71.0508837569505
C025_V05_S048_R05,25,5,48,87.46214561597341
C025_V01_S049_R01,25,1,49,223.3628991044011
C025_V03_S049_R01,25,3,49,98.6282464278756
C025_V03_S049_R02,25,3,49,97.7717351412937
C025_V03_S049_R03,25,3,49,72.17538482912742
C025_V05_S049_R01,25,5,49,39.62703863198988
C025_V05_S049_R02,25,5,49,88.2641664834
C025_V05_S049_R03,25,5,49,72.17538482912742
C025_V05_S049_R04,25,5,49,49.56588792661413
C025_V05_S049_R05,25,5,49,55.04783349336584
C025_V01_S050_R01,25,1,50,258.88668620938796
C025_V03_S050_R01,25,3,50,99.12442076621032
C025_V03_S050_R02,25,3,50,103.40367609663552
C025_V03_S050_R03,25,3,50,73.33361275852215
C025_V05_S050_R01,25,5,50,52.405580785828114
C025_V05_S050_R02,25,5,50,55.589010468422174
C025_V05_S050_R03,25,5,50,87.81596423961666
C025_V05_S050_R04,25,5,50,50.51190289481616
C025_V05_S050_R05,25,5,50,78.53206079726986
C025_V01_S051_R01,25,1,51,193.31855476302547
C025_V03_S051_R01,25,3,51,88.23500125716922
C025_V03_S051_R02,25,3,51,55.53287006703635
C025_V03_S051_R03,25,3,51,78.01845722833994
C025_V05_S051_R01,25,5,51,38.280076802496914
C025_V05_S051_R02,25,5,51,55.53287006703635
C025_V05_S051_R03,25,5,51,42.25774356201586
C025_V05_S051_R04,25,5,51,30.62350129249893
C025_V05_S051_R05,25,5,51,64.53292314720572
C025_V01_S052_R01,25,1,52,215.1394729421267
C025_V03_S052_R01,25,3,52,66.12880226737634
C025_V03_S052_R02,25,3,52,100.70685459078392
C025_V03_S052_R03,25,3,52,91.8490337035399
C025_V05_S052_R01,25,5,52,91.8490337035399
C025_V05_S052_R02,25,5,52,95.07880853428888
C025_V05_S052_R03,25,5,52,50.58378982360459
C025_V05_S052_R04,25,5,52,21.59621468298952
C025_V05_S052_R05,25,5,52,45.2007885581454
C025_V01_S053_R01,25,1,53,264.37391016160876
C025_V03_S053_R01,25,3,53,39.79435181630051
C025_V03_S053_R02,25,3,53,139.67065119571612
C025_V03_S053_R03,25,3,53,85.74353227435321
C025_V05_S053_R01,25,5,53,51.96836821715273
C025_V05_S053_R02,25,5,53,88.70406234302723
C025_V05_S053_R03,25,5,53,54.96723547145297
C025_V05_S053_R04,25,5,53,67.90513657489073
C025_V05_S053_R05,25,5,53,39.79435181630051
C025_V01_S054_R01,25,1,54,213.4609267832787
C025_V03_S054_R01,25,3,54,52.806445770281314
C025_V03_S054_R02,25,3,54,109.89939070772697
C025_V03_S054_R03,25,3,54,89.0570728233665
C025_V05_S054_R01,25,5,54,80.7577043014901
C025_V05_S054_R02,25,5,54,47.935535249230234
C025_V05_S054_R03,25,5,54,38.85744307885338
C025_V05_S054_R04,25,5,54,54.89894238262608
C025_V05_S054_R05,25,5,54,85.01937153509999
C025_V01_S055_R01,25,1,55,244.0636128636578
C025_V03_S055_R01,25,3,55,83.73141753638407
C025_V03_S055_R02,25,3,55,109.55034316741433
C025_V03_S055_R03,25,3,55,61.30255336214276
C025_V05_S055_R01,25,5,55,50.672371348596826
C025_V05_S055_R02,25,5,55,58.93143762678488
C025_V05_S055_R03,25,5,55,83.73141753638407
C025_V05_S055_R04,25,5,55,54.29917149027774
C025_V05_S055_R05,25,5,55,62.367671895599166
C025_V01_S056_R01,25,1,56,250.07540067428369
C025_V03_S056_R01,25,3,56,73.05172263542389
C025_V03_S056_R02,25,3,56,120.7404504219059
C025_V03_S056_R03,25,3,56,61.29372185404414
C025_V05_S056_R01,25,5,56,73.05172263542389
C025_V05_S056_R02,25,5,56,41.833647261989896
C025_V05_S056_R03,25,5,56,61.29372185404414
C025_V05_S056_R04,25,5,56,59.341745301653106
C025_V05_S056_R05,25,5,56,87.48594531871717
C025_V01_S057_R01,25,1,57,211.64255143211403
C025_V03_S057_R01,25,3,57,96.4312996183212
C025_V03_S057_R02,25,3,57,67.7171844731569
C025_V03_S057_R03,25,3,57,107.29287713080042
C025_V05_S057_R01,25,5,57,27.96525750747663
C025_V05_S057_R02,25,5,57,67.7171844731569
C025_V05_S057_R03,25,5,57,107.29287713080042
C025_V05_S057_R04,25,5,57,44.11846898942531
C025_V05_S057_R05,25,5,57,46.56291536513922
C025_V01_S058_R01,25,1,58,210.563434119707
C025_V03_S058_R01,25,3,58,81.48942682196031
C025_V03_S058_R02,25,3,58,77.19611029158821
C025_V03_S058_R03,25,3,58,100.74056047864956
C025_V05_S058_R01,25,5,58,91.09880960833097
C025_V05_S058_R02,25,5,58,47.13377791594638
C025_V05_S058_R03,25,5,58,66.25254537438764
C025_V05_S058_R04,25,5,58,59.48917897568572
C025_V05_S058_R05,25,5,58,41.10317316795559
C025_V01_S059_R01,25,1,59,229.83074752135923
C025_V03_S059_R01,25,3,59,115.95562386628325
C025_V03_S059_R02,25,3,59,72.73677601757613
C025_V03_S059_R03,25,3,59,71.71316852240857
C025_V05_S059_R01,25,5,59,39.94373474047287
C025_V05_S059_R02,25,5,59,87.47278337387294
C025_V05_S059_R03,25,5,59,46.759541559412625
C025_V05_S059_R04,25,5,59,67.05539819531852
C025_V05_S059_R05,25,5,59,72.73677601757613
C025_V01_S060_R01,25,1,60,249.8699189045957
C025_V03_S060_R01,25,3,60,90.70659136340646
C025_V03_S060_R02,25,3,60,118.21407182698994
C025_V03_S060_R03,25,3,60,83.6990375372805
C025_V05_S060_R01,25,5,60,88.9125490410002
C025_V05_S060_R02,25,5,60,79.70670254854062
C025_V05_S060_R03,25,5,60,82.54514893934525
C025_V05_S060_R04,25,5,60,59.577971642785386
C025_V05_S060_R05,25,5,60,53.96378530045607
C025_V01_S061_R01,25,1,61,240.78271176934263
C025_V03_S061_R01,25,3,61,98.89223467464876
C025_V03_S061_R02,25,3,61,96.04885103563528
C025_V03_S061_R03,25,3,61,72.22691400501037
C025_V05_S061_R01,25,5,61,43.9469984778189
C025_V05_S061_R02,25,5,61,96.04885103563528
C025_V05_S061_R03,25,5,61,59.6696302993685
C025_V05_S061_R04,25,5,61,35.66045367681353
C025_V05_S061_R05,25,5,61,46.849763437096925
C025_V01_S062_R01,25,1,62,219.83942966626657
C025_V03_S062_R01,25,3,62,87.58905305277894
C025_V03_S062_R02,25,3,62,103.26997056280176
C025_V03_S062_R03,25,3,62,60.68386303753209
C025_V05_S062_R01,25,5,62,46.773218317670185
C025_V05_S062_R02,25,5,62,55.259937577333574
C025_V05_S062_R03,25,5,62,53.23937713871223
C025_V05_S062_R04,25,5,62,60.68386303753209
C025_V05_S062_R05,25,5,62,81.19050260125682
C025_V01_S063_R01,25,1,63,218.52135957548091
C025_V03_S063_R01,25,3,63,107.87273993342872
C025_V03_S063_R02,25,3,63,68.02760375499298
C025_V03_S063_R03,25,3,63,82.0310782581346
C025_V05_S063_R01,25,5,63,68.02760375499298
C025_V05_S063_R02,25,5,63,68.96433799674529
C025_V05_S063_R03,25,5,63,61.94599471254733
C025_V05_S063_R04,25,5,63,79.23618555121773
C025_V05_S063_R05,25,5,63,31.33887610510837
C025_V01_S064_R01,25,1,64,214.97835903306463
C025_V03_S064_R01,25,3,64,81.74942501503004
C025_V03_S064_R02,25,3,64,65.15313865005696
C025_V03_S064_R03,25,3,64,66.38501574214216
C025_V05_S064_R01,25,5,64,52.711505761384664
C025_V05_S064_R02,25,5,64,65.15313865005696
C025_V05_S064_R03,25,5,64,40.19929098293335
C025_V05_S064_R04,25,5,64,32.18159206124553
C025_V05_S064_R05,25,5,64,54.25761731258647
C025_V01_S065_R01,25,1,65,241.06467387920097
C025_V03_S065_R01,25,3,65,91.19439845253896
C025_V03_S065_R02,25,3,65,95.3422747635804
C025_V03_S065_R03,25,3,65,98.56158311157948
C025_V05_S065_R01,25,5,65,95.3422747635804
C025_V05_S065_R02,25,5,65,51.73733577273104
C025_V05_S065_R03,25,5,65,66.26840765645728
C025_V05_S065_R04,25,5,65,56.40408549411055
C025_V05_S065_R05,25,5,65,50.47872093458139
C025_V01_S066_R01,25,1,66,245.81564454198556
C025_V03_S066_R01,25,3,66,80.39055019699856
C025_V03_S066_R02,25,3,66,86.35143662948994
C025_V03_S066_R03,25,3,66,121.89969025731116
C025_V05_S066_R01,25,5,66,80.39055019699856
C025_V05_S066_R02,25,5,66,39.79609767003141
C025_V05_S066_R03,25,5,66,48.08058857087219
C025_V05_S066_R04,25,5,66,79.31710082702344
C025_V05_S066_R05,25,5,66,55.6113110260518
C025_V01_S067_R01,25,1,67,282.4088622352692
C025_V03_S067_R01,25,3,67,88.32118785205265
C025_V03_S067_R02,25,3,67,92.75047549756049
C025_V03_S067_R03,25,3,67,123.41892094109592
C025_V05_S067_R01,25,5,67,34.96050599561967
C025_V05_S067_R02,25,5,67,55.158824048141426
C025_V05_S067_R03,25,5,67,110.26586449112216
C025_V05_S067_R04,25,5,67,82.95553595173736
C025_V05_S067_R05,25,5,67,53.95382156568381
C025_V01_S068_R01,25,1,68,235.44292340844936
C025_V03_S068_R01,25,3,68,104.53552371959894
C025_V03_S068_R02,25,3,68,44.501194248678296
C025_V03_S068_R03,25,3,68,101.7925305222576
C025_V05_S068_R01,25,5,68,35.93436139971858
C025_V05_S068_R02,25,5,68,101.7925305222576
C025_V05_S068_R03,25,5,68,67.98982022860417
C025_V05_S068_R04,25,5,68,32.88130032845464
C025_V05_S068_R05,25,5,68,42.72204291618115
C025_V01_S069_R01,25,1,69,203.58800332801684
C025_V03_S069_R01,25,3,69,53.46274918535136
C025_V03_S069_R02,25,3,69,68.09377985982303
C025_V03_S069_R03,25,3,69,102.88608783093974
C025_V05_S069_R01,25,5,69,53.46274918535136
C025_V05_S069_R02,25,5,69,54.00656241341103
C025_V05_S069_R03,25,5,69,47.20787715203049
C025_V05_S069_R04,25,5,69,53.850894393137466
C025_V05_S069_R05,25,5,69,44.62816529803408
C025_V01_S070_R01,25,1,70,225.05179868559992
C025_V03_S070_R01,25,3,70,108.09270673348324
C025_V03_S070_R02,25,3,70,81.20567957178409
C025_V03_S070_R03,25,3,70,104.49421053410194
C025_V05_S070_R01,25,5,70,48.416695724095376
C025_V05_S070_R02,25,5,70,51.54462063446033
C025_V05_S070_R03,25,5,70,81.20567957178409
C025_V05_S070_R04,25,5,70,105.66201051368904
C025_V05_S070_R05,25,5,70,48.66440012002501
C025_V01_S071_R01,25,1,71,240.80122890942175
C025_V03_S071_R01,25,3,71,85.44074746617534
C025_V03_S071_R02,25,3,71,121.48928512372892
C025_V03_S071_R03,25,3,71,58.68173112456438
C025_V05_S071_R01,25,5,71,34.95223355165414
C025_V05_S071_R02,25,5,71,87.17059327273586
C025_V05_S071_R03,25,5,71,58.68173112456438
C025_V05_S071_R04,25,5,71,47.4400710293618
C025_V05_S071_R05,25,5,71,86.95725095618742
C025_V01_S072_R01,25,1,72,257.42508704315475
C025_V03_S072_R01,25,3,72,72.33737166284102
C025_V03_S072_R02,25,3,72,150.79979892931834
C025_V03_S072_R03,25,3,72,87.59151793180777
C025_V05_S072_R01,25,5,72,47.12910912946823
C025_V05_S072_R02,25,5,72,87.59151793180777
C025_V05_S072_R03,25,5,72,101.49908870839054
C025_V05_S072_R04,25,5,72,50.02785100756416
C025_V05_S072_R05,25,5,72,61.74307437848371
C025_V01_S073_R01,25,1,73,193.25205744309463
C025_V03_S073_R01,25,3,73,67.79885793911147
C025_V03_S073_R02,25,3,73,87.16009611698166
C025_V03_S073_R03,25,3,73,51.7871489333224
C025_V05_S073_R01,25,5,73,54.63366830286418
C025_V05_S073_R02,25,5,73,88.58221261464581
C025_V05_S073_R03,25,5,73,42.739839303909896
C025_V05_S073_R04,25,5,73,53.67412963868461
C025_V05_S073_R05,25,5,73,35.523826690503064
C025_V01_S074_R01,25,1,74,296.6123380872111
C025_V03_S074_R01,25,3,74,159.54011326376252
C025_V03_S074_R02,25,3,74,105.61057658554606
C025_V03_S074_R03,25,3,74,70.54609021919106
C025_V05_S074_R01,25,5,74,94.30479516651314
C025_V05_S074_R02,25,5,74,49.03742114019427
C025_V05_S074_R03,25,5,74,70.54609021919106
C025_V05_S074_R04,25,5,74,57.27198189292573
C025_V05_S074_R05,25,5,74,78.50666493358133
C025_V01_S075_R01,25,1,75,285.13180591981165
C025_V03_S075_R01,25,3,75,98.444777395189
C025_V03_S075_R02,25,3,75,100.50091317498064
C025_V03_S075_R03,25,3,75,123.1751812156989
C025_V05_S075_R01,25,5,75,43.85143951425698
C025_V05_S075_R02,25,5,75,98.63077564055789
C025_V05_S075_R03,25,5,75,104.8075413434492
C025_V05_S075_R04,25,5,75,75.37332119817849
C025_V05_S075_R05,25,5,75,39.53435897088773
C025_V01_S076_R01,25,1,76,216.2393499835503
C025_V03_S076_R01,25,3,76,83.85398478157418
C025_V03_S076_R02,25,3,76,103.15357302771991
C025_V03_S076_R03,25,3,76,91.38082682193163
C025_V05_S076_R01,25,5,76,39.3779717328628
C025_V05_S076_R02,25,5,76,44.877985374726435
C025_V05_S076_R03,25,5,76,103.15357302771991
C025_V05_S076_R04,25,5,76,50.7637287922093
C025_V05_S076_R05,25,5,76,63.54354881932929
C025_V01_S077_R01,25,1,77,236.22006029773212
C025_V03_S077_R01,25,3,77,97.88476826789608
C025_V03_S077_R02,25,3,77,114.13116249173532
C025_V03_S077_R03,25,3,77,79.63584183579579
C025_V05_S077_R01,25,5,77,79.63584183579579
C025_V05_S077_R02,25,5,77,66.49541751286323
C025_V05_S077_R03,25,5,77,24.298430399084925
C025_V05_S077_R04,25,5,77,39.21692224917821
C025_V05_S077_R05,25,5,77,97.8790768615449
C025_V01_S078_R01,25,1,78,192.52126201742823
C025_V03_S078_R01,25,3,78,67.85908340377699
C025_V03_S078_R02,25,3,78,82.1298944951163
C025_V03_S078_R03,25,3,78,72.68959975740594
C025_V05_S078_R01,25,5,78,82.1298944951163
C025_V05_S078_R02,25,5,78,53.17053366877474
C025_V05_S078_R03,25,5,78,35.135938933641455
C025_V05_S078_R04,25,5,78,35.02785767313495
C025_V05_S078_R05,25,5,78,44.61516715942867
C025_V01_S079_R01,25,1,79,227.53954274952088
C025_V03_S079_R01,25,3,79,41.78430829405896
C025_V03_S079_R02,25,3,79,126.2094293561308
C025_V03_S079_R03,25,3,79,82.82767366190976
C025_V05_S079_R01,25,5,79,61.88614656452283
C025_V05_S079_R02,25,5,79,72.70689481036037
C025_V05_S079_R03,25,5,79,92.04549960111824
C025_V05_S079_R04,25,5,79,41.78430829405896
C025_V05_S079_R05,25,5,79,32.11229673177874
C025_V01_S080_R01,25,1,80,229.25589548121815
C025_V03_S080_R01,25,3,80,125.1260105453726
C025_V03_S080_R02,25,3,80,85.92874190223657
C025_V03_S080_R03,25,3,80,63.45930567262791
C025_V05_S080_R01,25,5,80,103.7926089118724
C025_V05_S080_R02,25,5,80,59.94161544022514
C025_V05_S080_R03,25,5,80,32.54589581281092
C025_V05_S080_R04,25,5,80,52.21998326948391
C025_V05_S080_R05,25,5,80,73.54246435643091
C025_V01_S081_R01,25,1,81,233.02521943359952
C025_V03_S081_R01,25,3,81,85.49967726518233
C025_V03_S081_R02,25,3,81,90.18861691496592
C025_V03_S081_R03,25,3,81,107.18055448935444
C025_V05_S081_R01,25,5,81,28.581905682441377
C025_V05_S081_R02,25,5,81,95.02447321513924
C025_V05_S081_R03,25,5,81,76.8009129580395
C025_V05_S081_R04,25,5,81,85.49967726518233
C025_V05_S081_R05,25,5,81,44.598405203741166
C025_V01_S082_R01,25,1,82,233.1923529150056
C025_V03_S082_R01,25,3,82,77.22349995883302
C025_V03_S082_R02,25,3,82,118.84046413580622
C025_V03_S082_R03,25,3,82,66.48509460628222
C025_V05_S082_R01,25,5,82,52.280083900858486
C025_V05_S082_R02,25,5,82,66.48509460628222
C025_V05_S082_R03,25,5,82,43.234764456347705
C025_V05_S082_R04,25,5,82,39.83709827354857
C025_V05_S082_R05,25,5,82,99.32382798117683
C025_V01_S083_R01,25,1,83,246.4078999965901
C025_V03_S083_R01,25,3,83,97.76282371873926
C025_V03_S083_R02,25,3,83,100.33448615063824
C025_V03_S083_R03,25,3,83,67.16232118465446
C025_V05_S083_R01,25,5,83,38.991440145380274
C025_V05_S083_R02,25,5,83,91.4042162288375
C025_V05_S083_R03,25,5,83,80.70495638208938
C025_V05_S083_R04,25,5,83,40.597086033557005
C025_V05_S083_R05,25,5,83,47.237953098828704
C025_V01_S084_R01,25,1,84,338.4587371139551
C025_V03_S084_R01,25,3,84,143.2433615528984
C025_V03_S084_R02,25,3,84,105.34347990992906
C025_V03_S084_R03,25,3,84,104.14846484131724
C025_V05_S084_R01,25,5,84,76.36657581146582
C025_V05_S084_R02,25,5,84,86.29166195656451
C025_V05_S084_R03,25,5,84,89.31733811322917
C025_V05_S084_R04,25,5,84,43.66149775403973
C025_V05_S084_R05,25,5,84,104.14846484131724
C025_V01_S085_R01,25,1,85,260.0672034850431
C025_V03_S085_R01,25,3,85,86.53031540396327
C025_V03_S085_R02,25,3,85,145.53434874609968
C025_V03_S085_R03,25,3,85,68.99654388781602
C025_V05_S085_R01,25,5,85,91.03930612601556
C025_V05_S085_R02,25,5,85,68.99654388781602
C025_V05_S085_R03,25,5,85,48.14084190596133
C025_V05_S085_R04,25,5,85,119.7094702094559
C025_V05_S085_R05,25,5,85,39.16923396597696
C025_V01_S086_R01,25,1,86,204.48155355107548
C025_V03_S086_R01,25,3,86,76.16313013337047
C025_V03_S086_R02,25,3,86,104.33444080390844
C025_V03_S086_R03,25,3,86,45.6042818260411
C025_V05_S086_R01,25,5,86,71.03621709649158
C025_V05_S086_R02,25,5,86,30.285748272521964
C025_V05_S086_R03,25,5,86,61.71476236760357
C025_V05_S086_R04,25,5,86,94.92425450953014
C025_V05_S086_R05,25,5,86,31.947975842734813
C025_V01_S087_R01,25,1,87,196.51693778352805
C025_V03_S087_R01,25,3,87,85.8759453045573
C025_V03_S087_R02,25,3,87,91.15536655180446
C025_V03_S087_R03,25,3,87,78.60520647519674
C025_V05_S087_R01,25,5,87,84.88473535733762
C025_V05_S087_R02,25,5,87,84.72135477124073
C025_V05_S087_R03,25,5,87,37.71721847991725
C025_V05_S087_R04,25,5,87,54.78988956406836
C025_V05_S087_R05,25,5,87,53.367738033377705
C025_V01_S088_R01,25,1,88,242.54355090745392
C025_V03_S088_R01,25,3,88,86.16899049745484
C025_V03_S088_R02,25,3,88,72.25240368019323
C025_V03_S088_R03,25,3,88,93.47579733143871
C025_V05_S088_R01,25,5,88,49.93762807678241
C025_V05_S088_R02,25,5,88,57.96002617444674
C025_V05_S088_R03,25,5,88,93.47579733143871
C025_V05_S088_R04,25,5,88,48.39708687013496
C025_V05_S088_R05,25,5,88,52.02592287181725
C025_V01_S089_R01,25,1,89,219.6494263796108
C025_V03_S089_R01,25,3,89,69.59639500860506
C025_V03_S089_R02,25,3,89,124.23890478805971
C025_V03_S089_R03,25,3,89,70.5790978039113
C025_V05_S089_R01,25,5,89,50.75042506905725
C025_V05_S089_R02,25,5,89,86.29071085569576
C025_V05_S089_R03,25,5,89,50.14247841868106
C025_V05_S089_R04,25,5,89,46.3045271457792
C025_V05_S089_R05,25,5,89,97.17744781503184
C025_V01_S090_R01,25,1,90,166.2948928966382
C025_V03_S090_R01,25,3,90,74.73200618868262
C025_V03_S090_R02,25,3,90,71.93240985627753
C025_V03_S090_R03,25,3,90,68.6576570539841
C025_V05_S090_R01,25,5,90,66.66226379732998
C025_V05_S090_R02,25,5,90,64.52994586028171
C025_V05_S090_R03,25,5,90,39.5798593923661
C025_V05_S090_R04,25,5,90,40.6159933580707
C025_V05_S090_R05,25,5,90,52.3993377161444
C025_V01_S091_R01,25,1,91,205.4824386630665
C025_V03_S091_R01,25,3,91,80.60125343347204
C025_V03_S091_R02,25,3,91,66.24959507641765
C025_V03_S091_R03,25,3,91,81.0998292584612
C025_V05_S091_R01,25,5,91,37.116201679384005
C025_V05_S091_R02,25,5,91,80.60125343347204
C025_V05_S091_R03,25,5,91,65.07962337958875
C025_V05_S091_R04,25,5,91,46.21740126020613
C025_V05_S091_R05,25,5,91,39.24026223393203
C025_V01_S092_R01,25,1,92,244.8274021102063
C025_V03_S092_R01,25,3,92,51.68793524783616
C025_V03_S092_R02,25,3,92,114.14511374829746
C025_V03_S092_R03,25,3,92,96.47676548468137
C025_V05_S092_R01,25,5,92,96.47676548468137
C025_V05_S092_R02,25,5,92,35.288452603301806
C025_V05_S092_R03,25,5,92,59.01900317049072
C025_V05_S092_R04,25,5,92,48.56341099362939
C025_V05_S092_R05,25,5,92,76.82140108813823
C025_V01_S093_R01,25,1,93,214.4230874324719
C025_V03_S093_R01,25,3,93,100.79675756811454
C025_V03_S093_R02,25,3,93,83.76904818033685
C025_V03_S093_R03,25,3,93,76.78142580081308
C025_V05_S093_R01,25,5,93,57.27198609978296
C025_V05_S093_R02,25,5,93,70.98148638646526
C025_V05_S093_R03,25,5,93,56.404928452915215
C025_V05_S093_R04,25,5,93,50.12543661721634
C025_V05_S093_R05,25,5,93,80.63521268936174
C025_V01_S094_R01,25,1,94,248.1136464676183
C025_V03_S094_R01,25,3,94,74.39650051863029
C025_V03_S094_R02,25,3,94,77.32162735539801
C025_V03_S094_R03,25,3,94,108.80280968188056
C025_V05_S094_R01,25,5,94,44.989427866014395
C025_V05_S094_R02,25,5,94,81.76413294012642
C025_V05_S094_R03,25,5,94,60.37509316180336
C025_V05_S094_R04,25,5,94,76.54085753153949
C025_V05_S094_R05,25,5,94,38.47562020192751
C025_V01_S095_R01,25,1,95,209.16788614004432
C025_V03_S095_R01,25,3,95,59.699304634636704
C025_V03_S095_R02,25,3,95,91.35539123533584
C025_V03_S095_R03,25,3,95,65.34272457151843
C025_V05_S095_R01,25,5,95,65.34272457151843
C025_V05_S095_R02,25,5,95,63.777733039041294
C025_V05_S095_R03,25,5,95,35.494886803121354
C025_V05_S095_R04,25,5,95,47.06109750056796
C025_V05_S095_R05,25,5,95,72.86757135681121
C025_V01_S096_R01,25,1,96,228.5733539375279
C025_V03_S096_R01,25,3,96,96.07239165294963
C025_V03_S096_R02,25,3,96,98.27224739215654
C025_V03_S096_R03,25,3,96,82.31451293076263
C025_V05_S096_R01,25,5,96,65.9260690399991
C025_V05_S096_R02,25,5,96,90.54502884151576
C025_V05_S096_R03,25,5,96,50.61064314922318
C025_V05_S096_R04,25,5,96,92.34739082295972
C025_V05_S096_R05,25,5,96,39.467450176854165
C025_V01_S097_R01,25,1,97,190.0193769261047
C025_V03_S097_R01,25,3,97,60.268333078071294
C025_V03_S097_R02,25,3,97,87.49801986928469
C025_V03_S097_R03,25,3,97,70.1380074797012
C025_V05_S097_R01,25,5,97,48.41825193735179
C025_V05_S097_R02,25,5,97,26.35632880928588
C025_V05_S097_R03,25,5,97,33.87678583853329
C025_V05_S097_R04,25,5,97,70.1380074797012
C025_V05_S097_R05,25,5,97,60.268333078071294
C025_V01_S098_R01,25,1,98,223.220472361775
C025_V03_S098_R01,25,3,98,73.56810201359005
C025_V03_S098_R02,25,3,98,108.29371098925934
C025_V03_S098_R03,25,3,98,56.798224670239094
C025_V05_S098_R01,25,5,98,66.99620324280245
C025_V05_S098_R02,25,5,98,54.67563989926955
C025_V05_S098_R03,25,5,98,73.56810201359005
C025_V05_S098_R04,25,5,98,77.23801056960423
C025_V05_S098_R05,25,5,98,41.1301789081048
C025_V01_S099_R01,25,1,99,197.2697419799892
C025_V03_S099_R01,25,3,99,63.79582470955596
C025_V03_S099_R02,25,3,99,102.64730468634164
C025_V03_S099_R03,25,3,99,47.36076268255939
C025_V05_S099_R01,25,5,99,46.38996281838515
C025_V05_S099_R02,25,5,99,53.08242418674662
C025_V05_S099_R03,25,5,99,79.52878399925288
C025_V05_S099_R04,25,5,99,47.36076268255939
C025_V05_S099_R05,25,5,99,33.94644242690693
C025_V01_S100_R01,25,1,100,239.26601770298828
C025_V03_S100_R01,25,3,100,72.09331690227094
C025_V03_S100_R02,25,3,100,105.05013012524014
C025_V03_S100_R03,25,3,100,92.64488901881236
C025_V05_S100_R01,25,5,100,87.89529798207576
C025_V05_S100_R02,25,5,100,56.87635517431318
C025_V05_S100_R03,25,5,100,80.82687139286675
C025_V05_S100_R04,25,5,100,47.81369294049459
C025_V05_S100_R05,25,5,100,30.339330908889423
C050_V01_S001_R01,50,1,1,310.33617221824517
C050_V03_S001_R01,50,3,1,116.40840684359004
C050_V03_S001_R02,50,3,1,144.94664661352357
C050_V03_S001_R03,50,3,1,95.52798261239116
C050_V05_S001_R01,50,5,1,87.58091160509267
C050_V05_S001_R02,50,5,1,90.71455631168304
C050_V05_S001_R03,50,5,1,58.84062324246856
C050_V05_S001_R04,50,5,1,104.60239416131876
C050_V05_S001_R05,50,5,1,64.4077944238438
C050_V01_S002_R01,50,1,2,360.960656431658
C050_V03_S002_R01,50,3,2,127.78208452524892
C050_V03_S002_R02,50,3,2,173.97000259406389
C050_V03_S002_R03,50,3,2,89.98808737006372
C050_V05_S002_R01,50,5,2,89.98808737006372
C050_V05_S002_R02,50,5,2,144.11190290868993
C050_V05_S002_R03,50,5,2,60.059778054633746
C050_V05_S002_R04,50,5,2,57.22649181020853
C050_V05_S002_R05,50,5,2,49.053190779032086
C050_V01_S003_R01,50,1,3,344.9090193841446
C050_V03_S003_R01,50,3,3,111.35146072804756
C050_V03_S003_R02,50,3,3,135.0730693744603
C050_V03_S003_R03,50,3,3,156.8822900384135
C050_V05_S003_R01,50,5,3,45.81955038679613
C050_V05_S003_R02,50,5,3,133.81669736735475
C050_V05_S003_R03,50,5,3,87.21736348282279
C050_V05_S003_R04,50,5,3,50.462735878368065
C050_V05_S003_R05,50,5,3,57.89004796967929
C050_V01_S004_R01,50,1,4,385.5373093533952
C050_V03_S004_R01,50,3,4,126.29750475179117
C050_V03_S004_R02,50,3,4,153.69554235764662
C050_V03_S004_R03,50,3,4,125.74281061415805
C050_V05_S004_R01,50,5,4,74.86026572066267
C050_V05_S004_R02,50,5,4,107.26254515188222
C050_V05_S004_R03,50,5,4,112.99916939091676
C050_V05_S004_R04,50,5,4,64.44646184324927
C050_V05_S004_R05,50,5,4,104.51020042271816
C050_V01_S005_R01,50,1,5,322.2233234696273
C050_V03_S005_R01,50,3,5,136.96218197668605
C050_V03_S005_R02,50,3,5,122.3932899602569
C050_V03_S005_R03,50,3,5,116.11354025719427
C050_V05_S005_R01,50,5,5,60.56307037677449
C050_V05_S005_R02,50,5,5,71.04655470572453
C050_V05_S005_R03,50,5,5,107.58155103112747
C050_V05_S005_R04,50,5,5,80.59027497733834
C050_V05_S005_R05,50,5,5,88.61082698620733
C050_V01_S006_R01,50,1,6,281.16367556170326
C050_V03_S006_R01,50,3,6,121.90576100404184
C050_V03_S006_R02,50,3,6,112.99856107634996
C050_V03_S006_R03,50,3,6,114.58614944256696
C050_V05_S006_R01,50,5,6,79.25971591952677
C050_V05_S006_R02,50,5,6,48.07175795879196
C050_V05_S006_R03,50,5,6,45.53008172739827
C050_V05_S006_R04,50,5,6,121.90576100404184
C050_V05_S006_R05,50,5,6,74.73639661473302
C050_V01_S007_R01,50,1,7,299.31303543317256
C050_V03_S007_R01,50,3,7,104.80290042176196
C050_V03_S007_R02,50,3,7,141.91124209417669
C050_V03_S007_R03,50,3,7,89.79654656528433
C050_V05_S007_R01,50,5,7,56.537856939266995
C050_V05_S007_R02,50,5,7,91.8675097025326
C050_V05_S007_R03,50,5,7,89.79654656528433
C050_V05_S007_R04,50,5,7,107.37513823431668
C050_V05_S007_R05,50,5,7,54.296483847076985
C050_V01_S008_R01,50,1,8,289.8262026653446
C050_V03_S008_R01,50,3,8,131.32817152148152
C050_V03_S008_R02,50,3,8,111.4865693439434
C050_V03_S008_R03,50,3,8,93.0207968356282
C050_V05_S008_R01,50,5,8,94.67683567843416
C050_V05_S008_R02,50,5,8,73.23413098045181
C050_V05_S008_R03,50,5,8,59.752686066613734
C050_V05_S008_R04,50,5,8,51.57691174342678
C050_V05_S008_R05,50,5,8,92.39189480577105
C050_V01_S009_R01,50,1,9,329.8121498805023
C050_V03_S009_R01,50,3,9,124.6190249104342
C050_V03_S009_R02,50,3,9,151.0372850265581
C050_V03_S009_R03,50,3,9,119.86698012903406
C050_V05_S009_R01,50,5,9,69.77081720716578
C050_V05_S009_R02,50,5,9,119.86698012903406
C050_V05_S009_R03,50,5,9,53.957178208927026
C050_V05_S009_R04,50,5,9,46.69653186808371
C050_V05_S009_R05,50,5,9,107.09378261132346
C050_V01_S010_R01,50,1,10,398.06166380422326
C050_V03_S010_R01,50,3,10,139.91329614751572
C050_V03_S010_R02,50,3,10,183.27592185268736
C050_V03_S010_R03,50,3,10,64.75760086302265
C050_V05_S010_R01,50,5,10,124.61951484155053
C050_V05_S010_R02,50,5,10,118.35806144271343
C050_V05_S010_R03,50,5,10,71.45292972665662
C050_V05_S010_R04,50,5,10,71.15548655510631
C050_V05_S010_R05,50,5,10,111.80362128756964
C050_V01_S011_R01,50,1,11,332.1723916580995
C050_V03_S011_R01,50,3,11,161.67929050710933
C050_V03_S011_R02,50,3,11,82.16997049772507
C050_V03_S011_R03,50,3,11,119.6348271383624
C050_V05_S011_R01,50,5,11,92.86374699807138
C050_V05_S011_R02,50,5,11,82.16997049772507
C050_V05_S011_R03,50,5,11,114.79909089283228
C050_V05_S011_R04,50,5,11,83.41069730526547
C050_V05_S011_R05,50,5,11,56.45004637229363
C050_V01_S012_R01,50,1,12,300.79871558095147
C050_V03_S012_R01,50,3,12,79.46037475273855
C050_V03_S012_R02,50,3,12,172.71408871232805
C050_V03_S012_R03,50,3,12,108.57056077763932
C050_V05_S012_R01,50,5,12,79.87433452640386
C050_V05_S012_R02,50,5,12,79.46037475273855
C050_V05_S012_R03,50,5,12,60.67568255532622
C050_V05_S012_R04,50,5,12,108.57056077763932
C050_V05_S012_R05,50,5,12,45.21186934949622
C050_V01_S013_R01,50,1,13,306.6266016457416
C050_V03_S013_R01,50,3,13,90.45197856208576
C050_V03_S013_R02,50,3,13,140.43997976070406
C050_V03_S013_R03,50,3,13,87.02655461694923
C050_V05_S013_R01,50,5,13,104.35984976557286
C050_V05_S013_R02,50,5,13,78.04153528467876
C050_V05_S013_R03,50,5,13,67.5398416540487
C050_V05_S013_R04,50,5,13,92.38148047422683
C050_V05_S013_R05,50,5,13,67.96111830046671
C050_V01_S014_R01,50,1,14,316.2533171521435
C050_V03_S014_R01,50,3,14,130.66421251995604
C050_V03_S014_R02,50,3,14,113.4272670172898
C050_V03_S014_R03,50,3,14,92.2958682846253
C050_V05_S014_R01,50,5,14,57.555324415871574
C050_V05_S014_R02,50,5,14,104.60421493011062
C050_V05_S014_R03,50,5,14,93.36805063588062
C050_V05_S014_R04,50,5,14,55.01718548351537
C050_V05_S014_R05,50,5,14,88.0289478514567
C050_V01_S015_R01,50,1,15,288.4034061225358
C050_V03_S015_R01,50,3,15,104.35268075635076
C050_V03_S015_R02,50,3,15,112.787891509955
C050_V03_S015_R03,50,3,15,123.50791579777976
C050_V05_S015_R01,50,5,15,75.62776316394745
C050_V05_S015_R02,50,5,15,67.73304570123511
C050_V05_S015_R03,50,5,15,71.12549044169077
C050_V05_S015_R04,50,5,15,120.36322153425304
C050_V05_S015_R05,50,5,15,51.23571103923592
C050_V01_S016_R01,50,1,16,233.46406015911705
C050_V03_S016_R01,50,3,16,100.49308529796696
C050_V03_S016_R02,50,3,16,100.67543114064826
C050_V03_S016_R03,50,3,16,70.72702666245388
C050_V05_S016_R01,50,5,16,69.6823732795797
C050_V05_S016_R02,50,5,16,93.31744414628028
C050_V05_S016_R03,50,5,16,53.602698075279605
C050_V05_S016_R04,50,5,16,54.74111615433958
C050_V05_S016_R05,50,5,16,71.29270117686902
C050_V01_S017_R01,50,1,17,303.02873693359487
C050_V03_S017_R01,50,3,17,103.351828941448
C050_V03_S017_R02,50,3,17,135.47046775070643
C050_V03_S017_R03,50,3,17,88.51279678565652
C050_V05_S017_R01,50,5,17,51.32181274401941
C050_V05_S017_R02,50,5,17,94.71365097084276
C050_V05_S017_R03,50,5,17,102.77719017431224
C050_V05_S017_R04,50,5,17,115.50389377493973
C050_V05_S017_R05,50,5,17,51.87440482189161
C050_V01_S018_R01,50,1,18,272.00568173319425
C050_V03_S018_R01,50,3,18,85.70890296226543
C050_V03_S018_R02,50,3,18,131.70667857532516
C050_V03_S018_R03,50,3,18,110.48043333911312
C050_V05_S018_R01,50,5,18,50.69715147258576
C050_V05_S018_R02,50,5,18,71.25705955988313
C050_V05_S018_R03,50,5,18,81.0449762970448
C050_V05_S018_R04,50,5,18,52.85576190825623
C050_V05_S018_R05,50,5,18,89.32547557606262
C050_V01_S019_R01,50,1,19,332.80523850283146
C050_V03_S019_R01,50,3,19,154.58788031546274
C050_V03_S019_R02,50,3,19,70.89565829094852
C050_V03_S019_R03,50,3,19,133.5918787543398
C050_V05_S019_R01,50,5,19,66.83754159830822
C050_V05_S019_R02,50,5,19,98.28375220162552
C050_V05_S019_R03,50,5,19,104.98925006617236
C050_V05_S019_R04,50,5,19,83.77844163678704
C050_V05_S019_R05,50,5,19,55.15372376494847
C050_V01_S020_R01,50,1,20,368.4637663593018
C050_V03_S020_R01,50,3,20,106.18692719624262
C050_V03_S020_R02,50,3,20,161.81794316968566
C050_V03_S020_R03,50,3,20,138.3336612463479
C050_V05_S020_R01,50,5,20,69.90902556784351
C050_V05_S020_R02,50,5,20,91.05224107349986
C050_V05_S020_R03,50,5,20,88.63986166767376
C050_V05_S020_R04,50,5,20,112.66584053028228
C050_V05_S020_R05,50,5,20,77.76788261044472
C050_V01_S021_R01,50,1,21,312.3324056825877
C050_V03_S021_R01,50,3,21,108.78982536244088
C050_V03_S021_R02,50,3,21,147.5595980111531
C050_V03_S021_R03,50,3,21,99.34545100174188
C050_V05_S021_R01,50,5,21,57.69042872466385
C050_V05_S021_R02,50,5,21,80.87046645729211
C050_V05_S021_R03,50,5,21,83.90669182824769
C050_V05_S021_R04,50,5,21,61.857772505305455
C050_V05_S021_R05,50,5,21,119.88879081448084
C050_V01_S022_R01,50,1,22,296.4212421234241
C050_V03_S022_R01,50,3,22,118.58470283311252
C050_V03_S022_R02,50,3,22,136.82943817048024
C050_V03_S022_R03,50,3,22,74.66082619563117
C050_V05_S022_R01,50,5,22,59.74358465685405
C050_V05_S022_R02,50,5,22,118.58470283311252
C050_V05_S022_R03,50,5,22,60.03776812216362
C050_V05_S022_R04,50,5,22,66.7452040877695
C050_V05_S022_R05,50,5,22,66.18662898946974
C050_V01_S023_R01,50,1,23,300.37861692520056
C050_V03_S023_R01,50,3,23,114.83227309722652
C050_V03_S023_R02,50,3,23,119.86486292160704
C050_V03_S023_R03,50,3,23,104.54142731195536
C050_V05_S023_R01,50,5,23,82.60403736653073
C050_V05_S023_R02,50,5,23,109.10365129408166
C050_V05_S023_R03,50,5,23,54.13916678620083
C050_V05_S023_R04,50,5,23,71.62254656773946
C050_V05_S023_R05,50,5,23,73.87273485318435
C050_V01_S024_R01,50,1,24,323.82667376258297
C050_V03_S024_R01,50,3,24,78.2963150750133
C050_V03_S024_R02,50,3,24,168.28767931502267
C050_V03_S024_R03,50,3,24,128.77178965494107
C050_V05_S024_R01,50,5,24,56.0360694870566
C050_V05_S024_R02,50,5,24,62.45971751246367
C050_V05_S024_R03,50,5,24,115.26936931666005
C050_V05_S024_R04,50,5,24,82.2129691369178
C050_V05_S024_R05,50,5,24,90.4400964167002
C050_V01_S025_R01,50,1,25,284.9608099194642
C050_V03_S025_R01,50,3,25,85.56611780058068
C050_V03_S025_R02,50,3,25,124.49861478072792
C050_V03_S025_R03,50,3,25,111.5730180898453
C050_V05_S025_R01,50,5,25,72.84435996807488
C050_V05_S025_R02,50,5,25,85.56611780058068
C050_V05_S025_R03,50,5,25,102.17470650169012
C050_V05_S025_R04,50,5,25,33.83774396511886
C050_V05_S025_R05,50,5,25,52.90484724625183
C050_V01_S026_R01,50,1,26,314.7575847912074
C050_V03_S026_R01,50,3,26,93.6832495938382
C050_V03_S026_R02,50,3,26,132.5207705952158
C050_V03_S026_R03,50,3,26,101.46127662068491
C050_V05_S026_R01,50,5,26,91.48291866374508
C050_V05_S026_R02,50,5,26,59.53391106840346
C050_V05_S026_R03,50,5,26,78.32631053697366
C050_V05_S026_R04,50,5,26,93.6832495938382
C050_V05_S026_R05,50,5,26,46.18784842541268
C050_V01_S027_R01,50,1,27,285.96371934194656
C050_V03_S027_R01,50,3,27,141.36219772682236
C050_V03_S027_R02,50,3,27,101.32584345832996
C050_V03_S027_R03,50,3,27,78.57864289587613
C050_V05_S027_R01,50,5,27,100.7317550314542
C050_V05_S027_R02,50,5,27,59.76309825309207
C050_V05_S027_R03,50,5,27,57.63380289964496
C050_V05_S027_R04,50,5,27,81.82172693943645
C050_V05_S027_R05,50,5,27,52.24756428626882
C050_V01_S028_R01,50,1,28,341.695243466702
C050_V03_S028_R01,50,3,28,106.83935215394776
C050_V03_S028_R02,50,3,28,124.29454242043316
C050_V03_S028_R03,50,3,28,140.6884501851474
C050_V05_S028_R01,50,5,28,59.750592716920806
C050_V05_S028_R02,50,5,28,89.49023202774372
C050_V05_S028_R03,50,5,28,138.58292060632442
C050_V05_S028_R04,50,5,28,53.50197992584323
C050_V05_S028_R05,50,5,28,76.56760456014187
C050_V01_S029_R01,50,1,29,338.4324844362743
C050_V03_S029_R01,50,3,29,92.60924827634112
C050_V03_S029_R02,50,3,29,144.3901024432649
C050_V03_S029_R03,50,3,29,108.31354388789347
C050_V05_S029_R01,50,5,29,67.37378435640994
C050_V05_S029_R02,50,5,29,92.60924827634112
C050_V05_S029_R03,50,5,29,91.1671361267648
C050_V05_S029_R04,50,5,29,108.60486861646308
C050_V05_S029_R05,50,5,29,44.20413001616555
C050_V01_S030_R01,50,1,30,327.8309922891225
C050_V03_S030_R01,50,3,30,137.68608824477835
C050_V03_S030_R02,50,3,30,153.33671612912124
C050_V03_S030_R03,50,3,30,92.00407110702236
C050_V05_S030_R01,50,5,30,64.691174380186
C050_V05_S030_R02,50,5,30,68.81376455871275
C050_V05_S030_R03,50,5,30,81.51125930114489
C050_V05_S030_R04,50,5,30,86.65462995482304
C050_V05_S030_R05,50,5,30,114.8573942565989
C050_V01_S031_R01,50,1,31,306.8034450990595
C050_V03_S031_R01,50,3,31,125.22787712896589
C050_V03_S031_R02,50,3,31,126.84341271503756
C050_V03_S031_R03,50,3,31,85.01314539871757
C050_V05_S031_R01,50,5,31,77.08476754927091
C050_V05_S031_R02,50,5,31,64.8208778040151
C050_V05_S031_R03,50,5,31,120.81481524135964
C050_V05_S031_R04,50,5,31,64.5251873433029
C050_V05_S031_R05,50,5,31,52.95499242204685
C050_V01_S032_R01,50,1,32,288.2072252638523
C050_V03_S032_R01,50,3,32,125.213676963914
C050_V03_S032_R02,50,3,32,72.71913440719496
C050_V03_S032_R03,50,3,32,133.4216560773491
C050_V05_S032_R01,50,5,32,68.60172551572363
C050_V05_S032_R02,50,5,32,100.98249787227368
C050_V05_S032_R03,50,5,32,67.53110575888007
C050_V05_S032_R04,50,5,32,74.31556465749664
C050_V05_S032_R05,50,5,32,62.62938068982997
C050_V01_S033_R01,50,1,33,307.8245514143924
C050_V03_S033_R01,50,3,33,115.5864043584937
C050_V03_S033_R02,50,3,33,133.0616976896452
C050_V03_S033_R03,50,3,33,89.28000011615127
C050_V05_S033_R01,50,5,33,52.67316807912644
C050_V05_S033_R02,50,5,33,112.24704746356906
C050_V05_S033_R03,50,5,33,62.17186383327367
C050_V05_S033_R04,50,5,33,90.1916155890662
C050_V05_S033_R05,50,5,33,53.54470106764891
C050_V01_S034_R01,50,1,34,307.20571586948245
C050_V03_S034_R01,50,3,34,119.27583946093512
C050_V03_S034_R02,50,3,34,103.87881349370534
C050_V03_S034_R03,50,3,34,113.89137760691924
C050_V05_S034_R01,50,5,34,65.45929327577441
C050_V05_S034_R02,50,5,34,78.76711107074169
C050_V05_S034_R03,50,5,34,89.46166286881837
C050_V05_S034_R04,50,5,34,64.47233445918648
C050_V05_S034_R05,50,5,34,78.9983553876239
C050_V01_S035_R01,50,1,35,306.67526079747
C050_V03_S035_R01,50,3,35,160.5025197094581
C050_V03_S035_R02,50,3,35,113.73783833176724
C050_V03_S035_R03,50,3,35,98.72486655305464
C050_V05_S035_R01,50,5,35,94.63959432383028
C050_V05_S035_R02,50,5,35,92.6655984932718
C050_V05_S035_R03,50,5,35,51.42531247589559
C050_V05_S035_R04,50,5,35,95.49452436852482
C050_V05_S035_R05,50,5,35,91.61263691924164
C050_V01_S036_R01,50,1,36,319.82930785833935
C050_V03_S036_R01,50,3,36,100.88531774021573
C050_V03_S036_R02,50,3,36,140.64348136141967
C050_V03_S036_R03,50,3,36,94.6604368906645
C050_V05_S036_R01,50,5,36,62.78630046411794
C050_V05_S036_R02,50,5,36,58.07777499733389
C050_V05_S036_R03,50,5,36,100.88739982025407
C050_V05_S036_R04,50,5,36,85.44642823911113
C050_V05_S036_R05,50,5,36,87.13499745511378
C050_V01_S037_R01,50,1,37,307.6200409783161
C050_V03_S037_R01,50,3,37,117.8853279324086
C050_V03_S037_R02,50,3,37,110.09623566680558
C050_V03_S037_R03,50,3,37,88.72830136822918
C050_V05_S037_R01,50,5,37,86.83775328631725
C050_V05_S037_R02,50,5,37,71.3816597803476
C050_V05_S037_R03,50,5,37,73.4558015212759
C050_V05_S037_R04,50,5,37,61.44490314808172
C050_V05_S037_R05,50,5,37,88.81053892809392
C050_V01_S038_R01,50,1,38,326.746601008148
C050_V03_S038_R01,50,3,38,86.90875627740061
C050_V03_S038_R02,50,3,38,147.77285894335293
C050_V03_S038_R03,50,3,38,105.9065322858798
C050_V05_S038_R01,50,5,38,91.5183234902693
C050_V05_S038_R02,50,5,38,80.32264403021662
C050_V05_S038_R03,50,5,38,89.32726763693496
C050_V05_S038_R04,50,5,38,68.37973415785851
C050_V05_S038_R05,50,5,38,82.70101851910908
C050_V01_S039_R01,50,1,39,313.69069526851325
C050_V03_S039_R01,50,3,39,94.96874186235272
C050_V03_S039_R02,50,3,39,128.69691724393024
C050_V03_S039_R03,50,3,39,101.55460364163312
C050_V05_S039_R01,50,5,39,84.25963770593245
C050_V05_S039_R02,50,5,39,58.135680651141186
C050_V05_S039_R03,50,5,39,111.26185221631916
C050_V05_S039_R04,50,5,39,52.75210489474488
C050_V05_S039_R05,50,5,39,49.73933153577448
C050_V01_S040_R01,50,1,40,381.58205049008143
C050_V03_S040_R01,50,3,40,100.82009049633189
C050_V03_S040_R02,50,3,40,162.2889563941606
C050_V03_S040_R03,50,3,40,92.6215876249847
C050_V05_S040_R01,50,5,40,92.05022072286948
C050_V05_S040_R02,50,5,40,67.78865748819
C050_V05_S040_R03,50,5,40,110.31001307263246
C050_V05_S040_R04,50,5,40,105.296513936439
C050_V05_S040_R05,50,5,40,53.18315512249816
C050_V01_S041_R01,50,1,41,279.3504351914316
C050_V03_S041_R01,50,3,41,86.9788233829635
C050_V03_S041_R02,50,3,41,114.25001996276222
C050_V03_S041_R03,50,3,41,124.04032802311303
C050_V05_S041_R01,50,5,41,41.19988944711412
C050_V05_S041_R02,50,5,41,114.25001996276222
C050_V05_S041_R03,50,5,41,81.28429547912793
C050_V05_S041_R04,50,5,41,48.39196155984123
C050_V05_S041_R05,50,5,41,52.99115926285967
C050_V01_S042_R01,50,1,42,348.9804947461706
C050_V03_S042_R01,50,3,42,142.1544523607816
C050_V03_S042_R02,50,3,42,152.29700221978086
C050_V03_S042_R03,50,3,42,101.0219333680522
C050_V05_S042_R01,50,5,42,69.20572826776637
C050_V05_S042_R02,50,5,42,95.90468306497326
C050_V05_S042_R03,50,5,42,88.74626773226024
C050_V05_S042_R04,50,5,42,56.04689872054187
C050_V05_S042_R05,50,5,42,101.87416301002916
C050_V01_S043_R01,50,1,43,324.51849680149314
C050_V03_S043_R01,50,3,43,121.79156211782222
C050_V03_S043_R02,50,3,43,131.00418108288187
C050_V03_S043_R03,50,3,43,72.72583113300632
C050_V05_S043_R01,50,5,43,65.13669881821379
C050_V05_S043_R02,50,5,43,97.75480399409838
C050_V05_S043_R03,50,5,43,96.9584516997418
C050_V05_S043_R04,50,5,43,46.11466905645885
C050_V05_S043_R05,50,5,43,82.99986957979743
C050_V01_S044_R01,50,1,44,293.1830269418226
C050_V03_S044_R01,50,3,44,116.56607524944587
C050_V03_S044_R02,50,3,44,112.31014256942608
C050_V03_S044_R03,50,3,44,118.48544721476252
C050_V05_S044_R01,50,5,44,102.55391746053552
C050_V05_S044_R02,50,5,44,50.44428774010587
C050_V05_S044_R03,50,5,44,104.61601497841426
C050_V05_S044_R04,50,5,44,53.01096082708531
C050_V05_S044_R05,50,5,44,59.19815406736152
C050_V01_S045_R01,50,1,45,336.8941010463435
C050_V03_S045_R01,50,3,45,102.03765787823056
C050_V03_S045_R02,50,3,45,145.73790447492462
C050_V03_S045_R03,50,3,45,137.6435879270663
C050_V05_S045_R01,50,5,45,55.269914505941955
C050_V05_S045_R02,50,5,45,118.71749820287108
C050_V05_S045_R03,50,5,45,73.80368080013956
C050_V05_S045_R04,50,5,45,102.03765787823056
C050_V05_S045_R05,50,5,45,55.15953363248052
C050_V01_S046_R01,50,1,46,333.73217142990933
C050_V03_S046_R01,50,3,46,135.1142277587894
C050_V03_S046_R02,50,3,46,130.09785731233217
C050_V03_S046_R03,50,3,46,129.52924882055808
C050_V05_S046_R01,50,5,46,100.72314671050924
C050_V05_S046_R02,50,5,46,68.22565676386003
C050_V05_S046_R03,50,5,46,90.94746348961336
C050_V05_S046_R04,50,5,46,62.25723198374487
C050_V05_S046_R05,50,5,46,76.85962241710116
C050_V01_S047_R01,50,1,47,306.4713615224667
C050_V03_S047_R01,50,3,47,118.62719596675646
C050_V03_S047_R02,50,3,47,126.09207438825224
C050_V03_S047_R03,50,3,47,78.85488379250805
C050_V05_S047_R01,50,5,47,70.03781008658679
C050_V05_S047_R02,50,5,47,110.13931126051642
C050_V05_S047_R03,50,5,47,56.9717787918662
C050_V05_S047_R04,50,5,47,64.9357161556118
C050_V05_S047_R05,50,5,47,102.07393674404688
C050_V01_S048_R01,50,1,48,289.80524510149337
C050_V03_S048_R01,50,3,48,103.52076103725258
C050_V03_S048_R02,50,3,48,104.71539203903863
C050_V03_S048_R03,50,3,48,139.14366972225477
C050_V05_S048_R01,50,5,48,103.52076103725258
C050_V05_S048_R02,50,5,48,104.70520425212328
C050_V05_S048_R03,50,5,48,45.516706146951776
C050_V05_S048_R04,50,5,48,48.48476793833249
C050_V05_S048_R05,50,5,48,53.06599829265753
C050_V01_S049_R01,50,1,49,324.27254521014737
C050_V03_S049_R01,50,3,49,82.27349096846316
C050_V03_S049_R02,50,3,49,173.18036302608192
C050_V03_S049_R03,50,3,49,114.90403324817134
C050_V05_S049_R01,50,5,49,54.102831774796854
C050_V05_S049_R02,50,5,49,122.1873069474874
C050_V05_S049_R03,50,5,49,71.19000169161473
C050_V05_S049_R04,50,5,49,90.27591789299304
C050_V05_S049_R05,50,5,49,78.41796306530789
C050_V01_S050_R01,50,1,50,306.6898475329073
C050_V03_S050_R01,50,3,50,133.08994212635758
C050_V03_S050_R02,50,3,50,131.0759049832838
C050_V03_S050_R03,50,3,50,95.94147240315291
C050_V05_S050_R01,50,5,50,65.45197514053221
C050_V05_S050_R02,50,5,50,116.75157563961749
C050_V05_S050_R03,50,5,50,80.2979574237595
C050_V05_S050_R04,50,5,50,62.60646909617798
C050_V05_S050_R05,50,5,50,72.55112847186473
C050_V01_S051_R01,50,1,51,357.1576175970255
C050_V03_S051_R01,50,3,51,136.22322555184226
C050_V03_S051_R02,50,3,51,201.2604527752973
C050_V03_S051_R03,50,3,51,90.13974899189748
C050_V05_S051_R01,50,5,51,113.70173667167106
C050_V05_S051_R02,50,5,51,102.72743537658184
C050_V05_S051_R03,50,5,51,64.38547514515518
C050_V05_S051_R04,50,5,51,74.7559834499534
C050_V05_S051_R05,50,5,51,90.13974899189748
C050_V01_S052_R01,50,1,52,315.22608282074776
C050_V03_S052_R01,50,3,52,115.0432796398149
C050_V03_S052_R02,50,3,52,127.60914633469864
C050_V03_S052_R03,50,3,52,84.94400542651047
C050_V05_S052_R01,50,5,52,51.303249368278514
C050_V05_S052_R02,50,5,52,57.06679692569501
C050_V05_S052_R03,50,5,52,68.4244118310881
C050_V05_S052_R04,50,5,52,126.19809978274628
C050_V05_S052_R05,50,5,52,48.85978170733527
C050_V01_S053_R01,50,1,53,363.0621479556687
C050_V03_S053_R01,50,3,53,100.92993488125934
C050_V03_S053_R02,50,3,53,145.2592176153183
C050_V03_S053_R03,50,3,53,137.27157972877436
C050_V05_S053_R01,50,5,53,64.46119531154034
C050_V05_S053_R02,50,5,53,115.52458005433084
C050_V05_S053_R03,50,5,53,97.0304049758638
C050_V05_S053_R04,50,5,53,64.69744603320939
C050_V05_S053_R05,50,5,53,65.90474311777305
C050_V01_S054_R01,50,1,54,337.70564511289183
C050_V03_S054_R01,50,3,54,129.93336910072136
C050_V03_S054_R02,50,3,54,156.9354149107741
C050_V03_S054_R03,50,3,54,129.5315669417403
C050_V05_S054_R01,50,5,54,69.86930534549496
C050_V05_S054_R02,50,5,54,109.01027146537696
C050_V05_S054_R03,50,5,54,112.62209988169288
C050_V05_S054_R04,50,5,54,71.31356805737956
C050_V05_S054_R05,50,5,54,106.525397348408
C050_V01_S055_R01,50,1,55,283.60580429518893
C050_V03_S055_R01,50,3,55,85.72274223303691
C050_V03_S055_R02,50,3,55,117.42083692870658
C050_V03_S055_R03,50,3,55,131.84709068410334
C050_V05_S055_R01,50,5,55,81.3532440641631
C050_V05_S055_R02,50,5,55,64.67804615301333
C050_V05_S055_R03,50,5,55,63.45354206929319
C050_V05_S055_R04,50,5,55,130.93259660776604
C050_V05_S055_R05,50,5,55,49.66264284072424
C050_V01_S056_R01,50,1,56,347.9153901455685
C050_V03_S056_R01,50,3,56,92.38237203321204
C050_V03_S056_R02,50,3,56,168.53511508306843
C050_V03_S056_R03,50,3,56,102.0813505777832
C050_V05_S056_R01,50,5,56,55.66107554881778
C050_V05_S056_R02,50,5,56,123.2057666495882
C050_V05_S056_R03,50,5,56,77.16258403322917
C050_V05_S056_R04,50,5,56,129.33114018114273
C050_V05_S056_R05,50,5,56,54.2282421312579
C050_V01_S057_R01,50,1,57,288.6753912871003
C050_V03_S057_R01,50,3,57,111.36156088644248
C050_V03_S057_R02,50,3,57,102.8676431696182
C050_V03_S057_R03,50,3,57,98.80392332748136
C050_V05_S057_R01,50,5,57,74.13228460721695
C050_V05_S057_R02,50,5,57,71.67348511266512
C050_V05_S057_R03,50,5,57,86.05111622678558
C050_V05_S057_R04,50,5,57,52.93060179955334
C050_V05_S057_R05,50,5,57,61.32949532157405
C050_V01_S058_R01,50,1,58,354.8244963930295
C050_V03_S058_R01,50,3,58,140.22003149953343
C050_V03_S058_R02,50,3,58,159.457620315981
C050_V03_S058_R03,50,3,58,87.33402327410869
C050_V05_S058_R01,50,5,58,83.04963856936442
C050_V05_S058_R02,50,5,58,159.457620315981
C050_V05_S058_R03,50,5,58,66.73959793521485
C050_V05_S058_R04,50,5,58,44.42191099665783
C050_V05_S058_R05,50,5,58,59.333449021784745
C050_V01_S059_R01,50,1,59,290.82392421070466
C050_V03_S059_R01,50,3,59,85.97277277274175
C050_V03_S059_R02,50,3,59,131.5196544189847
C050_V03_S059_R03,50,3,59,118.1656865467645
C050_V05_S059_R01,50,5,59,99.84865346457995
C050_V05_S059_R02,50,5,59,100.24715885695277
C050_V05_S059_R03,50,5,59,61.351143319007306
C050_V05_S059_R04,50,5,59,75.19230898712698
C050_V05_S059_R05,50,5,59,46.70407695741217
C050_V01_S060_R01,50,1,60,310.65878891160855
C050_V03_S060_R01,50,3,60,115.34217058538624
C050_V03_S060_R02,50,3,60,125.65711166953152
C050_V03_S060_R03,50,3,60,113.15720844606874
C050_V05_S060_R01,50,5,60,56.59503173110275
C050_V05_S060_R02,50,5,60,125.65711166953152
C050_V05_S060_R03,50,5,60,52.64975476551315
C050_V05_S060_R04,50,5,60,90.4484975227378
C050_V05_S060_R05,50,5,60,46.689004449415485
C050_V01_S061_R01,50,1,61,308.36156810307364
C050_V03_S061_R01,50,3,61,111.8905124523472
C050_V03_S061_R02,50,3,61,121.0459209078074
C050_V03_S061_R03,50,3,61,87.61140138248902
C050_V05_S061_R01,50,5,61,69.27500577431589
C050_V05_S061_R02,50,5,61,124.82961308444315
C050_V05_S061_R03,50,5,61,70.3451110775217
C050_V05_S061_R04,50,5,61,60.59749394448461
C050_V05_S061_R05,50,5,61,54.05361566260362
C050_V01_S062_R01,50,1,62,301.50194144032974
C050_V03_S062_R01,50,3,62,103.48430928349262
C050_V03_S062_R02,50,3,62,94.8456255437038
C050_V03_S062_R03,50,3,62,134.08974151547014
C050_V05_S062_R01,50,5,62,61.96210125866224
C050_V05_S062_R02,50,5,62,91.63413079519592
C050_V05_S062_R03,50,5,62,75.56743173499925
C050_V05_S062_R04,50,5,62,55.63513618552021
C050_V05_S062_R05,50,5,62,93.8671548920062
C050_V01_S063_R01,50,1,63,252.90165222860125
C050_V03_S063_R01,50,3,63,98.14303645135176
C050_V03_S063_R02,50,3,63,98.78066496600592
C050_V03_S063_R03,50,3,63,128.26733321740576
C050_V05_S063_R01,50,5,63,100.65948459268796
C050_V05_S063_R02,50,5,63,74.44944927839255
C050_V05_S063_R03,50,5,63,43.18062924082987
C050_V05_S063_R04,50,5,63,63.974580901528455
C050_V05_S063_R05,50,5,63,77.33403474384217
C050_V01_S064_R01,50,1,64,367.228552485588
C050_V03_S064_R01,50,3,64,116.08531125908569
C050_V03_S064_R02,50,3,64,171.0910572869071
C050_V03_S064_R03,50,3,64,99.6606533013056
C050_V05_S064_R01,50,5,64,99.6606533013056
C050_V05_S064_R02,50,5,64,70.8948400337284
C050_V05_S064_R03,50,5,64,99.83724774266804
C050_V05_S064_R04,50,5,64,67.49486055036452
C050_V05_S064_R05,50,5,64,112.57990150783402
C050_V01_S065_R01,50,1,65,332.73123243794987
C050_V03_S065_R01,50,3,65,71.2093300776125
C050_V03_S065_R02,50,3,65,155.4802242043998
C050_V03_S065_R03,50,3,65,121.15311314660096
C050_V05_S065_R01,50,5,65,46.14701322416521
C050_V05_S065_R02,50,5,65,147.33692613896878
C050_V05_S065_R03,50,5,65,60.82431211620146
C050_V05_S065_R04,50,5,65,71.2093300776125
C050_V05_S065_R05,50,5,65,49.3335409125021
C050_V01_S066_R01,50,1,66,287.2903471826585
C050_V03_S066_R01,50,3,66,79.60051592652124
C050_V03_S066_R02,50,3,66,109.8819154860706
C050_V03_S066_R03,50,3,66,141.99813406973095
C050_V05_S066_R01,50,5,66,65.75450251237422
C050_V05_S066_R02,50,5,66,118.15905767226438
C050_V05_S066_R03,50,5,66,79.60051592652124
C050_V05_S066_R04,50,5,66,62.8455757140891
C050_V05_S066_R05,50,5,66,42.31043335635683
C050_V01_S067_R01,50,1,67,308.14539773885974
C050_V03_S067_R01,50,3,67,117.79480216530106
C050_V03_S067_R02,50,3,67,130.9220328559689
C050_V03_S067_R03,50,3,67,93.47624960312837
C050_V05_S067_R01,50,5,67,76.8717608276142
C050_V05_S067_R02,50,5,67,99.90119352212908
C050_V05_S067_R03,50,5,67,72.86445794072111
C050_V05_S067_R04,50,5,67,54.831601537784344
C050_V05_S067_R05,50,5,67,94.902056427625
C050_V01_S068_R01,50,1,68,389.1358471006363
C050_V03_S068_R01,50,3,68,175.30951742590173
C050_V03_S068_R02,50,3,68,119.50411302420954
C050_V03_S068_R03,50,3,68,80.29286338083786
C050_V05_S068_R01,50,5,68,47.234746171132294
C050_V05_S068_R02,50,5,68,171.88308298481957
C050_V05_S068_R03,50,5,68,73.01180198448893
C050_V05_S068_R04,50,5,68,68.81648691913277
C050_V05_S068_R05,50,5,68,66.15525634730187
C050_V01_S069_R01,50,1,69,310.3583232829462
C050_V03_S069_R01,50,3,69,128.6059452754488
C050_V03_S069_R02,50,3,69,106.07894544252883
C050_V03_S069_R03,50,3,69,130.03727836101345
C050_V05_S069_R01,50,5,69,66.3653429192661
C050_V05_S069_R02,50,5,69,57.4660861852722
C050_V05_S069_R03,50,5,69,57.64187293032656
C050_V05_S069_R04,50,5,69,120.52642322346034
C050_V05_S069_R05,50,5,69,75.70915228658158
C050_V01_S070_R01,50,1,70,305.2783478966432
C050_V03_S070_R01,50,3,70,134.88873649884593
C050_V03_S070_R02,50,3,70,102.65426424310364
C050_V03_S070_R03,50,3,70,92.50040110549776
C050_V05_S070_R01,50,5,70,125.46142350702422
C050_V05_S070_R02,50,5,70,77.07094444509634
C050_V05_S070_R03,50,5,70,90.32305555174752
C050_V05_S070_R04,50,5,70,70.5993809117858
C050_V05_S070_R05,50,5,70,69.94066722458545
C050_V01_S071_R01,50,1,71,332.80297073607466
C050_V03_S071_R01,50,3,71,130.68600041305922
C050_V03_S071_R02,50,3,71,109.79303566448444
C050_V03_S071_R03,50,3,71,129.7698113990975
C050_V05_S071_R01,50,5,71,81.76261715558718
C050_V05_S071_R02,50,5,71,47.46317411923876
C050_V05_S071_R03,50,5,71,83.00366324525726
C050_V05_S071_R04,50,5,71,107.60085520585103
C050_V05_S071_R05,50,5,71,49.95942008091683
C050_V01_S072_R01,50,1,72,356.1452388789764
C050_V03_S072_R01,50,3,72,121.76821351066502
C050_V03_S072_R02,50,3,72,122.26854722542888
C050_V03_S072_R03,50,3,72,137.49906347772182
C050_V05_S072_R01,50,5,72,76.58767369359823
C050_V05_S072_R02,50,5,72,63.57201329340191
C050_V05_S072_R03,50,5,72,122.9292961786296
C050_V05_S072_R04,50,5,72,71.64050329719075
C050_V05_S072_R05,50,5,72,61.9961643135627
C050_V01_S073_R01,50,1,73,388.1370658247222
C050_V03_S073_R01,50,3,73,102.43853076418468
C050_V03_S073_R02,50,3,73,194.9964842451651
C050_V03_S073_R03,50,3,73,93.05957659062626
C050_V05_S073_R01,50,5,73,39.58178080244883
C050_V05_S073_R02,50,5,73,156.00950963094476
C050_V05_S073_R03,50,5,73,73.79783016407853
C050_V05_S073_R04,50,5,73,55.25908203190313
C050_V05_S073_R05,50,5,73,83.92950885879259
C050_V01_S074_R01,50,1,74,298.3489447634109
C050_V03_S074_R01,50,3,74,120.97783729953092
C050_V03_S074_R02,50,3,74,99.30277759934935
C050_V03_S074_R03,50,3,74,99.05494753140202
C050_V05_S074_R01,50,5,74,55.21316318020156
C050_V05_S074_R02,50,5,74,74.35999654424919
C050_V05_S074_R03,50,5,74,61.23285070945626
C050_V05_S074_R04,50,5,74,99.05494753140202
C050_V05_S074_R05,50,5,74,56.33961542352872
C050_V01_S075_R01,50,1,75,357.9497193250801
C050_V03_S075_R01,50,3,75,130.45814606294283
C050_V03_S075_R02,50,3,75,163.55874403206667
C050_V03_S075_R03,50,3,75,107.44052852261832
C050_V05_S075_R01,50,5,75,66.63551257528978
C050_V05_S075_R02,50,5,75,115.3692337939121
C050_V05_S075_R03,50,5,75,95.08034028961498
C050_V05_S075_R04,50,5,75,107.00096345266368
C050_V05_S075_R05,50,5,75,99.33724068964024
C050_V01_S076_R01,50,1,76,323.47506891365947
C050_V03_S076_R01,50,3,76,184.1301822500793
C050_V03_S076_R02,50,3,76,101.26155664592572
C050_V03_S076_R03,50,3,76,106.66833748785665
C050_V05_S076_R01,50,5,76,101.18040081834113
C050_V05_S076_R02,50,5,76,82.16989879728375
C050_V05_S076_R03,50,5,76,106.66833748785665
C050_V05_S076_R04,50,5,76,65.52401713651369
C050_V05_S076_R05,50,5,76,99.81523997771455
C050_V01_S077_R01,50,1,77,334.65206398901
C050_V03_S077_R01,50,3,77,103.7762261037173
C050_V03_S077_R02,50,3,77,105.79141724309586
C050_V03_S077_R03,50,3,77,129.18157474283626
C050_V05_S077_R01,50,5,77,50.1258863274367
C050_V05_S077_R02,50,5,77,88.49308257280667
C050_V05_S077_R03,50,5,77,74.68530479937198
C050_V05_S077_R04,50,5,77,103.9850812695871
C050_V05_S077_R05,50,5,77,52.966813552904085
C050_V01_S078_R01,50,1,78,271.0395300065409
C050_V03_S078_R01,50,3,78,101.76554369540088
C050_V03_S078_R02,50,3,78,101.3664464147831
C050_V03_S078_R03,50,3,78,113.55860007810162
C050_V05_S078_R01,50,5,78,70.57666648666543
C050_V05_S078_R02,50,5,78,91.76468048631833
C050_V05_S078_R03,50,5,78,61.864602938237
C050_V05_S078_R04,50,5,78,71.82603640451663
C050_V05_S078_R05,50,5,78,62.008739197874576
C050_V01_S079_R01,50,1,79,314.29149191697667
C050_V03_S079_R01,50,3,79,121.12844070726442
C050_V03_S079_R02,50,3,79,91.44396167866933
C050_V03_S079_R03,50,3,79,126.30757885942802
C050_V05_S079_R01,50,5,79,76.0556051717478
C050_V05_S079_R02,50,5,79,107.7967065949646
C050_V05_S079_R03,50,5,79,77.59388369552622
C050_V05_S079_R04,50,5,79,80.23163928551072
C050_V05_S079_R05,50,5,79,71.62566949385757
C050_V01_S080_R01,50,1,80,284.45812626692026
C050_V03_S080_R01,50,3,80,120.89578498901702
C050_V03_S080_R02,50,3,80,94.72958849692426
C050_V03_S080_R03,50,3,80,111.80910976420913
C050_V05_S080_R01,50,5,80,59.86718281982674
C050_V05_S080_R02,50,5,80,46.98622401031905
C050_V05_S080_R03,50,5,80,61.37773194479081
C050_V05_S080_R04,50,5,80,111.80910976420913
C050_V05_S080_R05,50,5,80,70.27793490250174
C050_V01_S081_R01,50,1,81,315.91642974260924
C050_V03_S081_R01,50,3,81,167.43050081821104
C050_V03_S081_R02,50,3,81,108.6382440521775
C050_V03_S081_R03,50,3,81,56.35706877621856
C050_V05_S081_R01,50,5,81,64.24256122859337
C050_V05_S081_R02,50,5,81,78.15641821139756
C050_V05_S081_R03,50,5,81,118.96690333727778
C050_V05_S081_R04,50,5,81,56.35706877621856
C050_V05_S081_R05,50,5,81,55.227562816550375
C050_V01_S082_R01,50,1,82,344.0956143146088
C050_V03_S082_R01,50,3,82,120.32944662613446
C050_V03_S082_R02,50,3,82,151.23197406548294
C050_V03_S082_R03,50,3,82,104.40832199328088
C050_V05_S082_R01,50,5,82,61.97305660510346
C050_V05_S082_R02,50,5,82,112.40347874461744
C050_V05_S082_R03,50,5,82,76.08465749516571
C050_V05_S082_R04,50,5,82,130.45994885973312
C050_V05_S082_R05,50,5,82,72.55570969539615
C050_V01_S083_R01,50,1,83,352.94259707635524
C050_V03_S083_R01,50,3,83,95.29782738363282
C050_V03_S083_R02,50,3,83,188.6929824129351
C050_V03_S083_R03,50,3,83,101.3198317326821
C050_V05_S083_R01,50,5,83,89.23766587703219
C050_V05_S083_R02,50,5,83,103.69812977144898
C050_V05_S083_R03,50,5,83,95.29782738363282
C050_V05_S083_R04,50,5,83,68.94398337096492
C050_V05_S083_R05,50,5,83,123.72316904040892
C050_V01_S084_R01,50,1,84,310.8445052886737
C050_V03_S084_R01,50,3,84,120.96299008859673
C050_V03_S084_R02,50,3,84,82.09101065665814
C050_V03_S084_R03,50,3,84,140.96997084434304
C050_V05_S084_R01,50,5,84,41.19186877227015
C050_V05_S084_R02,50,5,84,118.80395644447292
C050_V05_S084_R03,50,5,84,77.98790845895533
C050_V05_S084_R04,50,5,84,90.34800084430448
C050_V05_S084_R05,50,5,84,71.26955535847213
C050_V01_S085_R01,50,1,85,297.24557888508383
C050_V03_S085_R01,50,3,85,93.0914709062929
C050_V03_S085_R02,50,3,85,124.56984882141084
C050_V03_S085_R03,50,3,85,111.27476780259744
C050_V05_S085_R01,50,5,85,41.953048270835254
C050_V05_S085_R02,50,5,85,111.27476780259744
C050_V05_S085_R03,50,5,85,50.17184385086367
C050_V05_S085_R04,50,5,85,86.19942097998775
C050_V05_S085_R05,50,5,85,63.22609141397814
C050_V01_S086_R01,50,1,86,283.3509914347897
C050_V03_S086_R01,50,3,86,125.66446540761537
C050_V03_S086_R02,50,3,86,124.63859585659974
C050_V03_S086_R03,50,3,86,72.36911456060749
C050_V05_S086_R01,50,5,86,80.91386246356325
C050_V05_S086_R02,50,5,86,67.09302964120373
C050_V05_S086_R03,50,5,86,77.08172379444049
C050_V05_S086_R04,50,5,86,103.52682125090192
C050_V05_S086_R05,50,5,86,75.35697884965101
C050_V01_S087_R01,50,1,87,317.42175613022664
C050_V03_S087_R01,50,3,87,86.87466200028095
C050_V03_S087_R02,50,3,87,125.6104551098734
C050_V03_S087_R03,50,3,87,119.2383140201543
C050_V05_S087_R01,50,5,87,65.33070903264276
C050_V05_S087_R02,50,5,87,58.786877940294666
C050_V05_S087_R03,50,5,87,83.0002909223592
C050_V05_S087_R04,50,5,87,121.30984410686018
C050_V05_S087_R05,50,5,87,51.224036175549024
C050_V01_S088_R01,50,1,88,342.97001455317655
C050_V03_S088_R01,50,3,88,94.62260248966236
C050_V03_S088_R02,50,3,88,164.4940218227273
C050_V03_S088_R03,50,3,88,107.82683549927708
C050_V05_S088_R01,50,5,88,93.99914393020288
C050_V05_S088_R02,50,5,88,74.24202364721447
C050_V05_S088_R03,50,5,88,111.0212013984507
C050_V05_S088_R04,50,5,88,92.97290768204984
C050_V05_S088_R05,50,5,88,57.56847792617524
C050_V01_S089_R01,50,1,89,301.8388907172147
C050_V03_S089_R01,50,3,89,100.9571296501706
C050_V03_S089_R02,50,3,89,119.29140473789236
C050_V03_S089_R03,50,3,89,128.55586652779394
C050_V05_S089_R01,50,5,89,86.2281818292054
C050_V05_S089_R02,50,5,89,95.1418616004282
C050_V05_S089_R03,50,5,89,104.074214286264
C050_V05_S089_R04,50,5,89,90.78129497094396
C050_V05_S089_R05,50,5,89,61.84956519747378
C050_V01_S090_R01,50,1,90,313.37336288217847
C050_V03_S090_R01,50,3,90,113.0428638729802
C050_V03_S090_R02,50,3,90,140.02028514369147
C050_V03_S090_R03,50,3,90,86.15658007790032
C050_V05_S090_R01,50,5,90,76.99413551141338
C050_V05_S090_R02,50,5,90,81.44975852940695
C050_V05_S090_R03,50,5,90,125.41546746775586
C050_V05_S090_R04,50,5,90,43.613288146585525
C050_V05_S090_R05,50,5,90,54.37697920224542
C050_V01_S091_R01,50,1,91,311.0391008936963
C050_V03_S091_R01,50,3,91,99.6892416638601
C050_V03_S091_R02,50,3,91,119.27571868528496
C050_V03_S091_R03,50,3,91,143.51938239224967
C050_V05_S091_R01,50,5,91,85.19102689252911
C050_V05_S091_R02,50,5,91,48.45462343058343
C050_V05_S091_R03,50,5,91,111.77344794346432
C050_V05_S091_R04,50,5,91,63.024592248680946
C050_V05_S091_R05,50,5,91,58.70695835972997
C050_V01_S092_R01,50,1,92,332.5503593080325
C050_V03_S092_R01,50,3,92,92.20339568078066
C050_V03_S092_R02,50,3,92,87.56415203403974
C050_V03_S092_R03,50,3,92,172.12437502404043
C050_V05_S092_R01,50,5,92,51.419978797003665
C050_V05_S092_R02,50,5,92,87.56415203403974
C050_V05_S092_R03,50,5,92,44.80324503545587
C050_V05_S092_R04,50,5,92,124.72028277414692
C050_V05_S092_R05,50,5,92,56.851686219227986
C050_V01_S093_R01,50,1,93,296.021919040449
C050_V03_S093_R01,50,3,93,107.4446550194168
C050_V03_S093_R02,50,3,93,130.42230579400038
C050_V03_S093_R03,50,3,93,114.72191829893156
C050_V05_S093_R01,50,5,93,58.08777917877541
C050_V05_S093_R02,50,5,93,130.42230579400038
C050_V05_S093_R03,50,5,93,50.53799511593601
C050_V05_S093_R04,50,5,93,61.939185383675586
C050_V05_S093_R05,50,5,93,81.37858346987605
C050_V01_S094_R01,50,1,94,276.230930711898
C050_V03_S094_R01,50,3,94,80.56140458154692
C050_V03_S094_R02,50,3,94,120.9897466053325
C050_V03_S094_R03,50,3,94,85.37922076096515
C050_V05_S094_R01,50,5,94,48.24308421394189
C050_V05_S094_R02,50,5,94,97.36307627358366
C050_V05_S094_R03,50,5,94,80.56140458154692
C050_V05_S094_R04,50,5,94,55.000714345146015
C050_V05_S094_R05,50,5,94,98.1246254766429
C050_V01_S095_R01,50,1,95,299.9375252289246
C050_V03_S095_R01,50,3,95,72.17863280520633
C050_V03_S095_R02,50,3,95,140.6612030868326
C050_V03_S095_R03,50,3,95,101.85173479279852
C050_V05_S095_R01,50,5,95,69.79821452001006
C050_V05_S095_R02,50,5,95,79.24764664172584
C050_V05_S095_R03,50,5,95,95.06886592631872
C050_V05_S095_R04,50,5,95,72.17863280520633
C050_V05_S095_R05,50,5,95,51.860802977220715
C050_V01_S096_R01,50,1,96,338.6383881178938
C050_V03_S096_R01,50,3,96,122.4178709471475
C050_V03_S096_R02,50,3,96,148.05097508001526
C050_V03_S096_R03,50,3,96,124.77723670007258
C050_V05_S096_R01,50,5,96,100.46409036245647
C050_V05_S096_R02,50,5,96,68.27255961327171
C050_V05_S096_R03,50,5,96,92.44586157110776
C050_V05_S096_R04,50,5,96,106.63572146883436
C050_V05_S096_R05,50,5,96,64.03102946787318
C050_V01_S097_R01,50,1,97,300.07038857216105
C050_V03_S097_R01,50,3,97,100.32430279504035
C050_V03_S097_R02,50,3,97,79.88255370558255
C050_V03_S097_R03,50,3,97,129.39384734487533
C050_V05_S097_R01,50,5,97,76.21153360728937
C050_V05_S097_R02,50,5,97,51.22595405935735
C050_V05_S097_R03,50,5,97,112.88416215077063
C050_V05_S097_R04,50,5,97,62.54607969500029
C050_V05_S097_R05,50,5,97,49.86797224241155
C050_V01_S098_R01,50,1,98,346.4661641765566
C050_V03_S098_R01,50,3,98,125.8892419276805
C050_V03_S098_R02,50,3,98,160.5446617790221
C050_V03_S098_R03,50,3,98,82.16630930435758
C050_V05_S098_R01,50,5,98,58.289754210241725
C050_V05_S098_R02,50,5,98,125.8892419276805
C050_V05_S098_R03,50,5,98,85.36121616692563
C050_V05_S098_R04,50,5,98,62.707368310800966
C050_V05_S098_R05,50,5,98,56.613332558645965
C050_V01_S099_R01,50,1,99,314.70236213827235
C050_V03_S099_R01,50,3,99,121.3017584801413
C050_V03_S099_R02,50,3,99,124.6543268414206
C050_V03_S099_R03,50,3,99,82.44302498709536
C050_V05_S099_R01,50,5,99,81.12293927717522
C050_V05_S099_R02,50,5,99,80.28136316515776
C050_V05_S099_R03,50,5,99,60.73146829786766
C050_V05_S099_R04,50,5,99,57.006388155628535
C050_V05_S099_R05,50,5,99,105.43451473156658
C050_V01_S100_R01,50,1,100,290.8843034479264
C050_V03_S100_R01,50,3,100,117.44782341082514
C050_V03_S100_R02,50,3,100,105.61015416592352
C050_V03_S100_R03,50,3,100,102.53943049903978
C050_V05_S100_R01,50,5,100,60.84124505995454
C050_V05_S100_R02,50,5,100,107.53050688060432
C050_V05_S100_R03,50,5,100,90.47234075905472
C050_V05_S100_R04,50,5,100,59.00171378920567
C050_V05_S100_R05,50,5,100,73.32020029110814
C100_V01_S001_R01,100,1,1,416.26029439067594
C100_V03_S001_R01,100,3,1,170.13492265880217
C100_V03_S001_R02,100,3,1,184.4198830661399
C100_V03_S001_R03,100,3,1,122.46160838762404
C100_V05_S001_R01,100,5,1,89.74193559930478
C100_V05_S001_R02,100,5,1,118.96765817490164
C100_V05_S001_R03,100,5,1,110.4492973270184
C100_V05_S001_R04,100,5,1,60.43186437277239
C100_V05_S001_R05,100,5,1,106.20229797302648
C100_V01_S002_R01,100,1,2,378.44606888723655
C100_V03_S002_R01,100,3,2,115.117033535623
C100_V03_S002_R02,100,3,2,149.7529310103454
C100_V03_S002_R03,100,3,2,166.61552801639598
C100_V05_S002_R01,100,5,2,84.58388298794509
C100_V05_S002_R02,100,5,2,149.7529310103454
C100_V05_S002_R03,100,5,2,99.06008087949718
C100_V05_S002_R04,100,5,2,66.12280711426087
C100_V05_S002_R05,100,5,2,73.30310643794635
C100_V01_S003_R01,100,1,3,419.6821175771099
C100_V03_S003_R01,100,3,3,171.60493713640471
C100_V03_S003_R02,100,3,3,153.06830577950407
C100_V03_S003_R03,100,3,3,155.4028409011178
C100_V05_S003_R01,100,5,3,135.90917064848898
C100_V05_S003_R02,100,5,3,77.69944296272018
C100_V05_S003_R03,100,5,3,130.87757896392085
C100_V05_S003_R04,100,5,3,71.9235646817336
C100_V05_S003_R05,100,5,3,100.2588601206334
C100_V01_S004_R01,100,1,4,466.42783773943614
C100_V03_S004_R01,100,3,4,134.9642907880046
C100_V03_S004_R02,100,3,4,229.4523231115301
C100_V03_S004_R03,100,3,4,144.9570971697787
C100_V05_S004_R01,100,5,4,132.19977090077467
C100_V05_S004_R02,100,5,4,136.5403553587949
C100_V05_S004_R03,100,5,4,131.82307193335106
C100_V05_S004_R04,100,5,4,95.92059800309352
C100_V05_S004_R05,100,5,4,64.99506461496658
C100_V01_S005_R01,100,1,5,465.197013071967
C100_V03_S005_R01,100,3,5,128.08166518917653
C100_V03_S005_R02,100,3,5,209.78019657767857
C100_V03_S005_R03,100,3,5,168.44326291846886
C100_V05_S005_R01,100,5,5,120.28171389308828
C100_V05_S005_R02,100,5,5,119.47949453674774
C100_V05_S005_R03,100,5,5,71.26903693149181
C100_V05_S005_R04,100,5,5,155.88044313570717
C100_V05_S005_R05,100,5,5,81.77190010809989
C100_V01_S006_R01,100,1,6,435.18419673635026
C100_V03_S006_R01,100,3,6,171.44998482995166
C100_V03_S006_R02,100,3,6,206.32284773426952
C100_V03_S006_R03,100,3,6,124.99107368459882
C100_V05_S006_R01,100,5,6,99.92150218066412
C100_V05_S006_R02,100,5,6,105.4162334523008
C100_V05_S006_R03,100,5,6,92.33990272396169
C100_V05_S006_R04,100,5,6,67.2923524916427
C100_V05_S006_R05,100,5,6,160.19184245606112
C100_V01_S007_R01,100,1,7,444.93715251700064
C100_V03_S007_R01,100,3,7,159.64763402666836
C100_V03_S007_R02,100,3,7,145.20023739609098
C100_V03_S007_R03,100,3,7,194.3620256365098
C100_V05_S007_R01,100,5,7,144.79968092061694
C100_V05_S007_R02,100,5,7,69.75393827649846
C100_V05_S007_R03,100,5,7,89.47755479543045
C100_V05_S007_R04,100,5,7,121.03146296790376
C100_V05_S007_R05,100,5,7,74.92124679837224
C100_V01_S008_R01,100,1,8,429.2711816006305
C100_V03_S008_R01,100,3,8,146.0590901402509
C100_V03_S008_R02,100,3,8,173.36059226295376
C100_V03_S008_R03,100,3,8,138.24232652801558
C100_V05_S008_R01,100,5,8,111.55655104688934
C100_V05_S008_R02,100,5,8,93.49787371825704
C100_V05_S008_R03,100,5,8,101.11754023738683
C100_V05_S008_R04,100,5,8,127.12994240520324
C100_V05_S008_R05,100,5,8,61.4659774025972
C100_V01_S009_R01,100,1,9,411.01915506909535
C100_V03_S009_R01,100,3,9,141.7355006571152
C100_V03_S009_R02,100,3,9,188.58442373236176
C100_V03_S009_R03,100,3,9,185.00808467174065
C100_V05_S009_R01,100,5,9,110.42359564320314
C100_V05_S009_R02,100,5,9,135.79185468996135
C100_V05_S009_R03,100,5,9,77.78978360659855
C100_V05_S009_R04,100,5,9,113.38237557334509
C100_V05_S009_R05,100,5,9,81.13936301042436
C100_V01_S010_R01,100,1,10,467.3593305559375
C100_V03_S010_R01,100,3,10,122.67820284503868
C100_V03_S010_R02,100,3,10,225.47174175530117
C100_V03_S010_R03,100,3,10,152.05043158687374
C100_V05_S010_R01,100,5,10,103.20378663923437
C100_V05_S010_R02,100,5,10,117.68577618605876
C100_V05_S010_R03,100,5,10,126.13111807777328
C100_V05_S010_R04,100,5,10,82.74721964716669
C100_V05_S010_R05,100,5,10,80.10392902393832
C100_V01_S011_R01,100,1,11,452.1048465908669
C100_V03_S011_R01,100,3,11,150.4280879138277
C100_V03_S011_R02,100,3,11,118.42533748301987
C100_V03_S011_R03,100,3,11,222.7245816950628
C100_V05_S011_R01,100,5,11,107.86692956912324
C100_V05_S011_R02,100,5,11,117.55543395055491
C100_V05_S011_R03,100,5,11,134.05590944349893
C100_V05_S011_R04,100,5,11,79.3626227671665
C100_V05_S011_R05,100,5,11,121.99043653097948
C100_V01_S012_R01,100,1,12,404.46662524329304
C100_V03_S012_R01,100,3,12,197.93388478142973
C100_V03_S012_R02,100,3,12,102.92045364080506
C100_V03_S012_R03,100,3,12,143.90946070154308
C100_V05_S012_R01,100,5,12,100.40305568104856
C100_V05_S012_R02,100,5,12,142.88216747413213
C100_V05_S012_R03,100,5,12,102.40034103588812
C100_V05_S012_R04,100,5,12,125.11734177594484
C100_V05_S012_R05,100,5,12,58.61593728581192
C100_V01_S013_R01,100,1,13,439.0815307598656
C100_V03_S013_R01,100,3,13,188.9103919287794
C100_V03_S013_R02,100,3,13,117.40001366592142
C100_V03_S013_R03,100,3,13,153.4244515939664
C100_V05_S013_R01,100,5,13,113.80662579362152
C100_V05_S013_R02,100,5,13,155.28216537310237
C100_V05_S013_R03,100,5,13,87.98582401820062
C100_V05_S013_R04,100,5,13,125.89189594938958
C100_V05_S013_R05,100,5,13,73.466411073388
C100_V01_S014_R01,100,1,14,451.3806276895104
C100_V03_S014_R01,100,3,14,180.23668272916257
C100_V03_S014_R02,100,3,14,144.72662939177792
C100_V03_S014_R03,100,3,14,136.12882047008415
C100_V05_S014_R01,100,5,14,119.7755320594888
C100_V05_S014_R02,100,5,14,127.8376051407602
C100_V05_S014_R03,100,5,14,89.42068250465144
C100_V05_S014_R04,100,5,14,125.66626434489208
C100_V05_S014_R05,100,5,14,58.45593602150434
C100_V01_S015_R01,100,1,15,399.193191145893
C100_V03_S015_R01,100,3,15,127.6598627272516
C100_V03_S015_R02,100,3,15,191.76895169567487
C100_V03_S015_R03,100,3,15,148.7785332920362
C100_V05_S015_R01,100,5,15,117.3350164522394
C100_V05_S015_R02,100,5,15,124.93243104619502
C100_V05_S015_R03,100,5,15,71.36799675104675
C100_V05_S015_R04,100,5,15,80.93433782529769
C100_V05_S015_R05,100,5,15,114.83182965685091
C100_V01_S016_R01,100,1,16,426.58151634980646
C100_V03_S016_R01,100,3,16,155.06070575997603
C100_V03_S016_R02,100,3,16,143.64520877421222
C100_V03_S016_R03,100,3,16,129.858030377429
C100_V05_S016_R01,100,5,16,114.81211442663698
C100_V05_S016_R02,100,5,16,93.99149525622056
C100_V05_S016_R03,100,5,16,83.84406427984521
C100_V05_S016_R04,100,5,16,87.59247658431535
C100_V05_S016_R05,100,5,16,101.76453180186776
C100_V01_S017_R01,100,1,17,465.3575593683899
C100_V03_S017_R01,100,3,17,161.22283214670043
C100_V03_S017_R02,100,3,17,217.44680984357308
C100_V03_S017_R03,100,3,17,129.44558744616754
C100_V05_S017_R01,100,5,17,129.44558744616754
C100_V05_S017_R02,100,5,17,125.47791430037684
C100_V05_S017_R03,100,5,17,76.1659209153324
C100_V05_S017_R04,100,5,17,87.32449546664807
C100_V05_S017_R05,100,5,17,130.48676661834094
C100_V01_S018_R01,100,1,18,423.7187722771153
C100_V03_S018_R01,100,3,18,147.013689346023
C100_V03_S018_R02,100,3,18,189.4605582465712
C100_V03_S018_R03,100,3,18,160.90475921973905
C100_V05_S018_R01,100,5,18,70.61317166955564
C100_V05_S018_R02,100,5,18,124.86429970097704
C100_V05_S018_R03,100,5,18,103.12251865835748
C100_V05_S018_R04,100,5,18,83.8519675730337
C100_V05_S018_R05,100,5,18,122.88931841656556
C100_V01_S019_R01,100,1,19,405.81267451101104
C100_V03_S019_R01,100,3,19,122.68817085366464
C100_V03_S019_R02,100,3,19,183.5698987298596
C100_V03_S019_R03,100,3,19,134.28172110573644
C100_V05_S019_R01,100,5,19,118.03731134814086
C100_V05_S019_R02,100,5,19,76.45253322898736
C100_V05_S019_R03,100,5,19,78.61981663891035
C100_V05_S019_R04,100,5,19,118.31458329132914
C100_V05_S019_R05,100,5,19,122.68817085366464
C100_V01_S020_R01,100,1,20,456.7880862306167
C100_V03_S020_R01,100,3,20,132.1725970757309
C100_V03_S020_R02,100,3,20,231.64750831749373
C100_V03_S020_R03,100,3,20,165.0495917536745
C100_V05_S020_R01,100,5,20,95.71872137064028
C100_V05_S020_R02,100,5,20,128.78620062035606
C100_V05_S020_R03,100,5,20,85.51681087621132
C100_V05_S020_R04,100,5,20,52.05633923915329
C100_V05_S020_R05,100,5,20,172.89258386494657
C100_V01_S021_R01,100,1,21,451.1524845232741
C100_V03_S021_R01,100,3,21,173.11001705112426
C100_V03_S021_R02,100,3,21,140.29157057140952
C100_V03_S021_R03,100,3,21,181.91022017856395
C100_V05_S021_R01,100,5,21,154.2265950402913
C100_V05_S021_R02,100,5,21,83.06463720061485
C100_V05_S021_R03,100,5,21,82.1693520789573
C100_V05_S021_R04,100,5,21,109.07378757554396
C100_V05_S021_R05,100,5,21,78.70816698289534
C100_V01_S022_R01,100,1,22,450.47510066336815
C100_V03_S022_R01,100,3,22,164.6508653908383
C100_V03_S022_R02,100,3,22,122.45870136984736
C100_V03_S022_R03,100,3,22,200.38988254775768
C100_V05_S022_R01,100,5,22,112.97725033773942
C100_V05_S022_R02,100,5,22,128.38437113210597
C100_V05_S022_R03,100,5,22,85.22586225914227
C100_V05_S022_R04,100,5,22,132.72812578357588
C100_V05_S022_R05,100,5,22,78.37504709454078
C100_V01_S023_R01,100,1,23,405.4227456776808
C100_V03_S023_R01,100,3,23,124.26225523134497
C100_V03_S023_R02,100,3,23,175.12804322394967
C100_V03_S023_R03,100,3,23,147.45809691203138
C100_V05_S023_R01,100,5,23,77.34033724100628
C100_V05_S023_R02,100,5,23,112.75939316438723
C100_V05_S023_R03,100,5,23,80.3526504585769
C100_V05_S023_R04,100,5,23,122.36783225280752
C100_V05_S023_R05,100,5,23,118.40011258114669
C100_V01_S024_R01,100,1,24,490.5472174317033
C100_V03_S024_R01,100,3,24,148.24653776527674
C100_V03_S024_R02,100,3,24,169.74234112821378
C100_V03_S024_R03,100,3,24,184.52620363108787
C100_V05_S024_R01,100,5,24,68.9870812497218
C100_V05_S024_R02,100,5,24,75.88700998721504
C100_V05_S024_R03,100,5,24,67.77186688329722
C100_V05_S024_R04,100,5,24,149.1670954929757
C100_V05_S024_R05,100,5,24,124.20265054533718
C100_V01_S025_R01,100,1,25,407.6703647849296
C100_V03_S025_R01,100,3,25,168.38774086175974
C100_V03_S025_R02,100,3,25,142.72499970979624
C100_V03_S025_R03,100,3,25,146.85164488769317
C100_V05_S025_R01,100,5,25,63.090362619214304
C100_V05_S025_R02,100,5,25,127.92392110065278
C100_V05_S025_R03,100,5,25,137.33163490671092
C100_V05_S025_R04,100,5,25,60.44465906697839
C100_V05_S025_R05,100,5,25,103.71818817281998
C100_V01_S026_R01,100,1,26,411.794603422136
C100_V03_S026_R01,100,3,26,162.28469902196213
C100_V03_S026_R02,100,3,26,165.04132870742993
C100_V03_S026_R03,100,3,26,117.33202801564973
C100_V05_S026_R01,100,5,26,125.41472046190692
C100_V05_S026_R02,100,5,26,81.7375671879659
C100_V05_S026_R03,100,5,26,99.87385921329373
C100_V05_S026_R04,100,5,26,117.33202801564973
C100_V05_S026_R05,100,5,26,75.98295450057083
C100_V01_S027_R01,100,1,27,451.1934182809165
C100_V03_S027_R01,100,3,27,164.45243885922713
C100_V03_S027_R02,100,3,27,200.12019570561193
C100_V03_S027_R03,100,3,27,150.56646946782362
C100_V05_S027_R01,100,5,27,104.52722832055557
C100_V05_S027_R02,100,5,27,158.64015677943
C100_V05_S027_R03,100,5,27,103.65579596091172
C100_V05_S027_R04,100,5,27,88.25087940413172
C100_V05_S027_R05,100,5,27,75.74593592199953
C100_V01_S028_R01,100,1,28,471.06110308273657
C100_V03_S028_R01,100,3,28,183.47929713501287
C100_V03_S028_R02,100,3,28,120.76374708801148
C100_V03_S028_R03,100,3,28,169.48992048701396
C100_V05_S028_R01,100,5,28,110.48577923727836
C100_V05_S028_R02,100,5,28,127.77255791549716
C100_V05_S028_R03,100,5,28,93.50085877109764
C100_V05_S028_R04,100,5,28,98.08711549904274
C100_V05_S028_R05,100,5,28,123.87766310483954
C100_V01_S029_R01,100,1,29,416.8529973563848
C100_V03_S029_R01,100,3,29,137.8028288113054
C100_V03_S029_R02,100,3,29,185.96280401064945
C100_V03_S029_R03,100,3,29,155.33163249709335
C100_V05_S029_R01,100,5,29,58.09921678237853
C100_V05_S029_R02,100,5,29,99.70787252236698
C100_V05_S029_R03,100,5,29,95.7201178347749
C100_V05_S029_R04,100,5,29,130.17905260132105
C100_V05_S029_R05,100,5,29,120.57377705202116
C100_V01_S030_R01,100,1,30,414.0252057099348
C100_V03_S030_R01,100,3,30,184.97266488501364
C100_V03_S030_R02,100,3,30,147.34778792659196
C100_V03_S030_R03,100,3,30,115.24289382955618
C100_V05_S030_R01,100,5,30,103.60469434935077
C100_V05_S030_R02,100,5,30,109.59555909773825
C100_V05_S030_R03,100,5,30,64.42599260775145
C100_V05_S030_R04,100,5,30,93.10429057686068
C100_V05_S030_R05,100,5,30,155.6018991692231
C100_V01_S031_R01,100,1,31,429.0998147493266
C100_V03_S031_R01,100,3,31,151.44148076498917
C100_V03_S031_R02,100,3,31,147.90272107700685
C100_V03_S031_R03,100,3,31,174.52896166646786
C100_V05_S031_R01,100,5,31,76.8563100401124
C100_V05_S031_R02,100,5,31,139.94942080837677
C100_V05_S031_R03,100,5,31,117.37646482755764
C100_V05_S031_R04,100,5,31,95.63189660209336
C100_V05_S031_R05,100,5,31,69.01268863211014
C100_V01_S032_R01,100,1,32,411.67283608445393
C100_V03_S032_R01,100,3,32,153.65178781651412
C100_V03_S032_R02,100,3,32,146.26212321199597
C100_V03_S032_R03,100,3,32,134.57672283167744
C100_V05_S032_R01,100,5,32,105.73193939084769
C100_V05_S032_R02,100,5,32,90.3191825086504
C100_V05_S032_R03,100,5,32,127.65455773117615
C100_V05_S032_R04,100,5,32,82.4927253506275
C100_V05_S032_R05,100,5,32,66.19133416534092
C100_V01_S033_R01,100,1,33,399.3034168237437
C100_V03_S033_R01,100,3,33,124.30896920865028
C100_V03_S033_R02,100,3,33,162.45004671923508
C100_V03_S033_R03,100,3,33,170.65965526423267
C100_V05_S033_R01,100,5,33,75.41356772508273
C100_V05_S033_R02,100,5,33,150.406512667047
C100_V05_S033_R03,100,5,33,67.79197973193645
C100_V05_S033_R04,100,5,33,115.69168740473144
C100_V05_S033_R05,100,5,33,81.17705575090405
C100_V01_S034_R01,100,1,34,465.933808658591
C100_V03_S034_R01,100,3,34,193.9450629298201
C100_V03_S034_R02,100,3,34,113.40399226498327
C100_V03_S034_R03,100,3,34,149.19666010949757
C100_V05_S034_R01,100,5,34,113.40399226498327
C100_V05_S034_R02,100,5,34,91.47815878618098
C100_V05_S034_R03,100,5,34,102.52760686993398
C100_V05_S034_R04,100,5,34,103.76643206815292
C100_V05_S034_R05,100,5,34,100.1563407629319
C100_V01_S035_R01,100,1,35,447.71864386726554
C100_V03_S035_R01,100,3,35,164.54495424617076
C100_V03_S035_R02,100,3,35,143.88475365939857
C100_V03_S035_R03,100,3,35,135.97799640223465
C100_V05_S035_R01,100,5,35,67.59995010436376
C100_V05_S035_R02,100,5,35,129.22784537260958
C100_V05_S035_R03,100,5,35,136.89586315540086
C100_V05_S035_R04,100,5,35,77.58605133208194
C100_V05_S035_R05,100,5,35,97.16541686655312
C100_V01_S036_R01,100,1,36,503.0327336104887
C100_V03_S036_R01,100,3,36,128.34024533161175
C100_V03_S036_R02,100,3,36,230.5763659882703
C100_V03_S036_R03,100,3,36,165.8182376307836
C100_V05_S036_R01,100,5,36,194.81753962979445
C100_V05_S036_R02,100,5,36,121.06764351705984
C100_V05_S036_R03,100,5,36,88.36048620108616
C100_V05_S036_R04,100,5,36,76.18342720446371
C100_V05_S036_R05,100,5,36,92.33844798724314
C100_V01_S037_R01,100,1,37,393.64255995315256
C100_V03_S037_R01,100,3,37,131.37984531163383
C100_V03_S037_R02,100,3,37,197.83734113774756
C100_V03_S037_R03,100,3,37,131.61941094727584
C100_V05_S037_R01,100,5,37,145.97650178451272
C100_V05_S037_R02,100,5,37,92.52959827839464
C100_V05_S037_R03,100,5,37,103.0543474129272
C100_V05_S037_R04,100,5,37,66.02181225153055
C100_V05_S037_R05,100,5,37,105.84576211776633
C100_V01_S038_R01,100,1,38,458.3057241889807
C100_V03_S038_R01,100,3,38,166.65419355496186
C100_V03_S038_R02,100,3,38,188.14624567259284
C100_V03_S038_R03,100,3,38,146.8501991468162
C100_V05_S038_R01,100,5,38,99.19759150850716
C100_V05_S038_R02,100,5,38,113.65109314128505
C100_V05_S038_R03,100,5,38,133.489118116015
C100_V05_S038_R04,100,5,38,115.91124162684284
C100_V05_S038_R05,100,5,38,98.0620375490315
C100_V01_S039_R01,100,1,39,471.2006891936434
C100_V03_S039_R01,100,3,39,171.96552792412115
C100_V03_S039_R02,100,3,39,134.19973059557552
C100_V03_S039_R03,100,3,39,246.3922635679387
C100_V05_S039_R01,100,5,39,62.43935126914835
C100_V05_S039_R02,100,5,39,165.7042823792503
C100_V05_S039_R03,100,5,39,100.70815186717428
C100_V05_S039_R04,100,5,39,120.66466376187736
C100_V05_S039_R05,100,5,39,130.1314898676768
C100_V01_S040_R01,100,1,40,407.2442933629105
C100_V03_S040_R01,100,3,40,132.97542478905729
C100_V03_S040_R02,100,3,40,189.2676206403005
C100_V03_S040_R03,100,3,40,188.30741525556124
C100_V05_S040_R01,100,5,40,113.26803525563992
C100_V05_S040_R02,100,5,40,151.49194250624666
C100_V05_S040_R03,100,5,40,105.13457529156662
C100_V05_S040_R04,100,5,40,108.4525273339427
C100_V05_S040_R05,100,5,40,93.56826217212696
C100_V01_S041_R01,100,1,41,456.31339789514334
C100_V03_S041_R01,100,3,41,204.19568229293083
C100_V03_S041_R02,100,3,41,139.6099965461543
C100_V03_S041_R03,100,3,41,151.60043601059502
C100_V05_S041_R01,100,5,41,91.2132909400264
C100_V05_S041_R02,100,5,41,204.19568229293083
C100_V05_S041_R03,100,5,41,80.07231908434281
C100_V05_S041_R04,100,5,41,77.77936771013214
C100_V05_S041_R05,100,5,41,54.75228649934073
C100_V01_S042_R01,100,1,42,499.9871778254901
C100_V03_S042_R01,100,3,42,152.9802777415195
C100_V03_S042_R02,100,3,42,225.35283891147185
C100_V03_S042_R03,100,3,42,143.88606267927608
C100_V05_S042_R01,100,5,42,131.59263309867274
C100_V05_S042_R02,100,5,42,111.69341361360848
C100_V05_S042_R03,100,5,42,90.20429357861536
C100_V05_S042_R04,100,5,42,153.04643397910655
C100_V05_S042_R05,100,5,42,63.96241437993886
C100_V01_S043_R01,100,1,43,424.80664642335864
C100_V03_S043_R01,100,3,43,179.3967692480555
C100_V03_S043_R02,100,3,43,142.0066840730382
C100_V03_S043_R03,100,3,43,170.67962955749775
C100_V05_S043_R01,100,5,43,72.50976918152162
C100_V05_S043_R02,100,5,43,114.5975802290702
C100_V05_S043_R03,100,5,43,118.68139477793846
C100_V05_S043_R04,100,5,43,110.53622155448264
C100_V05_S043_R05,100,5,43,77.080806869788
C100_V01_S044_R01,100,1,44,409.3046469215891
C100_V03_S044_R01,100,3,44,140.96887454255003
C100_V03_S044_R02,100,3,44,163.26487604346903
C100_V03_S044_R03,100,3,44,116.8019439604734
C100_V05_S044_R01,100,5,44,74.28744666545442
C100_V05_S044_R02,100,5,44,116.8019439604734
C100_V05_S044_R03,100,5,44,77.99542562921428
C100_V05_S044_R04,100,5,44,143.61481726758848
C100_V05_S044_R05,100,5,44,57.34365418128709
C100_V01_S045_R01,100,1,45,424.6945719821426
C100_V03_S045_R01,100,3,45,164.2456013559556
C100_V03_S045_R02,100,3,45,198.04984388092203
C100_V03_S045_R03,100,3,45,101.22825891933394
C100_V05_S045_R01,100,5,45,125.85130355072148
C100_V05_S045_R02,100,5,45,101.22825891933394
C100_V05_S045_R03,100,5,45,136.31536412633412
C100_V05_S045_R04,100,5,45,89.44117934715011
C100_V05_S045_R05,100,5,45,69.75393550840691
C100_V01_S046_R01,100,1,46,430.9607802424912
C100_V03_S046_R01,100,3,46,188.48041863311977
C100_V03_S046_R02,100,3,46,139.59394008522835
C100_V03_S046_R03,100,3,46,132.5855827633912
C100_V05_S046_R01,100,5,46,61.748372285174746
C100_V05_S046_R02,100,5,46,134.5135239863016
C100_V05_S046_R03,100,5,46,78.39056577298868
C100_V05_S046_R04,100,5,46,135.8392129327658
C100_V05_S046_R05,100,5,46,119.76677520960126
C100_V01_S047_R01,100,1,47,467.4770292699767
C100_V03_S047_R01,100,3,47,149.3939235778177
C100_V03_S047_R02,100,3,47,194.7706226387615
C100_V03_S047_R03,100,3,47,134.48755795372566
C100_V05_S047_R01,100,5,47,81.97399540043774
C100_V05_S047_R02,100,5,47,111.82524427834976
C100_V05_S047_R03,100,5,47,104.1702762242372
C100_V05_S047_R04,100,5,47,107.507601058077
C100_V05_S047_R05,100,5,47,122.28806456271428
C100_V01_S048_R01,100,1,48,413.87166314808263
C100_V03_S048_R01,100,3,48,133.3903656142318
C100_V03_S048_R02,100,3,48,212.73786077178713
C100_V03_S048_R03,100,3,48,142.69338642468517
C100_V05_S048_R01,100,5,48,107.3277288386055
C100_V05_S048_R02,100,5,48,123.6601171449013
C100_V05_S048_R03,100,5,48,55.21067842615579
C100_V05_S048_R04,100,5,48,139.1440253465515
C100_V05_S048_R05,100,5,48,90.32821058995737
C100_V01_S049_R01,100,1,49,399.8212627928575
C100_V03_S049_R01,100,3,49,164.17705111539556
C100_V03_S049_R02,100,3,49,168.12451843416835
C100_V03_S049_R03,100,3,49,136.9499870747387
C100_V05_S049_R01,100,5,49,76.46431851405588
C100_V05_S049_R02,100,5,49,135.94702269778736
C100_V05_S049_R03,100,5,49,75.79593500457584
C100_V05_S049_R04,100,5,49,81.89302802686382
C100_V05_S049_R05,100,5,49,113.71877101872272
C100_V01_S050_R01,100,1,50,420.3231799406987
C100_V03_S050_R01,100,3,50,211.0691226594362
C100_V03_S050_R02,100,3,50,171.39696421529638
C100_V03_S050_R03,100,3,50,118.0805755431259
C100_V05_S050_R01,100,5,50,72.91626052343489
C100_V05_S050_R02,100,5,50,131.65642062313484
C100_V05_S050_R03,100,5,50,133.0484312065984
C100_V05_S050_R04,100,5,50,85.87366130774001
C100_V05_S050_R05,100,5,50,103.16830935086249
C100_V01_S051_R01,100,1,51,439.9692148192151
C100_V03_S051_R01,100,3,51,168.3256250074387
C100_V03_S051_R02,100,3,51,144.91565960031386
C100_V03_S051_R03,100,3,51,122.06527187195668
C100_V05_S051_R01,100,5,51,70.6863700330692
C100_V05_S051_R02,100,5,51,117.7662536299122
C100_V05_S051_R03,100,5,51,123.1437512083181
C100_V05_S051_R04,100,5,51,115.1921606555807
C100_V05_S051_R05,100,5,51,105.61152335689152
C100_V01_S052_R01,100,1,52,434.04055778256566
C100_V03_S052_R01,100,3,52,182.6554938025624
C100_V03_S052_R02,100,3,52,163.27728600455112
C100_V03_S052_R03,100,3,52,124.21223441339544
C100_V05_S052_R01,100,5,52,144.974551122606
C100_V05_S052_R02,100,5,52,74.94550653632238
C100_V05_S052_R03,100,5,52,80.70530324249768
C100_V05_S052_R04,100,5,52,111.7614239960744
C100_V05_S052_R05,100,5,52,114.9681091039574
C100_V01_S053_R01,100,1,53,410.1692193368609
C100_V03_S053_R01,100,3,53,187.96334099194493
C100_V03_S053_R02,100,3,53,162.65526593915055
C100_V03_S053_R03,100,3,53,127.94376219291765
C100_V05_S053_R01,100,5,53,93.9656688153839
C100_V05_S053_R02,100,5,53,95.8307748898548
C100_V05_S053_R03,100,5,53,92.97815350772083
C100_V05_S053_R04,100,5,53,69.55513369077207
C100_V05_S053_R05,100,5,53,130.20082960349538
C100_V01_S054_R01,100,1,54,383.8100588791825
C100_V03_S054_R01,100,3,54,133.9774045799482
C100_V03_S054_R02,100,3,54,145.55281202024847
C100_V03_S054_R03,100,3,54,123.4151174902538
C100_V05_S054_R01,100,5,54,67.82137199215084
C100_V05_S054_R02,100,5,54,120.79784416518392
C100_V05_S054_R03,100,5,54,114.25140487781889
C100_V05_S054_R04,100,5,54,80.7789704962906
C100_V05_S054_R05,100,5,54,80.07148264279817
C100_V01_S055_R01,100,1,55,451.0507537146884
C100_V03_S055_R01,100,3,55,117.27376089728848
C100_V03_S055_R02,100,3,55,190.92943938090104
C100_V03_S055_R03,100,3,55,155.26760735587408
C100_V05_S055_R01,100,5,55,74.12816930139104
C100_V05_S055_R02,100,5,55,105.63895490100022
C100_V05_S055_R03,100,5,55,107.49891146253464
C100_V05_S055_R04,100,5,55,110.4797949683306
C100_V05_S055_R05,100,5,55,136.25474242954732
C100_V01_S056_R01,100,1,56,440.6126903425535
C100_V03_S056_R01,100,3,56,168.2071453381876
C100_V03_S056_R02,100,3,56,166.40538890486346
C100_V03_S056_R03,100,3,56,120.35860583754184
C100_V05_S056_R01,100,5,56,129.14228580149972
C100_V05_S056_R02,100,5,56,87.61378308580271
C100_V05_S056_R03,100,5,56,109.27469724629368
C100_V05_S056_R04,100,5,56,73.51271334973957
C100_V05_S056_R05,100,5,56,115.1760886567084
C100_V01_S057_R01,100,1,57,397.88193217480574
C100_V03_S057_R01,100,3,57,153.3401087925946
C100_V03_S057_R02,100,3,57,152.51551677030028
C100_V03_S057_R03,100,3,57,164.32058403227563
C100_V05_S057_R01,100,5,57,145.12682418306323
C100_V05_S057_R02,100,5,57,83.96658712298401
C100_V05_S057_R03,100,5,57,74.32887901555054
C100_V05_S057_R04,100,5,57,119.39961353698408
C100_V05_S057_R05,100,5,57,58.02599403641015
C100_V01_S058_R01,100,1,58,437.72314283228553
C100_V03_S058_R01,100,3,58,221.91972060833663
C100_V03_S058_R02,100,3,58,108.80034656663324
C100_V03_S058_R03,100,3,58,177.28474224207395
C100_V05_S058_R01,100,5,58,80.7284874392904
C100_V05_S058_R02,100,5,58,153.05966436633304
C100_V05_S058_R03,100,5,58,88.98737136786156
C100_V05_S058_R04,100,5,58,93.38431893312551
C100_V05_S058_R05,100,5,58,94.52043813278746
C100_V01_S059_R01,100,1,59,424.47277924989817
C100_V03_S059_R01,100,3,59,156.34671310469415
C100_V03_S059_R02,100,3,59,178.31909684143898
C100_V03_S059_R03,100,3,59,129.23569311566752
C100_V05_S059_R01,100,5,59,123.91996593980784
C100_V05_S059_R02,100,5,59,130.10098934619347
C100_V05_S059_R03,100,5,59,74.59587905012464
C100_V05_S059_R04,100,5,59,101.22470983755812
C100_V05_S059_R05,100,5,59,96.14863784627572
C100_V01_S060_R01,100,1,60,386.496825373772
C100_V03_S060_R01,100,3,60,150.51021737722718
C100_V03_S060_R02,100,3,60,198.23542552815465
C100_V03_S060_R03,100,3,60,102.95107959212436
C100_V05_S060_R01,100,5,60,86.8842519645746
C100_V05_S060_R02,100,5,60,143.5633796126245
C100_V05_S060_R03,100,5,60,90.77258415182152
C100_V05_S060_R04,100,5,60,78.54499334873212
C100_V05_S060_R05,100,5,60,90.87337465955936
C100_V01_S061_R01,100,1,61,408.60943088668387
C100_V03_S061_R01,100,3,61,142.398149000101
C100_V03_S061_R02,100,3,61,185.46598306615272
C100_V03_S061_R03,100,3,61,150.96905190948
C100_V05_S061_R01,100,5,61,82.30095415813828
C100_V05_S061_R02,100,5,61,133.4093185632636
C100_V05_S061_R03,100,5,61,91.15669636976185
C100_V05_S061_R04,100,5,61,101.93018638165248
C100_V05_S061_R05,100,5,61,68.05998806675075
C100_V01_S062_R01,100,1,62,454.96257599199566
C100_V03_S062_R01,100,3,62,132.40555680484005
C100_V03_S062_R02,100,3,62,203.4737358686671
C100_V03_S062_R03,100,3,62,171.637268755888
C100_V05_S062_R01,100,5,62,124.1134756246786
C100_V05_S062_R02,100,5,62,67.55299036146731
C100_V05_S062_R03,100,5,62,137.25012631593495
C100_V05_S062_R04,100,5,62,100.73977228225093
C100_V05_S062_R05,100,5,62,121.40719664119598
C100_V01_S063_R01,100,1,63,381.3255023667118
C100_V03_S063_R01,100,3,63,158.63924379222053
C100_V03_S063_R02,100,3,63,129.11400070150205
C100_V03_S063_R03,100,3,63,158.71111177239715
C100_V05_S063_R01,100,5,63,103.17607377824156
C100_V05_S063_R02,100,5,63,104.50391234888556
C100_V05_S063_R03,100,5,63,79.83753280222305
C100_V05_S063_R04,100,5,63,129.9070677640694
C100_V05_S063_R05,100,5,63,71.38745962823677
C100_V01_S064_R01,100,1,64,457.5801136878914
C100_V03_S064_R01,100,3,64,149.07053433836012
C100_V03_S064_R02,100,3,64,193.28511298776112
C100_V03_S064_R03,100,3,64,156.24462460533593
C100_V05_S064_R01,100,5,64,115.0725554768136
C100_V05_S064_R02,100,5,64,128.23436429913266
C100_V05_S064_R03,100,5,64,112.3992997199198
C100_V05_S064_R04,100,5,64,113.75206907139886
C100_V05_S064_R05,100,5,64,78.04953591083628
C100_V01_S065_R01,100,1,65,418.4239245692776
C100_V03_S065_R01,100,3,65,154.9822549030746
C100_V03_S065_R02,100,3,65,152.75273263776785
C100_V03_S065_R03,100,3,65,172.42342107055742
C100_V05_S065_R01,100,5,65,99.01703314628506
C100_V05_S065_R02,100,5,65,129.75419665381656
C100_V05_S065_R03,100,5,65,62.49392794152912
C100_V05_S065_R04,100,5,65,113.32598027446367
C100_V05_S065_R05,100,5,65,56.62991212337953
C100_V01_S066_R01,100,1,66,376.7306677452563
C100_V03_S066_R01,100,3,66,125.59480624426708
C100_V03_S066_R02,100,3,66,165.69852500289994
C100_V03_S066_R03,100,3,66,192.0677916371468
C100_V05_S066_R01,100,5,66,74.68889785578568
C100_V05_S066_R02,100,5,66,131.64848228517457
C100_V05_S066_R03,100,5,66,104.55906059268212
C100_V05_S066_R04,100,5,66,125.59480624426708
C100_V05_S066_R05,100,5,66,87.1330961621369
C100_V01_S067_R01,100,1,67,436.38209048297426
C100_V03_S067_R01,100,3,67,141.96300980410342
C100_V03_S067_R02,100,3,67,113.64600705794908
C100_V03_S067_R03,100,3,67,198.4829806553448
C100_V05_S067_R01,100,5,67,72.23465581871838
C100_V05_S067_R02,100,5,67,109.10692246851316
C100_V05_S067_R03,100,5,67,112.71761810189864
C100_V05_S067_R04,100,5,67,70.37026070479165
C100_V05_S067_R05,100,5,67,139.43946884907183
C100_V01_S068_R01,100,1,68,488.1720716483946
C100_V03_S068_R01,100,3,68,210.22635365156785
C100_V03_S068_R02,100,3,68,152.54736689893173
C100_V03_S068_R03,100,3,68,129.40385626721698
C100_V05_S068_R01,100,5,68,78.69614252165472
C100_V05_S068_R02,100,5,68,215.69842839719527
C100_V05_S068_R03,100,5,68,94.0252454056677
C100_V05_S068_R04,100,5,68,74.08541600163672
C100_V05_S068_R05,100,5,68,80.6200301576682
C100_V01_S069_R01,100,1,69,389.7656424655654
C100_V03_S069_R01,100,3,69,157.8883663776083
C100_V03_S069_R02,100,3,69,177.04738461360787
C100_V03_S069_R03,100,3,69,87.46080727446508
C100_V05_S069_R01,100,5,69,87.46080727446508
C100_V05_S069_R02,100,5,69,77.2454069049248
C100_V05_S069_R03,100,5,69,91.3128400717924
C100_V05_S069_R04,100,5,69,83.30995953655571
C100_V05_S069_R05,100,5,69,127.37096284564986
C100_V01_S070_R01,100,1,70,417.712319680739
C100_V03_S070_R01,100,3,70,126.74942352693444
C100_V03_S070_R02,100,3,70,169.17138510604903
C100_V03_S070_R03,100,3,70,121.59189489147842
C100_V05_S070_R01,100,5,70,117.29824974681384
C100_V05_S070_R02,100,5,70,88.52884519302167
C100_V05_S070_R03,100,5,70,74.98789086437259
C100_V05_S070_R04,100,5,70,128.81129924732417
C100_V05_S070_R05,100,5,70,73.55603496937702
C100_V01_S071_R01,100,1,71,527.2773149034367
C100_V03_S071_R01,100,3,71,129.42540979903683
C100_V03_S071_R02,100,3,71,258.43799399420953
C100_V03_S071_R03,100,3,71,159.98286943013818
C100_V05_S071_R01,100,5,71,129.42540979903683
C100_V05_S071_R02,100,5,71,124.46726931094886
C100_V05_S071_R03,100,5,71,68.91654012320882
C100_V05_S071_R04,100,5,71,179.37888324217687
C100_V05_S071_R05,100,5,71,83.02726071076783
C100_V01_S072_R01,100,1,72,444.92798768868425
C100_V03_S072_R01,100,3,72,133.05410529740163
C100_V03_S072_R02,100,3,72,226.2075821255792
C100_V03_S072_R03,100,3,72,138.56495309427362
C100_V05_S072_R01,100,5,72,109.89993296932
C100_V05_S072_R02,100,5,72,73.02872479294577
C100_V05_S072_R03,100,5,72,104.85034166703755
C100_V05_S072_R04,100,5,72,166.25421289860378
C100_V05_S072_R05,100,5,72,101.82060476464288
C100_V01_S073_R01,100,1,73,382.3934405241989
C100_V03_S073_R01,100,3,73,140.0849016075139
C100_V03_S073_R02,100,3,73,122.04668244549131
C100_V03_S073_R03,100,3,73,175.69263358694832
C100_V05_S073_R01,100,5,73,82.81678070655161
C100_V05_S073_R02,100,5,73,96.72110155187674
C100_V05_S073_R03,100,5,73,129.7940830620907
C100_V05_S073_R04,100,5,73,96.50077051872474
C100_V05_S073_R05,100,5,73,88.99446705445875
C100_V01_S074_R01,100,1,74,432.2014839607385
C100_V03_S074_R01,100,3,74,166.87190211436416
C100_V03_S074_R02,100,3,74,191.90300569903272
C100_V03_S074_R03,100,3,74,123.28318442372264
C100_V05_S074_R01,100,5,74,118.38307852562389
C100_V05_S074_R02,100,5,74,76.40939846233735
C100_V05_S074_R03,100,5,74,111.24196387991148
C100_V05_S074_R04,100,5,74,124.31658530610682
C100_V05_S074_R05,100,5,74,78.79025006649675
C100_V01_S075_R01,100,1,75,415.024633576699
C100_V03_S075_R01,100,3,75,150.26023653684348
C100_V03_S075_R02,100,3,75,179.3838463691964
C100_V03_S075_R03,100,3,75,114.9031746658759
C100_V05_S075_R01,100,5,75,46.150283865519185
C100_V05_S075_R02,100,5,75,150.16848935071457
C100_V05_S075_R03,100,5,75,93.3470361618594
C100_V05_S075_R04,100,5,75,109.77439639665404
C100_V05_S075_R05,100,5,75,89.74799184773676
C100_V01_S076_R01,100,1,76,464.20101033841894
C100_V03_S076_R01,100,3,76,210.79542151268868
C100_V03_S076_R02,100,3,76,130.76512325647505
C100_V03_S076_R03,100,3,76,159.6846297624236
C100_V05_S076_R01,100,5,76,79.45873008573044
C100_V05_S076_R02,100,5,76,197.06600037901336
C100_V05_S076_R03,100,5,76,114.9620934261899
C100_V05_S076_R04,100,5,76,78.84964452723241
C100_V05_S076_R05,100,5,76,73.98524578237432
C100_V01_S077_R01,100,1,77,446.41670578098774
C100_V03_S077_R01,100,3,77,201.86019635982464
C100_V03_S077_R02,100,3,77,128.06420690184345
C100_V03_S077_R03,100,3,77,168.65075714472448
C100_V05_S077_R01,100,5,77,106.25233757922518
C100_V05_S077_R02,100,5,77,72.06334103262145
C100_V05_S077_R03,100,5,77,88.21619151058299
C100_V05_S077_R04,100,5,77,170.87452289059712
C100_V05_S077_R05,100,5,77,85.05808239900625
C100_V01_S078_R01,100,1,78,451.56212208970805
C100_V03_S078_R01,100,3,78,168.62270434822673
C100_V03_S078_R02,100,3,78,107.10717839811208
C100_V03_S078_R03,100,3,78,216.6253999123428
C100_V05_S078_R01,100,5,78,135.04033001819357
C100_V05_S078_R02,100,5,78,106.79628797151084
C100_V05_S078_R03,100,5,78,80.93599098154002
C100_V05_S078_R04,100,5,78,79.2227445446369
C100_V05_S078_R05,100,5,78,131.5150929716291
C100_V01_S079_R01,100,1,79,415.8186788294602
C100_V03_S079_R01,100,3,79,168.45050881482973
C100_V03_S079_R02,100,3,79,165.18998669108748
C100_V03_S079_R03,100,3,79,139.42969690829744
C100_V05_S079_R01,100,5,79,139.42969690829744
C100_V05_S079_R02,100,5,79,72.45936073903606
C100_V05_S079_R03,100,5,79,123.1454237971373
C100_V05_S079_R04,100,5,79,110.29542715428782
C100_V05_S079_R05,100,5,79,55.919110581814834
C100_V01_S080_R01,100,1,80,417.646584168191
C100_V03_S080_R01,100,3,80,166.78167076938362
C100_V03_S080_R02,100,3,80,176.31902396600256
C100_V03_S080_R03,100,3,80,132.8229045173851
C100_V05_S080_R01,100,5,80,136.967940558664
C100_V05_S080_R02,100,5,80,71.84285245672345
C100_V05_S080_R03,100,5,80,59.571296901050275
C100_V05_S080_R04,100,5,80,129.46398330230022
C100_V05_S080_R05,100,5,80,116.07639532224997
C100_V01_S081_R01,100,1,81,406.6290503896547
C100_V03_S081_R01,100,3,81,112.27358280050404
C100_V03_S081_R02,100,3,81,188.68257185501255
C100_V03_S081_R03,100,3,81,142.15287107469487
C100_V05_S081_R01,100,5,81,71.07424550553533
C100_V05_S081_R02,100,5,81,77.58020391481976
C100_V05_S081_R03,100,5,81,60.46921919105835
C100_V05_S081_R04,100,5,81,173.7155594011607
C100_V05_S081_R05,100,5,81,100.83449152037336
C100_V01_S082_R01,100,1,82,485.28369858608806
C100_V03_S082_R01,100,3,82,113.7275866545115
C100_V03_S082_R02,100,3,82,220.69973245525097
C100_V03_S082_R03,100,3,82,159.32922634339866
C100_V05_S082_R01,100,5,82,93.63374516072712
C100_V05_S082_R02,100,5,82,127.02274313132612
C100_V05_S082_R03,100,5,82,107.89070704906432
C100_V05_S082_R04,100,5,82,139.371003884113
C100_V05_S082_R05,100,5,82,93.86433014041845
C100_V01_S083_R01,100,1,83,434.006429923025
C100_V03_S083_R01,100,3,83,152.03908199657667
C100_V03_S083_R02,100,3,83,188.9111506698339
C100_V03_S083_R03,100,3,83,156.10842153699596
C100_V05_S083_R01,100,5,83,74.28975859894248
C100_V05_S083_R02,100,5,83,174.61998333102912
C100_V05_S083_R03,100,5,83,81.86149254635052
C100_V05_S083_R04,100,5,83,110.68952419877832
C100_V05_S083_R05,100,5,83,92.8501492919108
C100_V01_S084_R01,100,1,84,489.9017433967177
C100_V03_S084_R01,100,3,84,174.09808980338565
C100_V03_S084_R02,100,3,84,198.95366020990605
C100_V03_S084_R03,100,3,84,142.2286528730231
C100_V05_S084_R01,100,5,84,127.99681916490448
C100_V05_S084_R02,100,5,84,133.84814604395797
C100_V05_S084_R03,100,5,84,85.7474333022256
C100_V05_S084_R04,100,5,84,141.96632135188514
C100_V05_S084_R05,100,5,84,71.38068635255223
C100_V01_S085_R01,100,1,85,404.371879596892
C100_V03_S085_R01,100,3,85,146.0738337006293
C100_V03_S085_R02,100,3,85,143.88379080932606
C100_V03_S085_R03,100,3,85,158.3425394658548
C100_V05_S085_R01,100,5,85,131.8355105563194
C100_V05_S085_R02,100,5,85,118.4788483904107
C100_V05_S085_R03,100,5,85,99.38336328723643
C100_V05_S085_R04,100,5,85,58.17533071233206
C100_V05_S085_R05,100,5,85,88.75989314252337
C100_V01_S086_R01,100,1,86,580.3334282523003
C100_V03_S086_R01,100,3,86,225.8383093577892
C100_V03_S086_R02,100,3,86,201.3802442471923
C100_V03_S086_R03,100,3,86,127.41809120856377
C100_V05_S086_R01,100,5,86,120.45057200762542
C100_V05_S086_R02,100,5,86,188.7317174160594
C100_V05_S086_R03,100,5,86,92.98808350707168
C100_V05_S086_R04,100,5,86,77.92734193135979
C100_V05_S086_R05,100,5,86,125.31680801062984
C100_V01_S087_R01,100,1,87,485.23967238751715
C100_V03_S087_R01,100,3,87,209.60249367765684
C100_V03_S087_R02,100,3,87,193.96743472676584
C100_V03_S087_R03,100,3,87,122.80472305925132
C100_V05_S087_R01,100,5,87,120.67458756997924
C100_V05_S087_R02,100,5,87,87.52575469505528
C100_V05_S087_R03,100,5,87,76.74310406501318
C100_V05_S087_R04,100,5,87,177.49438097373792
C100_V05_S087_R05,100,5,87,97.96523810435812
C100_V01_S088_R01,100,1,88,442.4015847370901
C100_V03_S088_R01,100,3,88,149.03570943981725
C100_V03_S088_R02,100,3,88,176.46089792942627
C100_V03_S088_R03,100,3,88,178.440920306944
C100_V05_S088_R01,100,5,88,105.2874515788186
C100_V05_S088_R02,100,5,88,130.09422622297132
C100_V05_S088_R03,100,5,88,104.05256565637232
C100_V05_S088_R04,100,5,88,114.5335553294879
C100_V05_S088_R05,100,5,88,80.49708983150494
C100_V01_S089_R01,100,1,89,454.84056989509435
C100_V03_S089_R01,100,3,89,166.6516484841335
C100_V03_S089_R02,100,3,89,169.21062520555233
C100_V03_S089_R03,100,3,89,150.22147353154764
C100_V05_S089_R01,100,5,89,88.79270802962222
C100_V05_S089_R02,100,5,89,135.41840412412432
C100_V05_S089_R03,100,5,89,89.71087069565425
C100_V05_S089_R04,100,5,89,72.92345955554084
C100_V05_S089_R05,100,5,89,132.8714511270847
C100_V01_S090_R01,100,1,90,432.12699696325166
C100_V03_S090_R01,100,3,90,119.92697362159802
C100_V03_S090_R02,100,3,90,160.42797998073067
C100_V03_S090_R03,100,3,90,185.7921614424473
C100_V05_S090_R01,100,5,90,102.05912275716835
C100_V05_S090_R02,100,5,90,109.0814630021456
C100_V05_S090_R03,100,5,90,76.0371064842656
C100_V05_S090_R04,100,5,90,143.1604589527223
C100_V05_S090_R05,100,5,90,99.1748058518582
C100_V01_S091_R01,100,1,91,427.5651232839289
C100_V03_S091_R01,100,3,91,95.51600099700394
C100_V03_S091_R02,100,3,91,205.89797085008513
C100_V03_S091_R03,100,3,91,195.83153234289517
C100_V05_S091_R01,100,5,91,102.66928982701342
C100_V05_S091_R02,100,5,91,116.154938163755
C100_V05_S091_R03,100,5,91,97.17633098803572
C100_V05_S091_R04,100,5,91,142.45681745901567
C100_V05_S091_R05,100,5,91,81.31396591784709
C100_V01_S092_R01,100,1,92,405.0782902332572
C100_V03_S092_R01,100,3,92,164.93125861865732
C100_V03_S092_R02,100,3,92,178.37024149783224
C100_V03_S092_R03,100,3,92,112.53880902677
C100_V05_S092_R01,100,5,92,66.24874009453455
C100_V05_S092_R02,100,5,92,102.9876133614962
C100_V05_S092_R03,100,5,92,91.082563996077
C100_V05_S092_R04,100,5,92,139.8392085252782
C100_V05_S092_R05,100,5,92,121.14341764128206
C100_V01_S093_R01,100,1,93,398.3499657712558
C100_V03_S093_R01,100,3,93,175.14488704735572
C100_V03_S093_R02,100,3,93,148.59733744374466
C100_V03_S093_R03,100,3,93,110.45192880231514
C100_V05_S093_R01,100,5,93,124.84979280067192
C100_V05_S093_R02,100,5,93,101.22852067335494
C100_V05_S093_R03,100,5,93,87.11904577191284
C100_V05_S093_R04,100,5,93,104.40291905694905
C100_V05_S093_R05,100,5,93,84.71921946997969
C100_V01_S094_R01,100,1,94,434.7146420955752
C100_V03_S094_R01,100,3,94,222.8357021495831
C100_V03_S094_R02,100,3,94,145.1035048482728
C100_V03_S094_R03,100,3,94,158.02229041805603
C100_V05_S094_R01,100,5,94,123.92643494310911
C100_V05_S094_R02,100,5,94,129.90066878657495
C100_V05_S094_R03,100,5,94,101.17471609128673
C100_V05_S094_R04,100,5,94,116.11858898482068
C100_V05_S094_R05,100,5,94,61.34756596890664
C100_V01_S095_R01,100,1,95,425.11909638333464
C100_V03_S095_R01,100,3,95,164.71541683553994
C100_V03_S095_R02,100,3,95,116.07325565799968
C100_V03_S095_R03,100,3,95,151.15830300692554
C100_V05_S095_R01,100,5,95,79.09575834888378
C100_V05_S095_R02,100,5,95,151.5270524497016
C100_V05_S095_R03,100,5,95,85.10105208836647
C100_V05_S095_R04,100,5,95,74.92910506003564
C100_V05_S095_R05,100,5,95,93.16715136466536
C100_V01_S096_R01,100,1,96,419.7178480050732
C100_V03_S096_R01,100,3,96,128.16752605180875
C100_V03_S096_R02,100,3,96,205.00041376987969
C100_V03_S096_R03,100,3,96,145.81873415520042
C100_V05_S096_R01,100,5,96,65.62066299303955
C100_V05_S096_R02,100,5,96,133.9089226684245
C100_V05_S096_R03,100,5,96,109.95592074613884
C100_V05_S096_R04,100,5,96,134.65112407309664
C100_V05_S096_R05,100,5,96,93.84283385913194
C100_V01_S097_R01,100,1,97,429.5050866157294
C100_V03_S097_R01,100,3,97,113.44681667960808
C100_V03_S097_R02,100,3,97,171.49525998331376
C100_V03_S097_R03,100,3,97,154.79101065346532
C100_V05_S097_R01,100,5,97,113.44681667960808
C100_V05_S097_R02,100,5,97,117.40713867608362
C100_V05_S097_R03,100,5,97,63.81591277078543
C100_V05_S097_R04,100,5,97,148.8510041680647
C100_V05_S097_R05,100,5,97,63.681668612348275
C100_V01_S098_R01,100,1,98,400.51955530605426
C100_V03_S098_R01,100,3,98,172.88817247634404
C100_V03_S098_R02,100,3,98,140.15902740004233
C100_V03_S098_R03,100,3,98,126.22948589705985
C100_V05_S098_R01,100,5,98,71.43571314907018
C100_V05_S098_R02,100,5,98,144.97601769496757
C100_V05_S098_R03,100,5,98,79.10919624909889
C100_V05_S098_R04,100,5,98,78.95942543749436
C100_V05_S098_R05,100,5,98,102.2860881184571
C100_V01_S099_R01,100,1,99,462.5436142851628
C100_V03_S099_R01,100,3,99,122.19384655375542
C100_V03_S099_R02,100,3,99,174.1465989125195
C100_V03_S099_R03,100,3,99,155.3820090901389
C100_V05_S099_R01,100,5,99,110.9569360465524
C100_V05_S099_R02,100,5,99,119.56854324981396
C100_V05_S099_R03,100,5,99,113.1622369614488
C100_V05_S099_R04,100,5,99,78.58380411675213
C100_V05_S099_R05,100,5,99,77.09104844386721
C100_V01_S100_R01,100,1,100,463.64592218469613
C100_V03_S100_R01,100,3,100,149.91655700489463
C100_V03_S100_R02,100,3,100,182.56861959817812
C100_V03_S100_R03,100,3,100,148.70859930662755
C100_V05_S100_R01,100,5,100,67.92562619015715
C100_V05_S100_R02,100,5,100,129.71535928898177
C100_V05_S100_R03,100,5,100,79.3568562259272
C100_V05_S100_R04,100,5,100,127.50400068986691
C100_V05_S100_R05,100,5,100,120.96006928882518
