発地コード,発地名,着地コード,着地名,品目コード,品目名称,重量（発→着）,重量（着→発）,トラック台数（発→着）,トラック台数（着→発）
01,北海道,08,茨城県,1,農水産品・食料工業品,897.48134,848.5819953,83.23941316,63.38021368
01,北海道,11,埼玉県,1,農水産品・食料工業品,2649.811042,875.3818098,256.6147242,182.5888392
01,北海道,12,千葉県,1,農水産品・食料工業品,754.6416759,1014.925589,38.58333333,34.40664279
01,北海道,13,東京都,1,農水産品・食料工業品,1261.02259,1071.525956,13.5325641,30.48
01,北海道,14,神奈川県,1,農水産品・食料工業品,3269.204274,1233.501426,26.77777778,25.59789721
02,青森県,08,茨城県,1,農水産品・食料工業品,187.4270198,220.6589774,6.453296703,40.38780477
02,青森県,11,埼玉県,1,農水産品・食料工業品,430.3873931,48.42777747,52.59761905,35.75652174
02,青森県,12,千葉県,1,農水産品・食料工業品,90.39143913,127.6939637,6,15.68367452
02,青森県,13,東京都,1,農水産品・食料工業品,194.440253,248.9391283,114.0169198,15.75
02,青森県,14,神奈川県,1,農水産品・食料工業品,162.1207991,91.78119809,6.4,0
03,岩手県,08,茨城県,1,農水産品・食料工業品,108.5864752,206.6757323,14.54,25.30561179
03,岩手県,11,埼玉県,1,農水産品・食料工業品,502.5269124,39.39093075,77.42313718,34.65760664
03,岩手県,12,千葉県,1,農水産品・食料工業品,27.25833333,97.60140014,2.666666667,4.5625
03,岩手県,13,東京都,1,農水産品・食料工業品,262.2411362,345.9897345,7.387745098,15.75
03,岩手県,14,神奈川県,1,農水産品・食料工業品,122.0432162,137.871876,0,0
04,宮城県,08,茨城県,1,農水産品・食料工業品,929.4771756,1454.467204,37.50640693,94.43047394
04,宮城県,11,埼玉県,1,農水産品・食料工業品,349.9737724,965.5026676,106.07115,248.7134781
04,宮城県,12,千葉県,1,農水産品・食料工業品,231.7482209,1257.823068,7,90.52975593
04,宮城県,13,東京都,1,農水産品・食料工業品,202.7134442,825.26533,14.83494506,88.19204934
04,宮城県,14,神奈川県,1,農水産品・食料工業品,552.3120076,1114.099225,45.10823137,44.79885058
05,秋田県,08,茨城県,1,農水産品・食料工業品,28.64,81.34899298,3.58,8.210526316
05,秋田県,11,埼玉県,1,農水産品・食料工業品,326.3924298,0.764124506,21.61210975,10.85310559
05,秋田県,12,千葉県,1,農水産品・食料工業品,50.0620872,22.68561808,0,7.051282051
05,秋田県,13,東京都,1,農水産品・食料工業品,149.5203384,72.91643829,44.2,0
05,秋田県,14,神奈川県,1,農水産品・食料工業品,67.69506728,149.0415002,0,0
06,山形県,08,茨城県,1,農水産品・食料工業品,0,256.4803172,0,28.0374068
06,山形県,11,埼玉県,1,農水産品・食料工業品,234.7733391,26.81719678,37.02908969,37.09622014
06,山形県,12,千葉県,1,農水産品・食料工業品,202.2357215,226.753667,0,7.051282051
06,山形県,13,東京都,1,農水産品・食料工業品,261.2819102,590.1482352,14.19333333,255.2423077
06,山形県,14,神奈川県,1,農水産品・食料工業品,191.110539,290.9608531,11.24731183,0
07,福島県,08,茨城県,1,農水産品・食料工業品,5341.341911,939.8736073,238.7228571,53.89317136
07,福島県,11,埼玉県,1,農水産品・食料工業品,384.16224,347.0363779,73.8202381,95.77412193
07,福島県,12,千葉県,1,農水産品・食料工業品,419.9531923,474.5650141,3.230769231,44.95023435
07,福島県,13,東京都,1,農水産品・食料工業品,133.8689476,556.62374,3.912280702,24.86561866
07,福島県,14,神奈川県,1,農水産品・食料工業品,368.9250752,344.9506016,0,11.69033131
08,茨城県,01,北海道,1,農水産品・食料工業品,848.5819953,897.48134,63.38021368,83.23941316
08,茨城県,02,青森県,1,農水産品・食料工業品,220.6589774,187.4270198,40.38780477,6.453296703
08,茨城県,03,岩手県,1,農水産品・食料工業品,206.6757323,108.5864752,25.30561179,14.54
08,茨城県,04,宮城県,1,農水産品・食料工業品,1454.467204,929.4771756,94.43047394,37.50640693
08,茨城県,05,秋田県,1,農水産品・食料工業品,81.34899298,28.64,8.210526316,3.58
08,茨城県,06,山形県,1,農水産品・食料工業品,256.4803172,0,28.0374068,0
08,茨城県,07,福島県,1,農水産品・食料工業品,939.8736073,5341.341911,53.89317136,238.7228571
08,茨城県,08,茨城県,1,農水産品・食料工業品,51182.07797,51182.07797,9622.370597,9622.370597
08,茨城県,09,栃木県,1,農水産品・食料工業品,6161.328861,5669.364096,298.1680128,434.6741611
08,茨城県,10,群馬県,1,農水産品・食料工業品,5507.990557,2065.483524,296.8796017,265.3761207
08,茨城県,11,埼玉県,1,農水産品・食料工業品,14980.41008,3187.774975,1668.918068,932.8856683
08,茨城県,12,千葉県,1,農水産品・食料工業品,27594.80525,8473.918818,1494.061706,910.3327255
08,茨城県,13,東京都,1,農水産品・食料工業品,7176.448145,3014.297523,965.7855397,134.2842707
08,茨城県,14,神奈川県,1,農水産品・食料工業品,22965.26179,5544.43994,757.0194499,149.8661658
08,茨城県,15,新潟県,1,農水産品・食料工業品,696.0182745,171.9243265,107.3216863,15.60204082
08,茨城県,16,富山県,1,農水産品・食料工業品,2.593230769,24.67205128,5.068376068,8.068376068
08,茨城県,17,石川県,1,農水産品・食料工業品,62.15518803,5.012,6.08,0
08,茨城県,18,福井県,1,農水産品・食料工業品,0.368,6.97,0,0
08,茨城県,19,山梨県,1,農水産品・食料工業品,173.612506,477.7114011,10.23333333,13.10204082
08,茨城県,20,長野県,1,農水産品・食料工業品,563.8574096,789.4968922,90.41116606,86.75858015
08,茨城県,21,岐阜県,1,農水産品・食料工業品,75.84795348,4.686,3.446808511,0
08,茨城県,22,静岡県,1,農水産品・食料工業品,512.4651641,937.6714579,34.00512821,59.28618084
08,茨城県,23,愛知県,1,農水産品・食料工業品,1492.066962,1261.089534,109.4073722,117.6568708
08,茨城県,24,三重県,1,農水産品・食料工業品,159.9524822,187.0472772,3.8,3.8
08,茨城県,25,滋賀県,1,農水産品・食料工業品,837.9601643,151.9474913,8.268376068,6.108108108
08,茨城県,26,京都府,1,農水産品・食料工業品,155.9277758,79.66216216,10.91522292,15.59369369
08,茨城県,27,大阪府,1,農水産品・食料工業品,1789.403446,393.6583543,319.3871791,48.02590047
08,茨城県,28,兵庫県,1,農水産品・食料工業品,1232.793603,223.5641465,79.82287459,13.26837607
08,茨城県,29,奈良県,1,農水産品・食料工業品,18.74570599,0.702375349,0,8.210526316
08,茨城県,30,和歌山県,1,農水産品・食料工業品,1.666,3.958157895,0,10.71052632
08,茨城県,31,鳥取県,1,農水産品・食料工業品,52.61363026,1.5,3.8,2.5
08,茨城県,32,島根県,1,農水産品・食料工業品,0.45182,0,0,0
08,茨城県,33,岡山県,1,農水産品・食料工業品,124.7860327,176.6680342,41.64512821,3.58
08,茨城県,34,広島県,1,農水産品・食料工業品,263.3301385,110.4696484,37.18512821,5.068376068
08,茨城県,35,山口県,1,農水産品・食料工業品,6.530051282,0.9,5.068376068,8
08,茨城県,36,徳島県,1,農水産品・食料工業品,0.1536,0.0716,0,0
08,茨城県,37,香川県,1,農水産品・食料工業品,25.57383761,74.88888889,5.068376068,5.068376068
08,茨城県,38,愛媛県,1,農水産品・食料工業品,14.14227949,0,8.868376068,0
08,茨城県,39,高知県,1,農水産品・食料工業品,0.176,5.94,0,2.9
08,茨城県,40,福岡県,1,農水産品・食料工業品,562.2124013,0,45.54,0
08,茨城県,41,佐賀県,1,農水産品・食料工業品,133.0541333,34,3.58,0
08,茨城県,42,長崎県,1,農水産品・食料工業品,1.284197406,0.530409035,8.183318597,0
08,茨城県,43,熊本県,1,農水産品・食料工業品,28.75892137,27.04285714,19.00512821,16.00204082
08,茨城県,44,大分県,1,農水産品・食料工業品,5.228376068,0,0,0
08,茨城県,45,宮崎県,1,農水産品・食料工業品,0.868625,1.8,0,0
08,茨城県,46,鹿児島県,1,農水産品・食料工業品,18.72196752,14.79965812,8.648376068,5.068376068
08,茨城県,47,沖縄県,1,農水産品・食料工業品,85.94310769,0.02534188,19.24,5.068376068
08,茨城県,90,全国,1,農水産品・食料工業品,239.5157479,919.0641895,117.2839488,60.86
08,茨城県,92,東北,1,農水産品・食料工業品,766.8093045,444.5026316,40.65458297,62.59868421
08,茨城県,93,海外,1,農水産品・食料工業品,84.52789024,6485.89515,8.868376068,22.2375
08,茨城県,94,不特定,1,農水産品・食料工業品,0.522758621,14.32,60.98850575,3.58
08,茨城県,99,全て不明,1,農水産品・食料工業品,184.3945455,4.520273504,15.84545455,27.06837607
09,栃木県,08,茨城県,1,農水産品・食料工業品,5669.364096,6161.328861,434.6741611,298.1680128
09,栃木県,11,埼玉県,1,農水産品・食料工業品,1947.324803,1764.650832,425.4572527,693.8399979
09,栃木県,12,千葉県,1,農水産品・食料工業品,322.0109847,1212.50657,37.01666667,83.06463236
09,栃木県,13,東京都,1,農水産品・食料工業品,857.6043764,1116.177155,118.6329304,32.93775594
09,栃木県,14,神奈川県,1,農水産品・食料工業品,1207.608925,513.0832812,77.85437629,18.81154307
10,群馬県,08,茨城県,1,農水産品・食料工業品,2065.483524,5507.990557,265.3761207,296.8796017
10,群馬県,11,埼玉県,1,農水産品・食料工業品,4110.744479,2851.235158,977.5623709,1519.861077
10,群馬県,12,千葉県,1,農水産品・食料工業品,1066.641443,2743.106329,88.60189494,208.6553513
10,群馬県,13,東京都,1,農水産品・食料工業品,2171.066747,2288.316849,54.13367931,31.10084034
10,群馬県,14,神奈川県,1,農水産品・食料工業品,987.9036131,1357.01812,95.3211857,35.8948764
11,埼玉県,01,北海道,1,農水産品・食料工業品,875.3818098,2649.811042,182.5888392,256.6147242
11,埼玉県,02,青森県,1,農水産品・食料工業品,48.42777747,430.3873931,35.75652174,52.59761905
11,埼玉県,03,岩手県,1,農水産品・食料工業品,39.39093075,502.5269124,34.65760664,77.42313718
11,埼玉県,04,宮城県,1,農水産品・食料工業品,965.5026676,349.9737724,248.7134781,106.07115
11,埼玉県,05,秋田県,1,農水産品・食料工業品,0.764124506,326.3924298,10.85310559,21.61210975
11,埼玉県,06,山形県,1,農水産品・食料工業品,26.81719678,234.7733391,37.09622014,37.02908969
11,埼玉県,07,福島県,1,農水産品・食料工業品,347.0363779,384.16224,95.77412193,73.8202381
11,埼玉県,08,茨城県,1,農水産品・食料工業品,3187.774975,14980.41008,932.8856683,1668.918068
11,埼玉県,09,栃木県,1,農水産品・食料工業品,1764.650832,1947.324803,693.8399979,425.4572527
11,埼玉県,10,群馬県,1,農水産品・食料工業品,2851.235158,4110.744479,1519.861077,977.5623709
11,埼玉県,11,埼玉県,1,農水産品・食料工業品,202115.1488,202115.1488,22041.78811,22041.78811
11,埼玉県,12,千葉県,1,農水産品・食料工業品,10021.81813,9509.279507,4267.010125,1446.582138
11,埼玉県,13,東京都,1,農水産品・食料工業品,20364.8443,10872.11068,8954.382215,1829.616474
11,埼玉県,14,神奈川県,1,農水産品・食料工業品,11326.16861,12167.99969,2572.112621,1306.825004
11,埼玉県,15,新潟県,1,農水産品・食料工業品,532.2830551,1206.800501,187.9169184,238.4678943
11,埼玉県,16,富山県,1,農水産品・食料工業品,30.95413696,172.6597126,21.25864662,37.79317043
11,埼玉県,17,石川県,1,農水産品・食料工業品,4.52310291,37.92230603,30.70033438,0
11,埼玉県,18,福井県,1,農水産品・食料工業品,20.7601275,26.490625,16.77206967,0
11,埼玉県,19,山梨県,1,農水産品・食料工業品,211.860051,537.949355,132.9405329,94.75602052
11,埼玉県,20,長野県,1,農水産品・食料工業品,1003.86723,663.5987559,327.7514995,120.9711749
11,埼玉県,21,岐阜県,1,農水産品・食料工業品,198.9100355,170.2939091,42.31904762,41.45
11,埼玉県,22,静岡県,1,農水産品・食料工業品,420.875817,842.2780136,228.6255186,231.3778667
11,埼玉県,23,愛知県,1,農水産品・食料工業品,387.0695905,810.778469,225.4974212,168.9134864
11,埼玉県,24,三重県,1,農水産品・食料工業品,1434.003107,990.4693803,142.2810755,133.8938919
11,埼玉県,25,滋賀県,1,農水産品・食料工業品,54.5369682,52.92702105,15.81162281,32.90477065
11,埼玉県,26,京都府,1,農水産品・食料工業品,132.9455013,265.5306006,56.28732304,59.14544629
11,埼玉県,27,大阪府,1,農水産品・食料工業品,1174.5235,333.190582,382.5377784,130.6368008
11,埼玉県,28,兵庫県,1,農水産品・食料工業品,824.1057884,768.443544,157.5227043,123.9375955
11,埼玉県,29,奈良県,1,農水産品・食料工業品,3.611652174,21.73797619,18.88478261,23.87380952
11,埼玉県,30,和歌山県,1,農水産品・食料工業品,2.555492241,209.9022708,14.50080022,36.83671971
11,埼玉県,31,鳥取県,1,農水産品・食料工業品,2.931517857,78.66293428,14.83214286,32.05977246
11,埼玉県,32,島根県,1,農水産品・食料工業品,0.083333333,0.023774834,0,14.26490066
11,埼玉県,33,岡山県,1,農水産品・食料工業品,20.29420501,301.7056031,27.68686791,58.53448276
11,埼玉県,34,広島県,1,農水産品・食料工業品,329.7340902,140.1964132,69.71928099,36.51973976
11,埼玉県,35,山口県,1,農水産品・食料工業品,3.924321736,9.405,16.46340852,4.75
11,埼玉県,36,徳島県,1,農水産品・食料工業品,0.174,0.42173913,4.35,4.217391304
11,埼玉県,37,香川県,1,農水産品・食料工業品,18.82806274,0.2014,27.64851533,3.8
11,埼玉県,38,愛媛県,1,農水産品・食料工業品,13.55424924,196.314175,22.45103875,32.2039897
11,埼玉県,39,高知県,1,農水産品・食料工業品,1.157904762,4.225496689,7.945238095,12.25496689
11,埼玉県,40,福岡県,1,農水産品・食料工業品,351.6728261,348.7741778,117.4403911,62.5358309
11,埼玉県,41,佐賀県,1,農水産品・食料工業品,133.4151027,124.8647472,20.8273441,20.4452381
11,埼玉県,42,長崎県,1,農水産品・食料工業品,0.16,59.04615385,0,5.615384615
11,埼玉県,43,熊本県,1,農水産品・食料工業品,53.80264416,145.9023776,29.57797619,13.61538462
11,埼玉県,44,大分県,1,農水産品・食料工業品,0.947403896,0.207965116,12.2952381,0
11,埼玉県,45,宮崎県,1,農水産品・食料工業品,52.66118182,111.002201,8.7,14.31578947
11,埼玉県,46,鹿児島県,1,農水産品・食料工業品,7.465917391,140.7982105,19.0173913,17.6
11,埼玉県,47,沖縄県,1,農水産品・食料工業品,35.10218182,0.038,18,3.8
11,埼玉県,90,全国,1,農水産品・食料工業品,19.4,2263.218155,25.86666667,349.6666667
11,埼玉県,92,東北,1,農水産品・食料工業品,2245.114006,105.8823529,740.4455962,415.5882353
11,埼玉県,93,海外,1,農水産品・食料工業品,16.66666667,365.373841,3.333333333,52.12064531
11,埼玉県,94,不特定,1,農水産品・食料工業品,59.48517647,264.4297619,580.5487616,695.7894737
11,埼玉県,99,全て不明,1,農水産品・食料工業品,7.248062016,21.83631347,7.248062016,259.366078
12,千葉県,01,北海道,1,農水産品・食料工業品,1014.925589,754.6416759,34.40664279,38.58333333
12,千葉県,02,青森県,1,農水産品・食料工業品,127.6939637,90.39143913,15.68367452,6
12,千葉県,03,岩手県,1,農水産品・食料工業品,97.60140014,27.25833333,4.5625,2.666666667
12,千葉県,04,宮城県,1,農水産品・食料工業品,1257.823068,231.7482209,90.52975593,7
12,千葉県,05,秋田県,1,農水産品・食料工業品,22.68561808,50.0620872,7.051282051,0
12,千葉県,06,山形県,1,農水産品・食料工業品,226.753667,202.2357215,7.051282051,0
12,千葉県,07,福島県,1,農水産品・食料工業品,474.5650141,419.9531923,44.95023435,3.230769231
12,千葉県,08,茨城県,1,農水産品・食料工業品,8473.918818,27594.80525,910.3327255,1494.061706
12,千葉県,09,栃木県,1,農水産品・食料工業品,1212.50657,322.0109847,83.06463236,37.01666667
12,千葉県,10,群馬県,1,農水産品・食料工業品,2743.106329,1066.641443,208.6553513,88.60189494
12,千葉県,11,埼玉県,1,農水産品・食料工業品,9509.279507,10021.81813,1446.582138,4267.010125
12,千葉県,12,千葉県,1,農水産品・食料工業品,221023.1511,221023.1511,9336.652102,9336.652102
12,千葉県,13,東京都,1,農水産品・食料工業品,27494.09863,7010.258257,2600.040458,1183.02263
12,千葉県,14,神奈川県,1,農水産品・食料工業品,7300.571454,7186.286998,710.5647011,439.4965304
12,千葉県,15,新潟県,1,農水産品・食料工業品,545.3014336,290.8398371,13.17595308,3
12,千葉県,16,富山県,1,農水産品・食料工業品,120.2436005,5.357246377,8.833333333,5.333333333
12,千葉県,17,石川県,1,農水産品・食料工業品,62.94443762,0.803370968,0,0
12,千葉県,18,福井県,1,農水産品・食料工業品,24.48326011,2.1275,0,0
12,千葉県,19,山梨県,1,農水産品・食料工業品,309.1798357,236.0052448,4.380952381,19.10293661
12,千葉県,20,長野県,1,農水産品・食料工業品,269.6198404,441.1297035,11.57122507,10.55
12,千葉県,21,岐阜県,1,農水産品・食料工業品,33.36509135,74.71810426,4.384615385,6.423076923
12,千葉県,22,静岡県,1,農水産品・食料工業品,964.0761198,631.8234622,63.11081555,57.95323565
12,千葉県,23,愛知県,1,農水産品・食料工業品,1116.407974,431.9336225,63.41915877,15.08473859
12,千葉県,24,三重県,1,農水産品・食料工業品,54.83265831,190.1814087,4.384615385,9.531185031
12,千葉県,25,滋賀県,1,農水産品・食料工業品,5.028684211,121.1621622,0,3.513513514
12,千葉県,26,京都府,1,農水産品・食料工業品,254.8494507,95.97675401,13.76923077,0
12,千葉県,27,大阪府,1,農水産品・食料工業品,990.2327072,164.5648864,56.10645715,9.637681159
12,千葉県,28,兵庫県,1,農水産品・食料工業品,1347.301766,973.6395392,52.62011811,16.2962963
12,千葉県,29,奈良県,1,農水産品・食料工業品,1.140044004,49.66722222,0,0
12,千葉県,30,和歌山県,1,農水産品・食料工業品,0.076389864,99.46488889,0,0
12,千葉県,31,鳥取県,1,農水産品・食料工業品,0,10.215,0,0
12,千葉県,32,島根県,1,農水産品・食料工業品,0.323368421,0.018,0,0
12,千葉県,33,岡山県,1,農水産品・食料工業品,32.9022389,27.03467797,0,4.313559322
12,千葉県,34,広島県,1,農水産品・食料工業品,113.2324304,1641.042712,8.765567766,0
12,千葉県,35,山口県,1,農水産品・食料工業品,0.673789474,37.33333333,0,0
12,千葉県,36,徳島県,1,農水産品・食料工業品,1.87173913,11.32477941,0,4.5625
12,千葉県,37,香川県,1,農水産品・食料工業品,2.232058734,7.56,0,0
12,千葉県,38,愛媛県,1,農水産品・食料工業品,35.83165095,6.146783476,0,0
12,千葉県,39,高知県,1,農水産品・食料工業品,0.005333333,50.89108911,0,0
12,千葉県,40,福岡県,1,農水産品・食料工業品,569.7364366,576.3041578,30.13210702,11.23076923
12,千葉県,41,佐賀県,1,農水産品・食料工業品,152.8658028,31.33830698,13.75562988,2.666666667
12,千葉県,42,長崎県,1,農水産品・食料工業品,0.729347826,3.426666667,0,4.380952381
12,千葉県,43,熊本県,1,農水産品・食料工業品,1.651495466,53.50637218,0,2.666666667
12,千葉県,44,大分県,1,農水産品・食料工業品,0.140333333,656.6844422,0,0
12,千葉県,45,宮崎県,1,農水産品・食料工業品,1.538558273,264.8079208,0,0
12,千葉県,46,鹿児島県,1,農水産品・食料工業品,20.02202239,2.523703704,2.666666667,0
12,千葉県,47,沖縄県,1,農水産品・食料工業品,2.783974638,0.548277778,0,0
12,千葉県,90,全国,1,農水産品・食料工業品,387.0428774,325.0839324,170.6885064,507.2132223
12,千葉県,92,東北,1,農水産品・食料工業品,168.3914191,1.2,82.91954023,0
12,千葉県,93,海外,1,農水産品・食料工業品,135.4431795,3604.757819,0,34.43478261
12,千葉県,94,不特定,1,農水産品・食料工業品,0,4.333333333,0,40
12,千葉県,99,全て不明,1,農水産品・食料工業品,0,55.93333333,0,55.83333333
13,東京都,01,北海道,1,農水産品・食料工業品,1071.525956,1261.02259,30.48,13.5325641
13,東京都,02,青森県,1,農水産品・食料工業品,248.9391283,194.440253,15.75,114.0169198
13,東京都,03,岩手県,1,農水産品・食料工業品,345.9897345,262.2411362,15.75,7.387745098
13,東京都,04,宮城県,1,農水産品・食料工業品,825.26533,202.7134442,88.19204934,14.83494506
13,東京都,05,秋田県,1,農水産品・食料工業品,72.91643829,149.5203384,0,44.2
13,東京都,06,山形県,1,農水産品・食料工業品,590.1482352,261.2819102,255.2423077,14.19333333
13,東京都,07,福島県,1,農水産品・食料工業品,556.62374,133.8689476,24.86561866,3.912280702
13,東京都,08,茨城県,1,農水産品・食料工業品,3014.297523,7176.448145,134.2842707,965.7855397
13,東京都,09,栃木県,1,農水産品・食料工業品,1116.177155,857.6043764,32.93775594,118.6329304
13,東京都,10,群馬県,1,農水産品・食料工業品,2288.316849,2171.066747,31.10084034,54.13367931
13,東京都,11,埼玉県,1,農水産品・食料工業品,10872.11068,20364.8443,1829.616474,8954.382215
13,東京都,12,千葉県,1,農水産品・食料工業品,7010.258257,27494.09863,1183.02263,2600.040458
13,東京都,13,東京都,1,農水産品・食料工業品,61881.28284,61881.28284,8793.516079,8793.516079
13,東京都,14,神奈川県,1,農水産品・食料工業品,9594.596904,29053.73094,1102.930791,3131.916764
13,東京都,15,新潟県,1,農水産品・食料工業品,367.8769359,317.5579976,4,15.6575641
13,東京都,16,富山県,1,農水産品・食料工業品,10.81267029,78.7503425,3.529411765,0
13,東京都,17,石川県,1,農水産品・食料工業品,243.6331184,33.08416734,47.7943038,6.23
13,東京都,18,福井県,1,農水産品・食料工業品,38.207125,2.323333333,0,1.733333333
13,東京都,19,山梨県,1,農水産品・食料工業品,733.2275536,445.9692048,24.98076923,28.06227106
13,東京都,20,長野県,1,農水産品・食料工業品,1147.9047,369.8167784,51.96153846,6.461538462
13,東京都,21,岐阜県,1,農水産品・食料工業品,121.5010589,1768.721137,0,0
13,東京都,22,静岡県,1,農水産品・食料工業品,815.1171113,1212.699748,12.46,10.93966818
13,東京都,23,愛知県,1,農水産品・食料工業品,875.5047643,424.7735778,40.99050909,12.46
13,東京都,24,三重県,1,農水産品・食料工業品,9.504232572,27.45005893,0,0
13,東京都,25,滋賀県,1,農水産品・食料工業品,58.54954591,59.43809524,0,0
13,東京都,26,京都府,1,農水産品・食料工業品,103.3510898,86.9824679,3.529411765,10.11229947
13,東京都,27,大阪府,1,農水産品・食料工業品,1187.616063,546.2129623,155.6965495,50.63745098
13,東京都,28,兵庫県,1,農水産品・食料工業品,537.4908231,518.4969117,14.625,17.59969697
13,東京都,29,奈良県,1,農水産品・食料工業品,42.6296828,92.42284382,0,12.4
13,東京都,30,和歌山県,1,農水産品・食料工業品,4.910060174,287.3293846,0,0
13,東京都,31,鳥取県,1,農水産品・食料工業品,3.077420123,6.246100866,0,0
13,東京都,32,島根県,1,農水産品・食料工業品,1.561829611,0.378857143,0,0
13,東京都,33,岡山県,1,農水産品・食料工業品,33.90989844,1879.859615,0,12.46
13,東京都,34,広島県,1,農水産品・食料工業品,86.32902112,25.52083942,0,7.963333333
13,東京都,35,山口県,1,農水産品・食料工業品,24.08275703,95.03752747,0,0
13,東京都,36,徳島県,1,農水産品・食料工業品,58.06989123,240.8093894,0,0
13,東京都,37,香川県,1,農水産品・食料工業品,10.3546955,28.00963394,0,6.23
13,東京都,38,愛媛県,1,農水産品・食料工業品,1.747165323,12.9370201,0,0
13,東京都,39,高知県,1,農水産品・食料工業品,11.39671685,9.797459783,0,0
13,東京都,40,福岡県,1,農水産品・食料工業品,194.1009523,303.8054071,0,2.125
13,東京都,41,佐賀県,1,農水産品・食料工業品,116.5557727,115.6731795,6.23,18.69
13,東京都,42,長崎県,1,農水産品・食料工業品,5.221332772,95.90299184,6.23,1.733333333
13,東京都,43,熊本県,1,農水産品・食料工業品,15.92628664,63.45686393,0,4.818181818
13,東京都,44,大分県,1,農水産品・食料工業品,3.613370968,193.4272727,0,19.27272727
13,東京都,45,宮崎県,1,農水産品・食料工業品,5.235153846,381.4541126,0,44.77545455
13,東京都,46,鹿児島県,1,農水産品・食料工業品,16.23678893,553.5782131,0,17.27818182
13,東京都,47,沖縄県,1,農水産品・食料工業品,282.9545858,31.86353214,6.23,6.23
13,東京都,90,全国,1,農水産品・食料工業品,1325.995138,2603.54259,32.38884462,211.375
13,東京都,92,東北,1,農水産品・食料工業品,81.43113597,1450.61235,0,96.79245283
13,東京都,93,海外,1,農水産品・食料工業品,518.6291811,7798.313927,6.933333333,8.335483871
13,東京都,94,不特定,1,農水産品・食料工業品,7383.260925,433.3333333,86.66666667,52
13,東京都,99,全て不明,1,農水産品・食料工業品,2241.91921,324.5680579,420.1415094,0
14,神奈川県,01,北海道,1,農水産品・食料工業品,1233.501426,3269.204274,25.59789721,26.77777778
14,神奈川県,02,青森県,1,農水産品・食料工業品,91.78119809,162.1207991,0,6.4
14,神奈川県,03,岩手県,1,農水産品・食料工業品,137.871876,122.0432162,0,0
14,神奈川県,04,宮城県,1,農水産品・食料工業品,1114.099225,552.3120076,44.79885058,45.10823137
14,神奈川県,05,秋田県,1,農水産品・食料工業品,149.0415002,67.69506728,0,0
14,神奈川県,06,山形県,1,農水産品・食料工業品,290.9608531,191.110539,0,11.24731183
14,神奈川県,07,福島県,1,農水産品・食料工業品,344.9506016,368.9250752,11.69033131,0
14,神奈川県,08,茨城県,1,農水産品・食料工業品,5544.43994,22965.26179,149.8661658,757.0194499
14,神奈川県,09,栃木県,1,農水産品・食料工業品,513.0832812,1207.608925,18.81154307,77.85437629
14,神奈川県,10,群馬県,1,農水産品・食料工業品,1357.01812,987.9036131,35.8948764,95.3211857
14,神奈川県,11,埼玉県,1,農水産品・食料工業品,12167.99969,11326.16861,1306.825004,2572.112621
14,神奈川県,12,千葉県,1,農水産品・食料工業品,7186.286998,7300.571454,439.4965304,710.5647011
14,神奈川県,13,東京都,1,農水産品・食料工業品,29053.73094,9594.596904,3131.916764,1102.930791
14,神奈川県,14,神奈川県,1,農水産品・食料工業品,80557.53391,80557.53391,13288.51213,13288.51213
14,神奈川県,15,新潟県,1,農水産品・食料工業品,444.6870777,580.1815606,20.24603914,16
14,神奈川県,16,富山県,1,農水産品・食料工業品,128.5119804,506.6193227,0,0
14,神奈川県,17,石川県,1,農水産品・食料工業品,96.01050293,0.123095238,6.938697318,0
14,神奈川県,18,福井県,1,農水産品・食料工業品,57.93883674,0.02811828,0,0
14,神奈川県,19,山梨県,1,農水産品・食料工業品,1002.117112,928.7918593,91.87615689,18.0956767
14,神奈川県,20,長野県,1,農水産品・食料工業品,1079.420301,717.9101107,23.84550372,12.8
14,神奈川県,21,岐阜県,1,農水産品・食料工業品,101.7591913,196.9420595,0,0
14,神奈川県,22,静岡県,1,農水産品・食料工業品,3500.365165,2511.354048,404.476356,80.20282596
14,神奈川県,23,愛知県,1,農水産品・食料工業品,1718.553904,1438.640022,120.5299473,50.35947349
14,神奈川県,24,三重県,1,農水産品・食料工業品,20.97417091,77.72458492,0,0
14,神奈川県,25,滋賀県,1,農水産品・食料工業品,261.3747478,284.8765219,29.83811948,13.5212799
14,神奈川県,26,京都府,1,農水産品・食料工業品,140.7236108,40.61833938,0,16.87096774
14,神奈川県,27,大阪府,1,農水産品・食料工業品,2470.474243,267.4393587,56.0776789,50.35947349
14,神奈川県,28,兵庫県,1,農水産品・食料工業品,879.1983201,372.3913638,11.31034483,5.655172414
14,神奈川県,29,奈良県,1,農水産品・食料工業品,1.238521303,86.4,0,0
14,神奈川県,30,和歌山県,1,農水産品・食料工業品,0,113.0549649,0,0
14,神奈川県,31,鳥取県,1,農水産品・食料工業品,2.6505,5,0,0
14,神奈川県,32,島根県,1,農水産品・食料工業品,0.144157895,0.4,0,0
14,神奈川県,33,岡山県,1,農水産品・食料工業品,122.8155377,155.3513414,2.827586207,14.07489804
14,神奈川県,34,広島県,1,農水産品・食料工業品,51.59463883,283.9285375,5.655172414,2.827586207
14,神奈川県,35,山口県,1,農水産品・食料工業品,6.770413313,33.85882784,0,0
14,神奈川県,36,徳島県,1,農水産品・食料工業品,253.2102293,12.5,0,0
14,神奈川県,37,香川県,1,農水産品・食料工業品,4.118473684,61.73061576,0,0
14,神奈川県,38,愛媛県,1,農水産品・食料工業品,73.60523147,100.7581351,0,3.210526316
14,神奈川県,39,高知県,1,農水産品・食料工業品,0.708719298,0.072,0,0
14,神奈川県,40,福岡県,1,農水産品・食料工業品,502.699837,110.0742659,19.79310345,16.90248424
14,神奈川県,41,佐賀県,1,農水産品・食料工業品,20.61195047,34.82124542,0,0
14,神奈川県,42,長崎県,1,農水産品・食料工業品,0.05925,12,0,0
14,神奈川県,43,熊本県,1,農水産品・食料工業品,40.87523684,57.58192042,0,2.827586207
14,神奈川県,44,大分県,1,農水産品・食料工業品,12.3565,2.542142857,0,0
14,神奈川県,45,宮崎県,1,農水産品・食料工業品,1.2725,43.51488273,0,6.938697318
14,神奈川県,46,鹿児島県,1,農水産品・食料工業品,19.9110042,190.0354675,0,2.827586207
14,神奈川県,47,沖縄県,1,農水産品・食料工業品,2.335428571,0,0,0
14,神奈川県,90,全国,1,農水産品・食料工業品,1469.955947,6565.471566,13.05,27.83333333
14,神奈川県,91,東日本,1,農水産品・食料工業品,1750,0,0,0
14,神奈川県,92,東北,1,農水産品・食料工業品,4358.449944,4847.584683,70.72779923,0
14,神奈川県,93,海外,1,農水産品・食料工業品,434.8954475,7460.681983,4.272727273,14.37857143
14,神奈川県,94,不特定,1,農水産品・食料工業品,0,578.4232817,0,0
14,神奈川県,99,全て不明,1,農水産品・食料工業品,77.08533333,6.65,57.83333333,3
15,新潟県,08,茨城県,1,農水産品・食料工業品,171.9243265,696.0182745,15.60204082,107.3216863
15,新潟県,11,埼玉県,1,農水産品・食料工業品,1206.800501,532.2830551,238.4678943,187.9169184
15,新潟県,12,千葉県,1,農水産品・食料工業品,290.8398371,545.3014336,3,13.17595308
15,新潟県,13,東京都,1,農水産品・食料工業品,317.5579976,367.8769359,15.6575641,4
15,新潟県,14,神奈川県,1,農水産品・食料工業品,580.1815606,444.6870777,16,20.24603914
16,富山県,08,茨城県,1,農水産品・食料工業品,24.67205128,2.593230769,8.068376068,5.068376068
16,富山県,11,埼玉県,1,農水産品・食料工業品,172.6597126,30.95413696,37.79317043,21.25864662
16,富山県,12,千葉県,1,農水産品・食料工業品,5.357246377,120.2436005,5.333333333,8.833333333
16,富山県,13,東京都,1,農水産品・食料工業品,78.7503425,10.81267029,0,3.529411765
16,富山県,14,神奈川県,1,農水産品・食料工業品,506.6193227,128.5119804,0,0
17,石川県,08,茨城県,1,農水産品・食料工業品,5.012,62.15518803,0,6.08
17,石川県,11,埼玉県,1,農水産品・食料工業品,37.92230603,4.52310291,0,30.70033438
17,石川県,12,千葉県,1,農水産品・食料工業品,0.803370968,62.94443762,0,0
17,石川県,13,東京都,1,農水産品・食料工業品,33.08416734,243.6331184,6.23,47.7943038
17,石川県,14,神奈川県,1,農水産品・食料工業品,0.123095238,96.01050293,0,6.938697318
18,福井県,08,茨城県,1,農水産品・食料工業品,6.97,0.368,0,0
18,福井県,11,埼玉県,1,農水産品・食料工業品,26.490625,20.7601275,0,16.77206967
18,福井県,12,千葉県,1,農水産品・食料工業品,2.1275,24.48326011,0,0
18,福井県,13,東京都,1,農水産品・食料工業品,2.323333333,38.207125,1.733333333,0
18,福井県,14,神奈川県,1,農水産品・食料工業品,0.02811828,57.93883674,0,0
19,山梨県,08,茨城県,1,農水産品・食料工業品,477.7114011,173.612506,13.10204082,10.23333333
19,山梨県,11,埼玉県,1,農水産品・食料工業品,537.949355,211.860051,94.75602052,132.9405329
19,山梨県,12,千葉県,1,農水産品・食料工業品,236.0052448,309.1798357,19.10293661,4.380952381
19,山梨県,13,東京都,1,農水産品・食料工業品,445.9692048,733.2275536,28.06227106,24.98076923
19,山梨県,14,神奈川県,1,農水産品・食料工業品,928.7918593,1002.117112,18.0956767,91.87615689
20,長野県,08,茨城県,1,農水産品・食料工業品,789.4968922,563.8574096,86.75858015,90.41116606
20,長野県,11,埼玉県,1,農水産品・食料工業品,663.5987559,1003.86723,120.9711749,327.7514995
20,長野県,12,千葉県,1,農水産品・食料工業品,441.1297035,269.6198404,10.55,11.57122507
20,長野県,13,東京都,1,農水産品・食料工業品,369.8167784,1147.9047,6.461538462,51.96153846
20,長野県,14,神奈川県,1,農水産品・食料工業品,717.9101107,1079.420301,12.8,23.84550372
21,岐阜県,08,茨城県,1,農水産品・食料工業品,4.686,75.84795348,0,3.446808511
21,岐阜県,11,埼玉県,1,農水産品・食料工業品,170.2939091,198.9100355,41.45,42.31904762
21,岐阜県,12,千葉県,1,農水産品・食料工業品,74.71810426,33.36509135,6.423076923,4.384615385
21,岐阜県,13,東京都,1,農水産品・食料工業品,1768.721137,121.5010589,0,0
21,岐阜県,14,神奈川県,1,農水産品・食料工業品,196.9420595,101.7591913,0,0
22,静岡県,08,茨城県,1,農水産品・食料工業品,937.6714579,512.4651641,59.28618084,34.00512821
22,静岡県,11,埼玉県,1,農水産品・食料工業品,842.2780136,420.875817,231.3778667,228.6255186
22,静岡県,12,千葉県,1,農水産品・食料工業品,631.8234622,964.0761198,57.95323565,63.11081555
22,静岡県,13,東京都,1,農水産品・食料工業品,1212.699748,815.1171113,10.93966818,12.46
22,静岡県,14,神奈川県,1,農水産品・食料工業品,2511.354048,3500.365165,80.20282596,404.476356
23,愛知県,08,茨城県,1,農水産品・食料工業品,1261.089534,1492.066962,117.6568708,109.4073722
23,愛知県,11,埼玉県,1,農水産品・食料工業品,810.778469,387.0695905,168.9134864,225.4974212
23,愛知県,12,千葉県,1,農水産品・食料工業品,431.9336225,1116.407974,15.08473859,63.41915877
23,愛知県,13,東京都,1,農水産品・食料工業品,424.7735778,875.5047643,12.46,40.99050909
23,愛知県,14,神奈川県,1,農水産品・食料工業品,1438.640022,1718.553904,50.35947349,120.5299473
24,三重県,08,茨城県,1,農水産品・食料工業品,187.0472772,159.9524822,3.8,3.8
24,三重県,11,埼玉県,1,農水産品・食料工業品,990.4693803,1434.003107,133.8938919,142.2810755
24,三重県,12,千葉県,1,農水産品・食料工業品,190.1814087,54.83265831,9.531185031,4.384615385
24,三重県,13,東京都,1,農水産品・食料工業品,27.45005893,9.504232572,0,0
24,三重県,14,神奈川県,1,農水産品・食料工業品,77.72458492,20.97417091,0,0
25,滋賀県,08,茨城県,1,農水産品・食料工業品,151.9474913,837.9601643,6.108108108,8.268376068
25,滋賀県,11,埼玉県,1,農水産品・食料工業品,52.92702105,54.5369682,32.90477065,15.81162281
25,滋賀県,12,千葉県,1,農水産品・食料工業品,121.1621622,5.028684211,3.513513514,0
25,滋賀県,13,東京都,1,農水産品・食料工業品,59.43809524,58.54954591,0,0
25,滋賀県,14,神奈川県,1,農水産品・食料工業品,284.8765219,261.3747478,13.5212799,29.83811948
26,京都府,08,茨城県,1,農水産品・食料工業品,79.66216216,155.9277758,15.59369369,10.91522292
26,京都府,11,埼玉県,1,農水産品・食料工業品,265.5306006,132.9455013,59.14544629,56.28732304
26,京都府,12,千葉県,1,農水産品・食料工業品,95.97675401,254.8494507,0,13.76923077
26,京都府,13,東京都,1,農水産品・食料工業品,86.9824679,103.3510898,10.11229947,3.529411765
26,京都府,14,神奈川県,1,農水産品・食料工業品,40.61833938,140.7236108,16.87096774,0
27,大阪府,08,茨城県,1,農水産品・食料工業品,393.6583543,1789.403446,48.02590047,319.3871791
27,大阪府,11,埼玉県,1,農水産品・食料工業品,333.190582,1174.5235,130.6368008,382.5377784
27,大阪府,12,千葉県,1,農水産品・食料工業品,164.5648864,990.2327072,9.637681159,56.10645715
27,大阪府,13,東京都,1,農水産品・食料工業品,546.2129623,1187.616063,50.63745098,155.6965495
27,大阪府,14,神奈川県,1,農水産品・食料工業品,267.4393587,2470.474243,50.35947349,56.0776789
28,兵庫県,08,茨城県,1,農水産品・食料工業品,223.5641465,1232.793603,13.26837607,79.82287459
28,兵庫県,11,埼玉県,1,農水産品・食料工業品,768.443544,824.1057884,123.9375955,157.5227043
28,兵庫県,12,千葉県,1,農水産品・食料工業品,973.6395392,1347.301766,16.2962963,52.62011811
28,兵庫県,13,東京都,1,農水産品・食料工業品,518.4969117,537.4908231,17.59969697,14.625
28,兵庫県,14,神奈川県,1,農水産品・食料工業品,372.3913638,879.1983201,5.655172414,11.31034483
29,奈良県,08,茨城県,1,農水産品・食料工業品,0.702375349,18.74570599,8.210526316,0
29,奈良県,11,埼玉県,1,農水産品・食料工業品,21.73797619,3.611652174,23.87380952,18.88478261
29,奈良県,12,千葉県,1,農水産品・食料工業品,49.66722222,1.140044004,0,0
29,奈良県,13,東京都,1,農水産品・食料工業品,92.42284382,42.6296828,12.4,0
29,奈良県,14,神奈川県,1,農水産品・食料工業品,86.4,1.238521303,0,0
30,和歌山県,08,茨城県,1,農水産品・食料工業品,3.958157895,1.666,10.71052632,0
30,和歌山県,11,埼玉県,1,農水産品・食料工業品,209.9022708,2.555492241,36.83671971,14.50080022
30,和歌山県,12,千葉県,1,農水産品・食料工業品,99.46488889,0.076389864,0,0
30,和歌山県,13,東京都,1,農水産品・食料工業品,287.3293846,4.910060174,0,0
30,和歌山県,14,神奈川県,1,農水産品・食料工業品,113.0549649,0,0,0
31,鳥取県,08,茨城県,1,農水産品・食料工業品,1.5,52.61363026,2.5,3.8
31,鳥取県,11,埼玉県,1,農水産品・食料工業品,78.66293428,2.931517857,32.05977246,14.83214286
31,鳥取県,12,千葉県,1,農水産品・食料工業品,10.215,0,0,0
31,鳥取県,13,東京都,1,農水産品・食料工業品,6.246100866,3.077420123,0,0
31,鳥取県,14,神奈川県,1,農水産品・食料工業品,5,2.6505,0,0
32,島根県,08,茨城県,1,農水産品・食料工業品,0,0.45182,0,0
32,島根県,11,埼玉県,1,農水産品・食料工業品,0.023774834,0.083333333,14.26490066,0
32,島根県,12,千葉県,1,農水産品・食料工業品,0.018,0.323368421,0,0
32,島根県,13,東京都,1,農水産品・食料工業品,0.378857143,1.561829611,0,0
32,島根県,14,神奈川県,1,農水産品・食料工業品,0.4,0.144157895,0,0
33,岡山県,08,茨城県,1,農水産品・食料工業品,176.6680342,124.7860327,3.58,41.64512821
33,岡山県,11,埼玉県,1,農水産品・食料工業品,301.7056031,20.29420501,58.53448276,27.68686791
33,岡山県,12,千葉県,1,農水産品・食料工業品,27.03467797,32.9022389,4.313559322,0
33,岡山県,13,東京都,1,農水産品・食料工業品,1879.859615,33.90989844,12.46,0
33,岡山県,14,神奈川県,1,農水産品・食料工業品,155.3513414,122.8155377,14.07489804,2.827586207
34,広島県,08,茨城県,1,農水産品・食料工業品,110.4696484,263.3301385,5.068376068,37.18512821
34,広島県,11,埼玉県,1,農水産品・食料工業品,140.1964132,329.7340902,36.51973976,69.71928099
34,広島県,12,千葉県,1,農水産品・食料工業品,1641.042712,113.2324304,0,8.765567766
34,広島県,13,東京都,1,農水産品・食料工業品,25.52083942,86.32902112,7.963333333,0
34,広島県,14,神奈川県,1,農水産品・食料工業品,283.9285375,51.59463883,2.827586207,5.655172414
35,山口県,08,茨城県,1,農水産品・食料工業品,0.9,6.530051282,8,5.068376068
35,山口県,11,埼玉県,1,農水産品・食料工業品,9.405,3.924321736,4.75,16.46340852
35,山口県,12,千葉県,1,農水産品・食料工業品,37.33333333,0.673789474,0,0
35,山口県,13,東京都,1,農水産品・食料工業品,95.03752747,24.08275703,0,0
35,山口県,14,神奈川県,1,農水産品・食料工業品,33.85882784,6.770413313,0,0
36,徳島県,08,茨城県,1,農水産品・食料工業品,0.0716,0.1536,0,0
36,徳島県,11,埼玉県,1,農水産品・食料工業品,0.42173913,0.174,4.217391304,4.35
36,徳島県,12,千葉県,1,農水産品・食料工業品,11.32477941,1.87173913,4.5625,0
36,徳島県,13,東京都,1,農水産品・食料工業品,240.8093894,58.06989123,0,0
36,徳島県,14,神奈川県,1,農水産品・食料工業品,12.5,253.2102293,0,0
37,香川県,08,茨城県,1,農水産品・食料工業品,74.88888889,25.57383761,5.068376068,5.068376068
37,香川県,11,埼玉県,1,農水産品・食料工業品,0.2014,18.82806274,3.8,27.64851533
37,香川県,12,千葉県,1,農水産品・食料工業品,7.56,2.232058734,0,0
37,香川県,13,東京都,1,農水産品・食料工業品,28.00963394,10.3546955,6.23,0
37,香川県,14,神奈川県,1,農水産品・食料工業品,61.73061576,4.118473684,0,0
38,愛媛県,08,茨城県,1,農水産品・食料工業品,0,14.14227949,0,8.868376068
38,愛媛県,11,埼玉県,1,農水産品・食料工業品,196.314175,13.55424924,32.2039897,22.45103875
38,愛媛県,12,千葉県,1,農水産品・食料工業品,6.146783476,35.83165095,0,0
38,愛媛県,13,東京都,1,農水産品・食料工業品,12.9370201,1.747165323,0,0
38,愛媛県,14,神奈川県,1,農水産品・食料工業品,100.7581351,73.60523147,3.210526316,0
39,高知県,08,茨城県,1,農水産品・食料工業品,5.94,0.176,2.9,0
39,高知県,11,埼玉県,1,農水産品・食料工業品,4.225496689,1.157904762,12.25496689,7.945238095
39,高知県,12,千葉県,1,農水産品・食料工業品,50.89108911,0.005333333,0,0
39,高知県,13,東京都,1,農水産品・食料工業品,9.797459783,11.39671685,0,0
39,高知県,14,神奈川県,1,農水産品・食料工業品,0.072,0.708719298,0,0
40,福岡県,08,茨城県,1,農水産品・食料工業品,0,562.2124013,0,45.54
40,福岡県,11,埼玉県,1,農水産品・食料工業品,348.7741778,351.6728261,62.5358309,117.4403911
40,福岡県,12,千葉県,1,農水産品・食料工業品,576.3041578,569.7364366,11.23076923,30.13210702
40,福岡県,13,東京都,1,農水産品・食料工業品,303.8054071,194.1009523,2.125,0
40,福岡県,14,神奈川県,1,農水産品・食料工業品,110.0742659,502.699837,16.90248424,19.79310345
41,佐賀県,08,茨城県,1,農水産品・食料工業品,34,133.0541333,0,3.58
41,佐賀県,11,埼玉県,1,農水産品・食料工業品,124.8647472,133.4151027,20.4452381,20.8273441
41,佐賀県,12,千葉県,1,農水産品・食料工業品,31.33830698,152.8658028,2.666666667,13.75562988
41,佐賀県,13,東京都,1,農水産品・食料工業品,115.6731795,116.5557727,18.69,6.23
41,佐賀県,14,神奈川県,1,農水産品・食料工業品,34.82124542,20.61195047,0,0
42,長崎県,08,茨城県,1,農水産品・食料工業品,0.530409035,1.284197406,0,8.183318597
42,長崎県,11,埼玉県,1,農水産品・食料工業品,59.04615385,0.16,5.615384615,0
42,長崎県,12,千葉県,1,農水産品・食料工業品,3.426666667,0.729347826,4.380952381,0
42,長崎県,13,東京都,1,農水産品・食料工業品,95.90299184,5.221332772,1.733333333,6.23
42,長崎県,14,神奈川県,1,農水産品・食料工業品,12,0.05925,0,0
43,熊本県,08,茨城県,1,農水産品・食料工業品,27.04285714,28.75892137,16.00204082,19.00512821
43,熊本県,11,埼玉県,1,農水産品・食料工業品,145.9023776,53.80264416,13.61538462,29.57797619
43,熊本県,12,千葉県,1,農水産品・食料工業品,53.50637218,1.651495466,2.666666667,0
43,熊本県,13,東京都,1,農水産品・食料工業品,63.45686393,15.92628664,4.818181818,0
43,熊本県,14,神奈川県,1,農水産品・食料工業品,57.58192042,40.87523684,2.827586207,0
44,大分県,08,茨城県,1,農水産品・食料工業品,0,5.228376068,0,0
44,大分県,11,埼玉県,1,農水産品・食料工業品,0.207965116,0.947403896,0,12.2952381
44,大分県,12,千葉県,1,農水産品・食料工業品,656.6844422,0.140333333,0,0
44,大分県,13,東京都,1,農水産品・食料工業品,193.4272727,3.613370968,19.27272727,0
44,大分県,14,神奈川県,1,農水産品・食料工業品,2.542142857,12.3565,0,0
45,宮崎県,08,茨城県,1,農水産品・食料工業品,1.8,0.868625,0,0
45,宮崎県,11,埼玉県,1,農水産品・食料工業品,111.002201,52.66118182,14.31578947,8.7
45,宮崎県,12,千葉県,1,農水産品・食料工業品,264.8079208,1.538558273,0,0
45,宮崎県,13,東京都,1,農水産品・食料工業品,381.4541126,5.235153846,44.77545455,0
45,宮崎県,14,神奈川県,1,農水産品・食料工業品,43.51488273,1.2725,6.938697318,0
46,鹿児島県,08,茨城県,1,農水産品・食料工業品,14.79965812,18.72196752,5.068376068,8.648376068
46,鹿児島県,11,埼玉県,1,農水産品・食料工業品,140.7982105,7.465917391,17.6,19.0173913
46,鹿児島県,12,千葉県,1,農水産品・食料工業品,2.523703704,20.02202239,0,2.666666667
46,鹿児島県,13,東京都,1,農水産品・食料工業品,553.5782131,16.23678893,17.27818182,0
46,鹿児島県,14,神奈川県,1,農水産品・食料工業品,190.0354675,19.9110042,2.827586207,0
47,沖縄県,08,茨城県,1,農水産品・食料工業品,0.02534188,85.94310769,5.068376068,19.24
47,沖縄県,11,埼玉県,1,農水産品・食料工業品,0.038,35.10218182,3.8,18
47,沖縄県,12,千葉県,1,農水産品・食料工業品,0.548277778,2.783974638,0,0
47,沖縄県,13,東京都,1,農水産品・食料工業品,31.86353214,282.9545858,6.23,6.23
47,沖縄県,14,神奈川県,1,農水産品・食料工業品,0,2.335428571,0,0
90,全国,08,茨城県,1,農水産品・食料工業品,919.0641895,239.5157479,60.86,117.2839488
90,全国,11,埼玉県,1,農水産品・食料工業品,2263.218155,19.4,349.6666667,25.86666667
90,全国,12,千葉県,1,農水産品・食料工業品,325.0839324,387.0428774,507.2132223,170.6885064
90,全国,13,東京都,1,農水産品・食料工業品,2603.54259,1325.995138,211.375,32.38884462
90,全国,14,神奈川県,1,農水産品・食料工業品,6565.471566,1469.955947,27.83333333,13.05
91,東日本,14,神奈川県,1,農水産品・食料工業品,0,1750,0,0
92,東北,08,茨城県,1,農水産品・食料工業品,444.5026316,766.8093045,62.59868421,40.65458297
92,東北,11,埼玉県,1,農水産品・食料工業品,105.8823529,2245.114006,415.5882353,740.4455962
92,東北,12,千葉県,1,農水産品・食料工業品,1.2,168.3914191,0,82.91954023
92,東北,13,東京都,1,農水産品・食料工業品,1450.61235,81.43113597,96.79245283,0
92,東北,14,神奈川県,1,農水産品・食料工業品,4847.584683,4358.449944,0,70.72779923
93,海外,08,茨城県,1,農水産品・食料工業品,6485.89515,84.52789024,22.2375,8.868376068
93,海外,11,埼玉県,1,農水産品・食料工業品,365.373841,16.66666667,52.12064531,3.333333333
93,海外,12,千葉県,1,農水産品・食料工業品,3604.757819,135.4431795,34.43478261,0
93,海外,13,東京都,1,農水産品・食料工業品,7798.313927,518.6291811,8.335483871,6.933333333
93,海外,14,神奈川県,1,農水産品・食料工業品,7460.681983,434.8954475,14.37857143,4.272727273
94,不特定,08,茨城県,1,農水産品・食料工業品,14.32,0.522758621,3.58,60.98850575
94,不特定,11,埼玉県,1,農水産品・食料工業品,264.4297619,59.48517647,695.7894737,580.5487616
94,不特定,12,千葉県,1,農水産品・食料工業品,4.333333333,0,40,0
94,不特定,13,東京都,1,農水産品・食料工業品,433.3333333,7383.260925,52,86.66666667
94,不特定,14,神奈川県,1,農水産品・食料工業品,578.4232817,0,0,0
99,全て不明,08,茨城県,1,農水産品・食料工業品,4.520273504,184.3945455,27.06837607,15.84545455
99,全て不明,11,埼玉県,1,農水産品・食料工業品,21.83631347,7.248062016,259.366078,7.248062016
99,全て不明,12,千葉県,1,農水産品・食料工業品,55.93333333,0,55.83333333,0
99,全て不明,13,東京都,1,農水産品・食料工業品,324.5680579,2241.91921,0,420.1415094
99,全て不明,14,神奈川県,1,農水産品・食料工業品,6.65,77.08533333,3,57.83333333
01,北海道,08,茨城県,2,出版・印刷物,0,3.83418,0,3.58
01,北海道,11,埼玉県,2,出版・印刷物,10.725,0.981194236,3.575,44.22324561
01,北海道,12,千葉県,2,出版・印刷物,0,0.0675,0,0
01,北海道,13,東京都,2,出版・印刷物,0.340100155,1.541600396,0,0
01,北海道,14,神奈川県,2,出版・印刷物,0,61.9348,0,0
02,青森県,08,茨城県,2,出版・印刷物,0,1.29954,0,3.58
02,青森県,11,埼玉県,2,出版・印刷物,0,0.209642857,0,10.48214286
02,青森県,12,千葉県,2,出版・印刷物,0.029891304,0,0,0
02,青森県,13,東京都,2,出版・印刷物,62.5,0.894179105,0,0
02,青森県,14,神奈川県,2,出版・印刷物,0,0.0035,0,0
03,岩手県,08,茨城県,2,出版・印刷物,0,0.4513,0,3.58
03,岩手県,13,東京都,2,出版・印刷物,0,46.13837351,0,12.58252427
03,岩手県,14,神奈川県,2,出版・印刷物,0,1.5664,0,0
04,宮城県,08,茨城県,2,出版・印刷物,0.012019231,2.847379231,0,3.58
04,宮城県,11,埼玉県,2,出版・印刷物,17.65517241,0.289842365,4.413793103,15.68998358
04,宮城県,12,千葉県,2,出版・印刷物,7.375,8.575,0,0
04,宮城県,13,東京都,2,出版・印刷物,0.259706628,33.83841277,0,4.194174757
04,宮城県,14,神奈川県,2,出版・印刷物,0,54.81086559,0,0
05,秋田県,11,埼玉県,2,出版・印刷物,0,2.40915011,0,7.921633554
05,秋田県,13,東京都,2,出版・印刷物,5.5,0.032845771,0,0
05,秋田県,14,神奈川県,2,出版・印刷物,0,0.6072,0,0
06,山形県,08,茨城県,2,出版・印刷物,0,27.84166,0,0
06,山形県,11,埼玉県,2,出版・印刷物,0,0.070909091,0,0
06,山形県,12,千葉県,2,出版・印刷物,0.1475,0,0,0
06,山形県,13,東京都,2,出版・印刷物,0.141441299,47.55434741,0,5.5
07,福島県,08,茨城県,2,出版・印刷物,0,26.46201923,0,3.2
07,福島県,11,埼玉県,2,出版・印刷物,0,0.229476191,0,17.64880952
07,福島県,12,千葉県,2,出版・印刷物,17.5,7,6.363636364,0
07,福島県,13,東京都,2,出版・印刷物,278.7956224,0.728435628,12.46,12.46
07,福島県,14,神奈川県,2,出版・印刷物,0.39085213,51.77526851,0,0
08,茨城県,01,北海道,2,出版・印刷物,3.83418,0,3.58,0
08,茨城県,02,青森県,2,出版・印刷物,1.29954,0,3.58,0
08,茨城県,03,岩手県,2,出版・印刷物,0.4513,0,3.58,0
08,茨城県,04,宮城県,2,出版・印刷物,2.847379231,0.012019231,3.58,0
08,茨城県,06,山形県,2,出版・印刷物,27.84166,0,0,0
08,茨城県,07,福島県,2,出版・印刷物,26.46201923,0,3.2,0
08,茨城県,08,茨城県,2,出版・印刷物,1060.09176,1060.09176,1226.568922,1226.568922
08,茨城県,09,栃木県,2,出版・印刷物,28.806,16.468,29.58,10.74
08,茨城県,10,群馬県,2,出版・印刷物,39.75359846,3.548288462,25.36,7.387692308
08,茨城県,11,埼玉県,2,出版・印刷物,641.0629354,423.9834198,197.3488885,201.2498934
08,茨城県,12,千葉県,2,出版・印刷物,349.7510016,8.780769231,22.24,5.480769231
08,茨城県,13,東京都,2,出版・印刷物,608.6501848,18.51934367,88.84911381,12
08,茨城県,14,神奈川県,2,出版・印刷物,51.76315207,142.9355588,27.57048133,0
08,茨城県,15,新潟県,2,出版・印刷物,0.0038,0,0,0
08,茨城県,16,富山県,2,出版・印刷物,0.00716,0.051836735,3.58,6.367346939
08,茨城県,17,石川県,2,出版・印刷物,0.0336,1.566933333,0,0
08,茨城県,19,山梨県,2,出版・印刷物,0,14.60014286,0,0
08,茨城県,20,長野県,2,出版・印刷物,1.797084553,0.003284553,0,0
08,茨城県,21,岐阜県,2,出版・印刷物,1.79,0,0,0
08,茨城県,22,静岡県,2,出版・印刷物,20.72658455,0.403284553,6.78,0
08,茨城県,23,愛知県,2,出版・印刷物,11.56214967,0.640857143,8.710434783,0
08,茨城県,25,滋賀県,2,出版・印刷物,6,0,6,0
08,茨城県,26,京都府,2,出版・印刷物,5.724084553,4.29042741,10.16,0
08,茨城県,27,大阪府,2,出版・印刷物,3,4.894384615,3,0
08,茨城県,28,兵庫県,2,出版・印刷物,8.152879231,3.58,10.16,0
08,茨城県,29,奈良県,2,出版・印刷物,1.5,0.447857143,0,0
08,茨城県,33,岡山県,2,出版・印刷物,0.42602,2.262857143,3.58,0
08,茨城県,34,広島県,2,出版・印刷物,0.085683761,1.533333333,5.068376068,0
08,茨城県,38,愛媛県,2,出版・印刷物,0.0038,0,0,0
08,茨城県,40,福岡県,2,出版・印刷物,136,0,17,0
08,茨城県,44,大分県,2,出版・印刷物,0.0038,0,0,0
08,茨城県,45,宮崎県,2,出版・印刷物,0.0038,0,0,0
08,茨城県,90,全国,2,出版・印刷物,0.008712644,0,0,0
08,茨城県,99,全て不明,2,出版・印刷物,0,0,0,1
09,栃木県,08,茨城県,2,出版・印刷物,16.468,28.806,10.74,29.58
09,栃木県,11,埼玉県,2,出版・印刷物,20.01354618,357.290374,14.1688863,80.58710975
09,栃木県,12,千葉県,2,出版・印刷物,0.623076923,0,0,0
09,栃木県,13,東京都,2,出版・印刷物,9.716255639,14.24489966,0,6.894422311
09,栃木県,14,神奈川県,2,出版・印刷物,0,363.8006842,0,0
10,群馬県,08,茨城県,2,出版・印刷物,3.548288462,39.75359846,7.387692308,25.36
10,群馬県,11,埼玉県,2,出版・印刷物,51.09533437,216.1403213,49.84596273,91.26340521
10,群馬県,12,千葉県,2,出版・印刷物,0,36.593,0,0
10,群馬県,13,東京都,2,出版・印刷物,0.015652174,38.69843502,6.23,6.23
10,群馬県,14,神奈川県,2,出版・印刷物,0.218903226,72.12694706,0,0
11,埼玉県,01,北海道,2,出版・印刷物,0.981194236,10.725,44.22324561,3.575
11,埼玉県,02,青森県,2,出版・印刷物,0.209642857,0,10.48214286,0
11,埼玉県,04,宮城県,2,出版・印刷物,0.289842365,17.65517241,15.68998358,4.413793103
11,埼玉県,05,秋田県,2,出版・印刷物,2.40915011,0,7.921633554,0
11,埼玉県,06,山形県,2,出版・印刷物,0.070909091,0,0,0
11,埼玉県,07,福島県,2,出版・印刷物,0.229476191,0,17.64880952,0
11,埼玉県,08,茨城県,2,出版・印刷物,423.9834198,641.0629354,201.2498934,197.3488885
11,埼玉県,09,栃木県,2,出版・印刷物,357.290374,20.01354618,80.58710975,14.1688863
11,埼玉県,10,群馬県,2,出版・印刷物,216.1403213,51.09533437,91.26340521,49.84596273
11,埼玉県,11,埼玉県,2,出版・印刷物,11551.72252,11551.72252,3513.465233,3513.465233
11,埼玉県,12,千葉県,2,出版・印刷物,868.9258976,326.5997734,272.4195864,34.7518315
11,埼玉県,13,東京都,2,出版・印刷物,4113.94915,4328.548975,2161.852863,625.2085445
11,埼玉県,14,神奈川県,2,出版・印刷物,459.6032419,818.4834052,226.1363438,19.48036735
11,埼玉県,15,新潟県,2,出版・印刷物,2.808368725,0,26.70377641,0
11,埼玉県,16,富山県,2,出版・印刷物,0.079166667,0,9.5,0
11,埼玉県,17,石川県,2,出版・印刷物,0.631622807,0.031666667,27.79824561,0
11,埼玉県,18,福井県,2,出版・印刷物,0.063333333,0,3.166666667,0
11,埼玉県,19,山梨県,2,出版・印刷物,0.176,0,4,0
11,埼玉県,20,長野県,2,出版・印刷物,46.42135965,0,20.35877193,0
11,埼玉県,21,岐阜県,2,出版・印刷物,0.209642857,0,10.48214286,0
11,埼玉県,22,静岡県,2,出版・印刷物,1.389512861,59.15237402,61.90761085,26.56687165
11,埼玉県,23,愛知県,2,出版・印刷物,119.6534991,3.325196742,80.76378616,7.411027569
11,埼玉県,24,三重県,2,出版・印刷物,0.441333333,0.396428571,7.516666667,2.642857143
11,埼玉県,25,滋賀県,2,出版・印刷物,8.752254967,1.171421634,15.43830022,4.754966887
11,埼玉県,26,京都府,2,出版・印刷物,0.60327381,0,16.81547619,0
11,埼玉県,27,大阪府,2,出版・印刷物,853.8079989,19.45257989,177.9231665,16.03734773
11,埼玉県,28,兵庫県,2,出版・印刷物,0.886575815,1.048214286,51.59617795,10.48214286
11,埼玉県,29,奈良県,2,出版・印刷物,0.031666667,0.161214286,3.166666667,2.642857143
11,埼玉県,33,岡山県,2,出版・印刷物,0.035666667,13.54736842,7.166666667,12.31578947
11,埼玉県,34,広島県,2,出版・印刷物,0.779574634,0.008023256,33.74110276,0
11,埼玉県,35,山口県,2,出版・印刷物,1.92,0,4,0
11,埼玉県,36,徳島県,2,出版・印刷物,0,1.166666667,0,0
11,埼玉県,38,愛媛県,2,出版・印刷物,0.129333333,0,6.466666667,0
11,埼玉県,40,福岡県,2,出版・印刷物,15.69821805,0,46.09110276,0
11,埼玉県,43,熊本県,2,出版・印刷物,10,0,2,0
11,埼玉県,44,大分県,2,出版・印刷物,10,1.321428571,2,2.642857143
11,埼玉県,45,宮崎県,2,出版・印刷物,10,0,2,0
11,埼玉県,46,鹿児島県,2,出版・印刷物,20,0,4,0
11,埼玉県,47,沖縄県,2,出版・印刷物,0.064666667,0,6.466666667,0
11,埼玉県,90,全国,2,出版・印刷物,5.666738095,0,7.15,0
11,埼玉県,92,東北,2,出版・印刷物,0.0715,5.03575,7.15,3.575
11,埼玉県,93,海外,2,出版・印刷物,0,0.004,0,4
11,埼玉県,94,不特定,2,出版・印刷物,3.333333333,1.5,6,6
11,埼玉県,99,全て不明,2,出版・印刷物,15.77041429,175.4921552,31.33571429,144.0958539
12,千葉県,01,北海道,2,出版・印刷物,0.0675,0,0,0
12,千葉県,02,青森県,2,出版・印刷物,0,0.029891304,0,0
12,千葉県,04,宮城県,2,出版・印刷物,8.575,7.375,0,0
12,千葉県,06,山形県,2,出版・印刷物,0,0.1475,0,0
12,千葉県,07,福島県,2,出版・印刷物,7,17.5,0,6.363636364
12,千葉県,08,茨城県,2,出版・印刷物,8.780769231,349.7510016,5.480769231,22.24
12,千葉県,09,栃木県,2,出版・印刷物,0,0.623076923,0,0
12,千葉県,10,群馬県,2,出版・印刷物,36.593,0,0,0
12,千葉県,11,埼玉県,2,出版・印刷物,326.5997734,868.9258976,34.7518315,272.4195864
12,千葉県,12,千葉県,2,出版・印刷物,903.2366188,903.2366188,335.3204484,335.3204484
12,千葉県,13,東京都,2,出版・印刷物,248.3741414,318.6327226,347.004606,388.4097522
12,千葉県,14,神奈川県,2,出版・印刷物,57.16062802,246.1370964,9.75,0
12,千葉県,15,新潟県,2,出版・印刷物,8.456,0.030125,0,4.1875
12,千葉県,17,石川県,2,出版・印刷物,0,2,0,0
12,千葉県,19,山梨県,2,出版・印刷物,32,0,0,0
12,千葉県,20,長野県,2,出版・印刷物,0,244.1176471,0,0
12,千葉県,23,愛知県,2,出版・印刷物,7.375,7.377,0,1
12,千葉県,24,三重県,2,出版・印刷物,20.4,0,0,0
12,千葉県,25,滋賀県,2,出版・印刷物,25.6,7.755,0,0
12,千葉県,27,大阪府,2,出版・印刷物,43.39031356,0.870521368,4.313559322,1
12,千葉県,33,岡山県,2,出版・印刷物,48,0.048,0,0
12,千葉県,34,広島県,2,出版・印刷物,0,2,0,0
12,千葉県,40,福岡県,2,出版・印刷物,0.0675,0,0,0
12,千葉県,43,熊本県,2,出版・印刷物,30,0,0,0
12,千葉県,44,大分県,2,出版・印刷物,4.428,0,0,0
12,千葉県,45,宮崎県,2,出版・印刷物,3,0,0,0
12,千葉県,47,沖縄県,2,出版・印刷物,0.0675,0,0,0
12,千葉県,90,全国,2,出版・印刷物,6.6,0,6.6,0
12,千葉県,92,東北,2,出版・印刷物,38.97186933,190.1347368,0,190
12,千葉県,93,海外,2,出版・印刷物,0,52,0,0
12,千葉県,94,不特定,2,出版・印刷物,0,6.6,0,0
13,東京都,01,北海道,2,出版・印刷物,1.541600396,0.340100155,0,0
13,東京都,02,青森県,2,出版・印刷物,0.894179105,62.5,0,0
13,東京都,03,岩手県,2,出版・印刷物,46.13837351,0,12.58252427,0
13,東京都,04,宮城県,2,出版・印刷物,33.83841277,0.259706628,4.194174757,0
13,東京都,05,秋田県,2,出版・印刷物,0.032845771,5.5,0,0
13,東京都,06,山形県,2,出版・印刷物,47.55434741,0.141441299,5.5,0
13,東京都,07,福島県,2,出版・印刷物,0.728435628,278.7956224,12.46,12.46
13,東京都,08,茨城県,2,出版・印刷物,18.51934367,608.6501848,12,88.84911381
13,東京都,09,栃木県,2,出版・印刷物,14.24489966,9.716255639,6.894422311,0
13,東京都,10,群馬県,2,出版・印刷物,38.69843502,0.015652174,6.23,6.23
13,東京都,11,埼玉県,2,出版・印刷物,4328.548975,4113.94915,625.2085445,2161.852863
13,東京都,12,千葉県,2,出版・印刷物,318.6327226,248.3741414,388.4097522,347.004606
13,東京都,13,東京都,2,出版・印刷物,5553.128588,5553.128588,2323.951873,2323.951873
13,東京都,14,神奈川県,2,出版・印刷物,235.0723334,577.9687942,93.66314752,257.6164409
13,東京都,15,新潟県,2,出版・印刷物,109.3532381,0.64,11,0
13,東京都,16,富山県,2,出版・印刷物,0,18.66666667,0,0
13,東京都,17,石川県,2,出版・印刷物,0.093073527,0.006894422,0,0
13,東京都,18,福井県,2,出版・印刷物,0.09216715,0.09216715,0,0
13,東京都,19,山梨県,2,出版・印刷物,1.358956947,0.132142857,4.653846154,0
13,東京都,20,長野県,2,出版・印刷物,32.68799264,0.255636364,13.38834952,0
13,東京都,21,岐阜県,2,出版・印刷物,0.385883153,0,0,0
13,東京都,22,静岡県,2,出版・印刷物,173.0115707,0,4.194174757,0
13,東京都,23,愛知県,2,出版・印刷物,356.5599611,8.638894422,4.194174757,0
13,東京都,24,三重県,2,出版・印刷物,0.68848022,0,0,0
13,東京都,25,滋賀県,2,出版・印刷物,0.037411688,0.024363636,0,0
13,東京都,26,京都府,2,出版・印刷物,20.16712582,1.67266682,2.75,0
13,東京都,27,大阪府,2,出版・印刷物,227.7593323,96.82432002,32.63754045,0
13,東京都,28,兵庫県,2,出版・印刷物,1.295397073,33.83395666,0,0
13,東京都,29,奈良県,2,出版・印刷物,0.045095238,0,0,0
13,東京都,30,和歌山県,2,出版・印刷物,1.010285714,0,0,0
13,東京都,32,島根県,2,出版・印刷物,0.006894422,0.034472112,0,0
13,東京都,33,岡山県,2,出版・印刷物,0.879635714,0,0,0
13,東京都,34,広島県,2,出版・印刷物,0.64475,0.051304348,0,0
13,東京都,35,山口県,2,出版・印刷物,0.487272727,0,0,0
13,東京都,36,徳島県,2,出版・印刷物,29.13922308,12.46153846,0,0
13,東京都,37,香川県,2,出版・印刷物,22.03544388,0.324788446,4.194174757,0
13,東京都,38,愛媛県,2,出版・印刷物,41.54446154,18.69230769,0,0
13,東京都,40,福岡県,2,出版・印刷物,1.263625675,0.701561089,0,0
13,東京都,41,佐賀県,2,出版・印刷物,30.55692308,0,4,0
13,東京都,42,長崎県,2,出版・印刷物,30.2481039,0,0,0
13,東京都,43,熊本県,2,出版・印刷物,71.13657143,0,10,0
13,東京都,44,大分県,2,出版・印刷物,50.20871429,0,8,0
13,東京都,45,宮崎県,2,出版・印刷物,50,0,8,0
13,東京都,46,鹿児島県,2,出版・印刷物,90.034,0,14,0
13,東京都,47,沖縄県,2,出版・印刷物,0.004,0,0,0
13,東京都,90,全国,2,出版・印刷物,242.8919142,114.8587364,16.61538462,31.15384615
13,東京都,92,東北,2,出版・印刷物,68.00272478,186.9230769,169.462038,51.92307692
13,東京都,93,海外,2,出版・印刷物,0.048497076,95.04849708,0,8
13,東京都,94,不特定,2,出版・印刷物,1.878139535,1.878139535,0,0
13,東京都,99,全て不明,2,出版・印刷物,27.57768924,0,0,0
14,神奈川県,01,北海道,2,出版・印刷物,61.9348,0,0,0
14,神奈川県,02,青森県,2,出版・印刷物,0.0035,0,0,0
14,神奈川県,03,岩手県,2,出版・印刷物,1.5664,0,0,0
14,神奈川県,04,宮城県,2,出版・印刷物,54.81086559,0,0,0
14,神奈川県,05,秋田県,2,出版・印刷物,0.6072,0,0,0
14,神奈川県,07,福島県,2,出版・印刷物,51.77526851,0.39085213,0,0
14,神奈川県,08,茨城県,2,出版・印刷物,142.9355588,51.76315207,0,27.57048133
14,神奈川県,09,栃木県,2,出版・印刷物,363.8006842,0,0,0
14,神奈川県,10,群馬県,2,出版・印刷物,72.12694706,0.218903226,0,0
14,神奈川県,11,埼玉県,2,出版・印刷物,818.4834052,459.6032419,19.48036735,226.1363438
14,神奈川県,12,千葉県,2,出版・印刷物,246.1370964,57.16062802,0,9.75
14,神奈川県,13,東京都,2,出版・印刷物,577.9687942,235.0723334,257.6164409,93.66314752
14,神奈川県,14,神奈川県,2,出版・印刷物,1155.868822,1155.868822,613.419032,613.419032
14,神奈川県,15,新潟県,2,出版・印刷物,45.70913684,0,0,0
14,神奈川県,16,富山県,2,出版・印刷物,144.6590667,5.3775,0,0
14,神奈川県,17,石川県,2,出版・印刷物,0.0704,0,0,0
14,神奈川県,18,福井県,2,出版・印刷物,0.0176,0,0,0
14,神奈川県,19,山梨県,2,出版・印刷物,0.1232,2.8,0,0
14,神奈川県,20,長野県,2,出版・印刷物,96.46653611,0,0,0
14,神奈川県,21,岐阜県,2,出版・印刷物,4.2163,0,0,0
14,神奈川県,22,静岡県,2,出版・印刷物,109.3430275,95.95704546,0,0
14,神奈川県,23,愛知県,2,出版・印刷物,45.83262842,0,3.5,0
14,神奈川県,24,三重県,2,出版・印刷物,13.92093333,0,0,0
14,神奈川県,25,滋賀県,2,出版・印刷物,105.5211198,35.65027534,0,0
14,神奈川県,26,京都府,2,出版・印刷物,230.0107691,1.256442743,0,0
14,神奈川県,27,大阪府,2,出版・印刷物,194.6981386,36.99619048,0,0
14,神奈川県,28,兵庫県,2,出版・印刷物,99.0844,0.145081233,0,0
14,神奈川県,30,和歌山県,2,出版・印刷物,0.0528,0,0,0
14,神奈川県,32,島根県,2,出版・印刷物,0.9152,0,0,0
14,神奈川県,33,岡山県,2,出版・印刷物,55.3059,0,0,0
14,神奈川県,34,広島県,2,出版・印刷物,23.60871111,0,0,0
14,神奈川県,35,山口県,2,出版・印刷物,18.96056559,0,0,0
14,神奈川県,36,徳島県,2,出版・印刷物,0.7428,0.264285714,0,0
14,神奈川県,37,香川県,2,出版・印刷物,4.5236,0,0,0
14,神奈川県,38,愛媛県,2,出版・印刷物,2.005157895,0,0,0
14,神奈川県,39,高知県,2,出版・印刷物,3.3792,0,0,0
14,神奈川県,40,福岡県,2,出版・印刷物,19.2488,0.09631579,0,0
14,神奈川県,42,長崎県,2,出版・印刷物,0.0176,0,0,0
14,神奈川県,43,熊本県,2,出版・印刷物,4.2416,0,0,0
14,神奈川県,44,大分県,2,出版・印刷物,19.8844,0,0,0
14,神奈川県,45,宮崎県,2,出版・印刷物,6.7584,0,0,0
14,神奈川県,46,鹿児島県,2,出版・印刷物,0,0.0048,0,0
14,神奈川県,47,沖縄県,2,出版・印刷物,3.059221053,0,0,0
14,神奈川県,90,全国,2,出版・印刷物,2.250571429,237.75,0,0
14,神奈川県,92,東北,2,出版・印刷物,42.93571429,35.71428571,21.03571429,0
14,神奈川県,93,海外,2,出版・印刷物,0,35.71428571,0,0
15,新潟県,08,茨城県,2,出版・印刷物,0,0.0038,0,0
15,新潟県,11,埼玉県,2,出版・印刷物,0,2.808368725,0,26.70377641
15,新潟県,12,千葉県,2,出版・印刷物,0.030125,8.456,4.1875,0
15,新潟県,13,東京都,2,出版・印刷物,0.64,109.3532381,0,11
15,新潟県,14,神奈川県,2,出版・印刷物,0,45.70913684,0,0
16,富山県,08,茨城県,2,出版・印刷物,0.051836735,0.00716,6.367346939,3.58
16,富山県,11,埼玉県,2,出版・印刷物,0,0.079166667,0,9.5
16,富山県,13,東京都,2,出版・印刷物,18.66666667,0,0,0
16,富山県,14,神奈川県,2,出版・印刷物,5.3775,144.6590667,0,0
17,石川県,08,茨城県,2,出版・印刷物,1.566933333,0.0336,0,0
17,石川県,11,埼玉県,2,出版・印刷物,0.031666667,0.631622807,0,27.79824561
17,石川県,12,千葉県,2,出版・印刷物,2,0,0,0
17,石川県,13,東京都,2,出版・印刷物,0.006894422,0.093073527,0,0
17,石川県,14,神奈川県,2,出版・印刷物,0,0.0704,0,0
18,福井県,11,埼玉県,2,出版・印刷物,0,0.063333333,0,3.166666667
18,福井県,13,東京都,2,出版・印刷物,0.09216715,0.09216715,0,0
18,福井県,14,神奈川県,2,出版・印刷物,0,0.0176,0,0
19,山梨県,08,茨城県,2,出版・印刷物,14.60014286,0,0,0
19,山梨県,11,埼玉県,2,出版・印刷物,0,0.176,0,4
19,山梨県,12,千葉県,2,出版・印刷物,0,32,0,0
19,山梨県,13,東京都,2,出版・印刷物,0.132142857,1.358956947,0,4.653846154
19,山梨県,14,神奈川県,2,出版・印刷物,2.8,0.1232,0,0
20,長野県,08,茨城県,2,出版・印刷物,0.003284553,1.797084553,0,0
20,長野県,11,埼玉県,2,出版・印刷物,0,46.42135965,0,20.35877193
20,長野県,12,千葉県,2,出版・印刷物,244.1176471,0,0,0
20,長野県,13,東京都,2,出版・印刷物,0.255636364,32.68799264,0,13.38834952
20,長野県,14,神奈川県,2,出版・印刷物,0,96.46653611,0,0
21,岐阜県,08,茨城県,2,出版・印刷物,0,1.79,0,0
21,岐阜県,11,埼玉県,2,出版・印刷物,0,0.209642857,0,10.48214286
21,岐阜県,13,東京都,2,出版・印刷物,0,0.385883153,0,0
21,岐阜県,14,神奈川県,2,出版・印刷物,0,4.2163,0,0
22,静岡県,08,茨城県,2,出版・印刷物,0.403284553,20.72658455,0,6.78
22,静岡県,11,埼玉県,2,出版・印刷物,59.15237402,1.389512861,26.56687165,61.90761085
22,静岡県,13,東京都,2,出版・印刷物,0,173.0115707,0,4.194174757
22,静岡県,14,神奈川県,2,出版・印刷物,95.95704546,109.3430275,0,0
23,愛知県,08,茨城県,2,出版・印刷物,0.640857143,11.56214967,0,8.710434783
23,愛知県,11,埼玉県,2,出版・印刷物,3.325196742,119.6534991,7.411027569,80.76378616
23,愛知県,12,千葉県,2,出版・印刷物,7.377,7.375,1,0
23,愛知県,13,東京都,2,出版・印刷物,8.638894422,356.5599611,0,4.194174757
23,愛知県,14,神奈川県,2,出版・印刷物,0,45.83262842,0,3.5
24,三重県,11,埼玉県,2,出版・印刷物,0.396428571,0.441333333,2.642857143,7.516666667
24,三重県,12,千葉県,2,出版・印刷物,0,20.4,0,0
24,三重県,13,東京都,2,出版・印刷物,0,0.68848022,0,0
24,三重県,14,神奈川県,2,出版・印刷物,0,13.92093333,0,0
25,滋賀県,08,茨城県,2,出版・印刷物,0,6,0,6
25,滋賀県,11,埼玉県,2,出版・印刷物,1.171421634,8.752254967,4.754966887,15.43830022
25,滋賀県,12,千葉県,2,出版・印刷物,7.755,25.6,0,0
25,滋賀県,13,東京都,2,出版・印刷物,0.024363636,0.037411688,0,0
25,滋賀県,14,神奈川県,2,出版・印刷物,35.65027534,105.5211198,0,0
26,京都府,08,茨城県,2,出版・印刷物,4.29042741,5.724084553,0,10.16
26,京都府,11,埼玉県,2,出版・印刷物,0,0.60327381,0,16.81547619
26,京都府,13,東京都,2,出版・印刷物,1.67266682,20.16712582,0,2.75
26,京都府,14,神奈川県,2,出版・印刷物,1.256442743,230.0107691,0,0
27,大阪府,08,茨城県,2,出版・印刷物,4.894384615,3,0,3
27,大阪府,11,埼玉県,2,出版・印刷物,19.45257989,853.8079989,16.03734773,177.9231665
27,大阪府,12,千葉県,2,出版・印刷物,0.870521368,43.39031356,1,4.313559322
27,大阪府,13,東京都,2,出版・印刷物,96.82432002,227.7593323,0,32.63754045
27,大阪府,14,神奈川県,2,出版・印刷物,36.99619048,194.6981386,0,0
28,兵庫県,08,茨城県,2,出版・印刷物,3.58,8.152879231,0,10.16
28,兵庫県,11,埼玉県,2,出版・印刷物,1.048214286,0.886575815,10.48214286,51.59617795
28,兵庫県,13,東京都,2,出版・印刷物,33.83395666,1.295397073,0,0
28,兵庫県,14,神奈川県,2,出版・印刷物,0.145081233,99.0844,0,0
29,奈良県,08,茨城県,2,出版・印刷物,0.447857143,1.5,0,0
29,奈良県,11,埼玉県,2,出版・印刷物,0.161214286,0.031666667,2.642857143,3.166666667
29,奈良県,13,東京都,2,出版・印刷物,0,0.045095238,0,0
30,和歌山県,13,東京都,2,出版・印刷物,0,1.010285714,0,0
30,和歌山県,14,神奈川県,2,出版・印刷物,0,0.0528,0,0
32,島根県,13,東京都,2,出版・印刷物,0.034472112,0.006894422,0,0
32,島根県,14,神奈川県,2,出版・印刷物,0,0.9152,0,0
33,岡山県,08,茨城県,2,出版・印刷物,2.262857143,0.42602,0,3.58
33,岡山県,11,埼玉県,2,出版・印刷物,13.54736842,0.035666667,12.31578947,7.166666667
33,岡山県,12,千葉県,2,出版・印刷物,0.048,48,0,0
33,岡山県,13,東京都,2,出版・印刷物,0,0.879635714,0,0
33,岡山県,14,神奈川県,2,出版・印刷物,0,55.3059,0,0
34,広島県,08,茨城県,2,出版・印刷物,1.533333333,0.085683761,0,5.068376068
34,広島県,11,埼玉県,2,出版・印刷物,0.008023256,0.779574634,0,33.74110276
34,広島県,12,千葉県,2,出版・印刷物,2,0,0,0
34,広島県,13,東京都,2,出版・印刷物,0.051304348,0.64475,0,0
34,広島県,14,神奈川県,2,出版・印刷物,0,23.60871111,0,0
35,山口県,11,埼玉県,2,出版・印刷物,0,1.92,0,4
35,山口県,13,東京都,2,出版・印刷物,0,0.487272727,0,0
35,山口県,14,神奈川県,2,出版・印刷物,0,18.96056559,0,0
36,徳島県,11,埼玉県,2,出版・印刷物,1.166666667,0,0,0
36,徳島県,13,東京都,2,出版・印刷物,12.46153846,29.13922308,0,0
36,徳島県,14,神奈川県,2,出版・印刷物,0.264285714,0.7428,0,0
37,香川県,13,東京都,2,出版・印刷物,0.324788446,22.03544388,0,4.194174757
37,香川県,14,神奈川県,2,出版・印刷物,0,4.5236,0,0
38,愛媛県,08,茨城県,2,出版・印刷物,0,0.0038,0,0
38,愛媛県,11,埼玉県,2,出版・印刷物,0,0.129333333,0,6.466666667
38,愛媛県,13,東京都,2,出版・印刷物,18.69230769,41.54446154,0,0
38,愛媛県,14,神奈川県,2,出版・印刷物,0,2.005157895,0,0
39,高知県,14,神奈川県,2,出版・印刷物,0,3.3792,0,0
40,福岡県,08,茨城県,2,出版・印刷物,0,136,0,17
40,福岡県,11,埼玉県,2,出版・印刷物,0,15.69821805,0,46.09110276
40,福岡県,12,千葉県,2,出版・印刷物,0,0.0675,0,0
40,福岡県,13,東京都,2,出版・印刷物,0.701561089,1.263625675,0,0
40,福岡県,14,神奈川県,2,出版・印刷物,0.09631579,19.2488,0,0
41,佐賀県,13,東京都,2,出版・印刷物,0,30.55692308,0,4
42,長崎県,13,東京都,2,出版・印刷物,0,30.2481039,0,0
42,長崎県,14,神奈川県,2,出版・印刷物,0,0.0176,0,0
43,熊本県,11,埼玉県,2,出版・印刷物,0,10,0,2
43,熊本県,12,千葉県,2,出版・印刷物,0,30,0,0
43,熊本県,13,東京都,2,出版・印刷物,0,71.13657143,0,10
43,熊本県,14,神奈川県,2,出版・印刷物,0,4.2416,0,0
44,大分県,08,茨城県,2,出版・印刷物,0,0.0038,0,0
44,大分県,11,埼玉県,2,出版・印刷物,1.321428571,10,2.642857143,2
44,大分県,12,千葉県,2,出版・印刷物,0,4.428,0,0
44,大分県,13,東京都,2,出版・印刷物,0,50.20871429,0,8
44,大分県,14,神奈川県,2,出版・印刷物,0,19.8844,0,0
45,宮崎県,08,茨城県,2,出版・印刷物,0,0.0038,0,0
45,宮崎県,11,埼玉県,2,出版・印刷物,0,10,0,2
45,宮崎県,12,千葉県,2,出版・印刷物,0,3,0,0
45,宮崎県,13,東京都,2,出版・印刷物,0,50,0,8
45,宮崎県,14,神奈川県,2,出版・印刷物,0,6.7584,0,0
46,鹿児島県,11,埼玉県,2,出版・印刷物,0,20,0,4
46,鹿児島県,13,東京都,2,出版・印刷物,0,90.034,0,14
46,鹿児島県,14,神奈川県,2,出版・印刷物,0.0048,0,0,0
47,沖縄県,11,埼玉県,2,出版・印刷物,0,0.064666667,0,6.466666667
47,沖縄県,12,千葉県,2,出版・印刷物,0,0.0675,0,0
47,沖縄県,13,東京都,2,出版・印刷物,0,0.004,0,0
47,沖縄県,14,神奈川県,2,出版・印刷物,0,3.059221053,0,0
90,全国,08,茨城県,2,出版・印刷物,0,0.008712644,0,0
90,全国,11,埼玉県,2,出版・印刷物,0,5.666738095,0,7.15
90,全国,12,千葉県,2,出版・印刷物,0,6.6,0,6.6
90,全国,13,東京都,2,出版・印刷物,114.8587364,242.8919142,31.15384615,16.61538462
90,全国,14,神奈川県,2,出版・印刷物,237.75,2.250571429,0,0
92,東北,11,埼玉県,2,出版・印刷物,5.03575,0.0715,3.575,7.15
92,東北,12,千葉県,2,出版・印刷物,190.1347368,38.97186933,190,0
92,東北,13,東京都,2,出版・印刷物,186.9230769,68.00272478,51.92307692,169.462038
92,東北,14,神奈川県,2,出版・印刷物,35.71428571,42.93571429,0,21.03571429
93,海外,11,埼玉県,2,出版・印刷物,0.004,0,4,0
93,海外,12,千葉県,2,出版・印刷物,52,0,0,0
93,海外,13,東京都,2,出版・印刷物,95.04849708,0.048497076,8,0
93,海外,14,神奈川県,2,出版・印刷物,35.71428571,0,0,0
94,不特定,11,埼玉県,2,出版・印刷物,1.5,3.333333333,6,6
94,不特定,12,千葉県,2,出版・印刷物,6.6,0,0,0
94,不特定,13,東京都,2,出版・印刷物,1.878139535,1.878139535,0,0
99,全て不明,08,茨城県,2,出版・印刷物,0,0,1,0
99,全て不明,11,埼玉県,2,出版・印刷物,175.4921552,15.77041429,144.0958539,31.33571429
99,全て不明,13,東京都,2,出版・印刷物,0,27.57768924,0,0
01,北海道,08,茨城県,3,日用品,10.34678846,7.460226149,0,6.694942529
01,北海道,11,埼玉県,3,日用品,0,119.4034588,0,101.832315
01,北海道,12,千葉県,3,日用品,0.294,55.81794093,0,7.673076923
01,北海道,13,東京都,3,日用品,141.5945587,55.29061404,6.857142857,176.0453471
01,北海道,14,神奈川県,3,日用品,39.19430672,79.97721709,3.928571429,5.933333333
02,青森県,08,茨城県,3,日用品,0,12.52333553,0,8.210526316
02,青森県,11,埼玉県,3,日用品,43.3643208,73.182955,26.07769424,47.30815401
02,青森県,12,千葉県,3,日用品,0,7.082940934,0,3.423076923
02,青森県,13,東京都,3,日用品,0.17199075,0.723762438,0,17.95156517
02,青森県,14,神奈川県,3,日用品,0.369142857,0.297142857,0,0
03,岩手県,08,茨城県,3,日用品,20.3,0.237755263,6.766666667,8.210526316
03,岩手県,11,埼玉県,3,日用品,21.752959,126.5560302,28.77764459,79.41312554
03,岩手県,12,千葉県,3,日用品,27.13619656,3.928548077,9.342105263,3.423076923
03,岩手県,13,東京都,3,日用品,1.089637363,0.630408663,0,14.74285714
03,岩手県,14,神奈川県,3,日用品,9.8005,136.3427954,0,0
04,宮城県,08,茨城県,3,日用品,20.327625,5.615902193,7.766666667,12.01052632
04,宮城県,11,埼玉県,3,日用品,31.13602082,387.2361276,18.35294118,152.4874295
04,宮城県,12,千葉県,3,日用品,81.15791389,54.60191071,0,8.630952381
04,宮城県,13,東京都,3,日用品,40.4228125,496.6019491,84.73459507,39.07455891
04,宮城県,14,神奈川県,3,日用品,20.76396911,239.5999117,3.513513514,3.513513514
05,秋田県,08,茨城県,3,日用品,0,0.05125,0,0
05,秋田県,11,埼玉県,3,日用品,12.88090476,18.29550756,15.76190476,39.02482067
05,秋田県,12,千葉県,3,日用品,0.02,1.616,0,0
05,秋田県,13,東京都,3,日用品,15.03839519,27.42079072,0,7.371428571
05,秋田県,14,神奈川県,3,日用品,3.703285714,7.473255904,0,0
06,山形県,08,茨城県,3,日用品,0.622988506,0.03075,0,0
06,山形県,11,埼玉県,3,日用品,6.742942691,184.2454024,28.38496678,68.96839012
06,山形県,12,千葉県,3,日用品,0.039,35.23061539,0,4.35
06,山形県,13,東京都,3,日用品,21.07878616,133.6289031,0,37.90989011
06,山形県,14,神奈川県,3,日用品,25.36643863,51.2112381,5.878048781,0
07,福島県,08,茨城県,3,日用品,46.76333333,35.55894971,10.76666667,3.114942529
07,福島県,11,埼玉県,3,日用品,48.53778564,416.8392521,31.07437236,118.1708529
07,福島県,12,千葉県,3,日用品,5.849232321,12.13392809,4.313559322,0
07,福島県,13,東京都,3,日用品,2.309686968,51.63514148,0,19.99285714
07,福島県,14,神奈川県,3,日用品,4.0255,18.23633031,0,0
08,茨城県,01,北海道,3,日用品,7.460226149,10.34678846,6.694942529,0
08,茨城県,02,青森県,3,日用品,12.52333553,0,8.210526316,0
08,茨城県,03,岩手県,3,日用品,0.237755263,20.3,8.210526316,6.766666667
08,茨城県,04,宮城県,3,日用品,5.615902193,20.327625,12.01052632,7.766666667
08,茨城県,05,秋田県,3,日用品,0.05125,0,0,0
08,茨城県,06,山形県,3,日用品,0.03075,0.622988506,0,0
08,茨城県,07,福島県,3,日用品,35.55894971,46.76333333,3.114942529,10.76666667
08,茨城県,08,茨城県,3,日用品,709.994874,709.994874,357.9035971,357.9035971
08,茨城県,09,栃木県,3,日用品,109.2511601,126.7183788,28.11297172,22.51577236
08,茨城県,10,群馬県,3,日用品,160.1924318,44.49068589,52.77206361,22.45507916
08,茨城県,11,埼玉県,3,日用品,552.5567953,499.7271799,147.2807423,344.0523751
08,茨城県,12,千葉県,3,日用品,683.246722,86.48623631,138.6383149,53.02418743
08,茨城県,13,東京都,3,日用品,861.8250374,262.0283287,218.3424021,47.03698923
08,茨城県,14,神奈川県,3,日用品,233.1719843,242.1994578,91.39244004,23.97283693
08,茨城県,15,新潟県,3,日用品,22.14465132,0.622344178,15.87302632,2
08,茨城県,16,富山県,3,日用品,0.262777778,0.062298851,0,0
08,茨城県,17,石川県,3,日用品,0.015375,0,0,0
08,茨城県,18,福井県,3,日用品,8.717768678,0.002,8.712643678,1
08,茨城県,19,山梨県,3,日用品,0.125035,0.00716,0,0
08,茨城県,20,長野県,3,日用品,25.182875,0.18925,3,0
08,茨城県,21,岐阜県,3,日用品,2.2,6.4,2.2,0
08,茨城県,22,静岡県,3,日用品,62.30324458,398.4771004,20.06910569,44.56174583
08,茨城県,23,愛知県,3,日用品,24.22549333,18.91224638,4.6,13.36666667
08,茨城県,24,三重県,3,日用品,0.176285,0.061460526,0,10.21052632
08,茨城県,25,滋賀県,3,日用品,10.36117299,0.001,6.914942529,1
08,茨城県,26,京都府,3,日用品,1.152133333,0.02025,3.8,2
08,茨城県,27,大阪府,3,日用品,10.98991,0.168650385,6.125,15.40384615
08,茨城県,28,兵庫県,3,日用品,10.47545833,0.01925,13.38,27.45901639
08,茨城県,29,奈良県,3,日用品,58.74521847,0.006125,5.846846847,5.114583333
08,茨城県,30,和歌山県,3,日用品,0.0615,0.027125,0,3
08,茨城県,31,鳥取県,3,日用品,2.246125,0,2.2,0
08,茨城県,32,島根県,3,日用品,56.035875,0,0,0
08,茨城県,33,岡山県,3,日用品,0.67225,0.001,0,1
08,茨城県,34,広島県,3,日用品,0.698625,2.626081565,3.3125,4.096153846
08,茨城県,35,山口県,3,日用品,17.806625,0.005125,4.35,0
08,茨城県,36,徳島県,3,日用品,6.620982759,0,3.114942529,0
08,茨城県,37,香川県,3,日用品,0.261375,0.007,0,1
08,茨城県,38,愛媛県,3,日用品,3.376802846,0.014,3.284552846,1
08,茨城県,39,高知県,3,日用品,0.056375,0,0,0
08,茨城県,40,福岡県,3,日用品,9.3841728,0.03175,9.697886179,1
08,茨城県,41,佐賀県,3,日用品,0.343333333,0,0,0
08,茨城県,42,長崎県,3,日用品,0.39975,0,0,0
08,茨城県,43,熊本県,3,日用品,0.49825,0.01025,0,0
08,茨城県,44,大分県,3,日用品,27.419375,0,0,0
08,茨城県,45,宮崎県,3,日用品,0.948651316,0,16.42105263,0
08,茨城県,46,鹿児島県,3,日用品,0.564875,0.025625,0,0
08,茨城県,47,沖縄県,3,日用品,5.902416667,0,2.833333333,0
08,茨城県,90,全国,3,日用品,26.13858214,0,8.192307692,0
08,茨城県,92,東北,3,日用品,317.4752,0,537,0
08,茨城県,93,海外,3,日用品,1.642276423,322.4588121,3.284552846,30.5477671
08,茨城県,94,不特定,3,日用品,0,0,22.06896552,0
08,茨城県,99,全て不明,3,日用品,0,0.005125,0,13.25
09,栃木県,08,茨城県,3,日用品,126.7183788,109.2511601,22.51577236,28.11297172
09,栃木県,11,埼玉県,3,日用品,280.398181,328.1906788,94.52733663,135.0433464
09,栃木県,12,千葉県,3,日用品,233.0708136,46.54084888,14.72222222,3.423076923
09,栃木県,13,東京都,3,日用品,163.4823562,418.4135439,0,41.84751952
09,栃木県,14,神奈川県,3,日用品,256.4255666,93.98737115,4.935483871,12.81138211
10,群馬県,08,茨城県,3,日用品,44.49068589,160.1924318,22.45507916,52.77206361
10,群馬県,11,埼玉県,3,日用品,1001.353716,438.1053085,181.4850075,450.8937523
10,群馬県,12,千葉県,3,日用品,16895.26026,68.00063538,1,18.92307692
10,群馬県,13,東京都,3,日用品,0.159648886,426.8422624,0,28.90691244
10,群馬県,14,神奈川県,3,日用品,247.4839124,88.96093842,0,9.446846847
11,埼玉県,01,北海道,3,日用品,119.4034588,0,101.832315,0
11,埼玉県,02,青森県,3,日用品,73.182955,43.3643208,47.30815401,26.07769424
11,埼玉県,03,岩手県,3,日用品,126.5560302,21.752959,79.41312554,28.77764459
11,埼玉県,04,宮城県,3,日用品,387.2361276,31.13602082,152.4874295,18.35294118
11,埼玉県,05,秋田県,3,日用品,18.29550756,12.88090476,39.02482067,15.76190476
11,埼玉県,06,山形県,3,日用品,184.2454024,6.742942691,68.96839012,28.38496678
11,埼玉県,07,福島県,3,日用品,416.8392521,48.53778564,118.1708529,31.07437236
11,埼玉県,08,茨城県,3,日用品,499.7271799,552.5567953,344.0523751,147.2807423
11,埼玉県,09,栃木県,3,日用品,328.1906788,280.398181,135.0433464,94.52733663
11,埼玉県,10,群馬県,3,日用品,438.1053085,1001.353716,450.8937523,181.4850075
11,埼玉県,11,埼玉県,3,日用品,9890.774496,9890.774496,5491.231829,5491.231829
11,埼玉県,12,千葉県,3,日用品,1901.486988,1756.732777,1309.836287,187.5904863
11,埼玉県,13,東京都,3,日用品,3014.67344,1274.86815,3047.138197,288.5436826
11,埼玉県,14,神奈川県,3,日用品,2621.313131,1870.295771,1137.018645,248.7117641
11,埼玉県,15,新潟県,3,日用品,194.3084918,66.95099668,117.5543317,14.16472868
11,埼玉県,16,富山県,3,日用品,10.68858806,93.88185195,23.48602757,17.15349709
11,埼玉県,17,石川県,3,日用品,0.408146617,0,29.63157895,0
11,埼玉県,18,福井県,3,日用品,1.713268351,0.31855584,0,17.35464621
11,埼玉県,19,山梨県,3,日用品,48.81376788,8.695508393,42.42155001,32.32575625
11,埼玉県,20,長野県,3,日用品,261.6143053,60.16959579,119.8701537,21.15104664
11,埼玉県,21,岐阜県,3,日用品,121.656436,136.8517687,73.79788054,59.93929989
11,埼玉県,22,静岡県,3,日用品,139.5521745,616.9577229,243.0583456,120.304722
11,埼玉県,23,愛知県,3,日用品,253.6648711,380.106341,315.995582,83.38382049
11,埼玉県,24,三重県,3,日用品,47.75457287,65.65828331,35.1354251,43.92350398
11,埼玉県,25,滋賀県,3,日用品,116.5216215,132.6680492,45.73944516,49.08095543
11,埼玉県,26,京都府,3,日用品,4.387383979,0.126521739,79.80898135,4.217391304
11,埼玉県,27,大阪府,3,日用品,198.9771978,192.3161149,454.0260259,198.4246921
11,埼玉県,28,兵庫県,3,日用品,381.5649487,454.2475421,194.2568422,152.0376377
11,埼玉県,29,奈良県,3,日用品,4.514808334,79.13671992,27.12134503,19.86063995
11,埼玉県,30,和歌山県,3,日用品,9.987773519,1.9125,6.595238095,4.25
11,埼玉県,31,鳥取県,3,日用品,0.304238095,0,17.76190476,0
11,埼玉県,32,島根県,3,日用品,0.08315,26.1,3.575,4.35
11,埼玉県,33,岡山県,3,日用品,2.477854935,2.968572945,64.21312652,39.4312788
11,埼玉県,34,広島県,3,日用品,69.76226497,74.81275227,89.18807123,70.3159456
11,埼玉県,35,山口県,3,日用品,0.246312866,0,33.92690059,0
11,埼玉県,36,徳島県,3,日用品,0.503764257,0,19.16263632,0
11,埼玉県,37,香川県,3,日用品,2.612684211,0.143214286,29.66578947,3.642857143
11,埼玉県,38,愛媛県,3,日用品,4.837536842,6.46675,50.8930401,8.895833333
11,埼玉県,39,高知県,3,日用品,0.017333333,0.304,1,3.8
11,埼玉県,40,福岡県,3,日用品,121.785197,13.32363534,182.9534542,39.31888054
11,埼玉県,41,佐賀県,3,日用品,1.180657895,0.266,17.06578947,3.8
11,埼玉県,42,長崎県,3,日用品,0.29,65.23255814,9,14.49612403
11,埼玉県,43,熊本県,3,日用品,5.044497265,0,54.99456589,0
11,埼玉県,44,大分県,3,日用品,0.014,0.061578947,1,12.31578947
11,埼玉県,45,宮崎県,3,日用品,0.234043062,88.29636207,13.31578947,12.47044335
11,埼玉県,46,鹿児島県,3,日用品,0.194343567,0.050214286,28.12134503,2.642857143
11,埼玉県,47,沖縄県,3,日用品,5.269870347,0,36.98157895,0
11,埼玉県,90,全国,3,日用品,49.16163636,7.72067718,21,25.04705882
11,埼玉県,92,東北,3,日用品,283.7238008,0,166.3270164,0
11,埼玉県,93,海外,3,日用品,1523.014369,2952.833014,27.91491775,340.821028
11,埼玉県,94,不特定,3,日用品,24.55665025,1896.851396,13.76190476,286.2450739
11,埼玉県,99,全て不明,3,日用品,0,2.289437966,0,9.067706692
12,千葉県,01,北海道,3,日用品,55.81794093,0.294,7.673076923,0
12,千葉県,02,青森県,3,日用品,7.082940934,0,3.423076923,0
12,千葉県,03,岩手県,3,日用品,3.928548077,27.13619656,3.423076923,9.342105263
12,千葉県,04,宮城県,3,日用品,54.60191071,81.15791389,8.630952381,0
12,千葉県,05,秋田県,3,日用品,1.616,0.02,0,0
12,千葉県,06,山形県,3,日用品,35.23061539,0.039,4.35,0
12,千葉県,07,福島県,3,日用品,12.13392809,5.849232321,0,4.313559322
12,千葉県,08,茨城県,3,日用品,86.48623631,683.246722,53.02418743,138.6383149
12,千葉県,09,栃木県,3,日用品,46.54084888,233.0708136,3.423076923,14.72222222
12,千葉県,10,群馬県,3,日用品,68.00063538,16895.26026,18.92307692,1
12,千葉県,11,埼玉県,3,日用品,1756.732777,1901.486988,187.5904863,1309.836287
12,千葉県,12,千葉県,3,日用品,4520.762926,4520.762926,2080.675847,2080.675847
12,千葉県,13,東京都,3,日用品,2234.912805,1739.685228,753.3119384,353.1201463
12,千葉県,14,神奈川県,3,日用品,1395.347665,2183.695439,180.6749114,236.099589
12,千葉県,15,新潟県,3,日用品,8.188024267,3,3.423076923,2
12,千葉県,16,富山県,3,日用品,3.872933076,43.5,3.368421053,4.35
12,千葉県,17,石川県,3,日用品,10.19294551,6.107142857,3.423076923,2.714285714
12,千葉県,18,福井県,3,日用品,2.935423077,3.555555556,3.423076923,0
12,千葉県,19,山梨県,3,日用品,1.152,47.00038156,0,4.513513514
12,千葉県,20,長野県,3,日用品,7.36408983,46.4963541,3.423076923,35.81794587
12,千葉県,21,岐阜県,3,日用品,43.00807093,0,3.423076923,0
12,千葉県,22,静岡県,3,日用品,53.48515946,8.336988282,3.935483871,6.846153846
12,千葉県,23,愛知県,3,日用品,125.9747494,124.4013527,7.673076923,13.87392178
12,千葉県,24,三重県,3,日用品,5.94778125,0,0,0
12,千葉県,25,滋賀県,3,日用品,66.81247146,45.14285714,14.92307692,8.785714286
12,千葉県,26,京都府,3,日用品,11.23154036,160.4182982,3.423076923,12.04425145
12,千葉県,27,大阪府,3,日用品,668.5524261,305.6450911,79.66995105,26.16393363
12,千葉県,28,兵庫県,3,日用品,188.0463223,32.28734783,13.08974359,12.26923077
12,千葉県,29,奈良県,3,日用品,6.166058824,0.997443299,0,0
12,千葉県,30,和歌山県,3,日用品,3.93275,44.2962963,0,0
12,千葉県,31,鳥取県,3,日用品,0.906,0,0,0
12,千葉県,32,島根県,3,日用品,0.745,0,0,0
12,千葉県,33,岡山県,3,日用品,4.12425,0.021923077,0,4.384615385
12,千葉県,34,広島県,3,日用品,5.321940934,5.58557423,3.423076923,4.380952381
12,千葉県,35,山口県,3,日用品,1.57035023,0,0,0
12,千葉県,36,徳島県,3,日用品,0.094,8.166666667,0,0
12,千葉県,37,香川県,3,日用品,3.296619565,0,4.25,0
12,千葉県,38,愛媛県,3,日用品,1.035869565,0,0,0
12,千葉県,39,高知県,3,日用品,0.045423077,0,3.423076923,0
12,千葉県,40,福岡県,3,日用品,207.0361606,0.36,28.58974359,0
12,千葉県,41,佐賀県,3,日用品,8.5345,0,0,0
12,千葉県,42,長崎県,3,日用品,2.359740591,0,0,0
12,千葉県,43,熊本県,3,日用品,1.624673077,0,3.423076923,0
12,千葉県,44,大分県,3,日用品,1.807428571,0.814814815,0,0
12,千葉県,45,宮崎県,3,日用品,1.306125,0.244444444,0,0
12,千葉県,46,鹿児島県,3,日用品,2.424298077,0,3.423076923,0
12,千葉県,47,沖縄県,3,日用品,3.798981183,0,0,0
12,千葉県,90,全国,3,日用品,99.92307692,401.4430769,0,0
12,千葉県,92,東北,3,日用品,4.678571429,4.466666667,13.73809524,44.66666667
12,千葉県,93,海外,3,日用品,1084.237913,695.1367933,11.34140436,49.47619048
12,千葉県,99,全て不明,3,日用品,0,561.4366425,0,21.70258273
13,東京都,01,北海道,3,日用品,55.29061404,141.5945587,176.0453471,6.857142857
13,東京都,02,青森県,3,日用品,0.723762438,0.17199075,17.95156517,0
13,東京都,03,岩手県,3,日用品,0.630408663,1.089637363,14.74285714,0
13,東京都,04,宮城県,3,日用品,496.6019491,40.4228125,39.07455891,84.73459507
13,東京都,05,秋田県,3,日用品,27.42079072,15.03839519,7.371428571,0
13,東京都,06,山形県,3,日用品,133.6289031,21.07878616,37.90989011,0
13,東京都,07,福島県,3,日用品,51.63514148,2.309686968,19.99285714,0
13,東京都,08,茨城県,3,日用品,262.0283287,861.8250374,47.03698923,218.3424021
13,東京都,09,栃木県,3,日用品,418.4135439,163.4823562,41.84751952,0
13,東京都,10,群馬県,3,日用品,426.8422624,0.159648886,28.90691244,0
13,東京都,11,埼玉県,3,日用品,1274.86815,3014.67344,288.5436826,3047.138197
13,東京都,12,千葉県,3,日用品,1739.685228,2234.912805,353.1201463,753.3119384
13,東京都,13,東京都,3,日用品,27041.51483,27041.51483,4809.413023,4809.413023
13,東京都,14,神奈川県,3,日用品,1682.530422,4643.562583,502.231994,656.8676648
13,東京都,15,新潟県,3,日用品,45.17079958,47.22081597,23.87532468,0
13,東京都,16,富山県,3,日用品,0.776475177,0.003923077,11.04025974,0
13,東京都,17,石川県,3,日用品,1.047067929,107.9807213,7.371428571,7.230769231
13,東京都,18,福井県,3,日用品,2.01162315,9.589432833,3.685714286,0
13,東京都,19,山梨県,3,日用品,131.592314,0.634891851,5.569230769,0
13,東京都,20,長野県,3,日用品,69.94391056,27.52265614,4.272727273,0
13,東京都,21,岐阜県,3,日用品,62.84611197,126.1314807,7.371428571,0
13,東京都,22,静岡県,3,日用品,110.9363393,154.0740091,54.51374645,4.272727273
13,東京都,23,愛知県,3,日用品,243.0544049,259.2111104,74.90735265,32.49350649
13,東京都,24,三重県,3,日用品,0.626328516,81.45709841,3.685714286,0
13,東京都,25,滋賀県,3,日用品,0.160221519,127.6067283,0,6.3
13,東京都,26,京都府,3,日用品,72.83683625,187.2282779,35.00519481,55.35421888
13,東京都,27,大阪府,3,日用品,359.1514035,687.9788673,39.98241758,28.41428571
13,東京都,28,兵庫県,3,日用品,107.7939977,95.83109078,31.13256113,6.857142857
13,東京都,29,奈良県,3,日用品,0.678478414,40.50298681,7.371428571,0
13,東京都,30,和歌山県,3,日用品,0.193423002,176.2688245,3.685714286,0
13,東京都,31,鳥取県,3,日用品,0.944725926,0,7.371428571,0
13,東京都,32,島根県,3,日用品,0.357514286,0.019561404,3.685714286,0
13,東京都,33,岡山県,3,日用品,3.259191978,147.7487298,7.371428571,0
13,東京都,34,広島県,3,日用品,2.829395506,12.45675222,22.11428571,0
13,東京都,35,山口県,3,日用品,2.775719212,0.04024467,11.05714286,0
13,東京都,36,徳島県,3,日用品,0.120544223,0.482609562,3.685714286,0
13,東京都,37,香川県,3,日用品,0.129,0,3.685714286,0
13,東京都,38,愛媛県,3,日用品,3.264207239,0,11.05714286,0
13,東京都,39,高知県,3,日用品,0.048497076,0.019561404,0,0
13,東京都,40,福岡県,3,日用品,43.72840368,215.997739,43.71428571,6.857142857
13,東京都,41,佐賀県,3,日用品,4.94392153,0.367727273,16.86785714,0
13,東京都,42,長崎県,3,日用品,1.008782418,3.462981965,14.74285714,0
13,東京都,43,熊本県,3,日用品,0.865277574,0.022923077,14.74285714,0
13,東京都,44,大分県,3,日用品,0.905366138,0.136829268,7.371428571,0
13,東京都,45,宮崎県,3,日用品,0.35009507,0.611212755,3.685714286,0
13,東京都,46,鹿児島県,3,日用品,0.71538729,0.003923077,7.371428571,0
13,東京都,47,沖縄県,3,日用品,7.880185659,6.857142857,21.6,6.857142857
13,東京都,90,全国,3,日用品,7937.772345,84.71064059,17.74165006,48.7
13,東京都,91,東日本,3,日用品,0.03,0,0,0
13,東京都,92,東北,3,日用品,13.45621622,3.06,18.32432432,0
13,東京都,93,海外,3,日用品,124.8459706,1779.137835,0,0
13,東京都,94,不特定,3,日用品,0.85,0.05,17,0
13,東京都,99,全て不明,3,日用品,69.90909091,37.52857143,9.818181818,0
14,神奈川県,01,北海道,3,日用品,79.97721709,39.19430672,5.933333333,3.928571429
14,神奈川県,02,青森県,3,日用品,0.297142857,0.369142857,0,0
14,神奈川県,03,岩手県,3,日用品,136.3427954,9.8005,0,0
14,神奈川県,04,宮城県,3,日用品,239.5999117,20.76396911,3.513513514,3.513513514
14,神奈川県,05,秋田県,3,日用品,7.473255904,3.703285714,0,0
14,神奈川県,06,山形県,3,日用品,51.2112381,25.36643863,0,5.878048781
14,神奈川県,07,福島県,3,日用品,18.23633031,4.0255,0,0
14,神奈川県,08,茨城県,3,日用品,242.1994578,233.1719843,23.97283693,91.39244004
14,神奈川県,09,栃木県,3,日用品,93.98737115,256.4255666,12.81138211,4.935483871
14,神奈川県,10,群馬県,3,日用品,88.96093842,247.4839124,9.446846847,0
14,神奈川県,11,埼玉県,3,日用品,1870.295771,2621.313131,248.7117641,1137.018645
14,神奈川県,12,千葉県,3,日用品,2183.695439,1395.347665,236.099589,180.6749114
14,神奈川県,13,東京都,3,日用品,4643.562583,1682.530422,656.8676648,502.231994
14,神奈川県,14,神奈川県,3,日用品,23893.40373,23893.40373,2560.813328,2560.813328
14,神奈川県,15,新潟県,3,日用品,15.97805066,9.071362038,5.878048781,0
14,神奈川県,16,富山県,3,日用品,11.82101399,0.055621622,0,0
14,神奈川県,17,石川県,3,日用品,13.71784651,6.602934566,3.513513514,3.513513514
14,神奈川県,18,福井県,3,日用品,1.4885,2.886822864,0,0
14,神奈川県,19,山梨県,3,日用品,376.7141941,57.70128571,0,8.785714286
14,神奈川県,20,長野県,3,日用品,82.80556084,1.878,11.86666667,0
14,神奈川県,21,岐阜県,3,日用品,6.514048753,34.33518797,0,0
14,神奈川県,22,静岡県,3,日用品,726.1780233,45.88811044,168.6573555,5.878048781
14,神奈川県,23,愛知県,3,日用品,464.1165936,39.24211016,7.113513514,3.6
14,神奈川県,24,三重県,3,日用品,11.81086842,17.41432432,0,0
14,神奈川県,25,滋賀県,3,日用品,0.580379162,0.019642857,0,0
14,神奈川県,26,京都府,3,日用品,36.17702635,33.05893243,0,0
14,神奈川県,27,大阪府,3,日用品,212.0265509,84.14959383,19.5992278,9.391562294
14,神奈川県,28,兵庫県,3,日用品,165.1261684,113.683592,0,3.6
14,神奈川県,29,奈良県,3,日用品,0.673476191,5.665921493,0,0
14,神奈川県,30,和歌山県,3,日用品,0.005121212,0.212540541,0,0
14,神奈川県,31,鳥取県,3,日用品,0.7065,0.0025,0,0
14,神奈川県,32,島根県,3,日用品,0.078,0.094864865,0,0
14,神奈川県,33,岡山県,3,日用品,8.916782577,0.428777992,0,0
14,神奈川県,34,広島県,3,日用品,6.314599949,81.83490294,0,0
14,神奈川県,35,山口県,3,日用品,0.272,0,0,0
14,神奈川県,36,徳島県,3,日用品,0.408,0,0,0
14,神奈川県,37,香川県,3,日用品,0.587289474,1.019047619,0,0
14,神奈川県,38,愛媛県,3,日用品,0.735947368,0.07027027,0,0
14,神奈川県,39,高知県,3,日用品,0.132,0,0,0
14,神奈川県,40,福岡県,3,日用品,91.70413379,61.56745451,3.5,2.827586207
14,神奈川県,41,佐賀県,3,日用品,16.31789169,0,0,0
14,神奈川県,42,長崎県,3,日用品,0.513578947,1.022807018,0,0
14,神奈川県,43,熊本県,3,日用品,1.403761905,3.6,0,0
14,神奈川県,44,大分県,3,日用品,0.414105263,0,0,0
14,神奈川県,45,宮崎県,3,日用品,0.231,0,0,0
14,神奈川県,46,鹿児島県,3,日用品,0.3,0,0,0
14,神奈川県,47,沖縄県,3,日用品,0.268835422,0.005,0,0
14,神奈川県,90,全国,3,日用品,61.09357809,1739.898101,70.5913631,49.18918919
14,神奈川県,92,東北,3,日用品,61.35210526,87,8.421052632,25
14,神奈川県,93,海外,3,日用品,482.790023,2295.357099,18.85714286,3.75
14,神奈川県,99,全て不明,3,日用品,14.75,21.43770588,17.7,0
15,新潟県,08,茨城県,3,日用品,0.622344178,22.14465132,2,15.87302632
15,新潟県,11,埼玉県,3,日用品,66.95099668,194.3084918,14.16472868,117.5543317
15,新潟県,12,千葉県,3,日用品,3,8.188024267,2,3.423076923
15,新潟県,13,東京都,3,日用品,47.22081597,45.17079958,0,23.87532468
15,新潟県,14,神奈川県,3,日用品,9.071362038,15.97805066,0,5.878048781
16,富山県,08,茨城県,3,日用品,0.062298851,0.262777778,0,0
16,富山県,11,埼玉県,3,日用品,93.88185195,10.68858806,17.15349709,23.48602757
16,富山県,12,千葉県,3,日用品,43.5,3.872933076,4.35,3.368421053
16,富山県,13,東京都,3,日用品,0.003923077,0.776475177,0,11.04025974
16,富山県,14,神奈川県,3,日用品,0.055621622,11.82101399,0,0
17,石川県,08,茨城県,3,日用品,0,0.015375,0,0
17,石川県,11,埼玉県,3,日用品,0,0.408146617,0,29.63157895
17,石川県,12,千葉県,3,日用品,6.107142857,10.19294551,2.714285714,3.423076923
17,石川県,13,東京都,3,日用品,107.9807213,1.047067929,7.230769231,7.371428571
17,石川県,14,神奈川県,3,日用品,6.602934566,13.71784651,3.513513514,3.513513514
18,福井県,08,茨城県,3,日用品,0.002,8.717768678,1,8.712643678
18,福井県,11,埼玉県,3,日用品,0.31855584,1.713268351,17.35464621,0
18,福井県,12,千葉県,3,日用品,3.555555556,2.935423077,0,3.423076923
18,福井県,13,東京都,3,日用品,9.589432833,2.01162315,0,3.685714286
18,福井県,14,神奈川県,3,日用品,2.886822864,1.4885,0,0
19,山梨県,08,茨城県,3,日用品,0.00716,0.125035,0,0
19,山梨県,11,埼玉県,3,日用品,8.695508393,48.81376788,32.32575625,42.42155001
19,山梨県,12,千葉県,3,日用品,47.00038156,1.152,4.513513514,0
19,山梨県,13,東京都,3,日用品,0.634891851,131.592314,0,5.569230769
19,山梨県,14,神奈川県,3,日用品,57.70128571,376.7141941,8.785714286,0
20,長野県,08,茨城県,3,日用品,0.18925,25.182875,0,3
20,長野県,11,埼玉県,3,日用品,60.16959579,261.6143053,21.15104664,119.8701537
20,長野県,12,千葉県,3,日用品,46.4963541,7.36408983,35.81794587,3.423076923
20,長野県,13,東京都,3,日用品,27.52265614,69.94391056,0,4.272727273
20,長野県,14,神奈川県,3,日用品,1.878,82.80556084,0,11.86666667
21,岐阜県,08,茨城県,3,日用品,6.4,2.2,0,2.2
21,岐阜県,11,埼玉県,3,日用品,136.8517687,121.656436,59.93929989,73.79788054
21,岐阜県,12,千葉県,3,日用品,0,43.00807093,0,3.423076923
21,岐阜県,13,東京都,3,日用品,126.1314807,62.84611197,0,7.371428571
21,岐阜県,14,神奈川県,3,日用品,34.33518797,6.514048753,0,0
22,静岡県,08,茨城県,3,日用品,398.4771004,62.30324458,44.56174583,20.06910569
22,静岡県,11,埼玉県,3,日用品,616.9577229,139.5521745,120.304722,243.0583456
22,静岡県,12,千葉県,3,日用品,8.336988282,53.48515946,6.846153846,3.935483871
22,静岡県,13,東京都,3,日用品,154.0740091,110.9363393,4.272727273,54.51374645
22,静岡県,14,神奈川県,3,日用品,45.88811044,726.1780233,5.878048781,168.6573555
23,愛知県,08,茨城県,3,日用品,18.91224638,24.22549333,13.36666667,4.6
23,愛知県,11,埼玉県,3,日用品,380.106341,253.6648711,83.38382049,315.995582
23,愛知県,12,千葉県,3,日用品,124.4013527,125.9747494,13.87392178,7.673076923
23,愛知県,13,東京都,3,日用品,259.2111104,243.0544049,32.49350649,74.90735265
23,愛知県,14,神奈川県,3,日用品,39.24211016,464.1165936,3.6,7.113513514
24,三重県,08,茨城県,3,日用品,0.061460526,0.176285,10.21052632,0
24,三重県,11,埼玉県,3,日用品,65.65828331,47.75457287,43.92350398,35.1354251
24,三重県,12,千葉県,3,日用品,0,5.94778125,0,0
24,三重県,13,東京都,3,日用品,81.45709841,0.626328516,0,3.685714286
24,三重県,14,神奈川県,3,日用品,17.41432432,11.81086842,0,0
25,滋賀県,08,茨城県,3,日用品,0.001,10.36117299,1,6.914942529
25,滋賀県,11,埼玉県,3,日用品,132.6680492,116.5216215,49.08095543,45.73944516
25,滋賀県,12,千葉県,3,日用品,45.14285714,66.81247146,8.785714286,14.92307692
25,滋賀県,13,東京都,3,日用品,127.6067283,0.160221519,6.3,0
25,滋賀県,14,神奈川県,3,日用品,0.019642857,0.580379162,0,0
26,京都府,08,茨城県,3,日用品,0.02025,1.152133333,2,3.8
26,京都府,11,埼玉県,3,日用品,0.126521739,4.387383979,4.217391304,79.80898135
26,京都府,12,千葉県,3,日用品,160.4182982,11.23154036,12.04425145,3.423076923
26,京都府,13,東京都,3,日用品,187.2282779,72.83683625,55.35421888,35.00519481
26,京都府,14,神奈川県,3,日用品,33.05893243,36.17702635,0,0
27,大阪府,08,茨城県,3,日用品,0.168650385,10.98991,15.40384615,6.125
27,大阪府,11,埼玉県,3,日用品,192.3161149,198.9771978,198.4246921,454.0260259
27,大阪府,12,千葉県,3,日用品,305.6450911,668.5524261,26.16393363,79.66995105
27,大阪府,13,東京都,3,日用品,687.9788673,359.1514035,28.41428571,39.98241758
27,大阪府,14,神奈川県,3,日用品,84.14959383,212.0265509,9.391562294,19.5992278
28,兵庫県,08,茨城県,3,日用品,0.01925,10.47545833,27.45901639,13.38
28,兵庫県,11,埼玉県,3,日用品,454.2475421,381.5649487,152.0376377,194.2568422
28,兵庫県,12,千葉県,3,日用品,32.28734783,188.0463223,12.26923077,13.08974359
28,兵庫県,13,東京都,3,日用品,95.83109078,107.7939977,6.857142857,31.13256113
28,兵庫県,14,神奈川県,3,日用品,113.683592,165.1261684,3.6,0
29,奈良県,08,茨城県,3,日用品,0.006125,58.74521847,5.114583333,5.846846847
29,奈良県,11,埼玉県,3,日用品,79.13671992,4.514808334,19.86063995,27.12134503
29,奈良県,12,千葉県,3,日用品,0.997443299,6.166058824,0,0
29,奈良県,13,東京都,3,日用品,40.50298681,0.678478414,0,7.371428571
29,奈良県,14,神奈川県,3,日用品,5.665921493,0.673476191,0,0
30,和歌山県,08,茨城県,3,日用品,0.027125,0.0615,3,0
30,和歌山県,11,埼玉県,3,日用品,1.9125,9.987773519,4.25,6.595238095
30,和歌山県,12,千葉県,3,日用品,44.2962963,3.93275,0,0
30,和歌山県,13,東京都,3,日用品,176.2688245,0.193423002,0,3.685714286
30,和歌山県,14,神奈川県,3,日用品,0.212540541,0.005121212,0,0
31,鳥取県,08,茨城県,3,日用品,0,2.246125,0,2.2
31,鳥取県,11,埼玉県,3,日用品,0,0.304238095,0,17.76190476
31,鳥取県,12,千葉県,3,日用品,0,0.906,0,0
31,鳥取県,13,東京都,3,日用品,0,0.944725926,0,7.371428571
31,鳥取県,14,神奈川県,3,日用品,0.0025,0.7065,0,0
32,島根県,08,茨城県,3,日用品,0,56.035875,0,0
32,島根県,11,埼玉県,3,日用品,26.1,0.08315,4.35,3.575
32,島根県,12,千葉県,3,日用品,0,0.745,0,0
32,島根県,13,東京都,3,日用品,0.019561404,0.357514286,0,3.685714286
32,島根県,14,神奈川県,3,日用品,0.094864865,0.078,0,0
33,岡山県,08,茨城県,3,日用品,0.001,0.67225,1,0
33,岡山県,11,埼玉県,3,日用品,2.968572945,2.477854935,39.4312788,64.21312652
33,岡山県,12,千葉県,3,日用品,0.021923077,4.12425,4.384615385,0
33,岡山県,13,東京都,3,日用品,147.7487298,3.259191978,0,7.371428571
33,岡山県,14,神奈川県,3,日用品,0.428777992,8.916782577,0,0
34,広島県,08,茨城県,3,日用品,2.626081565,0.698625,4.096153846,3.3125
34,広島県,11,埼玉県,3,日用品,74.81275227,69.76226497,70.3159456,89.18807123
34,広島県,12,千葉県,3,日用品,5.58557423,5.321940934,4.380952381,3.423076923
34,広島県,13,東京都,3,日用品,12.45675222,2.829395506,0,22.11428571
34,広島県,14,神奈川県,3,日用品,81.83490294,6.314599949,0,0
35,山口県,08,茨城県,3,日用品,0.005125,17.806625,0,4.35
35,山口県,11,埼玉県,3,日用品,0,0.246312866,0,33.92690059
35,山口県,12,千葉県,3,日用品,0,1.57035023,0,0
35,山口県,13,東京都,3,日用品,0.04024467,2.775719212,0,11.05714286
35,山口県,14,神奈川県,3,日用品,0,0.272,0,0
36,徳島県,08,茨城県,3,日用品,0,6.620982759,0,3.114942529
36,徳島県,11,埼玉県,3,日用品,0,0.503764257,0,19.16263632
36,徳島県,12,千葉県,3,日用品,8.166666667,0.094,0,0
36,徳島県,13,東京都,3,日用品,0.482609562,0.120544223,0,3.685714286
36,徳島県,14,神奈川県,3,日用品,0,0.408,0,0
37,香川県,08,茨城県,3,日用品,0.007,0.261375,1,0
37,香川県,11,埼玉県,3,日用品,0.143214286,2.612684211,3.642857143,29.66578947
37,香川県,12,千葉県,3,日用品,0,3.296619565,0,4.25
37,香川県,13,東京都,3,日用品,0,0.129,0,3.685714286
37,香川県,14,神奈川県,3,日用品,1.019047619,0.587289474,0,0
38,愛媛県,08,茨城県,3,日用品,0.014,3.376802846,1,3.284552846
38,愛媛県,11,埼玉県,3,日用品,6.46675,4.837536842,8.895833333,50.8930401
38,愛媛県,12,千葉県,3,日用品,0,1.035869565,0,0
38,愛媛県,13,東京都,3,日用品,0,3.264207239,0,11.05714286
38,愛媛県,14,神奈川県,3,日用品,0.07027027,0.735947368,0,0
39,高知県,08,茨城県,3,日用品,0,0.056375,0,0
39,高知県,11,埼玉県,3,日用品,0.304,0.017333333,3.8,1
39,高知県,12,千葉県,3,日用品,0,0.045423077,0,3.423076923
39,高知県,13,東京都,3,日用品,0.019561404,0.048497076,0,0
39,高知県,14,神奈川県,3,日用品,0,0.132,0,0
40,福岡県,08,茨城県,3,日用品,0.03175,9.3841728,1,9.697886179
40,福岡県,11,埼玉県,3,日用品,13.32363534,121.785197,39.31888054,182.9534542
40,福岡県,12,千葉県,3,日用品,0.36,207.0361606,0,28.58974359
40,福岡県,13,東京都,3,日用品,215.997739,43.72840368,6.857142857,43.71428571
40,福岡県,14,神奈川県,3,日用品,61.56745451,91.70413379,2.827586207,3.5
41,佐賀県,08,茨城県,3,日用品,0,0.343333333,0,0
41,佐賀県,11,埼玉県,3,日用品,0.266,1.180657895,3.8,17.06578947
41,佐賀県,12,千葉県,3,日用品,0,8.5345,0,0
41,佐賀県,13,東京都,3,日用品,0.367727273,4.94392153,0,16.86785714
41,佐賀県,14,神奈川県,3,日用品,0,16.31789169,0,0
42,長崎県,08,茨城県,3,日用品,0,0.39975,0,0
42,長崎県,11,埼玉県,3,日用品,65.23255814,0.29,14.49612403,9
42,長崎県,12,千葉県,3,日用品,0,2.359740591,0,0
42,長崎県,13,東京都,3,日用品,3.462981965,1.008782418,0,14.74285714
42,長崎県,14,神奈川県,3,日用品,1.022807018,0.513578947,0,0
43,熊本県,08,茨城県,3,日用品,0.01025,0.49825,0,0
43,熊本県,11,埼玉県,3,日用品,0,5.044497265,0,54.99456589
43,熊本県,12,千葉県,3,日用品,0,1.624673077,0,3.423076923
43,熊本県,13,東京都,3,日用品,0.022923077,0.865277574,0,14.74285714
43,熊本県,14,神奈川県,3,日用品,3.6,1.403761905,0,0
44,大分県,08,茨城県,3,日用品,0,27.419375,0,0
44,大分県,11,埼玉県,3,日用品,0.061578947,0.014,12.31578947,1
44,大分県,12,千葉県,3,日用品,0.814814815,1.807428571,0,0
44,大分県,13,東京都,3,日用品,0.136829268,0.905366138,0,7.371428571
44,大分県,14,神奈川県,3,日用品,0,0.414105263,0,0
45,宮崎県,08,茨城県,3,日用品,0,0.948651316,0,16.42105263
45,宮崎県,11,埼玉県,3,日用品,88.29636207,0.234043062,12.47044335,13.31578947
45,宮崎県,12,千葉県,3,日用品,0.244444444,1.306125,0,0
45,宮崎県,13,東京都,3,日用品,0.611212755,0.35009507,0,3.685714286
45,宮崎県,14,神奈川県,3,日用品,0,0.231,0,0
46,鹿児島県,08,茨城県,3,日用品,0.025625,0.564875,0,0
46,鹿児島県,11,埼玉県,3,日用品,0.050214286,0.194343567,2.642857143,28.12134503
46,鹿児島県,12,千葉県,3,日用品,0,2.424298077,0,3.423076923
46,鹿児島県,13,東京都,3,日用品,0.003923077,0.71538729,0,7.371428571
46,鹿児島県,14,神奈川県,3,日用品,0,0.3,0,0
47,沖縄県,08,茨城県,3,日用品,0,5.902416667,0,2.833333333
47,沖縄県,11,埼玉県,3,日用品,0,5.269870347,0,36.98157895
47,沖縄県,12,千葉県,3,日用品,0,3.798981183,0,0
47,沖縄県,13,東京都,3,日用品,6.857142857,7.880185659,6.857142857,21.6
47,沖縄県,14,神奈川県,3,日用品,0.005,0.268835422,0,0
90,全国,08,茨城県,3,日用品,0,26.13858214,0,8.192307692
90,全国,11,埼玉県,3,日用品,7.72067718,49.16163636,25.04705882,21
90,全国,12,千葉県,3,日用品,401.4430769,99.92307692,0,0
90,全国,13,東京都,3,日用品,84.71064059,7937.772345,48.7,17.74165006
90,全国,14,神奈川県,3,日用品,1739.898101,61.09357809,49.18918919,70.5913631
91,東日本,13,東京都,3,日用品,0,0.03,0,0
92,東北,08,茨城県,3,日用品,0,317.4752,0,537
92,東北,11,埼玉県,3,日用品,0,283.7238008,0,166.3270164
92,東北,12,千葉県,3,日用品,4.466666667,4.678571429,44.66666667,13.73809524
92,東北,13,東京都,3,日用品,3.06,13.45621622,0,18.32432432
92,東北,14,神奈川県,3,日用品,87,61.35210526,25,8.421052632
93,海外,08,茨城県,3,日用品,322.4588121,1.642276423,30.5477671,3.284552846
93,海外,11,埼玉県,3,日用品,2952.833014,1523.014369,340.821028,27.91491775
93,海外,12,千葉県,3,日用品,695.1367933,1084.237913,49.47619048,11.34140436
93,海外,13,東京都,3,日用品,1779.137835,124.8459706,0,0
93,海外,14,神奈川県,3,日用品,2295.357099,482.790023,3.75,18.85714286
94,不特定,08,茨城県,3,日用品,0,0,0,22.06896552
94,不特定,11,埼玉県,3,日用品,1896.851396,24.55665025,286.2450739,13.76190476
94,不特定,13,東京都,3,日用品,0.05,0.85,0,17
99,全て不明,08,茨城県,3,日用品,0.005125,0,13.25,0
99,全て不明,11,埼玉県,3,日用品,2.289437966,0,9.067706692,0
99,全て不明,12,千葉県,3,日用品,561.4366425,0,21.70258273,0
99,全て不明,13,東京都,3,日用品,37.52857143,69.90909091,0,9.818181818
99,全て不明,14,神奈川県,3,日用品,21.43770588,14.75,0,17.7
01,北海道,08,茨城県,4,軽雑工業品,550.7248639,449.3168048,22.89837607,22.36488529
01,北海道,11,埼玉県,4,軽雑工業品,713.5796552,497.6223173,61.6137931,93.48345477
01,北海道,12,千葉県,4,軽雑工業品,7.497,56.56991352,0,138.4093265
01,北海道,13,東京都,4,軽雑工業品,285.5261453,13.51420618,65.75870647,0
01,北海道,14,神奈川県,4,軽雑工業品,15.28571429,256.5174295,0,19.11741707
02,青森県,08,茨城県,4,軽雑工業品,79.50498643,336.4970313,15.17432796,3.36
02,青森県,11,埼玉県,4,軽雑工業品,51.12009967,139.5732393,20.00996678,65.12592334
02,青森県,12,千葉県,4,軽雑工業品,76.60144928,33.79649506,0,27.68518519
02,青森県,13,東京都,4,軽雑工業品,304.0833333,1.920678022,0,0
02,青森県,14,神奈川県,4,軽雑工業品,206.2761818,12.17550634,0,3.513513514
03,岩手県,08,茨城県,4,軽雑工業品,17.3384,130.3455566,7.6,33.66819444
03,岩手県,11,埼玉県,4,軽雑工業品,0.034496124,74.00201057,9.248062016,84.38153391
03,岩手県,12,千葉県,4,軽雑工業品,0.016,4.50024425,0,40.53578154
03,岩手県,13,東京都,4,軽雑工業品,46.79754861,2.090224955,0,0
03,岩手県,14,神奈川県,4,軽雑工業品,44.86034858,39.98321456,4.529411765,3.513513514
04,宮城県,08,茨城県,4,軽雑工業品,363.2321037,715.7948941,39.04376068,35.80946557
04,宮城県,11,埼玉県,4,軽雑工業品,1462.74999,337.6404626,170.7092235,192.1879014
04,宮城県,12,千葉県,4,軽雑工業品,39.8454245,67.3961685,0,76.1875853
04,宮城県,13,東京都,4,軽雑工業品,4.097042741,176.3935915,4.923076923,35.47798742
04,宮城県,14,神奈川県,4,軽雑工業品,49.5541744,220.9662078,0,14.76082534
05,秋田県,08,茨城県,4,軽雑工業品,35.835,0.2742,2.1,3.58
05,秋田県,11,埼玉県,4,軽雑工業品,229.0894961,4.774716695,15.59806202,60.3123895
05,秋田県,12,千葉県,4,軽雑工業品,30.016,1.641642735,0,33.22222222
05,秋田県,13,東京都,4,軽雑工業品,45.03446265,42.88051761,0,21.01515152
05,秋田県,14,神奈川県,4,軽雑工業品,9.024390244,0.38217748,0,3.513513514
06,山形県,08,茨城県,4,軽雑工業品,19.56865385,487.4174374,3.2,19.05174563
06,山形県,11,埼玉県,4,軽雑工業品,2.081657091,126.0118026,20.28335613,79.72272976
06,山形県,12,千葉県,4,軽雑工業品,3.903719218,37.45123192,5.333333333,29.54814815
06,山形県,13,東京都,4,軽雑工業品,2.316455599,22.93881679,12.21621622,21.48894349
06,山形県,14,神奈川県,4,軽雑工業品,2.360142857,15.26938148,0,14.76082534
07,福島県,08,茨城県,4,軽雑工業品,228.1688958,2305.633469,32.78347222,84.97720565
07,福島県,11,埼玉県,4,軽雑工業品,840.219456,675.2603564,76.15802378,227.266311
07,福島県,12,千葉県,4,軽雑工業品,137.7110399,232.5710563,4.313559322,37.6031746
07,福島県,13,東京都,4,軽雑工業品,2205.552194,7.099087773,4.833333333,0
07,福島県,14,神奈川県,4,軽雑工業品,70.77754224,15.31673017,0,3.513513514
08,茨城県,01,北海道,4,軽雑工業品,449.3168048,550.7248639,22.36488529,22.89837607
08,茨城県,02,青森県,4,軽雑工業品,336.4970313,79.50498643,3.36,15.17432796
08,茨城県,03,岩手県,4,軽雑工業品,130.3455566,17.3384,33.66819444,7.6
08,茨城県,04,宮城県,4,軽雑工業品,715.7948941,363.2321037,35.80946557,39.04376068
08,茨城県,05,秋田県,4,軽雑工業品,0.2742,35.835,3.58,2.1
08,茨城県,06,山形県,4,軽雑工業品,487.4174374,19.56865385,19.05174563,3.2
08,茨城県,07,福島県,4,軽雑工業品,2305.633469,228.1688958,84.97720565,32.78347222
08,茨城県,08,茨城県,4,軽雑工業品,18588.74347,18588.74347,2143.832023,2143.832023
08,茨城県,09,栃木県,4,軽雑工業品,2106.494881,385.8998996,220.242186,79.49710836
08,茨城県,10,群馬県,4,軽雑工業品,1893.75898,351.7747788,113.2433534,61.60763933
08,茨城県,11,埼玉県,4,軽雑工業品,7277.168139,3894.016601,1745.444676,1177.270813
08,茨城県,12,千葉県,4,軽雑工業品,6363.50958,776.1804611,1119.813521,108.1533876
08,茨城県,13,東京都,4,軽雑工業品,6356.68751,963.7372259,1442.874663,105.5760046
08,茨城県,14,神奈川県,4,軽雑工業品,5873.471884,525.8133537,1155.221605,34.23125967
08,茨城県,15,新潟県,4,軽雑工業品,813.2147616,56.45270478,14.83518926,7.16
08,茨城県,16,富山県,4,軽雑工業品,73.5178883,253.9665767,6.38,19.5554386
08,茨城県,17,石川県,4,軽雑工業品,171.5709078,10.12868502,8.357777778,2.403846154
08,茨城県,18,福井県,4,軽雑工業品,158.3252502,39.24860325,0,3.58
08,茨城県,19,山梨県,4,軽雑工業品,590.7158452,0.492817983,19.5402122,0
08,茨城県,20,長野県,4,軽雑工業品,1036.731279,1.561666667,11.54459097,4.114583333
08,茨城県,21,岐阜県,4,軽雑工業品,784.3170907,143.930649,12.7629594,0
08,茨城県,22,静岡県,4,軽雑工業品,981.8936557,616.0111981,60.80510914,19.36470588
08,茨城県,23,愛知県,4,軽雑工業品,2384.927008,99.19642472,41.01753486,13.28
08,茨城県,24,三重県,4,軽雑工業品,729.1769229,62.38160362,13.99633905,3.186813187
08,茨城県,25,滋賀県,4,軽雑工業品,681.2603537,17.74277193,2.8,12.16
08,茨城県,26,京都府,4,軽雑工業品,94.26280002,3.936376068,8.648376068,3.58
08,茨城県,27,大阪府,4,軽雑工業品,1687.930064,364.3928043,31.29289506,25.11532357
08,茨城県,28,兵庫県,4,軽雑工業品,1215.71302,70.14639359,13.54,13.51458333
08,茨城県,29,奈良県,4,軽雑工業品,132.796547,0.033,3.58,0
08,茨城県,30,和歌山県,4,軽雑工業品,301.7731439,1.072,0,0
08,茨城県,31,鳥取県,4,軽雑工業品,0.45,0,0,0
08,茨城県,32,島根県,4,軽雑工業品,15.21622,0,3.58,0
08,茨城県,33,岡山県,4,軽雑工業品,887.1423636,19.03329167,15.38916667,0
08,茨城県,34,広島県,4,軽雑工業品,144.409532,151.4672403,11.79052632,4.686567164
08,茨城県,35,山口県,4,軽雑工業品,587.2874773,76.15384615,0,0
08,茨城県,36,徳島県,4,軽雑工業品,170.5677263,0,0,0
08,茨城県,37,香川県,4,軽雑工業品,901.1901031,0.074,5.983846154,2.5
08,茨城県,38,愛媛県,4,軽雑工業品,656.9122128,169.5629328,11.79052632,12.66837607
08,茨城県,39,高知県,4,軽雑工業品,45.81,1.204645833,3.8,4.114583333
08,茨城県,40,福岡県,4,軽雑工業品,64.4491064,12.25550219,18.95052632,3
08,茨城県,41,佐賀県,4,軽雑工業品,48.5313913,0,0,0
08,茨城県,42,長崎県,4,軽雑工業品,0.3765,0,0,0
08,茨城県,43,熊本県,4,軽雑工業品,2.990915655,1.238210526,12.22837607,3.58
08,茨城県,44,大分県,4,軽雑工業品,302.2334188,0,3.58,0
08,茨城県,45,宮崎県,4,軽雑工業品,31.7752518,0,10.09842949,0
08,茨城県,46,鹿児島県,4,軽雑工業品,1.128240769,60.54545455,3.58,0
08,茨城県,47,沖縄県,4,軽雑工業品,526.7937379,3.35902834,6.766666667,0
08,茨城県,90,全国,4,軽雑工業品,0,9.6,0,0
08,茨城県,92,東北,4,軽雑工業品,0,0,71.6,0
08,茨城県,93,海外,4,軽雑工業品,336.0268776,652.2939345,16.45833333,15.82591093
08,茨城県,94,不特定,4,軽雑工業品,3,0,0,0
08,茨城県,99,全て不明,4,軽雑工業品,10.49519231,2.064209402,3.9375,1.9375
09,栃木県,08,茨城県,4,軽雑工業品,385.8998996,2106.494881,79.49710836,220.242186
09,栃木県,11,埼玉県,4,軽雑工業品,377.9208239,1865.953083,110.1034882,659.2106925
09,栃木県,12,千葉県,4,軽雑工業品,227.2114326,80.62002482,20.89965986,36.31230383
09,栃木県,13,東京都,4,軽雑工業品,1017.731415,558.5105102,23.53333333,48.76737564
09,栃木県,14,神奈川県,4,軽雑工業品,604.5407292,208.7022418,0,10.994995
10,群馬県,08,茨城県,4,軽雑工業品,351.7747788,1893.75898,61.60763933,113.2433534
10,群馬県,11,埼玉県,4,軽雑工業品,358.611859,1301.184481,240.2298052,716.2141806
10,群馬県,12,千葉県,4,軽雑工業品,3.632,40.27191721,0,58.52784504
10,群馬県,13,東京都,4,軽雑工業品,72.82983584,297.7618671,0,54.03336838
10,群馬県,14,神奈川県,4,軽雑工業品,27.45457483,333.1286653,4.785714286,22.24230682
11,埼玉県,01,北海道,4,軽雑工業品,497.6223173,713.5796552,93.48345477,61.6137931
11,埼玉県,02,青森県,4,軽雑工業品,139.5732393,51.12009967,65.12592334,20.00996678
11,埼玉県,03,岩手県,4,軽雑工業品,74.00201057,0.034496124,84.38153391,9.248062016
11,埼玉県,04,宮城県,4,軽雑工業品,337.6404626,1462.74999,192.1879014,170.7092235
11,埼玉県,05,秋田県,4,軽雑工業品,4.774716695,229.0894961,60.3123895,15.59806202
11,埼玉県,06,山形県,4,軽雑工業品,126.0118026,2.081657091,79.72272976,20.28335613
11,埼玉県,07,福島県,4,軽雑工業品,675.2603564,840.219456,227.266311,76.15802378
11,埼玉県,08,茨城県,4,軽雑工業品,3894.016601,7277.168139,1177.270813,1745.444676
11,埼玉県,09,栃木県,4,軽雑工業品,1865.953083,377.9208239,659.2106925,110.1034882
11,埼玉県,10,群馬県,4,軽雑工業品,1301.184481,358.611859,716.2141806,240.2298052
11,埼玉県,11,埼玉県,4,軽雑工業品,17551.87843,17551.87843,6102.612713,6102.612713
11,埼玉県,12,千葉県,4,軽雑工業品,2570.876839,914.2239825,1070.960184,326.5135278
11,埼玉県,13,東京都,4,軽雑工業品,4096.083667,6523.874244,2542.07446,762.3318666
11,埼玉県,14,神奈川県,4,軽雑工業品,2542.212872,1587.237489,969.2502459,196.6505571
11,埼玉県,15,新潟県,4,軽雑工業品,654.2995822,682.7986913,213.8777277,48.91661702
11,埼玉県,16,富山県,4,軽雑工業品,225.2101779,727.7375636,47.5833751,77.70571411
11,埼玉県,17,石川県,4,軽雑工業品,73.47396082,4.374960979,38.06149068,39.63821668
11,埼玉県,18,福井県,4,軽雑工業品,98.10546626,193.8651539,44.85496689,31.92307692
11,埼玉県,19,山梨県,4,軽雑工業品,450.4556809,1.626952381,122.3682122,18.35714286
11,埼玉県,20,長野県,4,軽雑工業品,374.1210183,9.577134503,210.1955441,13.0380117
11,埼玉県,21,岐阜県,4,軽雑工業品,146.3048459,425.4530876,103.4934564,68.91194494
11,埼玉県,22,静岡県,4,軽雑工業品,1575.597969,859.6809571,362.2820076,210.414786
11,埼玉県,23,愛知県,4,軽雑工業品,1593.191119,702.4443683,435.3265034,187.917286
11,埼玉県,24,三重県,4,軽雑工業品,200.3578347,57.16669457,100.8795268,33.11897858
11,埼玉県,25,滋賀県,4,軽雑工業品,141.9070124,55.88529088,45.54641774,50.49243895
11,埼玉県,26,京都府,4,軽雑工業品,87.81480486,13.56294373,142.1729002,63.27822431
11,埼玉県,27,大阪府,4,軽雑工業品,617.2300615,175.3377982,405.4745764,266.6510748
11,埼玉県,28,兵庫県,4,軽雑工業品,264.7717423,140.7159479,164.3954221,109.2598894
11,埼玉県,29,奈良県,4,軽雑工業品,66.43395815,20.51651378,64.62871757,36.63126566
11,埼玉県,30,和歌山県,4,軽雑工業品,73.13996273,2.807378181,35.02215321,23.57075636
11,埼玉県,31,鳥取県,4,軽雑工業品,2.105047619,167.5862069,33.40396825,0
11,埼玉県,32,島根県,4,軽雑工業品,2.062666667,0,16.25714286,0
11,埼玉県,33,岡山県,4,軽雑工業品,79.30198694,1.34672549,61.87581028,18.9872549
11,埼玉県,34,広島県,4,軽雑工業品,61.18950772,281.99267,54.97101449,46.42409685
11,埼玉県,35,山口県,4,軽雑工業品,19.98811111,1399.586229,35.86984127,51.68656716
11,埼玉県,36,徳島県,4,軽雑工業品,4.230285714,215.2336552,6.952380952,23.79827586
11,埼玉県,37,香川県,4,軽雑工業品,54.82743233,8.3935,36.63721805,10.15
11,埼玉県,38,愛媛県,4,軽雑工業品,52.79359937,229.8488645,17.67422298,10.66009852
11,埼玉県,39,高知県,4,軽雑工業品,0.384121097,0.1,8.857142857,2.5
11,埼玉県,40,福岡県,4,軽雑工業品,129.5800979,11.756,99.78681275,22
11,埼玉県,41,佐賀県,4,軽雑工業品,68.12034884,0.163857143,8,2.642857143
11,埼玉県,42,長崎県,4,軽雑工業品,0.096634921,0.266,7.341269841,3.8
11,埼玉県,43,熊本県,4,軽雑工業品,0.883527078,30,26.6809057,3
11,埼玉県,44,大分県,4,軽雑工業品,0.24300205,6.24,10.25476191,2.5
11,埼玉県,45,宮崎県,4,軽雑工業品,9.899489178,55.92285468,12.99350649,2.642857143
11,埼玉県,46,鹿児島県,4,軽雑工業品,1.215047619,214.3300273,16.76190476,21.28944133
11,埼玉県,47,沖縄県,4,軽雑工業品,0.330595238,0,7.202380952,0
11,埼玉県,90,全国,4,軽雑工業品,1221.181423,84.80747988,246.3143834,23.71929825
11,埼玉県,92,東北,4,軽雑工業品,2120.544621,26.32165054,185.3295019,6.461538462
11,埼玉県,93,海外,4,軽雑工業品,1820.733468,344.7921835,185.0555556,156.2740746
11,埼玉県,94,不特定,4,軽雑工業品,5309.601724,0,445.7293103,0
11,埼玉県,99,全て不明,4,軽雑工業品,9498.490705,535.54198,653.5996795,114.5518484
12,千葉県,01,北海道,4,軽雑工業品,56.56991352,7.497,138.4093265,0
12,千葉県,02,青森県,4,軽雑工業品,33.79649506,76.60144928,27.68518519,0
12,千葉県,03,岩手県,4,軽雑工業品,4.50024425,0.016,40.53578154,0
12,千葉県,04,宮城県,4,軽雑工業品,67.3961685,39.8454245,76.1875853,0
12,千葉県,05,秋田県,4,軽雑工業品,1.641642735,30.016,33.22222222,0
12,千葉県,06,山形県,4,軽雑工業品,37.45123192,3.903719218,29.54814815,5.333333333
12,千葉県,07,福島県,4,軽雑工業品,232.5710563,137.7110399,37.6031746,4.313559322
12,千葉県,08,茨城県,4,軽雑工業品,776.1804611,6363.50958,108.1533876,1119.813521
12,千葉県,09,栃木県,4,軽雑工業品,80.62002482,227.2114326,36.31230383,20.89965986
12,千葉県,10,群馬県,4,軽雑工業品,40.27191721,3.632,58.52784504,0
12,千葉県,11,埼玉県,4,軽雑工業品,914.2239825,2570.876839,326.5135278,1070.960184
12,千葉県,12,千葉県,4,軽雑工業品,7973.889176,7973.889176,776.252799,776.252799
12,千葉県,13,東京都,4,軽雑工業品,1488.369418,1831.982657,448.734941,296.0490109
12,千葉県,14,神奈川県,4,軽雑工業品,525.2935711,954.2361023,216.2495596,128.3967506
12,千葉県,15,新潟県,4,軽雑工業品,25.16414827,0.057890625,85.2575408,0
12,千葉県,16,富山県,4,軽雑工業品,13.19543071,66.19638908,15.47407407,11.63768116
12,千葉県,17,石川県,4,軽雑工業品,1.921791999,0.021443299,31.99874451,0
12,千葉県,18,福井県,4,軽雑工業品,1.347439128,0.221101215,26.54814815,0
12,千葉県,19,山梨県,4,軽雑工業品,45.9465949,17.31470341,9.937037037,0
12,千葉県,20,長野県,4,軽雑工業品,35.41241255,0.461190476,50.83333333,0
12,千葉県,21,岐阜県,4,軽雑工業品,16.43564228,0.438328125,33.45239899,3.375
12,千葉県,22,静岡県,4,軽雑工業品,116.1438888,229.4158728,66.22096673,4.380952381
12,千葉県,23,愛知県,4,軽雑工業品,313.8691064,19.76658478,220.0440208,4.513513514
12,千葉県,24,三重県,4,軽雑工業品,121.034871,59.41389727,36.39874451,4.313559322
12,千葉県,25,滋賀県,4,軽雑工業品,212.8911978,2.19831508,22.14814815,4.313559322
12,千葉県,26,京都府,4,軽雑工業品,3.264053905,64.57812251,47.47281858,0
12,千葉県,27,大阪府,4,軽雑工業品,137.1368744,81.15615099,102.2811519,4.313559322
12,千葉県,28,兵庫県,4,軽雑工業品,45.03154293,102.505821,75.27151728,13.07546408
12,千葉県,29,奈良県,4,軽雑工業品,3.923317242,0.4209375,38.75925926,0
12,千葉県,30,和歌山県,4,軽雑工業品,0.462418795,0.032,11.07407407,0
12,千葉県,31,鳥取県,4,軽雑工業品,0.843375747,0,16.61111111,0
12,千葉県,32,島根県,4,軽雑工業品,0.505069893,35.00495313,22.14814815,3.5
12,千葉県,33,岡山県,4,軽雑工業品,22.00149701,0.296551059,49.83333333,17.34067797
12,千葉県,34,広島県,4,軽雑工業品,5.719021084,2.628967742,36.39874451,0
12,千葉県,35,山口県,4,軽雑工業品,1.931009842,0,21.01111111,0
12,千葉県,36,徳島県,4,軽雑工業品,0.356798208,0,15.47407407,0
12,千葉県,37,香川県,4,軽雑工業品,1.342901178,0,11.07407407,0
12,千葉県,38,愛媛県,4,軽雑工業品,9.384928315,41.84502381,26.08754209,4.380952381
12,千葉県,39,高知県,4,軽雑工業品,0.619899642,19.86,22.14814815,0
12,千葉県,40,福岡県,4,軽雑工業品,199.2630197,2.687604167,86.07599318,5.333333333
12,千葉県,41,佐賀県,4,軽雑工業品,1.517997013,0.129572414,37.62222222,4.4
12,千葉県,42,長崎県,4,軽雑工業品,4.770737157,0.004953125,38.75925926,0
12,千葉県,43,熊本県,4,軽雑工業品,23.60929391,0.0044,22.14814815,4.4
12,千葉県,44,大分県,4,軽雑工業品,1.59797049,1.0175,22.14814815,0
12,千葉県,45,宮崎県,4,軽雑工業品,3.920171663,0,30.48754209,0
12,千葉県,46,鹿児島県,4,軽雑工業品,1.149255583,0.0176,38.75925926,4.4
12,千葉県,47,沖縄県,4,軽雑工業品,0.411583035,0,5.537037037,0
12,千葉県,90,全国,4,軽雑工業品,0,9.496108366,24.6875,19.75
12,千葉県,92,東北,4,軽雑工業品,12,49.53125,4,0
12,千葉県,93,海外,4,軽雑工業品,149.0341879,335.0509333,5.681818182,5.537037037
12,千葉県,94,不特定,4,軽雑工業品,0,43.04347826,0,4.304347826
12,千葉県,99,全て不明,4,軽雑工業品,47.66666667,0,3.666666667,0
13,東京都,01,北海道,4,軽雑工業品,13.51420618,285.5261453,0,65.75870647
13,東京都,02,青森県,4,軽雑工業品,1.920678022,304.0833333,0,0
13,東京都,03,岩手県,4,軽雑工業品,2.090224955,46.79754861,0,0
13,東京都,04,宮城県,4,軽雑工業品,176.3935915,4.097042741,35.47798742,4.923076923
13,東京都,05,秋田県,4,軽雑工業品,42.88051761,45.03446265,21.01515152,0
13,東京都,06,山形県,4,軽雑工業品,22.93881679,2.316455599,21.48894349,12.21621622
13,東京都,07,福島県,4,軽雑工業品,7.099087773,2205.552194,0,4.833333333
13,東京都,08,茨城県,4,軽雑工業品,963.7372259,6356.68751,105.5760046,1442.874663
13,東京都,09,栃木県,4,軽雑工業品,558.5105102,1017.731415,48.76737564,23.53333333
13,東京都,10,群馬県,4,軽雑工業品,297.7618671,72.82983584,54.03336838,0
13,東京都,11,埼玉県,4,軽雑工業品,6523.874244,4096.083667,762.3318666,2542.07446
13,東京都,12,千葉県,4,軽雑工業品,1831.982657,1488.369418,296.0490109,448.734941
13,東京都,13,東京都,4,軽雑工業品,11006.03738,11006.03738,2011.63607,2011.63607
13,東京都,14,神奈川県,4,軽雑工業品,2135.538441,1963.3952,345.472243,532.8683355
13,東京都,15,新潟県,4,軽雑工業品,137.4105356,232.2952398,38.00610961,0
13,東京都,16,富山県,4,軽雑工業品,0.76325291,433.0063863,0,0
13,東京都,17,石川県,4,軽雑工業品,9.705415205,6.416528139,0,0
13,東京都,18,福井県,4,軽雑工業品,6.334839327,12.97726347,6.090909091,4.833333333
13,東京都,19,山梨県,4,軽雑工業品,55.63579499,145.305465,19.11666667,15.13181818
13,東京都,20,長野県,4,軽雑工業品,81.09243958,27.60222316,13.2013923,24.16666667
13,東京都,21,岐阜県,4,軽雑工業品,7.881918462,125.1157198,6.452830189,6.957142857
13,東京都,22,静岡県,4,軽雑工業品,548.1383823,353.7401838,70.06109034,6.23
13,東京都,23,愛知県,4,軽雑工業品,415.0796429,1267.099582,51.62264151,80.26111111
13,東京都,24,三重県,4,軽雑工業品,0.196506849,160.2301016,0,0
13,東京都,25,滋賀県,4,軽雑工業品,0.1320625,37.75192035,0,0
13,東京都,26,京都府,4,軽雑工業品,1.170873075,0.473677291,6.894422311,0
13,東京都,27,大阪府,4,軽雑工業品,77.15595571,120.3199718,25.44939966,13.04924242
13,東京都,28,兵庫県,4,軽雑工業品,1982.17532,97.33724116,25.31085518,2.125
13,東京都,29,奈良県,4,軽雑工業品,0.006361702,0.024,0,0
13,東京都,30,和歌山県,4,軽雑工業品,0,46.42832842,0,0
13,東京都,31,鳥取県,4,軽雑工業品,0.137888446,477.4357454,0,4.686567164
13,東京都,32,島根県,4,軽雑工業品,0,4.868397602,0,0
13,東京都,33,岡山県,4,軽雑工業品,8.421785807,3.460703925,0,0
13,東京都,34,広島県,4,軽雑工業品,19.31279005,177.2894045,11.14761905,14.05970149
13,東京都,35,山口県,4,軽雑工業品,1.367585373,656.8477662,0,23.43283582
13,東京都,36,徳島県,4,軽雑工業品,1.366276464,2318.876167,0,180
13,東京都,37,香川県,4,軽雑工業品,9.26618447,0,6.452830189,0
13,東京都,38,愛媛県,4,軽雑工業品,5.597193094,769.9127541,4.833333333,0
13,東京都,40,福岡県,4,軽雑工業品,5.293624217,750.1660625,0,9.666666667
13,東京都,41,佐賀県,4,軽雑工業品,0.1229,0,0,0
13,東京都,43,熊本県,4,軽雑工業品,75.77142857,273.9959304,6.314285714,14.05970149
13,東京都,44,大分県,4,軽雑工業品,0.420977273,0,0,0
13,東京都,45,宮崎県,4,軽雑工業品,0,209.6502189,0,4.686567164
13,東京都,46,鹿児島県,4,軽雑工業品,0,15.51333333,0,0
13,東京都,90,全国,4,軽雑工業品,78.71765708,10.81251342,24.92,20.78508385
13,東京都,91,東日本,4,軽雑工業品,0,106.9090909,0,0
13,東京都,92,東北,4,軽雑工業品,0,70.28571429,0,0
13,東京都,93,海外,4,軽雑工業品,4011.866257,640.3440673,11.22580645,7.870967742
13,東京都,94,不特定,4,軽雑工業品,0,107.3886986,0,25.5
13,東京都,99,全て不明,4,軽雑工業品,246.8092346,132.6055092,7.5,0
14,神奈川県,01,北海道,4,軽雑工業品,256.5174295,15.28571429,19.11741707,0
14,神奈川県,02,青森県,4,軽雑工業品,12.17550634,206.2761818,3.513513514,0
14,神奈川県,03,岩手県,4,軽雑工業品,39.98321456,44.86034858,3.513513514,4.529411765
14,神奈川県,04,宮城県,4,軽雑工業品,220.9662078,49.5541744,14.76082534,0
14,神奈川県,05,秋田県,4,軽雑工業品,0.38217748,9.024390244,3.513513514,0
14,神奈川県,06,山形県,4,軽雑工業品,15.26938148,2.360142857,14.76082534,0
14,神奈川県,07,福島県,4,軽雑工業品,15.31673017,70.77754224,3.513513514,0
14,神奈川県,08,茨城県,4,軽雑工業品,525.8133537,5873.471884,34.23125967,1155.221605
14,神奈川県,09,栃木県,4,軽雑工業品,208.7022418,604.5407292,10.994995,0
14,神奈川県,10,群馬県,4,軽雑工業品,333.1286653,27.45457483,22.24230682,4.785714286
14,神奈川県,11,埼玉県,4,軽雑工業品,1587.237489,2542.212872,196.6505571,969.2502459
14,神奈川県,12,千葉県,4,軽雑工業品,954.2361023,525.2935711,128.3967506,216.2495596
14,神奈川県,13,東京都,4,軽雑工業品,1963.3952,2135.538441,532.8683355,345.472243
14,神奈川県,14,神奈川県,4,軽雑工業品,12283.33189,12283.33189,1815.187902,1815.187902
14,神奈川県,15,新潟県,4,軽雑工業品,97.61799382,200.0682291,12.94208494,0
14,神奈川県,16,富山県,4,軽雑工業品,0.484245008,129.982223,3.513513514,0
14,神奈川県,17,石川県,4,軽雑工業品,0.282769112,0.557857143,3.513513514,0
14,神奈川県,18,福井県,4,軽雑工業品,5.795650509,6.608268817,3.513513514,12.19354839
14,神奈川県,19,山梨県,4,軽雑工業品,275.5898001,0.88,39.15754734,0
14,神奈川県,20,長野県,4,軽雑工業品,40.38993668,74.59528986,12.77881964,0
14,神奈川県,21,岐阜県,4,軽雑工業品,37.75084686,12.51785164,3.513513514,0
14,神奈川県,22,静岡県,4,軽雑工業品,908.8872505,861.0428273,73.46164621,46.03472679
14,神奈川県,23,愛知県,4,軽雑工業品,248.9691431,367.4717882,31.60670348,14.78571429
14,神奈川県,24,三重県,4,軽雑工業品,0.132439024,212.966212,3.513513514,0
14,神奈川県,25,滋賀県,4,軽雑工業品,65.05285405,57.87940476,35.33851351,21.05084034
14,神奈川県,26,京都府,4,軽雑工業品,24.82800187,5.128036447,20.38448126,7.852941177
14,神奈川県,27,大阪府,4,軽雑工業品,141.8006773,80.1568807,27.41150828,0
14,神奈川県,28,兵庫県,4,軽雑工業品,79.03826884,63.1849814,32.38851351,4.785714286
14,神奈川県,29,奈良県,4,軽雑工業品,0.088521463,249.0904161,3.513513514,0
14,神奈川県,30,和歌山県,4,軽雑工業品,1.577299835,2.122,3.513513514,0
14,神奈川県,31,鳥取県,4,軽雑工業品,2.918063063,0,3.513513514,0
14,神奈川県,32,島根県,4,軽雑工業品,0.732727027,3.958333333,3.513513514,7
14,神奈川県,33,岡山県,4,軽雑工業品,34.71718836,63.79891837,14.76082534,9.571428571
14,神奈川県,34,広島県,4,軽雑工業品,10.87094644,2.830827957,3.513513514,0
14,神奈川県,35,山口県,4,軽雑工業品,0.495491216,0,3.513513514,0
14,神奈川県,36,徳島県,4,軽雑工業品,0.422023941,68.41658824,3.513513514,0
14,神奈川県,37,香川県,4,軽雑工業品,0.0481147,0.2672,3.513513514,0
14,神奈川県,38,愛媛県,4,軽雑工業品,0.114628214,104.5918831,3.513513514,0
14,神奈川県,39,高知県,4,軽雑工業品,0.19507416,0.608,3.513513514,0
14,神奈川県,40,福岡県,4,軽雑工業品,18.31643734,387.8709516,14.76082534,0
14,神奈川県,41,佐賀県,4,軽雑工業品,1.478403861,0,3.513513514,0
14,神奈川県,42,長崎県,4,軽雑工業品,0.091351351,0,3.513513514,0
14,神奈川県,43,熊本県,4,軽雑工業品,0.732051874,0.065294118,3.513513514,0
14,神奈川県,44,大分県,4,軽雑工業品,7.073953031,0.885,7.027027027,0
14,神奈川県,45,宮崎県,4,軽雑工業品,0.042206592,0,3.513513514,0
14,神奈川県,46,鹿児島県,4,軽雑工業品,4.236853439,0,3.513513514,0
14,神奈川県,47,沖縄県,4,軽雑工業品,0.133486487,0,3.513513514,0
14,神奈川県,90,全国,4,軽雑工業品,1909.026855,23.77042938,9,0
14,神奈川県,92,東北,4,軽雑工業品,62.04144144,6.958333333,3.513513514,20.875
14,神奈川県,93,海外,4,軽雑工業品,1078.365325,715.9438328,0,0
14,神奈川県,94,不特定,4,軽雑工業品,0.277959184,0,0,0
14,神奈川県,99,全て不明,4,軽雑工業品,0,258.0880204,0,0
15,新潟県,08,茨城県,4,軽雑工業品,56.45270478,813.2147616,7.16,14.83518926
15,新潟県,11,埼玉県,4,軽雑工業品,682.7986913,654.2995822,48.91661702,213.8777277
15,新潟県,12,千葉県,4,軽雑工業品,0.057890625,25.16414827,0,85.2575408
15,新潟県,13,東京都,4,軽雑工業品,232.2952398,137.4105356,0,38.00610961
15,新潟県,14,神奈川県,4,軽雑工業品,200.0682291,97.61799382,0,12.94208494
16,富山県,08,茨城県,4,軽雑工業品,253.9665767,73.5178883,19.5554386,6.38
16,富山県,11,埼玉県,4,軽雑工業品,727.7375636,225.2101779,77.70571411,47.5833751
16,富山県,12,千葉県,4,軽雑工業品,66.19638908,13.19543071,11.63768116,15.47407407
16,富山県,13,東京都,4,軽雑工業品,433.0063863,0.76325291,0,0
16,富山県,14,神奈川県,4,軽雑工業品,129.982223,0.484245008,0,3.513513514
17,石川県,08,茨城県,4,軽雑工業品,10.12868502,171.5709078,2.403846154,8.357777778
17,石川県,11,埼玉県,4,軽雑工業品,4.374960979,73.47396082,39.63821668,38.06149068
17,石川県,12,千葉県,4,軽雑工業品,0.021443299,1.921791999,0,31.99874451
17,石川県,13,東京都,4,軽雑工業品,6.416528139,9.705415205,0,0
17,石川県,14,神奈川県,4,軽雑工業品,0.557857143,0.282769112,0,3.513513514
18,福井県,08,茨城県,4,軽雑工業品,39.24860325,158.3252502,3.58,0
18,福井県,11,埼玉県,4,軽雑工業品,193.8651539,98.10546626,31.92307692,44.85496689
18,福井県,12,千葉県,4,軽雑工業品,0.221101215,1.347439128,0,26.54814815
18,福井県,13,東京都,4,軽雑工業品,12.97726347,6.334839327,4.833333333,6.090909091
18,福井県,14,神奈川県,4,軽雑工業品,6.608268817,5.795650509,12.19354839,3.513513514
19,山梨県,08,茨城県,4,軽雑工業品,0.492817983,590.7158452,0,19.5402122
19,山梨県,11,埼玉県,4,軽雑工業品,1.626952381,450.4556809,18.35714286,122.3682122
19,山梨県,12,千葉県,4,軽雑工業品,17.31470341,45.9465949,0,9.937037037
19,山梨県,13,東京都,4,軽雑工業品,145.305465,55.63579499,15.13181818,19.11666667
19,山梨県,14,神奈川県,4,軽雑工業品,0.88,275.5898001,0,39.15754734
20,長野県,08,茨城県,4,軽雑工業品,1.561666667,1036.731279,4.114583333,11.54459097
20,長野県,11,埼玉県,4,軽雑工業品,9.577134503,374.1210183,13.0380117,210.1955441
20,長野県,12,千葉県,4,軽雑工業品,0.461190476,35.41241255,0,50.83333333
20,長野県,13,東京都,4,軽雑工業品,27.60222316,81.09243958,24.16666667,13.2013923
20,長野県,14,神奈川県,4,軽雑工業品,74.59528986,40.38993668,0,12.77881964
21,岐阜県,08,茨城県,4,軽雑工業品,143.930649,784.3170907,0,12.7629594
21,岐阜県,11,埼玉県,4,軽雑工業品,425.4530876,146.3048459,68.91194494,103.4934564
21,岐阜県,12,千葉県,4,軽雑工業品,0.438328125,16.43564228,3.375,33.45239899
21,岐阜県,13,東京都,4,軽雑工業品,125.1157198,7.881918462,6.957142857,6.452830189
21,岐阜県,14,神奈川県,4,軽雑工業品,12.51785164,37.75084686,0,3.513513514
22,静岡県,08,茨城県,4,軽雑工業品,616.0111981,981.8936557,19.36470588,60.80510914
22,静岡県,11,埼玉県,4,軽雑工業品,859.6809571,1575.597969,210.414786,362.2820076
22,静岡県,12,千葉県,4,軽雑工業品,229.4158728,116.1438888,4.380952381,66.22096673
22,静岡県,13,東京都,4,軽雑工業品,353.7401838,548.1383823,6.23,70.06109034
22,静岡県,14,神奈川県,4,軽雑工業品,861.0428273,908.8872505,46.03472679,73.46164621
23,愛知県,08,茨城県,4,軽雑工業品,99.19642472,2384.927008,13.28,41.01753486
23,愛知県,11,埼玉県,4,軽雑工業品,702.4443683,1593.191119,187.917286,435.3265034
23,愛知県,12,千葉県,4,軽雑工業品,19.76658478,313.8691064,4.513513514,220.0440208
23,愛知県,13,東京都,4,軽雑工業品,1267.099582,415.0796429,80.26111111,51.62264151
23,愛知県,14,神奈川県,4,軽雑工業品,367.4717882,248.9691431,14.78571429,31.60670348
24,三重県,08,茨城県,4,軽雑工業品,62.38160362,729.1769229,3.186813187,13.99633905
24,三重県,11,埼玉県,4,軽雑工業品,57.16669457,200.3578347,33.11897858,100.8795268
24,三重県,12,千葉県,4,軽雑工業品,59.41389727,121.034871,4.313559322,36.39874451
24,三重県,13,東京都,4,軽雑工業品,160.2301016,0.196506849,0,0
24,三重県,14,神奈川県,4,軽雑工業品,212.966212,0.132439024,0,3.513513514
25,滋賀県,08,茨城県,4,軽雑工業品,17.74277193,681.2603537,12.16,2.8
25,滋賀県,11,埼玉県,4,軽雑工業品,55.88529088,141.9070124,50.49243895,45.54641774
25,滋賀県,12,千葉県,4,軽雑工業品,2.19831508,212.8911978,4.313559322,22.14814815
25,滋賀県,13,東京都,4,軽雑工業品,37.75192035,0.1320625,0,0
25,滋賀県,14,神奈川県,4,軽雑工業品,57.87940476,65.05285405,21.05084034,35.33851351
26,京都府,08,茨城県,4,軽雑工業品,3.936376068,94.26280002,3.58,8.648376068
26,京都府,11,埼玉県,4,軽雑工業品,13.56294373,87.81480486,63.27822431,142.1729002
26,京都府,12,千葉県,4,軽雑工業品,64.57812251,3.264053905,0,47.47281858
26,京都府,13,東京都,4,軽雑工業品,0.473677291,1.170873075,0,6.894422311
26,京都府,14,神奈川県,4,軽雑工業品,5.128036447,24.82800187,7.852941177,20.38448126
27,大阪府,08,茨城県,4,軽雑工業品,364.3928043,1687.930064,25.11532357,31.29289506
27,大阪府,11,埼玉県,4,軽雑工業品,175.3377982,617.2300615,266.6510748,405.4745764
27,大阪府,12,千葉県,4,軽雑工業品,81.15615099,137.1368744,4.313559322,102.2811519
27,大阪府,13,東京都,4,軽雑工業品,120.3199718,77.15595571,13.04924242,25.44939966
27,大阪府,14,神奈川県,4,軽雑工業品,80.1568807,141.8006773,0,27.41150828
28,兵庫県,08,茨城県,4,軽雑工業品,70.14639359,1215.71302,13.51458333,13.54
28,兵庫県,11,埼玉県,4,軽雑工業品,140.7159479,264.7717423,109.2598894,164.3954221
28,兵庫県,12,千葉県,4,軽雑工業品,102.505821,45.03154293,13.07546408,75.27151728
28,兵庫県,13,東京都,4,軽雑工業品,97.33724116,1982.17532,2.125,25.31085518
28,兵庫県,14,神奈川県,4,軽雑工業品,63.1849814,79.03826884,4.785714286,32.38851351
29,奈良県,08,茨城県,4,軽雑工業品,0.033,132.796547,0,3.58
29,奈良県,11,埼玉県,4,軽雑工業品,20.51651378,66.43395815,36.63126566,64.62871757
29,奈良県,12,千葉県,4,軽雑工業品,0.4209375,3.923317242,0,38.75925926
29,奈良県,13,東京都,4,軽雑工業品,0.024,0.006361702,0,0
29,奈良県,14,神奈川県,4,軽雑工業品,249.0904161,0.088521463,0,3.513513514
30,和歌山県,08,茨城県,4,軽雑工業品,1.072,301.7731439,0,0
30,和歌山県,11,埼玉県,4,軽雑工業品,2.807378181,73.13996273,23.57075636,35.02215321
30,和歌山県,12,千葉県,4,軽雑工業品,0.032,0.462418795,0,11.07407407
30,和歌山県,13,東京都,4,軽雑工業品,46.42832842,0,0,0
30,和歌山県,14,神奈川県,4,軽雑工業品,2.122,1.577299835,0,3.513513514
31,鳥取県,08,茨城県,4,軽雑工業品,0,0.45,0,0
31,鳥取県,11,埼玉県,4,軽雑工業品,167.5862069,2.105047619,0,33.40396825
31,鳥取県,12,千葉県,4,軽雑工業品,0,0.843375747,0,16.61111111
31,鳥取県,13,東京都,4,軽雑工業品,477.4357454,0.137888446,4.686567164,0
31,鳥取県,14,神奈川県,4,軽雑工業品,0,2.918063063,0,3.513513514
32,島根県,08,茨城県,4,軽雑工業品,0,15.21622,0,3.58
32,島根県,11,埼玉県,4,軽雑工業品,0,2.062666667,0,16.25714286
32,島根県,12,千葉県,4,軽雑工業品,35.00495313,0.505069893,3.5,22.14814815
32,島根県,13,東京都,4,軽雑工業品,4.868397602,0,0,0
32,島根県,14,神奈川県,4,軽雑工業品,3.958333333,0.732727027,7,3.513513514
33,岡山県,08,茨城県,4,軽雑工業品,19.03329167,887.1423636,0,15.38916667
33,岡山県,11,埼玉県,4,軽雑工業品,1.34672549,79.30198694,18.9872549,61.87581028
33,岡山県,12,千葉県,4,軽雑工業品,0.296551059,22.00149701,17.34067797,49.83333333
33,岡山県,13,東京都,4,軽雑工業品,3.460703925,8.421785807,0,0
33,岡山県,14,神奈川県,4,軽雑工業品,63.79891837,34.71718836,9.571428571,14.76082534
34,広島県,08,茨城県,4,軽雑工業品,151.4672403,144.409532,4.686567164,11.79052632
34,広島県,11,埼玉県,4,軽雑工業品,281.99267,61.18950772,46.42409685,54.97101449
34,広島県,12,千葉県,4,軽雑工業品,2.628967742,5.719021084,0,36.39874451
34,広島県,13,東京都,4,軽雑工業品,177.2894045,19.31279005,14.05970149,11.14761905
34,広島県,14,神奈川県,4,軽雑工業品,2.830827957,10.87094644,0,3.513513514
35,山口県,08,茨城県,4,軽雑工業品,76.15384615,587.2874773,0,0
35,山口県,11,埼玉県,4,軽雑工業品,1399.586229,19.98811111,51.68656716,35.86984127
35,山口県,12,千葉県,4,軽雑工業品,0,1.931009842,0,21.01111111
35,山口県,13,東京都,4,軽雑工業品,656.8477662,1.367585373,23.43283582,0
35,山口県,14,神奈川県,4,軽雑工業品,0,0.495491216,0,3.513513514
36,徳島県,08,茨城県,4,軽雑工業品,0,170.5677263,0,0
36,徳島県,11,埼玉県,4,軽雑工業品,215.2336552,4.230285714,23.79827586,6.952380952
36,徳島県,12,千葉県,4,軽雑工業品,0,0.356798208,0,15.47407407
36,徳島県,13,東京都,4,軽雑工業品,2318.876167,1.366276464,180,0
36,徳島県,14,神奈川県,4,軽雑工業品,68.41658824,0.422023941,0,3.513513514
37,香川県,08,茨城県,4,軽雑工業品,0.074,901.1901031,2.5,5.983846154
37,香川県,11,埼玉県,4,軽雑工業品,8.3935,54.82743233,10.15,36.63721805
37,香川県,12,千葉県,4,軽雑工業品,0,1.342901178,0,11.07407407
37,香川県,13,東京都,4,軽雑工業品,0,9.26618447,0,6.452830189
37,香川県,14,神奈川県,4,軽雑工業品,0.2672,0.0481147,0,3.513513514
38,愛媛県,08,茨城県,4,軽雑工業品,169.5629328,656.9122128,12.66837607,11.79052632
38,愛媛県,11,埼玉県,4,軽雑工業品,229.8488645,52.79359937,10.66009852,17.67422298
38,愛媛県,12,千葉県,4,軽雑工業品,41.84502381,9.384928315,4.380952381,26.08754209
38,愛媛県,13,東京都,4,軽雑工業品,769.9127541,5.597193094,0,4.833333333
38,愛媛県,14,神奈川県,4,軽雑工業品,104.5918831,0.114628214,0,3.513513514
39,高知県,08,茨城県,4,軽雑工業品,1.204645833,45.81,4.114583333,3.8
39,高知県,11,埼玉県,4,軽雑工業品,0.1,0.384121097,2.5,8.857142857
39,高知県,12,千葉県,4,軽雑工業品,19.86,0.619899642,0,22.14814815
39,高知県,14,神奈川県,4,軽雑工業品,0.608,0.19507416,0,3.513513514
40,福岡県,08,茨城県,4,軽雑工業品,12.25550219,64.4491064,3,18.95052632
40,福岡県,11,埼玉県,4,軽雑工業品,11.756,129.5800979,22,99.78681275
40,福岡県,12,千葉県,4,軽雑工業品,2.687604167,199.2630197,5.333333333,86.07599318
40,福岡県,13,東京都,4,軽雑工業品,750.1660625,5.293624217,9.666666667,0
40,福岡県,14,神奈川県,4,軽雑工業品,387.8709516,18.31643734,0,14.76082534
41,佐賀県,08,茨城県,4,軽雑工業品,0,48.5313913,0,0
41,佐賀県,11,埼玉県,4,軽雑工業品,0.163857143,68.12034884,2.642857143,8
41,佐賀県,12,千葉県,4,軽雑工業品,0.129572414,1.517997013,4.4,37.62222222
41,佐賀県,13,東京都,4,軽雑工業品,0,0.1229,0,0
41,佐賀県,14,神奈川県,4,軽雑工業品,0,1.478403861,0,3.513513514
42,長崎県,08,茨城県,4,軽雑工業品,0,0.3765,0,0
42,長崎県,11,埼玉県,4,軽雑工業品,0.266,0.096634921,3.8,7.341269841
42,長崎県,12,千葉県,4,軽雑工業品,0.004953125,4.770737157,0,38.75925926
42,長崎県,14,神奈川県,4,軽雑工業品,0,0.091351351,0,3.513513514
43,熊本県,08,茨城県,4,軽雑工業品,1.238210526,2.990915655,3.58,12.22837607
43,熊本県,11,埼玉県,4,軽雑工業品,30,0.883527078,3,26.6809057
43,熊本県,12,千葉県,4,軽雑工業品,0.0044,23.60929391,4.4,22.14814815
43,熊本県,13,東京都,4,軽雑工業品,273.9959304,75.77142857,14.05970149,6.314285714
43,熊本県,14,神奈川県,4,軽雑工業品,0.065294118,0.732051874,0,3.513513514
44,大分県,08,茨城県,4,軽雑工業品,0,302.2334188,0,3.58
44,大分県,11,埼玉県,4,軽雑工業品,6.24,0.24300205,2.5,10.25476191
44,大分県,12,千葉県,4,軽雑工業品,1.0175,1.59797049,0,22.14814815
44,大分県,13,東京都,4,軽雑工業品,0,0.420977273,0,0
44,大分県,14,神奈川県,4,軽雑工業品,0.885,7.073953031,0,7.027027027
45,宮崎県,08,茨城県,4,軽雑工業品,0,31.7752518,0,10.09842949
45,宮崎県,11,埼玉県,4,軽雑工業品,55.92285468,9.899489178,2.642857143,12.99350649
45,宮崎県,12,千葉県,4,軽雑工業品,0,3.920171663,0,30.48754209
45,宮崎県,13,東京都,4,軽雑工業品,209.6502189,0,4.686567164,0
45,宮崎県,14,神奈川県,4,軽雑工業品,0,0.042206592,0,3.513513514
46,鹿児島県,08,茨城県,4,軽雑工業品,60.54545455,1.128240769,0,3.58
46,鹿児島県,11,埼玉県,4,軽雑工業品,214.3300273,1.215047619,21.28944133,16.76190476
46,鹿児島県,12,千葉県,4,軽雑工業品,0.0176,1.149255583,4.4,38.75925926
46,鹿児島県,13,東京都,4,軽雑工業品,15.51333333,0,0,0
46,鹿児島県,14,神奈川県,4,軽雑工業品,0,4.236853439,0,3.513513514
47,沖縄県,08,茨城県,4,軽雑工業品,3.35902834,526.7937379,0,6.766666667
47,沖縄県,11,埼玉県,4,軽雑工業品,0,0.330595238,0,7.202380952
47,沖縄県,12,千葉県,4,軽雑工業品,0,0.411583035,0,5.537037037
47,沖縄県,14,神奈川県,4,軽雑工業品,0,0.133486487,0,3.513513514
90,全国,08,茨城県,4,軽雑工業品,9.6,0,0,0
90,全国,11,埼玉県,4,軽雑工業品,84.80747988,1221.181423,23.71929825,246.3143834
90,全国,12,千葉県,4,軽雑工業品,9.496108366,0,19.75,24.6875
90,全国,13,東京都,4,軽雑工業品,10.81251342,78.71765708,20.78508385,24.92
90,全国,14,神奈川県,4,軽雑工業品,23.77042938,1909.026855,0,9
91,東日本,13,東京都,4,軽雑工業品,106.9090909,0,0,0
92,東北,08,茨城県,4,軽雑工業品,0,0,0,71.6
92,東北,11,埼玉県,4,軽雑工業品,26.32165054,2120.544621,6.461538462,185.3295019
92,東北,12,千葉県,4,軽雑工業品,49.53125,12,0,4
92,東北,13,東京都,4,軽雑工業品,70.28571429,0,0,0
92,東北,14,神奈川県,4,軽雑工業品,6.958333333,62.04144144,20.875,3.513513514
93,海外,08,茨城県,4,軽雑工業品,652.2939345,336.0268776,15.82591093,16.45833333
93,海外,11,埼玉県,4,軽雑工業品,344.7921835,1820.733468,156.2740746,185.0555556
93,海外,12,千葉県,4,軽雑工業品,335.0509333,149.0341879,5.537037037,5.681818182
93,海外,13,東京都,4,軽雑工業品,640.3440673,4011.866257,7.870967742,11.22580645
93,海外,14,神奈川県,4,軽雑工業品,715.9438328,1078.365325,0,0
94,不特定,08,茨城県,4,軽雑工業品,0,3,0,0
94,不特定,11,埼玉県,4,軽雑工業品,0,5309.601724,0,445.7293103
94,不特定,12,千葉県,4,軽雑工業品,43.04347826,0,4.304347826,0
94,不特定,13,東京都,4,軽雑工業品,107.3886986,0,25.5,0
94,不特定,14,神奈川県,4,軽雑工業品,0,0.277959184,0,0
99,全て不明,08,茨城県,4,軽雑工業品,2.064209402,10.49519231,1.9375,3.9375
99,全て不明,11,埼玉県,4,軽雑工業品,535.54198,9498.490705,114.5518484,653.5996795
99,全て不明,12,千葉県,4,軽雑工業品,0,47.66666667,0,3.666666667
99,全て不明,13,東京都,4,軽雑工業品,132.6055092,246.8092346,0,7.5
99,全て不明,14,神奈川県,4,軽雑工業品,258.0880204,0,0,0
01,北海道,08,茨城県,5,林鉱産品,82.07082941,174.1492639,13.20941177,23.75972985
01,北海道,11,埼玉県,5,林鉱産品,226.5218568,184.034965,31.56594794,25.58158508
01,北海道,12,千葉県,5,林鉱産品,185,0.134375,0,0
01,北海道,13,東京都,5,林鉱産品,950.2668205,89.71687653,0,4.686567164
01,北海道,14,神奈川県,5,林鉱産品,332.9623656,0.258120805,0,0
02,青森県,08,茨城県,5,林鉱産品,0,48.32124354,0,4.114583333
02,青森県,11,埼玉県,5,林鉱産品,99.72185185,51.04761905,19.70185185,12.76190476
02,青森県,12,千葉県,5,林鉱産品,89.33333333,0,0,0
02,青森県,13,東京都,5,林鉱産品,2900,38.671875,0,38.671875
03,岩手県,08,茨城県,5,林鉱産品,4.71128,36.70534,0,3.75
03,岩手県,11,埼玉県,5,林鉱産品,100.45,0,13.66666667,0
03,岩手県,12,千葉県,5,林鉱産品,194.233,0,0,0
03,岩手県,13,東京都,5,林鉱産品,0,6.161590909,0,0
03,岩手県,14,神奈川県,5,林鉱産品,0,0.1,0,0
04,宮城県,08,茨城県,5,林鉱産品,23.84807692,102.8175089,4.503846154,9.986813187
04,宮城県,11,埼玉県,5,林鉱産品,123.1960784,77.76794872,22.63921569,8.593589744
04,宮城県,12,千葉県,5,林鉱産品,275.9,0.684,0,13.68
04,宮城県,13,東京都,5,林鉱産品,0,0.994090909,0,0
04,宮城県,14,神奈川県,5,林鉱産品,11.66666667,0,0,0
05,秋田県,08,茨城県,5,林鉱産品,48.33948694,56.0649399,15.36734694,8.229166667
05,秋田県,11,埼玉県,5,林鉱産品,254.6171331,0,32.86235657,0
05,秋田県,12,千葉県,5,林鉱産品,178.2981482,0,0,0
05,秋田県,14,神奈川県,5,林鉱産品,1,0,0,0
06,山形県,08,茨城県,5,林鉱産品,36.69231884,14.26238095,2.565217391,6.766666667
06,山形県,11,埼玉県,5,林鉱産品,63.14814815,0,8.296296296,0
06,山形県,12,千葉県,5,林鉱産品,74.38592391,0.026875,3.375,0
06,山形県,13,東京都,5,林鉱産品,36.66666667,15.46875,0,0
07,福島県,08,茨城県,5,林鉱産品,698.5186529,413.6029944,31.15882353,20.37875458
07,福島県,11,埼玉県,5,林鉱産品,263.4024966,308.6726316,47.02990295,34.60526316
07,福島県,12,千葉県,5,林鉱産品,71,134.415,0,13.05
07,福島県,13,東京都,5,林鉱産品,232.9164681,133.3333333,3.935483871,10
07,福島県,14,神奈川県,5,林鉱産品,67.45083333,0.4,0,0
08,茨城県,01,北海道,5,林鉱産品,174.1492639,82.07082941,23.75972985,13.20941177
08,茨城県,02,青森県,5,林鉱産品,48.32124354,0,4.114583333,0
08,茨城県,03,岩手県,5,林鉱産品,36.70534,4.71128,3.75,0
08,茨城県,04,宮城県,5,林鉱産品,102.8175089,23.84807692,9.986813187,4.503846154
08,茨城県,05,秋田県,5,林鉱産品,56.0649399,48.33948694,8.229166667,15.36734694
08,茨城県,06,山形県,5,林鉱産品,14.26238095,36.69231884,6.766666667,2.565217391
08,茨城県,07,福島県,5,林鉱産品,413.6029944,698.5186529,20.37875458,31.15882353
08,茨城県,08,茨城県,5,林鉱産品,40824.93961,40824.93961,2107.087343,2107.087343
08,茨城県,09,栃木県,5,林鉱産品,1141.630122,2640.292254,90.16333141,159.6181406
08,茨城県,10,群馬県,5,林鉱産品,345.5999302,395.1267593,14.51293498,8.7
08,茨城県,11,埼玉県,5,林鉱産品,955.5915235,2465.134371,76.39619171,224.0743619
08,茨城県,12,千葉県,5,林鉱産品,4999.206008,953.5062622,349.749273,47.26150381
08,茨城県,13,東京都,5,林鉱産品,1177.841619,176.5007865,105.4726631,67.58614865
08,茨城県,14,神奈川県,5,林鉱産品,506.4706321,528.5100466,22.82886905,12.47903226
08,茨城県,15,新潟県,5,林鉱産品,288.9627944,4.104347826,65,0
08,茨城県,16,富山県,5,林鉱産品,0,0.38,0,3.8
08,茨城県,17,石川県,5,林鉱産品,0,54.3125,0,4.114583333
08,茨城県,18,福井県,5,林鉱産品,7.495714286,0,0,0
08,茨城県,19,山梨県,5,林鉱産品,11.27983517,15.39130435,0,0
08,茨城県,20,長野県,5,林鉱産品,76.5087993,0.769565217,7.30139652,0
08,茨城県,21,岐阜県,5,林鉱産品,0,12.576,0,4.807692308
08,茨城県,22,静岡県,5,林鉱産品,244.3178964,5.506575652,0,2.565217391
08,茨城県,23,愛知県,5,林鉱産品,196.1041994,31.3184087,2.403846154,3
08,茨城県,24,三重県,5,林鉱産品,0,0.897826087,0,0
08,茨城県,25,滋賀県,5,林鉱産品,0,2.693478261,0,0
08,茨城県,26,京都府,5,林鉱産品,13.95428571,0.949130435,0,0
08,茨城県,27,大阪府,5,林鉱産品,18.12089796,37.72618506,0,9.466911765
08,茨城県,28,兵庫県,5,林鉱産品,0,5.256671869,0,7.63359346
08,茨城県,29,奈良県,5,林鉱産品,0,3.9,0,3
08,茨城県,30,和歌山県,5,林鉱産品,20.03571429,2.4,0,3
08,茨城県,33,岡山県,5,林鉱産品,90.98571429,0,0,0
08,茨城県,35,山口県,5,林鉱産品,117.1641791,0,9.373134328,0
08,茨城県,36,徳島県,5,林鉱産品,0,1.282608696,0,0
08,茨城県,40,福岡県,5,林鉱産品,18.10204082,0,0,0
08,茨城県,41,佐賀県,5,林鉱産品,0,0,0,3.58
08,茨城県,43,熊本県,5,林鉱産品,0,64.16792,0,0
08,茨城県,44,大分県,5,林鉱産品,0,1200,0,0
08,茨城県,45,宮崎県,5,林鉱産品,0,28.32496,0,0
08,茨城県,46,鹿児島県,5,林鉱産品,0,1500,0,0
08,茨城県,47,沖縄県,5,林鉱産品,0,0.03875,0,1.9375
08,茨城県,93,海外,5,林鉱産品,0,8005.960623,0,18.64812755
08,茨城県,99,全て不明,5,林鉱産品,978.6161539,0,127.4725275,0
09,栃木県,08,茨城県,5,林鉱産品,2640.292254,1141.630122,159.6181406,90.16333141
09,栃木県,11,埼玉県,5,林鉱産品,5349.627722,197.9044682,379.6264166,62.78577753
09,栃木県,12,千葉県,5,林鉱産品,5472.64037,867.4860742,169.109375,15.53
09,栃木県,13,東京都,5,林鉱産品,3601.533233,272.4703371,0,33.32589286
09,栃木県,14,神奈川県,5,林鉱産品,3.6,63.72981427,0,0
10,群馬県,08,茨城県,5,林鉱産品,395.1267593,345.5999302,8.7,14.51293498
10,群馬県,11,埼玉県,5,林鉱産品,3280.698385,7213.191436,357.047459,816.9513301
10,群馬県,12,千葉県,5,林鉱産品,0,442.415233,0,8.285483871
10,群馬県,13,東京都,5,林鉱産品,1.988181818,267,0,17.8
10,群馬県,14,神奈川県,5,林鉱産品,116.6708065,6.6,0,0
11,埼玉県,01,北海道,5,林鉱産品,184.034965,226.5218568,25.58158508,31.56594794
11,埼玉県,02,青森県,5,林鉱産品,51.04761905,99.72185185,12.76190476,19.70185185
11,埼玉県,03,岩手県,5,林鉱産品,0,100.45,0,13.66666667
11,埼玉県,04,宮城県,5,林鉱産品,77.76794872,123.1960784,8.593589744,22.63921569
11,埼玉県,05,秋田県,5,林鉱産品,0,254.6171331,0,32.86235657
11,埼玉県,06,山形県,5,林鉱産品,0,63.14814815,0,8.296296296
11,埼玉県,07,福島県,5,林鉱産品,308.6726316,263.4024966,34.60526316,47.02990295
11,埼玉県,08,茨城県,5,林鉱産品,2465.134371,955.5915235,224.0743619,76.39619171
11,埼玉県,09,栃木県,5,林鉱産品,197.9044682,5349.627722,62.78577753,379.6264166
11,埼玉県,10,群馬県,5,林鉱産品,7213.191436,3280.698385,816.9513301,357.047459
11,埼玉県,11,埼玉県,5,林鉱産品,43023.4353,43023.4353,4926.024518,4926.024518
11,埼玉県,12,千葉県,5,林鉱産品,1753.800335,620.565263,578.8182292,74.51204023
11,埼玉県,13,東京都,5,林鉱産品,14992.80676,5989.051378,1693.143526,187.4051903
11,埼玉県,14,神奈川県,5,林鉱産品,3232.673172,1551.750841,227.8166873,56.93783626
11,埼玉県,15,新潟県,5,林鉱産品,179.8814284,35.61111111,36.00967953,11.22222222
11,埼玉県,16,富山県,5,林鉱産品,0,15.38166667,0,6.833333333
11,埼玉県,17,石川県,5,林鉱産品,21.21794872,0,4.243589744,0
11,埼玉県,19,山梨県,5,林鉱産品,185.4059567,44.11186033,68.68921776,17.84587598
11,埼玉県,20,長野県,5,林鉱産品,43.73886364,28.54418605,11.1969697,10.64806202
11,埼玉県,21,岐阜県,5,林鉱産品,273.5580975,0.689342105,9.118603251,4.078947368
11,埼玉県,22,静岡県,5,林鉱産品,279.9558669,101.3853909,41.36515742,38.29982705
11,埼玉県,23,愛知県,5,林鉱産品,164.6692809,127.9044444,8.998556631,28.19152047
11,埼玉県,24,三重県,5,林鉱産品,0,135.5082946,0,23.0495356
11,埼玉県,25,滋賀県,5,林鉱産品,0,0.048947368,0,4.078947368
11,埼玉県,26,京都府,5,林鉱産品,0.1025,0,6.833333333,0
11,埼玉県,27,大阪府,5,林鉱産品,13.03826923,88.11011389,11.07692308,27.32689567
11,埼玉県,28,兵庫県,5,林鉱産品,26.13473973,157.0796221,11.74509804,13.24137931
11,埼玉県,29,奈良県,5,林鉱産品,0,7.612412281,0,10.9122807
11,埼玉県,33,岡山県,5,林鉱産品,0,62.94947398,0,15.66724759
11,埼玉県,34,広島県,5,林鉱産品,21.21794872,8.047058824,4.243589744,18.97058824
11,埼玉県,37,香川県,5,林鉱産品,33.94871795,0,4.243589744,0
11,埼玉県,38,愛媛県,5,林鉱産品,33.94871795,0,4.243589744,0
11,埼玉県,39,高知県,5,林鉱産品,0,9.867647059,0,18.97058824
11,埼玉県,40,福岡県,5,林鉱産品,13.6199359,0,17.91025641,0
11,埼玉県,44,大分県,5,林鉱産品,0,0,0,0
11,埼玉県,45,宮崎県,5,林鉱産品,0,6.833333333,0,6.833333333
11,埼玉県,90,全国,5,林鉱産品,16.66666667,0,8.333333333,0
11,埼玉県,92,東北,5,林鉱産品,35,0,0,0
11,埼玉県,93,海外,5,林鉱産品,43.63636364,1506.558026,4.363636364,92.26089376
11,埼玉県,99,全て不明,5,林鉱産品,7.308830022,110.2337801,30.60816777,119.9494376
12,千葉県,01,北海道,5,林鉱産品,0.134375,185,0,0
12,千葉県,02,青森県,5,林鉱産品,0,89.33333333,0,0
12,千葉県,03,岩手県,5,林鉱産品,0,194.233,0,0
12,千葉県,04,宮城県,5,林鉱産品,0.684,275.9,13.68,0
12,千葉県,05,秋田県,5,林鉱産品,0,178.2981482,0,0
12,千葉県,06,山形県,5,林鉱産品,0.026875,74.38592391,0,3.375
12,千葉県,07,福島県,5,林鉱産品,134.415,71,13.05,0
12,千葉県,08,茨城県,5,林鉱産品,953.5062622,4999.206008,47.26150381,349.749273
12,千葉県,09,栃木県,5,林鉱産品,867.4860742,5472.64037,15.53,169.109375
12,千葉県,10,群馬県,5,林鉱産品,442.415233,0,8.285483871,0
12,千葉県,11,埼玉県,5,林鉱産品,620.565263,1753.800335,74.51204023,578.8182292
12,千葉県,12,千葉県,5,林鉱産品,16690.25658,16690.25658,1228.119882,1228.119882
12,千葉県,13,東京都,5,林鉱産品,2434.135781,1341.136358,156.9876812,18.32432432
12,千葉県,14,神奈川県,5,林鉱産品,427.8252835,837.2314698,47.8362069,2.045454546
12,千葉県,15,新潟県,5,林鉱産品,0,19.75,0,0
12,千葉県,16,富山県,5,林鉱産品,0.684,0.326666667,13.68,0
12,千葉県,18,福井県,5,林鉱産品,0,0.03375,0,3.375
12,千葉県,19,山梨県,5,林鉱産品,15.67958333,39.77272727,6.466666667,0
12,千葉県,20,長野県,5,林鉱産品,0,40,0,0
12,千葉県,21,岐阜県,5,林鉱産品,24.55125,2.4765625,3.833333333,0
12,千葉県,22,静岡県,5,林鉱産品,95.95587478,26.66666667,29.93619369,0
12,千葉県,23,愛知県,5,林鉱産品,7703.333667,0.780128205,27.36,0
12,千葉県,24,三重県,5,林鉱産品,0.05375,224.4,0,0
12,千葉県,25,滋賀県,5,林鉱産品,0,49.375,0,0
12,千葉県,27,大阪府,5,林鉱産品,178.0845833,11.70166667,7.666666667,0
12,千葉県,28,兵庫県,5,林鉱産品,0.8,8.888888889,0,0
12,千葉県,29,奈良県,5,林鉱産品,0,34.66666667,0,0
12,千葉県,31,鳥取県,5,林鉱産品,0,41,0,0
12,千葉県,32,島根県,5,林鉱産品,0,12.44444444,0,0
12,千葉県,33,岡山県,5,林鉱産品,6.71875,217,0,0
12,千葉県,34,広島県,5,林鉱産品,0,0.03375,0,3.375
12,千葉県,35,山口県,5,林鉱産品,0,88,0,0
12,千葉県,36,徳島県,5,林鉱産品,0,53.667,0,0
12,千葉県,38,愛媛県,5,林鉱産品,0.134375,34.66666667,0,0
12,千葉県,39,高知県,5,林鉱産品,0,6045,0,0
12,千葉県,40,福岡県,5,林鉱産品,0.533333333,12.38888889,0,0
12,千葉県,41,佐賀県,5,林鉱産品,0,252,0,0
12,千葉県,92,東北,5,林鉱産品,24.41176471,0.333333333,4.882352941,0
12,千葉県,93,海外,5,林鉱産品,0.766666667,28149.6355,3.833333333,11.83333333
12,千葉県,99,全て不明,5,林鉱産品,0,0,0,0
13,東京都,01,北海道,5,林鉱産品,89.71687653,950.2668205,4.686567164,0
13,東京都,02,青森県,5,林鉱産品,38.671875,2900,38.671875,0
13,東京都,03,岩手県,5,林鉱産品,6.161590909,0,0,0
13,東京都,04,宮城県,5,林鉱産品,0.994090909,0,0,0
13,東京都,06,山形県,5,林鉱産品,15.46875,36.66666667,0,0
13,東京都,07,福島県,5,林鉱産品,133.3333333,232.9164681,10,3.935483871
13,東京都,08,茨城県,5,林鉱産品,176.5007865,1177.841619,67.58614865,105.4726631
13,東京都,09,栃木県,5,林鉱産品,272.4703371,3601.533233,33.32589286,0
13,東京都,10,群馬県,5,林鉱産品,267,1.988181818,17.8,0
13,東京都,11,埼玉県,5,林鉱産品,5989.051378,14992.80676,187.4051903,1693.143526
13,東京都,12,千葉県,5,林鉱産品,1341.136358,2434.135781,18.32432432,156.9876812
13,東京都,13,東京都,5,林鉱産品,54827.48327,54827.48327,6645.286354,6645.286354
13,東京都,14,神奈川県,5,林鉱産品,10442.47911,1241.25969,201.6750184,81.09606523
13,東京都,15,新潟県,5,林鉱産品,0.029418182,0.198818182,0,0
13,東京都,16,富山県,5,林鉱産品,309.375,0,309.375,0
13,東京都,17,石川県,5,林鉱産品,0.066272727,0,0,0
13,東京都,18,福井県,5,林鉱産品,0.0945,34.03069231,0,0
13,東京都,19,山梨県,5,林鉱産品,347.7852268,24.64586422,0,0
13,東京都,20,長野県,5,林鉱産品,15.5,0,0,0
13,東京都,21,岐阜県,5,林鉱産品,15.46875,0,15.46875,0
13,東京都,22,静岡県,5,林鉱産品,191.7681329,0,4.064516129,0
13,東京都,23,愛知県,5,林鉱産品,2.684465909,48.70821678,7.734375,0
13,東京都,24,三重県,5,林鉱産品,0,466.6666667,0,0
13,東京都,25,滋賀県,5,林鉱産品,0,7.333333333,0,0
13,東京都,26,京都府,5,林鉱産品,0.121428571,0,0,0
13,東京都,27,大阪府,5,林鉱産品,37.38540879,68.25929371,0,0
13,東京都,34,広島県,5,林鉱産品,0.393663636,0,0,0
13,東京都,35,山口県,5,林鉱産品,38.671875,0,38.671875,0
13,東京都,37,香川県,5,林鉱産品,0,1.659090909,0,0
13,東京都,39,高知県,5,林鉱産品,0,2333.333333,0,0
13,東京都,40,福岡県,5,林鉱産品,0.994090909,0,0,0
13,東京都,43,熊本県,5,林鉱産品,0.331363636,0,0,0
13,東京都,44,大分県,5,林鉱産品,0,2879.978,0,0
13,東京都,45,宮崎県,5,林鉱産品,15.46875,0,15.46875,0
13,東京都,46,鹿児島県,5,林鉱産品,10,0,0,0
13,東京都,47,沖縄県,5,林鉱産品,0.066272727,0,0,0
13,東京都,90,全国,5,林鉱産品,206.9468182,715.942,0,0
13,東京都,93,海外,5,林鉱産品,147.7777778,3809.132617,0,105.5555556
13,東京都,99,全て不明,5,林鉱産品,0,626.96875,0,0
14,神奈川県,01,北海道,5,林鉱産品,0.258120805,332.9623656,0,0
14,神奈川県,03,岩手県,5,林鉱産品,0.1,0,0,0
14,神奈川県,04,宮城県,5,林鉱産品,0,11.66666667,0,0
14,神奈川県,05,秋田県,5,林鉱産品,0,1,0,0
14,神奈川県,07,福島県,5,林鉱産品,0.4,67.45083333,0,0
14,神奈川県,08,茨城県,5,林鉱産品,528.5100466,506.4706321,12.47903226,22.82886905
14,神奈川県,09,栃木県,5,林鉱産品,63.72981427,3.6,0,0
14,神奈川県,10,群馬県,5,林鉱産品,6.6,116.6708065,0,0
14,神奈川県,11,埼玉県,5,林鉱産品,1551.750841,3232.673172,56.93783626,227.8166873
14,神奈川県,12,千葉県,5,林鉱産品,837.2314698,427.8252835,2.045454546,47.8362069
14,神奈川県,13,東京都,5,林鉱産品,1241.25969,10442.47911,81.09606523,201.6750184
14,神奈川県,14,神奈川県,5,林鉱産品,19093.15027,19093.15027,1324.865729,1324.865729
14,神奈川県,15,新潟県,5,林鉱産品,119.0666667,58.53658537,5.933333333,0
14,神奈川県,17,石川県,5,林鉱産品,0.414285714,0,0,0
14,神奈川県,19,山梨県,5,林鉱産品,1.885714286,2956.174939,0,42.88135593
14,神奈川県,20,長野県,5,林鉱産品,5.623655914,6.810810811,0,0
14,神奈川県,21,岐阜県,5,林鉱産品,0.1,45.55,0,0
14,神奈川県,22,静岡県,5,林鉱産品,1529.108739,139.502711,81.29032258,0
14,神奈川県,23,愛知県,5,林鉱産品,1.315474817,62.43823529,0,3.058823529
14,神奈川県,24,三重県,5,林鉱産品,0.103333333,0,0,0
14,神奈川県,25,滋賀県,5,林鉱産品,53.33333333,0,0,0
14,神奈川県,27,大阪府,5,林鉱産品,35.02283523,1.5,0,0
14,神奈川県,28,兵庫県,5,林鉱産品,0.040864865,0,0,0
14,神奈川県,32,島根県,5,林鉱産品,0,0.005285714,0,0
14,神奈川県,33,岡山県,5,林鉱産品,0.313297297,11.66666667,0,0
14,神奈川県,34,広島県,5,林鉱産品,0,46.82926829,0,0
14,神奈川県,39,高知県,5,林鉱産品,0,7000,0,0
14,神奈川県,41,佐賀県,5,林鉱産品,0,11.66666667,0,0
14,神奈川県,43,熊本県,5,林鉱産品,1.307675676,0,0,0
14,神奈川県,46,鹿児島県,5,林鉱産品,0,35,0,0
14,神奈川県,90,全国,5,林鉱産品,478.351262,16.2091177,20.32258065,0
14,神奈川県,93,海外,5,林鉱産品,83.90243902,2831.597352,0,25.63636364
14,神奈川県,99,全て不明,5,林鉱産品,0,100.6815592,0,0
15,新潟県,08,茨城県,5,林鉱産品,4.104347826,288.9627944,0,65
15,新潟県,11,埼玉県,5,林鉱産品,35.61111111,179.8814284,11.22222222,36.00967953
15,新潟県,12,千葉県,5,林鉱産品,19.75,0,0,0
15,新潟県,13,東京都,5,林鉱産品,0.198818182,0.029418182,0,0
15,新潟県,14,神奈川県,5,林鉱産品,58.53658537,119.0666667,0,5.933333333
16,富山県,08,茨城県,5,林鉱産品,0.38,0,3.8,0
16,富山県,11,埼玉県,5,林鉱産品,15.38166667,0,6.833333333,0
16,富山県,12,千葉県,5,林鉱産品,0.326666667,0.684,0,13.68
16,富山県,13,東京都,5,林鉱産品,0,309.375,0,309.375
17,石川県,08,茨城県,5,林鉱産品,54.3125,0,4.114583333,0
17,石川県,11,埼玉県,5,林鉱産品,0,21.21794872,0,4.243589744
17,石川県,13,東京都,5,林鉱産品,0,0.066272727,0,0
17,石川県,14,神奈川県,5,林鉱産品,0,0.414285714,0,0
18,福井県,08,茨城県,5,林鉱産品,0,7.495714286,0,0
18,福井県,12,千葉県,5,林鉱産品,0.03375,0,3.375,0
18,福井県,13,東京都,5,林鉱産品,34.03069231,0.0945,0,0
19,山梨県,08,茨城県,5,林鉱産品,15.39130435,11.27983517,0,0
19,山梨県,11,埼玉県,5,林鉱産品,44.11186033,185.4059567,17.84587598,68.68921776
19,山梨県,12,千葉県,5,林鉱産品,39.77272727,15.67958333,0,6.466666667
19,山梨県,13,東京都,5,林鉱産品,24.64586422,347.7852268,0,0
19,山梨県,14,神奈川県,5,林鉱産品,2956.174939,1.885714286,42.88135593,0
20,長野県,08,茨城県,5,林鉱産品,0.769565217,76.5087993,0,7.30139652
20,長野県,11,埼玉県,5,林鉱産品,28.54418605,43.73886364,10.64806202,11.1969697
20,長野県,12,千葉県,5,林鉱産品,40,0,0,0
20,長野県,13,東京都,5,林鉱産品,0,15.5,0,0
20,長野県,14,神奈川県,5,林鉱産品,6.810810811,5.623655914,0,0
21,岐阜県,08,茨城県,5,林鉱産品,12.576,0,4.807692308,0
21,岐阜県,11,埼玉県,5,林鉱産品,0.689342105,273.5580975,4.078947368,9.118603251
21,岐阜県,12,千葉県,5,林鉱産品,2.4765625,24.55125,0,3.833333333
21,岐阜県,13,東京都,5,林鉱産品,0,15.46875,0,15.46875
21,岐阜県,14,神奈川県,5,林鉱産品,45.55,0.1,0,0
22,静岡県,08,茨城県,5,林鉱産品,5.506575652,244.3178964,2.565217391,0
22,静岡県,11,埼玉県,5,林鉱産品,101.3853909,279.9558669,38.29982705,41.36515742
22,静岡県,12,千葉県,5,林鉱産品,26.66666667,95.95587478,0,29.93619369
22,静岡県,13,東京都,5,林鉱産品,0,191.7681329,0,4.064516129
22,静岡県,14,神奈川県,5,林鉱産品,139.502711,1529.108739,0,81.29032258
23,愛知県,08,茨城県,5,林鉱産品,31.3184087,196.1041994,3,2.403846154
23,愛知県,11,埼玉県,5,林鉱産品,127.9044444,164.6692809,28.19152047,8.998556631
23,愛知県,12,千葉県,5,林鉱産品,0.780128205,7703.333667,0,27.36
23,愛知県,13,東京都,5,林鉱産品,48.70821678,2.684465909,0,7.734375
23,愛知県,14,神奈川県,5,林鉱産品,62.43823529,1.315474817,3.058823529,0
24,三重県,08,茨城県,5,林鉱産品,0.897826087,0,0,0
24,三重県,11,埼玉県,5,林鉱産品,135.5082946,0,23.0495356,0
24,三重県,12,千葉県,5,林鉱産品,224.4,0.05375,0,0
24,三重県,13,東京都,5,林鉱産品,466.6666667,0,0,0
24,三重県,14,神奈川県,5,林鉱産品,0,0.103333333,0,0
25,滋賀県,08,茨城県,5,林鉱産品,2.693478261,0,0,0
25,滋賀県,11,埼玉県,5,林鉱産品,0.048947368,0,4.078947368,0
25,滋賀県,12,千葉県,5,林鉱産品,49.375,0,0,0
25,滋賀県,13,東京都,5,林鉱産品,7.333333333,0,0,0
25,滋賀県,14,神奈川県,5,林鉱産品,0,53.33333333,0,0
26,京都府,08,茨城県,5,林鉱産品,0.949130435,13.95428571,0,0
26,京都府,11,埼玉県,5,林鉱産品,0,0.1025,0,6.833333333
26,京都府,13,東京都,5,林鉱産品,0,0.121428571,0,0
27,大阪府,08,茨城県,5,林鉱産品,37.72618506,18.12089796,9.466911765,0
27,大阪府,11,埼玉県,5,林鉱産品,88.11011389,13.03826923,27.32689567,11.07692308
27,大阪府,12,千葉県,5,林鉱産品,11.70166667,178.0845833,0,7.666666667
27,大阪府,13,東京都,5,林鉱産品,68.25929371,37.38540879,0,0
27,大阪府,14,神奈川県,5,林鉱産品,1.5,35.02283523,0,0
28,兵庫県,08,茨城県,5,林鉱産品,5.256671869,0,7.63359346,0
28,兵庫県,11,埼玉県,5,林鉱産品,157.0796221,26.13473973,13.24137931,11.74509804
28,兵庫県,12,千葉県,5,林鉱産品,8.888888889,0.8,0,0
28,兵庫県,14,神奈川県,5,林鉱産品,0,0.040864865,0,0
29,奈良県,08,茨城県,5,林鉱産品,3.9,0,3,0
29,奈良県,11,埼玉県,5,林鉱産品,7.612412281,0,10.9122807,0
29,奈良県,12,千葉県,5,林鉱産品,34.66666667,0,0,0
30,和歌山県,08,茨城県,5,林鉱産品,2.4,20.03571429,3,0
31,鳥取県,12,千葉県,5,林鉱産品,41,0,0,0
32,島根県,12,千葉県,5,林鉱産品,12.44444444,0,0,0
32,島根県,14,神奈川県,5,林鉱産品,0.005285714,0,0,0
33,岡山県,08,茨城県,5,林鉱産品,0,90.98571429,0,0
33,岡山県,11,埼玉県,5,林鉱産品,62.94947398,0,15.66724759,0
33,岡山県,12,千葉県,5,林鉱産品,217,6.71875,0,0
33,岡山県,14,神奈川県,5,林鉱産品,11.66666667,0.313297297,0,0
34,広島県,11,埼玉県,5,林鉱産品,8.047058824,21.21794872,18.97058824,4.243589744
34,広島県,12,千葉県,5,林鉱産品,0.03375,0,3.375,0
34,広島県,13,東京都,5,林鉱産品,0,0.393663636,0,0
34,広島県,14,神奈川県,5,林鉱産品,46.82926829,0,0,0
35,山口県,08,茨城県,5,林鉱産品,0,117.1641791,0,9.373134328
35,山口県,12,千葉県,5,林鉱産品,88,0,0,0
35,山口県,13,東京都,5,林鉱産品,0,38.671875,0,38.671875
36,徳島県,08,茨城県,5,林鉱産品,1.282608696,0,0,0
36,徳島県,12,千葉県,5,林鉱産品,53.667,0,0,0
37,香川県,11,埼玉県,5,林鉱産品,0,33.94871795,0,4.243589744
37,香川県,13,東京都,5,林鉱産品,1.659090909,0,0,0
38,愛媛県,11,埼玉県,5,林鉱産品,0,33.94871795,0,4.243589744
38,愛媛県,12,千葉県,5,林鉱産品,34.66666667,0.134375,0,0
39,高知県,11,埼玉県,5,林鉱産品,9.867647059,0,18.97058824,0
39,高知県,12,千葉県,5,林鉱産品,6045,0,0,0
39,高知県,13,東京都,5,林鉱産品,2333.333333,0,0,0
39,高知県,14,神奈川県,5,林鉱産品,7000,0,0,0
40,福岡県,08,茨城県,5,林鉱産品,0,18.10204082,0,0
40,福岡県,11,埼玉県,5,林鉱産品,0,13.6199359,0,17.91025641
40,福岡県,12,千葉県,5,林鉱産品,12.38888889,0.533333333,0,0
40,福岡県,13,東京都,5,林鉱産品,0,0.994090909,0,0
41,佐賀県,08,茨城県,5,林鉱産品,0,0,3.58,0
41,佐賀県,12,千葉県,5,林鉱産品,252,0,0,0
41,佐賀県,14,神奈川県,5,林鉱産品,11.66666667,0,0,0
43,熊本県,08,茨城県,5,林鉱産品,64.16792,0,0,0
43,熊本県,13,東京都,5,林鉱産品,0,0.331363636,0,0
43,熊本県,14,神奈川県,5,林鉱産品,0,1.307675676,0,0
44,大分県,08,茨城県,5,林鉱産品,1200,0,0,0
44,大分県,11,埼玉県,5,林鉱産品,0,0,0,0
44,大分県,13,東京都,5,林鉱産品,2879.978,0,0,0
45,宮崎県,08,茨城県,5,林鉱産品,28.32496,0,0,0
45,宮崎県,11,埼玉県,5,林鉱産品,6.833333333,0,6.833333333,0
45,宮崎県,13,東京都,5,林鉱産品,0,15.46875,0,15.46875
46,鹿児島県,08,茨城県,5,林鉱産品,1500,0,0,0
46,鹿児島県,13,東京都,5,林鉱産品,0,10,0,0
46,鹿児島県,14,神奈川県,5,林鉱産品,35,0,0,0
47,沖縄県,08,茨城県,5,林鉱産品,0.03875,0,1.9375,0
47,沖縄県,13,東京都,5,林鉱産品,0,0.066272727,0,0
90,全国,11,埼玉県,5,林鉱産品,0,16.66666667,0,8.333333333
90,全国,13,東京都,5,林鉱産品,715.942,206.9468182,0,0
90,全国,14,神奈川県,5,林鉱産品,16.2091177,478.351262,0,20.32258065
92,東北,11,埼玉県,5,林鉱産品,0,35,0,0
92,東北,12,千葉県,5,林鉱産品,0.333333333,24.41176471,0,4.882352941
93,海外,08,茨城県,5,林鉱産品,8005.960623,0,18.64812755,0
93,海外,11,埼玉県,5,林鉱産品,1506.558026,43.63636364,92.26089376,4.363636364
93,海外,12,千葉県,5,林鉱産品,28149.6355,0.766666667,11.83333333,3.833333333
93,海外,13,東京都,5,林鉱産品,3809.132617,147.7777778,105.5555556,0
93,海外,14,神奈川県,5,林鉱産品,2831.597352,83.90243902,25.63636364,0
99,全て不明,08,茨城県,5,林鉱産品,0,978.6161539,0,127.4725275
99,全て不明,11,埼玉県,5,林鉱産品,110.2337801,7.308830022,119.9494376,30.60816777
99,全て不明,12,千葉県,5,林鉱産品,0,0,0,0
99,全て不明,13,東京都,5,林鉱産品,626.96875,0,0,0
99,全て不明,14,神奈川県,5,林鉱産品,100.6815592,0,0,0
01,北海道,08,茨城県,6,金属工業品,357.9908793,154.6139167,6.430555556,15.31869548
01,北海道,11,埼玉県,6,金属工業品,0,20.82270093,0,48.9981766
01,北海道,12,千葉県,6,金属工業品,3040.3,548.638468,3,4
01,北海道,13,東京都,6,金属工業品,1106.885505,5.042785207,0,128
01,北海道,14,神奈川県,6,金属工業品,23.68244538,192.8427527,0,4.686567164
02,青森県,08,茨城県,6,金属工業品,4.444444444,17.99951348,2.555555556,13.57347518
02,青森県,11,埼玉県,6,金属工業品,3.36,80.94095681,4.2,27.47425249
02,青森県,12,千葉県,6,金属工業品,0,265.3773329,0,10.68169761
02,青森県,13,東京都,6,金属工業品,3.930136986,12.74267792,0,28
02,青森県,14,神奈川県,6,金属工業品,0.511847176,6.084461931,0,0
03,岩手県,08,茨城県,6,金属工業品,3.565541063,415.2056257,2.555555556,33.125
03,岩手県,11,埼玉県,6,金属工業品,53.96464906,36.88239635,36.44775902,122.2917389
03,岩手県,12,千葉県,6,金属工業品,28.42102564,618.6858326,0,23.66346154
03,岩手県,13,東京都,6,金属工業品,1.393060629,52.90072902,6.179104478,24
03,岩手県,14,神奈川県,6,金属工業品,4.756266049,81.7655456,0,0
04,宮城県,08,茨城県,6,金属工業品,568.5697019,955.2499213,73.80455651,72.2610701
04,宮城県,11,埼玉県,6,金属工業品,2098.977943,297.4817593,163.6560264,116.4969552
04,宮城県,12,千葉県,6,金属工業品,271.2833319,1524.940888,8.625,47.9173364
04,宮城県,13,東京都,6,金属工業品,0.687212699,307.1202499,0,72.65786479
04,宮城県,14,神奈川県,6,金属工業品,148.4614605,594.7324856,0,8.299003322
05,秋田県,08,茨城県,6,金属工業品,35.9023111,202.0363442,6.012025902,36.19405838
05,秋田県,11,埼玉県,6,金属工業品,48.87948635,17.56366472,29.23897214,33.40353901
05,秋田県,12,千葉県,6,金属工業品,0.502166667,127.260645,0,6
05,秋田県,13,東京都,6,金属工業品,93.69486418,61.01412465,0,29.13612565
05,秋田県,14,神奈川県,6,金属工業品,91.3562341,53.51273417,0,0
06,山形県,08,茨城県,6,金属工業品,87.43347585,539.6451856,5.555555556,40.57802538
06,山形県,11,埼玉県,6,金属工業品,8.193797528,300.6521288,43.57411637,100.1627029
06,山形県,12,千葉県,6,金属工業品,167.3953314,609.5142018,0,32
06,山形県,13,東京都,6,金属工業品,33.30866032,15.48293456,0,39.55555556
06,山形県,14,神奈川県,6,金属工業品,2.556653434,171.7596582,5.238095238,12.43023055
07,福島県,08,茨城県,6,金属工業品,797.7982887,2875.177101,85.60606852,247.7903995
07,福島県,11,埼玉県,6,金属工業品,123.9937539,1121.64926,167.9662835,268.9019135
07,福島県,12,千葉県,6,金属工業品,141.1574228,2857.40038,6.304347826,105.325937
07,福島県,13,東京都,6,金属工業品,56.37718514,321.9919952,0,96.95430747
07,福島県,14,神奈川県,6,金属工業品,293.386044,936.7241715,0,28.90928679
08,茨城県,01,北海道,6,金属工業品,154.6139167,357.9908793,15.31869548,6.430555556
08,茨城県,02,青森県,6,金属工業品,17.99951348,4.444444444,13.57347518,2.555555556
08,茨城県,03,岩手県,6,金属工業品,415.2056257,3.565541063,33.125,2.555555556
08,茨城県,04,宮城県,6,金属工業品,955.2499213,568.5697019,72.2610701,73.80455651
08,茨城県,05,秋田県,6,金属工業品,202.0363442,35.9023111,36.19405838,6.012025902
08,茨城県,06,山形県,6,金属工業品,539.6451856,87.43347585,40.57802538,5.555555556
08,茨城県,07,福島県,6,金属工業品,2875.177101,797.7982887,247.7903995,85.60606852
08,茨城県,08,茨城県,6,金属工業品,18246.43234,18246.43234,2873.72067,2873.72067
08,茨城県,09,栃木県,6,金属工業品,3797.384395,16803.77268,476.9765604,1064.49017
08,茨城県,10,群馬県,6,金属工業品,3566.908579,399.5197535,135.2451801,90.81568458
08,茨城県,11,埼玉県,6,金属工業品,5173.029515,3853.4716,753.2629089,1053.021208
08,茨城県,12,千葉県,6,金属工業品,14225.97886,27660.25119,807.5485737,1922.060092
08,茨城県,13,東京都,6,金属工業品,5698.19687,3587.429777,1064.87279,621.9205818
08,茨城県,14,神奈川県,6,金属工業品,4039.098668,2166.588482,761.4738546,77.68608484
08,茨城県,15,新潟県,6,金属工業品,759.2890175,127.9571464,45.05964455,34.10049986
08,茨城県,16,富山県,6,金属工業品,428.8622795,258.7896348,15.79686197,37.79471379
08,茨城県,17,石川県,6,金属工業品,171.3390602,31.86052137,12.28846154,10.74786325
08,茨城県,18,福井県,6,金属工業品,100.059395,2189.867087,29.22481999,164.9745839
08,茨城県,19,山梨県,6,金属工業品,843.5897933,0.657747672,86.12963256,25.56521739
08,茨城県,20,長野県,6,金属工業品,799.2723641,110.3661134,88.67300703,62.06427883
08,茨城県,21,岐阜県,6,金属工業品,386.6523646,450.8831834,31.2643323,38.23880476
08,茨城県,22,静岡県,6,金属工業品,989.6618696,223.1635943,101.6088183,31.22771505
08,茨城県,23,愛知県,6,金属工業品,871.9872804,308.5304468,89.87406566,41.47553852
08,茨城県,24,三重県,6,金属工業品,48.50573355,33.75959015,19.97453076,15.43291962
08,茨城県,25,滋賀県,6,金属工業品,413.5656768,83.31712851,7.893617021,11.73611111
08,茨城県,26,京都府,6,金属工業品,93.32942959,8.50033107,36.66783704,19.46176578
08,茨城県,27,大阪府,6,金属工業品,1082.990837,670.2410488,138.0382257,143.1427113
08,茨城県,28,兵庫県,6,金属工業品,219.2066177,232.3342279,21.85431442,49.04975605
08,茨城県,29,奈良県,6,金属工業品,30.39502359,20.68452906,10.07180851,9.651709402
08,茨城県,30,和歌山県,6,金属工業品,211.72,179.1311961,0,2.555555556
08,茨城県,31,鳥取県,6,金属工業品,0,0.063888889,0,2.555555556
08,茨城県,32,島根県,6,金属工業品,0,0.646555556,0,2.555555556
08,茨城県,33,岡山県,6,金属工業品,78.70912899,26.16911111,10.4669698,7.666666667
08,茨城県,34,広島県,6,金属工業品,32.32916291,0.398655479,18.1361018,5.596651446
08,茨城県,35,山口県,6,金属工業品,1.245957279,4.254062802,5.914942529,7.120772947
08,茨城県,36,徳島県,6,金属工業品,6.606411348,29.25122989,7.780141844,2.555555556
08,茨城県,37,香川県,6,金属工業品,51.1722852,3.284210526,7.263888889,32.84210526
08,茨城県,38,愛媛県,6,金属工業品,66.11501344,4.142153846,9.342105263,6.651709402
08,茨城県,39,高知県,6,金属工業品,0,0.079222222,0,2.555555556
08,茨城県,40,福岡県,6,金属工業品,323.5454189,5.723635934,27.17995435,12.22222222
08,茨城県,41,佐賀県,6,金属工業品,16.61356383,0.695111111,6.625,2.555555556
08,茨城県,42,長崎県,6,金属工業品,6.669695922,28.21576712,9.9375,8.637747336
08,茨城県,43,熊本県,6,金属工業品,28.59882032,1.140249545,19.14469178,4.409836066
08,茨城県,44,大分県,6,金属工業品,434.5567979,18.24657534,10.32180851,6.082191781
08,茨城県,45,宮崎県,6,金属工業品,46.71052632,0.240222222,13.75194133,2.555555556
08,茨城県,46,鹿児島県,6,金属工業品,30.86885246,0.087542805,8.819672131,2.555555556
08,茨城県,90,全国,6,金属工業品,182.4286686,180.9250986,0,0
08,茨城県,92,東北,6,金属工業品,133.2631579,0,9.342105263,0
08,茨城県,93,海外,6,金属工業品,141.817079,777.5904857,17.33333333,50.13577586
08,茨城県,94,不特定,6,金属工業品,10.8,0,0,0
08,茨城県,99,全て不明,6,金属工業品,27.92748589,0,16.54884933,0
09,栃木県,08,茨城県,6,金属工業品,16803.77268,3797.384395,1064.49017,476.9765604
09,栃木県,11,埼玉県,6,金属工業品,905.5156954,2222.37468,345.3489002,764.6689319
09,栃木県,12,千葉県,6,金属工業品,1254.890637,8486.359097,120.6113095,302.3861627
09,栃木県,13,東京都,6,金属工業品,361.200169,1585.937985,13.11949686,857.1663989
09,栃木県,14,神奈川県,6,金属工業品,1327.019236,2292.406134,3,15.42572944
10,群馬県,08,茨城県,6,金属工業品,399.5197535,3566.908579,90.81568458,135.2451801
10,群馬県,11,埼玉県,6,金属工業品,1621.873701,4269.86194,723.2929983,883.8590212
10,群馬県,12,千葉県,6,金属工業品,1137.833745,9795.352628,187.8187261,442.0792433
10,群馬県,13,東京都,6,金属工業品,499.1450749,3360.877973,41.3024948,1482.98505
10,群馬県,14,神奈川県,6,金属工業品,352.0850405,1204.926975,21.07142857,38.00800915
11,埼玉県,01,北海道,6,金属工業品,20.82270093,0,48.9981766,0
11,埼玉県,02,青森県,6,金属工業品,80.94095681,3.36,27.47425249,4.2
11,埼玉県,03,岩手県,6,金属工業品,36.88239635,53.96464906,122.2917389,36.44775902
11,埼玉県,04,宮城県,6,金属工業品,297.4817593,2098.977943,116.4969552,163.6560264
11,埼玉県,05,秋田県,6,金属工業品,17.56366472,48.87948635,33.40353901,29.23897214
11,埼玉県,06,山形県,6,金属工業品,300.6521288,8.193797528,100.1627029,43.57411637
11,埼玉県,07,福島県,6,金属工業品,1121.64926,123.9937539,268.9019135,167.9662835
11,埼玉県,08,茨城県,6,金属工業品,3853.4716,5173.029515,1053.021208,753.2629089
11,埼玉県,09,栃木県,6,金属工業品,2222.37468,905.5156954,764.6689319,345.3489002
11,埼玉県,10,群馬県,6,金属工業品,4269.86194,1621.873701,883.8590212,723.2929983
11,埼玉県,11,埼玉県,6,金属工業品,12811.55637,12811.55637,7927.235971,7927.235971
11,埼玉県,12,千葉県,6,金属工業品,5496.966506,9504.657354,1125.695446,496.2591762
11,埼玉県,13,東京都,6,金属工業品,3965.981337,3464.228636,2593.456727,1958.886421
11,埼玉県,14,神奈川県,6,金属工業品,4131.186597,3062.369664,1101.835987,167.428492
11,埼玉県,15,新潟県,6,金属工業品,546.2458513,252.8197803,203.9738403,204.6315182
11,埼玉県,16,富山県,6,金属工業品,78.23054662,261.1415182,91.7774359,213.5070827
11,埼玉県,17,石川県,6,金属工業品,2.124583651,31.33914787,12.15982672,22.53275452
11,埼玉県,18,福井県,6,金属工業品,78.97847135,8.719374817,25.54953627,23.11216126
11,埼玉県,19,山梨県,6,金属工業品,358.0676742,104.8898985,143.1591184,46.81823044
11,埼玉県,20,長野県,6,金属工業品,941.9646127,280.1482964,400.4381166,154.2124382
11,埼玉県,21,岐阜県,6,金属工業品,187.1484933,129.5237333,103.8900304,106.038243
11,埼玉県,22,静岡県,6,金属工業品,1012.254379,326.2265756,309.4496264,132.1513224
11,埼玉県,23,愛知県,6,金属工業品,557.6821515,1176.241442,299.1842107,266.6159754
11,埼玉県,24,三重県,6,金属工業品,30.46842328,295.729767,63.86891605,71.4802757
11,埼玉県,25,滋賀県,6,金属工業品,84.73690136,84.33831691,42.23969863,34.35973267
11,埼玉県,26,京都府,6,金属工業品,28.51427914,26.17307244,32.29832657,35.25845163
11,埼玉県,27,大阪府,6,金属工業品,570.0938983,353.2801602,187.7968235,249.9670263
11,埼玉県,28,兵庫県,6,金属工業品,159.2155788,937.0772019,117.0438068,88.94647009
11,埼玉県,29,奈良県,6,金属工業品,36.83938765,1.432163355,20.53521595,4.754966887
11,埼玉県,30,和歌山県,6,金属工業品,43.02025612,12.68041362,22.05462185,34.96234773
11,埼玉県,31,鳥取県,6,金属工業品,1.983872727,2.078571429,0,6.892857143
11,埼玉県,32,島根県,6,金属工業品,82.26966753,54,23.14285714,6
11,埼玉県,33,岡山県,6,金属工業品,38.33036564,125.8112426,56.90180214,44.80937922
11,埼玉県,34,広島県,6,金属工業品,82.88610098,17.34578199,57.91678742,19.74605042
11,埼玉県,35,山口県,6,金属工業品,33.30524868,29.54794444,40.05356604,16.97777778
11,埼玉県,36,徳島県,6,金属工業品,9.30718042,155.0923077,8.443589744,26.74358974
11,埼玉県,37,香川県,6,金属工業品,1.502542424,1.093396226,0,10.93396226
11,埼玉県,38,愛媛県,6,金属工業品,0.56444496,0,16.4943609,0
11,埼玉県,40,福岡県,6,金属工業品,26.56613499,8.839735078,71.90013583,32.86038024
11,埼玉県,41,佐賀県,6,金属工業品,79.71040076,25,13.43028322,2.5
11,埼玉県,42,長崎県,6,金属工業品,10.516867,0,8.518518519,0
11,埼玉県,43,熊本県,6,金属工業品,32.055902,27.72336081,18.77777778,18.91819292
11,埼玉県,44,大分県,6,金属工業品,3.351039366,0,17.53007519,0
11,埼玉県,45,宮崎県,6,金属工業品,0.614080845,0,4.911764706,0
11,埼玉県,46,鹿児島県,6,金属工業品,1.972565801,0,2.714285714,4.842105263
11,埼玉県,47,沖縄県,6,金属工業品,0.82,0,6.833333333,0
11,埼玉県,91,東日本,6,金属工業品,0,13.66666667,0,20.5
11,埼玉県,92,東北,6,金属工業品,124.098,0.759649123,44.72,7.596491228
11,埼玉県,93,海外,6,金属工業品,20.09057944,1873.455274,26.28587714,163.966673
11,埼玉県,94,不特定,6,金属工業品,57.92106838,28.89884615,458.1324786,862.2435897
11,埼玉県,99,全て不明,6,金属工業品,377.1428571,363.5046479,188.5714286,226.9674936
12,千葉県,01,北海道,6,金属工業品,548.638468,3040.3,4,3
12,千葉県,02,青森県,6,金属工業品,265.3773329,0,10.68169761,0
12,千葉県,03,岩手県,6,金属工業品,618.6858326,28.42102564,23.66346154,0
12,千葉県,04,宮城県,6,金属工業品,1524.940888,271.2833319,47.9173364,8.625
12,千葉県,05,秋田県,6,金属工業品,127.260645,0.502166667,6,0
12,千葉県,06,山形県,6,金属工業品,609.5142018,167.3953314,32,0
12,千葉県,07,福島県,6,金属工業品,2857.40038,141.1574228,105.325937,6.304347826
12,千葉県,08,茨城県,6,金属工業品,27660.25119,14225.97886,1922.060092,807.5485737
12,千葉県,09,栃木県,6,金属工業品,8486.359097,1254.890637,302.3861627,120.6113095
12,千葉県,10,群馬県,6,金属工業品,9795.352628,1137.833745,442.0792433,187.8187261
12,千葉県,11,埼玉県,6,金属工業品,9504.657354,5496.966506,496.2591762,1125.695446
12,千葉県,12,千葉県,6,金属工業品,72285.57108,72285.57108,3823.701491,3823.701491
12,千葉県,13,東京都,6,金属工業品,10761.1529,5858.021079,997.594484,1971.277113
12,千葉県,14,神奈川県,6,金属工業品,43708.91353,12172.07778,440.6061505,288.1054674
12,千葉県,15,新潟県,6,金属工業品,2153.958749,274.2880029,59.93421053,46.60354426
12,千葉県,16,富山県,6,金属工業品,199.2557326,89.49717582,4.5625,0
12,千葉県,17,石川県,6,金属工業品,295.7552188,1.6,9.692307692,0
12,千葉県,18,福井県,6,金属工業品,27.69817669,36.93874005,0,3
12,千葉県,19,山梨県,6,金属工業品,909.5700026,2.416491587,79.26398418,4.953125
12,千葉県,20,長野県,6,金属工業品,613.005546,25.36805093,14,12.70833333
12,千葉県,21,岐阜県,6,金属工業品,343.9202507,5.410272486,45.34412956,0
12,千葉県,22,静岡県,6,金属工業品,3521.395757,117.1502244,227.1177784,19.91724138
12,千葉県,23,愛知県,6,金属工業品,7635.366119,221.8705866,352.9802002,8.25
12,千葉県,24,三重県,6,金属工業品,834.5076319,83.83886665,13.38461539,4.384615385
12,千葉県,25,滋賀県,6,金属工業品,805.0588394,45.05787308,13,0
12,千葉県,26,京都府,6,金属工業品,85.7458892,49.375,0,10.3125
12,千葉県,27,大阪府,6,金属工業品,7313.074429,1525.630424,68.67618084,24.18864469
12,千葉県,28,兵庫県,6,金属工業品,1005.6151,175.7481272,8,4.4
12,千葉県,29,奈良県,6,金属工業品,176.9698635,4.580645161,6,0
12,千葉県,30,和歌山県,6,金属工業品,55.55734921,93.51423529,0,0
12,千葉県,31,鳥取県,6,金属工業品,43.41552381,0.428865979,0,0
12,千葉県,32,島根県,6,金属工業品,5.803057423,19.18252597,0,0
12,千葉県,33,岡山県,6,金属工業品,871.711738,87.11495727,21.38461539,0
12,千葉県,34,広島県,6,金属工業品,327.2693524,254.3766347,6,7.5625
12,千葉県,35,山口県,6,金属工業品,149.7308215,3039.363636,0,0
12,千葉県,36,徳島県,6,金属工業品,64.57596867,37.5,3,3
12,千葉県,37,香川県,6,金属工業品,211.7073571,6.279305361,0,0
12,千葉県,38,愛媛県,6,金属工業品,35.29783732,1465.396333,0,0
12,千葉県,39,高知県,6,金属工業品,1.631683433,0,0,0
12,千葉県,40,福岡県,6,金属工業品,396.6137125,246.0737059,5,3.25
12,千葉県,41,佐賀県,6,金属工業品,145.1416103,402.349495,1,0
12,千葉県,42,長崎県,6,金属工業品,5.588369048,0.7,0,0
12,千葉県,43,熊本県,6,金属工業品,19.50169841,0,0,0
12,千葉県,44,大分県,6,金属工業品,12.441337,0,0,0
12,千葉県,45,宮崎県,6,金属工業品,3.215688259,0,0,0
12,千葉県,46,鹿児島県,6,金属工業品,96.07495717,0,6.466666667,0
12,千葉県,47,沖縄県,6,金属工業品,124.8871558,37.5,24,3
12,千葉県,90,全国,6,金属工業品,109.6663671,1.75891954,14.26666667,14.26666667
12,千葉県,91,東日本,6,金属工業品,0,0.008333333,0,0
12,千葉県,92,東北,6,金属工業品,33.37419355,82.53907692,88,60
12,千葉県,93,海外,6,金属工業品,34546.08569,4005.211231,47.4,12.81355932
12,千葉県,94,不特定,6,金属工業品,456.25,450,45,45
12,千葉県,99,全て不明,6,金属工業品,18.33333333,78.89130435,3.666666667,3.666666667
13,東京都,01,北海道,6,金属工業品,5.042785207,1106.885505,128,0
13,東京都,02,青森県,6,金属工業品,12.74267792,3.930136986,28,0
13,東京都,03,岩手県,6,金属工業品,52.90072902,1.393060629,24,6.179104478
13,東京都,04,宮城県,6,金属工業品,307.1202499,0.687212699,72.65786479,0
13,東京都,05,秋田県,6,金属工業品,61.01412465,93.69486418,29.13612565,0
13,東京都,06,山形県,6,金属工業品,15.48293456,33.30866032,39.55555556,0
13,東京都,07,福島県,6,金属工業品,321.9919952,56.37718514,96.95430747,0
13,東京都,08,茨城県,6,金属工業品,3587.429777,5698.19687,621.9205818,1064.87279
13,東京都,09,栃木県,6,金属工業品,1585.937985,361.200169,857.1663989,13.11949686
13,東京都,10,群馬県,6,金属工業品,3360.877973,499.1450749,1482.98505,41.3024948
13,東京都,11,埼玉県,6,金属工業品,3464.228636,3965.981337,1958.886421,2593.456727
13,東京都,12,千葉県,6,金属工業品,5858.021079,10761.1529,1971.277113,997.594484
13,東京都,13,東京都,6,金属工業品,6257.16978,6257.16978,3132.604942,3132.604942
13,東京都,14,神奈川県,6,金属工業品,2629.223321,7391.645322,1962.841735,619.4396946
13,東京都,15,新潟県,6,金属工業品,356.8931621,231.6743425,172.9592944,16.66666667
13,東京都,16,富山県,6,金属工業品,4.479190783,702.8120477,40.0952381,0
13,東京都,17,石川県,6,金属工業品,0.543967204,0.140869565,16,0
13,東京都,18,福井県,6,金属工業品,27.09274318,24.24997436,40,0
13,東京都,19,山梨県,6,金属工業品,153.1518187,15.27430639,78.59019515,0
13,東京都,20,長野県,6,金属工業品,262.7295477,241.8511407,142.0904331,6.179104478
13,東京都,21,岐阜県,6,金属工業品,5.242220491,18.35934631,104.0952381,0
13,東京都,22,静岡県,6,金属工業品,430.0500582,158.4685755,347.5132947,6.361702128
13,東京都,23,愛知県,6,金属工業品,322.6622077,1874.715555,204,26.58823529
13,東京都,24,三重県,6,金属工業品,4.752869048,18.36789905,72,0
13,東京都,25,滋賀県,6,金属工業品,13.13225944,24.21010896,52,0
13,東京都,26,京都府,6,金属工業品,6.224923516,4.362059319,56,0
13,東京都,27,大阪府,6,金属工業品,249.1799883,1943.638071,126.2722513,4.833333333
13,東京都,28,兵庫県,6,金属工業品,212.737768,1052.769678,84,5.613333333
13,東京都,29,奈良県,6,金属工業品,1.94,0.141,52,0
13,東京都,30,和歌山県,6,金属工業品,1.249,1028.39072,48,0
13,東京都,31,鳥取県,6,金属工業品,7.881856589,0.064263566,44,0
13,東京都,32,島根県,6,金属工業品,2.485294118,0,0,0
13,東京都,33,岡山県,6,金属工業品,3.614777618,48.991339,33.13612565,0
13,東京都,34,広島県,6,金属工業品,5.488452886,2186.564103,82.27225131,0
13,東京都,35,山口県,6,金属工業品,1.038875817,35.46833613,52,0
13,東京都,36,徳島県,6,金属工業品,0.48,0,12,0
13,東京都,37,香川県,6,金属工業品,0.463777778,0,20,0
13,東京都,38,愛媛県,6,金属工業品,52.82990285,0.024494651,53.13612565,0
13,東京都,39,高知県,6,金属工業品,0.370888889,0,24,0
13,東京都,40,福岡県,6,金属工業品,22.04791066,4640.075267,101.1361257,186
13,東京都,41,佐賀県,6,金属工業品,2.068546584,174.7366936,16,9.1375
13,東京都,42,長崎県,6,金属工業品,0.502724107,0,41.13612565,0
13,東京都,43,熊本県,6,金属工業品,7.827415413,0,36,0
13,東京都,44,大分県,6,金属工業品,0.4705,908.3126553,36,5.375
13,東京都,45,宮崎県,6,金属工業品,0.303019324,0.00626087,24,0
13,東京都,46,鹿児島県,6,金属工業品,0.567246377,0,24,0
13,東京都,47,沖縄県,6,金属工業品,0.392,0,28,0
13,東京都,90,全国,6,金属工業品,145.9715713,203.4732868,55.65714286,40.63311688
13,東京都,92,東北,6,金属工業品,81.6785436,45.31475906,26.50909091,26.50909091
13,東京都,93,海外,6,金属工業品,74.06194297,178.6893812,0,0
13,東京都,94,不特定,6,金属工業品,4.923076923,0.259006559,0,0
13,東京都,99,全て不明,6,金属工業品,71.2,68.32379515,0,0
14,神奈川県,01,北海道,6,金属工業品,192.8427527,23.68244538,4.686567164,0
14,神奈川県,02,青森県,6,金属工業品,6.084461931,0.511847176,0,0
14,神奈川県,03,岩手県,6,金属工業品,81.7655456,4.756266049,0,0
14,神奈川県,04,宮城県,6,金属工業品,594.7324856,148.4614605,8.299003322,0
14,神奈川県,05,秋田県,6,金属工業品,53.51273417,91.3562341,0,0
14,神奈川県,06,山形県,6,金属工業品,171.7596582,2.556653434,12.43023055,5.238095238
14,神奈川県,07,福島県,6,金属工業品,936.7241715,293.386044,28.90928679,0
14,神奈川県,08,茨城県,6,金属工業品,2166.588482,4039.098668,77.68608484,761.4738546
14,神奈川県,09,栃木県,6,金属工業品,2292.406134,1327.019236,15.42572944,3
14,神奈川県,10,群馬県,6,金属工業品,1204.926975,352.0850405,38.00800915,21.07142857
14,神奈川県,11,埼玉県,6,金属工業品,3062.369664,4131.186597,167.428492,1101.835987
14,神奈川県,12,千葉県,6,金属工業品,12172.07778,43708.91353,288.1054674,440.6061505
14,神奈川県,13,東京都,6,金属工業品,7391.645322,2629.223321,619.4396946,1962.841735
14,神奈川県,14,神奈川県,6,金属工業品,35777.36657,35777.36657,2066.634725,2066.634725
14,神奈川県,15,新潟県,6,金属工業品,1637.156683,172.9698171,42.10526316,13.65914787
14,神奈川県,16,富山県,6,金属工業品,243.6161776,61.78573075,9.564615945,0
14,神奈川県,17,石川県,6,金属工業品,477.1427339,8.018419587,0,0
14,神奈川県,18,福井県,6,金属工業品,14.56069921,0,0,0
14,神奈川県,19,山梨県,6,金属工業品,619.2304927,122.9062539,17.91229317,5.238095238
14,神奈川県,20,長野県,6,金属工業品,602.3048179,64.06450373,37.53682092,0
14,神奈川県,21,岐阜県,6,金属工業品,21.77102749,181.7955298,3.990909091,10.05952381
14,神奈川県,22,静岡県,6,金属工業品,2865.578205,666.2663833,61.39404689,32.42415584
14,神奈川県,23,愛知県,6,金属工業品,1574.637145,3402.488245,43.3287788,50.52631579
14,神奈川県,24,三重県,6,金属工業品,49.97419665,95.16445015,0,0
14,神奈川県,25,滋賀県,6,金属工業品,75.94110864,541.5500007,0,4.269230769
14,神奈川県,26,京都府,6,金属工業品,8.1854972,73.60344807,0,0
14,神奈川県,27,大阪府,6,金属工業品,674.27785,496.0049162,36.07485737,8.126373626
14,神奈川県,28,兵庫県,6,金属工業品,352.1609741,354.4811643,0,4.441860465
14,神奈川県,29,奈良県,6,金属工業品,38.67667279,0.215923345,0,0
14,神奈川県,30,和歌山県,6,金属工業品,4.177941177,11.18760258,0,0
14,神奈川県,31,鳥取県,6,金属工業品,0.042692308,4.038156954,0,0
14,神奈川県,32,島根県,6,金属工業品,0,1.804878049,0,0
14,神奈川県,33,岡山県,6,金属工業品,41.31555502,78.41584553,0,0
14,神奈川県,34,広島県,6,金属工業品,133.9520261,6.120156794,4.064516129,0
14,神奈川県,35,山口県,6,金属工業品,30.06601103,45.77058824,4.064516129,0
14,神奈川県,36,徳島県,6,金属工業品,0.122166297,0.171609091,0,0
14,神奈川県,37,香川県,6,金属工業品,31.06985714,0,0,0
14,神奈川県,38,愛媛県,6,金属工業品,0.18767712,28.49561243,0,0
14,神奈川県,39,高知県,6,金属工業品,0.950333333,0,0,0
14,神奈川県,40,福岡県,6,金属工業品,325.5191883,166.8043845,0,9.342105263
14,神奈川県,41,佐賀県,6,金属工業品,0.270352941,0.135690909,0,0
14,神奈川県,42,長崎県,6,金属工業品,0.235836898,7.871812081,0,0
14,神奈川県,43,熊本県,6,金属工業品,1.695062702,0.35501039,0,0
14,神奈川県,44,大分県,6,金属工業品,0.761974924,115.5,0,0
14,神奈川県,45,宮崎県,6,金属工業品,19.6549085,0,0,0
14,神奈川県,46,鹿児島県,6,金属工業品,11.17680197,0.073251249,0,0
14,神奈川県,47,沖縄県,6,金属工業品,61.25313434,0,0,0
14,神奈川県,90,全国,6,金属工業品,1.302777778,598.206431,0,0
14,神奈川県,91,東日本,6,金属工業品,7.222222222,13.52941177,3.611111111,0
14,神奈川県,92,東北,6,金属工業品,0,0.008065217,0,0
14,神奈川県,93,海外,6,金属工業品,837.480693,1293.642895,0,0
14,神奈川県,99,全て不明,6,金属工業品,0.048780488,177.8535494,0,0
15,新潟県,08,茨城県,6,金属工業品,127.9571464,759.2890175,34.10049986,45.05964455
15,新潟県,11,埼玉県,6,金属工業品,252.8197803,546.2458513,204.6315182,203.9738403
15,新潟県,12,千葉県,6,金属工業品,274.2880029,2153.958749,46.60354426,59.93421053
15,新潟県,13,東京都,6,金属工業品,231.6743425,356.8931621,16.66666667,172.9592944
15,新潟県,14,神奈川県,6,金属工業品,172.9698171,1637.156683,13.65914787,42.10526316
16,富山県,08,茨城県,6,金属工業品,258.7896348,428.8622795,37.79471379,15.79686197
16,富山県,11,埼玉県,6,金属工業品,261.1415182,78.23054662,213.5070827,91.7774359
16,富山県,12,千葉県,6,金属工業品,89.49717582,199.2557326,0,4.5625
16,富山県,13,東京都,6,金属工業品,702.8120477,4.479190783,0,40.0952381
16,富山県,14,神奈川県,6,金属工業品,61.78573075,243.6161776,0,9.564615945
17,石川県,08,茨城県,6,金属工業品,31.86052137,171.3390602,10.74786325,12.28846154
17,石川県,11,埼玉県,6,金属工業品,31.33914787,2.124583651,22.53275452,12.15982672
17,石川県,12,千葉県,6,金属工業品,1.6,295.7552188,0,9.692307692
17,石川県,13,東京都,6,金属工業品,0.140869565,0.543967204,0,16
17,石川県,14,神奈川県,6,金属工業品,8.018419587,477.1427339,0,0
18,福井県,08,茨城県,6,金属工業品,2189.867087,100.059395,164.9745839,29.22481999
18,福井県,11,埼玉県,6,金属工業品,8.719374817,78.97847135,23.11216126,25.54953627
18,福井県,12,千葉県,6,金属工業品,36.93874005,27.69817669,3,0
18,福井県,13,東京都,6,金属工業品,24.24997436,27.09274318,0,40
18,福井県,14,神奈川県,6,金属工業品,0,14.56069921,0,0
19,山梨県,08,茨城県,6,金属工業品,0.657747672,843.5897933,25.56521739,86.12963256
19,山梨県,11,埼玉県,6,金属工業品,104.8898985,358.0676742,46.81823044,143.1591184
19,山梨県,12,千葉県,6,金属工業品,2.416491587,909.5700026,4.953125,79.26398418
19,山梨県,13,東京都,6,金属工業品,15.27430639,153.1518187,0,78.59019515
19,山梨県,14,神奈川県,6,金属工業品,122.9062539,619.2304927,5.238095238,17.91229317
20,長野県,08,茨城県,6,金属工業品,110.3661134,799.2723641,62.06427883,88.67300703
20,長野県,11,埼玉県,6,金属工業品,280.1482964,941.9646127,154.2124382,400.4381166
20,長野県,12,千葉県,6,金属工業品,25.36805093,613.005546,12.70833333,14
20,長野県,13,東京都,6,金属工業品,241.8511407,262.7295477,6.179104478,142.0904331
20,長野県,14,神奈川県,6,金属工業品,64.06450373,602.3048179,0,37.53682092
21,岐阜県,08,茨城県,6,金属工業品,450.8831834,386.6523646,38.23880476,31.2643323
21,岐阜県,11,埼玉県,6,金属工業品,129.5237333,187.1484933,106.038243,103.8900304
21,岐阜県,12,千葉県,6,金属工業品,5.410272486,343.9202507,0,45.34412956
21,岐阜県,13,東京都,6,金属工業品,18.35934631,5.242220491,0,104.0952381
21,岐阜県,14,神奈川県,6,金属工業品,181.7955298,21.77102749,10.05952381,3.990909091
22,静岡県,08,茨城県,6,金属工業品,223.1635943,989.6618696,31.22771505,101.6088183
22,静岡県,11,埼玉県,6,金属工業品,326.2265756,1012.254379,132.1513224,309.4496264
22,静岡県,12,千葉県,6,金属工業品,117.1502244,3521.395757,19.91724138,227.1177784
22,静岡県,13,東京都,6,金属工業品,158.4685755,430.0500582,6.361702128,347.5132947
22,静岡県,14,神奈川県,6,金属工業品,666.2663833,2865.578205,32.42415584,61.39404689
23,愛知県,08,茨城県,6,金属工業品,308.5304468,871.9872804,41.47553852,89.87406566
23,愛知県,11,埼玉県,6,金属工業品,1176.241442,557.6821515,266.6159754,299.1842107
23,愛知県,12,千葉県,6,金属工業品,221.8705866,7635.366119,8.25,352.9802002
23,愛知県,13,東京都,6,金属工業品,1874.715555,322.6622077,26.58823529,204
23,愛知県,14,神奈川県,6,金属工業品,3402.488245,1574.637145,50.52631579,43.3287788
24,三重県,08,茨城県,6,金属工業品,33.75959015,48.50573355,15.43291962,19.97453076
24,三重県,11,埼玉県,6,金属工業品,295.729767,30.46842328,71.4802757,63.86891605
24,三重県,12,千葉県,6,金属工業品,83.83886665,834.5076319,4.384615385,13.38461539
24,三重県,13,東京都,6,金属工業品,18.36789905,4.752869048,0,72
24,三重県,14,神奈川県,6,金属工業品,95.16445015,49.97419665,0,0
25,滋賀県,08,茨城県,6,金属工業品,83.31712851,413.5656768,11.73611111,7.893617021
25,滋賀県,11,埼玉県,6,金属工業品,84.33831691,84.73690136,34.35973267,42.23969863
25,滋賀県,12,千葉県,6,金属工業品,45.05787308,805.0588394,0,13
25,滋賀県,13,東京都,6,金属工業品,24.21010896,13.13225944,0,52
25,滋賀県,14,神奈川県,6,金属工業品,541.5500007,75.94110864,4.269230769,0
26,京都府,08,茨城県,6,金属工業品,8.50033107,93.32942959,19.46176578,36.66783704
26,京都府,11,埼玉県,6,金属工業品,26.17307244,28.51427914,35.25845163,32.29832657
26,京都府,12,千葉県,6,金属工業品,49.375,85.7458892,10.3125,0
26,京都府,13,東京都,6,金属工業品,4.362059319,6.224923516,0,56
26,京都府,14,神奈川県,6,金属工業品,73.60344807,8.1854972,0,0
27,大阪府,08,茨城県,6,金属工業品,670.2410488,1082.990837,143.1427113,138.0382257
27,大阪府,11,埼玉県,6,金属工業品,353.2801602,570.0938983,249.9670263,187.7968235
27,大阪府,12,千葉県,6,金属工業品,1525.630424,7313.074429,24.18864469,68.67618084
27,大阪府,13,東京都,6,金属工業品,1943.638071,249.1799883,4.833333333,126.2722513
27,大阪府,14,神奈川県,6,金属工業品,496.0049162,674.27785,8.126373626,36.07485737
28,兵庫県,08,茨城県,6,金属工業品,232.3342279,219.2066177,49.04975605,21.85431442
28,兵庫県,11,埼玉県,6,金属工業品,937.0772019,159.2155788,88.94647009,117.0438068
28,兵庫県,12,千葉県,6,金属工業品,175.7481272,1005.6151,4.4,8
28,兵庫県,13,東京都,6,金属工業品,1052.769678,212.737768,5.613333333,84
28,兵庫県,14,神奈川県,6,金属工業品,354.4811643,352.1609741,4.441860465,0
29,奈良県,08,茨城県,6,金属工業品,20.68452906,30.39502359,9.651709402,10.07180851
29,奈良県,11,埼玉県,6,金属工業品,1.432163355,36.83938765,4.754966887,20.53521595
29,奈良県,12,千葉県,6,金属工業品,4.580645161,176.9698635,0,6
29,奈良県,13,東京都,6,金属工業品,0.141,1.94,0,52
29,奈良県,14,神奈川県,6,金属工業品,0.215923345,38.67667279,0,0
30,和歌山県,08,茨城県,6,金属工業品,179.1311961,211.72,2.555555556,0
30,和歌山県,11,埼玉県,6,金属工業品,12.68041362,43.02025612,34.96234773,22.05462185
30,和歌山県,12,千葉県,6,金属工業品,93.51423529,55.55734921,0,0
30,和歌山県,13,東京都,6,金属工業品,1028.39072,1.249,0,48
30,和歌山県,14,神奈川県,6,金属工業品,11.18760258,4.177941177,0,0
31,鳥取県,08,茨城県,6,金属工業品,0.063888889,0,2.555555556,0
31,鳥取県,11,埼玉県,6,金属工業品,2.078571429,1.983872727,6.892857143,0
31,鳥取県,12,千葉県,6,金属工業品,0.428865979,43.41552381,0,0
31,鳥取県,13,東京都,6,金属工業品,0.064263566,7.881856589,0,44
31,鳥取県,14,神奈川県,6,金属工業品,4.038156954,0.042692308,0,0
32,島根県,08,茨城県,6,金属工業品,0.646555556,0,2.555555556,0
32,島根県,11,埼玉県,6,金属工業品,54,82.26966753,6,23.14285714
32,島根県,12,千葉県,6,金属工業品,19.18252597,5.803057423,0,0
32,島根県,13,東京都,6,金属工業品,0,2.485294118,0,0
32,島根県,14,神奈川県,6,金属工業品,1.804878049,0,0,0
33,岡山県,08,茨城県,6,金属工業品,26.16911111,78.70912899,7.666666667,10.4669698
33,岡山県,11,埼玉県,6,金属工業品,125.8112426,38.33036564,44.80937922,56.90180214
33,岡山県,12,千葉県,6,金属工業品,87.11495727,871.711738,0,21.38461539
33,岡山県,13,東京都,6,金属工業品,48.991339,3.614777618,0,33.13612565
33,岡山県,14,神奈川県,6,金属工業品,78.41584553,41.31555502,0,0
34,広島県,08,茨城県,6,金属工業品,0.398655479,32.32916291,5.596651446,18.1361018
34,広島県,11,埼玉県,6,金属工業品,17.34578199,82.88610098,19.74605042,57.91678742
34,広島県,12,千葉県,6,金属工業品,254.3766347,327.2693524,7.5625,6
34,広島県,13,東京都,6,金属工業品,2186.564103,5.488452886,0,82.27225131
34,広島県,14,神奈川県,6,金属工業品,6.120156794,133.9520261,0,4.064516129
35,山口県,08,茨城県,6,金属工業品,4.254062802,1.245957279,7.120772947,5.914942529
35,山口県,11,埼玉県,6,金属工業品,29.54794444,33.30524868,16.97777778,40.05356604
35,山口県,12,千葉県,6,金属工業品,3039.363636,149.7308215,0,0
35,山口県,13,東京都,6,金属工業品,35.46833613,1.038875817,0,52
35,山口県,14,神奈川県,6,金属工業品,45.77058824,30.06601103,0,4.064516129
36,徳島県,08,茨城県,6,金属工業品,29.25122989,6.606411348,2.555555556,7.780141844
36,徳島県,11,埼玉県,6,金属工業品,155.0923077,9.30718042,26.74358974,8.443589744
36,徳島県,12,千葉県,6,金属工業品,37.5,64.57596867,3,3
36,徳島県,13,東京都,6,金属工業品,0,0.48,0,12
36,徳島県,14,神奈川県,6,金属工業品,0.171609091,0.122166297,0,0
37,香川県,08,茨城県,6,金属工業品,3.284210526,51.1722852,32.84210526,7.263888889
37,香川県,11,埼玉県,6,金属工業品,1.093396226,1.502542424,10.93396226,0
37,香川県,12,千葉県,6,金属工業品,6.279305361,211.7073571,0,0
37,香川県,13,東京都,6,金属工業品,0,0.463777778,0,20
37,香川県,14,神奈川県,6,金属工業品,0,31.06985714,0,0
38,愛媛県,08,茨城県,6,金属工業品,4.142153846,66.11501344,6.651709402,9.342105263
38,愛媛県,11,埼玉県,6,金属工業品,0,0.56444496,0,16.4943609
38,愛媛県,12,千葉県,6,金属工業品,1465.396333,35.29783732,0,0
38,愛媛県,13,東京都,6,金属工業品,0.024494651,52.82990285,0,53.13612565
38,愛媛県,14,神奈川県,6,金属工業品,28.49561243,0.18767712,0,0
39,高知県,08,茨城県,6,金属工業品,0.079222222,0,2.555555556,0
39,高知県,12,千葉県,6,金属工業品,0,1.631683433,0,0
39,高知県,13,東京都,6,金属工業品,0,0.370888889,0,24
39,高知県,14,神奈川県,6,金属工業品,0,0.950333333,0,0
40,福岡県,08,茨城県,6,金属工業品,5.723635934,323.5454189,12.22222222,27.17995435
40,福岡県,11,埼玉県,6,金属工業品,8.839735078,26.56613499,32.86038024,71.90013583
40,福岡県,12,千葉県,6,金属工業品,246.0737059,396.6137125,3.25,5
40,福岡県,13,東京都,6,金属工業品,4640.075267,22.04791066,186,101.1361257
40,福岡県,14,神奈川県,6,金属工業品,166.8043845,325.5191883,9.342105263,0
41,佐賀県,08,茨城県,6,金属工業品,0.695111111,16.61356383,2.555555556,6.625
41,佐賀県,11,埼玉県,6,金属工業品,25,79.71040076,2.5,13.43028322
41,佐賀県,12,千葉県,6,金属工業品,402.349495,145.1416103,0,1
41,佐賀県,13,東京都,6,金属工業品,174.7366936,2.068546584,9.1375,16
41,佐賀県,14,神奈川県,6,金属工業品,0.135690909,0.270352941,0,0
42,長崎県,08,茨城県,6,金属工業品,28.21576712,6.669695922,8.637747336,9.9375
42,長崎県,11,埼玉県,6,金属工業品,0,10.516867,0,8.518518519
42,長崎県,12,千葉県,6,金属工業品,0.7,5.588369048,0,0
42,長崎県,13,東京都,6,金属工業品,0,0.502724107,0,41.13612565
42,長崎県,14,神奈川県,6,金属工業品,7.871812081,0.235836898,0,0
43,熊本県,08,茨城県,6,金属工業品,1.140249545,28.59882032,4.409836066,19.14469178
43,熊本県,11,埼玉県,6,金属工業品,27.72336081,32.055902,18.91819292,18.77777778
43,熊本県,12,千葉県,6,金属工業品,0,19.50169841,0,0
43,熊本県,13,東京都,6,金属工業品,0,7.827415413,0,36
43,熊本県,14,神奈川県,6,金属工業品,0.35501039,1.695062702,0,0
44,大分県,08,茨城県,6,金属工業品,18.24657534,434.5567979,6.082191781,10.32180851
44,大分県,11,埼玉県,6,金属工業品,0,3.351039366,0,17.53007519
44,大分県,12,千葉県,6,金属工業品,0,12.441337,0,0
44,大分県,13,東京都,6,金属工業品,908.3126553,0.4705,5.375,36
44,大分県,14,神奈川県,6,金属工業品,115.5,0.761974924,0,0
45,宮崎県,08,茨城県,6,金属工業品,0.240222222,46.71052632,2.555555556,13.75194133
45,宮崎県,11,埼玉県,6,金属工業品,0,0.614080845,0,4.911764706
45,宮崎県,12,千葉県,6,金属工業品,0,3.215688259,0,0
45,宮崎県,13,東京都,6,金属工業品,0.00626087,0.303019324,0,24
45,宮崎県,14,神奈川県,6,金属工業品,0,19.6549085,0,0
46,鹿児島県,08,茨城県,6,金属工業品,0.087542805,30.86885246,2.555555556,8.819672131
46,鹿児島県,11,埼玉県,6,金属工業品,0,1.972565801,4.842105263,2.714285714
46,鹿児島県,12,千葉県,6,金属工業品,0,96.07495717,0,6.466666667
46,鹿児島県,13,東京都,6,金属工業品,0,0.567246377,0,24
46,鹿児島県,14,神奈川県,6,金属工業品,0.073251249,11.17680197,0,0
47,沖縄県,11,埼玉県,6,金属工業品,0,0.82,0,6.833333333
47,沖縄県,12,千葉県,6,金属工業品,37.5,124.8871558,3,24
47,沖縄県,13,東京都,6,金属工業品,0,0.392,0,28
47,沖縄県,14,神奈川県,6,金属工業品,0,61.25313434,0,0
90,全国,08,茨城県,6,金属工業品,180.9250986,182.4286686,0,0
90,全国,12,千葉県,6,金属工業品,1.75891954,109.6663671,14.26666667,14.26666667
90,全国,13,東京都,6,金属工業品,203.4732868,145.9715713,40.63311688,55.65714286
90,全国,14,神奈川県,6,金属工業品,598.206431,1.302777778,0,0
91,東日本,11,埼玉県,6,金属工業品,13.66666667,0,20.5,0
91,東日本,12,千葉県,6,金属工業品,0.008333333,0,0,0
91,東日本,14,神奈川県,6,金属工業品,13.52941177,7.222222222,0,3.611111111
92,東北,08,茨城県,6,金属工業品,0,133.2631579,0,9.342105263
92,東北,11,埼玉県,6,金属工業品,0.759649123,124.098,7.596491228,44.72
92,東北,12,千葉県,6,金属工業品,82.53907692,33.37419355,60,88
92,東北,13,東京都,6,金属工業品,45.31475906,81.6785436,26.50909091,26.50909091
92,東北,14,神奈川県,6,金属工業品,0.008065217,0,0,0
93,海外,08,茨城県,6,金属工業品,777.5904857,141.817079,50.13577586,17.33333333
93,海外,11,埼玉県,6,金属工業品,1873.455274,20.09057944,163.966673,26.28587714
93,海外,12,千葉県,6,金属工業品,4005.211231,34546.08569,12.81355932,47.4
93,海外,13,東京都,6,金属工業品,178.6893812,74.06194297,0,0
93,海外,14,神奈川県,6,金属工業品,1293.642895,837.480693,0,0
94,不特定,08,茨城県,6,金属工業品,0,10.8,0,0
94,不特定,11,埼玉県,6,金属工業品,28.89884615,57.92106838,862.2435897,458.1324786
94,不特定,12,千葉県,6,金属工業品,450,456.25,45,45
94,不特定,13,東京都,6,金属工業品,0.259006559,4.923076923,0,0
99,全て不明,08,茨城県,6,金属工業品,0,27.92748589,0,16.54884933
99,全て不明,11,埼玉県,6,金属工業品,363.5046479,377.1428571,226.9674936,188.5714286
99,全て不明,12,千葉県,6,金属工業品,78.89130435,18.33333333,3.666666667,3.666666667
99,全て不明,13,東京都,6,金属工業品,68.32379515,71.2,0,0
99,全て不明,14,神奈川県,6,金属工業品,177.8535494,0.048780488,0,0
01,北海道,08,茨城県,7,機械工業品,0.152054795,190.3348505,0,3.284552846
01,北海道,11,埼玉県,7,機械工業品,34.88230303,83.16850349,26.36287879,143.0788463
01,北海道,12,千葉県,7,機械工業品,24.46397666,21.90826589,3.423076923,17.7866776
01,北海道,13,東京都,7,機械工業品,4.04684538,209.2996184,0,304.5836125
01,北海道,14,神奈川県,7,機械工業品,78.35696135,674.9509707,0,5.623655914
02,青森県,08,茨城県,7,機械工業品,18.15142029,198.5332055,2.565217391,9.342105263
02,青森県,11,埼玉県,7,機械工業品,38.2305998,23.01288678,18.53045349,35.61286406
02,青森県,12,千葉県,7,機械工業品,7.56,23.56763549,0,6.714285714
02,青森県,13,東京都,7,機械工業品,128.8751845,102.5793917,3.466666667,157.062254
02,青森県,14,神奈川県,7,機械工業品,14.15705859,166.3018825,0,0
03,岩手県,08,茨城県,7,機械工業品,5.481725233,271.6758815,3.04109589,27.71052632
03,岩手県,11,埼玉県,7,機械工業品,74.41316655,37.67630946,39.5823707,98.99358652
03,岩手県,12,千葉県,7,機械工業品,13.587582,37.16857167,29.952412,11.31355932
03,岩手県,13,東京都,7,機械工業品,1.435481012,63.47552616,0,84.74430531
03,岩手県,14,神奈川県,7,機械工業品,69.41028077,208.6332816,6.543956044,0
04,宮城県,08,茨城県,7,機械工業品,2.559589088,303.8633614,0,37.17440995
04,宮城県,11,埼玉県,7,機械工業品,102.5735418,302.3235472,71.13277071,222.0459393
04,宮城県,12,千葉県,7,機械工業品,150.4157202,132.6515618,25.78571429,8.45
04,宮城県,13,東京都,7,機械工業品,110.8027538,161.9341842,14.52631579,223.2066487
04,宮城県,14,神奈川県,7,機械工業品,45.2049789,486.665225,6.050135501,13.16333845
05,秋田県,08,茨城県,7,機械工業品,0.244099379,165.3254308,0,0
05,秋田県,11,埼玉県,7,機械工業品,55.09908369,49.54257043,46.92155662,52.63841219
05,秋田県,12,千葉県,7,機械工業品,0.136581197,55.90402466,4,13.73655914
05,秋田県,13,東京都,7,機械工業品,0.265636469,2.458966195,0,34.49230769
05,秋田県,14,神奈川県,7,機械工業品,9.693424714,82.88068989,0,11.24731183
06,山形県,08,茨城県,7,機械工業品,31.57664286,45.61137312,14.68019364,26.70521284
06,山形県,11,埼玉県,7,機械工業品,35.66033116,41.83425129,63.8943627,86.55529853
06,山形県,12,千葉県,7,機械工業品,44.76700855,97.60203481,3.444444444,28.14864705
06,山形県,13,東京都,7,機械工業品,265.8717923,54.14263662,27.1125641,89.48381751
06,山形県,14,神奈川県,7,機械工業品,19.64025476,217.8157872,24.76303824,21.427022
07,福島県,08,茨城県,7,機械工業品,97.3213825,260.7235727,34.39793489,37.63825427
07,福島県,11,埼玉県,7,機械工業品,933.8416256,232.4739687,208.7373365,206.1526941
07,福島県,12,千葉県,7,機械工業品,177.6894652,189.9279693,33.00807103,45.96989359
07,福島県,13,東京都,7,機械工業品,395.0822138,96.04266255,16.25964912,152.0015571
07,福島県,14,神奈川県,7,機械工業品,622.9177164,254.1592299,37.92619048,4.236111111
08,茨城県,01,北海道,7,機械工業品,190.3348505,0.152054795,3.284552846,0
08,茨城県,02,青森県,7,機械工業品,198.5332055,18.15142029,9.342105263,2.565217391
08,茨城県,03,岩手県,7,機械工業品,271.6758815,5.481725233,27.71052632,3.04109589
08,茨城県,04,宮城県,7,機械工業品,303.8633614,2.559589088,37.17440995,0
08,茨城県,05,秋田県,7,機械工業品,165.3254308,0.244099379,0,0
08,茨城県,06,山形県,7,機械工業品,45.61137312,31.57664286,26.70521284,14.68019364
08,茨城県,07,福島県,7,機械工業品,260.7235727,97.3213825,37.63825427,34.39793489
08,茨城県,08,茨城県,7,機械工業品,15474.91186,15474.91186,2639.332115,2639.332115
08,茨城県,09,栃木県,7,機械工業品,2078.465891,950.1906158,311.9470822,226.5291138
08,茨城県,10,群馬県,7,機械工業品,1094.911815,2284.95423,120.9349679,85.00685335
08,茨城県,11,埼玉県,7,機械工業品,2646.047358,2651.319838,387.8012248,715.7969802
08,茨城県,12,千葉県,7,機械工業品,2351.358156,2251.352705,622.0633013,278.3841353
08,茨城県,13,東京都,7,機械工業品,8512.793644,1633.494902,576.6069161,276.5094808
08,茨城県,14,神奈川県,7,機械工業品,4870.514909,3248.669926,475.1679047,138.6940871
08,茨城県,15,新潟県,7,機械工業品,172.6234565,43.60614523,32.10258799,20.51720648
08,茨城県,16,富山県,7,機械工業品,60.61232591,58.18729704,9,4.823529412
08,茨城県,17,石川県,7,機械工業品,45.33309003,29.19292594,16.66036494,4.096153846
08,茨城県,18,福井県,7,機械工業品,0.314136349,1.397425527,3.114942529,0
08,茨城県,19,山梨県,7,機械工業品,117.9413926,102.3572659,29.96610045,25.91249584
08,茨城県,20,長野県,7,機械工業品,44.91835523,20.83490345,58.41603839,28.45008808
08,茨城県,21,岐阜県,7,機械工業品,30.88416268,11.08515632,13.67103307,8.210526316
08,茨城県,22,静岡県,7,機械工業品,447.9359134,122.5419655,103.8715162,22.46914684
08,茨城県,23,愛知県,7,機械工業品,1043.391074,1110.26445,289.3218356,181.320909
08,茨城県,24,三重県,7,機械工業品,460.4538482,23.215178,59.77166397,8.210526316
08,茨城県,25,滋賀県,7,機械工業品,55.20032221,5.474715447,8.395663957,3.284552846
08,茨城県,26,京都府,7,機械工業品,161.4556469,0.349003822,19.82633003,4.096153846
08,茨城県,27,大阪府,7,機械工業品,738.0264982,747.1020455,170.3851077,88.48956751
08,茨城県,28,兵庫県,7,機械工業品,24.37208013,53.31290837,53.84090815,16.69231141
08,茨城県,29,奈良県,7,機械工業品,98.71765038,0.325713632,11.47686054,16.42105263
08,茨城県,30,和歌山県,7,機械工業品,0.25666453,0.055714286,0,0
08,茨城県,31,鳥取県,7,機械工業品,3.170552412,8.725469765,0,8.712643678
08,茨城県,32,島根県,7,機械工業品,0.313546172,0,7.685990338,0
08,茨城県,33,岡山県,7,機械工業品,54.81367607,38.18712442,22.48347255,8.712643678
08,茨城県,34,広島県,7,機械工業品,109.0417159,0.074285714,38.55412666,0
08,茨城県,35,山口県,7,機械工業品,30.01329054,0,22.88752767,0
08,茨城県,36,徳島県,7,機械工業品,3.321451419,0,6.452830189,0
08,茨城県,37,香川県,7,機械工業品,0.290516072,0,0,0
08,茨城県,38,愛媛県,7,機械工業品,0.154700542,0,3.284552846,0
08,茨城県,39,高知県,7,機械工業品,3.348248428,0.27369863,6.452830189,0
08,茨城県,40,福岡県,7,機械工業品,135.7044056,1.276208791,65.87661899,0
08,茨城県,41,佐賀県,7,機械工業品,10.58024898,37.82528736,0,0
08,茨城県,42,長崎県,7,機械工業品,0.396168803,0.065538462,0,0
08,茨城県,43,熊本県,7,機械工業品,27.28816665,17.42528736,3.284552846,0
08,茨城県,44,大分県,7,機械工業品,0.555380278,0,8.414987628,0
08,茨城県,45,宮崎県,7,機械工業品,1.179760636,0,12.34153116,0
08,茨城県,46,鹿児島県,7,機械工業品,165.8886389,0,3.284552846,0
08,茨城県,47,沖縄県,7,機械工業品,6.299929487,0,0,0
08,茨城県,90,全国,7,機械工業品,2.983334448,15.25513044,0,0
08,茨城県,92,東北,7,機械工業品,106.0722222,41,0,30.75
08,茨城県,93,海外,7,機械工業品,2025.950732,2101.298507,155.4365079,14.41176471
08,茨城県,94,不特定,7,機械工業品,0.044835165,4.00476589,0,40.37719298
08,茨城県,99,全て不明,7,機械工業品,0,0.222857143,0,11.14285714
09,栃木県,08,茨城県,7,機械工業品,950.1906158,2078.465891,226.5291138,311.9470822
09,栃木県,11,埼玉県,7,機械工業品,1498.077196,1061.906746,603.1581261,972.7826651
09,栃木県,12,千葉県,7,機械工業品,594.8487091,483.2313087,97.63392857,111.3967688
09,栃木県,13,東京都,7,機械工業品,699.8885634,690.0163546,69.90510823,151.1169938
09,栃木県,14,神奈川県,7,機械工業品,1603.584055,2091.430853,113.5631435,117.5485269
10,群馬県,08,茨城県,7,機械工業品,2284.95423,1094.911815,85.00685335,120.9349679
10,群馬県,11,埼玉県,7,機械工業品,3400.35026,6032.438265,1014.306496,1718.659682
10,群馬県,12,千葉県,7,機械工業品,229.5399159,280.0128205,42.56888889,63.473702
10,群馬県,13,東京都,7,機械工業品,308.1531306,667.8304976,11.62635659,144.2050386
10,群馬県,14,神奈川県,7,機械工業品,991.9190187,2159.081145,125.8621768,205.3144094
11,埼玉県,01,北海道,7,機械工業品,83.16850349,34.88230303,143.0788463,26.36287879
11,埼玉県,02,青森県,7,機械工業品,23.01288678,38.2305998,35.61286406,18.53045349
11,埼玉県,03,岩手県,7,機械工業品,37.67630946,74.41316655,98.99358652,39.5823707
11,埼玉県,04,宮城県,7,機械工業品,302.3235472,102.5735418,222.0459393,71.13277071
11,埼玉県,05,秋田県,7,機械工業品,49.54257043,55.09908369,52.63841219,46.92155662
11,埼玉県,06,山形県,7,機械工業品,41.83425129,35.66033116,86.55529853,63.8943627
11,埼玉県,07,福島県,7,機械工業品,232.4739687,933.8416256,206.1526941,208.7373365
11,埼玉県,08,茨城県,7,機械工業品,2651.319838,2646.047358,715.7969802,387.8012248
11,埼玉県,09,栃木県,7,機械工業品,1061.906746,1498.077196,972.7826651,603.1581261
11,埼玉県,10,群馬県,7,機械工業品,6032.438265,3400.35026,1718.659682,1014.306496
11,埼玉県,11,埼玉県,7,機械工業品,25204.8097,25204.8097,9496.425407,9496.425407
11,埼玉県,12,千葉県,7,機械工業品,3585.695996,3959.43361,1353.513366,443.8932814
11,埼玉県,13,東京都,7,機械工業品,4343.723252,4114.575747,2190.629796,1472.669828
11,埼玉県,14,神奈川県,7,機械工業品,4542.664701,3543.120745,1747.024075,176.5388863
11,埼玉県,15,新潟県,7,機械工業品,721.0086466,188.0186882,321.9633691,89.27769105
11,埼玉県,16,富山県,7,機械工業品,41.70924116,14.70210879,36.06360604,19.98135575
11,埼玉県,17,石川県,7,機械工業品,20.83672245,18.3731442,51.30740154,26.27402888
11,埼玉県,18,福井県,7,機械工業品,50.5489638,1.925079365,60.03695127,12.03174603
11,埼玉県,19,山梨県,7,機械工業品,50.64818474,14.534126,100.9585184,14.07097289
11,埼玉県,20,長野県,7,機械工業品,263.6637926,252.372486,359.7760755,125.7782146
11,埼玉県,21,岐阜県,7,機械工業品,7.664590125,9.054823108,61.18562281,10.32259571
11,埼玉県,22,静岡県,7,機械工業品,845.2325783,228.447106,374.0365561,132.2088368
11,埼玉県,23,愛知県,7,機械工業品,716.4104771,954.4719287,500.9525061,188.0557304
11,埼玉県,24,三重県,7,機械工業品,254.4208584,267.6983094,98.16968979,58.53805753
11,埼玉県,25,滋賀県,7,機械工業品,175.6451407,1812.44245,114.2866056,250.1121656
11,埼玉県,26,京都府,7,機械工業品,84.97426923,53.98628293,104.7029724,29.85298732
11,埼玉県,27,大阪府,7,機械工業品,477.9208984,1220.280475,591.1593517,294.9064023
11,埼玉県,28,兵庫県,7,機械工業品,140.1672562,13.73409382,296.3363697,69.65675207
11,埼玉県,29,奈良県,7,機械工業品,3.239697877,1.699466905,18.13892216,3.938461539
11,埼玉県,30,和歌山県,7,機械工業品,0.607982456,0,5.798245614,0
11,埼玉県,31,鳥取県,7,機械工業品,1.521368421,0,6.842105263,0
11,埼玉県,32,島根県,7,機械工業品,0.129726046,0,12.44035088,0
11,埼玉県,33,岡山県,7,機械工業品,16.52554138,0.136736842,30.66002743,7.596491228
11,埼玉県,34,広島県,7,機械工業品,78.37266689,259.9187328,125.502872,63.20580154
11,埼玉県,35,山口県,7,機械工業品,19.49813508,0,65.54361367,0
11,埼玉県,36,徳島県,7,機械工業品,0.653444976,0.512,16.5784689,0
11,埼玉県,37,香川県,7,機械工業品,23.37151575,0.149104072,54.87328418,10.40904977
11,埼玉県,38,愛媛県,7,機械工業品,31.78016883,0.017555556,112.4399871,4.388888889
11,埼玉県,39,高知県,7,機械工業品,2.576450162,0.56969697,51.91155854,11.39393939
11,埼玉県,40,福岡県,7,機械工業品,145.7318921,28.32641418,187.1579576,39.39530508
11,埼玉県,41,佐賀県,7,機械工業品,50.38294472,0,45.15253389,0
11,埼玉県,42,長崎県,7,機械工業品,45.6161585,1.024,61.47502583,0
11,埼玉県,43,熊本県,7,機械工業品,41.28001918,12.07740881,38.95016795,25.69928564
11,埼玉県,44,大分県,7,機械工業品,105.0297713,1.40584874,32.788304,8.521008403
11,埼玉県,45,宮崎県,7,機械工業品,2.778486216,8.889107722,14.88220551,12.20407033
11,埼玉県,46,鹿児島県,7,機械工業品,2.240472963,0.512,106.3200221,0
11,埼玉県,47,沖縄県,7,機械工業品,7.286185946,0,27.32781955,0
11,埼玉県,90,全国,7,機械工業品,31.32987469,3.390171858,217.2712995,55.84371643
11,埼玉県,92,東北,7,機械工業品,6.903770748,2.342803437,36.00539084,175.5306122
11,埼玉県,93,海外,7,機械工業品,1046.911068,653.9741358,225.4962731,171.1675994
11,埼玉県,94,不特定,7,機械工業品,16.88018868,28.26018868,40.58047389,91.33396226
11,埼玉県,99,全て不明,7,機械工業品,68.64742434,4.711892791,99.23764001,87.1738029
12,千葉県,01,北海道,7,機械工業品,21.90826589,24.46397666,17.7866776,3.423076923
12,千葉県,02,青森県,7,機械工業品,23.56763549,7.56,6.714285714,0
12,千葉県,03,岩手県,7,機械工業品,37.16857167,13.587582,11.31355932,29.952412
12,千葉県,04,宮城県,7,機械工業品,132.6515618,150.4157202,8.45,25.78571429
12,千葉県,05,秋田県,7,機械工業品,55.90402466,0.136581197,13.73655914,4
12,千葉県,06,山形県,7,機械工業品,97.60203481,44.76700855,28.14864705,3.444444444
12,千葉県,07,福島県,7,機械工業品,189.9279693,177.6894652,45.96989359,33.00807103
12,千葉県,08,茨城県,7,機械工業品,2251.352705,2351.358156,278.3841353,622.0633013
12,千葉県,09,栃木県,7,機械工業品,483.2313087,594.8487091,111.3967688,97.63392857
12,千葉県,10,群馬県,7,機械工業品,280.0128205,229.5399159,63.473702,42.56888889
12,千葉県,11,埼玉県,7,機械工業品,3959.43361,3585.695996,443.8932814,1353.513366
12,千葉県,12,千葉県,7,機械工業品,21410.76955,21410.76955,3233.166747,3233.166747
12,千葉県,13,東京都,7,機械工業品,6239.153434,2542.207041,576.0716974,918.763183
12,千葉県,14,神奈川県,7,機械工業品,5336.254937,4279.949674,401.0455757,555.6391393
12,千葉県,15,新潟県,7,機械工業品,67.26399888,34.89597094,20.69678641,13.93236334
12,千葉県,16,富山県,7,機械工業品,3.026103379,2.183333333,6.73655914,0
12,千葉県,17,石川県,7,機械工業品,1.127195686,15.9375,4.1875,0
12,千葉県,18,福井県,7,機械工業品,53.32119213,17.71428571,0,0
12,千葉県,19,山梨県,7,機械工業品,80.78079525,31.99524621,11.42857143,13.1
12,千葉県,20,長野県,7,機械工業品,122.2054566,57.69843524,16.02784504,18.15963606
12,千葉県,21,岐阜県,7,機械工業品,63.98844238,0.742857143,14.70084485,0
12,千葉県,22,静岡県,7,機械工業品,136.3470074,4.579122199,52.71310164,2.125
12,千葉県,23,愛知県,7,機械工業品,643.353713,451.0282916,139.0010324,19.54913625
12,千葉県,24,三重県,7,機械工業品,116.3981113,0.973419004,25.4754754,11.23076923
12,千葉県,25,滋賀県,7,機械工業品,146.2224603,118.3789585,6.73655914,50.6
12,千葉県,26,京都府,7,機械工業品,83.4792062,73.44692561,16.40178571,8.627118644
12,千葉県,27,大阪府,7,機械工業品,392.3130525,263.7335692,81.97527227,50.10927607
12,千葉県,28,兵庫県,7,機械工業品,174.9345634,282.7624595,8.627118644,11.79807692
12,千葉県,29,奈良県,7,機械工業品,16.4556601,34,4.75,0
12,千葉県,30,和歌山県,7,機械工業品,0.032641871,13.0215678,4.313559322,4.313559322
12,千葉県,31,鳥取県,7,機械工業品,0.909981482,0,0,0
12,千葉県,32,島根県,7,機械工業品,0.0132,13,0,0
12,千葉県,33,岡山県,7,機械工業品,4.666453891,15.3675641,14.34713606,3.423076923
12,千葉県,34,広島県,7,機械工業品,73.37124845,23.15289781,23.87223385,11.92405914
12,千葉県,35,山口県,7,機械工業品,1.121517857,0.067365591,4.1875,6.73655914
12,千葉県,36,徳島県,7,機械工業品,0.335270563,0,6.73655914,0
12,千葉県,37,香川県,7,機械工業品,82.03456984,68.97084677,0,10.92405914
12,千葉県,38,愛媛県,7,機械工業品,0.471307333,0,8.9375,0
12,千葉県,39,高知県,7,機械工業品,7.441203704,0,1.2,0
12,千葉県,40,福岡県,7,機械工業品,106.7247768,21.67086035,17.14713606,8.572115385
12,千葉県,41,佐賀県,7,機械工業品,1.000346134,0,6.73655914,0
12,千葉県,42,長崎県,7,機械工業品,100.5922567,13.10606061,0,0
12,千葉県,43,熊本県,7,機械工業品,66.50449815,68.04282051,0,13.6
12,千葉県,44,大分県,7,機械工業品,2.528907397,147.2686788,0,118.8
12,千葉県,45,宮崎県,7,機械工業品,56.65544888,2.264307692,13.47311828,0
12,千葉県,46,鹿児島県,7,機械工業品,3.470571429,0,2.8,0
12,千葉県,90,全国,7,機械工業品,302.7070955,515.2996667,33.6827957,250.7311828
12,千葉県,92,東北,7,機械工業品,72.04944587,9.444545455,82.3827792,0
12,千葉県,93,海外,7,機械工業品,1796.642265,2644.169981,59.5,86.23378724
12,千葉県,94,不特定,7,機械工業品,292.6773226,1.509745763,116,43.13559322
12,千葉県,99,全て不明,7,機械工業品,150,390.7142857,52,36
13,東京都,01,北海道,7,機械工業品,209.2996184,4.04684538,304.5836125,0
13,東京都,02,青森県,7,機械工業品,102.5793917,128.8751845,157.062254,3.466666667
13,東京都,03,岩手県,7,機械工業品,63.47552616,1.435481012,84.74430531,0
13,東京都,04,宮城県,7,機械工業品,161.9341842,110.8027538,223.2066487,14.52631579
13,東京都,05,秋田県,7,機械工業品,2.458966195,0.265636469,34.49230769,0
13,東京都,06,山形県,7,機械工業品,54.14263662,265.8717923,89.48381751,27.1125641
13,東京都,07,福島県,7,機械工業品,96.04266255,395.0822138,152.0015571,16.25964912
13,東京都,08,茨城県,7,機械工業品,1633.494902,8512.793644,276.5094808,576.6069161
13,東京都,09,栃木県,7,機械工業品,690.0163546,699.8885634,151.1169938,69.90510823
13,東京都,10,群馬県,7,機械工業品,667.8304976,308.1531306,144.2050386,11.62635659
13,東京都,11,埼玉県,7,機械工業品,4114.575747,4343.723252,1472.669828,2190.629796
13,東京都,12,千葉県,7,機械工業品,2542.207041,6239.153434,918.763183,576.0716974
13,東京都,13,東京都,7,機械工業品,13755.97794,13755.97794,4145.533529,4145.533529
13,東京都,14,神奈川県,7,機械工業品,6111.953444,4937.740584,1239.794598,1218.357918
13,東京都,15,新潟県,7,機械工業品,56.57601919,69.99225273,168.5746918,0
13,東京都,16,富山県,7,機械工業品,223.2456205,7.54817222,142.5666625,4.653846154
13,東京都,17,石川県,7,機械工業品,439.8127377,23.70143768,49.01390238,0
13,東京都,18,福井県,7,機械工業品,13.26960059,23,40.91866428,0
13,東京都,19,山梨県,7,機械工業品,416.1550352,256.4824773,90.78995943,21.6952381
13,東京都,20,長野県,7,機械工業品,285.8223223,105.8702068,167.4320074,39.46289593
13,東京都,21,岐阜県,7,機械工業品,83.85508412,29.96945859,88.29847197,0
13,東京都,22,静岡県,7,機械工業品,211.5981783,394.0455211,295.2585016,30.62635659
13,東京都,23,愛知県,7,機械工業品,640.890114,672.4266706,509.0356897,29.0671224
13,東京都,24,三重県,7,機械工業品,140.010442,322.728463,79.83038653,41.89339019
13,東京都,25,滋賀県,7,機械工業品,56.044997,39.73953044,59.86439463,17.99298246
13,東京都,26,京都府,7,機械工業品,290.9676549,13.2821446,116.904451,14.52631579
13,東京都,27,大阪府,7,機械工業品,2041.389855,1848.142738,470.6256272,21.91917293
13,東京都,28,兵庫県,7,機械工業品,234.3079121,58.9466783,256.5354977,0
13,東京都,29,奈良県,7,機械工業品,2.231487673,421.158027,73.65128205,0
13,東京都,30,和歌山県,7,機械工業品,10.9071098,3.207523608,49.58533095,6.426356589
13,東京都,31,鳥取県,7,機械工業品,22.22674375,91.375,113.0902564,0
13,東京都,32,島根県,7,機械工業品,3.082807689,1.459769231,40.91866428,0
13,東京都,33,岡山県,7,機械工業品,55.98085453,100.5817046,157.0010484,6.426356589
13,東京都,34,広島県,7,機械工業品,71.77943043,24.478614,171.4932369,0
13,東京都,35,山口県,7,機械工業品,8.75807903,0,55.09776876,0
13,東京都,36,徳島県,7,機械工業品,44.13334177,0.093913044,54.53199762,0
13,東京都,37,香川県,7,機械工業品,9.05585804,152.6169855,40.91866428,0
13,東京都,38,愛媛県,7,機械工業品,9.761176097,1.219147981,81.59007645,6.426356589
13,東京都,39,高知県,7,機械工業品,2.448939128,0.383333333,107.4769231,0
13,東京都,40,福岡県,7,機械工業品,309.0958832,6.348299329,291.9954964,6.361702128
13,東京都,41,佐賀県,7,機械工業品,16.2362791,0.008,88.07763864,0
13,東京都,42,長崎県,7,機械工業品,48.1083509,3.110357143,68.98461539,0
13,東京都,43,熊本県,7,機械工業品,15.18055039,46.29440974,19.03181766,0
13,東京都,44,大分県,7,機械工業品,36.9875138,60.00920858,70.71794872,0
13,東京都,45,宮崎県,7,機械工業品,5.687533638,0.2901375,44.91866428,0
13,東京都,46,鹿児島県,7,機械工業品,3.998299215,0.128527132,51.09776876,0
13,東京都,47,沖縄県,7,機械工業品,9.495721224,2.313333333,73.65128205,0
13,東京都,90,全国,7,機械工業品,185.0354354,5169.883798,24.30249769,22.65765766
13,東京都,91,東日本,7,機械工業品,0,39.26643357,0,193.8461539
13,東京都,92,東北,7,機械工業品,24.70230396,64.41621682,131.9818182,23.8
13,東京都,93,海外,7,機械工業品,2769.828737,1826.682417,204.2220583,43.57228261
13,東京都,94,不特定,7,機械工業品,6.032100273,5.089707602,0,0
13,東京都,99,全て不明,7,機械工業品,43.2,78.49405594,0,0
14,神奈川県,01,北海道,7,機械工業品,674.9509707,78.35696135,5.623655914,0
14,神奈川県,02,青森県,7,機械工業品,166.3018825,14.15705859,0,0
14,神奈川県,03,岩手県,7,機械工業品,208.6332816,69.41028077,0,6.543956044
14,神奈川県,04,宮城県,7,機械工業品,486.665225,45.2049789,13.16333845,6.050135501
14,神奈川県,05,秋田県,7,機械工業品,82.88068989,9.693424714,11.24731183,0
14,神奈川県,06,山形県,7,機械工業品,217.8157872,19.64025476,21.427022,24.76303824
14,神奈川県,07,福島県,7,機械工業品,254.1592299,622.9177164,4.236111111,37.92619048
14,神奈川県,08,茨城県,7,機械工業品,3248.669926,4870.514909,138.6940871,475.1679047
14,神奈川県,09,栃木県,7,機械工業品,2091.430853,1603.584055,117.5485269,113.5631435
14,神奈川県,10,群馬県,7,機械工業品,2159.081145,991.9190187,205.3144094,125.8621768
14,神奈川県,11,埼玉県,7,機械工業品,3543.120745,4542.664701,176.5388863,1747.024075
14,神奈川県,12,千葉県,7,機械工業品,4279.949674,5336.254937,555.6391393,401.0455757
14,神奈川県,13,東京都,7,機械工業品,4937.740584,6111.953444,1218.357918,1239.794598
14,神奈川県,14,神奈川県,7,機械工業品,46980.3539,46980.3539,6906.317032,6906.317032
14,神奈川県,15,新潟県,7,機械工業品,525.1338871,97.41549113,29.43476703,17.46159582
14,神奈川県,16,富山県,7,機械工業品,658.2116315,55.78993304,36.17979627,20.45614035
14,神奈川県,17,石川県,7,機械工業品,241.5706862,18.0857111,26.97096774,0
14,神奈川県,18,福井県,7,機械工業品,42.08091119,0.736,15.600253,0
14,神奈川県,19,山梨県,7,機械工業品,519.0194321,464.8239842,26.28064516,75.12452485
14,神奈川県,20,長野県,7,機械工業品,699.6876815,308.5467134,41.55913283,39.47680098
14,神奈川県,21,岐阜県,7,機械工業品,41.86357347,215.3394043,11.13716943,17.34506466
14,神奈川県,22,静岡県,7,機械工業品,1414.914999,989.4241983,113.1703612,152.280465
14,神奈川県,23,愛知県,7,機械工業品,2471.612548,1436.256479,183.3453298,55.49643922
14,神奈川県,24,三重県,7,機械工業品,112.6615273,169.0335917,11.55222734,26.96009432
14,神奈川県,25,滋賀県,7,機械工業品,703.9835769,422.4936432,35.51182796,12.81233766
14,神奈川県,26,京都府,7,機械工業品,72.44022853,59.45757976,31.88995351,8.785714286
14,神奈川県,27,大阪府,7,機械工業品,1331.969567,277.7031055,67.37442575,12.61456501
14,神奈川県,28,兵庫県,7,機械工業品,138.4907367,85.69990513,7.957983193,23.66355811
14,神奈川県,29,奈良県,7,機械工業品,27.42271878,0.279259883,3.928571429,12.90604027
14,神奈川県,30,和歌山県,7,機械工業品,11.56254284,0,0,0
14,神奈川県,31,鳥取県,7,機械工業品,47.50448837,2.21200817,0,0
14,神奈川県,32,島根県,7,機械工業品,50.860946,4.485036936,0,0
14,神奈川県,33,岡山県,7,機械工業品,120.7325771,2279.93984,5.623655914,0
14,神奈川県,34,広島県,7,機械工業品,521.4600549,14.11792097,0,0
14,神奈川県,35,山口県,7,機械工業品,250.8726975,101,0,0
14,神奈川県,36,徳島県,7,機械工業品,19.26957131,0,0,0
14,神奈川県,37,香川県,7,機械工業品,25.54476673,43.36226331,0,0
14,神奈川県,38,愛媛県,7,機械工業品,41.04934596,4.140892396,0,0
14,神奈川県,39,高知県,7,機械工業品,16.09260397,1.935849057,0,6.452830189
14,神奈川県,40,福岡県,7,機械工業品,6025.17819,6999.62175,292.845867,245.245614
14,神奈川県,41,佐賀県,7,機械工業品,8.46782649,0.029390244,11.27882833,0
14,神奈川県,42,長崎県,7,機械工業品,20.93949067,4.428737446,0,0
14,神奈川県,43,熊本県,7,機械工業品,44.03850915,4.586588235,12.0764861,0
14,神奈川県,44,大分県,7,機械工業品,27.40784054,5.080588235,0,2
14,神奈川県,45,宮崎県,7,機械工業品,27.83741362,0,0,0
14,神奈川県,46,鹿児島県,7,機械工業品,38.03482653,4.355529412,11.24731183,0
14,神奈川県,47,沖縄県,7,機械工業品,40.19103938,0.021647059,0,0
14,神奈川県,90,全国,7,機械工業品,381.6465197,233.0013618,44.10378682,293.372549
14,神奈川県,91,東日本,7,機械工業品,7,0,0,0
14,神奈川県,92,東北,7,機械工業品,800.2901153,6.514285714,62.625,0
14,神奈川県,93,海外,7,機械工業品,3720.968409,2959.342277,115.7858077,94.89856547
14,神奈川県,94,不特定,7,機械工業品,174.1838497,30.38360912,24.86956522,20.86956522
14,神奈川県,99,全て不明,7,機械工業品,1.175609756,9.427396122,17.63414634,11.22222222
15,新潟県,08,茨城県,7,機械工業品,43.60614523,172.6234565,20.51720648,32.10258799
15,新潟県,11,埼玉県,7,機械工業品,188.0186882,721.0086466,89.27769105,321.9633691
15,新潟県,12,千葉県,7,機械工業品,34.89597094,67.26399888,13.93236334,20.69678641
15,新潟県,13,東京都,7,機械工業品,69.99225273,56.57601919,0,168.5746918
15,新潟県,14,神奈川県,7,機械工業品,97.41549113,525.1338871,17.46159582,29.43476703
16,富山県,08,茨城県,7,機械工業品,58.18729704,60.61232591,4.823529412,9
16,富山県,11,埼玉県,7,機械工業品,14.70210879,41.70924116,19.98135575,36.06360604
16,富山県,12,千葉県,7,機械工業品,2.183333333,3.026103379,0,6.73655914
16,富山県,13,東京都,7,機械工業品,7.54817222,223.2456205,4.653846154,142.5666625
16,富山県,14,神奈川県,7,機械工業品,55.78993304,658.2116315,20.45614035,36.17979627
17,石川県,08,茨城県,7,機械工業品,29.19292594,45.33309003,4.096153846,16.66036494
17,石川県,11,埼玉県,7,機械工業品,18.3731442,20.83672245,26.27402888,51.30740154
17,石川県,12,千葉県,7,機械工業品,15.9375,1.127195686,0,4.1875
17,石川県,13,東京都,7,機械工業品,23.70143768,439.8127377,0,49.01390238
17,石川県,14,神奈川県,7,機械工業品,18.0857111,241.5706862,0,26.97096774
18,福井県,08,茨城県,7,機械工業品,1.397425527,0.314136349,0,3.114942529
18,福井県,11,埼玉県,7,機械工業品,1.925079365,50.5489638,12.03174603,60.03695127
18,福井県,12,千葉県,7,機械工業品,17.71428571,53.32119213,0,0
18,福井県,13,東京都,7,機械工業品,23,13.26960059,0,40.91866428
18,福井県,14,神奈川県,7,機械工業品,0.736,42.08091119,0,15.600253
19,山梨県,08,茨城県,7,機械工業品,102.3572659,117.9413926,25.91249584,29.96610045
19,山梨県,11,埼玉県,7,機械工業品,14.534126,50.64818474,14.07097289,100.9585184
19,山梨県,12,千葉県,7,機械工業品,31.99524621,80.78079525,13.1,11.42857143
19,山梨県,13,東京都,7,機械工業品,256.4824773,416.1550352,21.6952381,90.78995943
19,山梨県,14,神奈川県,7,機械工業品,464.8239842,519.0194321,75.12452485,26.28064516
20,長野県,08,茨城県,7,機械工業品,20.83490345,44.91835523,28.45008808,58.41603839
20,長野県,11,埼玉県,7,機械工業品,252.372486,263.6637926,125.7782146,359.7760755
20,長野県,12,千葉県,7,機械工業品,57.69843524,122.2054566,18.15963606,16.02784504
20,長野県,13,東京都,7,機械工業品,105.8702068,285.8223223,39.46289593,167.4320074
20,長野県,14,神奈川県,7,機械工業品,308.5467134,699.6876815,39.47680098,41.55913283
21,岐阜県,08,茨城県,7,機械工業品,11.08515632,30.88416268,8.210526316,13.67103307
21,岐阜県,11,埼玉県,7,機械工業品,9.054823108,7.664590125,10.32259571,61.18562281
21,岐阜県,12,千葉県,7,機械工業品,0.742857143,63.98844238,0,14.70084485
21,岐阜県,13,東京都,7,機械工業品,29.96945859,83.85508412,0,88.29847197
21,岐阜県,14,神奈川県,7,機械工業品,215.3394043,41.86357347,17.34506466,11.13716943
22,静岡県,08,茨城県,7,機械工業品,122.5419655,447.9359134,22.46914684,103.8715162
22,静岡県,11,埼玉県,7,機械工業品,228.447106,845.2325783,132.2088368,374.0365561
22,静岡県,12,千葉県,7,機械工業品,4.579122199,136.3470074,2.125,52.71310164
22,静岡県,13,東京都,7,機械工業品,394.0455211,211.5981783,30.62635659,295.2585016
22,静岡県,14,神奈川県,7,機械工業品,989.4241983,1414.914999,152.280465,113.1703612
23,愛知県,08,茨城県,7,機械工業品,1110.26445,1043.391074,181.320909,289.3218356
23,愛知県,11,埼玉県,7,機械工業品,954.4719287,716.4104771,188.0557304,500.9525061
23,愛知県,12,千葉県,7,機械工業品,451.0282916,643.353713,19.54913625,139.0010324
23,愛知県,13,東京都,7,機械工業品,672.4266706,640.890114,29.0671224,509.0356897
23,愛知県,14,神奈川県,7,機械工業品,1436.256479,2471.612548,55.49643922,183.3453298
24,三重県,08,茨城県,7,機械工業品,23.215178,460.4538482,8.210526316,59.77166397
24,三重県,11,埼玉県,7,機械工業品,267.6983094,254.4208584,58.53805753,98.16968979
24,三重県,12,千葉県,7,機械工業品,0.973419004,116.3981113,11.23076923,25.4754754
24,三重県,13,東京都,7,機械工業品,322.728463,140.010442,41.89339019,79.83038653
24,三重県,14,神奈川県,7,機械工業品,169.0335917,112.6615273,26.96009432,11.55222734
25,滋賀県,08,茨城県,7,機械工業品,5.474715447,55.20032221,3.284552846,8.395663957
25,滋賀県,11,埼玉県,7,機械工業品,1812.44245,175.6451407,250.1121656,114.2866056
25,滋賀県,12,千葉県,7,機械工業品,118.3789585,146.2224603,50.6,6.73655914
25,滋賀県,13,東京都,7,機械工業品,39.73953044,56.044997,17.99298246,59.86439463
25,滋賀県,14,神奈川県,7,機械工業品,422.4936432,703.9835769,12.81233766,35.51182796
26,京都府,08,茨城県,7,機械工業品,0.349003822,161.4556469,4.096153846,19.82633003
26,京都府,11,埼玉県,7,機械工業品,53.98628293,84.97426923,29.85298732,104.7029724
26,京都府,12,千葉県,7,機械工業品,73.44692561,83.4792062,8.627118644,16.40178571
26,京都府,13,東京都,7,機械工業品,13.2821446,290.9676549,14.52631579,116.904451
26,京都府,14,神奈川県,7,機械工業品,59.45757976,72.44022853,8.785714286,31.88995351
27,大阪府,08,茨城県,7,機械工業品,747.1020455,738.0264982,88.48956751,170.3851077
27,大阪府,11,埼玉県,7,機械工業品,1220.280475,477.9208984,294.9064023,591.1593517
27,大阪府,12,千葉県,7,機械工業品,263.7335692,392.3130525,50.10927607,81.97527227
27,大阪府,13,東京都,7,機械工業品,1848.142738,2041.389855,21.91917293,470.6256272
27,大阪府,14,神奈川県,7,機械工業品,277.7031055,1331.969567,12.61456501,67.37442575
28,兵庫県,08,茨城県,7,機械工業品,53.31290837,24.37208013,16.69231141,53.84090815
28,兵庫県,11,埼玉県,7,機械工業品,13.73409382,140.1672562,69.65675207,296.3363697
28,兵庫県,12,千葉県,7,機械工業品,282.7624595,174.9345634,11.79807692,8.627118644
28,兵庫県,13,東京都,7,機械工業品,58.9466783,234.3079121,0,256.5354977
28,兵庫県,14,神奈川県,7,機械工業品,85.69990513,138.4907367,23.66355811,7.957983193
29,奈良県,08,茨城県,7,機械工業品,0.325713632,98.71765038,16.42105263,11.47686054
29,奈良県,11,埼玉県,7,機械工業品,1.699466905,3.239697877,3.938461539,18.13892216
29,奈良県,12,千葉県,7,機械工業品,34,16.4556601,0,4.75
29,奈良県,13,東京都,7,機械工業品,421.158027,2.231487673,0,73.65128205
29,奈良県,14,神奈川県,7,機械工業品,0.279259883,27.42271878,12.90604027,3.928571429
30,和歌山県,08,茨城県,7,機械工業品,0.055714286,0.25666453,0,0
30,和歌山県,11,埼玉県,7,機械工業品,0,0.607982456,0,5.798245614
30,和歌山県,12,千葉県,7,機械工業品,13.0215678,0.032641871,4.313559322,4.313559322
30,和歌山県,13,東京都,7,機械工業品,3.207523608,10.9071098,6.426356589,49.58533095
30,和歌山県,14,神奈川県,7,機械工業品,0,11.56254284,0,0
31,鳥取県,08,茨城県,7,機械工業品,8.725469765,3.170552412,8.712643678,0
31,鳥取県,11,埼玉県,7,機械工業品,0,1.521368421,0,6.842105263
31,鳥取県,12,千葉県,7,機械工業品,0,0.909981482,0,0
31,鳥取県,13,東京都,7,機械工業品,91.375,22.22674375,0,113.0902564
31,鳥取県,14,神奈川県,7,機械工業品,2.21200817,47.50448837,0,0
32,島根県,08,茨城県,7,機械工業品,0,0.313546172,0,7.685990338
32,島根県,11,埼玉県,7,機械工業品,0,0.129726046,0,12.44035088
32,島根県,12,千葉県,7,機械工業品,13,0.0132,0,0
32,島根県,13,東京都,7,機械工業品,1.459769231,3.082807689,0,40.91866428
32,島根県,14,神奈川県,7,機械工業品,4.485036936,50.860946,0,0
33,岡山県,08,茨城県,7,機械工業品,38.18712442,54.81367607,8.712643678,22.48347255
33,岡山県,11,埼玉県,7,機械工業品,0.136736842,16.52554138,7.596491228,30.66002743
33,岡山県,12,千葉県,7,機械工業品,15.3675641,4.666453891,3.423076923,14.34713606
33,岡山県,13,東京都,7,機械工業品,100.5817046,55.98085453,6.426356589,157.0010484
33,岡山県,14,神奈川県,7,機械工業品,2279.93984,120.7325771,0,5.623655914
34,広島県,08,茨城県,7,機械工業品,0.074285714,109.0417159,0,38.55412666
34,広島県,11,埼玉県,7,機械工業品,259.9187328,78.37266689,63.20580154,125.502872
34,広島県,12,千葉県,7,機械工業品,23.15289781,73.37124845,11.92405914,23.87223385
34,広島県,13,東京都,7,機械工業品,24.478614,71.77943043,0,171.4932369
34,広島県,14,神奈川県,7,機械工業品,14.11792097,521.4600549,0,0
35,山口県,08,茨城県,7,機械工業品,0,30.01329054,0,22.88752767
35,山口県,11,埼玉県,7,機械工業品,0,19.49813508,0,65.54361367
35,山口県,12,千葉県,7,機械工業品,0.067365591,1.121517857,6.73655914,4.1875
35,山口県,13,東京都,7,機械工業品,0,8.75807903,0,55.09776876
35,山口県,14,神奈川県,7,機械工業品,101,250.8726975,0,0
36,徳島県,08,茨城県,7,機械工業品,0,3.321451419,0,6.452830189
36,徳島県,11,埼玉県,7,機械工業品,0.512,0.653444976,0,16.5784689
36,徳島県,12,千葉県,7,機械工業品,0,0.335270563,0,6.73655914
36,徳島県,13,東京都,7,機械工業品,0.093913044,44.13334177,0,54.53199762
36,徳島県,14,神奈川県,7,機械工業品,0,19.26957131,0,0
37,香川県,08,茨城県,7,機械工業品,0,0.290516072,0,0
37,香川県,11,埼玉県,7,機械工業品,0.149104072,23.37151575,10.40904977,54.87328418
37,香川県,12,千葉県,7,機械工業品,68.97084677,82.03456984,10.92405914,0
37,香川県,13,東京都,7,機械工業品,152.6169855,9.05585804,0,40.91866428
37,香川県,14,神奈川県,7,機械工業品,43.36226331,25.54476673,0,0
38,愛媛県,08,茨城県,7,機械工業品,0,0.154700542,0,3.284552846
38,愛媛県,11,埼玉県,7,機械工業品,0.017555556,31.78016883,4.388888889,112.4399871
38,愛媛県,12,千葉県,7,機械工業品,0,0.471307333,0,8.9375
38,愛媛県,13,東京都,7,機械工業品,1.219147981,9.761176097,6.426356589,81.59007645
38,愛媛県,14,神奈川県,7,機械工業品,4.140892396,41.04934596,0,0
39,高知県,08,茨城県,7,機械工業品,0.27369863,3.348248428,0,6.452830189
39,高知県,11,埼玉県,7,機械工業品,0.56969697,2.576450162,11.39393939,51.91155854
39,高知県,12,千葉県,7,機械工業品,0,7.441203704,0,1.2
39,高知県,13,東京都,7,機械工業品,0.383333333,2.448939128,0,107.4769231
39,高知県,14,神奈川県,7,機械工業品,1.935849057,16.09260397,6.452830189,0
40,福岡県,08,茨城県,7,機械工業品,1.276208791,135.7044056,0,65.87661899
40,福岡県,11,埼玉県,7,機械工業品,28.32641418,145.7318921,39.39530508,187.1579576
40,福岡県,12,千葉県,7,機械工業品,21.67086035,106.7247768,8.572115385,17.14713606
40,福岡県,13,東京都,7,機械工業品,6.348299329,309.0958832,6.361702128,291.9954964
40,福岡県,14,神奈川県,7,機械工業品,6999.62175,6025.17819,245.245614,292.845867
41,佐賀県,08,茨城県,7,機械工業品,37.82528736,10.58024898,0,0
41,佐賀県,11,埼玉県,7,機械工業品,0,50.38294472,0,45.15253389
41,佐賀県,12,千葉県,7,機械工業品,0,1.000346134,0,6.73655914
41,佐賀県,13,東京都,7,機械工業品,0.008,16.2362791,0,88.07763864
41,佐賀県,14,神奈川県,7,機械工業品,0.029390244,8.46782649,0,11.27882833
42,長崎県,08,茨城県,7,機械工業品,0.065538462,0.396168803,0,0
42,長崎県,11,埼玉県,7,機械工業品,1.024,45.6161585,0,61.47502583
42,長崎県,12,千葉県,7,機械工業品,13.10606061,100.5922567,0,0
42,長崎県,13,東京都,7,機械工業品,3.110357143,48.1083509,0,68.98461539
42,長崎県,14,神奈川県,7,機械工業品,4.428737446,20.93949067,0,0
43,熊本県,08,茨城県,7,機械工業品,17.42528736,27.28816665,0,3.284552846
43,熊本県,11,埼玉県,7,機械工業品,12.07740881,41.28001918,25.69928564,38.95016795
43,熊本県,12,千葉県,7,機械工業品,68.04282051,66.50449815,13.6,0
43,熊本県,13,東京都,7,機械工業品,46.29440974,15.18055039,0,19.03181766
43,熊本県,14,神奈川県,7,機械工業品,4.586588235,44.03850915,0,12.0764861
44,大分県,08,茨城県,7,機械工業品,0,0.555380278,0,8.414987628
44,大分県,11,埼玉県,7,機械工業品,1.40584874,105.0297713,8.521008403,32.788304
44,大分県,12,千葉県,7,機械工業品,147.2686788,2.528907397,118.8,0
44,大分県,13,東京都,7,機械工業品,60.00920858,36.9875138,0,70.71794872
44,大分県,14,神奈川県,7,機械工業品,5.080588235,27.40784054,2,0
45,宮崎県,08,茨城県,7,機械工業品,0,1.179760636,0,12.34153116
45,宮崎県,11,埼玉県,7,機械工業品,8.889107722,2.778486216,12.20407033,14.88220551
45,宮崎県,12,千葉県,7,機械工業品,2.264307692,56.65544888,0,13.47311828
45,宮崎県,13,東京都,7,機械工業品,0.2901375,5.687533638,0,44.91866428
45,宮崎県,14,神奈川県,7,機械工業品,0,27.83741362,0,0
46,鹿児島県,08,茨城県,7,機械工業品,0,165.8886389,0,3.284552846
46,鹿児島県,11,埼玉県,7,機械工業品,0.512,2.240472963,0,106.3200221
46,鹿児島県,12,千葉県,7,機械工業品,0,3.470571429,0,2.8
46,鹿児島県,13,東京都,7,機械工業品,0.128527132,3.998299215,0,51.09776876
46,鹿児島県,14,神奈川県,7,機械工業品,4.355529412,38.03482653,0,11.24731183
47,沖縄県,08,茨城県,7,機械工業品,0,6.299929487,0,0
47,沖縄県,11,埼玉県,7,機械工業品,0,7.286185946,0,27.32781955
47,沖縄県,13,東京都,7,機械工業品,2.313333333,9.495721224,0,73.65128205
47,沖縄県,14,神奈川県,7,機械工業品,0.021647059,40.19103938,0,0
90,全国,08,茨城県,7,機械工業品,15.25513044,2.983334448,0,0
90,全国,11,埼玉県,7,機械工業品,3.390171858,31.32987469,55.84371643,217.2712995
90,全国,12,千葉県,7,機械工業品,515.2996667,302.7070955,250.7311828,33.6827957
90,全国,13,東京都,7,機械工業品,5169.883798,185.0354354,22.65765766,24.30249769
90,全国,14,神奈川県,7,機械工業品,233.0013618,381.6465197,293.372549,44.10378682
91,東日本,13,東京都,7,機械工業品,39.26643357,0,193.8461539,0
91,東日本,14,神奈川県,7,機械工業品,0,7,0,0
92,東北,08,茨城県,7,機械工業品,41,106.0722222,30.75,0
92,東北,11,埼玉県,7,機械工業品,2.342803437,6.903770748,175.5306122,36.00539084
92,東北,12,千葉県,7,機械工業品,9.444545455,72.04944587,0,82.3827792
92,東北,13,東京都,7,機械工業品,64.41621682,24.70230396,23.8,131.9818182
92,東北,14,神奈川県,7,機械工業品,6.514285714,800.2901153,0,62.625
93,海外,08,茨城県,7,機械工業品,2101.298507,2025.950732,14.41176471,155.4365079
93,海外,11,埼玉県,7,機械工業品,653.9741358,1046.911068,171.1675994,225.4962731
93,海外,12,千葉県,7,機械工業品,2644.169981,1796.642265,86.23378724,59.5
93,海外,13,東京都,7,機械工業品,1826.682417,2769.828737,43.57228261,204.2220583
93,海外,14,神奈川県,7,機械工業品,2959.342277,3720.968409,94.89856547,115.7858077
94,不特定,08,茨城県,7,機械工業品,4.00476589,0.044835165,40.37719298,0
94,不特定,11,埼玉県,7,機械工業品,28.26018868,16.88018868,91.33396226,40.58047389
94,不特定,12,千葉県,7,機械工業品,1.509745763,292.6773226,43.13559322,116
94,不特定,13,東京都,7,機械工業品,5.089707602,6.032100273,0,0
94,不特定,14,神奈川県,7,機械工業品,30.38360912,174.1838497,20.86956522,24.86956522
99,全て不明,08,茨城県,7,機械工業品,0.222857143,0,11.14285714,0
99,全て不明,11,埼玉県,7,機械工業品,4.711892791,68.64742434,87.1738029,99.23764001
99,全て不明,12,千葉県,7,機械工業品,390.7142857,150,36,52
99,全て不明,13,東京都,7,機械工業品,78.49405594,43.2,0,0
99,全て不明,14,神奈川県,7,機械工業品,9.427396122,1.175609756,11.22222222,17.63414634
01,北海道,08,茨城県,8,窯業・化学工業品,3546.332143,2819.781914,2.571428571,21.22857143
01,北海道,11,埼玉県,8,窯業・化学工業品,0.660238095,303.7514975,7.031746032,171.1838788
01,北海道,12,千葉県,8,窯業・化学工業品,136.833,10239.8773,0,33.98953301
01,北海道,13,東京都,8,窯業・化学工業品,11146.39411,34.83174029,1,0
01,北海道,14,神奈川県,8,窯業・化学工業品,1.812,885.2975709,0,26.49320601
02,青森県,08,茨城県,8,窯業・化学工業品,14.87884291,4975.07295,5.670498084,32.95842491
02,青森県,11,埼玉県,8,窯業・化学工業品,0,66.58556959,0,97.999534
02,青森県,12,千葉県,8,窯業・化学工業品,374.0876923,4.442703105,0,0
02,青森県,13,東京都,8,窯業・化学工業品,0.031808511,2.523454066,0,0
02,青森県,14,神奈川県,8,窯業・化学工業品,1.442111111,160.197875,0,4
03,岩手県,08,茨城県,8,窯業・化学工業品,51.05837912,1754.12178,2.403846154,22.56556777
03,岩手県,11,埼玉県,8,窯業・化学工業品,0,66.31870875,0,162.4321217
03,岩手県,12,千葉県,8,窯業・化学工業品,207.7854182,428.8152673,0,16.55266204
03,岩手県,13,東京都,8,窯業・化学工業品,11136.39411,19.06057596,0,14.70909091
03,岩手県,14,神奈川県,8,窯業・化学工業品,47.78636221,155.8661406,0,15.33023944
04,宮城県,08,茨城県,8,窯業・化学工業品,48.60219017,4970.774604,11.18131868,42.31332576
04,宮城県,11,埼玉県,8,窯業・化学工業品,13.66815476,441.4588822,35.19186508,192.3104048
04,宮城県,12,千葉県,8,窯業・化学工業品,0,2353.985356,0,85.49428643
04,宮城県,13,東京都,8,窯業・化学工業品,4.475099754,9.624801614,0,6.426356589
04,宮城県,14,神奈川県,8,窯業・化学工業品,2.223182432,416.5276895,0,29.29172791
05,秋田県,08,茨城県,8,窯業・化学工業品,523.3878694,1515.08628,46.10523504,11.32014652
05,秋田県,11,埼玉県,8,窯業・化学工業品,51.20832765,58.92427534,29.91357502,103.0649982
05,秋田県,12,千葉県,8,窯業・化学工業品,0,54.65729115,0,5.537037037
05,秋田県,13,東京都,8,窯業・化学工業品,2.614723961,23.683624,5.934210526,0
05,秋田県,14,神奈川県,8,窯業・化学工業品,1.950572171,46.49856771,0,2.611111111
06,山形県,08,茨城県,8,窯業・化学工業品,2.411321839,147.0104706,0,25.26960397
06,山形県,11,埼玉県,8,窯業・化学工業品,84.67941691,5.147403927,30.11631962,55.51420217
06,山形県,12,千葉県,8,窯業・化学工業品,0,181.6745988,0,23.02690426
06,山形県,13,東京都,8,窯業・化学工業品,45.72965803,275.9324633,0,63.24776786
06,山形県,14,神奈川県,8,窯業・化学工業品,246.6182657,94.02873979,0,0
07,福島県,08,茨城県,8,窯業・化学工業品,1260.942964,5349.727059,95.74945697,177.5209537
07,福島県,11,埼玉県,8,窯業・化学工業品,659.6629639,1192.548773,189.5238765,218.1337677
07,福島県,12,千葉県,8,窯業・化学工業品,450.9778021,2508.66665,30.32239382,59.43974165
07,福島県,13,東京都,8,窯業・化学工業品,360.5980363,725.6204273,23.14656965,47.63034188
07,福島県,14,神奈川県,8,窯業・化学工業品,283.8630191,648.7612864,17.21052632,45.96579651
08,茨城県,01,北海道,8,窯業・化学工業品,2819.781914,3546.332143,21.22857143,2.571428571
08,茨城県,02,青森県,8,窯業・化学工業品,4975.07295,14.87884291,32.95842491,5.670498084
08,茨城県,03,岩手県,8,窯業・化学工業品,1754.12178,51.05837912,22.56556777,2.403846154
08,茨城県,04,宮城県,8,窯業・化学工業品,4970.774604,48.60219017,42.31332576,11.18131868
08,茨城県,05,秋田県,8,窯業・化学工業品,1515.08628,523.3878694,11.32014652,46.10523504
08,茨城県,06,山形県,8,窯業・化学工業品,147.0104706,2.411321839,25.26960397,0
08,茨城県,07,福島県,8,窯業・化学工業品,5349.727059,1260.942964,177.5209537,95.74945697
08,茨城県,08,茨城県,8,窯業・化学工業品,74305.22564,74305.22564,5840.145696,5840.145696
08,茨城県,09,栃木県,8,窯業・化学工業品,4647.653584,5324.781857,378.2813885,407.7627184
08,茨城県,10,群馬県,8,窯業・化学工業品,2094.802612,385.8131275,131.3310137,44.89909512
08,茨城県,11,埼玉県,8,窯業・化学工業品,7093.128334,12421.10328,500.4531568,1449.152215
08,茨城県,12,千葉県,8,窯業・化学工業品,17287.75319,22886.02479,609.4416142,544.6207335
08,茨城県,13,東京都,8,窯業・化学工業品,7966.507364,1314.609258,426.5800438,87.87342073
08,茨城県,14,神奈川県,8,窯業・化学工業品,10552.81136,6337.679569,366.0090727,403.8992276
08,茨城県,15,新潟県,8,窯業・化学工業品,2396.466343,800.826889,45.72016846,25.80388484
08,茨城県,16,富山県,8,窯業・化学工業品,184.6474096,12.75548524,25.96506943,6.301755716
08,茨城県,17,石川県,8,窯業・化学工業品,591.6322018,0.073959402,29.67467238,4.959401709
08,茨城県,18,福井県,8,窯業・化学工業品,42.77058991,70.64685956,9.488568902,5.518788683
08,茨城県,19,山梨県,8,窯業・化学工業品,221.7439684,50.01310925,21.3722538,6.114942529
08,茨城県,20,長野県,8,窯業・化学工業品,192.0160951,100.6472416,23.97875458,17.73687424
08,茨城県,21,岐阜県,8,窯業・化学工業品,783.2726657,141.7959678,18.90526715,12.50903541
08,茨城県,22,静岡県,8,窯業・化学工業品,3898.187314,376.4689537,102.942114,44.44268735
08,茨城県,23,愛知県,8,窯業・化学工業品,5977.37578,386.2495139,87.82460226,29.05427098
08,茨城県,24,三重県,8,窯業・化学工業品,3813.338947,191.2033407,21.35540293,14.27753358
08,茨城県,25,滋賀県,8,窯業・化学工業品,672.9302648,40.9163453,15.92332112,10.56324786
08,茨城県,26,京都府,8,窯業・化学工業品,63.69675927,5.645614943,2.8,0
08,茨城県,27,大阪府,8,窯業・化学工業品,3338.291663,740.3203423,43.04757484,52.0933983
08,茨城県,28,兵庫県,8,窯業・化学工業品,1236.990155,549.842835,21.2465833,16.55636605
08,茨城県,29,奈良県,8,窯業・化学工業品,55.68790197,11.55777778,5.986813187,3.58
08,茨城県,30,和歌山県,8,窯業・化学工業品,1872.196286,1438.274736,2.8,11.32546885
08,茨城県,31,鳥取県,8,窯業・化学工業品,1.171261494,0,0,0
08,茨城県,32,島根県,8,窯業・化学工業品,26.91232108,0,6.466666667,0
08,茨城県,33,岡山県,8,窯業・化学工業品,1725.0383,1715.595962,13.00512821,10.87318429
08,茨城県,34,広島県,8,窯業・化学工業品,108.899554,44.36067766,9.029885058,16.04032462
08,茨城県,35,山口県,8,窯業・化学工業品,4744.393562,95.47775808,8.746428571,14.90357248
08,茨城県,36,徳島県,8,窯業・化学工業品,18.9228718,49.55737931,8.390659341,8.694942529
08,茨城県,37,香川県,8,窯業・化学工業品,39.05322168,365.6471111,5.914942529,0
08,茨城県,38,愛媛県,8,窯業・化学工業品,4.666195402,1773.191856,0,2.571428571
08,茨城県,39,高知県,8,窯業・化学工業品,22.79376689,4.02537931,5.986813187,3.114942529
08,茨城県,40,福岡県,8,窯業・化学工業品,849.7507367,1880.9026,26.33358674,11.67224515
08,茨城県,41,佐賀県,8,窯業・化学工業品,133.7735159,57.376,5.914942529,0
08,茨城県,42,長崎県,8,窯業・化学工業品,1578.848339,0,8.4863711,0
08,茨城県,43,熊本県,8,窯業・化学工業品,73.91435314,0.045403846,5.986813187,2.403846154
08,茨城県,44,大分県,8,窯業・化学工業品,1676.594828,1530.05153,24.796337,2.388888889
08,茨城県,45,宮崎県,8,窯業・化学工業品,2.358117816,0,5.355555556,0
08,茨城県,46,鹿児島県,8,窯業・化学工業品,1555.873934,3.201923077,11.54642857,0
08,茨城県,47,沖縄県,8,窯業・化学工業品,31.0745,0,3.8,0
08,茨城県,90,全国,8,窯業・化学工業品,2682.997783,2492.798707,8.229166667,28.11458333
08,茨城県,92,東北,8,窯業・化学工業品,181.9802874,0,0,0
08,茨城県,93,海外,8,窯業・化学工業品,7112.841427,15991.19631,56.03448276,56.81145004
08,茨城県,94,不特定,8,窯業・化学工業品,675.2941177,0,37.64705882,0
08,茨城県,99,全て不明,8,窯業・化学工業品,0.833333333,18.44924636,0,17.15683472
09,栃木県,08,茨城県,8,窯業・化学工業品,5324.781857,4647.653584,407.7627184,378.2813885
09,栃木県,11,埼玉県,8,窯業・化学工業品,1711.430995,6167.239638,315.1962454,906.7585534
09,栃木県,12,千葉県,8,窯業・化学工業品,872.0871611,7050.662233,27.875,305.1967659
09,栃木県,13,東京都,8,窯業・化学工業品,371.4896592,1609.198829,5.769230769,116.9174042
09,栃木県,14,神奈川県,8,窯業・化学工業品,4412.426185,4913.308029,23.2254902,102.3972502
10,群馬県,08,茨城県,8,窯業・化学工業品,385.8131275,2094.802612,44.89909512,131.3310137
10,群馬県,11,埼玉県,8,窯業・化学工業品,11790.33341,7400.787456,477.3121885,1112.971972
10,群馬県,12,千葉県,8,窯業・化学工業品,274.4523004,9851.560978,23.68018018,182.7367543
10,群馬県,13,東京都,8,窯業・化学工業品,1058.395793,777.2023429,25.8,43.74966528
10,群馬県,14,神奈川県,8,窯業・化学工業品,1048.984718,2886.156528,23.41666667,265.1520793
11,埼玉県,01,北海道,8,窯業・化学工業品,303.7514975,0.660238095,171.1838788,7.031746032
11,埼玉県,02,青森県,8,窯業・化学工業品,66.58556959,0,97.999534,0
11,埼玉県,03,岩手県,8,窯業・化学工業品,66.31870875,0,162.4321217,0
11,埼玉県,04,宮城県,8,窯業・化学工業品,441.4588822,13.66815476,192.3104048,35.19186508
11,埼玉県,05,秋田県,8,窯業・化学工業品,58.92427534,51.20832765,103.0649982,29.91357502
11,埼玉県,06,山形県,8,窯業・化学工業品,5.147403927,84.67941691,55.51420217,30.11631962
11,埼玉県,07,福島県,8,窯業・化学工業品,1192.548773,659.6629639,218.1337677,189.5238765
11,埼玉県,08,茨城県,8,窯業・化学工業品,12421.10328,7093.128334,1449.152215,500.4531568
11,埼玉県,09,栃木県,8,窯業・化学工業品,6167.239638,1711.430995,906.7585534,315.1962454
11,埼玉県,10,群馬県,8,窯業・化学工業品,7400.787456,11790.33341,1112.971972,477.3121885
11,埼玉県,11,埼玉県,8,窯業・化学工業品,70178.47301,70178.47301,9029.457112,9029.457112
11,埼玉県,12,千葉県,8,窯業・化学工業品,5662.876749,24132.91742,1483.795182,762.9871299
11,埼玉県,13,東京都,8,窯業・化学工業品,16272.9607,8863.289991,3521.028881,532.1775562
11,埼玉県,14,神奈川県,8,窯業・化学工業品,8656.13785,18995.9168,1472.159738,892.24068
11,埼玉県,15,新潟県,8,窯業・化学工業品,593.606135,276.5343262,240.8940952,108.5914102
11,埼玉県,16,富山県,8,窯業・化学工業品,16.37589918,198.6160791,40.62595813,64.53429903
11,埼玉県,17,石川県,8,窯業・化学工業品,46.88284649,1.671857143,65.32804431,5.285714286
11,埼玉県,18,福井県,8,窯業・化学工業品,141.1059177,160.5379034,60.57850697,86.24058306
11,埼玉県,19,山梨県,8,窯業・化学工業品,1144.427334,21.93849206,200.1753414,16.30618212
11,埼玉県,20,長野県,8,窯業・化学工業品,438.0442634,51.43880052,249.1475898,37.17037838
11,埼玉県,21,岐阜県,8,窯業・化学工業品,162.7266805,388.3561029,197.5091667,72.40187866
11,埼玉県,22,静岡県,8,窯業・化学工業品,894.9668274,25326.10278,526.4501121,295.173335
11,埼玉県,23,愛知県,8,窯業・化学工業品,640.8988967,710.0168389,406.6715956,261.7699203
11,埼玉県,24,三重県,8,窯業・化学工業品,280.3060335,290.5709223,181.5225522,152.0384806
11,埼玉県,25,滋賀県,8,窯業・化学工業品,149.0992302,352.3250022,147.2167345,124.8565959
11,埼玉県,26,京都府,8,窯業・化学工業品,339.5156687,93.4923115,139.4950413,83.1289605
11,埼玉県,27,大阪府,8,窯業・化学工業品,815.7169353,387.6045158,465.6319262,270.9129529
11,埼玉県,28,兵庫県,8,窯業・化学工業品,1030.432298,661.484652,285.0934532,176.4063393
11,埼玉県,29,奈良県,8,窯業・化学工業品,8.755217503,71.66754228,21.88256113,63.96982251
11,埼玉県,30,和歌山県,8,窯業・化学工業品,62.90362848,79.28542857,33.82134503,17.79761905
11,埼玉県,31,鳥取県,8,窯業・化学工業品,0.407371345,0,20.34356725,0
11,埼玉県,32,島根県,8,窯業・化学工業品,0.109166667,0,11.41666667,0
11,埼玉県,33,岡山県,8,窯業・化学工業品,145.8566941,120.890807,117.7690075,77.20247729
11,埼玉県,34,広島県,8,窯業・化学工業品,138.5401132,53.73883264,164.3546079,47.50393375
11,埼玉県,35,山口県,8,窯業・化学工業品,18.04974211,168.8650525,47.96578947,79.40670472
11,埼玉県,36,徳島県,8,窯業・化学工業品,13.55950566,7971.203008,39.57925204,6.906015038
11,埼玉県,37,香川県,8,窯業・化学工業品,25.36363953,4.379166667,59.9902746,12.8125
11,埼玉県,38,愛媛県,8,窯業・化学工業品,16.19176945,209.097529,37.86233211,39.53570417
11,埼玉県,39,高知県,8,窯業・化学工業品,0.532511111,3.131746032,16.52777778,7.73015873
11,埼玉県,40,福岡県,8,窯業・化学工業品,282.3863283,88.44042561,216.8593712,20.23675082
11,埼玉県,41,佐賀県,8,窯業・化学工業品,272.6093532,643.255814,73.22033761,32.1627907
11,埼玉県,42,長崎県,8,窯業・化学工業品,0.455,0,21.41666667,0
11,埼玉県,43,熊本県,8,窯業・化学工業品,11.75099403,0.219444444,32.87831085,4.388888889
11,埼玉県,44,大分県,8,窯業・化学工業品,17.88546175,0.882894737,53.12686608,3.815789474
11,埼玉県,45,宮崎県,8,窯業・化学工業品,1.226615802,99.29513984,39.89867296,17.6442388
11,埼玉県,46,鹿児島県,8,窯業・化学工業品,1.008333333,0,16.72916667,0
11,埼玉県,47,沖縄県,8,窯業・化学工業品,3.761555201,0,27.71829574,0
11,埼玉県,90,全国,8,窯業・化学工業品,59.11122449,25.71428571,4.833333333,17.14285714
11,埼玉県,92,東北,8,窯業・化学工業品,18.07692308,41.24724602,7.230769231,29.07343941
11,埼玉県,93,海外,8,窯業・化学工業品,733.8035359,1030.158815,73.59246716,91.55702413
11,埼玉県,94,不特定,8,窯業・化学工業品,2781.014491,260,365.3517163,97.5
11,埼玉県,99,全て不明,8,窯業・化学工業品,2444.982719,5.355793651,244.7318296,18.51587302
12,千葉県,01,北海道,8,窯業・化学工業品,10239.8773,136.833,33.98953301,0
12,千葉県,02,青森県,8,窯業・化学工業品,4.442703105,374.0876923,0,0
12,千葉県,03,岩手県,8,窯業・化学工業品,428.8152673,207.7854182,16.55266204,0
12,千葉県,04,宮城県,8,窯業・化学工業品,2353.985356,0,85.49428643,0
12,千葉県,05,秋田県,8,窯業・化学工業品,54.65729115,0,5.537037037,0
12,千葉県,06,山形県,8,窯業・化学工業品,181.6745988,0,23.02690426,0
12,千葉県,07,福島県,8,窯業・化学工業品,2508.66665,450.9778021,59.43974165,30.32239382
12,千葉県,08,茨城県,8,窯業・化学工業品,22886.02479,17287.75319,544.6207335,609.4416142
12,千葉県,09,栃木県,8,窯業・化学工業品,7050.662233,872.0871611,305.1967659,27.875
12,千葉県,10,群馬県,8,窯業・化学工業品,9851.560978,274.4523004,182.7367543,23.68018018
12,千葉県,11,埼玉県,8,窯業・化学工業品,24132.91742,5662.876749,762.9871299,1483.795182
12,千葉県,12,千葉県,8,窯業・化学工業品,90032.35409,90032.35409,4560.902371,4560.902371
12,千葉県,13,東京都,8,窯業・化学工業品,21378.72318,11812.2315,767.5032558,419.6413891
12,千葉県,14,神奈川県,8,窯業・化学工業品,10497.21631,17330.31081,512.7981911,486.1404156
12,千葉県,15,新潟県,8,窯業・化学工業品,688.675953,52.72138269,40.47839176,1
12,千葉県,16,富山県,8,窯業・化学工業品,190.8697975,25.31611682,11.07407407,0
12,千葉県,17,石川県,8,窯業・化学工業品,77.82737405,7.977272727,8.981481482,0
12,千葉県,18,福井県,8,窯業・化学工業品,196.0375164,31.09609975,11.03703704,1
12,千葉県,19,山梨県,8,窯業・化学工業品,256.0221443,59.32086723,21.96875,6.766666667
12,千葉県,20,長野県,8,窯業・化学工業品,1209.74603,0,20.09016204,0
12,千葉県,21,岐阜県,8,窯業・化学工業品,945.0473972,18.60323936,52.18097643,14.32916667
12,千葉県,22,静岡県,8,窯業・化学工業品,6905.20536,390.7108562,107.1259455,37.72060811
12,千葉県,23,愛知県,8,窯業・化学工業品,5924.288368,349.1035818,142.1417069,10.94444444
12,千葉県,24,三重県,8,窯業・化学工業品,15316.46579,2967.459741,14.497151,5.75
12,千葉県,25,滋賀県,8,窯業・化学工業品,1307.749904,15.63154902,34.97340067,0
12,千葉県,26,京都府,8,窯業・化学工業品,113.6664722,3.301538462,22.14814815,0
12,千葉県,27,大阪府,8,窯業・化学工業品,1490.051977,267.3775242,98.496633,16.33333333
12,千葉県,28,兵庫県,8,窯業・化学工業品,792.2662743,322.969504,38.08564815,5.5
12,千葉県,29,奈良県,8,窯業・化学工業品,251.2738241,52.69207692,1.8,1.8
12,千葉県,30,和歌山県,8,窯業・化学工業品,171.6366689,89.87654356,5.537037037,1
12,千葉県,31,鳥取県,8,窯業・化学工業品,9.383867593,0,5.537037037,0
12,千葉県,32,島根県,8,窯業・化学工業品,2.603155093,0,11.03703704,0
12,千葉県,33,岡山県,8,窯業・化学工業品,321.5630825,3197.342414,7.337037037,4.333333333
12,千葉県,34,広島県,8,窯業・化学工業品,174.8204272,122.0992216,15.87407407,0
12,千葉県,35,山口県,8,窯業・化学工業品,93.72629592,129.3753525,22.11111111,4
12,千葉県,36,徳島県,8,窯業・化学工業品,36.09197857,0.002,5.537037037,2
12,千葉県,37,香川県,8,窯業・化学工業品,240.2226271,10.43025,5.537037037,0
12,千葉県,38,愛媛県,8,窯業・化学工業品,1533.317553,0.098004762,5.537037037,3.095238095
12,千葉県,39,高知県,8,窯業・化学工業品,0.2551,2750,5.537037037,0
12,千葉県,40,福岡県,8,窯業・化学工業品,662.3307098,171.8119614,22.66111111,0
12,千葉県,41,佐賀県,8,窯業・化学工業品,197.7371489,5280.567769,18.14573269,26
12,千葉県,42,長崎県,8,窯業・化学工業品,0.197237037,0,5.537037037,0
12,千葉県,43,熊本県,8,窯業・化学工業品,36.47717693,46.03824176,11.07407407,0
12,千葉県,44,大分県,8,窯業・化学工業品,45.71083148,1535.547926,8.981481482,4.5625
12,千葉県,45,宮崎県,8,窯業・化学工業品,21.44938679,0.54,11.07407407,0
12,千葉県,46,鹿児島県,8,窯業・化学工業品,17.96503735,1920,5.537037037,0
12,千葉県,47,沖縄県,8,窯業・化学工業品,4.684180556,0,0,0
12,千葉県,90,全国,8,窯業・化学工業品,8312.27557,692.9673918,311.2121212,49.375
12,千葉県,92,東北,8,窯業・化学工業品,1124,540,138.7272727,0
12,千葉県,93,海外,8,窯業・化学工業品,2090.904799,8701.92262,4.333333333,23.36752137
12,千葉県,94,不特定,8,窯業・化学工業品,40,0,0,0
12,千葉県,99,全て不明,8,窯業・化学工業品,0,216.5036036,0,52.41351351
13,東京都,01,北海道,8,窯業・化学工業品,34.83174029,11146.39411,0,1
13,東京都,02,青森県,8,窯業・化学工業品,2.523454066,0.031808511,0,0
13,東京都,03,岩手県,8,窯業・化学工業品,19.06057596,11136.39411,14.70909091,0
13,東京都,04,宮城県,8,窯業・化学工業品,9.624801614,4.475099754,6.426356589,0
13,東京都,05,秋田県,8,窯業・化学工業品,23.683624,2.614723961,0,5.934210526
13,東京都,06,山形県,8,窯業・化学工業品,275.9324633,45.72965803,63.24776786,0
13,東京都,07,福島県,8,窯業・化学工業品,725.6204273,360.5980363,47.63034188,23.14656965
13,東京都,08,茨城県,8,窯業・化学工業品,1314.609258,7966.507364,87.87342073,426.5800438
13,東京都,09,栃木県,8,窯業・化学工業品,1609.198829,371.4896592,116.9174042,5.769230769
13,東京都,10,群馬県,8,窯業・化学工業品,777.2023429,1058.395793,43.74966528,25.8
13,東京都,11,埼玉県,8,窯業・化学工業品,8863.289991,16272.9607,532.1775562,3521.028881
13,東京都,12,千葉県,8,窯業・化学工業品,11812.2315,21378.72318,419.6413891,767.5032558
13,東京都,13,東京都,8,窯業・化学工業品,131196.6562,131196.6562,5428.582352,5428.582352
13,東京都,14,神奈川県,8,窯業・化学工業品,28082.22948,39379.40459,508.3363147,1456.123372
13,東京都,15,新潟県,8,窯業・化学工業品,103.8446142,230.7075967,7.230769231,0
13,東京都,16,富山県,8,窯業・化学工業品,62.73872621,64.15948488,0,0
13,東京都,17,石川県,8,窯業・化学工業品,0.520623012,0.03683109,6.426356589,0
13,東京都,18,福井県,8,窯業・化学工業品,2.998409611,1.278080092,0,21.39130435
13,東京都,19,山梨県,8,窯業・化学工業品,249.3961523,37.12988645,5.769230769,0
13,東京都,20,長野県,8,窯業・化学工業品,45.84829123,58.66660571,12.85271318,0
13,東京都,21,岐阜県,8,窯業・化学工業品,75.18813239,3471.865539,8.202586207,0
13,東京都,22,静岡県,8,窯業・化学工業品,447.1054041,244.7436117,5.375,34.27159601
13,東京都,23,愛知県,8,窯業・化学工業品,660.354593,212.3999096,5.375,18.47177419
13,東京都,24,三重県,8,窯業・化学工業品,141.1528539,107.8839202,13.78947368,0
13,東京都,25,滋賀県,8,窯業・化学工業品,134.9833144,27.67101756,0,5.934210526
13,東京都,26,京都府,8,窯業・化学工業品,25.38894526,5.10190836,0,6.179104478
13,東京都,27,大阪府,8,窯業・化学工業品,154.6787317,180.6772291,25.43002114,0
13,東京都,28,兵庫県,8,窯業・化学工業品,126.3166711,115.9223068,19.16447368,5.375
13,東京都,29,奈良県,8,窯業・化学工業品,23.89491429,0,0,0
13,東京都,30,和歌山県,8,窯業・化学工業品,27.24493846,6.392802871,0,0
13,東京都,31,鳥取県,8,窯業・化学工業品,0.030469388,0,0,0
13,東京都,32,島根県,8,窯業・化学工業品,0.034492308,5.375,0,0
13,東京都,33,岡山県,8,窯業・化学工業品,6.811559843,82.11047118,13.78947368,0
13,東京都,34,広島県,8,窯業・化学工業品,27.75551738,53.64022643,7.375,0
13,東京都,35,山口県,8,窯業・化学工業品,0.42028718,10208.82789,0,0
13,東京都,36,徳島県,8,窯業・化学工業品,1160.175592,165.6923077,60,0
13,東京都,37,香川県,8,窯業・化学工業品,1.635367274,0.742380952,0,0
13,東京都,38,愛媛県,8,窯業・化学工業品,7.32229765,8.451870576,0,0
13,東京都,39,高知県,8,窯業・化学工業品,0.162819028,64.20284843,0,0
13,東京都,40,福岡県,8,窯業・化学工業品,4653.649255,48.09164144,242,0
13,東京都,41,佐賀県,8,窯業・化学工業品,0.075245485,236.2766866,0,5.194444444
13,東京都,42,長崎県,8,窯業・化学工業品,0.310430769,0,0,0
13,東京都,43,熊本県,8,窯業・化学工業品,26.6044974,0.343294872,0,0
13,東京都,44,大分県,8,窯業・化学工業品,49.40517879,34.78571429,5.375,0
13,東京都,45,宮崎県,8,窯業・化学工業品,7.842499721,0.726807107,0,0
13,東京都,46,鹿児島県,8,窯業・化学工業品,0.216754328,0.00626087,0,0
13,東京都,47,沖縄県,8,窯業・化学工業品,0.220461539,0.030469388,0,0
13,東京都,90,全国,8,窯業・化学工業品,133.0281353,48.03110033,0,32.0443038
13,東京都,92,東北,8,窯業・化学工業品,7.89122807,16.96805556,0,0
13,東京都,93,海外,8,窯業・化学工業品,1074.869116,518.3148669,0,0
13,東京都,94,不特定,8,窯業・化学工業品,0.636170213,43.23350355,0,0
13,東京都,99,全て不明,8,窯業・化学工業品,0,196.498835,0,39.03075489
14,神奈川県,01,北海道,8,窯業・化学工業品,885.2975709,1.812,26.49320601,0
14,神奈川県,02,青森県,8,窯業・化学工業品,160.197875,1.442111111,4,0
14,神奈川県,03,岩手県,8,窯業・化学工業品,155.8661406,47.78636221,15.33023944,0
14,神奈川県,04,宮城県,8,窯業・化学工業品,416.5276895,2.223182432,29.29172791,0
14,神奈川県,05,秋田県,8,窯業・化学工業品,46.49856771,1.950572171,2.611111111,0
14,神奈川県,06,山形県,8,窯業・化学工業品,94.02873979,246.6182657,0,0
14,神奈川県,07,福島県,8,窯業・化学工業品,648.7612864,283.8630191,45.96579651,17.21052632
14,神奈川県,08,茨城県,8,窯業・化学工業品,6337.679569,10552.81136,403.8992276,366.0090727
14,神奈川県,09,栃木県,8,窯業・化学工業品,4913.308029,4412.426185,102.3972502,23.2254902
14,神奈川県,10,群馬県,8,窯業・化学工業品,2886.156528,1048.984718,265.1520793,23.41666667
14,神奈川県,11,埼玉県,8,窯業・化学工業品,18995.9168,8656.13785,892.24068,1472.159738
14,神奈川県,12,千葉県,8,窯業・化学工業品,17330.31081,10497.21631,486.1404156,512.7981911
14,神奈川県,13,東京都,8,窯業・化学工業品,39379.40459,28082.22948,1456.123372,508.3363147
14,神奈川県,14,神奈川県,8,窯業・化学工業品,119773.9792,119773.9792,6579.185353,6579.185353
14,神奈川県,15,新潟県,8,窯業・化学工業品,297.1866286,129.9588138,13.35125448,0
14,神奈川県,16,富山県,8,窯業・化学工業品,207.289712,56.81396423,13.93141045,0
14,神奈川県,17,石川県,8,窯業・化学工業品,98.85441744,15.70238916,4.064516129,0
14,神奈川県,18,福井県,8,窯業・化学工業品,144.4540331,35.88520689,6.361111111,0
14,神奈川県,19,山梨県,8,窯業・化学工業品,1064.344231,148.1681908,129.1079705,0
14,神奈川県,20,長野県,8,窯業・化学工業品,1151.455927,7.201258138,94.94236288,0
14,神奈川県,21,岐阜県,8,窯業・化学工業品,177.0881567,137.7206147,14.97619048,0
14,神奈川県,22,静岡県,8,窯業・化学工業品,2146.785985,1010.507126,149.6217446,4.288135593
14,神奈川県,23,愛知県,8,窯業・化学工業品,2076.097951,1154.917965,73.938433,6
14,神奈川県,24,三重県,8,窯業・化学工業品,772.8751641,1169.834625,41.59195402,22.04569893
14,神奈川県,25,滋賀県,8,窯業・化学工業品,65.13518896,135.5369756,9.277394636,4.142857143
14,神奈川県,26,京都府,8,窯業・化学工業品,55.50796769,11.86778223,15.66666667,0
14,神奈川県,27,大阪府,8,窯業・化学工業品,762.1649738,347.5542409,57.38409944,16.41474654
14,神奈川県,28,兵庫県,8,窯業・化学工業品,431.7724243,337.9884843,40.75972756,0
14,神奈川県,29,奈良県,8,窯業・化学工業品,41.56577638,1.232,0,0
14,神奈川県,30,和歌山県,8,窯業・化学工業品,251.7571269,19.16713514,13.53293651,0
14,神奈川県,31,鳥取県,8,窯業・化学工業品,8.410336601,0,4.352941177,0
14,神奈川県,32,島根県,8,窯業・化学工業品,0.328259259,0.040326087,0,0
14,神奈川県,33,岡山県,8,窯業・化学工業品,455.983208,131.6207146,2.611111111,5.623655914
14,神奈川県,34,広島県,8,窯業・化学工業品,70.08856951,5.312372549,7.833333333,3
14,神奈川県,35,山口県,8,窯業・化学工業品,174.1303993,1380.046547,12.51111111,0
14,神奈川県,36,徳島県,8,窯業・化学工業品,192.8265556,13.66266667,2.611111111,0
14,神奈川県,37,香川県,8,窯業・化学工業品,7.983183818,6.977777778,2.611111111,0
14,神奈川県,38,愛媛県,8,窯業・化学工業品,44.25322053,5.638635501,8.04619883,0
14,神奈川県,39,高知県,8,窯業・化学工業品,2.529567694,0,4.142857143,0
14,神奈川県,40,福岡県,8,窯業・化学工業品,358.5018638,299.5199385,13.96451613,8.129032258
14,神奈川県,41,佐賀県,8,窯業・化学工業品,1.56237037,225.8777778,2.611111111,0
14,神奈川県,42,長崎県,8,窯業・化学工業品,27.70468005,0,2.611111111,0
14,神奈川県,43,熊本県,8,窯業・化学工業品,106.6835933,36.182,0,0
14,神奈川県,44,大分県,8,窯業・化学工業品,78.38686556,230.3131429,0,23.57142857
14,神奈川県,45,宮崎県,8,窯業・化学工業品,0.627141414,113.3333333,2.611111111,0
14,神奈川県,46,鹿児島県,8,窯業・化学工業品,3.95753961,0,0,0
14,神奈川県,47,沖縄県,8,窯業・化学工業品,13.13592319,0,1,0
14,神奈川県,90,全国,8,窯業・化学工業品,941.5489158,1216.986906,28.32649071,33.90849673
14,神奈川県,91,東日本,8,窯業・化学工業品,3045.996522,0,1189.565217,0
14,神奈川県,92,東北,8,窯業・化学工業品,0.02,0.005285714,0,0
14,神奈川県,93,海外,8,窯業・化学工業品,2815.925743,25989.25564,9.333333333,13.05555556
14,神奈川県,99,全て不明,8,窯業・化学工業品,4.12173913,324.0997678,0,35.82302747
15,新潟県,08,茨城県,8,窯業・化学工業品,800.826889,2396.466343,25.80388484,45.72016846
15,新潟県,11,埼玉県,8,窯業・化学工業品,276.5343262,593.606135,108.5914102,240.8940952
15,新潟県,12,千葉県,8,窯業・化学工業品,52.72138269,688.675953,1,40.47839176
15,新潟県,13,東京都,8,窯業・化学工業品,230.7075967,103.8446142,0,7.230769231
15,新潟県,14,神奈川県,8,窯業・化学工業品,129.9588138,297.1866286,0,13.35125448
16,富山県,08,茨城県,8,窯業・化学工業品,12.75548524,184.6474096,6.301755716,25.96506943
16,富山県,11,埼玉県,8,窯業・化学工業品,198.6160791,16.37589918,64.53429903,40.62595813
16,富山県,12,千葉県,8,窯業・化学工業品,25.31611682,190.8697975,0,11.07407407
16,富山県,13,東京都,8,窯業・化学工業品,64.15948488,62.73872621,0,0
16,富山県,14,神奈川県,8,窯業・化学工業品,56.81396423,207.289712,0,13.93141045
17,石川県,08,茨城県,8,窯業・化学工業品,0.073959402,591.6322018,4.959401709,29.67467238
17,石川県,11,埼玉県,8,窯業・化学工業品,1.671857143,46.88284649,5.285714286,65.32804431
17,石川県,12,千葉県,8,窯業・化学工業品,7.977272727,77.82737405,0,8.981481482
17,石川県,13,東京都,8,窯業・化学工業品,0.03683109,0.520623012,0,6.426356589
17,石川県,14,神奈川県,8,窯業・化学工業品,15.70238916,98.85441744,0,4.064516129
18,福井県,08,茨城県,8,窯業・化学工業品,70.64685956,42.77058991,5.518788683,9.488568902
18,福井県,11,埼玉県,8,窯業・化学工業品,160.5379034,141.1059177,86.24058306,60.57850697
18,福井県,12,千葉県,8,窯業・化学工業品,31.09609975,196.0375164,1,11.03703704
18,福井県,13,東京都,8,窯業・化学工業品,1.278080092,2.998409611,21.39130435,0
18,福井県,14,神奈川県,8,窯業・化学工業品,35.88520689,144.4540331,0,6.361111111
19,山梨県,08,茨城県,8,窯業・化学工業品,50.01310925,221.7439684,6.114942529,21.3722538
19,山梨県,11,埼玉県,8,窯業・化学工業品,21.93849206,1144.427334,16.30618212,200.1753414
19,山梨県,12,千葉県,8,窯業・化学工業品,59.32086723,256.0221443,6.766666667,21.96875
19,山梨県,13,東京都,8,窯業・化学工業品,37.12988645,249.3961523,0,5.769230769
19,山梨県,14,神奈川県,8,窯業・化学工業品,148.1681908,1064.344231,0,129.1079705
20,長野県,08,茨城県,8,窯業・化学工業品,100.6472416,192.0160951,17.73687424,23.97875458
20,長野県,11,埼玉県,8,窯業・化学工業品,51.43880052,438.0442634,37.17037838,249.1475898
20,長野県,12,千葉県,8,窯業・化学工業品,0,1209.74603,0,20.09016204
20,長野県,13,東京都,8,窯業・化学工業品,58.66660571,45.84829123,0,12.85271318
20,長野県,14,神奈川県,8,窯業・化学工業品,7.201258138,1151.455927,0,94.94236288
21,岐阜県,08,茨城県,8,窯業・化学工業品,141.7959678,783.2726657,12.50903541,18.90526715
21,岐阜県,11,埼玉県,8,窯業・化学工業品,388.3561029,162.7266805,72.40187866,197.5091667
21,岐阜県,12,千葉県,8,窯業・化学工業品,18.60323936,945.0473972,14.32916667,52.18097643
21,岐阜県,13,東京都,8,窯業・化学工業品,3471.865539,75.18813239,0,8.202586207
21,岐阜県,14,神奈川県,8,窯業・化学工業品,137.7206147,177.0881567,0,14.97619048
22,静岡県,08,茨城県,8,窯業・化学工業品,376.4689537,3898.187314,44.44268735,102.942114
22,静岡県,11,埼玉県,8,窯業・化学工業品,25326.10278,894.9668274,295.173335,526.4501121
22,静岡県,12,千葉県,8,窯業・化学工業品,390.7108562,6905.20536,37.72060811,107.1259455
22,静岡県,13,東京都,8,窯業・化学工業品,244.7436117,447.1054041,34.27159601,5.375
22,静岡県,14,神奈川県,8,窯業・化学工業品,1010.507126,2146.785985,4.288135593,149.6217446
23,愛知県,08,茨城県,8,窯業・化学工業品,386.2495139,5977.37578,29.05427098,87.82460226
23,愛知県,11,埼玉県,8,窯業・化学工業品,710.0168389,640.8988967,261.7699203,406.6715956
23,愛知県,12,千葉県,8,窯業・化学工業品,349.1035818,5924.288368,10.94444444,142.1417069
23,愛知県,13,東京都,8,窯業・化学工業品,212.3999096,660.354593,18.47177419,5.375
23,愛知県,14,神奈川県,8,窯業・化学工業品,1154.917965,2076.097951,6,73.938433
24,三重県,08,茨城県,8,窯業・化学工業品,191.2033407,3813.338947,14.27753358,21.35540293
24,三重県,11,埼玉県,8,窯業・化学工業品,290.5709223,280.3060335,152.0384806,181.5225522
24,三重県,12,千葉県,8,窯業・化学工業品,2967.459741,15316.46579,5.75,14.497151
24,三重県,13,東京都,8,窯業・化学工業品,107.8839202,141.1528539,0,13.78947368
24,三重県,14,神奈川県,8,窯業・化学工業品,1169.834625,772.8751641,22.04569893,41.59195402
25,滋賀県,08,茨城県,8,窯業・化学工業品,40.9163453,672.9302648,10.56324786,15.92332112
25,滋賀県,11,埼玉県,8,窯業・化学工業品,352.3250022,149.0992302,124.8565959,147.2167345
25,滋賀県,12,千葉県,8,窯業・化学工業品,15.63154902,1307.749904,0,34.97340067
25,滋賀県,13,東京都,8,窯業・化学工業品,27.67101756,134.9833144,5.934210526,0
25,滋賀県,14,神奈川県,8,窯業・化学工業品,135.5369756,65.13518896,4.142857143,9.277394636
26,京都府,08,茨城県,8,窯業・化学工業品,5.645614943,63.69675927,0,2.8
26,京都府,11,埼玉県,8,窯業・化学工業品,93.4923115,339.5156687,83.1289605,139.4950413
26,京都府,12,千葉県,8,窯業・化学工業品,3.301538462,113.6664722,0,22.14814815
26,京都府,13,東京都,8,窯業・化学工業品,5.10190836,25.38894526,6.179104478,0
26,京都府,14,神奈川県,8,窯業・化学工業品,11.86778223,55.50796769,0,15.66666667
27,大阪府,08,茨城県,8,窯業・化学工業品,740.3203423,3338.291663,52.0933983,43.04757484
27,大阪府,11,埼玉県,8,窯業・化学工業品,387.6045158,815.7169353,270.9129529,465.6319262
27,大阪府,12,千葉県,8,窯業・化学工業品,267.3775242,1490.051977,16.33333333,98.496633
27,大阪府,13,東京都,8,窯業・化学工業品,180.6772291,154.6787317,0,25.43002114
27,大阪府,14,神奈川県,8,窯業・化学工業品,347.5542409,762.1649738,16.41474654,57.38409944
28,兵庫県,08,茨城県,8,窯業・化学工業品,549.842835,1236.990155,16.55636605,21.2465833
28,兵庫県,11,埼玉県,8,窯業・化学工業品,661.484652,1030.432298,176.4063393,285.0934532
28,兵庫県,12,千葉県,8,窯業・化学工業品,322.969504,792.2662743,5.5,38.08564815
28,兵庫県,13,東京都,8,窯業・化学工業品,115.9223068,126.3166711,5.375,19.16447368
28,兵庫県,14,神奈川県,8,窯業・化学工業品,337.9884843,431.7724243,0,40.75972756
29,奈良県,08,茨城県,8,窯業・化学工業品,11.55777778,55.68790197,3.58,5.986813187
29,奈良県,11,埼玉県,8,窯業・化学工業品,71.66754228,8.755217503,63.96982251,21.88256113
29,奈良県,12,千葉県,8,窯業・化学工業品,52.69207692,251.2738241,1.8,1.8
29,奈良県,13,東京都,8,窯業・化学工業品,0,23.89491429,0,0
29,奈良県,14,神奈川県,8,窯業・化学工業品,1.232,41.56577638,0,0
30,和歌山県,08,茨城県,8,窯業・化学工業品,1438.274736,1872.196286,11.32546885,2.8
30,和歌山県,11,埼玉県,8,窯業・化学工業品,79.28542857,62.90362848,17.79761905,33.82134503
30,和歌山県,12,千葉県,8,窯業・化学工業品,89.87654356,171.6366689,1,5.537037037
30,和歌山県,13,東京都,8,窯業・化学工業品,6.392802871,27.24493846,0,0
30,和歌山県,14,神奈川県,8,窯業・化学工業品,19.16713514,251.7571269,0,13.53293651
31,鳥取県,08,茨城県,8,窯業・化学工業品,0,1.171261494,0,0
31,鳥取県,11,埼玉県,8,窯業・化学工業品,0,0.407371345,0,20.34356725
31,鳥取県,12,千葉県,8,窯業・化学工業品,0,9.383867593,0,5.537037037
31,鳥取県,13,東京都,8,窯業・化学工業品,0,0.030469388,0,0
31,鳥取県,14,神奈川県,8,窯業・化学工業品,0,8.410336601,0,4.352941177
32,島根県,08,茨城県,8,窯業・化学工業品,0,26.91232108,0,6.466666667
32,島根県,11,埼玉県,8,窯業・化学工業品,0,0.109166667,0,11.41666667
32,島根県,12,千葉県,8,窯業・化学工業品,0,2.603155093,0,11.03703704
32,島根県,13,東京都,8,窯業・化学工業品,5.375,0.034492308,0,0
32,島根県,14,神奈川県,8,窯業・化学工業品,0.040326087,0.328259259,0,0
33,岡山県,08,茨城県,8,窯業・化学工業品,1715.595962,1725.0383,10.87318429,13.00512821
33,岡山県,11,埼玉県,8,窯業・化学工業品,120.890807,145.8566941,77.20247729,117.7690075
33,岡山県,12,千葉県,8,窯業・化学工業品,3197.342414,321.5630825,4.333333333,7.337037037
33,岡山県,13,東京都,8,窯業・化学工業品,82.11047118,6.811559843,0,13.78947368
33,岡山県,14,神奈川県,8,窯業・化学工業品,131.6207146,455.983208,5.623655914,2.611111111
34,広島県,08,茨城県,8,窯業・化学工業品,44.36067766,108.899554,16.04032462,9.029885058
34,広島県,11,埼玉県,8,窯業・化学工業品,53.73883264,138.5401132,47.50393375,164.3546079
34,広島県,12,千葉県,8,窯業・化学工業品,122.0992216,174.8204272,0,15.87407407
34,広島県,13,東京都,8,窯業・化学工業品,53.64022643,27.75551738,0,7.375
34,広島県,14,神奈川県,8,窯業・化学工業品,5.312372549,70.08856951,3,7.833333333
35,山口県,08,茨城県,8,窯業・化学工業品,95.47775808,4744.393562,14.90357248,8.746428571
35,山口県,11,埼玉県,8,窯業・化学工業品,168.8650525,18.04974211,79.40670472,47.96578947
35,山口県,12,千葉県,8,窯業・化学工業品,129.3753525,93.72629592,4,22.11111111
35,山口県,13,東京都,8,窯業・化学工業品,10208.82789,0.42028718,0,0
35,山口県,14,神奈川県,8,窯業・化学工業品,1380.046547,174.1303993,0,12.51111111
36,徳島県,08,茨城県,8,窯業・化学工業品,49.55737931,18.9228718,8.694942529,8.390659341
36,徳島県,11,埼玉県,8,窯業・化学工業品,7971.203008,13.55950566,6.906015038,39.57925204
36,徳島県,12,千葉県,8,窯業・化学工業品,0.002,36.09197857,2,5.537037037
36,徳島県,13,東京都,8,窯業・化学工業品,165.6923077,1160.175592,0,60
36,徳島県,14,神奈川県,8,窯業・化学工業品,13.66266667,192.8265556,0,2.611111111
37,香川県,08,茨城県,8,窯業・化学工業品,365.6471111,39.05322168,0,5.914942529
37,香川県,11,埼玉県,8,窯業・化学工業品,4.379166667,25.36363953,12.8125,59.9902746
37,香川県,12,千葉県,8,窯業・化学工業品,10.43025,240.2226271,0,5.537037037
37,香川県,13,東京都,8,窯業・化学工業品,0.742380952,1.635367274,0,0
37,香川県,14,神奈川県,8,窯業・化学工業品,6.977777778,7.983183818,0,2.611111111
38,愛媛県,08,茨城県,8,窯業・化学工業品,1773.191856,4.666195402,2.571428571,0
38,愛媛県,11,埼玉県,8,窯業・化学工業品,209.097529,16.19176945,39.53570417,37.86233211
38,愛媛県,12,千葉県,8,窯業・化学工業品,0.098004762,1533.317553,3.095238095,5.537037037
38,愛媛県,13,東京都,8,窯業・化学工業品,8.451870576,7.32229765,0,0
38,愛媛県,14,神奈川県,8,窯業・化学工業品,5.638635501,44.25322053,0,8.04619883
39,高知県,08,茨城県,8,窯業・化学工業品,4.02537931,22.79376689,3.114942529,5.986813187
39,高知県,11,埼玉県,8,窯業・化学工業品,3.131746032,0.532511111,7.73015873,16.52777778
39,高知県,12,千葉県,8,窯業・化学工業品,2750,0.2551,0,5.537037037
39,高知県,13,東京都,8,窯業・化学工業品,64.20284843,0.162819028,0,0
39,高知県,14,神奈川県,8,窯業・化学工業品,0,2.529567694,0,4.142857143
40,福岡県,08,茨城県,8,窯業・化学工業品,1880.9026,849.7507367,11.67224515,26.33358674
40,福岡県,11,埼玉県,8,窯業・化学工業品,88.44042561,282.3863283,20.23675082,216.8593712
40,福岡県,12,千葉県,8,窯業・化学工業品,171.8119614,662.3307098,0,22.66111111
40,福岡県,13,東京都,8,窯業・化学工業品,48.09164144,4653.649255,0,242
40,福岡県,14,神奈川県,8,窯業・化学工業品,299.5199385,358.5018638,8.129032258,13.96451613
41,佐賀県,08,茨城県,8,窯業・化学工業品,57.376,133.7735159,0,5.914942529
41,佐賀県,11,埼玉県,8,窯業・化学工業品,643.255814,272.6093532,32.1627907,73.22033761
41,佐賀県,12,千葉県,8,窯業・化学工業品,5280.567769,197.7371489,26,18.14573269
41,佐賀県,13,東京都,8,窯業・化学工業品,236.2766866,0.075245485,5.194444444,0
41,佐賀県,14,神奈川県,8,窯業・化学工業品,225.8777778,1.56237037,0,2.611111111
42,長崎県,08,茨城県,8,窯業・化学工業品,0,1578.848339,0,8.4863711
42,長崎県,11,埼玉県,8,窯業・化学工業品,0,0.455,0,21.41666667
42,長崎県,12,千葉県,8,窯業・化学工業品,0,0.197237037,0,5.537037037
42,長崎県,13,東京都,8,窯業・化学工業品,0,0.310430769,0,0
42,長崎県,14,神奈川県,8,窯業・化学工業品,0,27.70468005,0,2.611111111
43,熊本県,08,茨城県,8,窯業・化学工業品,0.045403846,73.91435314,2.403846154,5.986813187
43,熊本県,11,埼玉県,8,窯業・化学工業品,0.219444444,11.75099403,4.388888889,32.87831085
43,熊本県,12,千葉県,8,窯業・化学工業品,46.03824176,36.47717693,0,11.07407407
43,熊本県,13,東京都,8,窯業・化学工業品,0.343294872,26.6044974,0,0
43,熊本県,14,神奈川県,8,窯業・化学工業品,36.182,106.6835933,0,0
44,大分県,08,茨城県,8,窯業・化学工業品,1530.05153,1676.594828,2.388888889,24.796337
44,大分県,11,埼玉県,8,窯業・化学工業品,0.882894737,17.88546175,3.815789474,53.12686608
44,大分県,12,千葉県,8,窯業・化学工業品,1535.547926,45.71083148,4.5625,8.981481482
44,大分県,13,東京都,8,窯業・化学工業品,34.78571429,49.40517879,0,5.375
44,大分県,14,神奈川県,8,窯業・化学工業品,230.3131429,78.38686556,23.57142857,0
45,宮崎県,08,茨城県,8,窯業・化学工業品,0,2.358117816,0,5.355555556
45,宮崎県,11,埼玉県,8,窯業・化学工業品,99.29513984,1.226615802,17.6442388,39.89867296
45,宮崎県,12,千葉県,8,窯業・化学工業品,0.54,21.44938679,0,11.07407407
45,宮崎県,13,東京都,8,窯業・化学工業品,0.726807107,7.842499721,0,0
45,宮崎県,14,神奈川県,8,窯業・化学工業品,113.3333333,0.627141414,0,2.611111111
46,鹿児島県,08,茨城県,8,窯業・化学工業品,3.201923077,1555.873934,0,11.54642857
46,鹿児島県,11,埼玉県,8,窯業・化学工業品,0,1.008333333,0,16.72916667
46,鹿児島県,12,千葉県,8,窯業・化学工業品,1920,17.96503735,0,5.537037037
46,鹿児島県,13,東京都,8,窯業・化学工業品,0.00626087,0.216754328,0,0
46,鹿児島県,14,神奈川県,8,窯業・化学工業品,0,3.95753961,0,0
47,沖縄県,08,茨城県,8,窯業・化学工業品,0,31.0745,0,3.8
47,沖縄県,11,埼玉県,8,窯業・化学工業品,0,3.761555201,0,27.71829574
47,沖縄県,12,千葉県,8,窯業・化学工業品,0,4.684180556,0,0
47,沖縄県,13,東京都,8,窯業・化学工業品,0.030469388,0.220461539,0,0
47,沖縄県,14,神奈川県,8,窯業・化学工業品,0,13.13592319,0,1
90,全国,08,茨城県,8,窯業・化学工業品,2492.798707,2682.997783,28.11458333,8.229166667
90,全国,11,埼玉県,8,窯業・化学工業品,25.71428571,59.11122449,17.14285714,4.833333333
90,全国,12,千葉県,8,窯業・化学工業品,692.9673918,8312.27557,49.375,311.2121212
90,全国,13,東京都,8,窯業・化学工業品,48.03110033,133.0281353,32.0443038,0
90,全国,14,神奈川県,8,窯業・化学工業品,1216.986906,941.5489158,33.90849673,28.32649071
91,東日本,14,神奈川県,8,窯業・化学工業品,0,3045.996522,0,1189.565217
92,東北,08,茨城県,8,窯業・化学工業品,0,181.9802874,0,0
92,東北,11,埼玉県,8,窯業・化学工業品,41.24724602,18.07692308,29.07343941,7.230769231
92,東北,12,千葉県,8,窯業・化学工業品,540,1124,0,138.7272727
92,東北,13,東京都,8,窯業・化学工業品,16.96805556,7.89122807,0,0
92,東北,14,神奈川県,8,窯業・化学工業品,0.005285714,0.02,0,0
93,海外,08,茨城県,8,窯業・化学工業品,15991.19631,7112.841427,56.81145004,56.03448276
93,海外,11,埼玉県,8,窯業・化学工業品,1030.158815,733.8035359,91.55702413,73.59246716
93,海外,12,千葉県,8,窯業・化学工業品,8701.92262,2090.904799,23.36752137,4.333333333
93,海外,13,東京都,8,窯業・化学工業品,518.3148669,1074.869116,0,0
93,海外,14,神奈川県,8,窯業・化学工業品,25989.25564,2815.925743,13.05555556,9.333333333
94,不特定,08,茨城県,8,窯業・化学工業品,0,675.2941177,0,37.64705882
94,不特定,11,埼玉県,8,窯業・化学工業品,260,2781.014491,97.5,365.3517163
94,不特定,12,千葉県,8,窯業・化学工業品,0,40,0,0
94,不特定,13,東京都,8,窯業・化学工業品,43.23350355,0.636170213,0,0
99,全て不明,08,茨城県,8,窯業・化学工業品,18.44924636,0.833333333,17.15683472,0
99,全て不明,11,埼玉県,8,窯業・化学工業品,5.355793651,2444.982719,18.51587302,244.7318296
99,全て不明,12,千葉県,8,窯業・化学工業品,216.5036036,0,52.41351351,0
99,全て不明,13,東京都,8,窯業・化学工業品,196.498835,0,39.03075489,0
99,全て不明,14,神奈川県,8,窯業・化学工業品,324.0997678,4.12173913,35.82302747,0
01,北海道,08,茨城県,9,特殊品,32.16077778,169.2270588,4.333333333,11.10941177
01,北海道,11,埼玉県,9,特殊品,0,402.9042672,0,20.05970149
01,北海道,12,千葉県,9,特殊品,325.9259259,360.900699,0,17.89303483
01,北海道,13,東京都,9,特殊品,1.518230769,1465.922778,0,18.74626866
01,北海道,14,神奈川県,9,特殊品,54.60748148,280.7294933,0,4.686567164
02,青森県,08,茨城県,9,特殊品,0,1.5,0,0
02,青森県,11,埼玉県,9,特殊品,0,51,0,6
02,青森県,12,千葉県,9,特殊品,0,6.923076923,0,0
02,青森県,14,神奈川県,9,特殊品,34.34782609,0.321052632,0,0
03,岩手県,08,茨城県,9,特殊品,117.0146667,2.864,19.5,3.58
03,岩手県,11,埼玉県,9,特殊品,0,12.615,0,4.35
03,岩手県,14,神奈川県,9,特殊品,0,0.385263158,0,0
04,宮城県,08,茨城県,9,特殊品,191.2721405,41.73333333,18.1439951,0
04,宮城県,11,埼玉県,9,特殊品,102.6704762,1099.234651,6.904761905,61.44402484
04,宮城県,12,千葉県,9,特殊品,226.2549542,108.9248519,3,4
04,宮城県,13,東京都,9,特殊品,40.698,299.801754,0,0
04,宮城県,14,神奈川県,9,特殊品,33,71.19573787,0,0
05,秋田県,08,茨城県,9,特殊品,0,135.5294118,0,7.529411765
05,秋田県,11,埼玉県,9,特殊品,0,28.06920635,0,8.658730159
05,秋田県,12,千葉県,9,特殊品,0,86,0,0
05,秋田県,13,東京都,9,特殊品,0,40,0,0
05,秋田県,14,神奈川県,9,特殊品,0.007481482,16.00748148,0,0
06,山形県,11,埼玉県,9,特殊品,0.7,4.5675,2,8.7
06,山形県,13,東京都,9,特殊品,9.064038462,0,8.734375,0
06,山形県,14,神奈川県,9,特殊品,0.215882353,0.064210526,0,0
07,福島県,08,茨城県,9,特殊品,195.0759248,426.933215,6.864942529,27.99759904
07,福島県,11,埼玉県,9,特殊品,1068.587857,371.5242857,62.21571429,32.77857143
07,福島県,12,千葉県,9,特殊品,6.263961539,176.7091986,3,6.304347826
07,福島県,13,東京都,9,特殊品,105.03,0,7,0
07,福島県,14,神奈川県,9,特殊品,0.206888889,125.0410714,0,6.142857143
08,茨城県,01,北海道,9,特殊品,169.2270588,32.16077778,11.10941177,4.333333333
08,茨城県,02,青森県,9,特殊品,1.5,0,0,0
08,茨城県,03,岩手県,9,特殊品,2.864,117.0146667,3.58,19.5
08,茨城県,04,宮城県,9,特殊品,41.73333333,191.2721405,0,18.1439951
08,茨城県,05,秋田県,9,特殊品,135.5294118,0,7.529411765,0
08,茨城県,07,福島県,9,特殊品,426.933215,195.0759248,27.99759904,6.864942529
08,茨城県,08,茨城県,9,特殊品,10566.9931,10566.9931,938.5836834,938.5836834
08,茨城県,09,栃木県,9,特殊品,1834.197864,710.7895534,126.360685,90.13887012
08,茨城県,10,群馬県,9,特殊品,367.1274062,537.7732866,8.886813187,58.09639511
08,茨城県,11,埼玉県,9,特殊品,1326.802667,1510.63847,210.0662895,122.4840476
08,茨城県,12,千葉県,9,特殊品,2417.123439,4306.929506,65.30061862,278.0727804
08,茨城県,13,東京都,9,特殊品,226.5547829,667.755622,33.14468865,245.9052894
08,茨城県,14,神奈川県,9,特殊品,337.8408743,1035.064562,12.93681319,252.0792451
08,茨城県,15,新潟県,9,特殊品,127.0453333,44.37471264,3.58,3.114942529
08,茨城県,16,富山県,9,特殊品,0.9,45.17647059,0,7.529411765
08,茨城県,18,福井県,9,特殊品,612.3076923,0,40.82051282,0
08,茨城県,19,山梨県,9,特殊品,0,0,0,5.586206897
08,茨城県,20,長野県,9,特殊品,0,69.36666667,0,4.333333333
08,茨城県,21,岐阜県,9,特殊品,0,28.16666667,0,0
08,茨城県,22,静岡県,9,特殊品,95.91300825,182.0681301,7.114942529,10.91
08,茨城県,23,愛知県,9,特殊品,68.60096154,96.53666667,6.5,12.24666667
08,茨城県,24,三重県,9,特殊品,7.574376068,119.8166667,0,23.83333333
08,茨城県,25,滋賀県,9,特殊品,0.006229885,0.934482759,0,0
08,茨城県,28,兵庫県,9,特殊品,7.132,2.816666667,3.58,4.333333333
08,茨城県,29,奈良県,9,特殊品,0,2.6,0,4.333333333
08,茨城県,34,広島県,9,特殊品,1.5,3.07826087,0,0
08,茨城県,35,山口県,9,特殊品,0,2.75,0,0
08,茨城県,37,香川県,9,特殊品,42.16666667,4.25,0,0
08,茨城県,40,福岡県,9,特殊品,0,26.16673913,0,6.5
08,茨城県,42,長崎県,9,特殊品,2.148,0,3.58,0
08,茨城県,43,熊本県,9,特殊品,2.864,0,3.58,0
08,茨城県,47,沖縄県,9,特殊品,0,2.166666667,0,4.333333333
08,茨城県,90,全国,9,特殊品,0,15,0,0
08,茨城県,92,東北,9,特殊品,0,26,0,6.5
08,茨城県,99,全て不明,9,特殊品,272,40.79733333,27.2,9.586206897
09,栃木県,08,茨城県,9,特殊品,710.7895534,1834.197864,90.13887012,126.360685
09,栃木県,11,埼玉県,9,特殊品,1765.689056,1479.2202,242.2106701,132.0330074
09,栃木県,12,千葉県,9,特殊品,84.97430952,213.7082672,0,22.82969577
09,栃木県,13,東京都,9,特殊品,211.7471026,526.3289474,0,27.23684211
09,栃木県,14,神奈川県,9,特殊品,365.0175651,411.8963104,27.22702703,61
10,群馬県,08,茨城県,9,特殊品,537.7732866,367.1274062,58.09639511,8.886813187
10,群馬県,11,埼玉県,9,特殊品,4385.860186,2366.397849,467.6940671,188.6537689
10,群馬県,12,千葉県,9,特殊品,26.13007692,151.6666667,0,11.66666667
10,群馬県,13,東京都,9,特殊品,0.48497076,180,0,15
10,群馬県,14,神奈川県,9,特殊品,12,126.2625651,0,0
11,埼玉県,01,北海道,9,特殊品,402.9042672,0,20.05970149,0
11,埼玉県,02,青森県,9,特殊品,51,0,6,0
11,埼玉県,03,岩手県,9,特殊品,12.615,0,4.35,0
11,埼玉県,04,宮城県,9,特殊品,1099.234651,102.6704762,61.44402484,6.904761905
11,埼玉県,05,秋田県,9,特殊品,28.06920635,0,8.658730159,0
11,埼玉県,06,山形県,9,特殊品,4.5675,0.7,8.7,2
11,埼玉県,07,福島県,9,特殊品,371.5242857,1068.587857,32.77857143,62.21571429
11,埼玉県,08,茨城県,9,特殊品,1510.63847,1326.802667,122.4840476,210.0662895
11,埼玉県,09,栃木県,9,特殊品,1479.2202,1765.689056,132.0330074,242.2106701
11,埼玉県,10,群馬県,9,特殊品,2366.397849,4385.860186,188.6537689,467.6940671
11,埼玉県,11,埼玉県,9,特殊品,8986.617843,8986.617843,1196.866386,1196.866386
11,埼玉県,12,千葉県,9,特殊品,2581.818807,1295.914384,461.9272426,150.2366914
11,埼玉県,13,東京都,9,特殊品,600.0820606,13369.90097,224.3484342,1364.869081
11,埼玉県,14,神奈川県,9,特殊品,2336.67531,302.343704,173.9231117,21
11,埼玉県,15,新潟県,9,特殊品,159.9164815,329.6851003,8.312962963,53.72055138
11,埼玉県,16,富山県,9,特殊品,1.18015873,15.66447368,3.444444444,8.315789474
11,埼玉県,17,石川県,9,特殊品,0.211428571,0,3.642857143,0
11,埼玉県,18,福井県,9,特殊品,1.276190476,0,0,0
11,埼玉県,19,山梨県,9,特殊品,1.020952381,85.32894737,0,16.63157895
11,埼玉県,20,長野県,9,特殊品,143.6084266,97.21843776,8.041910331,20.87761069
11,埼玉県,21,岐阜県,9,特殊品,114.8214286,1.28,11.48214286,0
11,埼玉県,22,静岡県,9,特殊品,863.5833301,315.6297619,74.10411483,35.11190476
11,埼玉県,23,愛知県,9,特殊品,706.9285714,131.7807619,47.92857143,17.44444444
11,埼玉県,25,滋賀県,9,特殊品,1.020952381,0.123157895,0,12.31578947
11,埼玉県,26,京都府,9,特殊品,0,1.12,0,0
11,埼玉県,27,大阪府,9,特殊品,26.00835714,0,2,0
11,埼玉県,28,兵庫県,9,特殊品,30.38596491,33.2,3.798245614,6
11,埼玉県,32,島根県,9,特殊品,0.319047619,0,0,0
11,埼玉県,33,岡山県,9,特殊品,108.6372181,0,14.29793233,0
11,埼玉県,35,山口県,9,特殊品,2.175,0,4.35,0
11,埼玉県,37,香川県,9,特殊品,26,0,2,0
11,埼玉県,38,愛媛県,9,特殊品,420,0,18,0
11,埼玉県,40,福岡県,9,特殊品,209.6428571,0,10.48214286,0
11,埼玉県,44,大分県,9,特殊品,18.99122807,0,3.798245614,0
11,埼玉県,45,宮崎県,9,特殊品,0,9.6,0,4
11,埼玉県,46,鹿児島県,9,特殊品,419.6047619,0,10.48214286,0
11,埼玉県,47,沖縄県,9,特殊品,0.008357143,0,0,0
11,埼玉県,92,東北,9,特殊品,93.29231035,38.15789474,83.80827586,3.815789474
11,埼玉県,93,海外,9,特殊品,147.0104762,139.0745098,12.83333333,4
11,埼玉県,94,不特定,9,特殊品,0,20.5,0,109.3333333
11,埼玉県,99,全て不明,9,特殊品,0,0.208928571,0,4.178571429
12,千葉県,01,北海道,9,特殊品,360.900699,325.9259259,17.89303483,0
12,千葉県,02,青森県,9,特殊品,6.923076923,0,0,0
12,千葉県,04,宮城県,9,特殊品,108.9248519,226.2549542,4,3
12,千葉県,05,秋田県,9,特殊品,86,0,0,0
12,千葉県,07,福島県,9,特殊品,176.7091986,6.263961539,6.304347826,3
12,千葉県,08,茨城県,9,特殊品,4306.929506,2417.123439,278.0727804,65.30061862
12,千葉県,09,栃木県,9,特殊品,213.7082672,84.97430952,22.82969577,0
12,千葉県,10,群馬県,9,特殊品,151.6666667,26.13007692,11.66666667,0
12,千葉県,11,埼玉県,9,特殊品,1295.914384,2581.818807,150.2366914,461.9272426
12,千葉県,12,千葉県,9,特殊品,12903.62763,12903.62763,1367.335469,1367.335469
12,千葉県,13,東京都,9,特殊品,770.9684322,14864.60936,26.92983272,26.44001286
12,千葉県,14,神奈川県,9,特殊品,1181.864751,846.0649746,17.7,35.05193237
12,千葉県,15,新潟県,9,特殊品,0,1.33,0,0
12,千葉県,16,富山県,9,特殊品,231,0,0,0
12,千葉県,18,福井県,9,特殊品,0.101,0,1,0
12,千葉県,19,山梨県,9,特殊品,7.857142857,28.25,0,0
12,千葉県,20,長野県,9,特殊品,24.830125,2.738461539,0,0
12,千葉県,21,岐阜県,9,特殊品,66.23557692,0,4.5625,0
12,千葉県,22,静岡県,9,特殊品,128.1356667,289.4660185,12,6
12,千葉県,23,愛知県,9,特殊品,0,6.923076923,0,0
12,千葉県,27,大阪府,9,特殊品,39.99145161,0.9875,0,0
12,千葉県,28,兵庫県,9,特殊品,0.549677419,0,0,0
12,千葉県,29,奈良県,9,特殊品,63.25,0,4.5625,0
12,千葉県,32,島根県,9,特殊品,0,15.75,0,0
12,千葉県,33,岡山県,9,特殊品,57.06846154,0.070153846,0,0
12,千葉県,35,山口県,9,特殊品,5,0,0,0
12,千葉県,37,香川県,9,特殊品,5,0,0,0
12,千葉県,38,愛媛県,9,特殊品,0.061904762,1.48125,3.095238095,0
12,千葉県,40,福岡県,9,特殊品,0.091612903,0,0,0
12,千葉県,43,熊本県,9,特殊品,281.4892836,0,18.74626866,0
12,千葉県,44,大分県,9,特殊品,93.73134328,0,4.686567164,0
12,千葉県,46,鹿児島県,9,特殊品,162.962963,0,0,0
12,千葉県,92,東北,9,特殊品,40,0,4,0
12,千葉県,93,海外,9,特殊品,275.7142857,109.4143214,16.14285714,4.1875
12,千葉県,99,全て不明,9,特殊品,0,366.1538462,0,0
13,東京都,01,北海道,9,特殊品,1465.922778,1.518230769,18.74626866,0
13,東京都,04,宮城県,9,特殊品,299.801754,40.698,0,0
13,東京都,05,秋田県,9,特殊品,40,0,0,0
13,東京都,06,山形県,9,特殊品,0,9.064038462,0,8.734375
13,東京都,07,福島県,9,特殊品,0,105.03,0,7
13,東京都,08,茨城県,9,特殊品,667.755622,226.5547829,245.9052894,33.14468865
13,東京都,09,栃木県,9,特殊品,526.3289474,211.7471026,27.23684211,0
13,東京都,10,群馬県,9,特殊品,180,0.48497076,15,0
13,東京都,11,埼玉県,9,特殊品,13369.90097,600.0820606,1364.869081,224.3484342
13,東京都,12,千葉県,9,特殊品,14864.60936,770.9684322,26.44001286,26.92983272
13,東京都,13,東京都,9,特殊品,19277.91719,19277.91719,532.0953232,532.0953232
13,東京都,14,神奈川県,9,特殊品,832.8348001,8752.488544,87.02764834,37.72907585
13,東京都,15,新潟県,9,特殊品,406.1020408,4.468384615,0,0
13,東京都,19,山梨県,9,特殊品,10.35692308,179.0992308,0,1
13,東京都,20,長野県,9,特殊品,662.3820968,3.334615385,0,0
13,東京都,21,岐阜県,9,特殊品,15.52631579,22.76953846,0,0
13,東京都,22,静岡県,9,特殊品,667.8362567,0,13.63636364,0
13,東京都,23,愛知県,9,特殊品,159.7718971,0,26.58823529,0
13,東京都,24,三重県,9,特殊品,160,0.096994152,10.66666667,0
13,東京都,26,京都府,9,特殊品,0.24248538,0,0,0
13,東京都,27,大阪府,9,特殊品,5.828721587,6.774071075,0,0
13,東京都,28,兵庫県,9,特殊品,3.826428571,8.348571429,0,0
13,東京都,29,奈良県,9,特殊品,0,0.044127273,0,0
13,東京都,33,岡山県,9,特殊品,17.03509967,0,0,0
13,東京都,34,広島県,9,特殊品,0,1.039615385,0,0
13,東京都,40,福岡県,9,特殊品,0.096994152,0,0,0
13,東京都,47,沖縄県,9,特殊品,0.048497076,0,0,0
13,東京都,92,東北,9,特殊品,0.015178571,0.277471698,12.14285714,0
13,東京都,93,海外,9,特殊品,132.7272727,0.969941521,26.54545455,0
13,東京都,94,不特定,9,特殊品,0,0.266666667,0,0
13,東京都,99,全て不明,9,特殊品,0,7.921666667,0,0
14,神奈川県,01,北海道,9,特殊品,280.7294933,54.60748148,4.686567164,0
14,神奈川県,02,青森県,9,特殊品,0.321052632,34.34782609,0,0
14,神奈川県,03,岩手県,9,特殊品,0.385263158,0,0,0
14,神奈川県,04,宮城県,9,特殊品,71.19573787,33,0,0
14,神奈川県,05,秋田県,9,特殊品,16.00748148,0.007481482,0,0
14,神奈川県,06,山形県,9,特殊品,0.064210526,0.215882353,0,0
14,神奈川県,07,福島県,9,特殊品,125.0410714,0.206888889,6.142857143,0
14,神奈川県,08,茨城県,9,特殊品,1035.064562,337.8408743,252.0792451,12.93681319
14,神奈川県,09,栃木県,9,特殊品,411.8963104,365.0175651,61,27.22702703
14,神奈川県,10,群馬県,9,特殊品,126.2625651,12,0,0
14,神奈川県,11,埼玉県,9,特殊品,302.343704,2336.67531,21,173.9231117
14,神奈川県,12,千葉県,9,特殊品,846.0649746,1181.864751,35.05193237,17.7
14,神奈川県,13,東京都,9,特殊品,8752.488544,832.8348001,37.72907585,87.02764834
14,神奈川県,14,神奈川県,9,特殊品,75086.22148,75086.22148,668.2466756,668.2466756
14,神奈川県,15,新潟県,9,特殊品,26.47684211,86.17222222,0,0
14,神奈川県,16,富山県,9,特殊品,126.51,32.46861111,0,0
14,神奈川県,17,石川県,9,特殊品,0.684120668,0,0,0
14,神奈川県,19,山梨県,9,特殊品,4.212209552,31.47191005,0,8.285714286
14,神奈川県,20,長野県,9,特殊品,5.308389634,54.55000746,0,4.142857143
14,神奈川県,21,岐阜県,9,特殊品,0.128421053,57.08333333,0,0
14,神奈川県,22,静岡県,9,特殊品,905.352346,352.9046168,4,15.57195507
14,神奈川県,23,愛知県,9,特殊品,97.89484308,54.62557359,0,10.1
14,神奈川県,24,三重県,9,特殊品,161.2588381,30,0,9
14,神奈川県,25,滋賀県,9,特殊品,41.42857143,1.4,4.142857143,0
14,神奈川県,26,京都府,9,特殊品,0.834736842,1.342666667,0,0
14,神奈川県,27,大阪府,9,特殊品,4.988684211,10.79580423,0,0
14,神奈川県,28,兵庫県,9,特殊品,2.748358675,9.911037037,0,0
14,神奈川県,29,奈良県,9,特殊品,0.572631579,0,0,0
14,神奈川県,30,和歌山県,9,特殊品,0.032105263,0,0,0
14,神奈川県,33,岡山県,9,特殊品,0,13.00263158,0,0
14,神奈川県,34,広島県,9,特殊品,1.388007797,0.007481482,0,0
14,神奈川県,35,山口県,9,特殊品,0.224736842,0,0,0
14,神奈川県,37,香川県,9,特殊品,0.09631579,0,0,0
14,神奈川県,38,愛媛県,9,特殊品,36.03210526,0,0,0
14,神奈川県,40,福岡県,9,特殊品,1.484323587,6.444586745,0,0
14,神奈川県,41,佐賀県,9,特殊品,6.572105263,0,0,0
14,神奈川県,43,熊本県,9,特殊品,0.103333333,0,0,0
14,神奈川県,45,宮崎県,9,特殊品,0.160526316,0,0,0
14,神奈川県,46,鹿児島県,9,特殊品,0.007481482,0.007481482,0,0
14,神奈川県,90,全国,9,特殊品,0.287058824,564.8969173,0,9.333333333
14,神奈川県,93,海外,9,特殊品,354.6514286,84.19512195,6.142857143,0
14,神奈川県,94,不特定,9,特殊品,0,66.04558824,0,0
14,神奈川県,99,全て不明,9,特殊品,1.074509804,0,0,0
15,新潟県,08,茨城県,9,特殊品,44.37471264,127.0453333,3.114942529,3.58
15,新潟県,11,埼玉県,9,特殊品,329.6851003,159.9164815,53.72055138,8.312962963
15,新潟県,12,千葉県,9,特殊品,1.33,0,0,0
15,新潟県,13,東京都,9,特殊品,4.468384615,406.1020408,0,0
15,新潟県,14,神奈川県,9,特殊品,86.17222222,26.47684211,0,0
16,富山県,08,茨城県,9,特殊品,45.17647059,0.9,7.529411765,0
16,富山県,11,埼玉県,9,特殊品,15.66447368,1.18015873,8.315789474,3.444444444
16,富山県,12,千葉県,9,特殊品,0,231,0,0
16,富山県,14,神奈川県,9,特殊品,32.46861111,126.51,0,0
17,石川県,11,埼玉県,9,特殊品,0,0.211428571,0,3.642857143
17,石川県,14,神奈川県,9,特殊品,0,0.684120668,0,0
18,福井県,08,茨城県,9,特殊品,0,612.3076923,0,40.82051282
18,福井県,11,埼玉県,9,特殊品,0,1.276190476,0,0
18,福井県,12,千葉県,9,特殊品,0,0.101,0,1
19,山梨県,08,茨城県,9,特殊品,0,0,5.586206897,0
19,山梨県,11,埼玉県,9,特殊品,85.32894737,1.020952381,16.63157895,0
19,山梨県,12,千葉県,9,特殊品,28.25,7.857142857,0,0
19,山梨県,13,東京都,9,特殊品,179.0992308,10.35692308,1,0
19,山梨県,14,神奈川県,9,特殊品,31.47191005,4.212209552,8.285714286,0
20,長野県,08,茨城県,9,特殊品,69.36666667,0,4.333333333,0
20,長野県,11,埼玉県,9,特殊品,97.21843776,143.6084266,20.87761069,8.041910331
20,長野県,12,千葉県,9,特殊品,2.738461539,24.830125,0,0
20,長野県,13,東京都,9,特殊品,3.334615385,662.3820968,0,0
20,長野県,14,神奈川県,9,特殊品,54.55000746,5.308389634,4.142857143,0
21,岐阜県,08,茨城県,9,特殊品,28.16666667,0,0,0
21,岐阜県,11,埼玉県,9,特殊品,1.28,114.8214286,0,11.48214286
21,岐阜県,12,千葉県,9,特殊品,0,66.23557692,0,4.5625
21,岐阜県,13,東京都,9,特殊品,22.76953846,15.52631579,0,0
21,岐阜県,14,神奈川県,9,特殊品,57.08333333,0.128421053,0,0
22,静岡県,08,茨城県,9,特殊品,182.0681301,95.91300825,10.91,7.114942529
22,静岡県,11,埼玉県,9,特殊品,315.6297619,863.5833301,35.11190476,74.10411483
22,静岡県,12,千葉県,9,特殊品,289.4660185,128.1356667,6,12
22,静岡県,13,東京都,9,特殊品,0,667.8362567,0,13.63636364
22,静岡県,14,神奈川県,9,特殊品,352.9046168,905.352346,15.57195507,4
23,愛知県,08,茨城県,9,特殊品,96.53666667,68.60096154,12.24666667,6.5
23,愛知県,11,埼玉県,9,特殊品,131.7807619,706.9285714,17.44444444,47.92857143
23,愛知県,12,千葉県,9,特殊品,6.923076923,0,0,0
23,愛知県,13,東京都,9,特殊品,0,159.7718971,0,26.58823529
23,愛知県,14,神奈川県,9,特殊品,54.62557359,97.89484308,10.1,0
24,三重県,08,茨城県,9,特殊品,119.8166667,7.574376068,23.83333333,0
24,三重県,13,東京都,9,特殊品,0.096994152,160,0,10.66666667
24,三重県,14,神奈川県,9,特殊品,30,161.2588381,9,0
25,滋賀県,08,茨城県,9,特殊品,0.934482759,0.006229885,0,0
25,滋賀県,11,埼玉県,9,特殊品,0.123157895,1.020952381,12.31578947,0
25,滋賀県,14,神奈川県,9,特殊品,1.4,41.42857143,0,4.142857143
26,京都府,11,埼玉県,9,特殊品,1.12,0,0,0
26,京都府,13,東京都,9,特殊品,0,0.24248538,0,0
26,京都府,14,神奈川県,9,特殊品,1.342666667,0.834736842,0,0
27,大阪府,11,埼玉県,9,特殊品,0,26.00835714,0,2
27,大阪府,12,千葉県,9,特殊品,0.9875,39.99145161,0,0
27,大阪府,13,東京都,9,特殊品,6.774071075,5.828721587,0,0
27,大阪府,14,神奈川県,9,特殊品,10.79580423,4.988684211,0,0
28,兵庫県,08,茨城県,9,特殊品,2.816666667,7.132,4.333333333,3.58
28,兵庫県,11,埼玉県,9,特殊品,33.2,30.38596491,6,3.798245614
28,兵庫県,12,千葉県,9,特殊品,0,0.549677419,0,0
28,兵庫県,13,東京都,9,特殊品,8.348571429,3.826428571,0,0
28,兵庫県,14,神奈川県,9,特殊品,9.911037037,2.748358675,0,0
29,奈良県,08,茨城県,9,特殊品,2.6,0,4.333333333,0
29,奈良県,12,千葉県,9,特殊品,0,63.25,0,4.5625
29,奈良県,13,東京都,9,特殊品,0.044127273,0,0,0
29,奈良県,14,神奈川県,9,特殊品,0,0.572631579,0,0
30,和歌山県,14,神奈川県,9,特殊品,0,0.032105263,0,0
32,島根県,11,埼玉県,9,特殊品,0,0.319047619,0,0
32,島根県,12,千葉県,9,特殊品,15.75,0,0,0
33,岡山県,11,埼玉県,9,特殊品,0,108.6372181,0,14.29793233
33,岡山県,12,千葉県,9,特殊品,0.070153846,57.06846154,0,0
33,岡山県,13,東京都,9,特殊品,0,17.03509967,0,0
33,岡山県,14,神奈川県,9,特殊品,13.00263158,0,0,0
34,広島県,08,茨城県,9,特殊品,3.07826087,1.5,0,0
34,広島県,13,東京都,9,特殊品,1.039615385,0,0,0
34,広島県,14,神奈川県,9,特殊品,0.007481482,1.388007797,0,0
35,山口県,08,茨城県,9,特殊品,2.75,0,0,0
35,山口県,11,埼玉県,9,特殊品,0,2.175,0,4.35
35,山口県,12,千葉県,9,特殊品,0,5,0,0
35,山口県,14,神奈川県,9,特殊品,0,0.224736842,0,0
37,香川県,08,茨城県,9,特殊品,4.25,42.16666667,0,0
37,香川県,11,埼玉県,9,特殊品,0,26,0,2
37,香川県,12,千葉県,9,特殊品,0,5,0,0
37,香川県,14,神奈川県,9,特殊品,0,0.09631579,0,0
38,愛媛県,11,埼玉県,9,特殊品,0,420,0,18
38,愛媛県,12,千葉県,9,特殊品,1.48125,0.061904762,0,3.095238095
38,愛媛県,14,神奈川県,9,特殊品,0,36.03210526,0,0
40,福岡県,08,茨城県,9,特殊品,26.16673913,0,6.5,0
40,福岡県,11,埼玉県,9,特殊品,0,209.6428571,0,10.48214286
40,福岡県,12,千葉県,9,特殊品,0,0.091612903,0,0
40,福岡県,13,東京都,9,特殊品,0,0.096994152,0,0
40,福岡県,14,神奈川県,9,特殊品,6.444586745,1.484323587,0,0
41,佐賀県,14,神奈川県,9,特殊品,0,6.572105263,0,0
42,長崎県,08,茨城県,9,特殊品,0,2.148,0,3.58
43,熊本県,08,茨城県,9,特殊品,0,2.864,0,3.58
43,熊本県,12,千葉県,9,特殊品,0,281.4892836,0,18.74626866
43,熊本県,14,神奈川県,9,特殊品,0,0.103333333,0,0
44,大分県,11,埼玉県,9,特殊品,0,18.99122807,0,3.798245614
44,大分県,12,千葉県,9,特殊品,0,93.73134328,0,4.686567164
45,宮崎県,11,埼玉県,9,特殊品,9.6,0,4,0
45,宮崎県,14,神奈川県,9,特殊品,0,0.160526316,0,0
46,鹿児島県,11,埼玉県,9,特殊品,0,419.6047619,0,10.48214286
46,鹿児島県,12,千葉県,9,特殊品,0,162.962963,0,0
46,鹿児島県,14,神奈川県,9,特殊品,0.007481482,0.007481482,0,0
47,沖縄県,08,茨城県,9,特殊品,2.166666667,0,4.333333333,0
47,沖縄県,11,埼玉県,9,特殊品,0,0.008357143,0,0
47,沖縄県,13,東京都,9,特殊品,0,0.048497076,0,0
90,全国,08,茨城県,9,特殊品,15,0,0,0
90,全国,14,神奈川県,9,特殊品,564.8969173,0.287058824,9.333333333,0
92,東北,08,茨城県,9,特殊品,26,0,6.5,0
92,東北,11,埼玉県,9,特殊品,38.15789474,93.29231035,3.815789474,83.80827586
92,東北,12,千葉県,9,特殊品,0,40,0,4
92,東北,13,東京都,9,特殊品,0.277471698,0.015178571,0,12.14285714
93,海外,11,埼玉県,9,特殊品,139.0745098,147.0104762,4,12.83333333
93,海外,12,千葉県,9,特殊品,109.4143214,275.7142857,4.1875,16.14285714
93,海外,13,東京都,9,特殊品,0.969941521,132.7272727,0,26.54545455
93,海外,14,神奈川県,9,特殊品,84.19512195,354.6514286,0,6.142857143
94,不特定,11,埼玉県,9,特殊品,20.5,0,109.3333333,0
94,不特定,13,東京都,9,特殊品,0.266666667,0,0,0
94,不特定,14,神奈川県,9,特殊品,66.04558824,0,0,0
99,全て不明,08,茨城県,9,特殊品,40.79733333,272,9.586206897,27.2
99,全て不明,11,埼玉県,9,特殊品,0.208928571,0,4.178571429,0
99,全て不明,12,千葉県,9,特殊品,366.1538462,0,0,0
99,全て不明,13,東京都,9,特殊品,7.921666667,0,0,0
99,全て不明,14,神奈川県,9,特殊品,0,1.074509804,0,0
01,北海道,08,茨城県,10,混載,3,32.334,0,0
01,北海道,11,埼玉県,10,混載,71.75996226,424.1799352,0,40.65614618
01,北海道,12,千葉県,10,混載,107.257,561.5552222,0,0
01,北海道,13,東京都,10,混載,117.4968168,493.1626498,6.452830189,0
01,北海道,14,神奈川県,10,混載,0,128.8265,0,0
02,青森県,08,茨城県,10,混載,0,8.668,0,0
02,青森県,11,埼玉県,10,混載,29.41958491,223.9321787,0,42
02,青森県,12,千葉県,10,混載,106.4333333,234.8563333,0,0
02,青森県,13,東京都,10,混載,38.21025,107.9145727,0,0
02,青森県,14,神奈川県,10,混載,0,36.9285,0,0
03,岩手県,08,茨城県,10,混載,0,11.685,0,0
03,岩手県,11,埼玉県,10,混載,45.13685131,172.5453753,11.93162393,24.77777778
03,岩手県,12,千葉県,10,混載,192.3998889,376.962,0,0
03,岩手県,13,東京都,10,混載,33.74177273,147.0382618,0,4.153846154
03,岩手県,14,神奈川県,10,混載,0,53.75,0,0
04,宮城県,08,茨城県,10,混載,0,20.99718681,0,3.186813187
04,宮城県,11,埼玉県,10,混載,72.50296017,300.2785451,15.55555556,97.55555556
04,宮城県,12,千葉県,10,混載,231.6784444,745.7912222,0,12.72222222
04,宮城県,13,東京都,10,混載,131.0926491,297.3459646,111.7241379,111.7241379
04,宮城県,14,神奈川県,10,混載,0.01290604,89.32278409,0,0
05,秋田県,08,茨城県,10,混載,0,6.771,0,0
05,秋田県,11,埼玉県,10,混載,27.64453774,134.6223895,0,22.21428571
05,秋田県,12,千葉県,10,混載,116.6425556,182.4747778,0,0
05,秋田県,13,東京都,10,混載,34.82238636,84.76631364,0,0
05,秋田県,14,神奈川県,10,混載,0,29.322,0,0
06,山形県,08,茨城県,10,混載,0,9.808835165,0,0
06,山形県,11,埼玉県,10,混載,106.3941871,227.5925738,24.13045434,62.88440429
06,山形県,12,千葉県,10,混載,259.3025556,407.6748889,0,0
06,山形県,13,東京都,10,混載,84.808,146.4120116,0,4.153846154
06,山形県,14,神奈川県,10,混載,0,40.796,0,0
07,福島県,08,茨城県,10,混載,379.6736842,67.52985932,18.68421053,8.250693001
07,福島県,11,埼玉県,10,混載,87.64408536,179.1360975,10.42063492,7.777777778
07,福島県,12,千葉県,10,混載,419.5817778,555.5995556,0,0
07,福島県,13,東京都,10,混載,108.8896465,206.5027158,0,0
07,福島県,14,神奈川県,10,混載,0.010242424,84.16824242,0,0
08,茨城県,01,北海道,10,混載,32.334,3,0,0
08,茨城県,02,青森県,10,混載,8.668,0,0,0
08,茨城県,03,岩手県,10,混載,11.685,0,0,0
08,茨城県,04,宮城県,10,混載,20.99718681,0,3.186813187,0
08,茨城県,05,秋田県,10,混載,6.771,0,0,0
08,茨城県,06,山形県,10,混載,9.808835165,0,0,0
08,茨城県,07,福島県,10,混載,67.52985932,379.6736842,8.250693001,18.68421053
08,茨城県,08,茨城県,10,混載,6834.128263,6834.128263,524.2947842,524.2947842
08,茨城県,09,栃木県,10,混載,48.78033333,0,6.766666667,0
08,茨城県,10,群馬県,10,混載,204.0785,0,9.342105263,0
08,茨城県,11,埼玉県,10,混載,415.0933769,642.6527696,98.84994316,192.2423164
08,茨城県,12,千葉県,10,混載,1447.694124,1441.228673,93.78739706,94.91487406
08,茨城県,13,東京都,10,混載,545.631343,522.954112,78.10901391,20.3
08,茨城県,14,神奈川県,10,混載,243.8633297,149.1780035,15.18095238,6.466666667
08,茨城県,15,新潟県,10,混載,18.981,0,2.1,0
08,茨城県,16,富山県,10,混載,8.413,0,0,0
08,茨城県,17,石川県,10,混載,8.995,0,0,0
08,茨城県,18,福井県,10,混載,6.036,0,0,0
08,茨城県,19,山梨県,10,混載,9.242,0,0,0
08,茨城県,20,長野県,10,混載,20.603,0,0,0
08,茨城県,21,岐阜県,10,混載,78.97594595,98.81171171,5.846846847,11.69369369
08,茨城県,22,静岡県,10,混載,34.973,0,2.1,0
08,茨城県,23,愛知県,10,混載,208.1547325,115.0512821,5.846846847,3.25
08,茨城県,24,三重県,10,混載,16.164,0,0,0
08,茨城県,25,滋賀県,10,混載,62.39764103,0,0,0
08,茨城県,26,京都府,10,混載,18.532,0,0,0
08,茨城県,27,大阪府,10,混載,241.1218319,159.5101441,11.69369369,15.1405022
08,茨城県,28,兵庫県,10,混載,93.85362162,0,5.846846847,0
08,茨城県,29,奈良県,10,混載,8.166,0,0,0
08,茨城県,30,和歌山県,10,混載,48.68766667,25.14144144,5.846846847,5.846846847
08,茨城県,33,岡山県,10,混載,17.874,0,0,0
08,茨城県,34,広島県,10,混載,13.477,0,0,0
08,茨城県,35,山口県,10,混載,7,0,0,0
08,茨城県,36,徳島県,10,混載,3.462,0,0,0
08,茨城県,37,香川県,10,混載,6.045,3,0,0
08,茨城県,38,愛媛県,10,混載,5.649,0,0,0
08,茨城県,39,高知県,10,混載,3.223,0,0,0
08,茨城県,40,福岡県,10,混載,19.22,0,0,0
08,茨城県,41,佐賀県,10,混載,2.939,0,0,0
08,茨城県,42,長崎県,10,混載,4.263,0,0,0
08,茨城県,43,熊本県,10,混載,6.151,0,0,0
08,茨城県,44,大分県,10,混載,4.028,0,0,0
08,茨城県,45,宮崎県,10,混載,3.414,0,0,0
08,茨城県,46,鹿児島県,10,混載,5.532,0,0,0
08,茨城県,47,沖縄県,10,混載,6.416,0,0,0
08,茨城県,90,全国,10,混載,0,0.573333333,0,0
08,茨城県,92,東北,10,混載,0.179340659,0.224175824,0,0
08,茨城県,93,海外,10,混載,0.608219178,0.697011494,0,0
09,栃木県,08,茨城県,10,混載,0,48.78033333,0,6.766666667
09,栃木県,11,埼玉県,10,混載,144.8511216,382.7617892,2,81.56428571
09,栃木県,12,千葉県,10,混載,657.7628889,562.3856937,12.72222222,5.846846847
09,栃木県,13,東京都,10,混載,168.48305,270.6083972,0,0
09,栃木県,14,神奈川県,10,混載,0.045555556,159.172,0,10.1
10,群馬県,08,茨城県,10,混載,0,204.0785,0,9.342105263
10,群馬県,11,埼玉県,10,混載,192.4256955,397.2346658,11.03065134,207.4522456
10,群馬県,12,千葉県,10,混載,165.7631111,242.7101111,0,0
10,群馬県,13,東京都,10,混載,134.2086786,243.8772162,0,20.94984326
10,群馬県,14,神奈川県,10,混載,20.93888889,70.26177778,0,0
11,埼玉県,01,北海道,10,混載,424.1799352,71.75996226,40.65614618,0
11,埼玉県,02,青森県,10,混載,223.9321787,29.41958491,42,0
11,埼玉県,03,岩手県,10,混載,172.5453753,45.13685131,24.77777778,11.93162393
11,埼玉県,04,宮城県,10,混載,300.2785451,72.50296017,97.55555556,15.55555556
11,埼玉県,05,秋田県,10,混載,134.6223895,27.64453774,22.21428571,0
11,埼玉県,06,山形県,10,混載,227.5925738,106.3941871,62.88440429,24.13045434
11,埼玉県,07,福島県,10,混載,179.1360975,87.64408536,7.777777778,10.42063492
11,埼玉県,08,茨城県,10,混載,642.6527696,415.0933769,192.2423164,98.84994316
11,埼玉県,09,栃木県,10,混載,382.7617892,144.8511216,81.56428571,2
11,埼玉県,10,群馬県,10,混載,397.2346658,192.4256955,207.4522456,11.03065134
11,埼玉県,11,埼玉県,10,混載,21024.9334,21024.9334,1750.214071,1750.214071
11,埼玉県,12,千葉県,10,混載,1188.380696,3344.206117,123.9509657,337.384985
11,埼玉県,13,東京都,10,混載,9819.162744,7010.67345,1297.060221,1016.535405
11,埼玉県,14,神奈川県,10,混載,1912.987879,942.0889318,215.913983,135.0297131
11,埼玉県,15,新潟県,10,混載,252.4752372,300.9748008,50.35601936,66.14269006
11,埼玉県,16,富山県,10,混載,250.7472611,163.7382194,23.44186047,21.44186047
11,埼玉県,17,石川県,10,混載,263.0181383,139.6140094,32.10059062,26.88630491
11,埼玉県,18,福井県,10,混載,123.9542863,76.17096621,28.65614618,10.72093023
11,埼玉県,19,山梨県,10,混載,127.9138076,69.54090202,14.38122605,11.57602339
11,埼玉県,20,長野県,10,混載,248.5297288,125.1902756,22.76984127,38.02222222
11,埼玉県,21,岐阜県,10,混載,157.621179,325.6753306,26.90873016,32.84684685
11,埼玉県,22,静岡県,10,混載,642.6730267,264.6745338,99.32293231,29.28870731
11,埼玉県,23,愛知県,10,混載,712.0674503,335.7921651,71.24165759,63.78784667
11,埼玉県,24,三重県,10,混載,138.8644326,161.478122,17.64285714,29.21963824
11,埼玉県,25,滋賀県,10,混載,95.77188105,96.52721809,32.38647343,19.47147147
11,埼玉県,26,京都府,10,混載,253.6250485,285.9658302,11.84684685,30
11,埼玉県,27,大阪府,10,混載,1022.955734,992.8094991,93.09955793,90.4181946
11,埼玉県,28,兵庫県,10,混載,479.6988875,437.7362298,17.93846154,37.84684685
11,埼玉県,29,奈良県,10,混載,89.71426415,28.426,2,0
11,埼玉県,30,和歌山県,10,混載,62.35155256,33.5994717,6.178571429,0
11,埼玉県,31,鳥取県,10,混載,0.578,0,2,0
11,埼玉県,32,島根県,10,混載,24.33941509,0.13,2,2
11,埼玉県,33,岡山県,10,混載,195.161566,57.4509434,8,0
11,埼玉県,34,広島県,10,混載,168.0745957,44.00437736,23.21428571,2
11,埼玉県,35,山口県,10,混載,79.98191454,17.82896226,2,0
11,埼玉県,36,徳島県,10,混載,40.8535283,10.4685283,2,0
11,埼玉県,37,香川県,10,混載,80.04202775,22.78383019,2,0
11,埼玉県,38,愛媛県,10,混載,70.83277359,16.02798113,0,0
11,埼玉県,39,高知県,10,混載,40.7599434,11.45722642,2,0
11,埼玉県,40,福岡県,10,混載,374.5936911,54.10827183,28.04723886,12.04723886
11,埼玉県,41,佐賀県,10,混載,47.36496226,9.899754717,2,0
11,埼玉県,42,長崎県,10,混載,73.98592453,14.29407547,2,0
11,埼玉県,43,熊本県,10,混載,98.81112669,19.48413208,15.21428571,0
11,埼玉県,44,大分県,10,混載,60.12403774,10.3690566,2,0
11,埼玉県,45,宮崎県,10,混載,69.57269811,11.45045283,2,0
11,埼玉県,46,鹿児島県,10,混載,97.4535912,20.76313837,9.777777778,7.777777778
11,埼玉県,47,沖縄県,10,混載,81.25377359,16.5709434,2,0
11,埼玉県,90,全国,10,混載,0.003798246,0,3.798245614,0
11,埼玉県,92,東北,10,混載,2680.232558,1736.790698,471.7209302,257.3023256
11,埼玉県,93,海外,10,混載,8.909357143,167.551828,22.85714286,11.2688172
11,埼玉県,94,不特定,10,混載,0,1.899122807,0,18.99122807
11,埼玉県,99,全て不明,10,混載,0.255238095,212.3234199,12.76190476,36.80735931
12,千葉県,01,北海道,10,混載,561.5552222,107.257,0,0
12,千葉県,02,青森県,10,混載,234.8563333,106.4333333,0,0
12,千葉県,03,岩手県,10,混載,376.962,192.3998889,0,0
12,千葉県,04,宮城県,10,混載,745.7912222,231.6784444,12.72222222,0
12,千葉県,05,秋田県,10,混載,182.4747778,116.6425556,0,0
12,千葉県,06,山形県,10,混載,407.6748889,259.3025556,0,0
12,千葉県,07,福島県,10,混載,555.5995556,419.5817778,0,0
12,千葉県,08,茨城県,10,混載,1441.228673,1447.694124,94.91487406,93.78739706
12,千葉県,09,栃木県,10,混載,562.3856937,657.7628889,5.846846847,12.72222222
12,千葉県,10,群馬県,10,混載,242.7101111,165.7631111,0,0
12,千葉県,11,埼玉県,10,混載,3344.206117,1188.380696,337.384985,123.9509657
12,千葉県,12,千葉県,10,混載,31171.81442,31171.81442,2015.139783,2015.139783
12,千葉県,13,東京都,10,混載,5299.127143,3082.494722,542.540544,374.1533714
12,千葉県,14,神奈川県,10,混載,2474.924718,770.3679286,115.6930931,71
12,千葉県,15,新潟県,10,混載,436.3922222,295.7202222,6.466666667,6.466666667
12,千葉県,16,富山県,10,混載,198.232,148.277,12.93333333,12.93333333
12,千葉県,17,石川県,10,混載,155.127,99.946,6.466666667,6.466666667
12,千葉県,18,福井県,10,混載,126.016,91.909,6.466666667,6.466666667
12,千葉県,19,山梨県,10,混載,113.03,59.297,0,0
12,千葉県,20,長野県,10,混載,388.6513213,193.3304655,5.846846847,5.846846847
12,千葉県,21,岐阜県,10,混載,345.7003694,219.2903694,24.62702703,12.31351351
12,千葉県,22,静岡県,10,混載,1005.918153,744.0028889,60.60555556,47.88333333
12,千葉県,23,愛知県,10,混載,1021.055851,723.8882517,31.63018018,24.31351351
12,千葉県,24,三重県,10,混載,249.636,185.659,12.93333333,12.93333333
12,千葉県,25,滋賀県,10,混載,209.7183514,171.1190991,5.846846847,5.846846847
12,千葉県,26,京都府,10,混載,323.2174493,274.7365556,6.466666667,6.466666667
12,千葉県,27,大阪府,10,混載,1354.321673,1020.468041,61.60844002,36.62702703
12,千葉県,28,兵庫県,10,混載,871.1318524,719.1377318,28.66992377,28.05010395
12,千葉県,29,奈良県,10,混載,100.297,37.895,0,0
12,千葉県,30,和歌山県,10,混載,48.794,36.448,0,0
12,千葉県,32,島根県,10,混載,20.793,0,0,0
12,千葉県,33,岡山県,10,混載,212.248,124.51,6.466666667,6.466666667
12,千葉県,34,広島県,10,混載,120.762,59.983,0,0
12,千葉県,35,山口県,10,混載,66.529,23.154,0,0
12,千葉県,36,徳島県,10,混載,34.319,10.092,0,0
12,千葉県,37,香川県,10,混載,56.177,26.757,0,0
12,千葉県,38,愛媛県,10,混載,56.243,17.69,0,0
12,千葉県,39,高知県,10,混載,34.32,11.008,0,0
12,千葉県,40,福岡県,10,混載,404.2806667,84.931,6.466666667,0
12,千葉県,41,佐賀県,10,混載,39.322,4.531,0,0
12,千葉県,42,長崎県,10,混載,73.204,13.932,0,0
12,千葉県,43,熊本県,10,混載,94.646,23.137,0,0
12,千葉県,44,大分県,10,混載,59.738,11.031,0,0
12,千葉県,45,宮崎県,10,混載,58.557,11.556,0,0
12,千葉県,46,鹿児島県,10,混載,95.981,20.573,0,0
12,千葉県,47,沖縄県,10,混載,85.419,16.523,0,0
12,千葉県,92,東北,10,混載,30.13043478,58.10869565,30.13043478,30.13043478
12,千葉県,94,不特定,10,混載,0,0.131428571,0,8.761904762
13,東京都,01,北海道,10,混載,493.1626498,117.4968168,0,6.452830189
13,東京都,02,青森県,10,混載,107.9145727,38.21025,0,0
13,東京都,03,岩手県,10,混載,147.0382618,33.74177273,4.153846154,0
13,東京都,04,宮城県,10,混載,297.3459646,131.0926491,111.7241379,111.7241379
13,東京都,05,秋田県,10,混載,84.76631364,34.82238636,0,0
13,東京都,06,山形県,10,混載,146.4120116,84.808,4.153846154,0
13,東京都,07,福島県,10,混載,206.5027158,108.8896465,0,0
13,東京都,08,茨城県,10,混載,522.954112,545.631343,20.3,78.10901391
13,東京都,09,栃木県,10,混載,270.6083972,168.48305,0,0
13,東京都,10,群馬県,10,混載,243.8772162,134.2086786,20.94984326,0
13,東京都,11,埼玉県,10,混載,7010.67345,9819.162744,1016.535405,1297.060221
13,東京都,12,千葉県,10,混載,3082.494722,5299.127143,374.1533714,542.540544
13,東京都,13,東京都,10,混載,67682.33254,67682.33254,4787.690526,4787.690526
13,東京都,14,神奈川県,10,混載,2923.253606,1778.094513,253.0469081,205.2170753
13,東京都,15,新潟県,10,混載,265.9567057,181.8591048,14.25874126,4.153846154
13,東京都,16,富山県,10,混載,96.45905909,47.7785,0,0
13,東京都,17,石川県,10,混載,111.0133609,64.18746519,0,0
13,東京都,18,福井県,10,混載,74.58460105,49.49884091,0,0
13,東京都,19,山梨県,10,混載,124.0234426,98.74938737,0,0
13,東京都,20,長野県,10,混載,364.4062065,153.985292,15.07435897,4.153846154
13,東京都,21,岐阜県,10,混載,163.1987938,119.2322619,0,12.18181818
13,東京都,22,静岡県,10,混載,512.4244305,213.0992321,133.301061,0
13,東京都,23,愛知県,10,混載,962.8284777,378.1913337,246.1982759,124.7241379
13,東京都,24,三重県,10,混載,150.3326682,74.02211364,0,0
13,東京都,25,滋賀県,10,混載,118.8468182,51.14295426,0,0
13,東京都,26,京都府,10,混載,392.0876796,154.2302356,106.6153846,0
13,東京都,27,大阪府,10,混載,1246.063588,858.932155,15.61351351,8.846846847
13,東京都,28,兵庫県,10,混載,704.9476294,391.7027207,13.53333333,21.52594774
13,東京都,29,奈良県,10,混載,109.7900344,48.23165909,0,0
13,東京都,30,和歌山県,10,混載,62.01229546,49.56922727,0,0
13,東京都,32,島根県,10,混載,24.5325,0,0,0
13,東京都,33,岡山県,10,混載,263.073393,89.64818788,0,0
13,東京都,34,広島県,10,混載,181.9270356,72.39349708,0,0
13,東京都,35,山口県,10,混載,85.06002378,25.99763636,0,0
13,東京都,36,徳島県,10,混載,46.91811364,36.80360839,0,6.230769231
13,東京都,37,香川県,10,混載,90.10967727,37.65438312,0,4.821428571
13,東京都,38,愛媛県,10,混載,72.6135,23.04709091,0,0
13,東京都,39,高知県,10,混載,44.20715909,19.81370455,0,0
13,東京都,40,福岡県,10,混載,503.9608776,96.64522143,0,7.452830189
13,東京都,41,佐賀県,10,混載,47.68519857,13.09115909,0,0
13,東京都,42,長崎県,10,混載,81.87420455,18.93097727,0,0
13,東京都,43,熊本県,10,混載,120.3744524,26.04288636,0,0
13,東京都,44,大分県,10,混載,65.16202273,14.37404546,0,0
13,東京都,45,宮崎県,10,混載,59.18943301,14.02754546,0,0
13,東京都,46,鹿児島県,10,混載,107.22345,24.841,0,12.18181818
13,東京都,47,沖縄県,10,混載,104.6726558,20.22220455,0,0
13,東京都,90,全国,10,混載,86.89240184,0,6.452830189,0
13,東京都,92,東北,10,混載,345.6,435.2903226,412,412
13,東京都,93,海外,10,混載,169.3333333,9694.778852,44,72
13,東京都,94,不特定,10,混載,309.1567742,0,30.3,0
13,東京都,99,全て不明,10,混載,0,0.005712042,0,0
14,神奈川県,01,北海道,10,混載,128.8265,0,0,0
14,神奈川県,02,青森県,10,混載,36.9285,0,0,0
14,神奈川県,03,岩手県,10,混載,53.75,0,0,0
14,神奈川県,04,宮城県,10,混載,89.32278409,0.01290604,0,0
14,神奈川県,05,秋田県,10,混載,29.322,0,0,0
14,神奈川県,06,山形県,10,混載,40.796,0,0,0
14,神奈川県,07,福島県,10,混載,84.16824242,0.010242424,0,0
14,神奈川県,08,茨城県,10,混載,149.1780035,243.8633297,6.466666667,15.18095238
14,神奈川県,09,栃木県,10,混載,159.172,0.045555556,10.1,0
14,神奈川県,10,群馬県,10,混載,70.26177778,20.93888889,0,0
14,神奈川県,11,埼玉県,10,混載,942.0889318,1912.987879,135.0297131,215.913983
14,神奈川県,12,千葉県,10,混載,770.3679286,2474.924718,71,115.6930931
14,神奈川県,13,東京都,10,混載,1778.094513,2923.253606,205.2170753,253.0469081
14,神奈川県,14,神奈川県,10,混載,23096.33308,23096.33308,1677.777683,1677.777683
14,神奈川県,15,新潟県,10,混載,91.803,0,0,0
14,神奈川県,16,富山県,10,混載,28.765,0,0,0
14,神奈川県,17,石川県,10,混載,32.3575,0,0,0
14,神奈川県,18,福井県,10,混載,23.862,0.004054054,0,0
14,神奈川県,19,山梨県,10,混載,55.37912121,0.005121212,0,0
14,神奈川県,20,長野県,10,混載,108.0335882,16.63697285,0,2.076923077
14,神奈川県,21,岐阜県,10,混載,67.442,0,9.75,0
14,神奈川県,22,静岡県,10,混載,200.5301111,195.7379965,0,11.17376992
14,神奈川県,23,愛知県,10,混載,287.4036853,236.5510452,10.92105263,11.1877193
14,神奈川県,24,三重県,10,混載,56.794,0,0,0
14,神奈川県,25,滋賀県,10,混載,43.39414035,0,0,0
14,神奈川県,26,京都府,10,混載,72.18366667,0.032666667,0,0
14,神奈川県,27,大阪府,10,混載,388.6331404,427.8398947,10.1,0
14,神奈川県,28,兵庫県,10,混載,205.5863198,179.8555263,5.846846847,0
14,神奈川県,29,奈良県,10,混載,34.826,0,0,0
14,神奈川県,30,和歌山県,10,混載,19.672,0,0,0
14,神奈川県,32,島根県,10,混載,4.3755,0,0,0
14,神奈川県,33,岡山県,10,混載,60.22666667,0.004666667,0,0
14,神奈川県,34,広島県,10,混載,43.7905,0,0,0
14,神奈川県,35,山口県,10,混載,27.261,0,0,0
14,神奈川県,36,徳島県,10,混載,14.108,0,0,0
14,神奈川県,37,香川県,10,混載,24.5115,0,0,0
14,神奈川県,38,愛媛県,10,混載,21.165,0,0,0
14,神奈川県,39,高知県,10,混載,11.221,0,0,0
14,神奈川県,40,福岡県,10,混載,133.7831667,0.004666667,0,0
14,神奈川県,41,佐賀県,10,混載,15.588,0,0,0
14,神奈川県,42,長崎県,10,混載,29.48,0,0,0
14,神奈川県,43,熊本県,10,混載,37.72,0,0,0
14,神奈川県,44,大分県,10,混載,23.921,0,0,0
14,神奈川県,45,宮崎県,10,混載,20.845,0,0,0
14,神奈川県,46,鹿児島県,10,混載,36.105,0,0,0
14,神奈川県,47,沖縄県,10,混載,25.901,0,0,0
14,神奈川県,90,全国,10,混載,50,0.022209302,0,0
14,神奈川県,93,海外,10,混載,407.1198323,505.0813598,0,2.666666667
14,神奈川県,94,不特定,10,混載,32.37285714,0,161.6,0
14,神奈川県,99,全て不明,10,混載,14,0.001,0,0
15,新潟県,08,茨城県,10,混載,0,18.981,0,2.1
15,新潟県,11,埼玉県,10,混載,300.9748008,252.4752372,66.14269006,50.35601936
15,新潟県,12,千葉県,10,混載,295.7202222,436.3922222,6.466666667,6.466666667
15,新潟県,13,東京都,10,混載,181.8591048,265.9567057,4.153846154,14.25874126
15,新潟県,14,神奈川県,10,混載,0,91.803,0,0
16,富山県,08,茨城県,10,混載,0,8.413,0,0
16,富山県,11,埼玉県,10,混載,163.7382194,250.7472611,21.44186047,23.44186047
16,富山県,12,千葉県,10,混載,148.277,198.232,12.93333333,12.93333333
16,富山県,13,東京都,10,混載,47.7785,96.45905909,0,0
16,富山県,14,神奈川県,10,混載,0,28.765,0,0
17,石川県,08,茨城県,10,混載,0,8.995,0,0
17,石川県,11,埼玉県,10,混載,139.6140094,263.0181383,26.88630491,32.10059062
17,石川県,12,千葉県,10,混載,99.946,155.127,6.466666667,6.466666667
17,石川県,13,東京都,10,混載,64.18746519,111.0133609,0,0
17,石川県,14,神奈川県,10,混載,0,32.3575,0,0
18,福井県,08,茨城県,10,混載,0,6.036,0,0
18,福井県,11,埼玉県,10,混載,76.17096621,123.9542863,10.72093023,28.65614618
18,福井県,12,千葉県,10,混載,91.909,126.016,6.466666667,6.466666667
18,福井県,13,東京都,10,混載,49.49884091,74.58460105,0,0
18,福井県,14,神奈川県,10,混載,0.004054054,23.862,0,0
19,山梨県,08,茨城県,10,混載,0,9.242,0,0
19,山梨県,11,埼玉県,10,混載,69.54090202,127.9138076,11.57602339,14.38122605
19,山梨県,12,千葉県,10,混載,59.297,113.03,0,0
19,山梨県,13,東京都,10,混載,98.74938737,124.0234426,0,0
19,山梨県,14,神奈川県,10,混載,0.005121212,55.37912121,0,0
20,長野県,08,茨城県,10,混載,0,20.603,0,0
20,長野県,11,埼玉県,10,混載,125.1902756,248.5297288,38.02222222,22.76984127
20,長野県,12,千葉県,10,混載,193.3304655,388.6513213,5.846846847,5.846846847
20,長野県,13,東京都,10,混載,153.985292,364.4062065,4.153846154,15.07435897
20,長野県,14,神奈川県,10,混載,16.63697285,108.0335882,2.076923077,0
21,岐阜県,08,茨城県,10,混載,98.81171171,78.97594595,11.69369369,5.846846847
21,岐阜県,11,埼玉県,10,混載,325.6753306,157.621179,32.84684685,26.90873016
21,岐阜県,12,千葉県,10,混載,219.2903694,345.7003694,12.31351351,24.62702703
21,岐阜県,13,東京都,10,混載,119.2322619,163.1987938,12.18181818,0
21,岐阜県,14,神奈川県,10,混載,0,67.442,0,9.75
22,静岡県,08,茨城県,10,混載,0,34.973,0,2.1
22,静岡県,11,埼玉県,10,混載,264.6745338,642.6730267,29.28870731,99.32293231
22,静岡県,12,千葉県,10,混載,744.0028889,1005.918153,47.88333333,60.60555556
22,静岡県,13,東京都,10,混載,213.0992321,512.4244305,0,133.301061
22,静岡県,14,神奈川県,10,混載,195.7379965,200.5301111,11.17376992,0
23,愛知県,08,茨城県,10,混載,115.0512821,208.1547325,3.25,5.846846847
23,愛知県,11,埼玉県,10,混載,335.7921651,712.0674503,63.78784667,71.24165759
23,愛知県,12,千葉県,10,混載,723.8882517,1021.055851,24.31351351,31.63018018
23,愛知県,13,東京都,10,混載,378.1913337,962.8284777,124.7241379,246.1982759
23,愛知県,14,神奈川県,10,混載,236.5510452,287.4036853,11.1877193,10.92105263
24,三重県,08,茨城県,10,混載,0,16.164,0,0
24,三重県,11,埼玉県,10,混載,161.478122,138.8644326,29.21963824,17.64285714
24,三重県,12,千葉県,10,混載,185.659,249.636,12.93333333,12.93333333
24,三重県,13,東京都,10,混載,74.02211364,150.3326682,0,0
24,三重県,14,神奈川県,10,混載,0,56.794,0,0
25,滋賀県,08,茨城県,10,混載,0,62.39764103,0,0
25,滋賀県,11,埼玉県,10,混載,96.52721809,95.77188105,19.47147147,32.38647343
25,滋賀県,12,千葉県,10,混載,171.1190991,209.7183514,5.846846847,5.846846847
25,滋賀県,13,東京都,10,混載,51.14295426,118.8468182,0,0
25,滋賀県,14,神奈川県,10,混載,0,43.39414035,0,0
26,京都府,08,茨城県,10,混載,0,18.532,0,0
26,京都府,11,埼玉県,10,混載,285.9658302,253.6250485,30,11.84684685
26,京都府,12,千葉県,10,混載,274.7365556,323.2174493,6.466666667,6.466666667
26,京都府,13,東京都,10,混載,154.2302356,392.0876796,0,106.6153846
26,京都府,14,神奈川県,10,混載,0.032666667,72.18366667,0,0
27,大阪府,08,茨城県,10,混載,159.5101441,241.1218319,15.1405022,11.69369369
27,大阪府,11,埼玉県,10,混載,992.8094991,1022.955734,90.4181946,93.09955793
27,大阪府,12,千葉県,10,混載,1020.468041,1354.321673,36.62702703,61.60844002
27,大阪府,13,東京都,10,混載,858.932155,1246.063588,8.846846847,15.61351351
27,大阪府,14,神奈川県,10,混載,427.8398947,388.6331404,0,10.1
28,兵庫県,08,茨城県,10,混載,0,93.85362162,0,5.846846847
28,兵庫県,11,埼玉県,10,混載,437.7362298,479.6988875,37.84684685,17.93846154
28,兵庫県,12,千葉県,10,混載,719.1377318,871.1318524,28.05010395,28.66992377
28,兵庫県,13,東京都,10,混載,391.7027207,704.9476294,21.52594774,13.53333333
28,兵庫県,14,神奈川県,10,混載,179.8555263,205.5863198,0,5.846846847
29,奈良県,08,茨城県,10,混載,0,8.166,0,0
29,奈良県,11,埼玉県,10,混載,28.426,89.71426415,0,2
29,奈良県,12,千葉県,10,混載,37.895,100.297,0,0
29,奈良県,13,東京都,10,混載,48.23165909,109.7900344,0,0
29,奈良県,14,神奈川県,10,混載,0,34.826,0,0
30,和歌山県,08,茨城県,10,混載,25.14144144,48.68766667,5.846846847,5.846846847
30,和歌山県,11,埼玉県,10,混載,33.5994717,62.35155256,0,6.178571429
30,和歌山県,12,千葉県,10,混載,36.448,48.794,0,0
30,和歌山県,13,東京都,10,混載,49.56922727,62.01229546,0,0
30,和歌山県,14,神奈川県,10,混載,0,19.672,0,0
31,鳥取県,11,埼玉県,10,混載,0,0.578,0,2
32,島根県,11,埼玉県,10,混載,0.13,24.33941509,2,2
32,島根県,12,千葉県,10,混載,0,20.793,0,0
32,島根県,13,東京都,10,混載,0,24.5325,0,0
32,島根県,14,神奈川県,10,混載,0,4.3755,0,0
33,岡山県,08,茨城県,10,混載,0,17.874,0,0
33,岡山県,11,埼玉県,10,混載,57.4509434,195.161566,0,8
33,岡山県,12,千葉県,10,混載,124.51,212.248,6.466666667,6.466666667
33,岡山県,13,東京都,10,混載,89.64818788,263.073393,0,0
33,岡山県,14,神奈川県,10,混載,0.004666667,60.22666667,0,0
34,広島県,08,茨城県,10,混載,0,13.477,0,0
34,広島県,11,埼玉県,10,混載,44.00437736,168.0745957,2,23.21428571
34,広島県,12,千葉県,10,混載,59.983,120.762,0,0
34,広島県,13,東京都,10,混載,72.39349708,181.9270356,0,0
34,広島県,14,神奈川県,10,混載,0,43.7905,0,0
35,山口県,08,茨城県,10,混載,0,7,0,0
35,山口県,11,埼玉県,10,混載,17.82896226,79.98191454,0,2
35,山口県,12,千葉県,10,混載,23.154,66.529,0,0
35,山口県,13,東京都,10,混載,25.99763636,85.06002378,0,0
35,山口県,14,神奈川県,10,混載,0,27.261,0,0
36,徳島県,08,茨城県,10,混載,0,3.462,0,0
36,徳島県,11,埼玉県,10,混載,10.4685283,40.8535283,0,2
36,徳島県,12,千葉県,10,混載,10.092,34.319,0,0
36,徳島県,13,東京都,10,混載,36.80360839,46.91811364,6.230769231,0
36,徳島県,14,神奈川県,10,混載,0,14.108,0,0
37,香川県,08,茨城県,10,混載,3,6.045,0,0
37,香川県,11,埼玉県,10,混載,22.78383019,80.04202775,0,2
37,香川県,12,千葉県,10,混載,26.757,56.177,0,0
37,香川県,13,東京都,10,混載,37.65438312,90.10967727,4.821428571,0
37,香川県,14,神奈川県,10,混載,0,24.5115,0,0
38,愛媛県,08,茨城県,10,混載,0,5.649,0,0
38,愛媛県,11,埼玉県,10,混載,16.02798113,70.83277359,0,0
38,愛媛県,12,千葉県,10,混載,17.69,56.243,0,0
38,愛媛県,13,東京都,10,混載,23.04709091,72.6135,0,0
38,愛媛県,14,神奈川県,10,混載,0,21.165,0,0
39,高知県,08,茨城県,10,混載,0,3.223,0,0
39,高知県,11,埼玉県,10,混載,11.45722642,40.7599434,0,2
39,高知県,12,千葉県,10,混載,11.008,34.32,0,0
39,高知県,13,東京都,10,混載,19.81370455,44.20715909,0,0
39,高知県,14,神奈川県,10,混載,0,11.221,0,0
40,福岡県,08,茨城県,10,混載,0,19.22,0,0
40,福岡県,11,埼玉県,10,混載,54.10827183,374.5936911,12.04723886,28.04723886
40,福岡県,12,千葉県,10,混載,84.931,404.2806667,0,6.466666667
40,福岡県,13,東京都,10,混載,96.64522143,503.9608776,7.452830189,0
40,福岡県,14,神奈川県,10,混載,0.004666667,133.7831667,0,0
41,佐賀県,08,茨城県,10,混載,0,2.939,0,0
41,佐賀県,11,埼玉県,10,混載,9.899754717,47.36496226,0,2
41,佐賀県,12,千葉県,10,混載,4.531,39.322,0,0
41,佐賀県,13,東京都,10,混載,13.09115909,47.68519857,0,0
41,佐賀県,14,神奈川県,10,混載,0,15.588,0,0
42,長崎県,08,茨城県,10,混載,0,4.263,0,0
42,長崎県,11,埼玉県,10,混載,14.29407547,73.98592453,0,2
42,長崎県,12,千葉県,10,混載,13.932,73.204,0,0
42,長崎県,13,東京都,10,混載,18.93097727,81.87420455,0,0
42,長崎県,14,神奈川県,10,混載,0,29.48,0,0
43,熊本県,08,茨城県,10,混載,0,6.151,0,0
43,熊本県,11,埼玉県,10,混載,19.48413208,98.81112669,0,15.21428571
43,熊本県,12,千葉県,10,混載,23.137,94.646,0,0
43,熊本県,13,東京都,10,混載,26.04288636,120.3744524,0,0
43,熊本県,14,神奈川県,10,混載,0,37.72,0,0
44,大分県,08,茨城県,10,混載,0,4.028,0,0
44,大分県,11,埼玉県,10,混載,10.3690566,60.12403774,0,2
44,大分県,12,千葉県,10,混載,11.031,59.738,0,0
44,大分県,13,東京都,10,混載,14.37404546,65.16202273,0,0
44,大分県,14,神奈川県,10,混載,0,23.921,0,0
45,宮崎県,08,茨城県,10,混載,0,3.414,0,0
45,宮崎県,11,埼玉県,10,混載,11.45045283,69.57269811,0,2
45,宮崎県,12,千葉県,10,混載,11.556,58.557,0,0
45,宮崎県,13,東京都,10,混載,14.02754546,59.18943301,0,0
45,宮崎県,14,神奈川県,10,混載,0,20.845,0,0
46,鹿児島県,08,茨城県,10,混載,0,5.532,0,0
46,鹿児島県,11,埼玉県,10,混載,20.76313837,97.4535912,7.777777778,9.777777778
46,鹿児島県,12,千葉県,10,混載,20.573,95.981,0,0
46,鹿児島県,13,東京都,10,混載,24.841,107.22345,12.18181818,0
46,鹿児島県,14,神奈川県,10,混載,0,36.105,0,0
47,沖縄県,08,茨城県,10,混載,0,6.416,0,0
47,沖縄県,11,埼玉県,10,混載,16.5709434,81.25377359,0,2
47,沖縄県,12,千葉県,10,混載,16.523,85.419,0,0
47,沖縄県,13,東京都,10,混載,20.22220455,104.6726558,0,0
47,沖縄県,14,神奈川県,10,混載,0,25.901,0,0
90,全国,08,茨城県,10,混載,0.573333333,0,0,0
90,全国,11,埼玉県,10,混載,0,0.003798246,0,3.798245614
90,全国,13,東京都,10,混載,0,86.89240184,0,6.452830189
90,全国,14,神奈川県,10,混載,0.022209302,50,0,0
92,東北,08,茨城県,10,混載,0.224175824,0.179340659,0,0
92,東北,11,埼玉県,10,混載,1736.790698,2680.232558,257.3023256,471.7209302
92,東北,12,千葉県,10,混載,58.10869565,30.13043478,30.13043478,30.13043478
92,東北,13,東京都,10,混載,435.2903226,345.6,412,412
93,海外,08,茨城県,10,混載,0.697011494,0.608219178,0,0
93,海外,11,埼玉県,10,混載,167.551828,8.909357143,11.2688172,22.85714286
93,海外,13,東京都,10,混載,9694.778852,169.3333333,72,44
93,海外,14,神奈川県,10,混載,505.0813598,407.1198323,2.666666667,0
94,不特定,11,埼玉県,10,混載,1.899122807,0,18.99122807,0
94,不特定,12,千葉県,10,混載,0.131428571,0,8.761904762,0
94,不特定,13,東京都,10,混載,0,309.1567742,0,30.3
94,不特定,14,神奈川県,10,混載,0,32.37285714,0,161.6
99,全て不明,11,埼玉県,10,混載,212.3234199,0.255238095,36.80735931,12.76190476
99,全て不明,13,東京都,10,混載,0.005712042,0,0,0
99,全て不明,14,神奈川県,10,混載,0.001,14,0,0
01,北海道,08,茨城県,90,不明,33.49591304,26.76426087,11.08,0
01,北海道,11,埼玉県,90,不明,53.89530702,194.4779277,15.71403509,48.68584251
01,北海道,12,千葉県,90,不明,26,4.408,0,0
01,北海道,13,東京都,90,不明,1.288363636,24.42489815,0,2.125
01,北海道,14,神奈川県,90,不明,0,105.3925158,0,0
02,青森県,08,茨城県,90,不明,0.154532174,7.5522,0,7.5
02,青森県,11,埼玉県,90,不明,0,66.65189923,0,16.8875969
02,青森県,12,千葉県,90,不明,0,0.028,0,0
02,青森県,13,東京都,90,不明,0,1.284522244,0,0
02,青森県,14,神奈川県,90,不明,0,3.950816994,0,0
03,岩手県,08,茨城県,90,不明,93.76495727,92.838,10.13675214,25.33333333
03,岩手県,11,埼玉県,90,不明,1.0875,186.23985,4.35,18.5
03,岩手県,13,東京都,90,不明,0.053626374,0.061277778,0,0
03,岩手県,14,神奈川県,90,不明,1.363186813,1.304770694,0,0
04,宮城県,08,茨城県,90,不明,0.116885051,120.8328188,10.20512821,15
04,宮城県,11,埼玉県,90,不明,0,262.6453394,0,60.29220246
04,宮城県,12,千葉県,90,不明,305.2946294,304.9090909,23.45454546,23.45454546
04,宮城県,13,東京都,90,不明,0.3655,0.930317021,0,6.894422311
04,宮城県,14,神奈川県,90,不明,0,0.517772727,0,0
05,秋田県,08,茨城県,90,不明,0.0038,6.699807692,0,13.70384615
05,秋田県,11,埼玉県,90,不明,1.394838323,0.019814815,8.069461078,3.962962963
05,秋田県,12,千葉県,90,不明,0,96,0,0
05,秋田県,13,東京都,90,不明,0,5.050885714,0,0
05,秋田県,14,神奈川県,90,不明,0,1.228588235,0,0
06,山形県,08,茨城県,90,不明,1.497408696,115.4812571,16.57247514,18.58
06,山形県,11,埼玉県,90,不明,65.62997836,0.85507513,10.3452381,16.2622549
06,山形県,12,千葉県,90,不明,0.081176471,0.196,0,0
06,山形県,13,東京都,90,不明,0.085272727,90.77653002,0,0
06,山形県,14,神奈川県,90,不明,24.88780488,0.078529412,0,0
07,福島県,08,茨城県,90,不明,175.268371,343.6670864,8.352928914,19.62301587
07,福島県,11,埼玉県,90,不明,26.95520637,14.4807935,36.55476633,39.01870936
07,福島県,12,千葉県,90,不明,49.53125,8.4,4.304347826,3.230769231
07,福島県,13,東京都,90,不明,25,518.9946382,0,0
07,福島県,14,神奈川県,90,不明,117.0893333,43.50542376,0,6.740740741
08,茨城県,01,北海道,90,不明,26.76426087,33.49591304,0,11.08
08,茨城県,02,青森県,90,不明,7.5522,0.154532174,7.5,0
08,茨城県,03,岩手県,90,不明,92.838,93.76495727,25.33333333,10.13675214
08,茨城県,04,宮城県,90,不明,120.8328188,0.116885051,15,10.20512821
08,茨城県,05,秋田県,90,不明,6.699807692,0.0038,13.70384615,0
08,茨城県,06,山形県,90,不明,115.4812571,1.497408696,18.58,16.57247514
08,茨城県,07,福島県,90,不明,343.6670864,175.268371,19.62301587,8.352928914
08,茨城県,08,茨城県,90,不明,4384.86491,4384.86491,2100.763473,2100.763473
08,茨城県,09,栃木県,90,不明,680.8301987,428.260131,38.90268324,50.37422281
08,茨城県,10,群馬県,90,不明,187.0427427,285.4180994,32.41175244,22.92866066
08,茨城県,11,埼玉県,90,不明,2239.551027,134.7333124,225.9691916,102.2348451
08,茨城県,12,千葉県,90,不明,974.2829877,560.685027,116.6494652,47.29615385
08,茨城県,13,東京都,90,不明,1753.102321,974.2937098,330.0491584,89.24518339
08,茨城県,14,神奈川県,90,不明,985.2135088,683.7442796,245.8874993,20.17899985
08,茨城県,15,新潟県,90,不明,98.72394553,240.4545667,30.08455285,20.41025641
08,茨城県,16,富山県,90,不明,56.22269231,10.74,2.403846154,0
08,茨城県,17,石川県,90,不明,0.2925,332.1089744,3.04109589,4.096153846
08,茨城県,18,福井県,90,不明,19.69119615,0,6.203846154,0
08,茨城県,19,山梨県,90,不明,40.06964348,0,21.5,0
08,茨城県,20,長野県,90,不明,57.59254553,0.383652174,39.88455285,10.20512821
08,茨城県,21,岐阜県,90,不明,0.129,0,0,0
08,茨城県,22,静岡県,90,不明,241.8024646,10.71313214,89.45202962,5.068376068
08,茨城県,23,愛知県,90,不明,177.9780651,146.6346154,10.27136603,10.61437247
08,茨城県,24,三重県,90,不明,47.62022989,9.717538462,0,2.403846154
08,茨城県,25,滋賀県,90,不明,3.1515,13.96228889,0,7.611111111
08,茨城県,26,京都府,90,不明,70.42491667,0,4.114583333,0
08,茨城県,27,大阪府,90,不明,170.8622989,210.7267614,6.84109589,24.53846154
08,茨城県,28,兵庫県,90,不明,297.1914506,234.0521368,6.914942529,31.97222222
08,茨城県,29,奈良県,90,不明,33.09154023,0,3.114942529,0
08,茨城県,30,和歌山県,90,不明,54.0819,0,0,0
08,茨城県,31,鳥取県,90,不明,0.003041096,0,3.04109589,0
08,茨城県,33,岡山県,90,不明,1.3812,0,0,0
08,茨城県,34,広島県,90,不明,3.609235632,8.643538462,0,2.403846154
08,茨城県,35,山口県,90,不明,5.952769231,7.271634615,2.403846154,4.807692308
08,茨城県,36,徳島県,90,不明,0,21.15384615,0,10.61437247
08,茨城県,37,香川県,90,不明,0.934652174,0,0,0
08,茨城県,38,愛媛県,90,不明,0.493652174,0.491052174,0,0
08,茨城県,40,福岡県,90,不明,39.51356,2.864,0,3.58
08,茨城県,41,佐賀県,90,不明,3.423339081,0.358,3.114942529,0
08,茨城県,43,熊本県,90,不明,0.1995,0,0,0
08,茨城県,44,大分県,90,不明,0.267,0,0,0
08,茨城県,45,宮崎県,90,不明,0.2445,0,0,0
08,茨城県,46,鹿児島県,90,不明,0.489,14.32,0,3.58
08,茨城県,90,全国,90,不明,157.6767819,140.6825639,14.0525,115.4177632
08,茨城県,93,海外,90,不明,0,895.4184211,0,156.8
08,茨城県,94,不特定,90,不明,0,0,0,0
08,茨城県,99,全て不明,90,不明,1.626347826,941.6666667,1,0
09,栃木県,08,茨城県,90,不明,428.260131,680.8301987,50.37422281,38.90268324
09,栃木県,11,埼玉県,90,不明,3590.221406,207.1404347,92.90563782,123.7418332
09,栃木県,12,千葉県,90,不明,179.1191769,402.2715555,28,49
09,栃木県,13,東京都,90,不明,1.564831129,1700.67788,0,10.46153846
09,栃木県,14,神奈川県,90,不明,400.4516675,232.4605008,19.72387288,18
10,群馬県,08,茨城県,90,不明,285.4180994,187.0427427,22.92866066,32.41175244
10,群馬県,11,埼玉県,90,不明,261.1205057,11464.45519,256.3089553,1198.463645
10,群馬県,12,千葉県,90,不明,3.719025877,55.93930769,0,2.333333333
10,群馬県,13,東京都,90,不明,179.7852713,1973.211134,0,16.87812912
10,群馬県,14,神奈川県,90,不明,63.23273292,167.7530692,0,17.77857143
11,埼玉県,01,北海道,90,不明,194.4779277,53.89530702,48.68584251,15.71403509
11,埼玉県,02,青森県,90,不明,66.65189923,0,16.8875969,0
11,埼玉県,03,岩手県,90,不明,186.23985,1.0875,18.5,4.35
11,埼玉県,04,宮城県,90,不明,262.6453394,0,60.29220246,0
11,埼玉県,05,秋田県,90,不明,0.019814815,1.394838323,3.962962963,8.069461078
11,埼玉県,06,山形県,90,不明,0.85507513,65.62997836,16.2622549,10.3452381
11,埼玉県,07,福島県,90,不明,14.4807935,26.95520637,39.01870936,36.55476633
11,埼玉県,08,茨城県,90,不明,134.7333124,2239.551027,102.2348451,225.9691916
11,埼玉県,09,栃木県,90,不明,207.1404347,3590.221406,123.7418332,92.90563782
11,埼玉県,10,群馬県,90,不明,11464.45519,261.1205057,1198.463645,256.3089553
11,埼玉県,11,埼玉県,90,不明,3446.317995,3446.317995,1667.307975,1667.307975
11,埼玉県,12,千葉県,90,不明,1173.16868,684.3954643,331.7351853,147.7762815
11,埼玉県,13,東京都,90,不明,1488.608122,2661.317982,1066.576255,126.9605852
11,埼玉県,14,神奈川県,90,不明,501.270206,391.8580052,135.2650245,51.28557278
11,埼玉県,15,新潟県,90,不明,130.7387985,7.631578947,23.05426357,3.815789474
11,埼玉県,16,富山県,90,不明,5.634392157,1026.666667,33.94117647,98.66666667
11,埼玉県,18,福井県,90,不明,0.080232558,32.28313954,0,10.72093023
11,埼玉県,19,山梨県,90,不明,13.02593023,5.504913636,10.72093023,4.35
11,埼玉県,20,長野県,90,不明,67.35368107,0.933806202,55.96594687,19.11752309
11,埼玉県,21,岐阜県,90,不明,0.436941177,185.1901987,12.1372549,23.25496689
11,埼玉県,22,静岡県,90,不明,156.3366264,149.2739126,31.75426357,43.35182579
11,埼玉県,23,愛知県,90,不明,202.7322601,413.2053338,49.77952904,70.11348873
11,埼玉県,24,三重県,90,不明,5.372705612,558.5460924,19.34039131,65.70044297
11,埼玉県,25,滋賀県,90,不明,65.73244186,301.6008807,10.72093023,64.50171749
11,埼玉県,26,京都府,90,不明,10.77298858,77.50646938,18.31742146,120.586301
11,埼玉県,27,大阪府,90,不明,154.5698117,215.1313684,44.35425771,156.0582716
11,埼玉県,28,兵庫県,90,不明,5.732334526,268.6111111,14.87477639,22.88888889
11,埼玉県,29,奈良県,90,不明,0,132.5338333,0,20.25833333
11,埼玉県,30,和歌山県,90,不明,38.76923077,2.175,6.461538462,4.35
11,埼玉県,31,鳥取県,90,不明,0.257302326,0,10.72093023,0
11,埼玉県,33,岡山県,90,不明,0,124.0564103,0,15.94871795
11,埼玉県,34,広島県,90,不明,52.9077907,0.015263158,10.72093023,3.815789474
11,埼玉県,35,山口県,90,不明,0.076,0,3.8,0
11,埼玉県,36,徳島県,90,不明,0,3.323245614,0,13.62134503
11,埼玉県,37,香川県,90,不明,5.467674419,61.67313726,10.72093023,6.166666667
11,埼玉県,38,愛媛県,90,不明,0,0.109339623,0,10.93396226
11,埼玉県,39,高知県,90,不明,0,0.354545455,0,0
11,埼玉県,40,福岡県,90,不明,13.02593023,58.33333333,10.72093023,4.666666667
11,埼玉県,43,熊本県,90,不明,0.160813954,5.360465116,10.72093023,10.72093023
11,埼玉県,44,大分県,90,不明,20.58418605,0,10.72093023,0
11,埼玉県,90,全国,90,不明,0.243964286,0,3.42,0
11,埼玉県,92,東北,90,不明,12.83333333,13.16666667,11,4.388888889
11,埼玉県,93,海外,90,不明,827.2727273,253.1985714,4.136363636,36.64285714
11,埼玉県,94,不特定,90,不明,1672.34455,0,537.6557272,75.21428571
11,埼玉県,99,全て不明,90,不明,0.599994605,2465.080619,35.09213466,1329.422679
12,千葉県,01,北海道,90,不明,4.408,26,0,0
12,千葉県,02,青森県,90,不明,0.028,0,0,0
12,千葉県,04,宮城県,90,不明,304.9090909,305.2946294,23.45454546,23.45454546
12,千葉県,05,秋田県,90,不明,96,0,0,0
12,千葉県,06,山形県,90,不明,0.196,0.081176471,0,0
12,千葉県,07,福島県,90,不明,8.4,49.53125,3.230769231,4.304347826
12,千葉県,08,茨城県,90,不明,560.685027,974.2829877,47.29615385,116.6494652
12,千葉県,09,栃木県,90,不明,402.2715555,179.1191769,49,28
12,千葉県,10,群馬県,90,不明,55.93930769,3.719025877,2.333333333,0
12,千葉県,11,埼玉県,90,不明,684.3954643,1173.16868,147.7762815,331.7351853
12,千葉県,12,千葉県,90,不明,14053.01579,14053.01579,1411.345749,1411.345749
12,千葉県,13,東京都,90,不明,3036.899759,5277.846411,363.631324,366.2662597
12,千葉県,14,神奈川県,90,不明,831.6648568,1225.261542,18.13333333,106.5492294
12,千葉県,15,新潟県,90,不明,157.9292097,149.5,4.5625,0
12,千葉県,16,富山県,90,不明,1.03,20.09872172,0,0
12,千葉県,17,石川県,90,不明,152.7555232,152.4545455,11.72727273,11.72727273
12,千葉県,18,福井県,90,不明,9.992,0,0,0
12,千葉県,19,山梨県,90,不明,97.96843051,35.18181818,133.8894349,11.72727273
12,千葉県,20,長野県,90,不明,117.5135277,35.62467533,16.12727273,11.72727273
12,千葉県,21,岐阜県,90,不明,11.15,0.189538462,4.35,0
12,千葉県,22,静岡県,90,不明,78.19741071,122.3642589,4.4,274.8648649
12,千葉県,23,愛知県,90,不明,553.9539697,535.3077092,35.18181818,35.18181818
12,千葉県,24,三重県,90,不明,37.74687097,28.17617866,0,0
12,千葉県,25,滋賀県,90,不明,35.887,1,4.35,0
12,千葉県,26,京都府,90,不明,7.674358974,0,0,0
12,千葉県,27,大阪府,90,不明,43.8111808,120.054723,4.4,0
12,千葉県,28,兵庫県,90,不明,25.91,0,0,0
12,千葉県,29,奈良県,90,不明,1.578466667,0.067365591,0,0
12,千葉県,30,和歌山県,90,不明,0.489466667,0,0,0
12,千葉県,31,鳥取県,90,不明,0.003466667,0,0,0
12,千葉県,32,島根県,90,不明,0.039466667,18.7,0,0
12,千葉県,33,岡山県,90,不明,1.049333333,0,0,0
12,千葉県,34,広島県,90,不明,0.173333333,0,0,0
12,千葉県,35,山口県,90,不明,0.58,182.9940332,0,0
12,千葉県,36,徳島県,90,不明,0.031466667,0,0,0
12,千葉県,37,香川県,90,不明,0.052,0,0,0
12,千葉県,38,愛媛県,90,不明,0.038133333,0,0,0
12,千葉県,39,高知県,90,不明,0.003466667,0,0,0
12,千葉県,40,福岡県,90,不明,1.368,0,0,0
12,千葉県,41,佐賀県,90,不明,0.0832,0.175909091,0,0
12,千葉県,42,長崎県,90,不明,0.227466667,0,0,0
12,千葉県,43,熊本県,90,不明,0.069333333,0,0,0
12,千葉県,44,大分県,90,不明,0.0728,0.18,0,0
12,千葉県,45,宮崎県,90,不明,0.034666667,0,0,0
12,千葉県,46,鹿児島県,90,不明,0.156266667,0.026666667,0,0
12,千葉県,47,沖縄県,90,不明,0.0164,0,0,0
12,千葉県,90,全国,90,不明,385.2857143,1106.060784,0,0
12,千葉県,91,東日本,90,不明,30.83333333,0,0,0
12,千葉県,92,東北,90,不明,322.7426667,0.651811594,28.23958333,0
12,千葉県,93,海外,90,不明,357.6526667,176.4016264,0,8.428571429
12,千葉県,94,不特定,90,不明,186.3648649,0,12.21621622,0
12,千葉県,99,全て不明,90,不明,0,1658.8105,0,0
13,東京都,01,北海道,90,不明,24.42489815,1.288363636,2.125,0
13,東京都,02,青森県,90,不明,1.284522244,0,0,0
13,東京都,03,岩手県,90,不明,0.061277778,0.053626374,0,0
13,東京都,04,宮城県,90,不明,0.930317021,0.3655,6.894422311,0
13,東京都,05,秋田県,90,不明,5.050885714,0,0,0
13,東京都,06,山形県,90,不明,90.77653002,0.085272727,0,0
13,東京都,07,福島県,90,不明,518.9946382,25,0,0
13,東京都,08,茨城県,90,不明,974.2937098,1753.102321,89.24518339,330.0491584
13,東京都,09,栃木県,90,不明,1700.67788,1.564831129,10.46153846,0
13,東京都,10,群馬県,90,不明,1973.211134,179.7852713,16.87812912,0
13,東京都,11,埼玉県,90,不明,2661.317982,1488.608122,126.9605852,1066.576255
13,東京都,12,千葉県,90,不明,5277.846411,3036.899759,366.2662597,363.631324
13,東京都,13,東京都,90,不明,36960.38201,36960.38201,1739.801162,1739.801162
13,東京都,14,神奈川県,90,不明,1914.621123,2898.924361,345.8186398,489.8263769
13,東京都,15,新潟県,90,不明,0.333685428,5.799587912,0,0
13,東京都,16,富山県,90,不明,0.018666667,1.565217391,0,0
13,東京都,17,石川県,90,不明,17.02366667,0,0,0
13,東京都,19,山梨県,90,不明,108.9744859,122.3846334,35.67948718,4
13,東京都,20,長野県,90,不明,41.67824066,87.18226211,20.41025641,0
13,東京都,21,岐阜県,90,不明,22.08530238,0.456963351,0,0
13,東京都,22,静岡県,90,不明,283.5368187,7.199907157,0,4
13,東京都,23,愛知県,90,不明,9.376987785,15.38951968,6.894422311,0
13,東京都,25,滋賀県,90,不明,17.01718182,0.073545455,0,0
13,東京都,26,京都府,90,不明,0.086649557,0.054858778,6.894422311,0
13,東京都,27,大阪府,90,不明,56.94371509,18.73259625,13.35596077,0
13,東京都,28,兵庫県,90,不明,24.71098648,19.88476818,2.125,0
13,東京都,29,奈良県,90,不明,1.470909091,0,0,0
13,東京都,30,和歌山県,90,不明,0.147090909,0,0,0
13,東京都,31,鳥取県,90,不明,0,6.48,0,0
13,東京都,33,岡山県,90,不明,0,0.25765327,0,0
13,東京都,34,広島県,90,不明,0.125685185,32.97120419,0,0
13,東京都,35,山口県,90,不明,0.024363636,0,0,0
13,東京都,38,愛媛県,90,不明,0.0623,0,0,0
13,東京都,40,福岡県,90,不明,0.292789971,48.49707602,0,0
13,東京都,42,長崎県,90,不明,0.118611688,0,0,0
13,東京都,43,熊本県,90,不明,17.05972078,0,0,0
13,東京都,44,大分県,90,不明,0.134681818,0,0,0
13,東京都,46,鹿児島県,90,不明,0,0.285602094,0,0
13,東京都,47,沖縄県,90,不明,0.016125,0,0,0
13,東京都,90,全国,90,不明,786.1557918,825.3066667,273.7888446,369.92
13,東京都,91,東日本,90,不明,0,3.045454546,0,0
13,東京都,92,東北,90,不明,156.6301938,3.014138022,591.3374913,11.42408377
13,東京都,93,海外,90,不明,2574.766965,1598.727234,0,5.333333333
13,東京都,94,不特定,90,不明,1066.601314,0,42.75675676,0
13,東京都,99,全て不明,90,不明,276.9435294,11.53488101,0,0
14,神奈川県,01,北海道,90,不明,105.3925158,0,0,0
14,神奈川県,02,青森県,90,不明,3.950816994,0,0,0
14,神奈川県,03,岩手県,90,不明,1.304770694,1.363186813,0,0
14,神奈川県,04,宮城県,90,不明,0.517772727,0,0,0
14,神奈川県,05,秋田県,90,不明,1.228588235,0,0,0
14,神奈川県,06,山形県,90,不明,0.078529412,24.88780488,0,0
14,神奈川県,07,福島県,90,不明,43.50542376,117.0893333,6.740740741,0
14,神奈川県,08,茨城県,90,不明,683.7442796,985.2135088,20.17899985,245.8874993
14,神奈川県,09,栃木県,90,不明,232.4605008,400.4516675,18,19.72387288
14,神奈川県,10,群馬県,90,不明,167.7530692,63.23273292,17.77857143,0
14,神奈川県,11,埼玉県,90,不明,391.8580052,501.270206,51.28557278,135.2650245
14,神奈川県,12,千葉県,90,不明,1225.261542,831.6648568,106.5492294,18.13333333
14,神奈川県,13,東京都,90,不明,2898.924361,1914.621123,489.8263769,345.8186398
14,神奈川県,14,神奈川県,90,不明,72787.9822,72787.9822,1266.402057,1266.402057
14,神奈川県,15,新潟県,90,不明,304.6101977,21.54920255,0,0
14,神奈川県,16,富山県,90,不明,8.71771123,4.059107843,0,0
14,神奈川県,18,福井県,90,不明,5.980990196,0.243709885,0,0
14,神奈川県,19,山梨県,90,不明,9.209730782,24.67355309,3.740740741,9.357142857
14,神奈川県,20,長野県,90,不明,64.56380456,10.90584471,0,0
14,神奈川県,21,岐阜県,90,不明,16.54088057,11.59496274,0,0
14,神奈川県,22,静岡県,90,不明,343.8777931,61.96743168,46.41216931,15
14,神奈川県,23,愛知県,90,不明,171.8496115,10.77827079,11.41931217,5.333333333
14,神奈川県,24,三重県,90,不明,13.528,8.635294118,0,0
14,神奈川県,25,滋賀県,90,不明,16.42563468,0.190845295,3.368421053,0
14,神奈川県,26,京都府,90,不明,16.55789474,115.5005371,3,0
14,神奈川県,27,大阪府,90,不明,235.7572828,74.21958973,7.481481482,5.333333333
14,神奈川県,28,兵庫県,90,不明,7137.631276,166.1481991,0,0
14,神奈川県,29,奈良県,90,不明,10.79818182,1.175609756,0,0
14,神奈川県,30,和歌山県,90,不明,0,0.544864865,0,0
14,神奈川県,31,鳥取県,90,不明,0,0.235714286,0,0
14,神奈川県,32,島根県,90,不明,105.0130588,0.043176471,0,0
14,神奈川県,33,岡山県,90,不明,9266.295429,15.87622492,3,0
14,神奈川県,34,広島県,90,不明,29.69047041,0,0,0
14,神奈川県,35,山口県,90,不明,0.54,0.01,0,0
14,神奈川県,37,香川県,90,不明,1.479764706,0.17,0,0
14,神奈川県,38,愛媛県,90,不明,41.095,25.31254623,0,0
14,神奈川県,39,高知県,90,不明,0.013058824,0,0,0
14,神奈川県,40,福岡県,90,不明,9.073216142,102.4044828,3,24.3902439
14,神奈川県,41,佐賀県,90,不明,2.647272727,0,0,0
14,神奈川県,42,長崎県,90,不明,5.095228758,0,0,0
14,神奈川県,43,熊本県,90,不明,11.15270588,0.040285714,0,0
14,神奈川県,44,大分県,90,不明,26.38082353,0.004482759,2,0
14,神奈川県,45,宮崎県,90,不明,0.014166667,0,0,0
14,神奈川県,46,鹿児島県,90,不明,0.121882353,0,0,0
14,神奈川県,47,沖縄県,90,不明,0.036444444,0,0,0
14,神奈川県,90,全国,90,不明,220.8074034,30.3369495,0,11
14,神奈川県,92,東北,90,不明,17.05801659,574,29.29605263,329
14,神奈川県,93,海外,90,不明,11237.99531,11966.71734,140.3225807,4.272727273
14,神奈川県,94,不特定,90,不明,12.21621622,0.217647059,6.108108108,0
14,神奈川県,99,全て不明,90,不明,0,33.18724466,0,6.808823529
15,新潟県,08,茨城県,90,不明,240.4545667,98.72394553,20.41025641,30.08455285
15,新潟県,11,埼玉県,90,不明,7.631578947,130.7387985,3.815789474,23.05426357
15,新潟県,12,千葉県,90,不明,149.5,157.9292097,0,4.5625
15,新潟県,13,東京都,90,不明,5.799587912,0.333685428,0,0
15,新潟県,14,神奈川県,90,不明,21.54920255,304.6101977,0,0
16,富山県,08,茨城県,90,不明,10.74,56.22269231,0,2.403846154
16,富山県,11,埼玉県,90,不明,1026.666667,5.634392157,98.66666667,33.94117647
16,富山県,12,千葉県,90,不明,20.09872172,1.03,0,0
16,富山県,13,東京都,90,不明,1.565217391,0.018666667,0,0
16,富山県,14,神奈川県,90,不明,4.059107843,8.71771123,0,0
17,石川県,08,茨城県,90,不明,332.1089744,0.2925,4.096153846,3.04109589
17,石川県,12,千葉県,90,不明,152.4545455,152.7555232,11.72727273,11.72727273
17,石川県,13,東京都,90,不明,0,17.02366667,0,0
18,福井県,08,茨城県,90,不明,0,19.69119615,0,6.203846154
18,福井県,11,埼玉県,90,不明,32.28313954,0.080232558,10.72093023,0
18,福井県,12,千葉県,90,不明,0,9.992,0,0
18,福井県,14,神奈川県,90,不明,0.243709885,5.980990196,0,0
19,山梨県,08,茨城県,90,不明,0,40.06964348,0,21.5
19,山梨県,11,埼玉県,90,不明,5.504913636,13.02593023,4.35,10.72093023
19,山梨県,12,千葉県,90,不明,35.18181818,97.96843051,11.72727273,133.8894349
19,山梨県,13,東京都,90,不明,122.3846334,108.9744859,4,35.67948718
19,山梨県,14,神奈川県,90,不明,24.67355309,9.209730782,9.357142857,3.740740741
20,長野県,08,茨城県,90,不明,0.383652174,57.59254553,10.20512821,39.88455285
20,長野県,11,埼玉県,90,不明,0.933806202,67.35368107,19.11752309,55.96594687
20,長野県,12,千葉県,90,不明,35.62467533,117.5135277,11.72727273,16.12727273
20,長野県,13,東京都,90,不明,87.18226211,41.67824066,0,20.41025641
20,長野県,14,神奈川県,90,不明,10.90584471,64.56380456,0,0
21,岐阜県,08,茨城県,90,不明,0,0.129,0,0
21,岐阜県,11,埼玉県,90,不明,185.1901987,0.436941177,23.25496689,12.1372549
21,岐阜県,12,千葉県,90,不明,0.189538462,11.15,0,4.35
21,岐阜県,13,東京都,90,不明,0.456963351,22.08530238,0,0
21,岐阜県,14,神奈川県,90,不明,11.59496274,16.54088057,0,0
22,静岡県,08,茨城県,90,不明,10.71313214,241.8024646,5.068376068,89.45202962
22,静岡県,11,埼玉県,90,不明,149.2739126,156.3366264,43.35182579,31.75426357
22,静岡県,12,千葉県,90,不明,122.3642589,78.19741071,274.8648649,4.4
22,静岡県,13,東京都,90,不明,7.199907157,283.5368187,4,0
22,静岡県,14,神奈川県,90,不明,61.96743168,343.8777931,15,46.41216931
23,愛知県,08,茨城県,90,不明,146.6346154,177.9780651,10.61437247,10.27136603
23,愛知県,11,埼玉県,90,不明,413.2053338,202.7322601,70.11348873,49.77952904
23,愛知県,12,千葉県,90,不明,535.3077092,553.9539697,35.18181818,35.18181818
23,愛知県,13,東京都,90,不明,15.38951968,9.376987785,0,6.894422311
23,愛知県,14,神奈川県,90,不明,10.77827079,171.8496115,5.333333333,11.41931217
24,三重県,08,茨城県,90,不明,9.717538462,47.62022989,2.403846154,0
24,三重県,11,埼玉県,90,不明,558.5460924,5.372705612,65.70044297,19.34039131
24,三重県,12,千葉県,90,不明,28.17617866,37.74687097,0,0
24,三重県,14,神奈川県,90,不明,8.635294118,13.528,0,0
25,滋賀県,08,茨城県,90,不明,13.96228889,3.1515,7.611111111,0
25,滋賀県,11,埼玉県,90,不明,301.6008807,65.73244186,64.50171749,10.72093023
25,滋賀県,12,千葉県,90,不明,1,35.887,0,4.35
25,滋賀県,13,東京都,90,不明,0.073545455,17.01718182,0,0
25,滋賀県,14,神奈川県,90,不明,0.190845295,16.42563468,0,3.368421053
26,京都府,08,茨城県,90,不明,0,70.42491667,0,4.114583333
26,京都府,11,埼玉県,90,不明,77.50646938,10.77298858,120.586301,18.31742146
26,京都府,12,千葉県,90,不明,0,7.674358974,0,0
26,京都府,13,東京都,90,不明,0.054858778,0.086649557,0,6.894422311
26,京都府,14,神奈川県,90,不明,115.5005371,16.55789474,0,3
27,大阪府,08,茨城県,90,不明,210.7267614,170.8622989,24.53846154,6.84109589
27,大阪府,11,埼玉県,90,不明,215.1313684,154.5698117,156.0582716,44.35425771
27,大阪府,12,千葉県,90,不明,120.054723,43.8111808,0,4.4
27,大阪府,13,東京都,90,不明,18.73259625,56.94371509,0,13.35596077
27,大阪府,14,神奈川県,90,不明,74.21958973,235.7572828,5.333333333,7.481481482
28,兵庫県,08,茨城県,90,不明,234.0521368,297.1914506,31.97222222,6.914942529
28,兵庫県,11,埼玉県,90,不明,268.6111111,5.732334526,22.88888889,14.87477639
28,兵庫県,12,千葉県,90,不明,0,25.91,0,0
28,兵庫県,13,東京都,90,不明,19.88476818,24.71098648,0,2.125
28,兵庫県,14,神奈川県,90,不明,166.1481991,7137.631276,0,0
29,奈良県,08,茨城県,90,不明,0,33.09154023,0,3.114942529
29,奈良県,11,埼玉県,90,不明,132.5338333,0,20.25833333,0
29,奈良県,12,千葉県,90,不明,0.067365591,1.578466667,0,0
29,奈良県,13,東京都,90,不明,0,1.470909091,0,0
29,奈良県,14,神奈川県,90,不明,1.175609756,10.79818182,0,0
30,和歌山県,08,茨城県,90,不明,0,54.0819,0,0
30,和歌山県,11,埼玉県,90,不明,2.175,38.76923077,4.35,6.461538462
30,和歌山県,12,千葉県,90,不明,0,0.489466667,0,0
30,和歌山県,13,東京都,90,不明,0,0.147090909,0,0
30,和歌山県,14,神奈川県,90,不明,0.544864865,0,0,0
31,鳥取県,08,茨城県,90,不明,0,0.003041096,0,3.04109589
31,鳥取県,11,埼玉県,90,不明,0,0.257302326,0,10.72093023
31,鳥取県,12,千葉県,90,不明,0,0.003466667,0,0
31,鳥取県,13,東京都,90,不明,6.48,0,0,0
31,鳥取県,14,神奈川県,90,不明,0.235714286,0,0,0
32,島根県,12,千葉県,90,不明,18.7,0.039466667,0,0
32,島根県,14,神奈川県,90,不明,0.043176471,105.0130588,0,0
33,岡山県,08,茨城県,90,不明,0,1.3812,0,0
33,岡山県,11,埼玉県,90,不明,124.0564103,0,15.94871795,0
33,岡山県,12,千葉県,90,不明,0,1.049333333,0,0
33,岡山県,13,東京都,90,不明,0.25765327,0,0,0
33,岡山県,14,神奈川県,90,不明,15.87622492,9266.295429,0,3
34,広島県,08,茨城県,90,不明,8.643538462,3.609235632,2.403846154,0
34,広島県,11,埼玉県,90,不明,0.015263158,52.9077907,3.815789474,10.72093023
34,広島県,12,千葉県,90,不明,0,0.173333333,0,0
34,広島県,13,東京都,90,不明,32.97120419,0.125685185,0,0
34,広島県,14,神奈川県,90,不明,0,29.69047041,0,0
35,山口県,08,茨城県,90,不明,7.271634615,5.952769231,4.807692308,2.403846154
35,山口県,11,埼玉県,90,不明,0,0.076,0,3.8
35,山口県,12,千葉県,90,不明,182.9940332,0.58,0,0
35,山口県,13,東京都,90,不明,0,0.024363636,0,0
35,山口県,14,神奈川県,90,不明,0.01,0.54,0,0
36,徳島県,08,茨城県,90,不明,21.15384615,0,10.61437247,0
36,徳島県,11,埼玉県,90,不明,3.323245614,0,13.62134503,0
36,徳島県,12,千葉県,90,不明,0,0.031466667,0,0
37,香川県,08,茨城県,90,不明,0,0.934652174,0,0
37,香川県,11,埼玉県,90,不明,61.67313726,5.467674419,6.166666667,10.72093023
37,香川県,12,千葉県,90,不明,0,0.052,0,0
37,香川県,14,神奈川県,90,不明,0.17,1.479764706,0,0
38,愛媛県,08,茨城県,90,不明,0.491052174,0.493652174,0,0
38,愛媛県,11,埼玉県,90,不明,0.109339623,0,10.93396226,0
38,愛媛県,12,千葉県,90,不明,0,0.038133333,0,0
38,愛媛県,13,東京都,90,不明,0,0.0623,0,0
38,愛媛県,14,神奈川県,90,不明,25.31254623,41.095,0,0
39,高知県,11,埼玉県,90,不明,0.354545455,0,0,0
39,高知県,12,千葉県,90,不明,0,0.003466667,0,0
39,高知県,14,神奈川県,90,不明,0,0.013058824,0,0
40,福岡県,08,茨城県,90,不明,2.864,39.51356,3.58,0
40,福岡県,11,埼玉県,90,不明,58.33333333,13.02593023,4.666666667,10.72093023
40,福岡県,12,千葉県,90,不明,0,1.368,0,0
40,福岡県,13,東京都,90,不明,48.49707602,0.292789971,0,0
40,福岡県,14,神奈川県,90,不明,102.4044828,9.073216142,24.3902439,3
41,佐賀県,08,茨城県,90,不明,0.358,3.423339081,0,3.114942529
41,佐賀県,12,千葉県,90,不明,0.175909091,0.0832,0,0
41,佐賀県,14,神奈川県,90,不明,0,2.647272727,0,0
42,長崎県,12,千葉県,90,不明,0,0.227466667,0,0
42,長崎県,13,東京都,90,不明,0,0.118611688,0,0
42,長崎県,14,神奈川県,90,不明,0,5.095228758,0,0
43,熊本県,08,茨城県,90,不明,0,0.1995,0,0
43,熊本県,11,埼玉県,90,不明,5.360465116,0.160813954,10.72093023,10.72093023
43,熊本県,12,千葉県,90,不明,0,0.069333333,0,0
43,熊本県,13,東京都,90,不明,0,17.05972078,0,0
43,熊本県,14,神奈川県,90,不明,0.040285714,11.15270588,0,0
44,大分県,08,茨城県,90,不明,0,0.267,0,0
44,大分県,11,埼玉県,90,不明,0,20.58418605,0,10.72093023
44,大分県,12,千葉県,90,不明,0.18,0.0728,0,0
44,大分県,13,東京都,90,不明,0,0.134681818,0,0
44,大分県,14,神奈川県,90,不明,0.004482759,26.38082353,0,2
45,宮崎県,08,茨城県,90,不明,0,0.2445,0,0
45,宮崎県,12,千葉県,90,不明,0,0.034666667,0,0
45,宮崎県,14,神奈川県,90,不明,0,0.014166667,0,0
46,鹿児島県,08,茨城県,90,不明,14.32,0.489,3.58,0
46,鹿児島県,12,千葉県,90,不明,0.026666667,0.156266667,0,0
46,鹿児島県,13,東京都,90,不明,0.285602094,0,0,0
46,鹿児島県,14,神奈川県,90,不明,0,0.121882353,0,0
47,沖縄県,12,千葉県,90,不明,0,0.0164,0,0
47,沖縄県,13,東京都,90,不明,0,0.016125,0,0
47,沖縄県,14,神奈川県,90,不明,0,0.036444444,0,0
90,全国,08,茨城県,90,不明,140.6825639,157.6767819,115.4177632,14.0525
90,全国,11,埼玉県,90,不明,0,0.243964286,0,3.42
90,全国,12,千葉県,90,不明,1106.060784,385.2857143,0,0
90,全国,13,東京都,90,不明,825.3066667,786.1557918,369.92,273.7888446
90,全国,14,神奈川県,90,不明,30.3369495,220.8074034,11,0
91,東日本,12,千葉県,90,不明,0,30.83333333,0,0
91,東日本,13,東京都,90,不明,3.045454546,0,0,0
92,東北,11,埼玉県,90,不明,13.16666667,12.83333333,4.388888889,11
92,東北,12,千葉県,90,不明,0.651811594,322.7426667,0,28.23958333
92,東北,13,東京都,90,不明,3.014138022,156.6301938,11.42408377,591.3374913
92,東北,14,神奈川県,90,不明,574,17.05801659,329,29.29605263
93,海外,08,茨城県,90,不明,895.4184211,0,156.8,0
93,海外,11,埼玉県,90,不明,253.1985714,827.2727273,36.64285714,4.136363636
93,海外,12,千葉県,90,不明,176.4016264,357.6526667,8.428571429,0
93,海外,13,東京都,90,不明,1598.727234,2574.766965,5.333333333,0
93,海外,14,神奈川県,90,不明,11966.71734,11237.99531,4.272727273,140.3225807
94,不特定,08,茨城県,90,不明,0,0,0,0
94,不特定,11,埼玉県,90,不明,0,1672.34455,75.21428571,537.6557272
94,不特定,12,千葉県,90,不明,0,186.3648649,0,12.21621622
94,不特定,13,東京都,90,不明,0,1066.601314,0,42.75675676
94,不特定,14,神奈川県,90,不明,0.217647059,12.21621622,0,6.108108108
99,全て不明,08,茨城県,90,不明,941.6666667,1.626347826,0,1
99,全て不明,11,埼玉県,90,不明,2465.080619,0.599994605,1329.422679,35.09213466
99,全て不明,12,千葉県,90,不明,1658.8105,0,0,0
99,全て不明,13,東京都,90,不明,11.53488101,276.9435294,0,0
99,全て不明,14,神奈川県,90,不明,33.18724466,0,6.808823529,0
01,北海道,08,茨城県,99,品目計,5513.75559,4876.398471,143.7625185,170.7210029
01,北海道,11,埼玉県,99,品目計,3761.835364,3106.728577,402.4781251,920.3720316
01,北海道,12,千葉県,99,品目計,4608.212579,12864.80328,45.00641026,254.1582917
01,北海道,13,東京都,99,品目計,15016.38008,3464.273723,93.60124362,664.6667954
01,北海道,14,神奈川県,99,品目計,3815.105549,3900.228797,30.70634921,92.13864388
02,青森県,08,茨城県,99,品目計,304.561246,5828.625996,32.41889569,123.0269198
02,青森県,11,埼玉県,99,品目計,695.6038502,824.5647248,141.1175854,397.4088942
02,青森県,12,千葉県,99,品目計,744.4371387,703.7684815,6,64.18791996
02,青森県,13,東京都,99,品目計,3632.242957,518.1942415,117.4835865,257.4356942
02,青森県,14,神奈川県,99,品目計,419.2249668,478.0419364,6.4,7.513513514
03,岩手県,08,茨城県,99,品目計,421.8214246,2922.805971,66.5439164,186.82876
03,岩手県,11,埼玉県,99,品目計,799.3665345,752.2266113,221.4272641,629.7974909
03,岩手県,12,千葉県,99,品目計,690.8374446,1567.661864,41.96118393,100.0510414
03,岩手県,13,東京都,99,品目計,11483.14637,683.5467033,13.56684958,170.6826238
03,岩手県,14,神奈川県,99,品目計,300.0201606,817.5692876,11.07336781,18.84375295
04,宮城県,08,茨城県,99,品目計,2148.017507,8694.994114,202.1556789,325.752898
04,宮城県,11,埼玉県,99,品目計,4375.10411,4471.859773,614.6273031,1367.817465
04,宮城県,12,千葉県,99,品目計,1820.953639,6560.283118,67.86525974,371.0666841
04,宮城県,13,東京都,99,品目計,535.6142214,2609.850646,230.7430708,587.8482007
04,宮城県,14,神奈川県,99,品目計,863.1993456,3288.437905,54.67188038,113.8272591
05,秋田県,08,茨城県,99,品目計,672.3525668,2169.187657,73.16460788,88.7671558
05,秋田県,11,埼玉県,99,品目計,1007.206238,314.98542,199.977998,342.0548775
05,秋田県,12,千葉県,99,品目計,375.6775388,628.2399994,4,65.54710045
05,秋田県,13,東京都,99,品目計,346.4908072,360.2245066,50.13421053,92.01501343
05,秋田県,14,神奈川県,99,品目計,184.4304557,386.954195,0,17.37193645
06,山形県,08,茨城県,99,品目計,179.8028104,1643.589667,42.57344173,164.9886613
06,山形県,11,埼玉県,99,品目計,608.0037981,917.7942438,268.0542,515.8662028
06,山形県,12,千葉県,99,品目計,752.2579366,1596.124114,12.15277778,124.1249815
06,山形県,13,東京都,99,品目計,760.3526818,1392.485629,62.25648865,516.5821284
06,山形県,14,神奈川県,99,品目計,512.7559816,881.9843977,47.12649409,48.61807789
07,福島県,08,茨城県,99,品目計,9220.873407,13044.88893,563.0873619,684.3849895
07,福島県,11,埼玉県,99,品目計,4437.007471,4859.851273,903.5011492,1266.228792
07,福島県,12,千葉県,99,品目計,1897.215144,7157.388752,95.16068474,315.8740983
07,福島県,13,東京都,99,品目計,3904.420001,2618.572177,71.54731668,363.9046822
07,福島県,14,神奈川県,99,品目計,1829.043047,2523.038356,55.13671679,107.1986371
08,茨城県,01,北海道,99,品目計,4876.398471,5513.75559,170.7210029,143.7625185
08,茨城県,02,青森県,99,品目計,5828.625996,304.561246,123.0269198,32.41889569
08,茨城県,03,岩手県,99,品目計,2922.805971,421.8214246,186.82876,66.5439164
08,茨城県,04,宮城県,99,品目計,8694.994114,2148.017507,325.752898,202.1556789
08,茨城県,05,秋田県,99,品目計,2169.187657,672.3525668,88.7671558,73.16460788
08,茨城県,06,山形県,99,品目計,1643.589667,179.8028104,164.9886613,42.57344173
08,茨城県,07,福島県,99,品目計,13044.88893,9220.873407,684.3849895,563.0873619
08,茨城県,08,茨城県,99,品目計,242178.4038,242178.4038,30374.6029,30374.6029
08,茨城県,09,栃木県,99,品目計,22634.82329,33056.53746,2005.501568,2546.340277
08,茨城県,10,群馬県,99,品目計,15462.16715,6753.902533,940.9197862,667.2732203
08,茨城県,11,埼玉県,99,品目計,43300.44175,31684.55581,6011.791281,6514.464724
08,茨城県,12,千葉県,99,品目計,78694.70932,69405.34444,5439.293785,4289.601342
08,茨城県,13,東京都,99,品目計,40884.23882,13135.62059,5330.686993,1708.237369
08,茨城県,14,神奈川県,99,品目計,50659.4821,20604.82318,3930.688943,1119.553606
08,茨城県,15,新潟県,99,品目計,5393.473378,1490.323183,361.6768557,128.7088309
08,茨城県,16,富山県,99,品目計,816.0387641,664.7816513,68.19415362,94.24057229
08,茨城県,17,石川県,99,品目計,1051.366923,464.2564994,76.10237253,30.41800214
08,茨城県,18,福井県,99,品目計,956.0857429,2308.131975,97.56533407,175.0733726
08,茨城県,19,山梨県,99,品目計,2008.320019,661.2309491,188.7415324,76.28090348
08,茨城県,20,長野県,99,品目計,2818.479807,1093.619236,323.2095064,213.6628662
08,茨城県,21,岐阜県,99,品目計,2144.069183,898.3353348,88.09724728,75.45975249
08,茨城県,22,静岡県,99,品目計,7530.180115,2873.025392,528.7487636,239.8957752
08,茨城県,23,愛知県,99,品目計,12456.37371,3574.424446,655.7779044,425.265295
08,茨城県,24,三重県,99,品目計,5282.962824,628.1004813,118.8979367,81.35549851
08,茨城県,25,滋賀県,99,品目計,2742.833326,316.9897024,56.1959207,52.46313104
08,茨城県,26,京都府,99,品目計,678.4598319,103.3532959,96.93234939,44.73161332
08,茨城県,27,大阪府,99,品目計,9080.737448,3328.740721,729.810772,421.4166228
08,茨城県,28,兵庫県,99,品目計,4345.880886,1374.925237,230.1864698,180.4795583
08,茨城県,29,奈良県,99,品目計,437.8455876,40.25737796,40.07727161,50.31120502
08,茨城県,30,和歌山県,99,品目計,2510.478875,1650.060371,8.646846847,36.43839756
08,茨城県,31,鳥取県,99,品目計,59.65461026,10.28935865,9.04109589,13.76819923
08,茨城県,32,島根県,99,品目計,98.92978226,0.646555556,17.73265701,2.555555556
08,茨城県,33,岡山県,99,品目計,2981.828686,1977.91738,106.5698654,31.83249463
08,茨城県,34,広島県,99,品目計,677.3806477,322.6517218,123.0766441,37.8919193
08,茨城県,35,山口県,99,品目計,5517.393911,186.8124267,58.74425533,34.83203774
08,茨城県,36,徳島県,99,品目計,209.6550436,101.316664,25.7385739,21.86487055
08,茨城県,37,香川県,99,品目計,1066.687658,451.1512105,24.23105364,41.41048133
08,茨城県,38,愛媛県,99,品目計,751.5136566,1947.401994,36.57011334,22.89151404
08,茨城県,39,高知県,99,品目計,75.40739032,11.522946,16.23964338,12.68508142
08,茨城県,40,福岡県,99,品目計,2157.881843,1929.220436,210.5785726,37.97446738
08,茨城県,41,佐賀県,99,品目計,349.2585258,130.2543985,19.23488506,6.135555556
08,茨城県,42,長崎県,99,品目計,1594.385651,28.81171462,30.1871897,8.637747336
08,茨城県,43,熊本県,99,品目計,171.2639271,111.0701784,63.22956209,26.39572304
08,茨城県,44,大分県,99,品目計,2450.886976,2748.298105,47.11313314,8.47108067
08,茨城県,45,宮崎県,99,品目計,87.50323288,30.36518222,57.96851016,2.555555556
08,茨城県,46,鹿児島県,99,品目計,1779.067508,1592.980204,35.87902962,11.20393162
08,茨城県,47,沖縄県,99,品目計,662.4296918,5.589786887,32.64,11.3392094
08,茨城県,90,全国,99,品目計,3291.74961,3773.899023,147.7579232,204.3923465
08,茨城県,92,東北,99,品目計,1505.779513,511.7268074,658.5966882,99.84868421
08,茨城県,93,海外,99,品目計,9703.414502,35232.80926,257.4155863,365.4182962
08,茨城県,94,不特定,99,品目計,689.6617114,18.32476589,120.7045301,43.95719298
08,茨城県,99,全て不明,99,品目計,1475.893059,1007.725711,192.0043313,81.14177483
09,栃木県,08,茨城県,99,品目計,33056.53746,22634.82329,2546.340277,2005.501568
09,栃木県,11,埼玉県,99,品目計,17591.07055,16034.63292,2624.70296,4613.016201
09,栃木県,12,千葉県,99,品目計,9899.23956,19405.77167,528.5903841,934.9862532
09,栃木県,13,東京都,99,品目計,7464.441011,8762.58484,230.9600996,1326.672144
09,栃木県,14,神奈川県,99,品目計,10180.71948,11343.97722,269.5293938,367.0894268
10,群馬県,08,茨城県,99,品目計,6753.902533,15462.16715,667.2732203,940.9197862
10,群馬県,11,埼玉県,99,品目計,30454.46753,43951.03207,4756.115962,8905.244081
10,群馬県,12,千葉県,99,品目計,19802.97188,23707.62963,343.6696901,996.6814567
10,群馬県,13,東京都,99,品目計,4426.232984,10521.61858,139.0925307,1861.838847
10,群馬県,14,神奈川県,99,品目計,3868.892209,8472.276731,270.4571721,593.8370994
11,埼玉県,01,北海道,99,品目計,3106.728577,3761.835364,920.3720316,402.4781251
11,埼玉県,02,青森県,99,品目計,824.5647248,695.6038502,397.4088942,141.1175854
11,埼玉県,03,岩手県,99,品目計,752.2266113,799.3665345,629.7974909,221.4272641
11,埼玉県,04,宮城県,99,品目計,4471.859773,4375.10411,1367.817465,614.6273031
11,埼玉県,05,秋田県,99,品目計,314.98542,1007.206238,342.0548775,199.977998
11,埼玉県,06,山形県,99,品目計,917.7942438,608.0037981,515.8662028,268.0542
11,埼玉県,07,福島県,99,品目計,4859.851273,4437.007471,1266.228792,903.5011492
11,埼玉県,08,茨城県,99,品目計,31684.55581,43300.44175,6514.464724,6011.791281
11,埼玉県,09,栃木県,99,品目計,16034.63292,17591.07055,4613.016201,2624.70296
11,埼玉県,10,群馬県,99,品目計,43951.03207,30454.46753,8905.244081,4756.115962
11,埼玉県,11,埼玉県,99,品目計,425785.6679,425785.6679,73142.62932,73142.62932
11,埼玉県,12,千葉県,99,品目計,36805.81562,56048.92565,12379.6618,4408.487569
11,埼玉県,13,東京都,99,品目計,83072.87553,68472.4402,29291.69157,10165.20463
11,埼玉県,14,神奈川県,99,品目計,42262.89357,45233.46505,9978.456462,3272.128872
11,埼玉県,15,新潟県,99,品目計,3967.572076,3347.825575,1430.616984,838.9511126
11,埼玉県,16,富山県,99,品目計,660.8095685,2690.189861,331.1225307,565.9327691
11,埼玉県,17,石川県,99,品目計,433.3285013,233.3270923,294.9739597,120.6170193
11,埼玉県,18,福井県,99,品目計,516.5862576,500.310798,239.6148439,192.104074
11,埼玉県,19,山梨県,99,品目計,2591.815339,894.1209557,839.8146473,273.0377834
11,埼玉県,20,長野県,99,品目計,3832.927282,1569.191775,1785.512419,560.9866825
11,埼玉県,21,岐阜県,99,品目計,1371.05837,1772.368296,652.3240785,419.2447234
11,埼玉県,22,静岡県,99,品目計,6832.418107,29089.80913,2352.356245,1294.250005
11,埼玉県,23,愛知県,99,品目計,6054.968168,5746.067289,2442.33992,1343.604547
11,埼玉県,24,三重県,99,品目計,2391.989301,2823.222295,666.3571006,613.6056622
11,埼玉県,25,滋賀県,99,品目計,893.7244046,2890.057756,469.3862283,646.9295518
11,埼玉県,26,京都府,99,品目計,943.2557181,817.4640325,608.5786227,425.4677624
11,埼玉県,27,大阪府,99,品目計,5924.842662,3977.513207,2815.080387,1701.339659
11,埼玉県,28,兵庫県,99,品目計,3343.096115,3873.378159,1314.601358,810.7039419
11,埼玉県,29,奈良県,99,品目計,213.1406525,364.9238423,176.3582111,186.8424373
11,埼玉県,30,和歌山県,99,品目計,293.3358789,342.3624628,130.4325139,121.7674428
11,埼玉県,31,鳥取県,99,品目計,10.08871839,248.3277126,105.9046186,38.9526296
11,埼玉県,32,島根県,99,品目計,109.396173,80.25377483,68.83201754,26.61490066
11,埼玉県,33,岡山県,99,品目計,606.6210988,810.8638839,388.5712408,290.4931192
11,埼玉県,34,広島県,99,品目計,1003.464654,880.0799055,633.5725425,308.5019456
11,埼玉県,35,山口県,99,品目計,179.1647861,1625.233188,253.9731196,152.8210497
11,埼玉県,36,徳島県,99,品目計,69.28170933,8357.42115,97.06632796,75.28661698
11,埼玉県,37,香川県,99,品目計,271.9642971,98.8167487,227.7796016,57.91503585
11,埼玉県,38,愛媛県,99,品目計,644.6325936,657.8821949,286.5252384,106.6184769
11,埼玉県,39,高知県,99,品目計,45.42826386,30.01035862,88.24171727,56.64965325
11,埼玉県,40,福岡県,99,品目計,1684.303109,611.9019932,989.3497938,233.0610531
11,埼玉県,41,佐賀県,99,品目計,652.7837703,803.450173,179.6962883,61.55088594
11,埼玉県,42,長崎県,99,品目計,131.120585,139.8627875,109.7514809,23.91150865
11,埼玉県,43,熊本県,99,品目計,253.7895244,240.7671889,229.7949203,76.34268229
11,埼玉県,44,大分県,99,品目計,237.1701302,20.48877272,145.5144211,29.79544449
11,埼玉県,45,宮崎県,99,品目計,146.986595,391.2894514,98.70193915,70.11073243
11,埼玉県,46,鹿児島県,99,品目計,551.1550338,376.4535904,213.9240362,54.15218151
11,埼玉県,47,沖縄県,99,品目計,133.8971859,16.6089434,132.5300752,3.8
11,埼玉県,90,全国,99,品目計,1402.765326,2384.85077,537.9872618,471.4195973
11,埼玉県,91,東日本,99,品目計,0,13.66666667,0,20.5
11,埼玉県,92,東北,99,品目計,7619.890824,1969.704711,1753.737481,903.3323206
11,埼玉県,93,海外,99,品目計,6188.048612,9286.974198,585.8689002,1124.079613
11,埼玉県,94,不特定,99,品目計,9925.137182,2502.339315,2447.760373,2242.650947
11,埼玉県,99,全て不明,99,品目計,12420.44625,3896.578968,1303.186561,2350.096704
12,千葉県,01,北海道,99,品目計,12864.80328,4608.212579,254.1582917,45.00641026
12,千葉県,02,青森県,99,品目計,703.7684815,744.4371387,64.18791996,6
12,千葉県,03,岩手県,99,品目計,1567.661864,690.8374446,100.0510414,41.96118393
12,千葉県,04,宮城県,99,品目計,6560.283118,1820.953639,371.0666841,67.86525974
12,千葉県,05,秋田県,99,品目計,628.2399994,375.6775388,65.54710045,4
12,千葉県,06,山形県,99,品目計,1596.124114,752.2579366,124.1249815,12.15277778
12,千葉県,07,福島県,99,品目計,7157.388752,1897.215144,315.8740983,95.16068474
12,千葉県,08,茨城県,99,品目計,69405.34444,78694.70932,4289.601342,5439.293785
12,千葉県,09,栃木県,99,品目計,19405.77167,9899.23956,934.9862532,528.5903841
12,千葉県,10,群馬県,99,品目計,23707.62963,19802.97188,996.6814567,343.6696901
12,千葉県,11,埼玉県,99,品目計,56048.92565,36805.81562,4408.487569,12379.6618
12,千葉県,12,千葉県,99,品目計,492968.4489,492968.4489,30168.61269,30168.61269
12,千葉県,13,東京都,99,品目計,81385.91562,55679.10533,7580.350763,6315.467192
12,千葉県,14,神奈川県,99,品目計,73737.0377,48031.61982,2671.051723,2348.524509
12,千葉県,15,新潟県,99,品目計,4091.329739,1122.133431,233.9951262,77.19007426
12,千葉県,16,富山県,99,品目計,961.4095978,400.7526498,76.66229501,34.25434783
12,千葉県,17,石川県,99,品目計,757.6514869,286.8472753,76.47705,20.90822511
12,千葉県,18,福井県,99,品目計,441.9320075,183.5960323,48.47492878,13.84166667
12,千葉県,19,山梨県,99,品目計,1869.18653,556.5544803,267.3353966,60.16351452
12,千葉県,20,長野県,99,品目計,2788.348349,1086.964984,137.919762,94.81003484
12,千葉県,21,岐阜県,99,品目計,1893.402091,321.8692717,190.8589025,36.4407571
12,千葉県,22,静岡県,99,品目計,13004.8604,2564.516359,627.1658409,457.6913896
12,千葉県,23,愛知県,99,品目計,25044.97852,2872.380186,1019.431194,132.7110863
12,千葉県,24,三重県,99,品目計,16757.02347,3740.102511,107.073935,48.1434623
12,千葉県,25,滋賀県,99,品目計,2814.968908,576.8208141,101.9780317,73.05963397
12,千葉県,26,京都府,99,品目計,883.1284208,721.8331943,109.6817268,37.45053676
12,千葉県,27,大阪府,99,品目計,12650.96067,3762.190098,565.1943122,168.3734552
12,千葉県,28,兵庫県,99,品目計,4451.587099,2617.93942,224.3640695,91.38917202
12,千葉県,29,奈良県,99,品目計,621.0542344,214.9873574,55.87175926,1.8
12,千葉県,30,和歌山県,99,品目計,280.9816853,376.6535318,20.92467043,5.313559322
12,千葉県,31,鳥取県,99,品目計,55.4622153,51.64386598,22.14814815,0
12,千葉県,32,島根県,99,品目計,30.8253175,114.0999235,33.18518519,3.5
12,千葉県,33,岡山県,99,品目計,1582.053805,3668.806241,99.36878849,40.2619296
12,千葉県,34,広島県,99,品目計,820.6697538,2110.902758,94.33369712,27.24251152
12,千葉県,35,山口県,99,品目計,320.8627848,3500.287721,47.30972222,10.73655914
12,千葉県,36,徳島県,99,品目計,137.6762218,120.7524461,30.74767025,9.5625
12,千葉県,37,香川県,99,品目計,602.0651335,119.9974021,20.86111111,10.92405914
12,千葉県,38,愛媛県,99,品目計,1671.81656,1567.324062,43.65731722,7.476190476
12,千葉県,39,高知県,99,品目計,44.32210986,8876.759089,32.30826211,0
12,千葉県,40,福岡県,99,品目計,2548.045929,1116.228179,196.0727576,28.38621795
12,千葉県,41,佐賀県,99,品目計,546.2026051,5971.092053,77.26014393,33.06666667
12,千葉県,42,長崎県,99,品目計,187.669155,31.1696804,44.2962963,4.380952381
12,千葉県,43,熊本県,99,品目計,555.5734529,190.7288345,55.3915678,20.66666667
12,千葉県,44,大分県,99,品目計,222.1969516,2352.544362,35.81619679,123.3625
12,千葉県,45,宮崎県,99,品目計,149.6770455,279.4126729,55.03473444,0
12,千葉県,46,鹿児島県,99,品目計,400.2063716,1943.14097,59.65270655,4.4
12,千葉県,47,沖縄県,99,品目計,222.0687753,54.57127778,29.53703704,3
12,千葉県,90,全国,99,品目計,9603.500701,3052.10988,561.13759,841.3360717
12,千葉県,91,東日本,99,品目計,30.83333333,0.008333333,0,0
12,千葉県,92,東北,99,品目計,1870.750365,936.4101165,477.0200585,324.7971015
12,千葉県,93,海外,99,品目計,40436.48166,48473.70083,148.2327464,236.3122828
12,千葉県,94,不特定,99,品目計,975.2921875,505.6179859,173.2162162,141.2018458
12,千葉県,99,全て不明,99,品目計,216,3328.443516,59.33333333,169.6160962
13,東京都,01,北海道,99,品目計,3464.273723,15016.38008,664.6667954,93.60124362
13,東京都,02,青森県,99,品目計,518.1942415,3632.242957,257.4356942,117.4835865
13,東京都,03,岩手県,99,品目計,683.5467033,11483.14637,170.6826238,13.56684958
13,東京都,04,宮城県,99,品目計,2609.850646,535.6142214,587.8482007,230.7430708
13,東京都,05,秋田県,99,品目計,360.2245066,346.4908072,92.01501343,50.13421053
13,東京都,06,山形県,99,品目計,1392.485629,760.3526818,516.5821284,62.25648865
13,東京都,07,福島県,99,品目計,2618.572177,3904.420001,363.9046822,71.54731668
13,東京都,08,茨城県,99,品目計,13135.62059,40884.23882,1708.237369,5330.686993
13,東京都,09,栃木県,99,品目計,8762.58484,7464.441011,1326.672144,230.9600996
13,東京都,10,群馬県,99,品目計,10521.61858,4426.232984,1861.838847,139.0925307
13,東京都,11,埼玉県,99,品目計,68472.4402,83072.87553,10165.20463,29291.69157
13,東京都,12,千葉県,99,品目計,55679.10533,81385.91562,6315.467192,7580.350763
13,東京都,13,東京都,99,品目計,435439.8826,435439.8826,44350.11123,44350.11123
13,東京都,14,神奈川県,99,品目計,66584.33298,102618.2151,6642.839038,8687.058783
13,東京都,15,新潟県,99,品目計,1849.547155,1322.414141,439.9049311,36.47807692
13,東京都,16,富山県,99,品目計,708.6686616,1354.290741,506.6065721,4.653846154
13,東京都,17,石川県,99,品目計,823.4593033,235.5549148,126.6059913,13.46076923
13,東京都,18,福井県,99,品目計,164.6856091,157.0397845,90.69528766,27.95797101
13,東京都,19,山梨県,99,品目計,2331.657704,1325.80749,265.1493854,69.88932734
13,東京都,20,長野県,99,品目計,3009.995748,1076.087417,440.6837767,80.42405169
13,東京都,21,岐阜県,99,品目計,573.1795714,5682.621446,229.889305,19.13896104
13,東京都,22,静岡県,99,品目計,4391.522683,2738.070789,940.3777486,96.70205018
13,東京都,23,愛知県,99,品目計,4648.767517,5161.55437,1177.540676,324.0658874
13,東京都,24,三重県,99,品目計,607.2643813,1258.903316,179.9722412,41.89339019
13,東京都,25,滋賀県,99,品目計,398.9038124,374.9915976,111.8643946,30.22719298
13,東京都,26,京都府,99,品目計,912.6456918,453.3882966,334.5932868,86.17193861
13,東京都,27,大阪府,99,品目計,5643.152764,6376.492276,905.0632812,127.7003322
13,東京都,28,兵庫県,99,品目計,3935.602933,2393.073924,446.426721,59.0961209
13,東京都,29,奈良県,99,品目計,182.6869636,602.524644,133.0227106,12.4
13,東京都,30,和歌山県,99,品目計,107.6742035,1597.586811,101.2710452,6.426356589
13,東京都,31,鳥取県,99,品目計,34.29910423,581.6011098,164.461685,4.686567164
13,東京都,32,島根県,99,品目計,32.06133243,12.13605749,44.60437857,0
13,東京都,33,岡山県,99,品目計,392.9861966,2352.658405,211.2980763,18.88635659
13,東京都,34,広島県,99,品目計,396.5857417,2586.40556,294.4023929,22.02303483
13,東京都,35,山口県,99,品目計,162.6868388,11022.2194,156.8267866,23.43283582
13,東京都,36,徳島県,99,品目計,1340.402982,2775.219533,130.2177119,186.2307692
13,東京都,37,香川県,99,品目計,143.0500042,221.0072629,75.25138351,11.05142857
13,東京都,38,愛媛県,99,品目計,194.7422038,834.284686,150.6166783,6.426356589
13,東京都,39,高知県,99,品目計,58.63502006,2427.550241,131.4769231,0
13,東京都,40,福岡県,99,品目計,5734.524408,6110.328275,678.8459078,218.4633418
13,東京都,41,佐賀県,99,品目計,218.244787,540.153446,131.1754958,33.02194444
13,東京都,42,長崎県,99,品目計,167.3925411,121.4073082,131.0935982,1.733333333
13,東京都,43,熊本県,99,品目計,351.0775642,410.1563083,86.08896051,18.87788331
13,東京都,44,大分県,99,品目計,207.3083258,4091.023726,127.4643773,24.64772727
13,東京都,45,宮崎県,99,品目計,144.0764846,606.7662952,96.07312857,49.46202171
13,東京都,46,鹿児島県,99,品目計,228.9919261,594.3568596,96.46919733,29.46
13,東京都,47,沖縄県,99,品目計,405.7505049,61.28668227,129.4812821,13.08714286
13,東京都,90,全国,99,品目計,11129.40721,9776.561332,451.8671947,777.2690083
13,東京都,91,東日本,99,品目計,0.03,149.220979,0,193.8461539
13,東京都,92,東北,99,品目計,779.407525,2276.162105,1361.75762,622.4487044
13,東京都,93,海外,99,品目計,11598.75505,27940.13964,292.9266526,250.6676231
13,東京都,94,不特定,99,品目計,8773.338501,591.4990559,176.7234234,77.5
13,東京都,99,全て不明,99,品目計,2977.558754,1484.449834,437.4596913,39.03075489
14,神奈川県,01,北海道,99,品目計,3900.228797,3815.105549,92.13864388,30.70634921
14,神奈川県,02,青森県,99,品目計,478.0419364,419.2249668,7.513513514,6.4
14,神奈川県,03,岩手県,99,品目計,817.5692876,300.0201606,18.84375295,11.07336781
14,神奈川県,04,宮城県,99,品目計,3288.437905,863.1993456,113.8272591,54.67188038
14,神奈川県,05,秋田県,99,品目計,386.954195,184.4304557,17.37193645,0
14,神奈川県,06,山形県,99,品目計,881.9843977,512.7559816,48.61807789,47.12649409
14,神奈川県,07,福島県,99,品目計,2523.038356,1829.043047,107.1986371,55.13671679
14,神奈川県,08,茨城県,99,品目計,20604.82318,50659.4821,1119.553606,3930.688943
14,神奈川県,09,栃木県,99,品目計,11343.97722,10180.71948,367.0894268,269.5293938
14,神奈川県,10,群馬県,99,品目計,8472.276731,3868.892209,593.8370994,270.4571721
14,神奈川県,11,埼玉県,99,品目計,45233.46505,42262.89357,3272.128872,9978.456462
14,神奈川県,12,千葉県,99,品目計,48031.61982,73737.0377,2348.524509,2671.051723
14,神奈川県,13,東京都,99,品目計,102618.2151,66584.33298,8687.058783,6642.839038
14,神奈川県,14,神奈川県,99,品目計,510485.525,510485.525,38767.36164,38767.36164
14,神奈川県,15,新潟県,99,品目計,3605.426165,1355.923284,129.8907909,47.12074369
14,神奈川県,16,富山県,99,品目計,1558.586538,852.9520143,63.18933617,20.45614035
14,神奈川県,17,石川県,99,品目計,961.1052624,49.09040679,45.00120822,3.513513514
14,神奈川県,18,福井県,99,品目計,296.1792209,46.39218079,25.47487763,12.19354839
14,神奈川県,19,山梨県,99,品目計,3927.825238,4738.397097,308.0753538,167.7682242
14,神奈川県,20,長野県,99,品目計,3936.060199,1263.099512,222.5293067,58.4965812
14,神奈川県,21,岐阜県,99,品目計,475.1744462,892.8789439,43.36778251,27.40458847
14,神奈川県,22,静岡県,99,品目計,14650.92164,6930.552495,1102.484002,362.854083
14,神奈川県,23,愛知県,99,品目計,9158.283527,8203.409735,485.7030707,210.4478189
14,神奈川県,24,三重県,99,品目計,1214.033471,1780.773082,56.65769488,58.00579325
14,神奈川県,25,滋賀県,99,品目計,1432.170655,1479.59731,117.4771338,55.79654581
14,神奈川県,26,京都府,99,品目計,657.4493997,341.8664314,70.94110143,33.5096232
14,神奈川県,27,大阪府,99,品目計,6451.813943,2104.359575,281.503279,102.2400543
14,神奈川県,28,兵庫県,99,品目計,9490.878112,1683.489335,98.26341595,42.14630527
14,神奈川県,29,奈良県,99,品目計,155.8625003,344.0591306,7.442084942,12.90604027
14,神奈川県,30,和歌山県,99,品目計,288.8369372,146.289108,17.04645002,0
14,神奈川県,31,鳥取県,99,品目計,62.23258034,11.48837941,7.86645469,0
14,神奈川県,32,島根県,99,品目計,162.447849,10.83190146,3.513513514,7
14,神奈川県,33,岡山県,99,品目計,10166.62214,2750.105628,28.82317857,29.26998252
14,神奈川県,34,広島県,99,品目計,892.758525,440.9814685,21.06653539,5.827586207
14,神奈川県,35,山口県,99,品目計,509.5933148,1560.685963,20.08914075,0
14,神奈川県,36,徳島県,99,品目計,481.1093464,95.01514971,6.124624625,0
14,神奈川県,37,香川県,99,品目計,99.96286604,113.5269045,6.124624625,0
14,神奈川県,38,愛媛県,99,品目計,260.2433138,269.0079751,11.55971234,3.210526316
14,神奈川県,39,高知県,99,品目計,35.22155728,7002.615849,7.656370656,6.452830189
14,神奈川県,40,福岡県,99,品目計,7485.509157,8134.408797,347.864312,306.8370659
14,神奈川県,41,佐賀県,99,品目計,73.51617382,272.530771,17.40345295,0
14,神奈川県,42,長崎県,99,品目計,84.13701668,25.32335654,6.124624625,0
14,神奈川県,43,熊本県,99,品目計,249.9535307,102.4110989,15.58999962,2.827586207
14,神奈川県,44,大分県,99,品目計,196.5874629,354.3253567,9.027027027,25.57142857
14,神奈川県,45,宮崎県,99,品目計,77.44326311,156.8482161,6.124624625,6.938697318
14,神奈川県,46,鹿児島県,99,品目計,113.8513896,229.4765296,14.76082534,2.827586207
14,神奈川県,47,沖縄県,99,品目計,146.3145129,0.026647059,4.513513514,0
14,神奈川県,90,全国,99,品目計,5516.270888,11226.54999,185.3942213,424.6369016
14,神奈川県,91,東日本,99,品目計,4810.218744,13.52941177,1193.176329,0
14,神奈川県,92,東北,99,品目計,5342.147337,5557.784939,195.6191323,374.875
14,神奈川県,93,海外,99,品目計,21454.09465,56137.52919,294.7144489,158.65845
14,神奈川県,94,不特定,99,品目計,219.0508822,675.0701261,192.5776733,20.86956522
14,神奈川県,99,全て不明,99,品目計,112.2559725,931.4262434,93.16747968,56.85407322
15,新潟県,08,茨城県,99,品目計,1490.323183,5393.473378,128.7088309,361.6768557
15,新潟県,11,埼玉県,99,品目計,3347.825575,3967.572076,838.9511126,1430.616984
15,新潟県,12,千葉県,99,品目計,1122.133431,4091.329739,77.19007426,233.9951262
15,新潟県,13,東京都,99,品目計,1322.414141,1849.547155,36.47807692,439.9049311
15,新潟県,14,神奈川県,99,品目計,1355.923284,3605.426165,47.12074369,129.8907909
16,富山県,08,茨城県,99,品目計,664.7816513,816.0387641,94.24057229,68.19415362
16,富山県,11,埼玉県,99,品目計,2690.189861,660.8095685,565.9327691,331.1225307
16,富山県,12,千葉県,99,品目計,400.7526498,961.4095978,34.25434783,76.66229501
16,富山県,13,東京都,99,品目計,1354.290741,708.6686616,4.653846154,506.6065721
16,富山県,14,神奈川県,99,品目計,852.9520143,1558.586538,20.45614035,63.18933617
17,石川県,08,茨城県,99,品目計,464.2564994,1051.366923,30.41800214,76.10237253
17,石川県,11,埼玉県,99,品目計,233.3270923,433.3285013,120.6170193,294.9739597
17,石川県,12,千葉県,99,品目計,286.8472753,757.6514869,20.90822511,76.47705
17,石川県,13,東京都,99,品目計,235.5549148,823.4593033,13.46076923,126.6059913
17,石川県,14,神奈川県,99,品目計,49.09040679,961.1052624,3.513513514,45.00120822
18,福井県,08,茨城県,99,品目計,2308.131975,956.0857429,175.0733726,97.56533407
18,福井県,11,埼玉県,99,品目計,500.310798,516.5862576,192.104074,239.6148439
18,福井県,12,千葉県,99,品目計,183.5960323,441.9320075,13.84166667,48.47492878
18,福井県,13,東京都,99,品目計,157.0397845,164.6856091,27.95797101,90.69528766
18,福井県,14,神奈川県,99,品目計,46.39218079,296.1792209,12.19354839,25.47487763
19,山梨県,08,茨城県,99,品目計,661.2309491,2008.320019,76.28090348,188.7415324
19,山梨県,11,埼玉県,99,品目計,894.1209557,2591.815339,273.0377834,839.8146473
19,山梨県,12,千葉県,99,品目計,556.5544803,1869.18653,60.16351452,267.3353966
19,山梨県,13,東京都,99,品目計,1325.80749,2331.657704,69.88932734,265.1493854
19,山梨県,14,神奈川県,99,品目計,4738.397097,3927.825238,167.7682242,308.0753538
20,長野県,08,茨城県,99,品目計,1093.619236,2818.479807,213.6628662,323.2095064
20,長野県,11,埼玉県,99,品目計,1569.191775,3832.927282,560.9866825,1785.512419
20,長野県,12,千葉県,99,品目計,1086.964984,2788.348349,94.81003484,137.919762
20,長野県,13,東京都,99,品目計,1076.087417,3009.995748,80.42405169,440.6837767
20,長野県,14,神奈川県,99,品目計,1263.099512,3936.060199,58.4965812,222.5293067
21,岐阜県,08,茨城県,99,品目計,898.3353348,2144.069183,75.45975249,88.09724728
21,岐阜県,11,埼玉県,99,品目計,1772.368296,1371.05837,419.2447234,652.3240785
21,岐阜県,12,千葉県,99,品目計,321.8692717,1893.402091,36.4407571,190.8589025
21,岐阜県,13,東京都,99,品目計,5682.621446,573.1795714,19.13896104,229.889305
21,岐阜県,14,神奈川県,99,品目計,892.8789439,475.1744462,27.40458847,43.36778251
22,静岡県,08,茨城県,99,品目計,2873.025392,7530.180115,239.8957752,528.7487636
22,静岡県,11,埼玉県,99,品目計,29089.80913,6832.418107,1294.250005,2352.356245
22,静岡県,12,千葉県,99,品目計,2564.516359,13004.8604,457.6913896,627.1658409
22,静岡県,13,東京都,99,品目計,2738.070789,4391.522683,96.70205018,940.3777486
22,静岡県,14,神奈川県,99,品目計,6930.552495,14650.92164,362.854083,1102.484002
23,愛知県,08,茨城県,99,品目計,3574.424446,12456.37371,425.265295,655.7779044
23,愛知県,11,埼玉県,99,品目計,5746.067289,6054.968168,1343.604547,2442.33992
23,愛知県,12,千葉県,99,品目計,2872.380186,25044.97852,132.7110863,1019.431194
23,愛知県,13,東京都,99,品目計,5161.55437,4648.767517,324.0658874,1177.540676
23,愛知県,14,神奈川県,99,品目計,8203.409735,9158.283527,210.4478189,485.7030707
24,三重県,08,茨城県,99,品目計,628.1004813,5282.962824,81.35549851,118.8979367
24,三重県,11,埼玉県,99,品目計,2823.222295,2391.989301,613.6056622,666.3571006
24,三重県,12,千葉県,99,品目計,3740.102511,16757.02347,48.1434623,107.073935
24,三重県,13,東京都,99,品目計,1258.903316,607.2643813,41.89339019,179.9722412
24,三重県,14,神奈川県,99,品目計,1780.773082,1214.033471,58.00579325,56.65769488
25,滋賀県,08,茨城県,99,品目計,316.9897024,2742.833326,52.46313104,56.1959207
25,滋賀県,11,埼玉県,99,品目計,2890.057756,893.7244046,646.9295518,469.3862283
25,滋賀県,12,千葉県,99,品目計,576.8208141,2814.968908,73.05963397,101.9780317
25,滋賀県,13,東京都,99,品目計,374.9915976,398.9038124,30.22719298,111.8643946
25,滋賀県,14,神奈川県,99,品目計,1479.59731,1432.170655,55.79654581,117.4771338
26,京都府,08,茨城県,99,品目計,103.3532959,678.4598319,44.73161332,96.93234939
26,京都府,11,埼玉県,99,品目計,817.4640325,943.2557181,425.4677624,608.5786227
26,京都府,12,千葉県,99,品目計,721.8331943,883.1284208,37.45053676,109.6817268
26,京都府,13,東京都,99,品目計,453.3882966,912.6456918,86.17193861,334.5932868
26,京都府,14,神奈川県,99,品目計,341.8664314,657.4493997,33.5096232,70.94110143
27,大阪府,08,茨城県,99,品目計,3328.740721,9080.737448,421.4166228,729.810772
27,大阪府,11,埼玉県,99,品目計,3977.513207,5924.842662,1701.339659,2815.080387
27,大阪府,12,千葉県,99,品目計,3762.190098,12650.96067,168.3734552,565.1943122
27,大阪府,13,東京都,99,品目計,6376.492276,5643.152764,127.7003322,905.0632812
27,大阪府,14,神奈川県,99,品目計,2104.359575,6451.813943,102.2400543,281.503279
28,兵庫県,08,茨城県,99,品目計,1374.925237,4345.880886,180.4795583,230.1864698
28,兵庫県,11,埼玉県,99,品目計,3873.378159,3343.096115,810.7039419,1314.601358
28,兵庫県,12,千葉県,99,品目計,2617.93942,4451.587099,91.38917202,224.3640695
28,兵庫県,13,東京都,99,品目計,2393.073924,3935.602933,59.0961209,446.426721
28,兵庫県,14,神奈川県,99,品目計,1683.489335,9490.878112,42.14630527,98.26341595
29,奈良県,08,茨城県,99,品目計,40.25737796,437.8455876,50.31120502,40.07727161
29,奈良県,11,埼玉県,99,品目計,364.9238423,213.1406525,186.8424373,176.3582111
29,奈良県,12,千葉県,99,品目計,214.9873574,621.0542344,1.8,55.87175926
29,奈良県,13,東京都,99,品目計,602.524644,182.6869636,12.4,133.0227106
29,奈良県,14,神奈川県,99,品目計,344.0591306,155.8625003,12.90604027,7.442084942
30,和歌山県,08,茨城県,99,品目計,1650.060371,2510.478875,36.43839756,8.646846847
30,和歌山県,11,埼玉県,99,品目計,342.3624628,293.3358789,121.7674428,130.4325139
30,和歌山県,12,千葉県,99,品目計,376.6535318,280.9816853,5.313559322,20.92467043
30,和歌山県,13,東京都,99,品目計,1597.586811,107.6742035,6.426356589,101.2710452
30,和歌山県,14,神奈川県,99,品目計,146.289108,288.8369372,0,17.04645002
31,鳥取県,08,茨城県,99,品目計,10.28935865,59.65461026,13.76819923,9.04109589
31,鳥取県,11,埼玉県,99,品目計,248.3277126,10.08871839,38.9526296,105.9046186
31,鳥取県,12,千葉県,99,品目計,51.64386598,55.4622153,0,22.14814815
31,鳥取県,13,東京都,99,品目計,581.6011098,34.29910423,4.686567164,164.461685
31,鳥取県,14,神奈川県,99,品目計,11.48837941,62.23258034,0,7.86645469
32,島根県,08,茨城県,99,品目計,0.646555556,98.92978226,2.555555556,17.73265701
32,島根県,11,埼玉県,99,品目計,80.25377483,109.396173,26.61490066,68.83201754
32,島根県,12,千葉県,99,品目計,114.0999235,30.8253175,3.5,33.18518519
32,島根県,13,東京都,99,品目計,12.13605749,32.06133243,0,44.60437857
32,島根県,14,神奈川県,99,品目計,10.83190146,162.447849,7,3.513513514
33,岡山県,08,茨城県,99,品目計,1977.91738,2981.828686,31.83249463,106.5698654
33,岡山県,11,埼玉県,99,品目計,810.8638839,606.6210988,290.4931192,388.5712408
33,岡山県,12,千葉県,99,品目計,3668.806241,1582.053805,40.2619296,99.36878849
33,岡山県,13,東京都,99,品目計,2352.658405,392.9861966,18.88635659,211.2980763
33,岡山県,14,神奈川県,99,品目計,2750.105628,10166.62214,29.26998252,28.82317857
34,広島県,08,茨城県,99,品目計,322.6517218,677.3806477,37.8919193,123.0766441
34,広島県,11,埼玉県,99,品目計,880.0799055,1003.464654,308.5019456,633.5725425
34,広島県,12,千葉県,99,品目計,2110.902758,820.6697538,27.24251152,94.33369712
34,広島県,13,東京都,99,品目計,2586.40556,396.5857417,22.02303483,294.4023929
34,広島県,14,神奈川県,99,品目計,440.9814685,892.758525,5.827586207,21.06653539
35,山口県,08,茨城県,99,品目計,186.8124267,5517.393911,34.83203774,58.74425533
35,山口県,11,埼玉県,99,品目計,1625.233188,179.1647861,152.8210497,253.9731196
35,山口県,12,千葉県,99,品目計,3500.287721,320.8627848,10.73655914,47.30972222
35,山口県,13,東京都,99,品目計,11022.2194,162.6868388,23.43283582,156.8267866
35,山口県,14,神奈川県,99,品目計,1560.685963,509.5933148,0,20.08914075
36,徳島県,08,茨城県,99,品目計,101.316664,209.6550436,21.86487055,25.7385739
36,徳島県,11,埼玉県,99,品目計,8357.42115,69.28170933,75.28661698,97.06632796
36,徳島県,12,千葉県,99,品目計,120.7524461,137.6762218,9.5625,30.74767025
36,徳島県,13,東京都,99,品目計,2775.219533,1340.402982,186.2307692,130.2177119
36,徳島県,14,神奈川県,99,品目計,95.01514971,481.1093464,0,6.124624625
37,香川県,08,茨城県,99,品目計,451.1512105,1066.687658,41.41048133,24.23105364
37,香川県,11,埼玉県,99,品目計,98.8167487,271.9642971,57.91503585,227.7796016
37,香川県,12,千葉県,99,品目計,119.9974021,602.0651335,10.92405914,20.86111111
37,香川県,13,東京都,99,品目計,221.0072629,143.0500042,11.05142857,75.25138351
37,香川県,14,神奈川県,99,品目計,113.5269045,99.96286604,0,6.124624625
38,愛媛県,08,茨城県,99,品目計,1947.401994,751.5136566,22.89151404,36.57011334
38,愛媛県,11,埼玉県,99,品目計,657.8821949,644.6325936,106.6184769,286.5252384
38,愛媛県,12,千葉県,99,品目計,1567.324062,1671.81656,7.476190476,43.65731722
38,愛媛県,13,東京都,99,品目計,834.284686,194.7422038,6.426356589,150.6166783
38,愛媛県,14,神奈川県,99,品目計,269.0079751,260.2433138,3.210526316,11.55971234
39,高知県,08,茨城県,99,品目計,11.522946,75.40739032,12.68508142,16.23964338
39,高知県,11,埼玉県,99,品目計,30.01035862,45.42826386,56.64965325,88.24171727
39,高知県,12,千葉県,99,品目計,8876.759089,44.32210986,0,32.30826211
39,高知県,13,東京都,99,品目計,2427.550241,58.63502006,0,131.4769231
39,高知県,14,神奈川県,99,品目計,7002.615849,35.22155728,6.452830189,7.656370656
40,福岡県,08,茨城県,99,品目計,1929.220436,2157.881843,37.97446738,210.5785726
40,福岡県,11,埼玉県,99,品目計,611.9019932,1684.303109,233.0610531,989.3497938
40,福岡県,12,千葉県,99,品目計,1116.228179,2548.045929,28.38621795,196.0727576
40,福岡県,13,東京都,99,品目計,6110.328275,5734.524408,218.4633418,678.8459078
40,福岡県,14,神奈川県,99,品目計,8134.408797,7485.509157,306.8370659,347.864312
41,佐賀県,08,茨城県,99,品目計,130.2543985,349.2585258,6.135555556,19.23488506
41,佐賀県,11,埼玉県,99,品目計,803.450173,652.7837703,61.55088594,179.6962883
41,佐賀県,12,千葉県,99,品目計,5971.092053,546.2026051,33.06666667,77.26014393
41,佐賀県,13,東京都,99,品目計,540.153446,218.244787,33.02194444,131.1754958
41,佐賀県,14,神奈川県,99,品目計,272.530771,73.51617382,0,17.40345295
42,長崎県,08,茨城県,99,品目計,28.81171462,1594.385651,8.637747336,30.1871897
42,長崎県,11,埼玉県,99,品目計,139.8627875,131.120585,23.91150865,109.7514809
42,長崎県,12,千葉県,99,品目計,31.1696804,187.669155,4.380952381,44.2962963
42,長崎県,13,東京都,99,品目計,121.4073082,167.3925411,1.733333333,131.0935982
42,長崎県,14,神奈川県,99,品目計,25.32335654,84.13701668,0,6.124624625
43,熊本県,08,茨城県,99,品目計,111.0701784,171.2639271,26.39572304,63.22956209
43,熊本県,11,埼玉県,99,品目計,240.7671889,253.7895244,76.34268229,229.7949203
43,熊本県,12,千葉県,99,品目計,190.7288345,555.5734529,20.66666667,55.3915678
43,熊本県,13,東京都,99,品目計,410.1563083,351.0775642,18.87788331,86.08896051
43,熊本県,14,神奈川県,99,品目計,102.4110989,249.9535307,2.827586207,15.58999962
44,大分県,08,茨城県,99,品目計,2748.298105,2450.886976,8.47108067,47.11313314
44,大分県,11,埼玉県,99,品目計,20.48877272,237.1701302,29.79544449,145.5144211
44,大分県,12,千葉県,99,品目計,2352.544362,222.1969516,123.3625,35.81619679
44,大分県,13,東京都,99,品目計,4091.023726,207.3083258,24.64772727,127.4643773
44,大分県,14,神奈川県,99,品目計,354.3253567,196.5874629,25.57142857,9.027027027
45,宮崎県,08,茨城県,99,品目計,30.36518222,87.50323288,2.555555556,57.96851016
45,宮崎県,11,埼玉県,99,品目計,391.2894514,146.986595,70.11073243,98.70193915
45,宮崎県,12,千葉県,99,品目計,279.4126729,149.6770455,0,55.03473444
45,宮崎県,13,東京都,99,品目計,606.7662952,144.0764846,49.46202171,96.07312857
45,宮崎県,14,神奈川県,99,品目計,156.8482161,77.44326311,6.938697318,6.124624625
46,鹿児島県,08,茨城県,99,品目計,1592.980204,1779.067508,11.20393162,35.87902962
46,鹿児島県,11,埼玉県,99,品目計,376.4535904,551.1550338,54.15218151,213.9240362
46,鹿児島県,12,千葉県,99,品目計,1943.14097,400.2063716,4.4,59.65270655
46,鹿児島県,13,東京都,99,品目計,594.3568596,228.9919261,29.46,96.46919733
46,鹿児島県,14,神奈川県,99,品目計,229.4765296,113.8513896,2.827586207,14.76082534
47,沖縄県,08,茨城県,99,品目計,5.589786887,662.4296918,11.3392094,32.64
47,沖縄県,11,埼玉県,99,品目計,16.6089434,133.8971859,3.8,132.5300752
47,沖縄県,12,千葉県,99,品目計,54.57127778,222.0687753,3,29.53703704
47,沖縄県,13,東京都,99,品目計,61.28668227,405.7505049,13.08714286,129.4812821
47,沖縄県,14,神奈川県,99,品目計,0.026647059,146.3145129,0,4.513513514
90,全国,08,茨城県,99,品目計,3773.899023,3291.74961,204.3923465,147.7579232
90,全国,11,埼玉県,99,品目計,2384.85077,1402.765326,471.4195973,537.9872618
90,全国,12,千葉県,99,品目計,3052.10988,9603.500701,841.3360717,561.13759
90,全国,13,東京都,99,品目計,9776.561332,11129.40721,777.2690083,451.8671947
90,全国,14,神奈川県,99,品目計,11226.54999,5516.270888,424.6369016,185.3942213
91,東日本,11,埼玉県,99,品目計,13.66666667,0,20.5,0
91,東日本,12,千葉県,99,品目計,0.008333333,30.83333333,0,0
91,東日本,13,東京都,99,品目計,149.220979,0.03,193.8461539,0
91,東日本,14,神奈川県,99,品目計,13.52941177,4810.218744,0,1193.176329
92,東北,08,茨城県,99,品目計,511.7268074,1505.779513,99.84868421,658.5966882
92,東北,11,埼玉県,99,品目計,1969.704711,7619.890824,903.3323206,1753.737481
92,東北,12,千葉県,99,品目計,936.4101165,1870.750365,324.7971015,477.0200585
92,東北,13,東京都,99,品目計,2276.162105,779.407525,622.4487044,1361.75762
92,東北,14,神奈川県,99,品目計,5557.784939,5342.147337,374.875,195.6191323
93,海外,08,茨城県,99,品目計,35232.80926,9703.414502,365.4182962,257.4155863
93,海外,11,埼玉県,99,品目計,9286.974198,6188.048612,1124.079613,585.8689002
93,海外,12,千葉県,99,品目計,48473.70083,40436.48166,236.3122828,148.2327464
93,海外,13,東京都,99,品目計,27940.13964,11598.75505,250.6676231,292.9266526
93,海外,14,神奈川県,99,品目計,56137.52919,21454.09465,158.65845,294.7144489
94,不特定,08,茨城県,99,品目計,18.32476589,689.6617114,43.95719298,120.7045301
94,不特定,11,埼玉県,99,品目計,2502.339315,9925.137182,2242.650947,2447.760373
94,不特定,12,千葉県,99,品目計,505.6179859,975.2921875,141.2018458,173.2162162
94,不特定,13,東京都,99,品目計,591.4990559,8773.338501,77.5,176.7234234
94,不特定,14,神奈川県,99,品目計,675.0701261,219.0508822,20.86956522,192.5776733
99,全て不明,08,茨城県,99,品目計,1007.725711,1475.893059,81.14177483,192.0043313
99,全て不明,11,埼玉県,99,品目計,3896.578968,12420.44625,2350.096704,1303.186561
99,全て不明,12,千葉県,99,品目計,3328.443516,216,169.6160962,59.33333333
99,全て不明,13,東京都,99,品目計,1484.449834,2977.558754,39.03075489,437.4596913
99,全て不明,14,神奈川県,99,品目計,931.4262434,112.2559725,56.85407322,93.16747968
