relative_path,file_type,bytes,modified_utc,sha256,inferred_use,data_layer,used_by_notebook,source,license,redistributability
.gitignore,no_extension,5475,2026-07-13T01:47:18.598817+00:00,543a00dc98f2cec7fe8a373cdb636776b93dcc2ad6fe4279923fce0efdf965a9,Repository inventory,intermediate,False,Repository/local artifact,See repository/source metadata; not inferred,UNKNOWN—verify upstream terms
.pytest_cache/.gitignore,no_extension,37,2026-07-13T03:35:31.858284+00:00,3ed731b65d06150c138e2dadb0be0697550888a6b47eb8c45ecc9adba8b8e9bd,Repository inventory,intermediate,False,Repository/local artifact,See repository/source metadata; not inferred,UNKNOWN—verify upstream terms
.pytest_cache/CACHEDIR.TAG,tag,191,2026-07-13T03:35:31.859244+00:00,37dc88ef9a0abeddbe81053a6dd8fdfb13afb613045ea1eb4a5c815a74a3bde4,Repository inventory,intermediate,False,Repository/local artifact,See repository/source metadata; not inferred,UNKNOWN—verify upstream terms
.pytest_cache/README.md,md,302,2026-07-13T03:35:31.857714+00:00,73fd6fccdd802c419a6b2d983d6c3173b7da97558ac4b589edec2dfe443db9ad,Repository inventory,intermediate,False,Repository/local artifact,See repository/source metadata; not inferred,UNKNOWN—verify upstream terms
.pytest_cache/v/cache/lastfailed,no_extension,2,2026-07-13T03:36:25.431756+00:00,44136fa355b3678a1146ad16f7e8649e94fb4fc21fe77e8310c060f61caaff8a,Repository inventory,intermediate,False,Repository/local artifact,See repository/source metadata; not inferred,UNKNOWN—verify upstream terms
.pytest_cache/v/cache/nodeids,no_extension,284,2026-07-13T03:36:25.429536+00:00,242b939e40b35cc0e003f2d9a8a949f696e6e68973b2438fab612b3e41c32654,Repository inventory,intermediate,False,Repository/local artifact,See repository/source metadata; not inferred,UNKNOWN—verify upstream terms
.pytest_cache/v/cache/stepwise,no_extension,2,2026-07-13T03:36:25.434294+00:00,4f53cda18c2baa0c0354bb5f9a3ecbe5ed12ab4d8e11ba873c2f11161202b945,Repository inventory,intermediate,False,Repository/local artifact,See repository/source metadata; not inferred,UNKNOWN—verify upstream terms
.vscode/settings.json,json,36,2026-06-22T12:34:49.888819+00:00,c9ad2639f67d15f4734645deda156f3e64093e53d886688c0bd8cb513eb0f0b9,Repository inventory,intermediate,False,Repository/local artifact,See repository/source metadata; not inferred,UNKNOWN—verify upstream terms
.vscode/tasks.json,json,1007,2026-07-01T06:55:26.164812+00:00,6b9be97ecec247c787dc7a998974081bcd546b9bc81732eb8a15f2ebdd47c06a,Repository inventory,intermediate,False,Repository/local artifact,See repository/source metadata; not inferred,UNKNOWN—verify upstream terms
001_20260712_file_inventory.csv,csv,16287344,2026-07-11T19:44:14.287953+00:00,2d11a7d039fc92a4ed5ff75da4720ac8d24aaf05860c56dfb9ac451797683e72,Repository inventory,intermediate,False,Repository/local artifact,See repository/source metadata; not inferred,UNKNOWN—verify upstream terms
001_20260712_readme.md,md,1601,2026-07-11T19:55:26.481788+00:00,986e79380b5b45e14f8f79977a3df9fa681ff50124bf9e6faf3e637af35caf6d,Repository inventory,intermediate,False,Repository/local artifact,See repository/source metadata; not inferred,UNKNOWN—verify upstream terms
002_20260712_file_inventory.md,md,551,2026-07-11T19:44:14.353875+00:00,2f957b79330ea27157eecff8bc3da18df34b67171094302b85465612e67def65,Repository inventory,intermediate,False,Repository/local artifact,See repository/source metadata; not inferred,UNKNOWN—verify upstream terms
002_20260712_research_structure.md,md,2675,2026-07-11T19:45:26.143176+00:00,ad79a0b091104cd2ef026fb277dbc44259984b0cd41a5a00aecd1504810cdf3f,Repository inventory,intermediate,False,Repository/local artifact,See repository/source metadata; not inferred,UNKNOWN—verify upstream terms
003_20260712_research_environment.md,md,1530,2026-07-11T19:56:27.074867+00:00,f6e2988593ef220643bfc429a9f792dac5892b740f7767e6ffc294919b28b622,Repository inventory,intermediate,False,Repository/local artifact,See repository/source metadata; not inferred,UNKNOWN—verify upstream terms
003_20260712_usage_map.csv,csv,1697081,2026-07-11T19:44:14.372461+00:00,de7cd54047313eeb51be16c8a92808d9090152d1b31f1e115b5222a23b16e584,Repository inventory,intermediate,False,Repository/local artifact,See repository/source metadata; not inferred,UNKNOWN—verify upstream terms
004_20260712_cleanup_plan.md,md,1436,2026-07-11T19:44:14.443997+00:00,350f02f334f3e9bff1ae839e50316d55464b7b68e7ca12b37bb66580c02eb824,Repository inventory,intermediate,False,Repository/local artifact,See repository/source metadata; not inferred,UNKNOWN—verify upstream terms
004_20260712_data_provenance.md,md,2141,2026-07-11T19:45:26.143911+00:00,300bbeefbe90161779bd3ea64b2629319a090d1cd7edadef11fa5299eaf9ea0b,Repository inventory,intermediate,False,Repository/local artifact,See repository/source metadata; not inferred,UNKNOWN—verify upstream terms
005_20260712_cleanup_report.md,md,1075,2026-07-12T15:16:26.339977+00:00,afe05d4b290956f90dc912608d9679f319634c133e7635c7acc28120f29bf6e8,Repository inventory,intermediate,False,Repository/local artifact,See repository/source metadata; not inferred,UNKNOWN—verify upstream terms
005_20260712_markdown_audit.csv,csv,54579,2026-07-11T19:46:15.309658+00:00,738268f13195f3a7146d1b88f5183f490084a2b6e5059ea76c42951bdc3b6a8a,Repository inventory,intermediate,False,Repository/local artifact,See repository/source metadata; not inferred,UNKNOWN—verify upstream terms
006_20260712_folder_structure.md,md,1616,2026-07-12T15:16:26.340929+00:00,1de3ec8b3e2ef2f05de41c48292719340c92079b5fbf7f77296fa8c1b83b37a2,Repository inventory,intermediate,False,Repository/local artifact,See repository/source metadata; not inferred,UNKNOWN—verify upstream terms
006_20260712_markdown_migration_map.md,md,486,2026-07-11T19:44:14.444242+00:00,34dd19c66a8dc25b1eebb8b0993cc6921cbffa9d6ec8e669d686d90ddff200a4,Repository inventory,intermediate,False,Repository/local artifact,See repository/source metadata; not inferred,UNKNOWN—verify upstream terms
007_20260712_deleted_markdown_log.csv,csv,57096,2026-07-11T19:46:15.305864+00:00,ad63011ff0d24df010e6d81cae45e08bc906325abae4598fd03f1644cff36f56,Repository inventory,intermediate,False,Repository/local artifact,See repository/source metadata; not inferred,UNKNOWN—verify upstream terms
008_20260712_presentation_asset_map.csv,csv,57110,2026-07-11T19:30:30.513803+00:00,c61033777dc5203c2ab4b4c18e9095d742b48bdf8ff2fd03a69e8eb9c1ad9246,Repository inventory,intermediate,False,Repository/local artifact,See repository/source metadata; not inferred,UNKNOWN—verify upstream terms
009_20260712_presentation_asset_map.md,md,3861,2026-07-11T19:30:30.514128+00:00,e4c95a292be555c8b11bd4c86b396043a3f5785798bb4aefebb72a9e4bc137fe,Repository inventory,intermediate,False,Repository/local artifact,See repository/source metadata; not inferred,UNKNOWN—verify upstream terms
00_project_management/001_20260711_requirements.txt,txt,259,2026-07-11T07:04:33.231911+00:00,3b20b8ebde016efe135ebb8bad606fa990b637f16be3303b3921b91a5a339d13,Repository inventory,intermediate,False,Repository/local artifact,See repository/source metadata; not inferred,UNKNOWN—verify upstream terms
010_20260712_code_data_dependency_map.csv,csv,333087,2026-07-11T19:44:14.438343+00:00,06ac980da42b8ee2eec363d9e830dae738e6b60a1b806a1a4f202a4006571de7,Repository inventory,intermediate,False,Repository/local artifact,See repository/source metadata; not inferred,UNKNOWN—verify upstream terms
011_20260712_code_data_dependency_map.md,md,275,2026-07-11T19:44:14.438610+00:00,1db1f93b0c4c57ccc49fc001c2d5af4c8e7c67d62a7ba5de8ffef09938aab201,Repository inventory,intermediate,False,Repository/local artifact,See repository/source metadata; not inferred,UNKNOWN—verify upstream terms
012_20260712_file_renaming_map.csv,csv,780538,2026-07-11T19:56:26.423731+00:00,cbef4b99b2cd911ac6f9db132412b8a33ce15d94a728331bc30f752d5a167841,Repository inventory,intermediate,False,Repository/local artifact,See repository/source metadata; not inferred,UNKNOWN—verify upstream terms
013_20260712_file_renaming_map.md,md,313,2026-07-11T19:51:13.670662+00:00,25d920a8a97bbf93f3c87e44102f5759693f07dc37b435e50219556c74cf2d20,Repository inventory,intermediate,False,Repository/local artifact,See repository/source metadata; not inferred,UNKNOWN—verify upstream terms
01_research_design/future_design_analysis_methods/.gitignore,no_extension,4628,2026-07-05T04:17:24.376492+00:00,fe07aeae2cfd1ff2ce4c0c5911dfbb550a3f1065e213175039abadfc3a5a15bb,Repository inventory,intermediate,False,Repository/local artifact,See repository/source metadata; not inferred,UNKNOWN—verify upstream terms
01_research_design/future_design_analysis_methods/assets/fonts/DroidSansFallbackFull.ttf,ttf,4033420,2026-07-05T04:17:24.392314+00:00,acb6440a713d880a13a21b468ba7cd43f5a2b2934972e51be791c880730777b8,Repository inventory,intermediate,False,Repository/local artifact,See repository/source metadata; not inferred,UNKNOWN—verify upstream terms
01_research_design/future_design_analysis_methods/exercises/ai/01_systems_thinking.ipynb,ipynb,33178,2026-07-05T04:17:24.398011+00:00,3512c0d038cb41aba3c6a88bcdec4fd9d7bf0d964808456578e81f0b7a945486,Repository inventory,intermediate,False,Repository/local artifact,See repository/source metadata; not inferred,UNKNOWN—verify upstream terms
01_research_design/future_design_analysis_methods/exercises/ai/02_morphological_analysis.ipynb,ipynb,23091,2026-07-05T04:17:24.398269+00:00,2a3d10c9b8bebedcb9624a8999186e99512f1ca327c23531a34954c6bbd010f1,Repository inventory,intermediate,False,Repository/local artifact,See repository/source metadata; not inferred,UNKNOWN—verify upstream terms
01_research_design/future_design_analysis_methods/exercises/ai/03_delphi_method.ipynb,ipynb,11971,2026-07-05T04:17:24.399266+00:00,35dcade52ace9467f71cc38ab25da2bee8803e61186ff17e51bad4657d5d5b61,Repository inventory,intermediate,False,Repository/local artifact,See repository/source metadata; not inferred,UNKNOWN—verify upstream terms
01_research_design/future_design_analysis_methods/exercises/ai/04_backcasting.ipynb,ipynb,13060,2026-07-05T04:17:24.399632+00:00,fe28da608daef489a481ebf0a67cf9f73b8a7847aff86d2368df8b7af36a7d62,Repository inventory,intermediate,False,Repository/local artifact,See repository/source metadata; not inferred,UNKNOWN—verify upstream terms
01_research_design/future_design_analysis_methods/exercises/ai/05_fmea.ipynb,ipynb,12023,2026-07-05T04:17:24.402834+00:00,889266ce40b02eb8bb2ee91ba1b12e11a90456cc1a13f807df0650261480da2a,Repository inventory,intermediate,False,Repository/local artifact,See repository/source metadata; not inferred,UNKNOWN—verify upstream terms
01_research_design/future_design_analysis_methods/exercises/ai/06_futures_wheel.ipynb,ipynb,15111,2026-07-05T04:17:24.403180+00:00,c677cb72b8dc88ea114e417d505129782924808b12f2fc8b64598157d32b3e6f,Repository inventory,intermediate,False,Repository/local artifact,See repository/source metadata; not inferred,UNKNOWN—verify upstream terms
01_research_design/future_design_analysis_methods/exercises/ai/07_simulation_modeling.ipynb,ipynb,17340,2026-07-05T04:17:24.403356+00:00,9ad1cfb0461ed089bdf65d05dc65959dd38edbcfb4d2c8a4a7a1f5a1982aad0d,Repository inventory,intermediate,False,Repository/local artifact,See repository/source metadata; not inferred,UNKNOWN—verify upstream terms
01_research_design/future_design_analysis_methods/exercises/ai/08_social_network_analysis.ipynb,ipynb,14366,2026-07-05T04:17:24.403726+00:00,74d11edff83fd8bd08e5af4a2c3b91415a152cb61bae55de9ca88067270a386c,Repository inventory,intermediate,False,Repository/local artifact,See repository/source metadata; not inferred,UNKNOWN—verify upstream terms
01_research_design/future_design_analysis_methods/exercises/ai/09_systems_engineering.ipynb,ipynb,12737,2026-07-05T04:17:24.404137+00:00,2032452d5697dcb046c21f33c71b4d14313b52563813ade5ec157c824056be01,Repository inventory,intermediate,False,Repository/local artifact,See repository/source metadata; not inferred,UNKNOWN—verify upstream terms
01_research_design/future_design_analysis_methods/exercises/ai/10_trend_analysis.ipynb,ipynb,15582,2026-07-05T04:17:24.404528+00:00,5346906d9c57f11101a274bfc0b249d507b24b53cdd7f4948b983e28fda2364c,Repository inventory,intermediate,False,Repository/local artifact,See repository/source metadata; not inferred,UNKNOWN—verify upstream terms
01_research_design/future_design_analysis_methods/exercises/ai/11_scenario_planning.ipynb,ipynb,15074,2026-07-05T04:17:24.405025+00:00,d72d3182353afe5f7499494f91f839ab7a135c22f98635858babfd9294a0ffe2,Repository inventory,intermediate,False,Repository/local artifact,See repository/source metadata; not inferred,UNKNOWN—verify upstream terms
01_research_design/future_design_analysis_methods/exercises/ai/12_cross_impact_analysis.ipynb,ipynb,14071,2026-07-05T04:17:24.405383+00:00,c086939cbfad7714bfa7585ea49a459544eac6447d434b725ddea5a570d6d736,Repository inventory,intermediate,False,Repository/local artifact,See repository/source metadata; not inferred,UNKNOWN—verify upstream terms
01_research_design/future_design_analysis_methods/exercises/ai/13_technology_assessment.ipynb,ipynb,14405,2026-07-05T04:17:24.405773+00:00,83a90ffd90336534eb3706a9bb69a6f1672d883a9d47690a0fc57e1393409966,Repository inventory,intermediate,False,Repository/local artifact,See repository/source metadata; not inferred,UNKNOWN—verify upstream terms
01_research_design/future_design_analysis_methods/exercises/ai/14_causal_layered_analysis.ipynb,ipynb,31859,2026-07-05T04:17:24.406034+00:00,caab701b95807cc96db01fd490ebb0e37e630f248c51f14b20b37a55666c64a2,Repository inventory,intermediate,False,Repository/local artifact,See repository/source metadata; not inferred,UNKNOWN—verify upstream terms
01_research_design/future_design_analysis_methods/exercises/ai/15_life_cycle_assessment.ipynb,ipynb,14899,2026-07-05T04:17:24.406507+00:00,8fb47697307c52bd6537f0dfd000686ffe553c86193b7469c732bbf207b40ae3,Repository inventory,intermediate,False,Repository/local artifact,See repository/source metadata; not inferred,UNKNOWN—verify upstream terms
01_research_design/future_design_analysis_methods/exercises/quantum_computing/01_systems_thinking.ipynb,ipynb,43828,2026-07-05T04:17:24.406771+00:00,54814e9a3b8202e475faec9c354e0398892931cb7dc5eb153e18ea31249c2683,Repository inventory,intermediate,False,Repository/local artifact,See repository/source metadata; not inferred,UNKNOWN—verify upstream terms
01_research_design/future_design_analysis_methods/exercises/quantum_computing/02_morphological_analysis.ipynb,ipynb,22661,2026-07-05T04:17:24.406981+00:00,0adcfbf95092ef94e2ee0f17872c8151f2a879806d71a38d0edb856761d198a1,Repository inventory,intermediate,False,Repository/local artifact,See repository/source metadata; not inferred,UNKNOWN—verify upstream terms
01_research_design/future_design_analysis_methods/exercises/quantum_computing/03_delphi_method.ipynb,ipynb,134690,2026-07-05T04:17:24.407220+00:00,a1221b55c0acd5059e4349942d11dbe48d19d6581b101dad6179577ddfe906e4,Repository inventory,intermediate,False,Repository/local artifact,See repository/source metadata; not inferred,UNKNOWN—verify upstream terms
01_research_design/future_design_analysis_methods/exercises/quantum_computing/04_backcasting.ipynb,ipynb,12922,2026-07-05T04:17:24.407580+00:00,617e79d9c630734a3f15b0550ea8703da37d8f65a48ff2515feb3b9c986fa13e,Repository inventory,intermediate,False,Repository/local artifact,See repository/source metadata; not inferred,UNKNOWN—verify upstream terms
01_research_design/future_design_analysis_methods/exercises/quantum_computing/05_fmea.ipynb,ipynb,11837,2026-07-05T04:17:24.407803+00:00,27c2bb44bcb3226b5c79379e775bfe5a7a89788be9342027dd832d08b250b3cf,Repository inventory,intermediate,False,Repository/local artifact,See repository/source metadata; not inferred,UNKNOWN—verify upstream terms
01_research_design/future_design_analysis_methods/exercises/quantum_computing/06_futures_wheel.ipynb,ipynb,14958,2026-07-05T04:17:24.408124+00:00,9f150514f7b578c246db0586a6f1264db4b2898ba046fa561176853d97896865,Repository inventory,intermediate,False,Repository/local artifact,See repository/source metadata; not inferred,UNKNOWN—verify upstream terms
01_research_design/future_design_analysis_methods/exercises/quantum_computing/07_simulation_modeling.ipynb,ipynb,17207,2026-07-05T04:17:24.408269+00:00,2b1a5da3f1f142b2810107041c236dcad818cbe24581ca16ccdf791f9b8c2730,Repository inventory,intermediate,False,Repository/local artifact,See repository/source metadata; not inferred,UNKNOWN—verify upstream terms
01_research_design/future_design_analysis_methods/exercises/quantum_computing/08_social_network_analysis.ipynb,ipynb,14068,2026-07-05T04:17:24.408641+00:00,5b0e84f075e827792b084ea54fb8295d40093c67a197277d152feea12c71e9bb,Repository inventory,intermediate,False,Repository/local artifact,See repository/source metadata; not inferred,UNKNOWN—verify upstream terms
01_research_design/future_design_analysis_methods/exercises/quantum_computing/09_systems_engineering.ipynb,ipynb,12405,2026-07-05T04:17:24.409086+00:00,0d532caf50a08ebf334649c96fd99aa9c62336cf06b59e605ca0900f8d65f555,Repository inventory,intermediate,False,Repository/local artifact,See repository/source metadata; not inferred,UNKNOWN—verify upstream terms
01_research_design/future_design_analysis_methods/exercises/quantum_computing/10_trend_analysis.ipynb,ipynb,14723,2026-07-05T04:17:24.409559+00:00,9c448ac8cb0243e4e100811798f734302a4d4d11840d8a3ff3489d8982f2bd32,Repository inventory,intermediate,False,Repository/local artifact,See repository/source metadata; not inferred,UNKNOWN—verify upstream terms
01_research_design/future_design_analysis_methods/exercises/quantum_computing/11_scenario_planning.ipynb,ipynb,15062,2026-07-05T04:17:24.409991+00:00,4fb2bd7a01f39907f7f88aa61309647b22488f985868efc953d1063e9279defe,Repository inventory,intermediate,False,Repository/local artifact,See repository/source metadata; not inferred,UNKNOWN—verify upstream terms
01_research_design/future_design_analysis_methods/exercises/quantum_computing/12_cross_impact_analysis.ipynb,ipynb,13945,2026-07-05T04:17:24.410709+00:00,6dd1d4b1b3e4d4716a7f7a8917f6351ea16fc3079d7e97dde193d274804be499,Repository inventory,intermediate,False,Repository/local artifact,See repository/source metadata; not inferred,UNKNOWN—verify upstream terms
01_research_design/future_design_analysis_methods/exercises/quantum_computing/13_technology_assessment.ipynb,ipynb,13674,2026-07-05T04:17:24.411120+00:00,46d10c2cad747a523c398915d88d7fc869ad5e9122c833d7a3078ba806f6517c,Repository inventory,intermediate,False,Repository/local artifact,See repository/source metadata; not inferred,UNKNOWN—verify upstream terms
01_research_design/future_design_analysis_methods/exercises/quantum_computing/14_causal_layered_analysis.ipynb,ipynb,32032,2026-07-05T04:17:24.411297+00:00,1367ec2416f7a63632daf9d378ddfcc1528a14a412a73343b13fe70a79a57b98,Repository inventory,intermediate,False,Repository/local artifact,See repository/source metadata; not inferred,UNKNOWN—verify upstream terms
01_research_design/future_design_analysis_methods/exercises/quantum_computing/15_life_cycle_assessment.ipynb,ipynb,13329,2026-07-05T04:17:24.411783+00:00,3c57822558b5aefaa4d0784709deaba0cd3b8ffd52fe6b61b7e1e61ec683a2a2,Repository inventory,intermediate,False,Repository/local artifact,See repository/source metadata; not inferred,UNKNOWN—verify upstream terms
01_research_design/future_design_analysis_methods/jp_font.py,py,3984,2026-07-11T19:53:46.163267+00:00,a3b619339817440a77950c0e803229d1ff7e34a853693a6560a9478cc2e9da83,Repository inventory,intermediate,False,Repository/local artifact,See repository/source metadata; not inferred,UNKNOWN—verify upstream terms
01_research_design/future_design_analysis_methods/requirements.txt,txt,280,2026-07-05T04:17:24.420538+00:00,639eb3dcc5cb7e3b67e827d495c2a451081c94742521744f35176e2e774c9079,Repository inventory,intermediate,False,Repository/local artifact,See repository/source metadata; not inferred,UNKNOWN—verify upstream terms
02_literature/extraction_tables/circuit_resources.csv,csv,14178,2026-06-25T00:31:33.264180+00:00,fcbd66c8025a26ec05f12f812f13ddb4c0ffd4619d67410fb79a60d230538829,Repository inventory,intermediate,False,Repository/local artifact,See repository/source metadata; not inferred,UNKNOWN—verify upstream terms
02_literature/extraction_tables/logistics_ev_scenarios.csv,csv,1716,2026-06-25T00:31:33.249256+00:00,1d6b4df5cf83ee750ca70b8f64441a22d4c757afb74236dcd98ffef68b6b73ac,Repository inventory,intermediate,False,Repository/local artifact,See repository/source metadata; not inferred,UNKNOWN—verify upstream terms
02_literature/extraction_tables/quantum_readiness_evidence.csv,csv,3062,2026-06-25T02:39:57.654777+00:00,2052e1d7cf2455799d355c88107e1f4d7186831ad848844951960a53951a8152,Repository inventory,intermediate,False,Repository/local artifact,See repository/source metadata; not inferred,UNKNOWN—verify upstream terms
02_literature/extraction_tables/quantum_roadmap_scenarios.csv,csv,2075,2026-07-02T13:24:17.273485+00:00,8912e0671a35a8231e2d285c0f771361a6c9ab02ea9cb018831e9a6d657b708d,Repository inventory,intermediate,False,Repository/local artifact,See repository/source metadata; not inferred,UNKNOWN—verify upstream terms
02_literature/extraction_tables/resource_table_summary.csv,csv,4288,2026-06-25T00:31:33.239048+00:00,c02eb8a1a89aaa6182b891a50fb870e0f7ec0fd14b8d94349ada6783c6651159,Repository inventory,intermediate,False,Repository/local artifact,See repository/source metadata; not inferred,UNKNOWN—verify upstream terms
02_literature/extraction_tables/roadmap_gap_matrix.csv,csv,9071,2026-07-11T19:53:48.468828+00:00,390b2a1b6da35368c60c8cb2d4a667dfe4d4e0036428d5f159b6f61f6cc53fe2,Repository inventory,intermediate,False,Repository/local artifact,See repository/source metadata; not inferred,UNKNOWN—verify upstream terms
02_literature/extraction_tables/social_quantum_readiness_alignment.csv,csv,4823,2026-06-26T11:13:11.234885+00:00,076141b937ed451e0a134bfeb4887dd13342ef4e57782eba0e3cacccfff01f43,Repository inventory,intermediate,False,Repository/local artifact,See repository/source metadata; not inferred,UNKNOWN—verify upstream terms
02_literature/extraction_tables/social_stage_sources.csv,csv,9928,2026-07-04T15:30:18.186945+00:00,e0d10a647b6e18ef925a0a8dcc8b370053adcfa034e0228e659d2036e8d7604a,Repository inventory,intermediate,False,Repository/local artifact,See repository/source metadata; not inferred,UNKNOWN—verify upstream terms
02_literature/extraction_tables/social_stage_variable_extraction.csv,csv,9180,2026-06-25T02:39:57.654112+00:00,baa7bee30f26bc44cbe36aaaeef4868a040a3156b61bcc079e8b33d605dcec92,Repository inventory,intermediate,False,Repository/local artifact,See repository/source metadata; not inferred,UNKNOWN—verify upstream terms
02_literature/extraction_tables/srl_qrl_network_edge_weights.csv,csv,16636,2026-07-11T19:53:48.492608+00:00,17f4ed05d1a54e7d985194c4687df1c6d1b37cb4d977d1dbf8ac219ccb56d1ce,Repository inventory,intermediate,False,Repository/local artifact,See repository/source metadata; not inferred,UNKNOWN—verify upstream terms
02_literature/extraction_tables/technical_stage_sources.csv,csv,4093,2026-06-25T01:11:09.204824+00:00,c8ab7b55d459d3eb9f102876506f22b99b34033a81aebb45f1dd1bf6fb5e774c,Repository inventory,intermediate,False,Repository/local artifact,See repository/source metadata; not inferred,UNKNOWN—verify upstream terms
02_literature/extraction_tables/technical_stage_variable_extraction.csv,csv,5611,2026-06-25T01:11:09.205431+00:00,8c9eec6eda76fa974b6e850a74f821a2cc200edcde514b1d32e40ea76c14e775,Repository inventory,intermediate,False,Repository/local artifact,See repository/source metadata; not inferred,UNKNOWN—verify upstream terms
02_literature/extraction_tables/use_case_scenario/morphological_analysis_axes.csv,csv,3807,2026-07-11T19:53:48.499088+00:00,cdbc274a36eb8712788c8e7539ac5c0dab168197cb6664445c46202d8aa7070c,Repository inventory,intermediate,False,Repository/local artifact,See repository/source metadata; not inferred,UNKNOWN—verify upstream terms
02_literature/extraction_tables/use_case_scenario/open_data_source_inventory.csv,csv,9130,2026-07-11T19:53:48.505797+00:00,b9bbf8e88010b25f121f1a2f962997a4523330cf513f6886622822bdffd0ac8c,Repository inventory,intermediate,False,Repository/local artifact,See repository/source metadata; not inferred,UNKNOWN—verify upstream terms
02_literature/extraction_tables/use_case_scenario/selected_use_case_scope.csv,csv,1223,2026-07-04T08:06:21.612461+00:00,bcca52c5dfdae2b43bf014f0a27450c6fcc4e1ad8e910aa8776e393d3c15f649,Repository inventory,intermediate,False,Repository/local artifact,See repository/source metadata; not inferred,UNKNOWN—verify upstream terms
02_literature/extraction_tables/use_case_scenario/socio_technical_open_data_collection_plan.csv,csv,3395,2026-07-04T07:51:03.445833+00:00,5a45b4c5a52a1f5d0ca88364b39f7ae135d89ba6a3ad2296a24164e6127612a5,Repository inventory,intermediate,False,Repository/local artifact,See repository/source metadata; not inferred,UNKNOWN—verify upstream terms
02_literature/references/papers.csv,csv,13247,2026-06-25T00:31:33.266656+00:00,32af828634f7370513d64c9bfa89be860473762078e702cf5c06c9d443d784bd,Repository inventory,intermediate,False,Repository/local artifact,See repository/source metadata; not inferred,UNKNOWN—verify upstream terms
02_literature/references/pdf_derived/extraction_report.csv,csv,3997,2026-07-11T19:53:48.510981+00:00,b7a2b81b00aa6c8d7071a26d490075a23c9385038b65c7aaf1af93b5a71c8cca,Audit input,intermediate,True,Repository/local artifact,See repository/source metadata; not inferred,UNKNOWN—verify upstream terms
02_literature/references/pdf_derived/metadata/.gitkeep,no_extension,1,2026-06-22T10:30:02.731815+00:00,01ba4719c80b6fe911b091a7c05124b64eeece964e09c058ef8f9805daca546b,Audit input,intermediate,True,Repository/local artifact,See repository/source metadata; not inferred,UNKNOWN—verify upstream terms
02_literature/references/pdf_derived/metadata/bench-2021-lubinski.json,json,618,2026-06-22T10:32:12.492371+00:00,127108105c8d8f87bd8ea612241cd0bc6d3b3d6520dfea5720c8bd29f258b610,Audit input,intermediate,True,Repository/local artifact,See repository/source metadata; not inferred,UNKNOWN—verify upstream terms
02_literature/references/pdf_derived/metadata/bench-2023-lubinski-optimization.json,json,658,2026-06-22T10:32:13.929424+00:00,ca509b7a3745cc6cf479862b07c5a463ebd79352079b43b73a021ee9533516a7,Audit input,intermediate,True,Repository/local artifact,See repository/source metadata; not inferred,UNKNOWN—verify upstream terms
02_literature/references/pdf_derived/metadata/bench-2024-lubinski.json,json,619,2026-06-22T10:32:14.975097+00:00,830dfb726148688883088c75102543169ba763a2311815e76d982c98dea35f5a,Audit input,intermediate,True,Repository/local artifact,See repository/source metadata; not inferred,UNKNOWN—verify upstream terms
02_literature/references/pdf_derived/metadata/cvrp-2023-palackal.json,json,640,2026-07-11T19:53:49.394552+00:00,812a7a9caa2d4ee3af0bd211e6134dac0a30daa59b267592d53bcc8c8830caef,Audit input,intermediate,True,Repository/local artifact,See repository/source metadata; not inferred,UNKNOWN—verify upstream terms
02_literature/references/pdf_derived/metadata/cvrp-2023-xie.json,json,626,2026-07-11T19:53:49.409266+00:00,77ded92626416f118ac06257993cb1c3591d56625585fcb690ac0f4483f339ce,Audit input,intermediate,True,Repository/local artifact,See repository/source metadata; not inferred,UNKNOWN—verify upstream terms
02_literature/references/pdf_derived/metadata/cvrp-2025-onah-utility.json,json,826,2026-06-22T10:32:16.389275+00:00,3ca52982e982aab71c69ef2a7a1ada2b3d0f09c2c3050a450112d327e7186461,Audit input,intermediate,True,Repository/local artifact,See repository/source metadata; not inferred,UNKNOWN—verify upstream terms
02_literature/references/pdf_derived/metadata/encoding-2022-glos.json,json,689,2026-07-11T19:53:49.400584+00:00,ea87fe7408cfb02e9c77855bebf29a382d2939b7fd9ffeaaf1e3d7a6b13c800d,Audit input,intermediate,True,Repository/local artifact,See repository/source metadata; not inferred,UNKNOWN—verify upstream terms
02_literature/references/pdf_derived/metadata/hvrp-2024-fitzek.json,json,782,2026-07-11T19:53:49.410480+00:00,2c3d304f2b7cacccb83b95f873a3927d992e2eb6d4d996c5954bbfb336f08b9b,Audit input,intermediate,True,Repository/local artifact,See repository/source metadata; not inferred,UNKNOWN—verify upstream terms
02_literature/references/pdf_derived/metadata/logistics-2024-phillipson.json,json,663,2026-07-11T19:53:49.402875+00:00,80d42cb9c16061c2d0503fe4302bdbe24d904c2094cfe8b6f7c9dfe8af7a7605,Audit input,intermediate,True,Repository/local artifact,See repository/source metadata; not inferred,UNKNOWN—verify upstream terms
02_literature/references/pdf_derived/metadata/nisq-2018-preskill.json,json,834,2026-07-11T19:53:49.404293+00:00,ae5b3d008c068cc0580d6fdee4acfdfc5ddefaec9dee549ad9e91cfe3d0448d1,Audit input,intermediate,True,Repository/local artifact,See repository/source metadata; not inferred,UNKNOWN—verify upstream terms
02_literature/references/pdf_derived/metadata/qaoa-2014-farhi.json,json,541,2026-07-11T19:53:49.405676+00:00,157ff4a9b0b69a230593a09d2e146feeed13bd91b2c1c0c0fcbcdeba19104223,Audit input,intermediate,True,Repository/local artifact,See repository/source metadata; not inferred,UNKNOWN—verify upstream terms
02_literature/references/pdf_derived/metadata/resource-2022-beverland-practical-advantage.json,json,716,2026-07-11T19:53:49.399186+00:00,928be155176177866a6b53354f0bddfdf8d1e7f3b44ef5cab0eecbf6dd0f6b4e,Audit input,intermediate,True,Repository/local artifact,See repository/source metadata; not inferred,UNKNOWN—verify upstream terms
02_literature/references/pdf_derived/metadata/utility-2023-herrmann.json,json,623,2026-06-24T07:45:56.235054+00:00,0732e98b29c0f0c16022126d2694c81e973d9a733edde0fcba1e6fb5765cdad0,Audit input,intermediate,True,Repository/local artifact,See repository/source metadata; not inferred,UNKNOWN—verify upstream terms
02_literature/references/pdf_derived/metadata/vqa-2021-cerezo.json,json,632,2026-07-11T19:53:49.411666+00:00,55bb03bacdeabd2612b2c123b2516fdd35d247874d407c50aedb9530c2b0247b,Audit input,intermediate,True,Repository/local artifact,See repository/source metadata; not inferred,UNKNOWN—verify upstream terms
02_literature/references/pdf_derived/metadata/vrp-2020-azad.json,json,526,2026-07-11T19:53:49.413760+00:00,643a016f0ed15bcef5b69bc787ea110299fa2ff29263021689646a58a3fd5326,Audit input,intermediate,True,Repository/local artifact,See repository/source metadata; not inferred,UNKNOWN—verify upstream terms
02_literature/references/pdf_derived/metadata/vrp-2025-azfar-arxiv.json,json,1299,2026-07-11T19:53:49.397606+00:00,9a4f2463a406ddf4ce271114244db723c4bf2a815a7b98081433eb5383f316a1,Audit input,intermediate,True,Repository/local artifact,See repository/source metadata; not inferred,UNKNOWN—verify upstream terms
02_literature/references/pdf_derived/metadata/vrptw-2023-leonidas.json,json,644,2026-07-11T19:53:49.406959+00:00,6039876263ccc157f844d157f38c8d3425a2710b6098aafcc74c0f59c276d0c9,Audit input,intermediate,True,Repository/local artifact,See repository/source metadata; not inferred,UNKNOWN—verify upstream terms
02_literature/references/pdf_derived/note_candidates/.gitkeep,no_extension,1,2026-06-22T10:30:03.039682+00:00,01ba4719c80b6fe911b091a7c05124b64eeece964e09c058ef8f9805daca546b,Audit input,intermediate,True,Repository/local artifact,See repository/source metadata; not inferred,UNKNOWN—verify upstream terms
02_literature/references/pdf_derived/pdfs/.gitkeep,no_extension,1,2026-06-22T10:30:02.127796+00:00,01ba4719c80b6fe911b091a7c05124b64eeece964e09c058ef8f9805daca546b,Audit input,intermediate,True,Repository/local artifact,See repository/source metadata; not inferred,UNKNOWN—verify upstream terms
02_literature/references/pdf_derived/pdfs/bench-2021-lubinski.pdf,pdf,2062784,2026-06-22T10:31:33.725652+00:00,b05b558d23567fc664b4c2c9a142c6a8469e37d78f6ade6b5fdc3568b58eec1e,Audit input,intermediate,True,Repository/local artifact,See repository/source metadata; not inferred,UNKNOWN—verify upstream terms
02_literature/references/pdf_derived/pdfs/bench-2023-lubinski-optimization.pdf,pdf,1338274,2026-06-22T10:31:33.991078+00:00,275806ea0824ac0fbc85ff97c41a82a0153207cea6125bf47aa0d5ceae58aaf1,Audit input,intermediate,True,Repository/local artifact,See repository/source metadata; not inferred,UNKNOWN—verify upstream terms
02_literature/references/pdf_derived/pdfs/bench-2024-lubinski.pdf,pdf,1921738,2026-06-22T10:31:33.583125+00:00,613494c4aff3077af3e4027265a109ef59b01385ce07e6d18c3cb9bc34532282,Audit input,intermediate,True,Repository/local artifact,See repository/source metadata; not inferred,UNKNOWN—verify upstream terms
02_literature/references/pdf_derived/pdfs/cvrp-2023-palackal.pdf,pdf,715189,2026-06-22T10:31:33.450822+00:00,77e4e2af19c13ac2f41870ba85d1b495038e80a673fbf19ffa1168dbb107772f,Audit input,intermediate,True,Repository/local artifact,See repository/source metadata; not inferred,UNKNOWN—verify upstream terms
02_literature/references/pdf_derived/pdfs/cvrp-2023-xie.pdf,pdf,871395,2026-06-22T10:31:33.351029+00:00,aa93d4f726ee46426081b4b93a86974a037272d0c667aa49e4c841d80956cacd,Audit input,intermediate,True,Repository/local artifact,See repository/source metadata; not inferred,UNKNOWN—verify upstream terms
02_literature/references/pdf_derived/pdfs/cvrp-2025-onah-utility.pdf,pdf,811257,2026-06-22T10:31:34.189276+00:00,10d8c4d964ec804e179a545c8b6a3c57e9a6bd9254bdb49a241668728fb80b14,Audit input,intermediate,True,Repository/local artifact,See repository/source metadata; not inferred,UNKNOWN—verify upstream terms
02_literature/references/pdf_derived/pdfs/encoding-2022-glos.pdf,pdf,664865,2026-06-22T10:31:36.198410+00:00,989bf3b1c59784845012eca785898df921dde3258fb91e5dcc38eaf7cb536523,Audit input,intermediate,True,Repository/local artifact,See repository/source metadata; not inferred,UNKNOWN—verify upstream terms
02_literature/references/pdf_derived/pdfs/geels-2002-mlp.pdf,pdf,366869,2026-06-26T07:40:56.073318+00:00,c9a2d1b86bd39c67a8486c6804b59d0517ce50bdf731f795f1890127c0cd4bb7,Audit input,intermediate,True,Repository/local artifact,See repository/source metadata; not inferred,UNKNOWN—verify upstream terms
02_literature/references/pdf_derived/pdfs/hvrp-2024-fitzek.pdf,pdf,9367747,2026-06-22T10:31:33.093503+00:00,518085b8d12b593df92cce94f9d8e3e61b252e4c64739773ace063d633f072d4,Audit input,intermediate,True,Repository/local artifact,See repository/source metadata; not inferred,UNKNOWN—verify upstream terms
02_literature/references/pdf_derived/pdfs/logistics-2024-phillipson.pdf,pdf,624719,2026-06-22T10:31:34.083829+00:00,f0e50de0b504ae0ea8afbbfafaa2082c82beffd0a4ad6cf44082532514fc1819,Audit input,intermediate,True,Repository/local artifact,See repository/source metadata; not inferred,UNKNOWN—verify upstream terms
02_literature/references/pdf_derived/pdfs/nasa-2020-tra-guide.pdf,pdf,1654227,2026-06-26T07:41:02.366501+00:00,9d7b4a57dd07a0d3ffbe4ff76a1d6cae3ed430b351ab14c1e260dd9fb2ad09fd,Audit input,intermediate,True,Repository/local artifact,See repository/source metadata; not inferred,UNKNOWN—verify upstream terms
02_literature/references/pdf_derived/pdfs/nisq-2018-preskill.pdf,pdf,474551,2026-06-22T13:09:33.547607+00:00,06fd0388985b6b9903ba585b07fb145b9ffe43a53f4e723f85e43fab93843d3b,Audit input,intermediate,True,Repository/local artifact,See repository/source metadata; not inferred,UNKNOWN—verify upstream terms
02_literature/references/pdf_derived/pdfs/papachristos-2014-why-simulate.pdf,pdf,264817,2026-06-26T07:40:59.372584+00:00,8c1ac1c7c3576d3c17c80cb48a5feb2dd6a98d52c355333ae1117dc5f2a910a7,Audit input,intermediate,True,Repository/local artifact,See repository/source metadata; not inferred,UNKNOWN—verify upstream terms
02_literature/references/pdf_derived/pdfs/previous-concept-2026-sano.pdf,pdf,860450,2026-06-25T07:18:08.084471+00:00,647e34ec60e31d6a328f57500eb0ff8b3fee3ad01078e727e9a865720ab7ad1c,Audit input,intermediate,True,Repository/local artifact,See repository/source metadata; not inferred,UNKNOWN—verify upstream terms
02_literature/references/pdf_derived/pdfs/qaoa-2014-farhi.pdf,pdf,163872,2026-06-22T10:31:30.720874+00:00,0b8f8649ffa0ae294d74a5d67a2198754283aa397771cc5b8c72161f3d1bb0a3,Audit input,intermediate,True,Repository/local artifact,See repository/source metadata; not inferred,UNKNOWN—verify upstream terms
02_literature/references/pdf_derived/pdfs/resource-2022-beverland-practical-advantage.pdf,pdf,4047190,2026-06-23T05:10:13.900232+00:00,61e443fac514aa7a1073b381e70da8795c7a3fb1a823b8f45bcd7186389ad5c8,Audit input,intermediate,True,Repository/local artifact,See repository/source metadata; not inferred,UNKNOWN—verify upstream terms
02_literature/references/pdf_derived/pdfs/utility-2023-herrmann.pdf,pdf,1070104,2026-06-24T07:44:56.496887+00:00,78841053f5a9f357df9c4a88a0ead4a9ea26e5e79cf300563e87a0e4d2f85396,Audit input,intermediate,True,Repository/local artifact,See repository/source metadata; not inferred,UNKNOWN—verify upstream terms
02_literature/references/pdf_derived/pdfs/vqa-2021-cerezo.pdf,pdf,6345153,2026-06-22T13:10:07.527619+00:00,44b1cee70529aa9a54ec3da7a9b44661ace2bcf29978aa17c4973d289c9d4b84,Audit input,intermediate,True,Repository/local artifact,See repository/source metadata; not inferred,UNKNOWN—verify upstream terms
02_literature/references/pdf_derived/pdfs/vrp-2020-azad.pdf,pdf,241007,2026-06-22T10:31:30.800443+00:00,3cda9461327c158a1872a07be88e6ab96b148fe95d58d72668cd4155ae15b36e,Audit input,intermediate,True,Repository/local artifact,See repository/source metadata; not inferred,UNKNOWN—verify upstream terms
02_literature/references/pdf_derived/pdfs/vrp-2025-azfar-arxiv.pdf,pdf,1843010,2026-06-22T10:31:30.981895+00:00,d03bf91a4d6f403ba08f4daf711eabd2ca564cb21b9350ce8965efc59f3744c9,Audit input,intermediate,True,Repository/local artifact,See repository/source metadata; not inferred,UNKNOWN—verify upstream terms
02_literature/references/pdf_derived/pdfs/vrptw-2023-leonidas.pdf,pdf,2707819,2026-06-22T10:31:33.232903+00:00,984488bcf80e671d3b61d991d7ece1681ac647d709398c9a36d8e6c0456ee25c,Audit input,intermediate,True,Repository/local artifact,See repository/source metadata; not inferred,UNKNOWN—verify upstream terms
02_literature/references/pdf_derived/text/.gitkeep,no_extension,1,2026-06-22T10:30:02.438693+00:00,01ba4719c80b6fe911b091a7c05124b64eeece964e09c058ef8f9805daca546b,Audit input,intermediate,True,Repository/local artifact,See repository/source metadata; not inferred,UNKNOWN—verify upstream terms
02_literature/references/pdf_derived/text/bench-2021-lubinski.txt,txt,179078,2026-06-22T10:32:12.491918+00:00,112157911b02803c62c849ecb5a127e3ed637b1b6633e523531df44627626e24,Audit input,intermediate,True,Repository/local artifact,See repository/source metadata; not inferred,UNKNOWN—verify upstream terms
02_literature/references/pdf_derived/text/bench-2023-lubinski-optimization.txt,txt,167542,2026-06-22T10:32:13.928524+00:00,a7beb57dde4120d80fbf7d3deae2f3bffe54bd76d922b97f6e749f08414adbeb,Audit input,intermediate,True,Repository/local artifact,See repository/source metadata; not inferred,UNKNOWN—verify upstream terms
02_literature/references/pdf_derived/text/bench-2024-lubinski.txt,txt,139130,2026-06-22T10:32:14.974633+00:00,858952602061acd0e5c5d2bcb6bb45227a6e4258876a3794b1959529c3f2e48f,Audit input,intermediate,True,Repository/local artifact,See repository/source metadata; not inferred,UNKNOWN—verify upstream terms
02_literature/references/pdf_derived/text/cvrp-2023-palackal.txt,txt,62637,2026-06-22T10:32:15.438709+00:00,d8942a8f2ad4281f44810e947f21c37d00639f1810f8e9ea99448ce3ee2beeb5,Audit input,intermediate,True,Repository/local artifact,See repository/source metadata; not inferred,UNKNOWN—verify upstream terms
02_literature/references/pdf_derived/text/cvrp-2023-xie.txt,txt,46980,2026-06-22T10:32:16.160850+00:00,59ab5a9b3e0e80dcaa6323d17e3960a9def2b251db9782580ee4f375061c9e2c,Audit input,intermediate,True,Repository/local artifact,See repository/source metadata; not inferred,UNKNOWN—verify upstream terms
02_literature/references/pdf_derived/text/cvrp-2025-onah-utility.txt,txt,31878,2026-06-22T10:32:16.388860+00:00,e4a11141b19ef519871f30e6d5d7a53ffc34f7e708c5ba95b02f3982515368ec,Audit input,intermediate,True,Repository/local artifact,See repository/source metadata; not inferred,UNKNOWN—verify upstream terms
02_literature/references/pdf_derived/text/encoding-2022-glos.txt,txt,51812,2026-06-22T10:32:16.904563+00:00,74cdfc20e6c0a13c1dd789ab3b6c6c91b535b978715b7d9a630240c1db9a092e,Audit input,intermediate,True,Repository/local artifact,See repository/source metadata; not inferred,UNKNOWN—verify upstream terms
02_literature/references/pdf_derived/text/hvrp-2024-fitzek.txt,txt,75965,2026-06-22T10:32:17.923709+00:00,6db7d3023f19865f5aba93118cf749d8f0cc05a9e0993bfe5a4fdbc376ebe740,Audit input,intermediate,True,Repository/local artifact,See repository/source metadata; not inferred,UNKNOWN—verify upstream terms
02_literature/references/pdf_derived/text/logistics-2024-phillipson.txt,txt,159312,2026-06-22T10:32:18.685960+00:00,0e46e6574793a50a54d3ffe28afcfca5f461e9e52118cf725a03b94f13c1ebc7,Audit input,intermediate,True,Repository/local artifact,See repository/source metadata; not inferred,UNKNOWN—verify upstream terms
02_literature/references/pdf_derived/text/nisq-2018-preskill.txt,txt,68791,2026-06-22T13:12:16.738768+00:00,fcebb16fb038fcd13ed74fb0fd9f1a358131048f5d1ded233688c75424ed21e6,Audit input,intermediate,True,Repository/local artifact,See repository/source metadata; not inferred,UNKNOWN—verify upstream terms
02_literature/references/pdf_derived/text/previous-concept-2026-sano.txt,txt,4057,2026-06-25T07:18:08.605182+00:00,a79c8eb6bb004d260053313d4d4707c0ba3654bab8108a177f3785b53c7b5570,Audit input,intermediate,True,Repository/local artifact,See repository/source metadata; not inferred,UNKNOWN—verify upstream terms
02_literature/references/pdf_derived/text/qaoa-2014-farhi.txt,txt,30311,2026-06-22T10:32:19.024374+00:00,b5710d0e9a9632304e2ab43db18b6124f448a8c3670aad0a4e49484b10172650,Audit input,intermediate,True,Repository/local artifact,See repository/source metadata; not inferred,UNKNOWN—verify upstream terms
02_literature/references/pdf_derived/text/resource-2022-beverland-practical-advantage.txt,txt,156441,2026-06-23T05:10:29.092754+00:00,9c3931481b949a3a2a4cef18b66da910add6f32218f79948d604d3ed521c504b,Audit input,intermediate,True,Repository/local artifact,See repository/source metadata; not inferred,UNKNOWN—verify upstream terms
02_literature/references/pdf_derived/text/utility-2023-herrmann.txt,txt,78338,2026-06-24T07:45:56.234653+00:00,0c372d78f4d383c25aaf184db74069192e2be4b45fac850c9cbd445dbca69f1b,Audit input,intermediate,True,Repository/local artifact,See repository/source metadata; not inferred,UNKNOWN—verify upstream terms
02_literature/references/pdf_derived/text/vqa-2021-cerezo.txt,txt,175355,2026-06-22T13:12:19.947331+00:00,70ea27ced6c407cb08b13e38186fc4356dddc83089adc777e7f3b9e796ae0e99,Audit input,intermediate,True,Repository/local artifact,See repository/source metadata; not inferred,UNKNOWN—verify upstream terms
02_literature/references/pdf_derived/text/vrp-2020-azad.txt,txt,24544,2026-06-22T10:32:19.507276+00:00,63a2ec48273f253d990b5f1a1fb52a167b9c266b25bfb7a3aba6ec0805660d18,Audit input,intermediate,True,Repository/local artifact,See repository/source metadata; not inferred,UNKNOWN—verify upstream terms
02_literature/references/pdf_derived/text/vrp-2025-azfar-arxiv.txt,txt,77384,2026-06-22T10:32:20.279594+00:00,d88501eefc7860b62c415136601598db1455a1cf8cc5b500037b820b14045b15,Audit input,intermediate,True,Repository/local artifact,See repository/source metadata; not inferred,UNKNOWN—verify upstream terms
02_literature/references/pdf_derived/text/vrptw-2023-leonidas.txt,txt,65271,2026-06-22T10:32:23.595726+00:00,2d27615b2723d04ef77397fed6ab8db016a956a42123db910cef149ac70a2888,Audit input,intermediate,True,Repository/local artifact,See repository/source metadata; not inferred,UNKNOWN—verify upstream terms
02_literature/references/pdf_sources.csv,csv,6407,2026-07-11T19:53:48.431592+00:00,34d2e3c6eec0442477551c484ba464b745072719711b1e9b7867e51ff96ac5f9,Repository inventory,intermediate,False,Repository/local artifact,See repository/source metadata; not inferred,UNKNOWN—verify upstream terms
02_literature/references/references.bib,bib,16259,2026-06-27T16:59:29.769237+00:00,89e582483ae6dc03b206d04b6893a19d3fc9ef05e3be612c2fa1bcda7ff11eab,Repository inventory,intermediate,False,Repository/local artifact,See repository/source metadata; not inferred,UNKNOWN—verify upstream terms
03_data/metadata/world_bank_lpi/japan_lpi_infrastructure_worldbank_api_2026-07-04.json,json,18315,2026-07-04T07:58:38.225122+00:00,4c32d970291fdafbfe097ad68c092f78c6f36427a76c6fc7af76e4897403a94f,Repository inventory,intermediate,False,Repository/local artifact,See repository/source metadata; not inferred,UNKNOWN—verify upstream terms
03_data/metadata/world_bank_lpi/japan_lpi_timeliness_worldbank_api_2026-07-04.json,json,20094,2026-07-04T07:58:37.212420+00:00,dff5a3687670ccd7c58acff29c414d84ad235559beebf5116b64435ac0efc658,Repository inventory,intermediate,False,Repository/local artifact,See repository/source metadata; not inferred,UNKNOWN—verify upstream terms
03_data/processed/charger_access/charger_condition_definitions.csv,csv,1405,2026-07-11T07:29:49.963155+00:00,5e1ba5c47a16ca9612bb310da48648abecab15d468c91590a2e05d825ce91142,Audit input,processed,True,Repository/local artifact,See repository/source metadata; not inferred,UNKNOWN—verify upstream terms
03_data/processed/charger_access/eligible_charger_candidates.csv,csv,71992,2026-07-11T07:29:49.967062+00:00,292a9dec3ec5c0bf7731d72a34c676de7ed04814545d70218cf7556d92acc6d3,Audit input,processed,True,Repository/local artifact,See repository/source metadata; not inferred,UNKNOWN—verify upstream terms
03_data/processed/charger_access/route_charger_access_results.csv,csv,1742743,2026-07-11T07:30:36.967500+00:00,4aaa4eb76228ce4ed03b4f5a963d7dbce28fb5302022c1703d3aa5d657622b3d,Audit input,processed,True,Repository/local artifact,See repository/source metadata; not inferred,UNKNOWN—verify upstream terms
03_data/processed/constraints/constraint_case_rates.csv,csv,1597129,2026-07-11T07:30:36.889927+00:00,5a97e639b91950bcd6155342a8cda8d7ef61d671c55dae4b6255d057012f0cff,Audit input,processed,True,Repository/local artifact,See repository/source metadata; not inferred,UNKNOWN—verify upstream terms
03_data/processed/constraints/constraint_evaluations_long.csv,csv,23593221,2026-07-11T07:30:36.803052+00:00,0ae0a53759d270087b46d4b6d8f183e3b28fb4b6c8defa9542a939d92ab1a736,Audit input,processed,True,Repository/local artifact,See repository/source metadata; not inferred,UNKNOWN—verify upstream terms
03_data/processed/constraints/constraint_summary.csv,csv,4809,2026-07-11T07:31:11.220546+00:00,bde2bba032dc7d7483767c41dbbdf5b2cc40725f83c139941fe5c634bcf98eaa,Audit input,processed,True,Repository/local artifact,See repository/source metadata; not inferred,UNKNOWN—verify upstream terms
03_data/processed/constraints/parameter_response_table.csv,csv,6605,2026-07-11T07:31:11.226758+00:00,3aa99e6627ef1da50491663de8b0e3697aa26a71b46a2626ee6a92e49fe80902,Audit input,processed,True,Repository/local artifact,See repository/source metadata; not inferred,UNKNOWN—verify upstream terms
03_data/processed/constraints/payload_diagnostics.csv,csv,597,2026-07-11T07:30:36.899913+00:00,2e39d6cd27074571042f3f9816d2e1c5f57edb2c9d8e583dc168169a68daeca3,Audit input,processed,True,Repository/local artifact,See repository/source metadata; not inferred,UNKNOWN—verify upstream terms
03_data/processed/constraints/scenario_constraint_summary.csv,csv,20405,2026-07-11T07:31:11.222193+00:00,78fd3c601aa7cc1915120cb24a3f7c4bbd791a2097080b758119099b351df4dd,Audit input,processed,True,Repository/local artifact,See repository/source metadata; not inferred,UNKNOWN—verify upstream terms
03_data/processed/constraints/sensitivity_summary.csv,csv,52874,2026-07-11T07:31:11.225445+00:00,607221c04d26012ec1e712be62818255771a24b582fe4d9931f7dc39bf62913c,Audit input,processed,True,Repository/local artifact,See repository/source metadata; not inferred,UNKNOWN—verify upstream terms
03_data/processed/constraints/time_constraint_diagnostics.csv,csv,1362,2026-07-11T07:31:11.234712+00:00,26e167db9b461ae60d62bd15e201675181aa38752b3ad252c8e07cfdfc7bb6b8,Audit input,processed,True,Repository/local artifact,See repository/source metadata; not inferred,UNKNOWN—verify upstream terms
03_data/processed/estat_tokyo_mesh_population_cells.csv,csv,120856,2026-07-04T15:54:10.501835+00:00,cb613e04d74f66d816c4e688f67a59e503e63214ef8410097719429d416e078f,Audit input,processed,True,Repository/local artifact,See repository/source metadata; not inferred,UNKNOWN—verify upstream terms
03_data/processed/estat_tokyo_mesh_population_summary.csv,csv,392,2026-07-11T19:53:15.030341+00:00,0b6b5e2f9daa3c071860f50a112ec2cda3572024daf5ac4bb6af8d5cf0848543,Audit input,processed,True,Repository/local artifact,See repository/source metadata; not inferred,UNKNOWN—verify upstream terms
03_data/processed/estat_tokyo_population_summary.csv,csv,987,2026-07-11T19:53:14.871631+00:00,8e61897a84654259338793c58072e162fb6a6ab2e5a89b417ea3323eff98b2fd,Audit input,processed,True,Repository/local artifact,See repository/source metadata; not inferred,UNKNOWN—verify upstream terms
03_data/processed/ev_truck_specs_scenario.csv,csv,4415,2026-07-05T05:01:46.509406+00:00,795a5d608e740021bfa3f3732fca8a837fba57298ff59817f553cb91be5a8dc0,Audit input,processed,True,Repository/local artifact,See repository/source metadata; not inferred,UNKNOWN—verify upstream terms
03_data/processed/ev_truck_specs_summary.csv,csv,252,2026-07-05T05:01:46.530579+00:00,7c9803a73675c420db70d6ce77457f2069a0b58f91a259d7ed44fe113c7a0e3e,Audit input,processed,True,Repository/local artifact,See repository/source metadata; not inferred,UNKNOWN—verify upstream terms
03_data/processed/evrp_constraint_gap_inputs/analysis_parameters.csv,csv,2348,2026-07-11T06:33:30.599381+00:00,4d50c6f994bde767611d130c05558a0e3b1cbfe18dffdb889c5720cfcb6f1750,Audit input,processed,True,Repository/local artifact,See repository/source metadata; not inferred,UNKNOWN—verify upstream terms
03_data/processed/evrp_constraint_gap_inputs/depot_candidates_public_proxy_snapshot.csv,csv,131138,2026-07-11T03:39:57.279580+00:00,839d4bac5e0acf317376e09526e76b8811a6e89c6121c90c53eb829a1601e5b6,Audit input,processed,True,Repository/local artifact,See repository/source metadata; not inferred,UNKNOWN—verify upstream terms
03_data/processed/evrp_constraint_gap_inputs/input_provenance.csv,csv,1665,2026-07-11T19:53:30.338750+00:00,72ec7c8d641bf326e7b10929792f1e03be5952173aadbe27c3a7fb3b32bc274c,Audit input,processed,True,Repository/local artifact,See repository/source metadata; not inferred,UNKNOWN—verify upstream terms
03_data/processed/evrp_constraint_gap_inputs/quantum_vrp_evidence_registry.csv,csv,8429,2026-07-11T07:29:28.008900+00:00,1d3bc669a3803beb994b25cd57556bbb0c38588de7fabd2712476e3037f89acb,Audit input,processed,True,Repository/local artifact,See repository/source metadata; not inferred,UNKNOWN—verify upstream terms
03_data/processed/evrp_constraint_gap_inputs/synthetic_generation_assumptions.csv,csv,917,2026-07-11T06:33:30.599562+00:00,4937d56f0bddf4528061dda6c8c8d5a4e1c3a071356feb79286a1a6bc8bc7abe,Audit input,processed,True,Repository/local artifact,See repository/source metadata; not inferred,UNKNOWN—verify upstream terms
03_data/processed/evrp_constraint_gap_inputs/vehicle_specs_public_source_snapshot.csv,csv,4454,2026-07-11T03:40:00.125705+00:00,365e7dd6ba51b17433077afafaf2c34a10ad9c901040f8cdf00007e2a40359a0,Audit input,processed,True,Repository/local artifact,See repository/source metadata; not inferred,UNKNOWN—verify upstream terms
03_data/processed/jartic_tokyo_traffic_observations.csv,csv,3274,2026-07-04T15:47:38.654883+00:00,50280795ef02c4c524ae668ab073c5a69fb843d418caad298972f6115a5fe109,Audit input,processed,True,Repository/local artifact,See repository/source metadata; not inferred,UNKNOWN—verify upstream terms
03_data/processed/jartic_tokyo_traffic_summary.csv,csv,520,2026-07-11T19:53:15.125766+00:00,2e89965bd7eeca9756a6a43165c3ce2a4c8fbe5b9090d4d7ef4fea33380a43e3,Audit input,processed,True,Repository/local artifact,See repository/source metadata; not inferred,UNKNOWN—verify upstream terms
03_data/processed/mlit_road_census_tokyo_traffic_by_vehicle_class.csv,csv,100,2026-07-04T15:54:10.600038+00:00,a82712b21e5cd5b029b2d6ea59c808272c9ee4cd4c3cf16e7d428268b5723b48,Audit input,processed,True,Repository/local artifact,See repository/source metadata; not inferred,UNKNOWN—verify upstream terms
03_data/processed/mlit_road_census_tokyo_traffic_summary.csv,csv,331,2026-07-11T19:53:14.869828+00:00,83bd61f4d5bfad012ab3ec6ba5e573930285b32b39b5a4854374bde1c3fa5441,Audit input,processed,True,Repository/local artifact,See repository/source metadata; not inferred,UNKNOWN—verify upstream terms
03_data/processed/open_charge_map_tokyo_boundary_clipped_connections.csv,csv,24172,2026-07-05T05:19:42.247251+00:00,82ea4cea8817f3bd0f00fd6daa5b6964c507d36307dfbebe826f2a466a1a36bb,Audit input,processed,True,Repository/local artifact,See repository/source metadata; not inferred,UNKNOWN—verify upstream terms
03_data/processed/open_charge_map_tokyo_boundary_clipped_stations.csv,csv,43052,2026-07-05T05:19:42.244689+00:00,25018f05f59a15e01a46fa6baa0d057c526fe4c4d7fecae4cea61f8818a73d7f,Audit input,processed,True,Repository/local artifact,See repository/source metadata; not inferred,UNKNOWN—verify upstream terms
03_data/processed/open_charge_map_tokyo_boundary_clipped_summary.csv,csv,1903,2026-07-11T19:53:14.893288+00:00,81bd50d42a10e06e0c898307a7fc243e8f96983af8dc13ef92d8ab77d4c7ba95,Audit input,processed,True,Repository/local artifact,See repository/source metadata; not inferred,UNKNOWN—verify upstream terms
03_data/processed/open_charge_map_tokyo_stations.csv,csv,19463,2026-07-04T08:38:38.780089+00:00,f4b84fd791c879492a3562add7394d34b267eaabd3764a2fa2fc0cdc538b6d98,Audit input,processed,True,Repository/local artifact,See repository/source metadata; not inferred,UNKNOWN—verify upstream terms
03_data/processed/open_charge_map_tokyo_summary.csv,csv,900,2026-07-11T19:53:14.882856+00:00,748216e1371f4ea1aa72fc40a5925a7d2237469b2fb5130903e154c697d98052,Audit input,processed,True,Repository/local artifact,See repository/source metadata; not inferred,UNKNOWN—verify upstream terms
03_data/processed/osm_tokyo_road_network_summary.csv,csv,1213,2026-07-11T19:53:15.124332+00:00,7d134ae30e24a542cfb5149480c477591d4aaefaec56ca3b82c2f2ddef07181e,Audit input,processed,True,Repository/local artifact,See repository/source metadata; not inferred,UNKNOWN—verify upstream terms
03_data/processed/quantum_gap/quantum_vrp_evidence.csv,csv,8401,2026-07-11T07:31:11.238714+00:00,2b2a3209f0612f4b4022e33a5322311475d98bf3ee82cf263868a50ba7c4441a,Audit input,processed,True,Repository/local artifact,See repository/source metadata; not inferred,UNKNOWN—verify upstream terms
03_data/processed/quantum_gap/quantum_vrp_gap_detail.csv,csv,20306,2026-07-11T07:31:11.281158+00:00,530d2f67dc418b3b879b6cbbf4f59a0443af130fe268f4253c780089083b9ed4,Audit input,processed,True,Repository/local artifact,See repository/source metadata; not inferred,UNKNOWN—verify upstream terms
03_data/processed/route_proxy/base_route_proxy_results.csv,csv,695148,2026-07-11T07:30:15.868974+00:00,1ff9608853198e4e8a658479e49e18146e7f1323e4606d6546c535293a2b4516,Audit input,processed,True,Repository/local artifact,See repository/source metadata; not inferred,UNKNOWN—verify upstream terms
03_data/processed/route_proxy/route_distance_summary.csv,csv,376,2026-07-11T07:30:36.895080+00:00,f94f237c6cf67d7d8cdf7f1f9cd68667332b57c3c66185c77801b35dcc58a998,Audit input,processed,True,Repository/local artifact,See repository/source metadata; not inferred,UNKNOWN—verify upstream terms
03_data/processed/route_proxy/route_proxy_edges.csv,csv,14313004,2026-07-11T07:30:16.447841+00:00,f356781c8e54d675042e6366d33c9404a2dcc27ba8a0c96933c1e9b396e8d02e,Audit input,processed,True,Repository/local artifact,See repository/source metadata; not inferred,UNKNOWN—verify upstream terms
03_data/processed/route_proxy/route_proxy_members.csv,csv,6125415,2026-07-11T07:30:16.738842+00:00,4d6ef9e5156e0ca39e17d45552e5438ef5ee3dbb99e90a6c7603764fb2e6d6e4,Audit input,processed,True,Repository/local artifact,See repository/source metadata; not inferred,UNKNOWN—verify upstream terms
03_data/processed/route_proxy/route_proxy_results.csv,csv,8514161,2026-07-11T07:30:36.197667+00:00,56e737c1dd055681d04eea22297d856d65225860b644f15c0907074111a8fa02,Audit input,processed,True,Repository/local artifact,See repository/source metadata; not inferred,UNKNOWN—verify upstream terms
03_data/processed/scenario/analysis_parameter_registry.csv,csv,2393,2026-07-11T07:29:49.968277+00:00,e96812bd160b1da921f98d008384a9e102bc5aac1855b348e7c0a022409cc7fe,Audit input,processed,True,Repository/local artifact,See repository/source metadata; not inferred,UNKNOWN—verify upstream terms
03_data/processed/scenario/assumptions_and_limitations.csv,csv,1874,2026-07-11T07:29:49.970497+00:00,cb9351983ca33726ae2f222f84896ba02edbed7590a04b543f39792c5fcc0bba,Audit input,processed,True,Repository/local artifact,See repository/source metadata; not inferred,UNKNOWN—verify upstream terms
03_data/processed/scenario/monte_carlo_randomization_registry.csv,csv,48911,2026-07-11T07:29:50.743553+00:00,6882abcf95b2db81b8d9db2b47143de2f7d7e76f26f73ba91812edc63694765b,Audit input,processed,True,Repository/local artifact,See repository/source metadata; not inferred,UNKNOWN—verify upstream terms
03_data/processed/scenario/open_data_preprocessing_status.csv,csv,865,2026-07-11T19:53:30.240804+00:00,8de1f6da79559e6a3b4d02e29f3cd7fff48a80a24bdafc7740f89085060fe4f0,Audit input,processed,True,Repository/local artifact,See repository/source metadata; not inferred,UNKNOWN—verify upstream terms
03_data/processed/scenario/realized_synthetic_distribution_summary.csv,csv,538,2026-07-11T07:29:50.755014+00:00,645fec4f57a75090abf8e12bc6e1a44f23998f9423504c1bb9c8188cbd708a3a,Audit input,processed,True,Repository/local artifact,See repository/source metadata; not inferred,UNKNOWN—verify upstream terms
03_data/processed/scenario/scenario_configurations.csv,csv,21030,2026-07-11T07:29:49.962143+00:00,9c0d20d87f23a6fd6bb90a9f90373106ced7de8d0d2db041ce775a63582aa446,Audit input,processed,True,Repository/local artifact,See repository/source metadata; not inferred,UNKNOWN—verify upstream terms
03_data/processed/scenario/synthetic_customers.csv,csv,4927578,2026-07-11T07:29:50.739859+00:00,aaee0257cf82b6d04e5de812a23220b76267bb5ca742bda0695286d2065d2878,Audit input,processed,True,Repository/local artifact,See repository/source metadata; not inferred,UNKNOWN—verify upstream terms
03_data/processed/scenario/synthetic_generation_assumptions.csv,csv,926,2026-07-11T07:29:49.969051+00:00,080af6e3b0a85754bad634e139b2a61a7f13f2e50dff176911c2e13d9e4b1c03,Audit input,processed,True,Repository/local artifact,See repository/source metadata; not inferred,UNKNOWN—verify upstream terms
03_data/processed/socio_technical_variables.csv,csv,28315,2026-07-11T19:53:15.240710+00:00,9aa6e51740fdd75e620b7bb6b1dc78566bddc67b5a79518ed634e8f8871d2fd2,Audit input,processed,True,Repository/local artifact,See repository/source metadata; not inferred,UNKNOWN—verify upstream terms
03_data/processed/tokyo_boundary_n03_municipalities.csv,csv,1739,2026-07-04T15:54:10.317372+00:00,2e9675589dd6ce4ac216dc1dbdd53069d8c258970d86390ec0083c7b044c44fc,Audit input,processed,True,Repository/local artifact,See repository/source metadata; not inferred,UNKNOWN—verify upstream terms
03_data/processed/tokyo_boundary_n03_summary.csv,csv,300,2026-07-11T19:53:15.112532+00:00,c9a6828c2069c66fba48404758aee033a3ded9ff83acf86cd4f24eb0ad436350,Audit input,processed,True,Repository/local artifact,See repository/source metadata; not inferred,UNKNOWN—verify upstream terms
03_data/processed/tokyo_freight_establishment_locations.csv,csv,411,2026-07-05T05:14:32.305149+00:00,b2d2b4fa85a885c39c23b4f2429ac999fa4dfa4b2b55a4f93efc03d5e5c3de21,Audit input,processed,True,Repository/local artifact,See repository/source metadata; not inferred,UNKNOWN—verify upstream terms
03_data/processed/tokyo_freight_flow_census_summary.csv,csv,1432,2026-07-11T19:53:14.971616+00:00,42dbca444ce446765db2f60ccfa5bd5af5ff92ab3b8edc83138fcd9b9ef69a22,Audit input,processed,True,Repository/local artifact,See repository/source metadata; not inferred,UNKNOWN—verify upstream terms
03_data/processed/tokyo_generated_attracted_freight_by_facility.csv,csv,612,2026-07-05T05:14:32.316048+00:00,251b1114fb59f61dde2e14124ad93c9bf554d29a6f5df7aad38befdcc5a038a9,Audit input,processed,True,Repository/local artifact,See repository/source metadata; not inferred,UNKNOWN—verify upstream terms
03_data/processed/tokyo_gtfs_summary.csv,csv,1318,2026-07-11T19:53:15.053052+00:00,e7b7594bf0524651918eeaeb9e716d69f1edb61607d1d7f395fecc8591ce5a23,Audit input,processed,True,Repository/local artifact,See repository/source metadata; not inferred,UNKNOWN—verify upstream terms
03_data/processed/tokyo_interregional_freight_flow_by_commodity.csv,csv,173708,2026-07-05T05:14:32.445609+00:00,4ac6c0c8cc8b64c632e37b65185314323b8a2ade6eddcdccdd33cad6f64924b5,Audit input,processed,True,Repository/local artifact,See repository/source metadata; not inferred,UNKNOWN—verify upstream terms
03_data/processed/tokyo_logistics_hub_by_type.csv,csv,439,2026-07-05T04:54:54.220766+00:00,7920ff1c41b620b8c5eeba9f36507784ece017645e19dfffff52870d39c1dfb8,Audit input,processed,True,Repository/local artifact,See repository/source metadata; not inferred,UNKNOWN—verify upstream terms
03_data/processed/tokyo_logistics_hub_candidates.csv,csv,125257,2026-07-05T04:54:54.207040+00:00,ecef3da3fb510669ddded62d5bc8465306ab0ce8789b98797c7f6b04003a93a5,Audit input,processed,True,Repository/local artifact,See repository/source metadata; not inferred,UNKNOWN—verify upstream terms
03_data/processed/tokyo_logistics_hub_summary.csv,csv,360,2026-07-11T19:53:15.054358+00:00,33499d417992a783d3bf67ec6a07c64395fdf582a373596aab1910fc05befdd5,Audit input,processed,True,Repository/local artifact,See repository/source metadata; not inferred,UNKNOWN—verify upstream terms
03_data/processed/tokyo_police_traffic_border_hourly_all_vehicles.csv,csv,13265,2026-07-04T15:54:10.516011+00:00,988c1f3d537ba1c01f3a592b618df8ffcc593338b5b7448d6bcf12b607e5692f,Audit input,processed,True,Repository/local artifact,See repository/source metadata; not inferred,UNKNOWN—verify upstream terms
03_data/processed/tokyo_police_traffic_stats_inventory.csv,csv,6564,2026-07-04T15:54:10.508965+00:00,19d8fe779bae8cf0e615b8e7ed6f1d535fd9bd1e2163cbfc9f106d4216a4a356,Audit input,processed,True,Repository/local artifact,See repository/source metadata; not inferred,UNKNOWN—verify upstream terms
03_data/processed/tokyo_police_traffic_stats_summary.csv,csv,363,2026-07-11T19:53:15.031420+00:00,649f5ff941e450984fff496235bc1b80f81194ece99c4c9ce621fa3a1e95a405,Audit input,processed,True,Repository/local artifact,See repository/source metadata; not inferred,UNKNOWN—verify upstream terms
03_data/processed/tokyo_primary_highway_freight_network_by_road_class.csv,csv,1131,2026-07-05T05:08:33.800683+00:00,8191438dfddfc43cdd5b17f0e4c052e9b373c0c15ba5b9c354fa8bc79b830129,Audit input,processed,True,Repository/local artifact,See repository/source metadata; not inferred,UNKNOWN—verify upstream terms
03_data/processed/tokyo_primary_highway_freight_network_segments.csv,csv,176262,2026-07-05T05:08:33.786997+00:00,635f7cb8c097101d705d905b1402b8e5177963b905d612770d88b6ead6a33d77,Audit input,processed,True,Repository/local artifact,See repository/source metadata; not inferred,UNKNOWN—verify upstream terms
03_data/processed/tokyo_primary_highway_freight_network_summary.csv,csv,880,2026-07-11T19:53:14.888612+00:00,c175beeb626ef92469484ef3e1f54db61d248ff4c175ae44e49ca2c8c053cbd7,Audit input,processed,True,Repository/local artifact,See repository/source metadata; not inferred,UNKNOWN—verify upstream terms
03_data/processed/use_case_screening_scores_template.csv,csv,3118,2026-07-04T08:51:33.584603+00:00,e861ddae05e05ee43bf3b262b9182172e31c55b66953141ab75da38428a2c4fd,Audit input,processed,True,Repository/local artifact,See repository/source metadata; not inferred,UNKNOWN—verify upstream terms
03_data/raw/charging/open_charge_map/tokyo/open_charge_map_tokyo_2026-07-04.json,json,357197,2026-07-04T08:38:38.773525+00:00,1bc7e1d8f8866bf90df6702732998230150faed3c88fe745bc516f81f5663a7e,Repository inventory,raw,False,Repository/local artifact,See repository/source metadata; not inferred,UNKNOWN—verify upstream terms
03_data/raw/charging/open_charge_map/tokyo/open_charge_map_tokyo_detailed_2026-07-05.json,json,1373894,2026-07-05T05:19:37.891632+00:00,6834a1fc4ca63a44b33ceae089664186204eab227a68ee774835f5a62ae559b4,Repository inventory,raw,False,Repository/local artifact,See repository/source metadata; not inferred,UNKNOWN—verify upstream terms
03_data/raw/logistics/evrp_benchmarks/e-cvrp_benchmark_instances/E-n112-k8-s11.evrp,evrp,2095,2026-07-04T09:33:31.219501+00:00,2fa00056d59ac4d375835513e1abbc7ff9269b9c2b9b217a11037e9270b1f6b6,Repository inventory,raw,False,Repository/local artifact,See repository/source metadata; not inferred,UNKNOWN—verify upstream terms
03_data/raw/logistics/evrp_benchmarks/e-cvrp_benchmark_instances/E-n29-k4-s7.evrp,evrp,882,2026-07-04T09:33:31.219625+00:00,ca98378f6bda2ab38accd96e564d663bba89693f955c24a874d90fb5795ad89c,Repository inventory,raw,False,Repository/local artifact,See repository/source metadata; not inferred,UNKNOWN—verify upstream terms
03_data/raw/logistics/evrp_benchmarks/e-cvrp_benchmark_instances/E-n30-k3-s7.evrp,evrp,891,2026-07-04T09:33:31.219738+00:00,c9e2eab4a561df0147ae1ae9abc6c4367a61067e85df432a930bb10c8bfe0121,Repository inventory,raw,False,Repository/local artifact,See repository/source metadata; not inferred,UNKNOWN—verify upstream terms
03_data/raw/logistics/evrp_benchmarks/e-cvrp_benchmark_instances/E-n35-k3-s5.evrp,evrp,939,2026-07-04T09:33:31.219843+00:00,5b336b7423f4932737761381a0f472fa96ec6850239a904f6587f23313e0456d,Repository inventory,raw,False,Repository/local artifact,See repository/source metadata; not inferred,UNKNOWN—verify upstream terms
03_data/raw/logistics/evrp_benchmarks/e-cvrp_benchmark_instances/E-n37-k4-s4.evrp,evrp,1037,2026-07-04T09:33:31.219946+00:00,a72f9a5e78545ae113999fb0c2e54706d41c83d17ef26eba0eac231c03475037,Repository inventory,raw,False,Repository/local artifact,See repository/source metadata; not inferred,UNKNOWN—verify upstream terms
03_data/raw/logistics/evrp_benchmarks/e-cvrp_benchmark_instances/E-n60-k5-s9.evrp,evrp,1263,2026-07-04T09:33:31.220053+00:00,508befed11676f5514a765b0b88ea2f03ae9b6ba8ac48c43fb76a06873926060,Repository inventory,raw,False,Repository/local artifact,See repository/source metadata; not inferred,UNKNOWN—verify upstream terms
03_data/raw/logistics/evrp_benchmarks/e-cvrp_benchmark_instances/E-n89-k7-s13.evrp,evrp,1727,2026-07-04T09:33:31.220161+00:00,6ac1756f60b964a92203682f805420002e3c064ffc6a4aa81379f609b51e7714,Repository inventory,raw,False,Repository/local artifact,See repository/source metadata; not inferred,UNKNOWN—verify upstream terms
03_data/raw/logistics/evrp_benchmarks/e-cvrp_benchmark_instances/F-n140-k5-s5.evrp,evrp,3504,2026-07-04T09:33:31.220286+00:00,50ef3b38b10f962e49b5668ee4e41ddc958a1bc0350ca80d0145cfb53efe3a4b,Repository inventory,raw,False,Repository/local artifact,See repository/source metadata; not inferred,UNKNOWN—verify upstream terms
03_data/raw/logistics/evrp_benchmarks/e-cvrp_benchmark_instances/F-n49-k4-s4.evrp,evrp,1165,2026-07-04T09:33:31.220398+00:00,f256fda565cb17c1c9bd1146c3c00dbc8f3dca89f8a4c975a94263678191dfad,Repository inventory,raw,False,Repository/local artifact,See repository/source metadata; not inferred,UNKNOWN—verify upstream terms
03_data/raw/logistics/evrp_benchmarks/e-cvrp_benchmark_instances/F-n80-k4-s8.evrp,evrp,1680,2026-07-04T09:33:31.220511+00:00,f1f8087d80ee0e8251ac9759e4e71b5348b276e9a3dda1c6aaf1fbd1c15e4739,Repository inventory,raw,False,Repository/local artifact,See repository/source metadata; not inferred,UNKNOWN—verify upstream terms
03_data/raw/logistics/evrp_benchmarks/e-cvrp_benchmark_instances/M-n110-k10-s9.evrp,evrp,2102,2026-07-04T09:33:31.220626+00:00,7eb861792f831446ae5b2a7acd63264f5465cbbf95fcc56b10625433cd3ed555,Repository inventory,raw,False,Repository/local artifact,See repository/source metadata; not inferred,UNKNOWN—verify upstream terms
03_data/raw/logistics/evrp_benchmarks/e-cvrp_benchmark_instances/M-n126-k7-s5.evrp,evrp,2179,2026-07-04T09:33:31.220734+00:00,e829f3d566898190ce3dd1c0deaebfff703ad745aa35b1111b59bf5af0c3d42c,Repository inventory,raw,False,Repository/local artifact,See repository/source metadata; not inferred,UNKNOWN—verify upstream terms
03_data/raw/logistics/evrp_benchmarks/e-cvrp_benchmark_instances/M-n163-k12-s12.evrp,evrp,2799,2026-07-04T09:33:31.220862+00:00,c713bb2f7e72b60ada1ad2be77c0c6424ffd89260325daf17d3bf1a230422964,Repository inventory,raw,False,Repository/local artifact,See repository/source metadata; not inferred,UNKNOWN—verify upstream terms
03_data/raw/logistics/evrp_benchmarks/e-cvrp_benchmark_instances/M-n212-k16-s12.evrp,evrp,3628,2026-07-04T09:33:31.220960+00:00,be189aa9153a9b718dc5e07ff4eb09e7231c82347097aed379473409e2850ad5,Repository inventory,raw,False,Repository/local artifact,See repository/source metadata; not inferred,UNKNOWN—verify upstream terms
03_data/raw/logistics/evrp_benchmarks/e-cvrp_benchmark_instances/README.txt,txt,2267,2026-07-04T09:33:31.221077+00:00,5a2f6e2a999585279e3b70f722236187438a58cdfb0aab696c9af2935df41b88,Repository inventory,raw,False,Repository/local artifact,See repository/source metadata; not inferred,UNKNOWN—verify upstream terms
03_data/raw/logistics/evrp_benchmarks/e-cvrp_benchmark_instances/X-n1006-k43-s5.evrp,evrp,19158,2026-07-04T09:33:31.221241+00:00,b5a163d4bf58202370e75bdafb8dd8967e3ae90611dd05e46c15cd2b9c3aa6b1,Repository inventory,raw,False,Repository/local artifact,See repository/source metadata; not inferred,UNKNOWN—verify upstream terms
03_data/raw/logistics/evrp_benchmarks/e-cvrp_benchmark_instances/X-n147-k7-s4.evrp,evrp,3027,2026-07-04T09:33:31.221529+00:00,5677c0f18876bb81adf39029a38b5487ee403c68deb18090648f663b3c23f141,Repository inventory,raw,False,Repository/local artifact,See repository/source metadata; not inferred,UNKNOWN—verify upstream terms
03_data/raw/logistics/evrp_benchmarks/e-cvrp_benchmark_instances/X-n221-k11-s7.evrp,evrp,4513,2026-07-04T09:33:31.221958+00:00,459fe69e746a6e6f10cf5c6ccc1f6b506707add431a2b2586d4608b93357328b,Repository inventory,raw,False,Repository/local artifact,See repository/source metadata; not inferred,UNKNOWN—verify upstream terms
03_data/raw/logistics/evrp_benchmarks/e-cvrp_benchmark_instances/X-n360-k40-s9.evrp,evrp,7300,2026-07-04T09:33:31.222297+00:00,84bd42d2c4e82f4d619b06a15f55a2355d1fac4aad3802375e1a63a318c5e21d,Repository inventory,raw,False,Repository/local artifact,See repository/source metadata; not inferred,UNKNOWN—verify upstream terms
03_data/raw/logistics/evrp_benchmarks/e-cvrp_benchmark_instances/X-n469-k26-s10.evrp,evrp,9496,2026-07-04T09:33:31.222802+00:00,ab97591e305b0ae1c360a3f10de93bd0677e72c60a6b6b0fc3062e1c9cd49b36,Repository inventory,raw,False,Repository/local artifact,See repository/source metadata; not inferred,UNKNOWN—verify upstream terms
03_data/raw/logistics/evrp_benchmarks/e-cvrp_benchmark_instances/X-n577-k30-s4.evrp,evrp,10512,2026-07-04T09:33:31.223194+00:00,240ca77e7027948e98a3e8a8a35dfe467207f5b7ddc3668b1804b57a37d6ea64,Repository inventory,raw,False,Repository/local artifact,See repository/source metadata; not inferred,UNKNOWN—verify upstream terms
03_data/raw/logistics/evrp_benchmarks/e-cvrp_benchmark_instances/X-n698-k75-s13.evrp,evrp,13904,2026-07-04T09:33:31.223529+00:00,7f819b040019430bf4d3d482f7a85648ce29f6a0dd12aa1021ce06dbe4beeab2,Repository inventory,raw,False,Repository/local artifact,See repository/source metadata; not inferred,UNKNOWN—verify upstream terms
03_data/raw/logistics/evrp_benchmarks/e-cvrp_benchmark_instances/X-n759-k98-s10.evrp,evrp,15130,2026-07-04T09:33:31.223760+00:00,a48100e1cf8cf55815e9206f38b73ad1f016b4aa417243017c5921da407b1541,Repository inventory,raw,False,Repository/local artifact,See repository/source metadata; not inferred,UNKNOWN—verify upstream terms
03_data/raw/logistics/evrp_benchmarks/e-cvrp_benchmark_instances/X-n830-k171-s11.evrp,evrp,16442,2026-07-04T09:33:31.223938+00:00,c37655a7b00f35fa5607eb81a433cb01710932f7e4942bd0fc01e03ff1a24961,Repository inventory,raw,False,Repository/local artifact,See repository/source metadata; not inferred,UNKNOWN—verify upstream terms
03_data/raw/logistics/evrp_benchmarks/e-cvrp_benchmark_instances/X-n920-k207-s4.evrp,evrp,17579,2026-07-04T09:33:31.224134+00:00,a1aaec1c9b06eb26d210c0d51120d6d90fc929ee3bcf36f836156cc09fb6187a,Repository inventory,raw,False,Repository/local artifact,See repository/source metadata; not inferred,UNKNOWN—verify upstream terms
03_data/raw/logistics/evrp_benchmarks/e-vrptw_mendeley_schneider/evrptw_instances/c101C10.txt,txt,1677,2012-01-17T10:43:58+00:00,60e23ba6c91494c61c55966bfb4222c86e3922a72a90526f7c47ac06aa5df125,Repository inventory,raw,False,Repository/local artifact,See repository/source metadata; not inferred,UNKNOWN—verify upstream terms
03_data/raw/logistics/evrp_benchmarks/e-vrptw_mendeley_schneider/evrptw_instances/c101C5.txt,txt,1048,2012-01-17T10:49:02+00:00,8612d6d9aad051776097a5e50c7408f39352b8107b0639d58e5eda713f9ff876,Repository inventory,raw,False,Repository/local artifact,See repository/source metadata; not inferred,UNKNOWN—verify upstream terms
03_data/raw/logistics/evrp_benchmarks/e-vrptw_mendeley_schneider/evrptw_instances/c101_21.txt,txt,11105,2012-01-17T10:23:04+00:00,c5cda6ca63a7d518902cf4b02d98b4aa0f373aaa0658d5c666d1c46d38871cb9,Repository inventory,raw,False,Repository/local artifact,See repository/source metadata; not inferred,UNKNOWN—verify upstream terms
03_data/raw/logistics/evrp_benchmarks/e-vrptw_mendeley_schneider/evrptw_instances/c102_21.txt,txt,11105,2012-01-17T10:23:24+00:00,c63f00c8fe479e2c94dc1bb0675dd3bde20a992668b4b9302dc8f0023eb57c7a,Repository inventory,raw,False,Repository/local artifact,See repository/source metadata; not inferred,UNKNOWN—verify upstream terms
03_data/raw/logistics/evrp_benchmarks/e-vrptw_mendeley_schneider/evrptw_instances/c103C15.txt,txt,2127,2012-01-17T10:40:24+00:00,91c41561f2f515139f4426bb9a1fdeec3ed8662a72770dee28b201cb0d207930,Repository inventory,raw,False,Repository/local artifact,See repository/source metadata; not inferred,UNKNOWN—verify upstream terms
03_data/raw/logistics/evrp_benchmarks/e-vrptw_mendeley_schneider/evrptw_instances/c103C5.txt,txt,959,2012-01-17T10:49:12+00:00,f4a4d0b87c91277ca01c5699edbd4a64525c5dc3fdc87233c05e49a11acbf71e,Repository inventory,raw,False,Repository/local artifact,See repository/source metadata; not inferred,UNKNOWN—verify upstream terms
03_data/raw/logistics/evrp_benchmarks/e-vrptw_mendeley_schneider/evrptw_instances/c103_21.txt,txt,11105,2012-01-17T10:23:48+00:00,081891d829a6813a37f34f7e5752a4b839f4119032ec81867292863e5958d21b,Repository inventory,raw,False,Repository/local artifact,See repository/source metadata; not inferred,UNKNOWN—verify upstream terms
03_data/raw/logistics/evrp_benchmarks/e-vrptw_mendeley_schneider/evrptw_instances/c104C10.txt,txt,1586,2012-01-17T10:44:08+00:00,f7816af706c1cf32dacaee45c710ff93ce53c9b56d17df657044e61e63d2c04b,Repository inventory,raw,False,Repository/local artifact,See repository/source metadata; not inferred,UNKNOWN—verify upstream terms
03_data/raw/logistics/evrp_benchmarks/e-vrptw_mendeley_schneider/evrptw_instances/c104_21.txt,txt,11105,2012-01-17T10:24:32+00:00,a4adf275d08b1c5bbe576a89fafc95f15442586c9da3c6583e68c37c233fe180,Repository inventory,raw,False,Repository/local artifact,See repository/source metadata; not inferred,UNKNOWN—verify upstream terms
03_data/raw/logistics/evrp_benchmarks/e-vrptw_mendeley_schneider/evrptw_instances/c105_21.txt,txt,11105,2012-01-17T10:24:46+00:00,b03893662d13256c6afe1e4789654b2485cd0d9cdfb3d15fb3fc3f6beac3e6ae,Repository inventory,raw,False,Repository/local artifact,See repository/source metadata; not inferred,UNKNOWN—verify upstream terms
03_data/raw/logistics/evrp_benchmarks/e-vrptw_mendeley_schneider/evrptw_instances/c106C15.txt,txt,1938,2012-01-17T10:40:34+00:00,eba58a458a9fd13ae8fd404df8db1d04e49271326316256ee060468048881a86,Repository inventory,raw,False,Repository/local artifact,See repository/source metadata; not inferred,UNKNOWN—verify upstream terms
03_data/raw/logistics/evrp_benchmarks/e-vrptw_mendeley_schneider/evrptw_instances/c106_21.txt,txt,11105,2012-01-17T10:25:06+00:00,a5d4900c49c4260b61cef00bba87f757da7001cc27f7dd978b2f924c5a013128,Repository inventory,raw,False,Repository/local artifact,See repository/source metadata; not inferred,UNKNOWN—verify upstream terms
03_data/raw/logistics/evrp_benchmarks/e-vrptw_mendeley_schneider/evrptw_instances/c107_21.txt,txt,11105,2012-01-17T10:25:18+00:00,50833205867a7b419f5b371783adeff20da79dc1cca18c8c120576ba08660cf5,Repository inventory,raw,False,Repository/local artifact,See repository/source metadata; not inferred,UNKNOWN—verify upstream terms
03_data/raw/logistics/evrp_benchmarks/e-vrptw_mendeley_schneider/evrptw_instances/c108_21.txt,txt,11105,2012-01-17T10:25:30+00:00,00189c44d787f8b25948d49c96c05a9947f4bbec6ce34744abcc276fa326f000,Repository inventory,raw,False,Repository/local artifact,See repository/source metadata; not inferred,UNKNOWN—verify upstream terms
03_data/raw/logistics/evrp_benchmarks/e-vrptw_mendeley_schneider/evrptw_instances/c109_21.txt,txt,11105,2012-01-17T10:25:40+00:00,c139ad52f11e291a5e17b4aa03bc1f1d6ca704b7b2c1a1cec53489d1e749664f,Repository inventory,raw,False,Repository/local artifact,See repository/source metadata; not inferred,UNKNOWN—verify upstream terms
03_data/raw/logistics/evrp_benchmarks/e-vrptw_mendeley_schneider/evrptw_instances/c201_21.txt,txt,11106,2012-01-17T10:25:50+00:00,cc755a6ec3edab8c320bf901f0c3bd34cea80123cf831b0059ea01c13c96bf1d,Repository inventory,raw,False,Repository/local artifact,See repository/source metadata; not inferred,UNKNOWN—verify upstream terms
03_data/raw/logistics/evrp_benchmarks/e-vrptw_mendeley_schneider/evrptw_instances/c202C10.txt,txt,1675,2012-01-17T10:44:16+00:00,ab77fae34b7a22be2677cace3f88ada6bf9313dec1f7d0567ff75a0e79d0b6eb,Repository inventory,raw,False,Repository/local artifact,See repository/source metadata; not inferred,UNKNOWN—verify upstream terms
03_data/raw/logistics/evrp_benchmarks/e-vrptw_mendeley_schneider/evrptw_instances/c202C15.txt,txt,2123,2012-01-17T10:40:44+00:00,d22e0e16ba4088910c4672ac57468ee2306206782f73017f1f4441c2d112f867,Repository inventory,raw,False,Repository/local artifact,See repository/source metadata; not inferred,UNKNOWN—verify upstream terms
03_data/raw/logistics/evrp_benchmarks/e-vrptw_mendeley_schneider/evrptw_instances/c202_21.txt,txt,11106,2012-01-17T10:26:02+00:00,b841c9a2856d2cd113458395c07615360a2025bdefb319a3d14c6b36efcdbdfb,Repository inventory,raw,False,Repository/local artifact,See repository/source metadata; not inferred,UNKNOWN—verify upstream terms
03_data/raw/logistics/evrp_benchmarks/e-vrptw_mendeley_schneider/evrptw_instances/c203_21.txt,txt,11106,2012-01-17T10:26:14+00:00,6dd3ef19a40edf5694cdf606a1e60e8aecb3f2b5aa11094659d3af226bf7a24e,Repository inventory,raw,False,Repository/local artifact,See repository/source metadata; not inferred,UNKNOWN—verify upstream terms
03_data/raw/logistics/evrp_benchmarks/e-vrptw_mendeley_schneider/evrptw_instances/c204_21.txt,txt,11106,2012-01-17T10:26:26+00:00,854999d8b750973b84158c69d39541982d1bb2d3b8c4b81992eba26adabade43,Repository inventory,raw,False,Repository/local artifact,See repository/source metadata; not inferred,UNKNOWN—verify upstream terms
03_data/raw/logistics/evrp_benchmarks/e-vrptw_mendeley_schneider/evrptw_instances/c205C10.txt,txt,1493,2012-01-17T10:44:22+00:00,0ab67ada8dda530bd3a1421ffaedf7c2479531ced1b6119b204939877ee51996,Repository inventory,raw,False,Repository/local artifact,See repository/source metadata; not inferred,UNKNOWN—verify upstream terms
03_data/raw/logistics/evrp_benchmarks/e-vrptw_mendeley_schneider/evrptw_instances/c205_21.txt,txt,11106,2012-01-17T10:26:38+00:00,40a9f86acaa6ad7887ee31d14056e1b7077c0a813c232634fc4cb5bb27cb98ea,Repository inventory,raw,False,Repository/local artifact,See repository/source metadata; not inferred,UNKNOWN—verify upstream terms
03_data/raw/logistics/evrp_benchmarks/e-vrptw_mendeley_schneider/evrptw_instances/c206C5.txt,txt,1149,2012-01-17T10:49:22+00:00,f603d3336d82cbb675e0767ed344b1ad5dd2b05ed04a5a8944daf59733a90c18,Repository inventory,raw,False,Repository/local artifact,See repository/source metadata; not inferred,UNKNOWN—verify upstream terms
03_data/raw/logistics/evrp_benchmarks/e-vrptw_mendeley_schneider/evrptw_instances/c206_21.txt,txt,11105,2012-01-17T10:26:54+00:00,ac0871bbee80d3df5e9c8fa8634b0cd26ed0af7f4fb52e090f548d313a0f7744,Repository inventory,raw,False,Repository/local artifact,See repository/source metadata; not inferred,UNKNOWN—verify upstream terms
03_data/raw/logistics/evrp_benchmarks/e-vrptw_mendeley_schneider/evrptw_instances/c207_21.txt,txt,11106,2012-01-17T10:27:06+00:00,5497fec1e51e3068076fc7b5049e7261e4d05edbf023efad771bc64e3e6651d4,Repository inventory,raw,False,Repository/local artifact,See repository/source metadata; not inferred,UNKNOWN—verify upstream terms
03_data/raw/logistics/evrp_benchmarks/e-vrptw_mendeley_schneider/evrptw_instances/c208C15.txt,txt,2033,2012-01-17T10:40:52+00:00,5f861e3bbd8ef1de04bfd64979178e2e44d5788d84dc3f171ac89bfeb119dd92,Repository inventory,raw,False,Repository/local artifact,See repository/source metadata; not inferred,UNKNOWN—verify upstream terms
03_data/raw/logistics/evrp_benchmarks/e-vrptw_mendeley_schneider/evrptw_instances/c208C5.txt,txt,1048,2012-01-17T10:49:30+00:00,6d33830e9090f19bc1dc0489bde6f488368ef8e9e872bf4778ddc1b3d2dc30e7,Repository inventory,raw,False,Repository/local artifact,See repository/source metadata; not inferred,UNKNOWN—verify upstream terms
03_data/raw/logistics/evrp_benchmarks/e-vrptw_mendeley_schneider/evrptw_instances/c208_21.txt,txt,11106,2012-01-17T10:27:16+00:00,6238a471231c4a029781b0059d2394708f055df07192948a8e1e1f462a7ccbea,Repository inventory,raw,False,Repository/local artifact,See repository/source metadata; not inferred,UNKNOWN—verify upstream terms
03_data/raw/logistics/evrp_benchmarks/e-vrptw_mendeley_schneider/evrptw_instances/r101_21.txt,txt,11105,2012-01-17T10:27:26+00:00,0e5a3dffffbd3c516b528ef32ba1a488b817d2f151fc3e8c81023814de1c103a,Repository inventory,raw,False,Repository/local artifact,See repository/source metadata; not inferred,UNKNOWN—verify upstream terms
03_data/raw/logistics/evrp_benchmarks/e-vrptw_mendeley_schneider/evrptw_instances/r102C10.txt,txt,1577,2012-01-17T10:44:30+00:00,065fb8f95dba9ff04c1f6be42063ca41140d383cdfa852fdcd6e3a3e3cfbac04,Repository inventory,raw,False,Repository/local artifact,See repository/source metadata; not inferred,UNKNOWN—verify upstream terms
03_data/raw/logistics/evrp_benchmarks/e-vrptw_mendeley_schneider/evrptw_instances/r102C15.txt,txt,2401,2012-01-17T10:41:02+00:00,df97c690ca8686c955a9a011e305daf54e016847ae6ea9e0dfc26a85b5b004bc,Repository inventory,raw,False,Repository/local artifact,See repository/source metadata; not inferred,UNKNOWN—verify upstream terms
03_data/raw/logistics/evrp_benchmarks/e-vrptw_mendeley_schneider/evrptw_instances/r102_21.txt,txt,11105,2012-01-17T10:27:36+00:00,dde63ad2ae1adcd741a3ebb5cec5b9d266ed4ec8893c3ec08a84bb2bb85afdfd,Repository inventory,raw,False,Repository/local artifact,See repository/source metadata; not inferred,UNKNOWN—verify upstream terms
03_data/raw/logistics/evrp_benchmarks/e-vrptw_mendeley_schneider/evrptw_instances/r103C10.txt,txt,1493,2012-01-17T10:44:38+00:00,00debfb0e1fa34796b1644a045a064f52cb1f35052df9faa485db4b4f5ff512e,Repository inventory,raw,False,Repository/local artifact,See repository/source metadata; not inferred,UNKNOWN—verify upstream terms
03_data/raw/logistics/evrp_benchmarks/e-vrptw_mendeley_schneider/evrptw_instances/r103_21.txt,txt,11105,2012-01-17T10:27:50+00:00,818ec604cf330f06b383aa0913fef1d0d0e21e8d16acd2a39a11602b076add0b,Repository inventory,raw,False,Repository/local artifact,See repository/source metadata; not inferred,UNKNOWN—verify upstream terms
03_data/raw/logistics/evrp_benchmarks/e-vrptw_mendeley_schneider/evrptw_instances/r104C5.txt,txt,1049,2012-01-17T10:49:42+00:00,e4e665255b473a872d956cd6d4fb222766298d4c4a5bb4710c92a7f8bf70aa3b,Repository inventory,raw,False,Repository/local artifact,See repository/source metadata; not inferred,UNKNOWN—verify upstream terms
03_data/raw/logistics/evrp_benchmarks/e-vrptw_mendeley_schneider/evrptw_instances/r104_21.txt,txt,11105,2012-01-17T10:28:02+00:00,1489accc1e713d3677c859d4c2c0280feafb50fd687bc72575f8c8ab7e116d72,Repository inventory,raw,False,Repository/local artifact,See repository/source metadata; not inferred,UNKNOWN—verify upstream terms
03_data/raw/logistics/evrp_benchmarks/e-vrptw_mendeley_schneider/evrptw_instances/r105C15.txt,txt,2205,2012-01-17T10:41:12+00:00,937f3e630e6afef1a148dc223dd1d6ad2d11cfff557803e68a50e981e3ceaa44,Repository inventory,raw,False,Repository/local artifact,See repository/source metadata; not inferred,UNKNOWN—verify upstream terms
03_data/raw/logistics/evrp_benchmarks/e-vrptw_mendeley_schneider/evrptw_instances/r105C5.txt,txt,1048,2012-01-17T10:49:50+00:00,eb27ec04e799ee6d39dee3d66f15128e197811afa8c664295acbdf6444176434,Repository inventory,raw,False,Repository/local artifact,See repository/source metadata; not inferred,UNKNOWN—verify upstream terms
03_data/raw/logistics/evrp_benchmarks/e-vrptw_mendeley_schneider/evrptw_instances/r105_21.txt,txt,11105,2012-01-17T10:28:26+00:00,e1af01644f1c12eb806238f6ecb363132ca46db2179c544eb61342b3c4b41665,Repository inventory,raw,False,Repository/local artifact,See repository/source metadata; not inferred,UNKNOWN—verify upstream terms
03_data/raw/logistics/evrp_benchmarks/e-vrptw_mendeley_schneider/evrptw_instances/r106_21.txt,txt,11104,2012-01-17T10:28:38+00:00,c4429fe6cc8b839d155ab8d18e6e2aa1ebc4dc45e303a64bd0047e450ebb6050,Repository inventory,raw,False,Repository/local artifact,See repository/source metadata; not inferred,UNKNOWN—verify upstream terms
03_data/raw/logistics/evrp_benchmarks/e-vrptw_mendeley_schneider/evrptw_instances/r107_21.txt,txt,11105,2012-01-17T10:28:50+00:00,5d697635eeb16c0747a102d8e507d247180ad407691ff1cdf28c10ed435ca5cd,Repository inventory,raw,False,Repository/local artifact,See repository/source metadata; not inferred,UNKNOWN—verify upstream terms
03_data/raw/logistics/evrp_benchmarks/e-vrptw_mendeley_schneider/evrptw_instances/r108_21.txt,txt,11105,2012-01-17T10:29:00+00:00,bd32fae5a732f3a3125cd853acedb2e38c8ec79d2e55802640146749ea75d8c2,Repository inventory,raw,False,Repository/local artifact,See repository/source metadata; not inferred,UNKNOWN—verify upstream terms
03_data/raw/logistics/evrp_benchmarks/e-vrptw_mendeley_schneider/evrptw_instances/r109_21.txt,txt,11105,2012-01-17T10:29:10+00:00,3b5daa4b35e310f961f84ecb074db0205997245a4879920308aee3e8446f3478,Repository inventory,raw,False,Repository/local artifact,See repository/source metadata; not inferred,UNKNOWN—verify upstream terms
03_data/raw/logistics/evrp_benchmarks/e-vrptw_mendeley_schneider/evrptw_instances/r110_21.txt,txt,11105,2012-01-17T10:29:20+00:00,954faebe5d6e217277a6fdd482e8dc3469426cd7ee5f81d90033f41e2e19afd5,Repository inventory,raw,False,Repository/local artifact,See repository/source metadata; not inferred,UNKNOWN—verify upstream terms
03_data/raw/logistics/evrp_benchmarks/e-vrptw_mendeley_schneider/evrptw_instances/r111_21.txt,txt,11104,2012-01-17T10:30:26+00:00,19de756dae96333fb5c0533b056585371305c79aa2a65908cb9b3a0db9e97b21,Repository inventory,raw,False,Repository/local artifact,See repository/source metadata; not inferred,UNKNOWN—verify upstream terms
03_data/raw/logistics/evrp_benchmarks/e-vrptw_mendeley_schneider/evrptw_instances/r112_21.txt,txt,11105,2012-01-17T10:30:40+00:00,004d91650145be584ea6392f9bac9bef40e22a63e0f25f4e87e04fdbd2278b0c,Repository inventory,raw,False,Repository/local artifact,See repository/source metadata; not inferred,UNKNOWN—verify upstream terms
03_data/raw/logistics/evrp_benchmarks/e-vrptw_mendeley_schneider/evrptw_instances/r201C10.txt,txt,1585,2012-01-17T10:44:46+00:00,3f122537ee0d2afc42ddbe269b59775482e098593a9f1316d4db5a01de33b97e,Repository inventory,raw,False,Repository/local artifact,See repository/source metadata; not inferred,UNKNOWN—verify upstream terms
03_data/raw/logistics/evrp_benchmarks/e-vrptw_mendeley_schneider/evrptw_instances/r201_21.txt,txt,11107,2012-01-17T10:30:56+00:00,777cdc28fef020cd4df5ada1700f1a95d97eee53d26f5b26958b67cfd8cc51f2,Repository inventory,raw,False,Repository/local artifact,See repository/source metadata; not inferred,UNKNOWN—verify upstream terms
03_data/raw/logistics/evrp_benchmarks/e-vrptw_mendeley_schneider/evrptw_instances/r202C15.txt,txt,2209,2012-01-17T10:41:22+00:00,be73c8d414a45a9572fca3439978397e807d95835b2b84deea5b03df743726b9,Repository inventory,raw,False,Repository/local artifact,See repository/source metadata; not inferred,UNKNOWN—verify upstream terms
03_data/raw/logistics/evrp_benchmarks/e-vrptw_mendeley_schneider/evrptw_instances/r202C5.txt,txt,1049,2012-01-17T10:49:58+00:00,685b0f43f701b384d324203756babd9aaebb0c43f832322b1d97c4397830a4e3,Repository inventory,raw,False,Repository/local artifact,See repository/source metadata; not inferred,UNKNOWN—verify upstream terms
03_data/raw/logistics/evrp_benchmarks/e-vrptw_mendeley_schneider/evrptw_instances/r202_21.txt,txt,11107,2012-01-17T10:31:14+00:00,d00cf7641d0077492d698a553888f9eb761c39ce58e6cdbe52f3065ea2664913,Repository inventory,raw,False,Repository/local artifact,See repository/source metadata; not inferred,UNKNOWN—verify upstream terms
03_data/raw/logistics/evrp_benchmarks/e-vrptw_mendeley_schneider/evrptw_instances/r203C10.txt,txt,1674,2012-01-17T10:44:52+00:00,734b0dd2072b7410df247e0484dea44bedabe9110a2e02da228d5c81a702c9e1,Repository inventory,raw,False,Repository/local artifact,See repository/source metadata; not inferred,UNKNOWN—verify upstream terms
03_data/raw/logistics/evrp_benchmarks/e-vrptw_mendeley_schneider/evrptw_instances/r203C5.txt,txt,1140,2012-01-17T10:50:06+00:00,83a22d8153cf3c6994dc4fcfb1af56bdac0f3bc544faf111d2f49ff452ba9116,Repository inventory,raw,False,Repository/local artifact,See repository/source metadata; not inferred,UNKNOWN—verify upstream terms
03_data/raw/logistics/evrp_benchmarks/e-vrptw_mendeley_schneider/evrptw_instances/r203_21.txt,txt,11106,2012-01-17T10:31:26+00:00,0f5bacb4f87f16261b4c8737e252e29dbb4793043442a2c986c2230801e4b880,Repository inventory,raw,False,Repository/local artifact,See repository/source metadata; not inferred,UNKNOWN—verify upstream terms
03_data/raw/logistics/evrp_benchmarks/e-vrptw_mendeley_schneider/evrptw_instances/r204_21.txt,txt,11107,2012-01-17T10:31:36+00:00,ab20466fef3c9ed4f7c9e4896fb2ec182b2dc0426a3f49e7dce5ff6716ebad07,Repository inventory,raw,False,Repository/local artifact,See repository/source metadata; not inferred,UNKNOWN—verify upstream terms
03_data/raw/logistics/evrp_benchmarks/e-vrptw_mendeley_schneider/evrptw_instances/r205_21.txt,txt,11107,2012-01-17T10:31:48+00:00,2769db71fea903b3fa3e4dbb13f24f1e42c4ccd207bd72fb8f7d5e87c70ad296,Repository inventory,raw,False,Repository/local artifact,See repository/source metadata; not inferred,UNKNOWN—verify upstream terms
03_data/raw/logistics/evrp_benchmarks/e-vrptw_mendeley_schneider/evrptw_instances/r206_21.txt,txt,11107,2012-01-17T10:32:00+00:00,0f91dfe490289e1024c58a484c644645312279512619cf68832fa335c98ab5ce,Repository inventory,raw,False,Repository/local artifact,See repository/source metadata; not inferred,UNKNOWN—verify upstream terms
03_data/raw/logistics/evrp_benchmarks/e-vrptw_mendeley_schneider/evrptw_instances/r207_21.txt,txt,11107,2012-01-17T10:32:14+00:00,c8a1d5e6977912971c72ea7371a98c9db52a60456275bedbc315a6cf8660fec7,Repository inventory,raw,False,Repository/local artifact,See repository/source metadata; not inferred,UNKNOWN—verify upstream terms
03_data/raw/logistics/evrp_benchmarks/e-vrptw_mendeley_schneider/evrptw_instances/r208_21.txt,txt,11107,2012-01-17T10:32:28+00:00,059d15a56869460ab3b9f10314d49bd9e67897226500af852094ef785aa0b81b,Repository inventory,raw,False,Repository/local artifact,See repository/source metadata; not inferred,UNKNOWN—verify upstream terms
03_data/raw/logistics/evrp_benchmarks/e-vrptw_mendeley_schneider/evrptw_instances/r209C15.txt,txt,2124,2012-01-17T10:41:30+00:00,66c6fd1a879d84194fbc4d70677a4530c0a26a09904935dbf028e4688d1425da,Repository inventory,raw,False,Repository/local artifact,See repository/source metadata; not inferred,UNKNOWN—verify upstream terms
03_data/raw/logistics/evrp_benchmarks/e-vrptw_mendeley_schneider/evrptw_instances/r209_21.txt,txt,11107,2012-01-17T10:32:38+00:00,d680f3d329fc57ace65528c0d63b03e2acbbd8eccc698bebb89efbd5da55beb6,Repository inventory,raw,False,Repository/local artifact,See repository/source metadata; not inferred,UNKNOWN—verify upstream terms
03_data/raw/logistics/evrp_benchmarks/e-vrptw_mendeley_schneider/evrptw_instances/r210_21.txt,txt,11107,2012-01-17T10:32:50+00:00,0c17062cb1c84513442ae7e3e36f0e462414ef2942c285d4c508b831a1bfe352,Repository inventory,raw,False,Repository/local artifact,See repository/source metadata; not inferred,UNKNOWN—verify upstream terms
03_data/raw/logistics/evrp_benchmarks/e-vrptw_mendeley_schneider/evrptw_instances/r211_21.txt,txt,11107,2012-01-17T10:33:00+00:00,79349433753cf23f69aef92bb7e6c6847b15e700badf73129a68b6d1e4915201,Repository inventory,raw,False,Repository/local artifact,See repository/source metadata; not inferred,UNKNOWN—verify upstream terms
03_data/raw/logistics/evrp_benchmarks/e-vrptw_mendeley_schneider/evrptw_instances/rc101_21.txt,txt,11105,2012-01-17T10:33:14+00:00,272a3e58d53d4ba9516f01506164cf8a9b98bfeeb8dbd1fd62f6557e4c98e3a1,Repository inventory,raw,False,Repository/local artifact,See repository/source metadata; not inferred,UNKNOWN—verify upstream terms
03_data/raw/logistics/evrp_benchmarks/e-vrptw_mendeley_schneider/evrptw_instances/rc102C10.txt,txt,1587,2012-01-17T10:45:00+00:00,b85edffa9a896007203a8f6688731b66fcaeedada2b6deae0a3e3ca4a1a0d1a6,Repository inventory,raw,False,Repository/local artifact,See repository/source metadata; not inferred,UNKNOWN—verify upstream terms
03_data/raw/logistics/evrp_benchmarks/e-vrptw_mendeley_schneider/evrptw_instances/rc102_21.txt,txt,11105,2012-01-17T10:33:24+00:00,bc76c179fa7448eea5e7d4e8c2b39517a74d68d97f9b428ed0698aef974a71c5,Repository inventory,raw,False,Repository/local artifact,See repository/source metadata; not inferred,UNKNOWN—verify upstream terms
03_data/raw/logistics/evrp_benchmarks/e-vrptw_mendeley_schneider/evrptw_instances/rc103C15.txt,txt,2129,2012-01-17T10:41:36+00:00,51cbd950e7a76acae3add1f93d4c5f3b906f1e0ca5b47f46b068ff4f52e43c4a,Repository inventory,raw,False,Repository/local artifact,See repository/source metadata; not inferred,UNKNOWN—verify upstream terms
03_data/raw/logistics/evrp_benchmarks/e-vrptw_mendeley_schneider/evrptw_instances/rc103_21.txt,txt,11105,2012-01-17T10:33:34+00:00,37210a2a97e506806853ba15a82148c51b597f73a15dced2eb7abf7443d28be2,Repository inventory,raw,False,Repository/local artifact,See repository/source metadata; not inferred,UNKNOWN—verify upstream terms
03_data/raw/logistics/evrp_benchmarks/e-vrptw_mendeley_schneider/evrptw_instances/rc104_21.txt,txt,11105,2012-01-17T10:33:42+00:00,09b795b522387813ece99cd898ac3b43749173a1ff8c78c3cb6915fc17be19e3,Repository inventory,raw,False,Repository/local artifact,See repository/source metadata; not inferred,UNKNOWN—verify upstream terms
03_data/raw/logistics/evrp_benchmarks/e-vrptw_mendeley_schneider/evrptw_instances/rc105C5.txt,txt,1139,2012-01-17T10:50:18+00:00,2ccfba6c447fa43a994934690acb67c7355ca04d232394907ed6938bc362c643,Repository inventory,raw,False,Repository/local artifact,See repository/source metadata; not inferred,UNKNOWN—verify upstream terms
03_data/raw/logistics/evrp_benchmarks/e-vrptw_mendeley_schneider/evrptw_instances/rc105_21.txt,txt,11105,2012-01-17T10:33:52+00:00,134f0830c819643a01a986e2f08fac34137009f7ce97b8b7835ce0a526e7684d,Repository inventory,raw,False,Repository/local artifact,See repository/source metadata; not inferred,UNKNOWN—verify upstream terms
03_data/raw/logistics/evrp_benchmarks/e-vrptw_mendeley_schneider/evrptw_instances/rc106_21.txt,txt,11105,2012-01-17T10:34:06+00:00,2f695d8c85a5c7b61447436690564c4aa4bf1748e93fc199d12628b109e58410,Repository inventory,raw,False,Repository/local artifact,See repository/source metadata; not inferred,UNKNOWN—verify upstream terms
03_data/raw/logistics/evrp_benchmarks/e-vrptw_mendeley_schneider/evrptw_instances/rc107_21.txt,txt,11105,2012-01-17T10:34:18+00:00,742bf2041a792f18790cb166be889716210d070bcbc19bebfd4bd111f1fb7392,Repository inventory,raw,False,Repository/local artifact,See repository/source metadata; not inferred,UNKNOWN—verify upstream terms
03_data/raw/logistics/evrp_benchmarks/e-vrptw_mendeley_schneider/evrptw_instances/rc108C10.txt,txt,1586,2012-01-17T10:45:08+00:00,e9a02b9a4ec5bc1b4e24b1c82b44ffd823d78371c6660be63be9f7a8abb2e7e1,Repository inventory,raw,False,Repository/local artifact,See repository/source metadata; not inferred,UNKNOWN—verify upstream terms
03_data/raw/logistics/evrp_benchmarks/e-vrptw_mendeley_schneider/evrptw_instances/rc108C15.txt,txt,2119,2012-01-17T10:41:46+00:00,3fdb655b93ee68e1d7d598981b9602618d7ea9cfa6715e304fe6187c72a5bcff,Repository inventory,raw,False,Repository/local artifact,See repository/source metadata; not inferred,UNKNOWN—verify upstream terms
03_data/raw/logistics/evrp_benchmarks/e-vrptw_mendeley_schneider/evrptw_instances/rc108C5.txt,txt,1144,2012-01-17T10:50:26+00:00,064102eec28c88a2587321edd424ebeae8d73dea43f4f371492594fd96fc4e46,Repository inventory,raw,False,Repository/local artifact,See repository/source metadata; not inferred,UNKNOWN—verify upstream terms
03_data/raw/logistics/evrp_benchmarks/e-vrptw_mendeley_schneider/evrptw_instances/rc108_21.txt,txt,11105,2012-01-17T10:34:30+00:00,e0bbd077f766d20a9e4c89f20604194bd7854b957653654cc6daa8fc729da355,Repository inventory,raw,False,Repository/local artifact,See repository/source metadata; not inferred,UNKNOWN—verify upstream terms
03_data/raw/logistics/evrp_benchmarks/e-vrptw_mendeley_schneider/evrptw_instances/rc201C10.txt,txt,1586,2012-01-17T10:45:16+00:00,3424eb13cf3c31c5566a358d5bbf45fd689cbc3077dec252f4e3cca940019360,Repository inventory,raw,False,Repository/local artifact,See repository/source metadata; not inferred,UNKNOWN—verify upstream terms
03_data/raw/logistics/evrp_benchmarks/e-vrptw_mendeley_schneider/evrptw_instances/rc201_21.txt,txt,11107,2012-01-17T10:34:52+00:00,05de9a222789707ffcce07b31776e71b0ca87b7f72f5c0d115af11e39f2a2841,Repository inventory,raw,False,Repository/local artifact,See repository/source metadata; not inferred,UNKNOWN—verify upstream terms
03_data/raw/logistics/evrp_benchmarks/e-vrptw_mendeley_schneider/evrptw_instances/rc202C15.txt,txt,2124,2012-01-17T10:41:54+00:00,ffd1c0d9d28012b61b873944598580df6b2395a9dc8d8f91707027a1aa07212f,Repository inventory,raw,False,Repository/local artifact,See repository/source metadata; not inferred,UNKNOWN—verify upstream terms
03_data/raw/logistics/evrp_benchmarks/e-vrptw_mendeley_schneider/evrptw_instances/rc202_21.txt,txt,11107,2012-01-17T10:35:38+00:00,94205aad7900adeb324a1094a6acf1d36f1b4a6302e9db4c321a16dfbd7642c2,Repository inventory,raw,False,Repository/local artifact,See repository/source metadata; not inferred,UNKNOWN—verify upstream terms
03_data/raw/logistics/evrp_benchmarks/e-vrptw_mendeley_schneider/evrptw_instances/rc203_21.txt,txt,11107,2012-01-17T10:35:48+00:00,91119fe630bd3d0e91665ca7b935a738d46c66181df4b93f28ecef21d6818991,Repository inventory,raw,False,Repository/local artifact,See repository/source metadata; not inferred,UNKNOWN—verify upstream terms
03_data/raw/logistics/evrp_benchmarks/e-vrptw_mendeley_schneider/evrptw_instances/rc204C15.txt,txt,2300,2012-01-17T10:42:02+00:00,a023b9f7965ee6cfbda5238e2dc4ab44d0691fa5cf61d0e93e5e932722800856,Repository inventory,raw,False,Repository/local artifact,See repository/source metadata; not inferred,UNKNOWN—verify upstream terms
03_data/raw/logistics/evrp_benchmarks/e-vrptw_mendeley_schneider/evrptw_instances/rc204C5.txt,txt,1144,2012-01-17T10:50:32+00:00,4e97d097aa08fc058e89f1f44a8f17e856033ef52a33adb4b356c1175e05f32d,Repository inventory,raw,False,Repository/local artifact,See repository/source metadata; not inferred,UNKNOWN—verify upstream terms
03_data/raw/logistics/evrp_benchmarks/e-vrptw_mendeley_schneider/evrptw_instances/rc204_21.txt,txt,11107,2012-01-17T10:36:02+00:00,947224b4eaa54dab358f0ad7e598ad6b570889aff3c560ec829cff57800b7625,Repository inventory,raw,False,Repository/local artifact,See repository/source metadata; not inferred,UNKNOWN—verify upstream terms
03_data/raw/logistics/evrp_benchmarks/e-vrptw_mendeley_schneider/evrptw_instances/rc205C10.txt,txt,1584,2012-01-17T10:45:26+00:00,cce296f725423598725a375a49cb2e9bb41b61195c197cf808fa8ab7b975d7a7,Repository inventory,raw,False,Repository/local artifact,See repository/source metadata; not inferred,UNKNOWN—verify upstream terms
03_data/raw/logistics/evrp_benchmarks/e-vrptw_mendeley_schneider/evrptw_instances/rc205_21.txt,txt,11107,2012-01-17T10:36:14+00:00,dcba9a6f5ae00ff930622863083d39448d092ec31cc7d17583f352297ee31891,Repository inventory,raw,False,Repository/local artifact,See repository/source metadata; not inferred,UNKNOWN—verify upstream terms
03_data/raw/logistics/evrp_benchmarks/e-vrptw_mendeley_schneider/evrptw_instances/rc206_21.txt,txt,11107,2012-01-17T10:36:26+00:00,338433e91eeffd3d48bf68b3954124ea8f18ba9a94ac084ae6bb7717a0a83314,Repository inventory,raw,False,Repository/local artifact,See repository/source metadata; not inferred,UNKNOWN—verify upstream terms
03_data/raw/logistics/evrp_benchmarks/e-vrptw_mendeley_schneider/evrptw_instances/rc207_21.txt,txt,11107,2012-01-17T10:36:38+00:00,27a81f7aaf06c0e8c5dcd6d42aea1050645fb3547f46baba0b4c9f6e4e4b1d72,Repository inventory,raw,False,Repository/local artifact,See repository/source metadata; not inferred,UNKNOWN—verify upstream terms
03_data/raw/logistics/evrp_benchmarks/e-vrptw_mendeley_schneider/evrptw_instances/rc208C5.txt,txt,1053,2012-01-17T10:50:42+00:00,39569a9955b704b3217d3cd99ce5259aa631b2a0fe3333077aba125e4506493f,Repository inventory,raw,False,Repository/local artifact,See repository/source metadata; not inferred,UNKNOWN—verify upstream terms
03_data/raw/logistics/evrp_benchmarks/e-vrptw_mendeley_schneider/evrptw_instances/rc208_21.txt,txt,11107,2012-01-17T10:36:50+00:00,848ac4428c45536e665596eb3031d4cf06747a109edbb2a5ab6498422157954d,Repository inventory,raw,False,Repository/local artifact,See repository/source metadata; not inferred,UNKNOWN—verify upstream terms
03_data/raw/logistics/evrp_benchmarks/e-vrptw_mendeley_schneider/evrptw_instances/readme.txt,txt,1013,2019-01-22T02:04:28+00:00,e54c6bf918a518289ff0b37d51b8b864c96c1b4e891a607cc81a6ccceafd8ebb,Repository inventory,raw,False,Repository/local artifact,See repository/source metadata; not inferred,UNKNOWN—verify upstream terms
03_data/raw/logistics/evrp_benchmarks/e-vrptw_mendeley_schneider/evrptw_instances.zip,zip,116406,2020-02-16T06:07:38+00:00,54e305a03cc0aa8aba085d3e7fefc4e3357aba34357e0cd1f84c5b36c6c1df02,Repository inventory,raw,False,Repository/local artifact,See repository/source metadata; not inferred,UNKNOWN—verify upstream terms
03_data/raw/logistics/evrp_benchmarks/e-vrptw_mendeley_schneider/h3mrm5dhxw-1.zip,zip,104019,2026-07-04T14:50:35.569646+00:00,305fbbbe6dd2c15e3b6d26823eb92d3f5fa78e88cafb90eb83ba98cf47a5596b,Repository inventory,raw,False,Repository/local artifact,See repository/source metadata; not inferred,UNKNOWN—verify upstream terms
03_data/raw/logistics/gtfs/tokyo/toei_bus_gtfs_2026-07-04.zip,zip,9121727,2026-07-04T08:42:48.765626+00:00,c3422dc42e146e5fbb07fffe2acb6d6694c4a04458400bd57dfb0d0735a7169c,Repository inventory,raw,False,Repository/local artifact,See repository/source metadata; not inferred,UNKNOWN—verify upstream terms
03_data/raw/logistics/source_collections/freight_flow_census_tokyo/56_01_1011_establishment_locations_by_prefecture.csv,csv,1334,2026-07-05T05:10:40.500697+00:00,c2b7052c12b1ebbc4febe17ebbcfc4859a2440b4e1aea257b04301b11b5db858,Repository inventory,raw,False,Repository/local artifact,See repository/source metadata; not inferred,UNKNOWN—verify upstream terms
03_data/raw/logistics/source_collections/freight_flow_census_tokyo/56_01_2011_generated_attracted_freight_by_prefecture.csv,csv,2099,2026-07-05T05:10:40.427635+00:00,c83976d7ef13618fba1c88c492e652ece812d259e0ec854285010cc812622bd8,Repository inventory,raw,False,Repository/local artifact,See repository/source metadata; not inferred,UNKNOWN—verify upstream terms
03_data/raw/logistics/source_collections/freight_flow_census_tokyo/56_01_3011_interregional_freight_flow_by_prefecture.csv,csv,439818,2026-07-05T05:10:40.244203+00:00,43c45a0e3a9f5c577521eff604ae0a156cdb71c28b115fc7e4bb2889e0bea093,Repository inventory,raw,False,Repository/local artifact,See repository/source metadata; not inferred,UNKNOWN—verify upstream terms
03_data/raw/logistics/source_collections/mlit_logistics_hubs/P31-13_13.zip,zip,44719,2026-07-05T04:52:23.733830+00:00,24f8fb1b549e0b467b65c037b5e4ad43c9c3885e12c80b289d8f4e5c9be9b4aa,Repository inventory,raw,False,Repository/local artifact,See repository/source metadata; not inferred,UNKNOWN—verify upstream terms
03_data/raw/logistics/source_collections/mlit_primary_highway_freight_network/N12-21_13_GML.zip,zip,309471,2026-07-05T04:57:26.404792+00:00,8f7935d21bb64b33a48e6bcf087788777de8a4b1800bc8cc30a3a59daa5fa453,Repository inventory,raw,False,Repository/local artifact,See repository/source metadata; not inferred,UNKNOWN—verify upstream terms
03_data/raw/logistics/vrp_benchmarks/cvrp_augerat/A-n32-k5.vrp,vrp,717,2026-07-01T06:42:32.804664+00:00,b30e9b944458d7466f5c0823480871204ddf1bd7424d5984e623ae58eb49d552,Repository inventory,raw,False,Repository/local artifact,See repository/source metadata; not inferred,UNKNOWN—verify upstream terms
03_data/raw/population/estat/tokyo/estat_2020_population_census_table_1-1-3_tokyo_2026-07-04.csv,csv,705717,2026-07-04T08:27:02.431420+00:00,941feda4e1502415b69e8d49ab710578eb05b9f8e51fc1ee08d0f3554cf47711,Repository inventory,raw,False,Repository/local artifact,See repository/source metadata; not inferred,UNKNOWN—verify upstream terms
03_data/raw/population/estat/tokyo_mesh/tblT001101H13.zip,zip,409568,2026-07-04T15:49:02.740070+00:00,072b72caef303140c135a5baf787246dded4389f99790f7e8b40094a0fc8e7bd,Repository inventory,raw,False,Repository/local artifact,See repository/source metadata; not inferred,UNKNOWN—verify upstream terms
03_data/raw/road_network/boundary/mlit_n03_tokyo/N03-20240101_13_GML.zip,zip,11235803,2026-07-04T15:49:02.733809+00:00,2c2cfd4413658c2e7cb919bb80638cc235a4e29555e72a282211613e7dc046ff,Repository inventory,raw,False,Repository/local artifact,See repository/source metadata; not inferred,UNKNOWN—verify upstream terms
03_data/raw/road_network/traffic/jartic/tokyo/jartic_tokyo_traffic_1h_202607042200.json,json,41031,2026-07-04T15:47:38.653823+00:00,105ac97ac81da3a10f8988b3b1a95d010616983cf4dfeb93b033d6f23f2afc0e,Repository inventory,raw,False,Repository/local artifact,See repository/source metadata; not inferred,UNKNOWN—verify upstream terms
03_data/raw/road_network/traffic/mlit_road_census_tokyo/zkntrf13.csv,csv,886326,2026-07-04T15:49:02.749393+00:00,e3ea70d997c307a190ee790ca7b5f2b52346c7917c40e3a3a5b663cfad5db5e3,Repository inventory,raw,False,Repository/local artifact,See repository/source metadata; not inferred,UNKNOWN—verify upstream terms
03_data/raw/road_network/traffic/tokyo_metropolitan_police/02_cyousakekka_csv.zip,zip,231417,2026-07-04T15:49:02.744505+00:00,c6bd8d72d306891d34732e8ecdb10b4160ac5c2fe968d28a7e65eafc11c55113,Repository inventory,raw,False,Repository/local artifact,See repository/source metadata; not inferred,UNKNOWN—verify upstream terms
03_data/raw/vehicle_specs/ev_vehicle_specs_sources.csv,csv,2987,2026-07-11T19:53:15.254693+00:00,6039085a8a2b0610fdb25d7094b7193615fdb4ce59acd115b2d16c1fde5e2447,Repository inventory,raw,False,Repository/local artifact,See repository/source metadata; not inferred,UNKNOWN—verify upstream terms
03_data/raw/vehicle_specs/iea/EV_Data_Explorer_2026_download_2026-06-30.xlsx,xlsx,2481975,2026-06-30T06:26:26.613533+00:00,a3db67f6d2d70ff759c170b416b1a74ff149a7ed029c7fc198d9c9ab799719c4,Repository inventory,raw,False,Repository/local artifact,See repository/source metadata; not inferred,UNKNOWN—verify upstream terms
03_data/raw/vehicle_specs/iea/EV_Data_Explorer_2026_existing_raw.xlsx,xlsx,2450932,2026-07-04T14:36:41.879876+00:00,62afdb70bb53878d6e8bb82375026814d39d9524889a6df46a9395979de1d043,Repository inventory,raw,False,Repository/local artifact,See repository/source metadata; not inferred,UNKNOWN—verify upstream terms
03_data/raw/vehicle_specs/official_sources/hino_dutro_z_ev_2024.html,html,49784,2026-07-05T05:01:46.192267+00:00,9ff392f4b59238f7f825020ae0414131b8ed52a089a883e552ccec985c0dd0a7,Repository inventory,raw,False,Repository/local artifact,See repository/source metadata; not inferred,UNKNOWN—verify upstream terms
03_data/raw/vehicle_specs/official_sources/isuzu_elf_ev_product.html,html,134237,2026-07-05T05:01:46.031909+00:00,061d1a82e0945122174a7bce4d1cbd5ee06f14c25f8534549742711ed6f2beab,Repository inventory,raw,False,Repository/local artifact,See repository/source metadata; not inferred,UNKNOWN—verify upstream terms
03_data/raw/vehicle_specs/official_sources/mitsubishi_fuso_ecanter_launch_2023.html,html,261058,2026-07-05T05:01:44.987639+00:00,b71a66c11d140138beb56fb1ca475f2486c83a9e1190f91ea552f97a028828a3,Repository inventory,raw,False,Repository/local artifact,See repository/source metadata; not inferred,UNKNOWN—verify upstream terms
03_data/raw/vehicle_specs/official_sources/mitsubishi_fuso_ecanter_yamato_2023.html,html,238080,2026-07-05T05:01:45.796877+00:00,1101ce2d2fb6912b25fa45acd8e1c848e6e0ffa25aa8c48b6fd53b13f0332417,Repository inventory,raw,False,Repository/local artifact,See repository/source metadata; not inferred,UNKNOWN—verify upstream terms
03_data/raw/vehicle_specs/official_sources/toyota_pixisvan_bev_spec_202606.pdf,pdf,419701,2026-07-05T05:01:46.473289+00:00,7f503cdb90f10e1c1caaff1eaa47b5110662c0d5a3c96c1d5b25f6d6a7834cb9,Repository inventory,raw,False,Repository/local artifact,See repository/source metadata; not inferred,UNKNOWN—verify upstream terms
04_notebooks/active/500_20260711_tokyo_synthetic_evrp_constraint_gap_analysis.ipynb,ipynb,206175,2026-07-11T19:53:47.386687+00:00,ad74453c3129d9b2074684cc10e9b1a38ad4db96d2ea464aef068e1760798fbb,Repository inventory,intermediate,False,Repository/local artifact,See repository/source metadata; not inferred,UNKNOWN—verify upstream terms
04_notebooks/exploratory/501_20260706_literature_to_figures_workflow.ipynb,ipynb,23662,2026-07-12T15:16:26.338803+00:00,01c58644668d724cb7ba409fde864980de11408f3d7874abfb40cd02a495ef52,Repository inventory,intermediate,False,Repository/local artifact,See repository/source metadata; not inferred,UNKNOWN—verify upstream terms
05_src/constraint_evaluation/run_tokyo_synthetic_evrp_analysis.py,py,31283,2026-07-11T19:53:49.575063+00:00,e135b66d80bcd963d6ecb88dfbe0c42cb6f078e2cc338c63ea93d82970826fdd,Audit input,intermediate,True,Repository/local artifact,See repository/source metadata; not inferred,UNKNOWN—verify upstream terms
05_src/constraint_evaluation/validation_utils.py,py,44060,2026-07-11T06:41:47.493121+00:00,2a7c0a11edfdc3be62afc7e7a03f6b9632138ba45a362900002b7fc0ad9fe760,Audit input,intermediate,True,Repository/local artifact,See repository/source metadata; not inferred,UNKNOWN—verify upstream terms
05_src/data_processing/fetch_jartic_tokyo_traffic.py,py,11065,2026-07-11T19:53:49.629008+00:00,655385f0259dc90bdc1596bbb5c288f05d3ba9b8d246e36f78d5dde45803cad2,Audit input,intermediate,True,Repository/local artifact,See repository/source metadata; not inferred,UNKNOWN—verify upstream terms
05_src/data_processing/fetch_open_charge_map_tokyo.py,py,23209,2026-07-11T19:53:49.677476+00:00,44d030adff76c5671a3fe1602161d8bdde2543c6c664de4c1a993fe0c1c4137a,Audit input,intermediate,True,Repository/local artifact,See repository/source metadata; not inferred,UNKNOWN—verify upstream terms
05_src/data_processing/process_ev_vehicle_specs.py,py,16683,2026-07-11T19:53:49.622327+00:00,f51fb93fc42511ae75573e30967c7bfbeab9440334af707bcc62d9360d567549,Audit input,intermediate,True,Repository/local artifact,See repository/source metadata; not inferred,UNKNOWN—verify upstream terms
05_src/data_processing/process_mlit_logistics_hubs.py,py,10545,2026-07-11T19:53:49.683774+00:00,6c94e38df3597fcd21c1f1fad4c9cc5040b271fa65fcde66997444e310feeb72,Audit input,intermediate,True,Repository/local artifact,See repository/source metadata; not inferred,UNKNOWN—verify upstream terms
05_src/data_processing/process_mlit_primary_highway_freight_network.py,py,9395,2026-07-11T19:53:49.665146+00:00,034e6bf2bf46567a4a4ec4f4b896113cdbaa6f5099b5d98b9d227e94ab7ea3ed,Audit input,intermediate,True,Repository/local artifact,See repository/source metadata; not inferred,UNKNOWN—verify upstream terms
05_src/data_processing/process_tokyo_freight_flow_census.py,py,21266,2026-07-11T19:53:49.640870+00:00,5faa303f8f08562192cb941032beb5b65de23cb6787b8e8e503676d2e0dca555,Audit input,intermediate,True,Repository/local artifact,See repository/source metadata; not inferred,UNKNOWN—verify upstream terms
05_src/data_processing/process_tokyo_gtfs.py,py,6306,2026-07-11T19:53:49.687901+00:00,0759dcf35cb7b97c8378973825247cf39f8b21ee12206f518c51df8b3e98a83c,Audit input,intermediate,True,Repository/local artifact,See repository/source metadata; not inferred,UNKNOWN—verify upstream terms
05_src/data_processing/process_tokyo_public_data_inputs.py,py,21630,2026-07-11T19:53:49.659557+00:00,b748483508be16e9c91f19ebb2f6e041d261635e307eed775385396d8da333cb,Audit input,intermediate,True,Repository/local artifact,See repository/source metadata; not inferred,UNKNOWN—verify upstream terms
05_src/data_processing/process_tokyo_subcase_open_data.py,py,9968,2026-07-11T19:53:49.647289+00:00,e8733d6544e97f0bffbfc9d066c351be86288c9c1000c5c443cd108f801e6228,Audit input,intermediate,True,Repository/local artifact,See repository/source metadata; not inferred,UNKNOWN—verify upstream terms
05_src/literature_analysis/analyze_evrp_benchmark_instances.py,py,20650,2026-07-11T19:53:49.790393+00:00,354ac6511038bbd5fc85a70237fe690f93979fb7334c41066c6b16c24b16b579,Audit input,intermediate,True,Repository/local artifact,See repository/source metadata; not inferred,UNKNOWN—verify upstream terms
05_src/literature_analysis/make_evrp_requirement_gap_analysis.py,py,21774,2026-07-11T19:53:49.852745+00:00,9000738b40379f511e58ddeeb307d775b716d9cca72ce92dff11c25f6675596c,Audit input,intermediate,True,Repository/local artifact,See repository/source metadata; not inferred,UNKNOWN—verify upstream terms
05_src/literature_analysis/make_explanatory_quantum_social_readiness_table.py,py,5679,2026-07-11T19:53:49.778161+00:00,b2254709db41e5b9c40f784667ab498e30712776f900653649782abc6abb812b,Audit input,intermediate,True,Repository/local artifact,See repository/source metadata; not inferred,UNKNOWN—verify upstream terms
05_src/literature_analysis/make_future_wheels_node_scoring.py,py,18184,2026-07-05T04:35:11.283747+00:00,f0aafc49810629c5db17036b2272daa7c507e715e94b3b144b2a3f3136d94fd7,Audit input,intermediate,True,Repository/local artifact,See repository/source metadata; not inferred,UNKNOWN—verify upstream terms
05_src/literature_analysis/make_future_wheels_scoring_tables.py,py,9492,2026-07-11T19:53:49.773837+00:00,630accb01999c2f0f47f1bac64da0dceba7822a90e6bf02e62309e49d289caf7,Audit input,intermediate,True,Repository/local artifact,See repository/source metadata; not inferred,UNKNOWN—verify upstream terms
05_src/literature_analysis/make_midterm_presentation_artifacts.py,py,11238,2026-07-11T19:53:49.881586+00:00,c26c77735cd204b120213753f3413faf4cb4cc36df936dbd14c13212ee2c2269,Audit input,intermediate,True,Repository/local artifact,See repository/source metadata; not inferred,UNKNOWN—verify upstream terms
05_src/literature_analysis/make_morphological_use_case_analysis.py,py,27946,2026-07-11T19:53:49.874409+00:00,f1ef8fca6313a4a433ba73d36eb5a37e25a4901a4fe03508874e566180f4cfb1,Audit input,intermediate,True,Repository/local artifact,See repository/source metadata; not inferred,UNKNOWN—verify upstream terms
05_src/literature_analysis/make_qrl_wise_srl_score_table.py,py,11367,2026-07-09T03:37:05.910915+00:00,f76da0eec459dfda9f48c4fc77e5de3d8c32f82a3b0a925b37e2fb3fd7870e54,Audit input,intermediate,True,Repository/local artifact,See repository/source metadata; not inferred,UNKNOWN—verify upstream terms
05_src/literature_analysis/make_scale_gap_analysis.py,py,21080,2026-07-11T19:53:49.743500+00:00,83709c61b23f6ba30f4b63a607a3dfc02c1b5ed31c3dc391f2058270f79e2518,Audit input,intermediate,True,Repository/local artifact,See repository/source metadata; not inferred,UNKNOWN—verify upstream terms
05_src/literature_analysis/make_srl_qrl_methodology_design.py,py,5622,2026-07-11T19:53:49.839195+00:00,a5ce579eb273a5af794771a99aa221a5cf5ea70287da07fff89c9e2cdc495c5d,Audit input,intermediate,True,Repository/local artifact,See repository/source metadata; not inferred,UNKNOWN—verify upstream terms
05_src/literature_analysis/make_srl_qrl_requirement_evidence_network_v2.py,py,26843,2026-07-12T15:14:48.357196+00:00,7f79ec325b8a139f882933362a6d5144449e5efab007c12c113050389ba65b0b,Audit input,intermediate,True,Repository/local artifact,See repository/source metadata; not inferred,UNKNOWN—verify upstream terms
05_src/literature_analysis/make_updated_future_wheels.py,py,24672,2026-07-11T19:53:49.894827+00:00,94585ac66c40bfbb6a73e7b99f7d503bd6a7afe74a7191b70e05cea02f5995f7,Audit input,intermediate,True,Repository/local artifact,See repository/source metadata; not inferred,UNKNOWN—verify upstream terms
05_src/literature_analysis/research_summary_utils.py,py,24321,2026-07-11T06:53:14.943657+00:00,6b59d238789c0b3a2d55028d8ffbef9864d03eb0858a9c3ae374c3a6ec863871,Audit input,intermediate,True,Repository/local artifact,See repository/source metadata; not inferred,UNKNOWN—verify upstream terms
05_src/scenario_generation/__pycache__/scenario_utils.cpython-311.pyc,pyc,48161,2026-07-13T03:35:07.236899+00:00,8a9242eefe6882782ab5cc7d97cc798e6b5c93a20140a0e4ee5a7c03afbdb10d,Audit input,intermediate,True,Repository/local artifact,See repository/source metadata; not inferred,UNKNOWN—verify upstream terms
05_src/scenario_generation/build_tokyo_synthetic_evrp_notebook.py,py,36494,2026-07-11T19:53:49.729119+00:00,e726fa8986a063a0bdad57eae44935fb70fd99b5f9ab9d685c77da4cca3605f9,Audit input,intermediate,True,Repository/local artifact,See repository/source metadata; not inferred,UNKNOWN—verify upstream terms
05_src/scenario_generation/scenario_utils.py,py,44283,2026-07-13T01:49:24.386867+00:00,ae9225197a77b0c340eb2faa027b88dcfaa59957068b1a3bf60969de4803005b,Audit input,intermediate,True,Repository/local artifact,See repository/source metadata; not inferred,UNKNOWN—verify upstream terms
05_src/sensitivity/__pycache__/monte_carlo_utils.cpython-311.pyc,pyc,32508,2026-07-13T05:00:43.007788+00:00,00a973023cbafdd49a27d076c94301e067039b9d70ab0a845b9be00c339a4368,Audit input,intermediate,True,Repository/local artifact,See repository/source metadata; not inferred,UNKNOWN—verify upstream terms
05_src/sensitivity/monte_carlo_utils.py,py,28004,2026-07-11T06:56:43.321740+00:00,814562c2de3118c1bb8b25a33f60b0429d09d8d03cb79043db090677f1fd8fbb,Audit input,intermediate,True,Repository/local artifact,See repository/source metadata; not inferred,UNKNOWN—verify upstream terms
05_src/visualization/make_future_wheels_figures.py,py,18638,2026-07-09T03:37:05.927207+00:00,7cacce62d66c26b20c156571b530174bbca6e33155be66e2215a4d21be6384e1,Audit input,intermediate,True,Repository/local artifact,See repository/source metadata; not inferred,UNKNOWN—verify upstream terms
05_src/visualization/make_presentation_figure_1.py,py,18431,2026-07-11T19:53:49.510787+00:00,be3f63e6fd2b3d3d3d191443d5ccdcf5d6755d834d349054b4866a53757897b9,Audit input,intermediate,True,Repository/local artifact,See repository/source metadata; not inferred,UNKNOWN—verify upstream terms
05_src/visualization/make_qrl_srl_table_figure.py,py,5461,2026-07-09T03:37:05.919566+00:00,e503a3b3acda56121855df2c2b5b2983f0d68084fbd8f37583983287f61e18f3,Audit input,intermediate,True,Repository/local artifact,See repository/source metadata; not inferred,UNKNOWN—verify upstream terms
05_src/visualization/make_slide_15_generated_scenario_map.py,py,10775,2026-07-11T19:53:49.559063+00:00,7de9a035b3386bcb5aaaf2a29b568684fa5b558e635ce6b7759028f2e280b285,Audit input,intermediate,True,Repository/local artifact,See repository/source metadata; not inferred,UNKNOWN—verify upstream terms
05_src/visualization/make_tokyo_evrp_quantum_requirement_map.py,py,17984,2026-07-11T19:53:49.497302+00:00,8322e06ebc39d2ceaa2df30b2ad4802016879658838b079e8e932f64bb615f9b,Audit input,intermediate,True,Repository/local artifact,See repository/source metadata; not inferred,UNKNOWN—verify upstream terms
05_src/visualization/make_tokyo_evrp_quantum_requirement_map_ja.py,py,15165,2026-07-11T19:53:49.538591+00:00,84adfc46032143f598536a9426760e776c983ece8687669268f254ca66a6b98a,Audit input,intermediate,True,Repository/local artifact,See repository/source metadata; not inferred,UNKNOWN—verify upstream terms
05_src/visualization/render_tokyo_synthetic_evrp_outputs.py,py,37489,2026-07-11T19:53:49.530964+00:00,89008fec039dc824cac9bcab796dc4ba92a132b51dca229a379651720e78ac4d,Audit input,intermediate,True,Repository/local artifact,See repository/source metadata; not inferred,UNKNOWN—verify upstream terms
05_src/visualization/table_rendering_utils.py,py,30686,2026-07-11T07:04:12.468476+00:00,ca6641089ce37828f1c11b09c1b3efb7c05086e4c4d533cdc823f923b784f164,Audit input,intermediate,True,Repository/local artifact,See repository/source metadata; not inferred,UNKNOWN—verify upstream terms
06_outputs/figures/active/01_quantum_vrp_evidence/figure_1_presentation_plot_data.csv,csv,14035,2026-07-11T03:39:35.136692+00:00,581d4c953d3234bbb07ef419372b975f5bc530cf653b81c6bf51c3289d32d32f,Repository inventory,output,False,Repository/local artifact,See repository/source metadata; not inferred,UNKNOWN—verify upstream terms
06_outputs/figures/active/01_quantum_vrp_evidence/figure_1_width_by_instance.png,png,242397,2026-07-11T03:39:34.198674+00:00,dc8ec7319f3003abb1a9007e3521a9da22fc552f096c2987451a883bc5e40757,Repository inventory,output,False,Repository/local artifact,See repository/source metadata; not inferred,UNKNOWN—verify upstream terms
06_outputs/figures/active/01_quantum_vrp_evidence/qrl_srl_score_summary_table.png,png,307481,2026-07-11T03:39:46.190579+00:00,fada0ac4b59a30360096b54b234f0a2d7bd2f7668ecce3b796d622664d05cde2,Repository inventory,output,False,Repository/local artifact,See repository/source metadata; not inferred,UNKNOWN—verify upstream terms
06_outputs/figures/active/01_quantum_vrp_evidence/srl_qrl_methodology_design.png,png,279937,2026-07-03T01:04:28.404509+00:00,7dc173cc75f3bf2822b1019242f403543f35921e30fbf43eb80f14006595c6c0,Repository inventory,output,False,Repository/local artifact,See repository/source metadata; not inferred,UNKNOWN—verify upstream terms
06_outputs/figures/active/02_requirement_mapping/evrp_benchmark_requirement_table.png,png,437302,2026-07-04T15:10:05.837353+00:00,fb3616d12d61c106ddd2471fc8428d03dec20359c5be9a1e0e6001f0898427dd,Repository inventory,output,False,Repository/local artifact,See repository/source metadata; not inferred,UNKNOWN—verify upstream terms
06_outputs/figures/active/02_requirement_mapping/tokyo_evrp_quantum_requirement_map_table.png,png,636570,2026-07-04T15:10:06.371243+00:00,4c3c02f4c17b4b3b72b6457af2fecf22cfcea806a2a4b8a69a62dae0e806b0c6,Repository inventory,output,False,Repository/local artifact,See repository/source metadata; not inferred,UNKNOWN—verify upstream terms
06_outputs/figures/active/02_requirement_mapping/tokyo_static_evrp_requirement_coverage.png,png,283692,2026-07-05T05:52:11.216179+00:00,b578d20576407905d054e3a6053753c8ffe4814c823917bfe0c3e07d93eef1c4,Repository inventory,output,False,Repository/local artifact,See repository/source metadata; not inferred,UNKNOWN—verify upstream terms
06_outputs/figures/active/circuit_width/make_reported_circuit_width_figure.py,py,17050,2026-07-11T19:53:48.321981+00:00,fecf0befec2474489595a8f982e42da3951d0343a4e9280b6d7d7b04f5aedbe5,Repository inventory,output,False,Repository/local artifact,See repository/source metadata; not inferred,UNKNOWN—verify upstream terms
06_outputs/figures/active/circuit_width/reported_circuit_width_by_instance_full_revised.pdf,pdf,65160,2026-07-11T11:50:46.249742+00:00,3c825f76d1a9aa52bec78440802b581dd0ff068c916ad138e9b0bce804af04a5,Repository inventory,output,False,Repository/local artifact,See repository/source metadata; not inferred,UNKNOWN—verify upstream terms
06_outputs/figures/active/circuit_width/reported_circuit_width_by_instance_full_revised.png,png,811990,2026-07-11T11:50:45.938112+00:00,f9c19d55ae8da02e67c5e4ca0878b7ac2a16e2fad40ed683b98b3ded5fe64199,Repository inventory,output,False,Repository/local artifact,See repository/source metadata; not inferred,UNKNOWN—verify upstream terms
06_outputs/figures/active/circuit_width/reported_circuit_width_by_instance_full_revised.svg,svg,101198,2026-07-11T11:50:45.999635+00:00,55c716716294408399d2959114903545da33063b7bee72b1ef15c7be1285d11a,Repository inventory,output,False,Repository/local artifact,See repository/source metadata; not inferred,UNKNOWN—verify upstream terms
06_outputs/figures/active/circuit_width/reported_circuit_width_by_instance_slide_revised.pdf,pdf,25100,2026-07-11T11:54:15.440289+00:00,64776bfbc810abc3e49b5d38682da029860f7a3fde69ee97b7ec9989c41ac5ba,Repository inventory,output,False,Repository/local artifact,See repository/source metadata; not inferred,UNKNOWN—verify upstream terms
06_outputs/figures/active/circuit_width/reported_circuit_width_by_instance_slide_revised.png,png,277487,2026-07-11T11:54:15.224794+00:00,e1cd2fc6542f5ac46b5117d89e035791be37da4ab69f873dcebd95f61b2e36d5,Repository inventory,output,False,Repository/local artifact,See repository/source metadata; not inferred,UNKNOWN—verify upstream terms
06_outputs/figures/active/circuit_width/reported_circuit_width_by_instance_slide_revised.svg,svg,12680,2026-07-11T11:54:15.253818+00:00,0ac31366f5a690bab23e2dcc1d0ce58cb346701629691bde5cc2d023f8c8c5dc,Repository inventory,output,False,Repository/local artifact,See repository/source metadata; not inferred,UNKNOWN—verify upstream terms
06_outputs/figures/active/circuit_width/reported_circuit_width_plot_data.csv,csv,18997,2026-07-11T19:53:48.334075+00:00,41036ffc604a107c694f9cd55e73c2bc6b55771bc10db76ee1537b92e6f851f7,Repository inventory,output,False,Repository/local artifact,See repository/source metadata; not inferred,UNKNOWN—verify upstream terms
06_outputs/figures/active/circuit_width/reported_circuit_width_source_audit.csv,csv,12175,2026-07-11T19:53:48.311760+00:00,a80a7dde8d9c5531a23ec3e3d21fcd31cdc7237e7efc7f56d73b5ee7791fb6df,Repository inventory,output,False,Repository/local artifact,See repository/source metadata; not inferred,UNKNOWN—verify upstream terms
06_outputs/figures/active/png/figure_01_data_to_analysis_pipeline.png,png,189921,2026-07-11T07:31:18.378003+00:00,e11b18b02e1e0addcdeeaadb74b35aa2f6168b8d454811284ea6853264cb9dd7,Repository inventory,output,False,Repository/local artifact,See repository/source metadata; not inferred,UNKNOWN—verify upstream terms
06_outputs/figures/active/png/figure_02_scenario_design_matrix.png,png,151744,2026-07-11T07:31:18.789063+00:00,14d9597fb7da1eaf636714ea420c8253f2c58ba6bd38e4a98c46e521b8581672,Repository inventory,output,False,Repository/local artifact,See repository/source metadata; not inferred,UNKNOWN—verify upstream terms
06_outputs/figures/active/png/figure_03_tokyo_synthetic_customer_map.png,png,216665,2026-07-11T07:31:19.199741+00:00,91943e3532e8fd9c0cebcddfff225dca2d6ffbe8d00c49b7f58f7c6f864b0b3b,Repository inventory,output,False,Repository/local artifact,See repository/source metadata; not inferred,UNKNOWN—verify upstream terms
06_outputs/figures/active/png/figure_04_route_proxy_map.png,png,290069,2026-07-11T07:31:19.638950+00:00,41ff53ba8cbe05969252dc70efbeb29e4e01bd77b1e6251837dd39c27826e3d0,Repository inventory,output,False,Repository/local artifact,See repository/source metadata; not inferred,UNKNOWN—verify upstream terms
06_outputs/figures/active/png/figure_05_route_distance_distribution.png,png,110938,2026-07-11T07:31:19.983837+00:00,2107877736f2ab8b06fa0aa43aa211d2684dc1df9d9bb23872e56009da29b58d,Repository inventory,output,False,Repository/local artifact,See repository/source metadata; not inferred,UNKNOWN—verify upstream terms
06_outputs/figures/active/png/figure_06_constraint_unmet_rate.png,png,205321,2026-07-11T07:31:20.314453+00:00,d4486688f8ed4b6bcfa1056876a555f331c68e7417c87507e417bcec988a73da,Repository inventory,output,False,Repository/local artifact,See repository/source metadata; not inferred,UNKNOWN—verify upstream terms
06_outputs/figures/active/png/figure_07_seed_variability.png,png,147707,2026-07-11T07:31:20.690617+00:00,11bb17391cfe0e4816fabd175e14c816da9a8f085eed179c4b37ebdfcb7db884,Repository inventory,output,False,Repository/local artifact,See repository/source metadata; not inferred,UNKNOWN—verify upstream terms
06_outputs/figures/active/png/figure_08_scenario_confidence_intervals.png,png,384801,2026-07-11T07:31:21.177550+00:00,daed6d96510d7bfb7b204f6438f665386153dfa5858c17aa6781abc580d3d5e8,Repository inventory,output,False,Repository/local artifact,See repository/source metadata; not inferred,UNKNOWN—verify upstream terms
06_outputs/figures/active/png/figure_09_parameter_sensitivity_heatmap.png,png,429884,2026-07-11T07:31:22.074329+00:00,1ece8076d22045ff68b4177e840767e016e81cf7fe46a52f1c22078caf35cb32,Repository inventory,output,False,Repository/local artifact,See repository/source metadata; not inferred,UNKNOWN—verify upstream terms
06_outputs/figures/active/png/figure_10_tornado_chart.png,png,266073,2026-07-11T07:31:22.610640+00:00,7e3f6d6d3add84f5d72f493b29a0d96e1d4c74f7d35220ec1289d376e3fb0384,Repository inventory,output,False,Repository/local artifact,See repository/source metadata; not inferred,UNKNOWN—verify upstream terms
06_outputs/figures/active/png/figure_11_charger_candidate_distribution.png,png,263008,2026-07-11T07:31:22.998739+00:00,b25f4092410685ffca0a0d9652ae08064375ff15941cb16229d81f460384cba7,Repository inventory,output,False,Repository/local artifact,See repository/source metadata; not inferred,UNKNOWN—verify upstream terms
06_outputs/figures/active/png/figure_12_nearest_charger_distance_distribution.png,png,134429,2026-07-11T07:31:23.376718+00:00,6488bb817548ee4f379c5861c0fff48f98b7ceadda9e2d2dfb87eb8627eb7e90,Repository inventory,output,False,Repository/local artifact,See repository/source metadata; not inferred,UNKNOWN—verify upstream terms
06_outputs/figures/active/png/figure_13_charger_access_feasibility_by_scenario.png,png,166351,2026-07-11T07:31:23.918052+00:00,7ff83223c8245a2920f7b77ff318c8152cb72458df746895cfb039c08727a9bd,Repository inventory,output,False,Repository/local artifact,See repository/source metadata; not inferred,UNKNOWN—verify upstream terms
06_outputs/figures/active/png/figure_14_charging_assisted_range_feasibility_by_scenario.png,png,182512,2026-07-11T07:31:24.536299+00:00,1a28c61e5f5a6db6e5c0b8080b7ad658f124b8e4d500bc4cd958bc8a8db932fa,Repository inventory,output,False,Repository/local artifact,See repository/source metadata; not inferred,UNKNOWN—verify upstream terms
06_outputs/figures/active/png/figure_15_quantum_vrp_evidence_landscape.png,png,320799,2026-07-11T07:31:25.150799+00:00,5a39d9b9f968e879ff38f9ae31e9b847af42a829d9a56f8728b5846f32e22198,Repository inventory,output,False,Repository/local artifact,See repository/source metadata; not inferred,UNKNOWN—verify upstream terms
06_outputs/figures/active/png/figure_16_integrated_research_priority_matrix.png,png,247258,2026-07-11T07:31:25.591891+00:00,5198de07cf615e4ec65eb4107a980f8b7086283f0648d260288af9f1db153b02,Repository inventory,output,False,Repository/local artifact,See repository/source metadata; not inferred,UNKNOWN—verify upstream terms
06_outputs/figures/active/png/figure_17_assumptions_and_limitations.png,png,678942,2026-07-11T07:31:26.326114+00:00,bd362bc0a839ee5e5dad76ce2c49a52643300b5fbe6cfbb0dad4c2fa699d4b31,Repository inventory,output,False,Repository/local artifact,See repository/source metadata; not inferred,UNKNOWN—verify upstream terms
06_outputs/figures/active/png/slide_15_generated_scenario_map.png,png,416779,2026-07-11T11:25:51.322448+00:00,37ee8b4357b0021cf8d7f8844aafb9e487bd920329d7dd47a1967e6a28251e04,Repository inventory,output,False,Repository/local artifact,See repository/source metadata; not inferred,UNKNOWN—verify upstream terms
06_outputs/figures/active/source_data/figure_01_data_to_analysis_pipeline.csv,csv,511,2026-07-11T07:31:18.173698+00:00,7a3a2c449bcb3a4e400717192aadcf6f9ad5713e707cfa58b3d20cc0fb36434a,Repository inventory,output,False,Repository/local artifact,See repository/source metadata; not inferred,UNKNOWN—verify upstream terms
06_outputs/figures/active/source_data/figure_02_scenario_design_matrix.csv,csv,185,2026-07-11T07:31:18.441814+00:00,b08117b5ed5398d936fae77855d0feddc081d2035a708f6f8061d7eed0aa50a2,Repository inventory,output,False,Repository/local artifact,See repository/source metadata; not inferred,UNKNOWN—verify upstream terms
06_outputs/figures/active/source_data/figure_03_tokyo_synthetic_customer_map.csv,csv,2699,2026-07-11T07:31:18.872936+00:00,3750aa4f6cafbfaf12b2564a9e72f7ed94ce449fa6367fe27ffdcde38a649952,Repository inventory,output,False,Repository/local artifact,See repository/source metadata; not inferred,UNKNOWN—verify upstream terms
06_outputs/figures/active/source_data/figure_04_route_proxy_map.csv,csv,13746,2026-07-11T07:31:19.292680+00:00,122d9a9cc2652000e21b7d9d332b09f8a1f9ca95330ffc5a8f14bc46ba2b4dfa,Repository inventory,output,False,Repository/local artifact,See repository/source metadata; not inferred,UNKNOWN—verify upstream terms
06_outputs/figures/active/source_data/figure_05_route_distance_distribution.csv,csv,120320,2026-07-11T07:31:19.763794+00:00,a51dc15d389f8f1b26eba62d7d35dcc54189a9294d0404eabc51bae452a97595,Repository inventory,output,False,Repository/local artifact,See repository/source metadata; not inferred,UNKNOWN—verify upstream terms
06_outputs/figures/active/source_data/figure_06_constraint_unmet_rate.csv,csv,715,2026-07-11T07:31:20.047950+00:00,1aa95b3b3d59c31aade9760adac95fb16e3096595edffb58f688e20aed11cd1c,Repository inventory,output,False,Repository/local artifact,See repository/source metadata; not inferred,UNKNOWN—verify upstream terms
06_outputs/figures/active/source_data/figure_07_seed_variability.csv,csv,1077161,2026-07-11T07:31:20.413459+00:00,be71218837e0836b8f7743732f3cd82ae9d7cd1fcba7120941dc33a6c9b79831,Repository inventory,output,False,Repository/local artifact,See repository/source metadata; not inferred,UNKNOWN—verify upstream terms
06_outputs/figures/active/source_data/figure_08_scenario_confidence_intervals.csv,csv,2685,2026-07-11T07:31:20.775404+00:00,296a4dcc66b41f9e259aa500ee63d94cfb59ad1e529fd02f12ead4e163fb2e4c,Repository inventory,output,False,Repository/local artifact,See repository/source metadata; not inferred,UNKNOWN—verify upstream terms
06_outputs/figures/active/source_data/figure_09_parameter_sensitivity_heatmap.csv,csv,4257,2026-07-11T07:31:21.287220+00:00,dcdef351cda5a10dbc7597aed96204d68600aefe8ab60a51beb8eb3047f56339,Repository inventory,output,False,Repository/local artifact,See repository/source metadata; not inferred,UNKNOWN—verify upstream terms
06_outputs/figures/active/source_data/figure_10_tornado_chart.csv,csv,1201,2026-07-11T07:31:22.245114+00:00,7052b156bdf53abc43bbb98579327b444ca884530baa1cb950253a20e04c0901,Repository inventory,output,False,Repository/local artifact,See repository/source metadata; not inferred,UNKNOWN—verify upstream terms
06_outputs/figures/active/source_data/figure_11_charger_candidate_distribution.csv,csv,34682,2026-07-11T07:31:22.696203+00:00,f21f1f1e1ea6bb41eab16437156a95d1d5ef0a5bd6c4c6c2b7b981b4921048e6,Repository inventory,output,False,Repository/local artifact,See repository/source metadata; not inferred,UNKNOWN—verify upstream terms
06_outputs/figures/active/source_data/figure_12_nearest_charger_distance_distribution.csv,csv,594645,2026-07-11T07:31:23.125053+00:00,5e6a9d48afa960bc850b7a0fb8ad1c21aba0e3576f5a6f275be45b410a27229b,Repository inventory,output,False,Repository/local artifact,See repository/source metadata; not inferred,UNKNOWN—verify upstream terms
06_outputs/figures/active/source_data/figure_13_charger_access_feasibility_by_scenario.csv,csv,604,2026-07-11T07:31:23.494988+00:00,3962831e4bc0e442919012ed7c899aee2897576fee539fccefec02b2c614973d,Repository inventory,output,False,Repository/local artifact,See repository/source metadata; not inferred,UNKNOWN—verify upstream terms
06_outputs/figures/active/source_data/figure_14_charging_assisted_range_feasibility_by_scenario.csv,csv,720,2026-07-11T07:31:24.111752+00:00,716de65306c533e220f8f135296d0c3f7d2bf21c9cd235a31dbd4453cccbca5c,Repository inventory,output,False,Repository/local artifact,See repository/source metadata; not inferred,UNKNOWN—verify upstream terms
06_outputs/figures/active/source_data/figure_15_quantum_vrp_evidence_landscape.csv,csv,4832,2026-07-11T07:31:24.670238+00:00,d682d9824808c459d216900991e9304489c6cc44197fc1bca471691b19ef10dc,Repository inventory,output,False,Repository/local artifact,See repository/source metadata; not inferred,UNKNOWN—verify upstream terms
06_outputs/figures/active/source_data/figure_16_integrated_research_priority_matrix.csv,csv,3482,2026-07-11T07:31:25.254275+00:00,b2b76b7c97247d47129ab7095b7999540eb777f190144046c4b0a27885f7049d,Repository inventory,output,False,Repository/local artifact,See repository/source metadata; not inferred,UNKNOWN—verify upstream terms
06_outputs/figures/active/source_data/figure_17_assumptions_and_limitations.csv,csv,1874,2026-07-11T07:31:25.684035+00:00,cb9351983ca33726ae2f222f84896ba02edbed7590a04b543f39792c5fcc0bba,Repository inventory,output,False,Repository/local artifact,See repository/source metadata; not inferred,UNKNOWN—verify upstream terms
06_outputs/figures/active/source_data/slide_15_generated_scenario_map.csv,csv,29463,2026-07-11T11:25:51.573641+00:00,c2bc2afd47838a55ee0a29060751f82ee420d304cf2f11829c7fea621e0175bc,Repository inventory,output,False,Repository/local artifact,See repository/source metadata; not inferred,UNKNOWN—verify upstream terms
06_outputs/figures/active/svg/figure_01_data_to_analysis_pipeline.svg,svg,9185,2026-07-11T07:31:18.420071+00:00,dc9fa9937b636ce542a352310948d266fe8332c4fda69c256a4e76e4297a47c3,Repository inventory,output,False,Repository/local artifact,See repository/source metadata; not inferred,UNKNOWN—verify upstream terms
06_outputs/figures/active/svg/figure_02_scenario_design_matrix.svg,svg,14470,2026-07-11T07:31:18.857011+00:00,eaca55777214f1f86d030fa528e8991f5b9d7a8a33a2f226e98ca0ff78cffa7b,Repository inventory,output,False,Repository/local artifact,See repository/source metadata; not inferred,UNKNOWN—verify upstream terms
06_outputs/figures/active/svg/figure_03_tokyo_synthetic_customer_map.svg,svg,48178,2026-07-11T07:31:19.263418+00:00,06cc7cff11ed1fcd398cf41d3288dd2ddea9f98242dde3b85eeacfd204a51448,Repository inventory,output,False,Repository/local artifact,See repository/source metadata; not inferred,UNKNOWN—verify upstream terms
06_outputs/figures/active/svg/figure_04_route_proxy_map.svg,svg,31508,2026-07-11T07:31:19.731662+00:00,36f3900a669c5f38bdc428d1e19f0f1be8dd1d60f287ef7779096e589f70e46d,Repository inventory,output,False,Repository/local artifact,See repository/source metadata; not inferred,UNKNOWN—verify upstream terms
06_outputs/figures/active/svg/figure_05_route_distance_distribution.svg,svg,17985,2026-07-11T07:31:20.036473+00:00,9f3f4565f9c6bb05801837b40c5ac76f27006f40c7b8dd52e779a8c8b9a50426,Repository inventory,output,False,Repository/local artifact,See repository/source metadata; not inferred,UNKNOWN—verify upstream terms
06_outputs/figures/active/svg/figure_06_constraint_unmet_rate.svg,svg,10324,2026-07-11T07:31:20.358573+00:00,4bc3beb858fe59a9f6da8df495638eaf76af1abc0df20d1bc6e44957aa89d790,Repository inventory,output,False,Repository/local artifact,See repository/source metadata; not inferred,UNKNOWN—verify upstream terms
06_outputs/figures/active/svg/figure_07_seed_variability.svg,svg,15244,2026-07-11T07:31:20.737813+00:00,5831273ea07c7da89bf2701628f204756e40aa5b97289c010e35044caca17f31,Repository inventory,output,False,Repository/local artifact,See repository/source metadata; not inferred,UNKNOWN—verify upstream terms
06_outputs/figures/active/svg/figure_08_scenario_confidence_intervals.svg,svg,28705,2026-07-11T07:31:21.261824+00:00,86041387c3f93288ae00983b1f78b007c64adacbf855d1fb953f34bc1b0a30ab,Repository inventory,output,False,Repository/local artifact,See repository/source metadata; not inferred,UNKNOWN—verify upstream terms
06_outputs/figures/active/svg/figure_09_parameter_sensitivity_heatmap.svg,svg,22075,2026-07-11T07:31:22.196971+00:00,a1fc32c84cf1302d78934dc36afc15fe55386c7330fcec13744af5d1f765eca5,Repository inventory,output,False,Repository/local artifact,See repository/source metadata; not inferred,UNKNOWN—verify upstream terms
06_outputs/figures/active/svg/figure_10_tornado_chart.svg,svg,18557,2026-07-11T07:31:22.682539+00:00,a7eb76ff4bbb40b4332b6fadba59494397289f9b0863af0a705dd85233ed60cb,Repository inventory,output,False,Repository/local artifact,See repository/source metadata; not inferred,UNKNOWN—verify upstream terms
06_outputs/figures/active/svg/figure_11_charger_candidate_distribution.svg,svg,27462,2026-07-11T07:31:23.063931+00:00,3f003868c72b996f9d61091e89aae11fb3a212d71a5334b3a82630fb1c7e0d0a,Repository inventory,output,False,Repository/local artifact,See repository/source metadata; not inferred,UNKNOWN—verify upstream terms
06_outputs/figures/active/svg/figure_12_nearest_charger_distance_distribution.svg,svg,29707,2026-07-11T07:31:23.456159+00:00,9969f0e2648607373a2b79ac4fe39499839564a03e530644150819dea676c199,Repository inventory,output,False,Repository/local artifact,See repository/source metadata; not inferred,UNKNOWN—verify upstream terms
06_outputs/figures/active/svg/figure_13_charger_access_feasibility_by_scenario.svg,svg,27286,2026-07-11T07:31:24.018906+00:00,8dbe5807311e10727d26142615cb051b0b6c39fcae05ebae7305408d53d1f056,Repository inventory,output,False,Repository/local artifact,See repository/source metadata; not inferred,UNKNOWN—verify upstream terms
06_outputs/figures/active/svg/figure_14_charging_assisted_range_feasibility_by_scenario.svg,svg,27422,2026-07-11T07:31:24.640578+00:00,624e5a87842e9ab7b40654133d98663bf8b1760f205c1926d20498ab683c6530,Repository inventory,output,False,Repository/local artifact,See repository/source metadata; not inferred,UNKNOWN—verify upstream terms
06_outputs/figures/active/svg/figure_15_quantum_vrp_evidence_landscape.svg,svg,17113,2026-07-11T07:31:25.235543+00:00,41f9edaa4ea72d67a6ac25735aad31523cccd943c802015dc494b826e6a81a7c,Repository inventory,output,False,Repository/local artifact,See repository/source metadata; not inferred,UNKNOWN—verify upstream terms
06_outputs/figures/active/svg/figure_16_integrated_research_priority_matrix.svg,svg,18764,2026-07-11T07:31:25.671085+00:00,26eae7d50fd16088f7517451f7e853a3ac7270c1e7454102212c9a68db82a5a4,Repository inventory,output,False,Repository/local artifact,See repository/source metadata; not inferred,UNKNOWN—verify upstream terms
06_outputs/figures/active/svg/figure_17_assumptions_and_limitations.svg,svg,15969,2026-07-11T07:31:26.402185+00:00,cf7e9736dd4fc297f8d04526e09be1dc96c94edc1f3cef5b15d3c16889a3d156,Repository inventory,output,False,Repository/local artifact,See repository/source metadata; not inferred,UNKNOWN—verify upstream terms
06_outputs/figures/active/svg/slide_15_generated_scenario_map.svg,svg,58842,2026-07-11T11:25:51.551441+00:00,8d8eecbfee5ee13ea3085b35c8e9437768a325b080001734de976eec8c6fb664,Repository inventory,output,False,Repository/local artifact,See repository/source metadata; not inferred,UNKNOWN—verify upstream terms
06_outputs/reports/logs/analysis_csv_generation.stderr.log,log,470,2026-07-11T07:31:12.101217+00:00,49b818883f2d7ed68c037bf46be705af086248c7a583e2605a7e748f3d8ed2e7,Repository inventory,output,False,Repository/local artifact,See repository/source metadata; not inferred,UNKNOWN—verify upstream terms
06_outputs/reports/logs/analysis_csv_generation.stdout.log,log,727,2026-07-11T07:31:12.100887+00:00,ce7f9f1b26f8663e1ea4a9523dd5f73e87ed5377448930c31299588dc33cd2dc,Repository inventory,output,False,Repository/local artifact,See repository/source metadata; not inferred,UNKNOWN—verify upstream terms
06_outputs/reports/logs/csv_driven_rendering.stderr.log,log,470,2026-07-11T07:31:26.572153+00:00,49b818883f2d7ed68c037bf46be705af086248c7a583e2605a7e748f3d8ed2e7,Repository inventory,output,False,Repository/local artifact,See repository/source metadata; not inferred,UNKNOWN—verify upstream terms
06_outputs/reports/logs/csv_driven_rendering.stdout.log,log,81,2026-07-11T07:31:26.571967+00:00,926b62482e4cddb2a72c76ce2618ceba1eeb035a7c3498756962f3fb823034a3,Repository inventory,output,False,Repository/local artifact,See repository/source metadata; not inferred,UNKNOWN—verify upstream terms
06_outputs/reports/validation/analysis_output_manifest.csv,csv,11546,2026-07-11T19:53:47.397718+00:00,b96a15bd5f3ffce68ad8a2bc542043c0ffd9e7836d5cadd148bb2d9b8100ccb6,Repository inventory,output,False,Repository/local artifact,See repository/source metadata; not inferred,UNKNOWN—verify upstream terms
06_outputs/reports/validation/execution_status.csv,csv,1253,2026-07-11T07:31:11.309751+00:00,96f77baf276c6789a6812809da0bcf24c36dc4cde2580776984169d3272c9136,Repository inventory,output,False,Repository/local artifact,See repository/source metadata; not inferred,UNKNOWN—verify upstream terms
06_outputs/reports/validation/final_output_manifest.csv,csv,35928,2026-07-11T19:53:47.424888+00:00,5698c17b619e4bb8f4ef3cb572de096a50aed83efbe3bec9a5e4992375371385,Repository inventory,output,False,Repository/local artifact,See repository/source metadata; not inferred,UNKNOWN—verify upstream terms
06_outputs/reports/validation/final_validation_summary.csv,csv,480,2026-07-11T07:31:28.093454+00:00,7a55160f94426a57e7fbbd4e67f85b57388f3a7af49cd73a2d06aaa9049147ca,Repository inventory,output,False,Repository/local artifact,See repository/source metadata; not inferred,UNKNOWN—verify upstream terms
06_outputs/reports/validation/input_inventory.csv,csv,2931,2026-07-11T19:53:47.404195+00:00,a232bef71ef30a5c9f65e96900cf7cdb4df83484f2c7da6e1268ccc793c62f67,Repository inventory,output,False,Repository/local artifact,See repository/source metadata; not inferred,UNKNOWN—verify upstream terms
06_outputs/reports/validation/notebook_execution_status.csv,csv,1414,2026-07-11T19:53:47.401454+00:00,525174c6bcce82f76391ae6e06a3d22413b90e29d9cc256d287495d9d79373ea,Repository inventory,output,False,Repository/local artifact,See repository/source metadata; not inferred,UNKNOWN—verify upstream terms
06_outputs/reports/validation/render_output_manifest.csv,csv,22741,2026-07-11T19:53:47.441641+00:00,a3b0cc07b68d97ef82c1cd07b235485c1ee46836334ede3d7b7a311dfe6d7953,Repository inventory,output,False,Repository/local artifact,See repository/source metadata; not inferred,UNKNOWN—verify upstream terms
06_outputs/reports/validation/render_status.csv,csv,146,2026-07-11T07:31:26.404132+00:00,f3b1f61f0453a8a92c7f4e0860a5d6368e09edb5ff07bed7287e412c3a047cee,Repository inventory,output,False,Repository/local artifact,See repository/source metadata; not inferred,UNKNOWN—verify upstream terms
06_outputs/reports/validation/research_integrity_checks.csv,csv,936,2026-07-11T07:31:11.303944+00:00,9ddd5d89409e136a5d4c42aedd42fcc2405f1e2bd4356047bd8a278fd47102c5,Repository inventory,output,False,Repository/local artifact,See repository/source metadata; not inferred,UNKNOWN—verify upstream terms
06_outputs/reports/validation/statistical_validation.csv,csv,355,2026-07-11T07:31:11.304767+00:00,dee1793ec7fd69bd857e3176e58fd267224d59e0a0a2277de82f6bba365947ba,Repository inventory,output,False,Repository/local artifact,See repository/source metadata; not inferred,UNKNOWN—verify upstream terms
06_outputs/tables/csv/table_01_scenario_design.csv,csv,11216,2026-07-11T07:31:11.295854+00:00,0ac7d32a67889883ac2979893ae18bd75454f84f12802a72102f11beea00e1dd,Repository inventory,output,False,Repository/local artifact,See repository/source metadata; not inferred,UNKNOWN—verify upstream terms
06_outputs/tables/csv/table_02_constraint_unmet_variability.csv,csv,5137,2026-07-11T07:31:11.297006+00:00,c743d8645552066ee87f94a6f21d6a961156feca7dbdc7f97aba369d1b57eb48,Repository inventory,output,False,Repository/local artifact,See repository/source metadata; not inferred,UNKNOWN—verify upstream terms
06_outputs/tables/csv/table_03_quantum_vrp_gap.csv,csv,20306,2026-07-11T07:31:11.298685+00:00,530d2f67dc418b3b879b6cbbf4f59a0443af130fe268f4253c780089083b9ed4,Repository inventory,output,False,Repository/local artifact,See repository/source metadata; not inferred,UNKNOWN—verify upstream terms
06_outputs/tables/csv/table_04_integrated_research_summary.csv,csv,3485,2026-07-11T07:31:11.299735+00:00,667b70935de09123025ea96891d49ee670fc045226e1b85c52b40669f9f586c9,Repository inventory,output,False,Repository/local artifact,See repository/source metadata; not inferred,UNKNOWN—verify upstream terms
06_outputs/tables/csv/table_05_constraint_interpretation_full.csv,csv,5493,2026-07-11T07:31:11.300799+00:00,6f8304d243de50120ed278e4f23c8a8b1581df0c8349147f6bb61ced3cae99e1,Repository inventory,output,False,Repository/local artifact,See repository/source metadata; not inferred,UNKNOWN—verify upstream terms
06_outputs/tables/csv/table_05_constraint_interpretation_slide.csv,csv,1502,2026-07-11T07:31:11.301637+00:00,67ebb1146f88d415a33b1f41477efce533f8f115797a2894509fea12b8b3271d,Repository inventory,output,False,Repository/local artifact,See repository/source metadata; not inferred,UNKNOWN—verify upstream terms
06_outputs/tables/png/table_01_scenario_design.png,png,1274954,2026-07-11T07:31:14.671672+00:00,f1cf7432480548e649a2cd8119ed089811c4c56651b2ef544846c9b011bcc368,Repository inventory,output,False,Repository/local artifact,See repository/source metadata; not inferred,UNKNOWN—verify upstream terms
06_outputs/tables/png/table_02_constraint_unmet_variability.png,png,504635,2026-07-11T07:31:15.311744+00:00,1dec6c46cf8e6186e9a140f23ecb0f7964929ef896ea4b94bd58e256764ab58d,Repository inventory,output,False,Repository/local artifact,See repository/source metadata; not inferred,UNKNOWN—verify upstream terms
06_outputs/tables/png/table_03_quantum_vrp_gap.png,png,1428780,2026-07-11T07:31:16.262360+00:00,d118694a1d2d830eb15c31ec5f1d36b521e41fb4f22b55c27c22b7f1b92ddc88,Repository inventory,output,False,Repository/local artifact,See repository/source metadata; not inferred,UNKNOWN—verify upstream terms
06_outputs/tables/png/table_04_integrated_research_summary.png,png,687287,2026-07-11T07:31:16.939672+00:00,f1fbffbb6440107260a681f7eb3158291396c524f4671c33c9e708ac4d1f3bce,Repository inventory,output,False,Repository/local artifact,See repository/source metadata; not inferred,UNKNOWN—verify upstream terms
06_outputs/tables/png/table_05_constraint_interpretation_full.png,png,968249,2026-07-11T07:31:17.579623+00:00,ee95002219db419c1821e1b3e380cd09aed9d89a859ec63168e42a58458487e9,Repository inventory,output,False,Repository/local artifact,See repository/source metadata; not inferred,UNKNOWN—verify upstream terms
06_outputs/tables/png/table_05_constraint_interpretation_slide.png,png,672145,2026-07-11T07:31:18.100933+00:00,91f21417bd21b23d67abdde44c167cf1e69427eb65a69f6c8f07a6fef475cc44,Repository inventory,output,False,Repository/local artifact,See repository/source metadata; not inferred,UNKNOWN—verify upstream terms
06_outputs/tables/stage_layer_table_d/figure_1_width_extraction_audit.csv,csv,16173,2026-07-11T03:39:18.483073+00:00,7e06928c3646479e83224f6397774b2d58f789a1a09c9b8b698c67db9be78f67,Repository inventory,output,False,Repository/local artifact,See repository/source metadata; not inferred,UNKNOWN—verify upstream terms
06_outputs/tables/stage_layer_table_d/qrl_wise_srl_score_summary.csv,csv,971,2026-07-11T03:39:38.508491+00:00,90b52507e5f7f58dc13f22725953f784e98863fbfc38acbb1df5e03cae46863e,Repository inventory,output,False,Repository/local artifact,See repository/source metadata; not inferred,UNKNOWN—verify upstream terms
06_outputs/tables/stage_layer_table_d/quantum_social_readiness_explanatory_table.csv,csv,3188,2026-07-03T06:05:51.481170+00:00,ec43a3385fa57cda859ab69ed05f4b083b5690b852c9a0490e6e81cff592971f,Repository inventory,output,False,Repository/local artifact,See repository/source metadata; not inferred,UNKNOWN—verify upstream terms
06_outputs/tables/stage_layer_table_d/quantum_social_readiness_key_messages.csv,csv,3024,2026-07-03T06:13:52.573507+00:00,14c167c2be32cd0e98dcc4a2dd9e83f56addc818d5f89b246e4789faa0ee5069,Repository inventory,output,False,Repository/local artifact,See repository/source metadata; not inferred,UNKNOWN—verify upstream terms
06_outputs/tables/stage_layer_table_d/srl_qrl_placement_from_figure_1_data.csv,csv,11958,2026-07-11T03:39:37.282419+00:00,2925fec84951bee37a9026ec876c2ae767a1b410b6efde8e919078198abd0164,Repository inventory,output,False,Repository/local artifact,See repository/source metadata; not inferred,UNKNOWN—verify upstream terms
06_outputs/tables/stage_layer_table_d/srl_qrl_width_definition_registry.csv,csv,3011,2026-07-11T03:39:04.995159+00:00,5bdacb1d6c4eab2b95c66a04711994d34bea0a8711ed864b7a824c2ea31a3625,Repository inventory,output,False,Repository/local artifact,See repository/source metadata; not inferred,UNKNOWN—verify upstream terms
06_outputs/tables/svg/table_01_scenario_design.svg,svg,157882,2026-07-11T07:31:14.902517+00:00,174ffe06b59e8a7abe7cd594cda3526cc860c0452548656fe9889bdbc5e7f211,Repository inventory,output,False,Repository/local artifact,See repository/source metadata; not inferred,UNKNOWN—verify upstream terms
06_outputs/tables/svg/table_02_constraint_unmet_variability.svg,svg,34984,2026-07-11T07:31:15.387581+00:00,0c242db6463e09dc8b03ab5cb3f799b7a7d76054fed3b302b97c6744d492bb7f,Repository inventory,output,False,Repository/local artifact,See repository/source metadata; not inferred,UNKNOWN—verify upstream terms
06_outputs/tables/svg/table_03_quantum_vrp_gap.svg,svg,64483,2026-07-11T07:31:16.398467+00:00,976ee4e8759451f13eebd31999dd199d7c6103ff50ddfb7944ce1e04eb6891c9,Repository inventory,output,False,Repository/local artifact,See repository/source metadata; not inferred,UNKNOWN—verify upstream terms
06_outputs/tables/svg/table_04_integrated_research_summary.svg,svg,37409,2026-07-11T07:31:17.023527+00:00,718250b66051c3713a9939b5e03d3a07a18dffb19c4cb6359cd60719b780a71a,Repository inventory,output,False,Repository/local artifact,See repository/source metadata; not inferred,UNKNOWN—verify upstream terms
06_outputs/tables/svg/table_05_constraint_interpretation_full.svg,svg,34418,2026-07-11T07:31:17.673626+00:00,b953164152b78870bf3015df2d3d7752b149b1006820344cb2d7f590b0d7a031,Repository inventory,output,False,Repository/local artifact,See repository/source metadata; not inferred,UNKNOWN—verify upstream terms
06_outputs/tables/svg/table_05_constraint_interpretation_slide.svg,svg,19883,2026-07-11T07:31:18.158162+00:00,7ff076bcc178172d5b880b837a90d6b1084a4a3b07e8680b76f45ca305b380f0,Repository inventory,output,False,Repository/local artifact,See repository/source metadata; not inferred,UNKNOWN—verify upstream terms
07_presentations/current/0712_MDR2_v2_enriched_appendix.pptx,pptx,1979184,2026-07-13T03:27:42.520854+00:00,c46822f593c4f7b2417bdf220a56e5fe380f30f0aa7a4e25dc02c7b0acb075b1,Audit input,intermediate,True,Repository/local artifact,See repository/source metadata; not inferred,UNKNOWN—verify upstream terms
07_presentations/current/701_20260712_v02_mdr2_presentation.pptx,pptx,2654735,2026-07-11T19:46:50.054415+00:00,59809f8b84b3794fdd1f884b9dab17a5d3f9ed8142e5d1b6ce5cd816589c7828,Repository inventory,intermediate,False,Repository/local artifact,See repository/source metadata; not inferred,UNKNOWN—verify upstream terms
08_documents/manuscripts/latex/.latexmkrc,no_extension,192,2026-06-24T17:43:27.807900+00:00,c6fd1a3c98318b2e7504f237f977ed76749d893468b732ee6b72896bf215ed12,Repository inventory,intermediate,False,Repository/local artifact,See repository/source metadata; not inferred,UNKNOWN—verify upstream terms
08_documents/manuscripts/latex/main.bbl,bbl,6606,2026-06-30T12:51:50.315494+00:00,8ba735a7ac55f24046bf152c9f1087c4a807ffec7c2586aa54e6818237245c17,Repository inventory,intermediate,False,Repository/local artifact,See repository/source metadata; not inferred,UNKNOWN—verify upstream terms
08_documents/manuscripts/latex/main.pdf,pdf,950142,2026-06-30T12:51:59.933467+00:00,cdcc795a3df44f2ffa05792120c4badf82f470e0749038f23be3d5279dacce72,Repository inventory,intermediate,False,Repository/local artifact,See repository/source metadata; not inferred,UNKNOWN—verify upstream terms
08_documents/manuscripts/latex/main.tex,tex,1335,2026-06-26T12:15:55.305494+00:00,cbe242ff6f15d015638902b5bd7d9401ade4c2d9e1abccbdb38dcaff80fb2d3d,Repository inventory,intermediate,False,Repository/local artifact,See repository/source metadata; not inferred,UNKNOWN—verify upstream terms
08_documents/manuscripts/latex/sections/00_abstract.tex,tex,481,2026-07-09T03:37:49.310416+00:00,e83759d042c9f34301a1fc033dc5cc2c698607e4005727b4c3f3040105a9b36a,Repository inventory,intermediate,False,Repository/local artifact,See repository/source metadata; not inferred,UNKNOWN—verify upstream terms
08_documents/manuscripts/latex/sections/01_introduction.tex,tex,1385,2026-07-09T03:37:49.311122+00:00,16138b3f00369acd6b79e5174f2625fda9aa4dea5cae7177f826aa91f0ed9cf7,Repository inventory,intermediate,False,Repository/local artifact,See repository/source metadata; not inferred,UNKNOWN—verify upstream terms
08_documents/manuscripts/latex/sections/02_5_survey.tex,tex,9462,2026-07-09T03:37:49.311971+00:00,93745b04b9faef5512091fd263c5f97f6cefb9d0b0db9b74537fce6da89abdf0,Repository inventory,intermediate,False,Repository/local artifact,See repository/source metadata; not inferred,UNKNOWN—verify upstream terms
08_documents/manuscripts/latex/sections/02_background.tex,tex,4414,2026-07-09T03:37:49.313243+00:00,8c9c17605945a97ee76a27d9313cd581e5b10f7ad33a7f4dccee1217eb8fb2db,Repository inventory,intermediate,False,Repository/local artifact,See repository/source metadata; not inferred,UNKNOWN—verify upstream terms
08_documents/manuscripts/latex/sections/03_method.tex,tex,22304,2026-07-09T03:37:49.314662+00:00,1d505df78c67a661ac4565b206dc955e4a7b5aed1a06513a9e99e60c17564fcc,Repository inventory,intermediate,False,Repository/local artifact,See repository/source metadata; not inferred,UNKNOWN—verify upstream terms
08_documents/manuscripts/latex/sections/04_results.tex,tex,2331,2026-07-11T19:53:49.463231+00:00,938dee2bf381f876c376a2d2699c7b68aa9c3479202aba5234541bf1ea9accc1,Repository inventory,intermediate,False,Repository/local artifact,See repository/source metadata; not inferred,UNKNOWN—verify upstream terms
08_documents/manuscripts/latex/sections/04_results_table_baseline_2025_fragment.tex,tex,1475,2026-07-09T03:37:49.315826+00:00,a75e35bcd9c2fc328a6643dad8c79c77536867ccddd56c6263a6b6f20d2162cf,Repository inventory,intermediate,False,Repository/local artifact,See repository/source metadata; not inferred,UNKNOWN—verify upstream terms
08_documents/manuscripts/latex/sections/05_discussion.tex,tex,5644,2026-07-09T03:37:49.316920+00:00,3fba6392377b36eb05a14c47faa0655eb3bbd51d051d6f4ddbef14c81627d376,Repository inventory,intermediate,False,Repository/local artifact,See repository/source metadata; not inferred,UNKNOWN—verify upstream terms
08_documents/manuscripts/latex/sections/06_conclusion.tex,tex,2397,2026-07-09T03:37:49.317586+00:00,fd698031ebf98b69e0491c75595dfd07d4102773cec77d464606dca02cec28a0,Repository inventory,intermediate,False,Repository/local artifact,See repository/source metadata; not inferred,UNKNOWN—verify upstream terms
08_documents/manuscripts/latex/sections/appendix_analysis_corpus.tex,tex,2908,2026-07-09T03:37:49.318075+00:00,b0d7c4473d4a3d09f12c5a41662ef080551c7b3baa2acdb972c89b02e1ea1554,Repository inventory,intermediate,False,Repository/local artifact,See repository/source metadata; not inferred,UNKNOWN—verify upstream terms
08_documents/manuscripts/latex/sections/appendix_extracted_circuit_resources.tex,tex,4604,2026-07-09T03:37:49.319120+00:00,ad0d8986cbbbaea7f39069584f371c986a06f908dab8e2a0db6c66008e370442,Repository inventory,intermediate,False,Repository/local artifact,See repository/source metadata; not inferred,UNKNOWN—verify upstream terms
08_documents/manuscripts/latex/sections/notes_for_writing.tex,tex,1107,2026-07-09T03:37:49.319877+00:00,ca788cdc41c4c9012684b4d485ebb6ac962bf89a971341a603664861a2b35064,Repository inventory,intermediate,False,Repository/local artifact,See repository/source metadata; not inferred,UNKNOWN—verify upstream terms
08_documents/manuscripts/latex/sections/table_e_transition_results.tex,tex,7972,2026-07-09T03:37:49.320515+00:00,0e3d9b41dc4f0d85f76959f199b142a82cc968a7bc26fce4d75b423ac3f005f5,Repository inventory,intermediate,False,Repository/local artifact,See repository/source metadata; not inferred,UNKNOWN—verify upstream terms
08_documents/supplementary/IEEE_QCE_2026_BoF__Quantum_Future_Design_.zip,zip,827412,2026-07-06T02:41:49.463305+00:00,1d2d27b6da957408f1b9a44926d5b8f49b93a47565821da0ab0763d4f05f2838,Repository inventory,intermediate,False,Repository/local artifact,See repository/source metadata; not inferred,UNKNOWN—verify upstream terms
08_documents/supplementary/submissions/ieee_qce_2026_bof_quantum_future_design_overleaf/IEEE-conference-template-062824.log,log,16331,2026-07-10T04:50:16.987765+00:00,0d7e56284567ef8718a897468d0c110c25e2dc3d1dab3f5c3e48f1643466049d,Repository inventory,intermediate,False,Repository/local artifact,See repository/source metadata; not inferred,UNKNOWN—verify upstream terms
08_documents/supplementary/submissions/ieee_qce_2026_bof_quantum_future_design_overleaf/IEEE-conference-template-062824.pdf,pdf,146559,2026-07-10T04:50:16.985836+00:00,49abd9f3d3fae4464a249fea5f1d0a07e7939d1ac453964f957f8069a5932802,Repository inventory,intermediate,False,Repository/local artifact,See repository/source metadata; not inferred,UNKNOWN—verify upstream terms
08_documents/supplementary/submissions/ieee_qce_2026_bof_quantum_future_design_overleaf/IEEE-conference-template-062824.tex,tex,16400,2026-07-11T19:53:49.438023+00:00,ea4ab7fae7f87c2c00e03e9aa0684c02b190aa53095a772d9bba441c5c9c3952,Repository inventory,intermediate,False,Repository/local artifact,See repository/source metadata; not inferred,UNKNOWN—verify upstream terms
08_documents/supplementary/submissions/ieee_qce_2026_bof_quantum_future_design_overleaf/IEEEtran.cls,cls,281957,2026-07-05T17:41:42+00:00,da751920a317ed318b7b5cd7fa585a6cc7d28502d457856382e9be24b10a3bd7,Repository inventory,intermediate,False,Repository/local artifact,See repository/source metadata; not inferred,UNKNOWN—verify upstream terms
08_documents/supplementary/submissions/ieee_qce_2026_bof_quantum_future_design_overleaf/IEEEtran_HOWTO.pdf,pdf,671626,2026-07-05T17:41:42+00:00,462b4d99a973a5433ffa42de4d96e25c90e87fc44c2ebe598270af8cfd932922,Repository inventory,intermediate,False,Repository/local artifact,See repository/source metadata; not inferred,UNKNOWN—verify upstream terms
08_documents/supplementary/submissions/ieee_qce_2026_bof_quantum_future_design_overleaf/fig1.png,png,13815,2026-07-05T17:41:42+00:00,db99fd0a18672b98b085bf1f29e6192b2b29c4f12469bbd4b0c24a85b6ba630e,Repository inventory,output,False,Repository/local artifact,See repository/source metadata; not inferred,UNKNOWN—verify upstream terms
08_documents/supplementary/submissions/ieee_qce_2026_bof_quantum_future_design_overleaf/main.log,log,15733,2026-07-08T11:42:59.671688+00:00,0f10e42b5182cb936d3a1570ca0f846d27829c3c6ec1b5a07bc6f0716be40074,Repository inventory,intermediate,False,Repository/local artifact,See repository/source metadata; not inferred,UNKNOWN—verify upstream terms
08_documents/supplementary/submissions/ieee_qce_2026_bof_quantum_future_design_overleaf/main.pdf,pdf,75338,2026-07-08T11:42:59.670971+00:00,ad959358ec536811aaf9efc17d2df1fc2444d0ce54816d37cf62daaac08dd43d,Repository inventory,intermediate,False,Repository/local artifact,See repository/source metadata; not inferred,UNKNOWN—verify upstream terms
08_documents/supplementary/submissions/ieee_qce_2026_bof_quantum_future_design_overleaf/main.tex,tex,20926,2026-07-08T11:42:48.823432+00:00,c35f06e3affdc157605fbcacf8b97cca1c7a275044efed01a7be5a66083feb0d,Repository inventory,intermediate,False,Repository/local artifact,See repository/source metadata; not inferred,UNKNOWN—verify upstream terms
08_documents/supplementary/submissions/ieee_qce_2026_bof_quantum_future_design_overleaf/references/bof/01_quantum_future_society_vision_2022_cao.pdf,pdf,1932272,2026-07-08T11:38:57.637117+00:00,65080b088b9958db6e7a3ade98d0d72c13d5f40e3138de5162f4cb679b424f61,Repository inventory,intermediate,False,Repository/local artifact,See repository/source metadata; not inferred,UNKNOWN—verify upstream terms
08_documents/supplementary/submissions/ieee_qce_2026_bof_quantum_future_design_overleaf/references/bof/01b_vision_of_quantum_future_society_outline_en_cao.pdf,pdf,1461627,2026-07-08T11:50:51.544267+00:00,8419573193b44b4566c04258f334d4feee9df5126ba53ddb4e0fc7bd47d9da8e,Repository inventory,intermediate,False,Repository/local artifact,See repository/source metadata; not inferred,UNKNOWN—verify upstream terms
08_documents/supplementary/submissions/ieee_qce_2026_bof_quantum_future_design_overleaf/references/bof/02_darpa_qbi_stage_a_qbit_2026_source_record.pdf,pdf,40173,2026-07-08T11:53:12.404680+00:00,39f9d1fb8618063745dbf40f2ae0f8d2de5ba147eb6d48ef0641b8df9e93b50d,Repository inventory,intermediate,False,Repository/local artifact,See repository/source metadata; not inferred,UNKNOWN—verify upstream terms
08_documents/supplementary/submissions/ieee_qce_2026_bof_quantum_future_design_overleaf/references/bof/03_johnson_2013_science_fiction_fact_ieee_computer_source_record.pdf,pdf,23946,2026-07-08T11:53:12.455741+00:00,2fdf5f37f1e8c22edd759325d549b1c28d329762b4a0b72cf7efdbd7985b6c70,Repository inventory,intermediate,False,Repository/local artifact,See repository/source metadata; not inferred,UNKNOWN—verify upstream terms
08_documents/supplementary/submissions/ieee_qce_2026_bof_quantum_future_design_overleaf/references/bof/04_burnam_fink_2015_narrative_scenarios_source_record.pdf,pdf,24641,2026-07-08T11:53:12.505293+00:00,15639bcac0203f69ee59a86a4983c7e69c0258124f3b76bfcaf57257811f8672,Repository inventory,intermediate,False,Repository/local artifact,See repository/source metadata; not inferred,UNKNOWN—verify upstream terms
08_documents/supplementary/submissions/ieee_qce_2026_bof_quantum_future_design_overleaf/references/bof/05_draudt_2015_six_insights_source_record.pdf,pdf,23785,2026-07-08T11:53:12.671958+00:00,3e1b1b4549e9b9613195b49899acc1a410709751c7b36eacb6b45b5450e63f5c,Repository inventory,intermediate,False,Repository/local artifact,See repository/source metadata; not inferred,UNKNOWN—verify upstream terms
08_documents/supplementary/submissions/ieee_qce_2026_bof_quantum_future_design_overleaf/references/bof/06_zappin_2025_bridging_quantum_divide_acm_source_record.pdf,pdf,28978,2026-07-08T11:53:12.597649+00:00,550dfe23c3a9cb2c74faa0b350658ad1c9ad5cb458bda523a73fb44469402d3b,Repository inventory,intermediate,False,Repository/local artifact,See repository/source metadata; not inferred,UNKNOWN—verify upstream terms
08_documents/supplementary/submissions/ieee_qce_2026_bof_quantum_future_design_overleaf/references/bof/06_zappin_2025_bridging_quantum_divide_arxiv.pdf,pdf,122823,2026-07-08T11:39:25.477851+00:00,a1d37c9df24d8e15c9b3477702bdc995f85e5f448c2bc461f579b4a1e8a54197,Repository inventory,intermediate,False,Repository/local artifact,See repository/source metadata; not inferred,UNKNOWN—verify upstream terms
08_documents/supplementary/submissions/ieee_qce_2026_bof_quantum_future_design_overleaf/references/bof/reference_source_registry.csv,csv,2319,2026-07-11T19:53:49.441124+00:00,aedcb66258fef7d30258007f0c37266b6347578b4e5bfde7544fbf10944f266b,Repository inventory,intermediate,False,Repository/local artifact,See repository/source metadata; not inferred,UNKNOWN—verify upstream terms
201_20260712_reference_inventory.csv,csv,5501,2026-07-11T19:56:26.917578+00:00,dcc97cb8c4ee52fc9f47d889e6ff20f17635adc0187edc209eaab9bb5f4cf538,Repository inventory,intermediate,False,Repository/local artifact,See repository/source metadata; not inferred,UNKNOWN—verify upstream terms
202_20260712_analysis_method.md,md,1055,2026-07-11T19:45:26.144550+00:00,dafc8c79d72c3ddad80e03cd06e086f2a06221f0c9c6223d85dbd1d8ea146438,Repository inventory,intermediate,False,Repository/local artifact,See repository/source metadata; not inferred,UNKNOWN—verify upstream terms
202_20260712_reference_inventory.md,md,649,2026-07-11T19:46:14.695458+00:00,89a16aec3cd2bfd35c6db907fbc22c33dfaf04da9ef07a5367999380f3b4d332,Repository inventory,intermediate,False,Repository/local artifact,See repository/source metadata; not inferred,UNKNOWN—verify upstream terms
203_20260712_presentation_asset_map.md,md,653,2026-07-11T19:45:26.144714+00:00,b42793b7427e53f73c4de4c6727e57a7dfdf9042cd9e7d1bd59dd5db45940f1b,Repository inventory,intermediate,False,Repository/local artifact,See repository/source metadata; not inferred,UNKNOWN—verify upstream terms
203_20260712_slide_ready_references.txt,txt,3590,2026-07-11T19:46:14.695620+00:00,483ee11ee68142441247d8c9a837b8fab884a671becf924717c4f483db33ff67,Repository inventory,intermediate,False,Repository/local artifact,See repository/source metadata; not inferred,UNKNOWN—verify upstream terms
LICENSE,no_extension,11357,2026-07-13T01:40:05.152286+00:00,c71d239df91726fc519c6eb72d318ec65820627232b2f796219e87dcf35d0ab4,Repository inventory,intermediate,False,Repository/local artifact,See repository/source metadata; not inferred,UNKNOWN—verify upstream terms
environment_cleanup_deletion_log.csv,csv,5361,2026-07-12T02:27:39.460212+00:00,0ceefa91d99a73aef285c4b024b34e55009c439d90118d0e3effec4a62701ced,Repository inventory,intermediate,False,Repository/local artifact,See repository/source metadata; not inferred,UNKNOWN—verify upstream terms
environment_cleanup_git_status_after.txt,txt,8715,2026-07-12T02:29:22.345623+00:00,9044d9465b2118466e1b352910a3919365cc4746104a700555c0a18342bd25e2,Repository inventory,intermediate,False,Repository/local artifact,See repository/source metadata; not inferred,UNKNOWN—verify upstream terms
environment_cleanup_git_status_before.txt,txt,8524,2026-07-12T02:26:35.909048+00:00,e18e2687ac6a5387823fd6c509fa1a358cc5a2ecac386d56aade9c54b4fe42dd,Repository inventory,intermediate,False,Repository/local artifact,See repository/source metadata; not inferred,UNKNOWN—verify upstream terms
environment_cleanup_inventory.csv,csv,10656,2026-07-12T02:28:50.256454+00:00,1fba8a9a6a186ef8f3ed73b0f5f21e224969f7174bff05c86f8bdddd6b97fe9e,Repository inventory,intermediate,False,Repository/local artifact,See repository/source metadata; not inferred,UNKNOWN—verify upstream terms
environment_cleanup_plan.md,md,2161,2026-07-12T02:26:35.898646+00:00,6337fbd72431fdcbe8e425986af07caec4754c547cc7ba262ec5b666cd820ffb,Repository inventory,intermediate,False,Repository/local artifact,See repository/source metadata; not inferred,UNKNOWN—verify upstream terms
environment_cleanup_quarantine_log.csv,csv,791,2026-07-12T02:27:39.460656+00:00,ad6f2830004ea99e91f2948d547bcf99eb9dc90f27db69c3221d6dd85563f1cf,Repository inventory,intermediate,False,Repository/local artifact,See repository/source metadata; not inferred,UNKNOWN—verify upstream terms
environment_cleanup_report.md,md,3318,2026-07-12T15:16:26.341872+00:00,dbfb29c74c8b3c32e5ea5641d5042de1f1229ffdeaf815ce0ccacc6a096fac9c,Repository inventory,intermediate,False,Repository/local artifact,See repository/source metadata; not inferred,UNKNOWN—verify upstream terms
github_large_file_deletion_log.json,json,349,2026-07-13T01:35:06.148039+00:00,372845dac87e6da0b86918f91b245b7995f7e7bb1242dbe632a8b7a86e6bbf66,Repository inventory,intermediate,False,Repository/local artifact,See repository/source metadata; not inferred,UNKNOWN—verify upstream terms
latest_only_cleanup_plan.md,md,447,2026-07-12T15:14:57.789070+00:00,94d170fb2281518e5c5f019c39157c0f5f924cf32a0e95f3314f3751b718d29b,Repository inventory,intermediate,False,Repository/local artifact,See repository/source metadata; not inferred,UNKNOWN—verify upstream terms
latest_only_cleanup_report.md,md,1703,2026-07-12T15:16:57.687111+00:00,0c976826ac0e4fab0c2dd9e8d8658680aa9afec61e7cc3d7e17664c2d0a4679f,Repository inventory,intermediate,False,Repository/local artifact,See repository/source metadata; not inferred,UNKNOWN—verify upstream terms
latest_only_deletion_log.csv,csv,143167,2026-07-12T15:14:57.918913+00:00,4f2439a08821f1474d998bcbd9eb7ef4ffc19461ea1ba3524d2cd5a9670c4b48,Repository inventory,intermediate,False,Repository/local artifact,See repository/source metadata; not inferred,UNKNOWN—verify upstream terms
latest_only_git_status_after.txt,txt,8814,2026-07-12T15:17:11.711532+00:00,a02aa38f62a698d14c81b8252b5399f42dc7afcb8e7df7675d107921f39fbd09,Repository inventory,intermediate,False,Repository/local artifact,See repository/source metadata; not inferred,UNKNOWN—verify upstream terms
reproducibility/README_reproduction.md,md,1728,2026-07-13T05:02:05.435140+00:00,88b53ea9f83e04a770074c94e8ec206bdb8e1ad7b146d2dc798a74e3d2e8512b,Repository inventory,intermediate,False,Repository/local artifact,See repository/source metadata; not inferred,UNKNOWN—verify upstream terms
reproducibility/config/audit_config.yml,yml,403,2026-07-13T03:33:48.423125+00:00,b015e2be88d0ea012fcdf4ac757a58d74aa7d6e5f72127abb6abdc3188e27a32,Repository inventory,intermediate,False,Repository/local artifact,See repository/source metadata; not inferred,UNKNOWN—verify upstream terms
reproducibility/data/processed/slide_text_extraction.csv,csv,19937,2026-07-13T05:03:41.034695+00:00,e58df428f21267b6986a5c0c524349dc5f176fbecf39991eb8ce1a2e415ffac6,Repository inventory,processed,False,Repository/local artifact,See repository/source metadata; not inferred,UNKNOWN—verify upstream terms
reproducibility/environment.yml,yml,129,2026-07-13T03:33:48.424783+00:00,877ccafa36b8c159a8c861155227f54c30f87f4c6978da95cf42b2f2942cc70f,Repository inventory,intermediate,False,Repository/local artifact,See repository/source metadata; not inferred,UNKNOWN—verify upstream terms
reproducibility/generate_audit.py,py,31658,2026-07-13T05:03:35.621379+00:00,0de1f091afa1eefca23af846527e97e616f778ed8ec223c29372c2be4418eb02,Repository inventory,intermediate,False,Repository/local artifact,See repository/source metadata; not inferred,UNKNOWN—verify upstream terms
reproducibility/missing_information_report.md,md,1953,2026-07-13T05:02:05.433273+00:00,5013106718d10a5c9f6af4b6eb6e0119577365fb05016a1ab5e1bba077f09521,Repository inventory,intermediate,False,Repository/local artifact,See repository/source metadata; not inferred,UNKNOWN—verify upstream terms
reproducibility/outputs/figures/figure01_concept.png,png,63672,2026-07-13T03:37:09.925768+00:00,ea9320527a0024f7c7fb98b3dc585eb1a9a65b8279ac34795f3d2fba68eb048e,Repository inventory,output,False,Repository/local artifact,See repository/source metadata; not inferred,UNKNOWN—verify upstream terms
reproducibility/outputs/figures/figure01_concept.svg,svg,20622,2026-07-13T03:37:10.102706+00:00,631878114c3dc000ebb6fe4c54dec4cd2df811650802bd64876aa9b554f33c32,Repository inventory,output,False,Repository/local artifact,See repository/source metadata; not inferred,UNKNOWN—verify upstream terms
reproducibility/outputs/figures/figure02_concept.png,png,57817,2026-07-13T03:37:11.610545+00:00,d32670dab3ce49d444bda5762d85e30559f03e1cb49ca6d76910b86f9f55aef5,Repository inventory,output,False,Repository/local artifact,See repository/source metadata; not inferred,UNKNOWN—verify upstream terms
reproducibility/outputs/figures/figure02_concept.svg,svg,18743,2026-07-13T03:37:11.750611+00:00,b37171b568e202bbeb2573620dbba55c5d115c9d4f4e98304b7fc0d57c0a629f,Repository inventory,output,False,Repository/local artifact,See repository/source metadata; not inferred,UNKNOWN—verify upstream terms
reproducibility/outputs/figures/figure03_concept.png,png,56477,2026-07-13T03:37:13.320663+00:00,46c5747edf8b969052906259805cc7944793efea7c65bb785010a790b2cf084d,Repository inventory,output,False,Repository/local artifact,See repository/source metadata; not inferred,UNKNOWN—verify upstream terms
reproducibility/outputs/figures/figure03_concept.svg,svg,20216,2026-07-13T03:37:13.478796+00:00,9dfc7ac336c32c74ca29d354e80983f53054a6fa7ef2db6d8dd5468dcda9dfbf,Repository inventory,output,False,Repository/local artifact,See repository/source metadata; not inferred,UNKNOWN—verify upstream terms
reproducibility/outputs/figures/figure04_circuit_width.png,png,112692,2026-07-13T05:02:11.823270+00:00,520b3be2984d6acc09e89698a0444a62b138a5b5604ad7c08852f5078b8edde5,Repository inventory,output,False,Repository/local artifact,See repository/source metadata; not inferred,UNKNOWN—verify upstream terms
reproducibility/outputs/figures/figure04_circuit_width.svg,svg,36977,2026-07-13T05:02:12.002102+00:00,68d4561b97d3c7542badb6c3667e972cc0917e66fe0ad9c5d465262a0a4c7b53,Repository inventory,output,False,Repository/local artifact,See repository/source metadata; not inferred,UNKNOWN—verify upstream terms
reproducibility/outputs/figures/figure05_customer_map.png,png,231841,2026-07-13T05:02:15.432009+00:00,8bff7f3ba299010e2e17d3eba15aac4376735508c532a9eccb5f9040161499a2,Repository inventory,output,False,Repository/local artifact,See repository/source metadata; not inferred,UNKNOWN—verify upstream terms
reproducibility/outputs/figures/figure05_customer_map.svg,svg,180695,2026-07-13T05:02:15.501934+00:00,cca148c606013d0914f695a7336a4780eaa92b1bf79d05a0dea40cc76ad9fdeb,Repository inventory,output,False,Repository/local artifact,See repository/source metadata; not inferred,UNKNOWN—verify upstream terms
reproducibility/outputs/figures/figure06_route_context.png,png,180869,2026-07-13T03:36:47.948219+00:00,9bd1970a97059a231bd6344ebef28267f0dc2576c041bfa418f1c2004e52057b,Repository inventory,output,False,Repository/local artifact,See repository/source metadata; not inferred,UNKNOWN—verify upstream terms
reproducibility/outputs/figures/figure06_route_context.svg,svg,59491,2026-07-13T03:36:48.370932+00:00,d398e5282ccb4fe8fb3d702adfb85a1bebca856b36ce1483aed658d31cfddeb9,Repository inventory,output,False,Repository/local artifact,See repository/source metadata; not inferred,UNKNOWN—verify upstream terms
reproducibility/outputs/figures/figure07_constraint_rates.png,png,142340,2026-07-13T03:37:14.535961+00:00,63b0917f80b570b805999a3e2fbae1b19bf4054b25c42dad95de9c561447aa7f,Repository inventory,output,False,Repository/local artifact,See repository/source metadata; not inferred,UNKNOWN—verify upstream terms
reproducibility/outputs/figures/figure07_constraint_rates.svg,svg,42799,2026-07-13T03:37:14.905203+00:00,2a09a6f1decf72004d81906b1c426a81db8e830aa1dd0133bc274c2bdcb1600c,Repository inventory,output,False,Repository/local artifact,See repository/source metadata; not inferred,UNKNOWN—verify upstream terms
reproducibility/outputs/figures/figure08_customer_count.png,png,196372,2026-07-13T03:36:53.173674+00:00,a79db5eebe8134f65f1ba0128ae033fa9d1b03213b6d0e3aee1bb407a989c33c,Repository inventory,output,False,Repository/local artifact,See repository/source metadata; not inferred,UNKNOWN—verify upstream terms
reproducibility/outputs/figures/figure08_customer_count.svg,svg,49216,2026-07-13T03:36:53.517848+00:00,a752e0172346e3f412161fd9cfdb58ce1251017ecefb39a2dd369c663f0040c9,Repository inventory,output,False,Repository/local artifact,See repository/source metadata; not inferred,UNKNOWN—verify upstream terms
reproducibility/outputs/figures/figure09_vehicle_count.png,png,234312,2026-07-13T03:36:55.430535+00:00,d71ac2c6e34d9fc0cf24b8b81a78834af813c05aa14ce2c1cdc2486de2a6baee,Repository inventory,output,False,Repository/local artifact,See repository/source metadata; not inferred,UNKNOWN—verify upstream terms
reproducibility/outputs/figures/figure09_vehicle_count.svg,svg,50908,2026-07-13T03:36:55.793930+00:00,9b28c880a38f8d04012a12cbb2f543b6fe8e970aa1b605a12d489bc9c70e8fa7,Repository inventory,output,False,Repository/local artifact,See repository/source metadata; not inferred,UNKNOWN—verify upstream terms
reproducibility/outputs/figures/figure10_charger_condition.png,png,172757,2026-07-13T03:36:57.682386+00:00,ed7aa9697bf422455092d846008b878315a3fd7403d5e473535342a91feab2b0,Repository inventory,output,False,Repository/local artifact,See repository/source metadata; not inferred,UNKNOWN—verify upstream terms
reproducibility/outputs/figures/figure10_charger_condition.svg,svg,52423,2026-07-13T03:36:58.064496+00:00,a54669e423a7f4c7d0c28d056c12d13c2f53691860b8071f2551bfef0365da47,Repository inventory,output,False,Repository/local artifact,See repository/source metadata; not inferred,UNKNOWN—verify upstream terms
reproducibility/outputs/figures/figure11_seed_distribution.png,png,245865,2026-07-13T03:37:00.942207+00:00,67b5fd39e4218552c4ecbe8f2bbad563d8b0bec332d67597ad20fa28e21faf2c,Repository inventory,output,False,Repository/local artifact,See repository/source metadata; not inferred,UNKNOWN—verify upstream terms
reproducibility/outputs/figures/figure11_seed_distribution.svg,svg,48510,2026-07-13T03:37:01.460974+00:00,9eae789d9ec0853156a2fee031a540c7bb1ba7fcddfb350da079e86735c0f5c6,Repository inventory,output,False,Repository/local artifact,See repository/source metadata; not inferred,UNKNOWN—verify upstream terms
reproducibility/outputs/figures/figure12_oat.png,png,476243,2026-07-13T03:37:05.251397+00:00,664ce7505beba2de19568b392dbce668f6be723c72a3609af515d36af7ea5dba,Repository inventory,output,False,Repository/local artifact,See repository/source metadata; not inferred,UNKNOWN—verify upstream terms
reproducibility/outputs/figures/figure12_oat.svg,svg,67250,2026-07-13T03:37:05.835719+00:00,a5de1826e096b3110b142aff2bb305f60a7a9e33a4ec922c7e9839486f39f9a0,Repository inventory,output,False,Repository/local artifact,See repository/source metadata; not inferred,UNKNOWN—verify upstream terms
reproducibility/outputs/figures/figure13_reconciliation.png,png,138889,2026-07-13T03:36:51.102667+00:00,c0d47627e478a9b770a50c8763191aaea348e1f195c35b72f304fd6f7f185329,Repository inventory,output,False,Repository/local artifact,See repository/source metadata; not inferred,UNKNOWN—verify upstream terms
reproducibility/outputs/figures/figure13_reconciliation.svg,svg,43928,2026-07-13T03:36:51.412412+00:00,140345fe2fffab0a50b57a70917d31b1a397e390f0f01cb6c3a23c40d96f7650,Repository inventory,output,False,Repository/local artifact,See repository/source metadata; not inferred,UNKNOWN—verify upstream terms
reproducibility/outputs/figures/figure14_constraint_coverage.png,png,300109,2026-07-13T03:37:16.836709+00:00,e9c57cfe6d4e0e4edadcd2a59955c480af50ffb1ea1d9c853531f6ebcfdd51d5,Repository inventory,output,False,Repository/local artifact,See repository/source metadata; not inferred,UNKNOWN—verify upstream terms
reproducibility/outputs/figures/figure14_constraint_coverage.svg,svg,51823,2026-07-13T03:37:17.171205+00:00,1c76db9c31d08d0e311c2e6fd4c8d05eb41f8d323d2e71d0eba1ded22fb15b7c,Repository inventory,output,False,Repository/local artifact,See repository/source metadata; not inferred,UNKNOWN—verify upstream terms
reproducibility/outputs/figures/figure15_evidence_modality.png,png,362573,2026-07-13T03:37:19.283975+00:00,2db2c305d85608ed6677356e7759ee3a4ec29a579a12072889a4c7edd70deb7b,Repository inventory,output,False,Repository/local artifact,See repository/source metadata; not inferred,UNKNOWN—verify upstream terms
reproducibility/outputs/figures/figure15_evidence_modality.svg,svg,57809,2026-07-13T03:37:19.648724+00:00,5c3e1d2dd2d084437c689401a0ac9124a0aeb42cbf1c5bb3bf98761a40a8457a,Repository inventory,output,False,Repository/local artifact,See repository/source metadata; not inferred,UNKNOWN—verify upstream terms
reproducibility/outputs/logs/execution.txt,txt,121,2026-07-13T03:37:20.265774+00:00,401f6ad0b6c8c580173dbe5d19a46118487c36e52ba1a183119f747b006c7257,Repository inventory,output,False,Repository/local artifact,See repository/source metadata; not inferred,UNKNOWN—verify upstream terms
reproducibility/outputs/synthesized/base_route_proxy_results.csv,csv,695148,2026-07-13T05:02:54.505906+00:00,1ff9608853198e4e8a658479e49e18146e7f1323e4606d6546c535293a2b4516,Repository inventory,output,False,Repository/local artifact,See repository/source metadata; not inferred,UNKNOWN—verify upstream terms
reproducibility/outputs/synthesized/charger_condition_definitions.csv,csv,1405,2026-07-13T05:02:14.916715+00:00,5e1ba5c47a16ca9612bb310da48648abecab15d468c91590a2e05d825ce91142,Repository inventory,output,False,Repository/local artifact,See repository/source metadata; not inferred,UNKNOWN—verify upstream terms
reproducibility/outputs/synthesized/eligible_charger_candidates.csv,csv,71992,2026-07-13T05:02:14.921242+00:00,292a9dec3ec5c0bf7731d72a34c676de7ed04814545d70218cf7556d92acc6d3,Repository inventory,output,False,Repository/local artifact,See repository/source metadata; not inferred,UNKNOWN—verify upstream terms
reproducibility/outputs/synthesized/randomization_registry.csv,csv,48911,2026-07-13T05:02:14.915837+00:00,6882abcf95b2db81b8d9db2b47143de2f7d7e76f26f73ba91812edc63694765b,Repository inventory,output,False,Repository/local artifact,See repository/source metadata; not inferred,UNKNOWN—verify upstream terms
reproducibility/outputs/synthesized/route_proxy_edges.csv,csv,14313004,2026-07-13T05:02:55.107076+00:00,f356781c8e54d675042e6366d33c9404a2dcc27ba8a0c96933c1e9b396e8d02e,Repository inventory,output,False,Repository/local artifact,See repository/source metadata; not inferred,UNKNOWN—verify upstream terms
reproducibility/outputs/synthesized/route_proxy_members.csv,csv,6125415,2026-07-13T05:02:55.419410+00:00,4d6ef9e5156e0ca39e17d45552e5438ef5ee3dbb99e90a6c7603764fb2e6d6e4,Repository inventory,output,False,Repository/local artifact,See repository/source metadata; not inferred,UNKNOWN—verify upstream terms
reproducibility/outputs/synthesized/route_proxy_results.csv,csv,8514161,2026-07-13T05:02:55.785559+00:00,56e737c1dd055681d04eea22297d856d65225860b644f15c0907074111a8fa02,Repository inventory,output,False,Repository/local artifact,See repository/source metadata; not inferred,UNKNOWN—verify upstream terms
reproducibility/outputs/synthesized/scenario_configurations.csv,csv,21030,2026-07-13T05:02:14.923002+00:00,9c0d20d87f23a6fd6bb90a9f90373106ced7de8d0d2db041ce775a63582aa446,Repository inventory,output,False,Repository/local artifact,See repository/source metadata; not inferred,UNKNOWN—verify upstream terms
reproducibility/outputs/synthesized/synthetic_customers.csv,csv,4927578,2026-07-13T05:02:14.913123+00:00,aaee0257cf82b6d04e5de812a23220b76267bb5ca742bda0695286d2065d2878,Repository inventory,output,False,Repository/local artifact,See repository/source metadata; not inferred,UNKNOWN—verify upstream terms
reproducibility/outputs/tables/slide_traceability.csv,csv,6058,2026-07-13T05:03:41.037617+00:00,d75c9092165e45cbc73cb751bb699fd729d744a76961c1ee7dbac0f3f5e02384,Repository inventory,output,False,Repository/local artifact,See repository/source metadata; not inferred,UNKNOWN—verify upstream terms
reproducibility/outputs/tables/validation_summary.csv,csv,120,2026-07-13T03:37:20.185883+00:00,d93a5ab69141e757fad872441e8b85d84834ec3762d81b194451b245470f3146,Repository inventory,output,False,Repository/local artifact,See repository/source metadata; not inferred,UNKNOWN—verify upstream terms
reproducibility/quantum_transport_reproducibility_audit.ipynb,ipynb,27516,2026-07-13T05:02:05.468802+00:00,cb96bdd58ee2d4d085b457c14620b6107e95051afb0969b678a954230924d1e0,Repository inventory,intermediate,False,Repository/local artifact,See repository/source metadata; not inferred,UNKNOWN—verify upstream terms
reproducibility/requirements.txt,txt,259,2026-07-13T03:33:48.424296+00:00,869567256d239ca6d49a2f5af8410c64a161cf11d7fe9e069a52bf51a78d4bd6,Repository inventory,intermediate,False,Repository/local artifact,See repository/source metadata; not inferred,UNKNOWN—verify upstream terms
reproducibility/result_reconciliation.csv,csv,2919,2026-07-13T05:02:05.432943+00:00,91722682d31034ad77a2b63fbca4713c0622c7e1c1eb37355e26ec7810af22ce,Repository inventory,intermediate,False,Repository/local artifact,See repository/source metadata; not inferred,UNKNOWN—verify upstream terms
reproducibility/tests/test_audit.py,py,1552,2026-07-13T03:36:08.268988+00:00,094efa830a7d3ca68d739a0e23352e6e458a6ae9601fffc9acf97b8da1eb73ac,Repository inventory,intermediate,False,Repository/local artifact,See repository/source metadata; not inferred,UNKNOWN—verify upstream terms
