prefecture_code,freight_network_class_code,freight_network_class,road_class_code,road_class,route_name_ja,route_id,branch_id,length_km,use_in_analysis,limitation
13,1,Primary highway freight network road,4,Major local road (prefectural road),東京都道　日比谷豊洲埠頭東雲町線,1,1,0.53951,"Tokyo logistics-corridor proxy for EV last-mile routing context; use as infrastructure-context evidence, not as observed delivery routes.","National Land Numerical Information N12 identifies designated freight-road corridors. It does not provide parcel demand, depot schedules, travel time, or EV charging behavior."
13,1,Primary highway freight network road,4,Major local road (prefectural road),東京都道　環状8号線,2,1,11.721012,"Tokyo logistics-corridor proxy for EV last-mile routing context; use as infrastructure-context evidence, not as observed delivery routes.","National Land Numerical Information N12 identifies designated freight-road corridors. It does not provide parcel demand, depot schedules, travel time, or EV charging behavior."
13,1,Primary highway freight network road,4,Major local road (prefectural road),東京都道　環状8号線,2,2,24.67597,"Tokyo logistics-corridor proxy for EV last-mile routing context; use as infrastructure-context evidence, not as observed delivery routes.","National Land Numerical Information N12 identifies designated freight-road corridors. It does not provide parcel demand, depot schedules, travel time, or EV charging behavior."
13,1,Primary highway freight network road,4,Major local road (prefectural road),東京都道　日本橋芝浦大森線,3,1,2.181811,"Tokyo logistics-corridor proxy for EV last-mile routing context; use as infrastructure-context evidence, not as observed delivery routes.","National Land Numerical Information N12 identifies designated freight-road corridors. It does not provide parcel demand, depot schedules, travel time, or EV charging behavior."
13,1,Primary highway freight network road,4,Major local road (prefectural road),東京都道　日本橋芝浦大森線,3,2,1.015297,"Tokyo logistics-corridor proxy for EV last-mile routing context; use as infrastructure-context evidence, not as observed delivery routes.","National Land Numerical Information N12 identifies designated freight-road corridors. It does not provide parcel demand, depot schedules, travel time, or EV charging behavior."
13,1,Primary highway freight network road,4,Major local road (prefectural road),東京都道　日本橋芝浦大森線,3,3,1.260058,"Tokyo logistics-corridor proxy for EV last-mile routing context; use as infrastructure-context evidence, not as observed delivery routes.","National Land Numerical Information N12 identifies designated freight-road corridors. It does not provide parcel demand, depot schedules, travel time, or EV charging behavior."
13,1,Primary highway freight network road,6,General prefectural road,東京都道　品川埠頭線,4,1,2.357495,"Tokyo logistics-corridor proxy for EV last-mile routing context; use as infrastructure-context evidence, not as observed delivery routes.","National Land Numerical Information N12 identifies designated freight-road corridors. It does not provide parcel demand, depot schedules, travel time, or EV charging behavior."
13,1,Primary highway freight network road,6,General prefectural road,東京都道　台場青海線,5,1,1.345041,"Tokyo logistics-corridor proxy for EV last-mile routing context; use as infrastructure-context evidence, not as observed delivery routes.","National Land Numerical Information N12 identifies designated freight-road corridors. It does not provide parcel demand, depot schedules, travel time, or EV charging behavior."
13,1,Primary highway freight network road,7,Municipal or special-ward road,江東区江617号,6,1,0.226488,"Tokyo logistics-corridor proxy for EV last-mile routing context; use as infrastructure-context evidence, not as observed delivery routes.","National Land Numerical Information N12 identifies designated freight-road corridors. It does not provide parcel demand, depot schedules, travel time, or EV charging behavior."
13,1,Primary highway freight network road,6,General prefectural road,東京都道　王子千住夢の島線,7,1,1.056938,"Tokyo logistics-corridor proxy for EV last-mile routing context; use as infrastructure-context evidence, not as observed delivery routes.","National Land Numerical Information N12 identifies designated freight-road corridors. It does not provide parcel demand, depot schedules, travel time, or EV charging behavior."
13,1,Primary highway freight network road,3,General national highway,一般国道122号,8,1,2.282817,"Tokyo logistics-corridor proxy for EV last-mile routing context; use as infrastructure-context evidence, not as observed delivery routes.","National Land Numerical Information N12 identifies designated freight-road corridors. It does not provide parcel demand, depot schedules, travel time, or EV charging behavior."
13,1,Primary highway freight network road,3,General national highway,一般国道131号,9,1,1.87934,"Tokyo logistics-corridor proxy for EV last-mile routing context; use as infrastructure-context evidence, not as observed delivery routes.","National Land Numerical Information N12 identifies designated freight-road corridors. It does not provide parcel demand, depot schedules, travel time, or EV charging behavior."
13,1,Primary highway freight network road,3,General national highway,一般国道246号,10,1,1.249428,"Tokyo logistics-corridor proxy for EV last-mile routing context; use as infrastructure-context evidence, not as observed delivery routes.","National Land Numerical Information N12 identifies designated freight-road corridors. It does not provide parcel demand, depot schedules, travel time, or EV charging behavior."
13,1,Primary highway freight network road,3,General national highway,一般国道246号,10,2,0.16461,"Tokyo logistics-corridor proxy for EV last-mile routing context; use as infrastructure-context evidence, not as observed delivery routes.","National Land Numerical Information N12 identifies designated freight-road corridors. It does not provide parcel demand, depot schedules, travel time, or EV charging behavior."
13,1,Primary highway freight network road,3,General national highway,一般国道246号,10,3,7.836882,"Tokyo logistics-corridor proxy for EV last-mile routing context; use as infrastructure-context evidence, not as observed delivery routes.","National Land Numerical Information N12 identifies designated freight-road corridors. It does not provide parcel demand, depot schedules, travel time, or EV charging behavior."
13,1,Primary highway freight network road,1,National expressway,関越自動車道新潟線,11,1,1.019141,"Tokyo logistics-corridor proxy for EV last-mile routing context; use as infrastructure-context evidence, not as observed delivery routes.","National Land Numerical Information N12 identifies designated freight-road corridors. It does not provide parcel demand, depot schedules, travel time, or EV charging behavior."
13,1,Primary highway freight network road,1,National expressway,関越自動車道新潟線,11,2,3.395022,"Tokyo logistics-corridor proxy for EV last-mile routing context; use as infrastructure-context evidence, not as observed delivery routes.","National Land Numerical Information N12 identifies designated freight-road corridors. It does not provide parcel demand, depot schedules, travel time, or EV charging behavior."
13,2,Alternative or complementary route,3,General national highway,一般国道1号,12,1,4.519555,"Tokyo logistics-corridor proxy for EV last-mile routing context; use as infrastructure-context evidence, not as observed delivery routes.","National Land Numerical Information N12 identifies designated freight-road corridors. It does not provide parcel demand, depot schedules, travel time, or EV charging behavior."
13,2,Alternative or complementary route,3,General national highway,一般国道1号,12,2,2.786467,"Tokyo logistics-corridor proxy for EV last-mile routing context; use as infrastructure-context evidence, not as observed delivery routes.","National Land Numerical Information N12 identifies designated freight-road corridors. It does not provide parcel demand, depot schedules, travel time, or EV charging behavior."
13,2,Alternative or complementary route,3,General national highway,一般国道14号,13,1,0.362138,"Tokyo logistics-corridor proxy for EV last-mile routing context; use as infrastructure-context evidence, not as observed delivery routes.","National Land Numerical Information N12 identifies designated freight-road corridors. It does not provide parcel demand, depot schedules, travel time, or EV charging behavior."
13,2,Alternative or complementary route,3,General national highway,一般国道14号,13,2,5.872829,"Tokyo logistics-corridor proxy for EV last-mile routing context; use as infrastructure-context evidence, not as observed delivery routes.","National Land Numerical Information N12 identifies designated freight-road corridors. It does not provide parcel demand, depot schedules, travel time, or EV charging behavior."
13,2,Alternative or complementary route,3,General national highway,一般国道14号,13,3,0.807643,"Tokyo logistics-corridor proxy for EV last-mile routing context; use as infrastructure-context evidence, not as observed delivery routes.","National Land Numerical Information N12 identifies designated freight-road corridors. It does not provide parcel demand, depot schedules, travel time, or EV charging behavior."
13,2,Alternative or complementary route,3,General national highway,一般国道130号,14,1,0.460448,"Tokyo logistics-corridor proxy for EV last-mile routing context; use as infrastructure-context evidence, not as observed delivery routes.","National Land Numerical Information N12 identifies designated freight-road corridors. It does not provide parcel demand, depot schedules, travel time, or EV charging behavior."
13,2,Alternative or complementary route,3,General national highway,一般国道131号,9,2,1.134708,"Tokyo logistics-corridor proxy for EV last-mile routing context; use as infrastructure-context evidence, not as observed delivery routes.","National Land Numerical Information N12 identifies designated freight-road corridors. It does not provide parcel demand, depot schedules, travel time, or EV charging behavior."
13,2,Alternative or complementary route,3,General national highway,一般国道254号,15,1,7.467156,"Tokyo logistics-corridor proxy for EV last-mile routing context; use as infrastructure-context evidence, not as observed delivery routes.","National Land Numerical Information N12 identifies designated freight-road corridors. It does not provide parcel demand, depot schedules, travel time, or EV charging behavior."
13,2,Alternative or complementary route,3,General national highway,一般国道254号,15,2,6.46678,"Tokyo logistics-corridor proxy for EV last-mile routing context; use as infrastructure-context evidence, not as observed delivery routes.","National Land Numerical Information N12 identifies designated freight-road corridors. It does not provide parcel demand, depot schedules, travel time, or EV charging behavior."
13,1,Primary highway freight network road,3,General national highway,一般国道298号,16,1,0.891662,"Tokyo logistics-corridor proxy for EV last-mile routing context; use as infrastructure-context evidence, not as observed delivery routes.","National Land Numerical Information N12 identifies designated freight-road corridors. It does not provide parcel demand, depot schedules, travel time, or EV charging behavior."
13,2,Alternative or complementary route,3,General national highway,一般国道411号,17,1,1.168048,"Tokyo logistics-corridor proxy for EV last-mile routing context; use as infrastructure-context evidence, not as observed delivery routes.","National Land Numerical Information N12 identifies designated freight-road corridors. It does not provide parcel demand, depot schedules, travel time, or EV charging behavior."
13,2,Alternative or complementary route,3,General national highway,一般国道411号,17,2,0.657089,"Tokyo logistics-corridor proxy for EV last-mile routing context; use as infrastructure-context evidence, not as observed delivery routes.","National Land Numerical Information N12 identifies designated freight-road corridors. It does not provide parcel demand, depot schedules, travel time, or EV charging behavior."
13,2,Alternative or complementary route,3,General national highway,一般国道411号,17,3,20.143834,"Tokyo logistics-corridor proxy for EV last-mile routing context; use as infrastructure-context evidence, not as observed delivery routes.","National Land Numerical Information N12 identifies designated freight-road corridors. It does not provide parcel demand, depot schedules, travel time, or EV charging behavior."
13,1,Primary highway freight network road,3,General national highway,一般国道357号,18,1,0.351374,"Tokyo logistics-corridor proxy for EV last-mile routing context; use as infrastructure-context evidence, not as observed delivery routes.","National Land Numerical Information N12 identifies designated freight-road corridors. It does not provide parcel demand, depot schedules, travel time, or EV charging behavior."
13,1,Primary highway freight network road,3,General national highway,一般国道357号,18,2,0.212969,"Tokyo logistics-corridor proxy for EV last-mile routing context; use as infrastructure-context evidence, not as observed delivery routes.","National Land Numerical Information N12 identifies designated freight-road corridors. It does not provide parcel demand, depot schedules, travel time, or EV charging behavior."
13,1,Primary highway freight network road,3,General national highway,一般国道357号,18,3,2.0024,"Tokyo logistics-corridor proxy for EV last-mile routing context; use as infrastructure-context evidence, not as observed delivery routes.","National Land Numerical Information N12 identifies designated freight-road corridors. It does not provide parcel demand, depot schedules, travel time, or EV charging behavior."
13,1,Primary highway freight network road,3,General national highway,一般国道357号,18,4,22.512979,"Tokyo logistics-corridor proxy for EV last-mile routing context; use as infrastructure-context evidence, not as observed delivery routes.","National Land Numerical Information N12 identifies designated freight-road corridors. It does not provide parcel demand, depot schedules, travel time, or EV charging behavior."
13,1,Primary highway freight network road,3,General national highway,一般国道357号,18,5,1.526604,"Tokyo logistics-corridor proxy for EV last-mile routing context; use as infrastructure-context evidence, not as observed delivery routes.","National Land Numerical Information N12 identifies designated freight-road corridors. It does not provide parcel demand, depot schedules, travel time, or EV charging behavior."
13,1,Primary highway freight network road,3,General national highway,一般国道357号,18,6,0.265786,"Tokyo logistics-corridor proxy for EV last-mile routing context; use as infrastructure-context evidence, not as observed delivery routes.","National Land Numerical Information N12 identifies designated freight-road corridors. It does not provide parcel demand, depot schedules, travel time, or EV charging behavior."
13,1,Primary highway freight network road,1,National expressway,第1東海自動車道,19,1,0.436257,"Tokyo logistics-corridor proxy for EV last-mile routing context; use as infrastructure-context evidence, not as observed delivery routes.","National Land Numerical Information N12 identifies designated freight-road corridors. It does not provide parcel demand, depot schedules, travel time, or EV charging behavior."
13,1,Primary highway freight network road,3,General national highway,一般国道468号,20,1,24.523084,"Tokyo logistics-corridor proxy for EV last-mile routing context; use as infrastructure-context evidence, not as observed delivery routes.","National Land Numerical Information N12 identifies designated freight-road corridors. It does not provide parcel demand, depot schedules, travel time, or EV charging behavior."
13,2,Alternative or complementary route,4,Major local road (prefectural road),東京都道　世田谷町田線,21,1,0.73025,"Tokyo logistics-corridor proxy for EV last-mile routing context; use as infrastructure-context evidence, not as observed delivery routes.","National Land Numerical Information N12 identifies designated freight-road corridors. It does not provide parcel demand, depot schedules, travel time, or EV charging behavior."
13,2,Alternative or complementary route,4,Major local road (prefectural road),東京都道　世田谷町田線,21,2,1.146908,"Tokyo logistics-corridor proxy for EV last-mile routing context; use as infrastructure-context evidence, not as observed delivery routes.","National Land Numerical Information N12 identifies designated freight-road corridors. It does not provide parcel demand, depot schedules, travel time, or EV charging behavior."
13,2,Alternative or complementary route,4,Major local road (prefectural road),東京都道　東京所沢線,22,1,1.268197,"Tokyo logistics-corridor proxy for EV last-mile routing context; use as infrastructure-context evidence, not as observed delivery routes.","National Land Numerical Information N12 identifies designated freight-road corridors. It does not provide parcel demand, depot schedules, travel time, or EV charging behavior."
13,2,Alternative or complementary route,4,Major local road (prefectural road),東京都道　東京所沢線,22,2,0.480665,"Tokyo logistics-corridor proxy for EV last-mile routing context; use as infrastructure-context evidence, not as observed delivery routes.","National Land Numerical Information N12 identifies designated freight-road corridors. It does not provide parcel demand, depot schedules, travel time, or EV charging behavior."
13,2,Alternative or complementary route,4,Major local road (prefectural road),東京都道　東京所沢線,22,3,0.747147,"Tokyo logistics-corridor proxy for EV last-mile routing context; use as infrastructure-context evidence, not as observed delivery routes.","National Land Numerical Information N12 identifies designated freight-road corridors. It does not provide parcel demand, depot schedules, travel time, or EV charging behavior."
13,2,Alternative or complementary route,4,Major local road (prefectural road),東京都道　東京所沢線,22,4,1.216624,"Tokyo logistics-corridor proxy for EV last-mile routing context; use as infrastructure-context evidence, not as observed delivery routes.","National Land Numerical Information N12 identifies designated freight-road corridors. It does not provide parcel demand, depot schedules, travel time, or EV charging behavior."
13,2,Alternative or complementary route,4,Major local road (prefectural road),東京都道　東京所沢線,22,5,1.403888,"Tokyo logistics-corridor proxy for EV last-mile routing context; use as infrastructure-context evidence, not as observed delivery routes.","National Land Numerical Information N12 identifies designated freight-road corridors. It does not provide parcel demand, depot schedules, travel time, or EV charging behavior."
13,2,Alternative or complementary route,4,Major local road (prefectural road),東京都道　東京所沢線,22,6,1.72019,"Tokyo logistics-corridor proxy for EV last-mile routing context; use as infrastructure-context evidence, not as observed delivery routes.","National Land Numerical Information N12 identifies designated freight-road corridors. It does not provide parcel demand, depot schedules, travel time, or EV charging behavior."
13,2,Alternative or complementary route,4,Major local road (prefectural road),東京都道　新宿青梅線,23,1,4.294961,"Tokyo logistics-corridor proxy for EV last-mile routing context; use as infrastructure-context evidence, not as observed delivery routes.","National Land Numerical Information N12 identifies designated freight-road corridors. It does not provide parcel demand, depot schedules, travel time, or EV charging behavior."
13,2,Alternative or complementary route,4,Major local road (prefectural road),東京都道　新宿青梅線,23,2,9.453352,"Tokyo logistics-corridor proxy for EV last-mile routing context; use as infrastructure-context evidence, not as observed delivery routes.","National Land Numerical Information N12 identifies designated freight-road corridors. It does not provide parcel demand, depot schedules, travel time, or EV charging behavior."
13,2,Alternative or complementary route,4,Major local road (prefectural road),東京都道　新宿青梅線,23,3,0.70174,"Tokyo logistics-corridor proxy for EV last-mile routing context; use as infrastructure-context evidence, not as observed delivery routes.","National Land Numerical Information N12 identifies designated freight-road corridors. It does not provide parcel demand, depot schedules, travel time, or EV charging behavior."
13,2,Alternative or complementary route,4,Major local road (prefectural road),東京都道　新宿青梅線,23,4,0.637591,"Tokyo logistics-corridor proxy for EV last-mile routing context; use as infrastructure-context evidence, not as observed delivery routes.","National Land Numerical Information N12 identifies designated freight-road corridors. It does not provide parcel demand, depot schedules, travel time, or EV charging behavior."
13,2,Alternative or complementary route,4,Major local road (prefectural road),東京都道　新宿青梅線,23,5,1.411587,"Tokyo logistics-corridor proxy for EV last-mile routing context; use as infrastructure-context evidence, not as observed delivery routes.","National Land Numerical Information N12 identifies designated freight-road corridors. It does not provide parcel demand, depot schedules, travel time, or EV charging behavior."
13,2,Alternative or complementary route,4,Major local road (prefectural road),東京都道　新宿青梅線,23,6,5.036052,"Tokyo logistics-corridor proxy for EV last-mile routing context; use as infrastructure-context evidence, not as observed delivery routes.","National Land Numerical Information N12 identifies designated freight-road corridors. It does not provide parcel demand, depot schedules, travel time, or EV charging behavior."
13,2,Alternative or complementary route,4,Major local road (prefectural road),東京都道　杉並あきる野線,24,1,1.472073,"Tokyo logistics-corridor proxy for EV last-mile routing context; use as infrastructure-context evidence, not as observed delivery routes.","National Land Numerical Information N12 identifies designated freight-road corridors. It does not provide parcel demand, depot schedules, travel time, or EV charging behavior."
13,2,Alternative or complementary route,4,Major local road (prefectural road),東京都道　杉並あきる野線,24,2,0.949669,"Tokyo logistics-corridor proxy for EV last-mile routing context; use as infrastructure-context evidence, not as observed delivery routes.","National Land Numerical Information N12 identifies designated freight-road corridors. It does not provide parcel demand, depot schedules, travel time, or EV charging behavior."
13,2,Alternative or complementary route,4,Major local road (prefectural road),東京都道　杉並あきる野線,24,3,5.428267,"Tokyo logistics-corridor proxy for EV last-mile routing context; use as infrastructure-context evidence, not as observed delivery routes.","National Land Numerical Information N12 identifies designated freight-road corridors. It does not provide parcel demand, depot schedules, travel time, or EV charging behavior."
13,2,Alternative or complementary route,4,Major local road (prefectural road),東京都道　杉並あきる野線,24,4,0.041628,"Tokyo logistics-corridor proxy for EV last-mile routing context; use as infrastructure-context evidence, not as observed delivery routes.","National Land Numerical Information N12 identifies designated freight-road corridors. It does not provide parcel demand, depot schedules, travel time, or EV charging behavior."
13,2,Alternative or complementary route,4,Major local road (prefectural road),東京都道　杉並あきる野線,24,5,8.398052,"Tokyo logistics-corridor proxy for EV last-mile routing context; use as infrastructure-context evidence, not as observed delivery routes.","National Land Numerical Information N12 identifies designated freight-road corridors. It does not provide parcel demand, depot schedules, travel time, or EV charging behavior."
13,2,Alternative or complementary route,4,Major local road (prefectural road),東京都道　杉並あきる野線,24,6,2.132434,"Tokyo logistics-corridor proxy for EV last-mile routing context; use as infrastructure-context evidence, not as observed delivery routes.","National Land Numerical Information N12 identifies designated freight-road corridors. It does not provide parcel demand, depot schedules, travel time, or EV charging behavior."
13,2,Alternative or complementary route,4,Major local road (prefectural road),東京都道　杉並あきる野線,24,7,0.380606,"Tokyo logistics-corridor proxy for EV last-mile routing context; use as infrastructure-context evidence, not as observed delivery routes.","National Land Numerical Information N12 identifies designated freight-road corridors. It does not provide parcel demand, depot schedules, travel time, or EV charging behavior."
13,2,Alternative or complementary route,4,Major local road (prefectural road),東京都道　千代田練馬田無線,25,1,1.045697,"Tokyo logistics-corridor proxy for EV last-mile routing context; use as infrastructure-context evidence, not as observed delivery routes.","National Land Numerical Information N12 identifies designated freight-road corridors. It does not provide parcel demand, depot schedules, travel time, or EV charging behavior."
13,2,Alternative or complementary route,4,Major local road (prefectural road),東京都道　川崎府中線,26,1,3.098867,"Tokyo logistics-corridor proxy for EV last-mile routing context; use as infrastructure-context evidence, not as observed delivery routes.","National Land Numerical Information N12 identifies designated freight-road corridors. It does not provide parcel demand, depot schedules, travel time, or EV charging behavior."
13,2,Alternative or complementary route,4,Major local road (prefectural road),東京都道　川崎府中線,26,2,0.136069,"Tokyo logistics-corridor proxy for EV last-mile routing context; use as infrastructure-context evidence, not as observed delivery routes.","National Land Numerical Information N12 identifies designated freight-road corridors. It does not provide parcel demand, depot schedules, travel time, or EV charging behavior."
13,2,Alternative or complementary route,4,Major local road (prefectural road),東京都道　東京浦安線,27,1,0.953541,"Tokyo logistics-corridor proxy for EV last-mile routing context; use as infrastructure-context evidence, not as observed delivery routes.","National Land Numerical Information N12 identifies designated freight-road corridors. It does not provide parcel demand, depot schedules, travel time, or EV charging behavior."
13,2,Alternative or complementary route,4,Major local road (prefectural road),東京都道　東京浦安線,27,2,0.961551,"Tokyo logistics-corridor proxy for EV last-mile routing context; use as infrastructure-context evidence, not as observed delivery routes.","National Land Numerical Information N12 identifies designated freight-road corridors. It does not provide parcel demand, depot schedules, travel time, or EV charging behavior."
13,2,Alternative or complementary route,4,Major local road (prefectural road),東京都道　大田調布線,28,1,3.012207,"Tokyo logistics-corridor proxy for EV last-mile routing context; use as infrastructure-context evidence, not as observed delivery routes.","National Land Numerical Information N12 identifies designated freight-road corridors. It does not provide parcel demand, depot schedules, travel time, or EV charging behavior."
13,2,Alternative or complementary route,4,Major local road (prefectural road),東京都道　大田調布線,28,2,1.287339,"Tokyo logistics-corridor proxy for EV last-mile routing context; use as infrastructure-context evidence, not as observed delivery routes.","National Land Numerical Information N12 identifies designated freight-road corridors. It does not provide parcel demand, depot schedules, travel time, or EV charging behavior."
13,2,Alternative or complementary route,4,Major local road (prefectural road),東京都道　調布田無線,29,1,0.220966,"Tokyo logistics-corridor proxy for EV last-mile routing context; use as infrastructure-context evidence, not as observed delivery routes.","National Land Numerical Information N12 identifies designated freight-road corridors. It does not provide parcel demand, depot schedules, travel time, or EV charging behavior."
13,2,Alternative or complementary route,4,Major local road (prefectural road),東京都道　調布田無線,29,2,0.346334,"Tokyo logistics-corridor proxy for EV last-mile routing context; use as infrastructure-context evidence, not as observed delivery routes.","National Land Numerical Information N12 identifies designated freight-road corridors. It does not provide parcel demand, depot schedules, travel time, or EV charging behavior."
13,2,Alternative or complementary route,4,Major local road (prefectural road),東京都道　調布田無線,29,3,6.261682,"Tokyo logistics-corridor proxy for EV last-mile routing context; use as infrastructure-context evidence, not as observed delivery routes.","National Land Numerical Information N12 identifies designated freight-road corridors. It does not provide parcel demand, depot schedules, travel time, or EV charging behavior."
13,2,Alternative or complementary route,4,Major local road (prefectural road),東京都道　新宿国立線,30,1,0.184599,"Tokyo logistics-corridor proxy for EV last-mile routing context; use as infrastructure-context evidence, not as observed delivery routes.","National Land Numerical Information N12 identifies designated freight-road corridors. It does not provide parcel demand, depot schedules, travel time, or EV charging behavior."
13,2,Alternative or complementary route,4,Major local road (prefectural road),東京都道　府中清瀬線,31,1,5.195371,"Tokyo logistics-corridor proxy for EV last-mile routing context; use as infrastructure-context evidence, not as observed delivery routes.","National Land Numerical Information N12 identifies designated freight-road corridors. It does not provide parcel demand, depot schedules, travel time, or EV charging behavior."
13,2,Alternative or complementary route,4,Major local road (prefectural road),東京都道　立川所沢線,32,1,0.11645,"Tokyo logistics-corridor proxy for EV last-mile routing context; use as infrastructure-context evidence, not as observed delivery routes.","National Land Numerical Information N12 identifies designated freight-road corridors. It does not provide parcel demand, depot schedules, travel time, or EV charging behavior."
13,2,Alternative or complementary route,4,Major local road (prefectural road),東京都道　立川所沢線,32,2,2.769509,"Tokyo logistics-corridor proxy for EV last-mile routing context; use as infrastructure-context evidence, not as observed delivery routes.","National Land Numerical Information N12 identifies designated freight-road corridors. It does not provide parcel demand, depot schedules, travel time, or EV charging behavior."
13,2,Alternative or complementary route,4,Major local road (prefectural road),東京都道　立川所沢線,32,3,0.650246,"Tokyo logistics-corridor proxy for EV last-mile routing context; use as infrastructure-context evidence, not as observed delivery routes.","National Land Numerical Information N12 identifies designated freight-road corridors. It does not provide parcel demand, depot schedules, travel time, or EV charging behavior."
13,2,Alternative or complementary route,4,Major local road (prefectural road),東京都道　所沢府中線,33,1,6.924146,"Tokyo logistics-corridor proxy for EV last-mile routing context; use as infrastructure-context evidence, not as observed delivery routes.","National Land Numerical Information N12 identifies designated freight-road corridors. It does not provide parcel demand, depot schedules, travel time, or EV charging behavior."
13,2,Alternative or complementary route,4,Major local road (prefectural road),東京都道　府中町田線,34,1,4.886508,"Tokyo logistics-corridor proxy for EV last-mile routing context; use as infrastructure-context evidence, not as observed delivery routes.","National Land Numerical Information N12 identifies designated freight-road corridors. It does not provide parcel demand, depot schedules, travel time, or EV charging behavior."
13,2,Alternative or complementary route,4,Major local road (prefectural road),東京都道　町田調布線,35,1,3.914067,"Tokyo logistics-corridor proxy for EV last-mile routing context; use as infrastructure-context evidence, not as observed delivery routes.","National Land Numerical Information N12 identifies designated freight-road corridors. It does not provide parcel demand, depot schedules, travel time, or EV charging behavior."
13,2,Alternative or complementary route,4,Major local road (prefectural road),東京都道　府中相模原線,36,1,1.147071,"Tokyo logistics-corridor proxy for EV last-mile routing context; use as infrastructure-context evidence, not as observed delivery routes.","National Land Numerical Information N12 identifies designated freight-road corridors. It does not provide parcel demand, depot schedules, travel time, or EV charging behavior."
13,2,Alternative or complementary route,4,Major local road (prefectural road),東京都道　練馬所沢線,37,1,0.884416,"Tokyo logistics-corridor proxy for EV last-mile routing context; use as infrastructure-context evidence, not as observed delivery routes.","National Land Numerical Information N12 identifies designated freight-road corridors. It does not provide parcel demand, depot schedules, travel time, or EV charging behavior."
13,2,Alternative or complementary route,4,Major local road (prefectural road),東京都道　飯田橋石神井新座線,38,1,2.819513,"Tokyo logistics-corridor proxy for EV last-mile routing context; use as infrastructure-context evidence, not as observed delivery routes.","National Land Numerical Information N12 identifies designated freight-road corridors. It does not provide parcel demand, depot schedules, travel time, or EV charging behavior."
13,2,Alternative or complementary route,4,Major local road (prefectural road),東京都道　飯田橋石神井新座線,38,2,0.28768,"Tokyo logistics-corridor proxy for EV last-mile routing context; use as infrastructure-context evidence, not as observed delivery routes.","National Land Numerical Information N12 identifies designated freight-road corridors. It does not provide parcel demand, depot schedules, travel time, or EV charging behavior."
13,2,Alternative or complementary route,4,Major local road (prefectural road),東京都道　立川青梅線,39,1,0.375952,"Tokyo logistics-corridor proxy for EV last-mile routing context; use as infrastructure-context evidence, not as observed delivery routes.","National Land Numerical Information N12 identifies designated freight-road corridors. It does not provide parcel demand, depot schedules, travel time, or EV charging behavior."
13,2,Alternative or complementary route,4,Major local road (prefectural road),東京都道　立川青梅線,39,2,2.47577,"Tokyo logistics-corridor proxy for EV last-mile routing context; use as infrastructure-context evidence, not as observed delivery routes.","National Land Numerical Information N12 identifies designated freight-road corridors. It does not provide parcel demand, depot schedules, travel time, or EV charging behavior."
13,2,Alternative or complementary route,4,Major local road (prefectural road),東京都道　立川青梅線,39,3,0.753413,"Tokyo logistics-corridor proxy for EV last-mile routing context; use as infrastructure-context evidence, not as observed delivery routes.","National Land Numerical Information N12 identifies designated freight-road corridors. It does not provide parcel demand, depot schedules, travel time, or EV charging behavior."
13,2,Alternative or complementary route,4,Major local road (prefectural road),東京都道　立川青梅線,39,4,0.385445,"Tokyo logistics-corridor proxy for EV last-mile routing context; use as infrastructure-context evidence, not as observed delivery routes.","National Land Numerical Information N12 identifies designated freight-road corridors. It does not provide parcel demand, depot schedules, travel time, or EV charging behavior."
13,2,Alternative or complementary route,4,Major local road (prefectural road),東京都道　八王子五日市線,40,1,0.40577,"Tokyo logistics-corridor proxy for EV last-mile routing context; use as infrastructure-context evidence, not as observed delivery routes.","National Land Numerical Information N12 identifies designated freight-road corridors. It does not provide parcel demand, depot schedules, travel time, or EV charging behavior."
13,2,Alternative or complementary route,4,Major local road (prefectural road),東京都道　上野原あきる野線,41,1,8.52126,"Tokyo logistics-corridor proxy for EV last-mile routing context; use as infrastructure-context evidence, not as observed delivery routes.","National Land Numerical Information N12 identifies designated freight-road corridors. It does not provide parcel demand, depot schedules, travel time, or EV charging behavior."
13,2,Alternative or complementary route,4,Major local road (prefectural road),東京都道　さいたま東村山線,42,1,1.24507,"Tokyo logistics-corridor proxy for EV last-mile routing context; use as infrastructure-context evidence, not as observed delivery routes.","National Land Numerical Information N12 identifies designated freight-road corridors. It does not provide parcel demand, depot schedules, travel time, or EV charging behavior."
13,2,Alternative or complementary route,4,Major local road (prefectural road),東京都道　稲城日野線,43,1,0.394908,"Tokyo logistics-corridor proxy for EV last-mile routing context; use as infrastructure-context evidence, not as observed delivery routes.","National Land Numerical Information N12 identifies designated freight-road corridors. It does not provide parcel demand, depot schedules, travel time, or EV charging behavior."
13,2,Alternative or complementary route,4,Major local road (prefectural road),東京都道　立川東大和線,44,1,0.418955,"Tokyo logistics-corridor proxy for EV last-mile routing context; use as infrastructure-context evidence, not as observed delivery routes.","National Land Numerical Information N12 identifies designated freight-road corridors. It does not provide parcel demand, depot schedules, travel time, or EV charging behavior."
13,2,Alternative or complementary route,4,Major local road (prefectural road),東京都道　立川東大和線,44,2,0.146561,"Tokyo logistics-corridor proxy for EV last-mile routing context; use as infrastructure-context evidence, not as observed delivery routes.","National Land Numerical Information N12 identifies designated freight-road corridors. It does not provide parcel demand, depot schedules, travel time, or EV charging behavior."
13,2,Alternative or complementary route,4,Major local road (prefectural road),東京都道　立川東大和線,44,3,1.805373,"Tokyo logistics-corridor proxy for EV last-mile routing context; use as infrastructure-context evidence, not as observed delivery routes.","National Land Numerical Information N12 identifies designated freight-road corridors. It does not provide parcel demand, depot schedules, travel time, or EV charging behavior."
13,2,Alternative or complementary route,4,Major local road (prefectural road),東京都道　八王子町田線,45,1,2.329621,"Tokyo logistics-corridor proxy for EV last-mile routing context; use as infrastructure-context evidence, not as observed delivery routes.","National Land Numerical Information N12 identifies designated freight-road corridors. It does not provide parcel demand, depot schedules, travel time, or EV charging behavior."
13,2,Alternative or complementary route,4,Major local road (prefectural road),東京都道　八王子町田線,45,2,0.476459,"Tokyo logistics-corridor proxy for EV last-mile routing context; use as infrastructure-context evidence, not as observed delivery routes.","National Land Numerical Information N12 identifies designated freight-road corridors. It does not provide parcel demand, depot schedules, travel time, or EV charging behavior."
13,2,Alternative or complementary route,4,Major local road (prefectural road),東京都道　東京市川線,46,1,0.161557,"Tokyo logistics-corridor proxy for EV last-mile routing context; use as infrastructure-context evidence, not as observed delivery routes.","National Land Numerical Information N12 identifies designated freight-road corridors. It does not provide parcel demand, depot schedules, travel time, or EV charging behavior."
13,2,Alternative or complementary route,4,Major local road (prefectural road),東京都道　東京市川線,46,2,0.569633,"Tokyo logistics-corridor proxy for EV last-mile routing context; use as infrastructure-context evidence, not as observed delivery routes.","National Land Numerical Information N12 identifies designated freight-road corridors. It does not provide parcel demand, depot schedules, travel time, or EV charging behavior."
13,2,Alternative or complementary route,4,Major local road (prefectural road),東京都道　相模原町田線,47,1,1.098259,"Tokyo logistics-corridor proxy for EV last-mile routing context; use as infrastructure-context evidence, not as observed delivery routes.","National Land Numerical Information N12 identifies designated freight-road corridors. It does not provide parcel demand, depot schedules, travel time, or EV charging behavior."
13,2,Alternative or complementary route,6,General prefectural road,東京都道　東京川口線,48,1,0.5858,"Tokyo logistics-corridor proxy for EV last-mile routing context; use as infrastructure-context evidence, not as observed delivery routes.","National Land Numerical Information N12 identifies designated freight-road corridors. It does not provide parcel demand, depot schedules, travel time, or EV charging behavior."
13,2,Alternative or complementary route,6,General prefectural road,東京都道　東京朝霞線,49,1,0.117808,"Tokyo logistics-corridor proxy for EV last-mile routing context; use as infrastructure-context evidence, not as observed delivery routes.","National Land Numerical Information N12 identifies designated freight-road corridors. It does not provide parcel demand, depot schedules, travel time, or EV charging behavior."
13,2,Alternative or complementary route,6,General prefectural road,東京都道　府中三鷹線,50,1,0.161081,"Tokyo logistics-corridor proxy for EV last-mile routing context; use as infrastructure-context evidence, not as observed delivery routes.","National Land Numerical Information N12 identifies designated freight-road corridors. It does not provide parcel demand, depot schedules, travel time, or EV charging behavior."
13,2,Alternative or complementary route,6,General prefectural road,東京都道　武蔵野狛江線,51,1,0.311873,"Tokyo logistics-corridor proxy for EV last-mile routing context; use as infrastructure-context evidence, not as observed delivery routes.","National Land Numerical Information N12 identifies designated freight-road corridors. It does not provide parcel demand, depot schedules, travel time, or EV charging behavior."
13,2,Alternative or complementary route,6,General prefectural road,東京都道　世田谷三鷹線,52,1,2.549741,"Tokyo logistics-corridor proxy for EV last-mile routing context; use as infrastructure-context evidence, not as observed delivery routes.","National Land Numerical Information N12 identifies designated freight-road corridors. It does not provide parcel demand, depot schedules, travel time, or EV charging behavior."
13,2,Alternative or complementary route,6,General prefectural road,東京都道　調布経堂停車場線,53,1,0.081078,"Tokyo logistics-corridor proxy for EV last-mile routing context; use as infrastructure-context evidence, not as observed delivery routes.","National Land Numerical Information N12 identifies designated freight-road corridors. It does not provide parcel demand, depot schedules, travel time, or EV charging behavior."
13,2,Alternative or complementary route,6,General prefectural road,東京都道　北浦上石原線,54,1,0.166135,"Tokyo logistics-corridor proxy for EV last-mile routing context; use as infrastructure-context evidence, not as observed delivery routes.","National Land Numerical Information N12 identifies designated freight-road corridors. It does not provide parcel demand, depot schedules, travel time, or EV charging behavior."
13,2,Alternative or complementary route,6,General prefectural road,東京都道　武蔵野調布線,55,1,0.651318,"Tokyo logistics-corridor proxy for EV last-mile routing context; use as infrastructure-context evidence, not as observed delivery routes.","National Land Numerical Information N12 identifies designated freight-road corridors. It does not provide parcel demand, depot schedules, travel time, or EV charging behavior."
13,2,Alternative or complementary route,6,General prefectural road,東京都道　武蔵野調布線,55,2,1.05014,"Tokyo logistics-corridor proxy for EV last-mile routing context; use as infrastructure-context evidence, not as observed delivery routes.","National Land Numerical Information N12 identifies designated freight-road corridors. It does not provide parcel demand, depot schedules, travel time, or EV charging behavior."
13,2,Alternative or complementary route,6,General prefectural road,東京都道　小川山田無線,56,1,0.171969,"Tokyo logistics-corridor proxy for EV last-mile routing context; use as infrastructure-context evidence, not as observed delivery routes.","National Land Numerical Information N12 identifies designated freight-road corridors. It does not provide parcel demand, depot schedules, travel time, or EV charging behavior."
13,2,Alternative or complementary route,6,General prefectural road,東京都道　恋ヶ窪新田三鷹線,57,1,0.817116,"Tokyo logistics-corridor proxy for EV last-mile routing context; use as infrastructure-context evidence, not as observed delivery routes.","National Land Numerical Information N12 identifies designated freight-road corridors. It does not provide parcel demand, depot schedules, travel time, or EV charging behavior."
13,2,Alternative or complementary route,6,General prefectural road,東京都道　恋ヶ窪新田三鷹線,57,2,0.484705,"Tokyo logistics-corridor proxy for EV last-mile routing context; use as infrastructure-context evidence, not as observed delivery routes.","National Land Numerical Information N12 identifies designated freight-road corridors. It does not provide parcel demand, depot schedules, travel time, or EV charging behavior."
13,2,Alternative or complementary route,6,General prefectural road,東京都道　中島10番線,58,1,0.655992,"Tokyo logistics-corridor proxy for EV last-mile routing context; use as infrastructure-context evidence, not as observed delivery routes.","National Land Numerical Information N12 identifies designated freight-road corridors. It does not provide parcel demand, depot schedules, travel time, or EV charging behavior."
13,2,Alternative or complementary route,6,General prefectural road,東京都道　立川国分寺線,59,1,0.462189,"Tokyo logistics-corridor proxy for EV last-mile routing context; use as infrastructure-context evidence, not as observed delivery routes.","National Land Numerical Information N12 identifies designated freight-road corridors. It does not provide parcel demand, depot schedules, travel time, or EV charging behavior."
13,2,Alternative or complementary route,6,General prefectural road,東京都道　国立停車場谷保線,60,1,0.705432,"Tokyo logistics-corridor proxy for EV last-mile routing context; use as infrastructure-context evidence, not as observed delivery routes.","National Land Numerical Information N12 identifies designated freight-road corridors. It does not provide parcel demand, depot schedules, travel time, or EV charging behavior."
13,2,Alternative or complementary route,6,General prefectural road,東京都道　立川昭島線,61,1,1.993438,"Tokyo logistics-corridor proxy for EV last-mile routing context; use as infrastructure-context evidence, not as observed delivery routes.","National Land Numerical Information N12 identifies designated freight-road corridors. It does not provide parcel demand, depot schedules, travel time, or EV charging behavior."
13,2,Alternative or complementary route,6,General prefectural road,東京都道　小山乞田線,62,1,6.718221,"Tokyo logistics-corridor proxy for EV last-mile routing context; use as infrastructure-context evidence, not as observed delivery routes.","National Land Numerical Information N12 identifies designated freight-road corridors. It does not provide parcel demand, depot schedules, travel time, or EV charging behavior."
13,2,Alternative or complementary route,6,General prefectural road,東京都道　羽村瑞穂線,63,1,2.218949,"Tokyo logistics-corridor proxy for EV last-mile routing context; use as infrastructure-context evidence, not as observed delivery routes.","National Land Numerical Information N12 identifies designated freight-road corridors. It does not provide parcel demand, depot schedules, travel time, or EV charging behavior."
13,2,Alternative or complementary route,6,General prefectural road,東京都道　伊奈福生線,64,1,0.749435,"Tokyo logistics-corridor proxy for EV last-mile routing context; use as infrastructure-context evidence, not as observed delivery routes.","National Land Numerical Information N12 identifies designated freight-road corridors. It does not provide parcel demand, depot schedules, travel time, or EV charging behavior."
13,2,Alternative or complementary route,6,General prefectural road,東京都道　伊奈福生線,64,2,1.010111,"Tokyo logistics-corridor proxy for EV last-mile routing context; use as infrastructure-context evidence, not as observed delivery routes.","National Land Numerical Information N12 identifies designated freight-road corridors. It does not provide parcel demand, depot schedules, travel time, or EV charging behavior."
13,2,Alternative or complementary route,6,General prefectural road,東京都道　淵上日野線,65,1,0.500906,"Tokyo logistics-corridor proxy for EV last-mile routing context; use as infrastructure-context evidence, not as observed delivery routes.","National Land Numerical Information N12 identifies designated freight-road corridors. It does not provide parcel demand, depot schedules, travel time, or EV charging behavior."
13,2,Alternative or complementary route,6,General prefectural road,東京都道　奥多摩あきる野線,66,1,3.235702,"Tokyo logistics-corridor proxy for EV last-mile routing context; use as infrastructure-context evidence, not as observed delivery routes.","National Land Numerical Information N12 identifies designated freight-road corridors. It does not provide parcel demand, depot schedules, travel time, or EV charging behavior."
13,2,Alternative or complementary route,6,General prefectural road,東京都道　昭島停車場熊川線,67,1,0.435435,"Tokyo logistics-corridor proxy for EV last-mile routing context; use as infrastructure-context evidence, not as observed delivery routes.","National Land Numerical Information N12 identifies designated freight-road corridors. It does not provide parcel demand, depot schedules, travel time, or EV charging behavior."
13,2,Alternative or complementary route,6,General prefectural road,東京都道　国立停車場恋ヶ窪線,68,1,0.472964,"Tokyo logistics-corridor proxy for EV last-mile routing context; use as infrastructure-context evidence, not as observed delivery routes.","National Land Numerical Information N12 identifies designated freight-road corridors. It does not provide parcel demand, depot schedules, travel time, or EV charging behavior."
13,2,Alternative or complementary route,6,General prefectural road,東京都道　東村山清瀬線,69,1,2.153462,"Tokyo logistics-corridor proxy for EV last-mile routing context; use as infrastructure-context evidence, not as observed delivery routes.","National Land Numerical Information N12 identifies designated freight-road corridors. It does not provide parcel demand, depot schedules, travel time, or EV charging behavior."
13,2,Alternative or complementary route,6,General prefectural road,東京都道　東村山清瀬線,69,2,1.216706,"Tokyo logistics-corridor proxy for EV last-mile routing context; use as infrastructure-context evidence, not as observed delivery routes.","National Land Numerical Information N12 identifies designated freight-road corridors. It does not provide parcel demand, depot schedules, travel time, or EV charging behavior."
13,2,Alternative or complementary route,6,General prefectural road,東京都道　前沢保谷線,70,1,1.639732,"Tokyo logistics-corridor proxy for EV last-mile routing context; use as infrastructure-context evidence, not as observed delivery routes.","National Land Numerical Information N12 identifies designated freight-road corridors. It does not provide parcel demand, depot schedules, travel time, or EV charging behavior."
13,2,Alternative or complementary route,6,General prefectural road,東京都道　豊田停車場線,71,1,0.092844,"Tokyo logistics-corridor proxy for EV last-mile routing context; use as infrastructure-context evidence, not as observed delivery routes.","National Land Numerical Information N12 identifies designated freight-road corridors. It does not provide parcel demand, depot schedules, travel time, or EV charging behavior."
13,2,Alternative or complementary route,6,General prefectural road,東京都道　足立川口線,72,1,0.466946,"Tokyo logistics-corridor proxy for EV last-mile routing context; use as infrastructure-context evidence, not as observed delivery routes.","National Land Numerical Information N12 identifies designated freight-road corridors. It does not provide parcel demand, depot schedules, travel time, or EV charging behavior."
13,2,Alternative or complementary route,6,General prefectural road,東京都道　府中小平線,73,1,3.264712,"Tokyo logistics-corridor proxy for EV last-mile routing context; use as infrastructure-context evidence, not as observed delivery routes.","National Land Numerical Information N12 identifies designated freight-road corridors. It does not provide parcel demand, depot schedules, travel time, or EV charging behavior."
13,2,Alternative or complementary route,6,General prefectural road,東京都道　福生青梅線,74,1,0.870368,"Tokyo logistics-corridor proxy for EV last-mile routing context; use as infrastructure-context evidence, not as observed delivery routes.","National Land Numerical Information N12 identifies designated freight-road corridors. It does not provide parcel demand, depot schedules, travel time, or EV charging behavior."
13,2,Alternative or complementary route,6,General prefectural road,東京都道　八王子国立線,75,1,0.579021,"Tokyo logistics-corridor proxy for EV last-mile routing context; use as infrastructure-context evidence, not as observed delivery routes.","National Land Numerical Information N12 identifies designated freight-road corridors. It does not provide parcel demand, depot schedules, travel time, or EV charging behavior."
13,2,Alternative or complementary route,4,Major local road (prefectural road),東京都道　白山祝田田町線,76,1,0.683942,"Tokyo logistics-corridor proxy for EV last-mile routing context; use as infrastructure-context evidence, not as observed delivery routes.","National Land Numerical Information N12 identifies designated freight-road corridors. It does not provide parcel demand, depot schedules, travel time, or EV charging behavior."
13,2,Alternative or complementary route,4,Major local road (prefectural road),東京都道　新宿両国線,77,1,1.382619,"Tokyo logistics-corridor proxy for EV last-mile routing context; use as infrastructure-context evidence, not as observed delivery routes.","National Land Numerical Information N12 identifies designated freight-road corridors. It does not provide parcel demand, depot schedules, travel time, or EV charging behavior."
13,2,Alternative or complementary route,4,Major local road (prefectural road),東京都道　新宿両国線,77,2,0.410339,"Tokyo logistics-corridor proxy for EV last-mile routing context; use as infrastructure-context evidence, not as observed delivery routes.","National Land Numerical Information N12 identifies designated freight-road corridors. It does not provide parcel demand, depot schedules, travel time, or EV charging behavior."
13,2,Alternative or complementary route,4,Major local road (prefectural road),東京都道　新宿両国線,77,3,1.079454,"Tokyo logistics-corridor proxy for EV last-mile routing context; use as infrastructure-context evidence, not as observed delivery routes.","National Land Numerical Information N12 identifies designated freight-road corridors. It does not provide parcel demand, depot schedules, travel time, or EV charging behavior."
13,2,Alternative or complementary route,4,Major local road (prefectural road),東京都道　新宿両国線,77,4,0.46173,"Tokyo logistics-corridor proxy for EV last-mile routing context; use as infrastructure-context evidence, not as observed delivery routes.","National Land Numerical Information N12 identifies designated freight-road corridors. It does not provide parcel demand, depot schedules, travel time, or EV charging behavior."
13,2,Alternative or complementary route,4,Major local road (prefectural road),東京都道　日比谷豊洲埠頭東雲町線,1,2,0.909703,"Tokyo logistics-corridor proxy for EV last-mile routing context; use as infrastructure-context evidence, not as observed delivery routes.","National Land Numerical Information N12 identifies designated freight-road corridors. It does not provide parcel demand, depot schedules, travel time, or EV charging behavior."
13,2,Alternative or complementary route,4,Major local road (prefectural road),東京都道　日比谷豊洲埠頭東雲町線,1,3,0.730459,"Tokyo logistics-corridor proxy for EV last-mile routing context; use as infrastructure-context evidence, not as observed delivery routes.","National Land Numerical Information N12 identifies designated freight-road corridors. It does not provide parcel demand, depot schedules, travel time, or EV charging behavior."
13,2,Alternative or complementary route,4,Major local road (prefectural road),東京都道　芝新宿王子線,78,1,0.400391,"Tokyo logistics-corridor proxy for EV last-mile routing context; use as infrastructure-context evidence, not as observed delivery routes.","National Land Numerical Information N12 identifies designated freight-road corridors. It does not provide parcel demand, depot schedules, travel time, or EV charging behavior."
13,2,Alternative or complementary route,4,Major local road (prefectural road),東京都道　芝新宿王子線,78,2,1.287533,"Tokyo logistics-corridor proxy for EV last-mile routing context; use as infrastructure-context evidence, not as observed delivery routes.","National Land Numerical Information N12 identifies designated freight-road corridors. It does not provide parcel demand, depot schedules, travel time, or EV charging behavior."
13,2,Alternative or complementary route,4,Major local road (prefectural road),東京都道　芝新宿王子線,78,3,0.456347,"Tokyo logistics-corridor proxy for EV last-mile routing context; use as infrastructure-context evidence, not as observed delivery routes.","National Land Numerical Information N12 identifies designated freight-road corridors. It does not provide parcel demand, depot schedules, travel time, or EV charging behavior."
13,2,Alternative or complementary route,4,Major local road (prefectural road),東京都道　王子千住夢の島線,7,2,2.687885,"Tokyo logistics-corridor proxy for EV last-mile routing context; use as infrastructure-context evidence, not as observed delivery routes.","National Land Numerical Information N12 identifies designated freight-road corridors. It does not provide parcel demand, depot schedules, travel time, or EV charging behavior."
13,2,Alternative or complementary route,4,Major local road (prefectural road),東京都道　王子金町江戸川線,79,1,3.165091,"Tokyo logistics-corridor proxy for EV last-mile routing context; use as infrastructure-context evidence, not as observed delivery routes.","National Land Numerical Information N12 identifies designated freight-road corridors. It does not provide parcel demand, depot schedules, travel time, or EV charging behavior."
13,2,Alternative or complementary route,4,Major local road (prefectural road),東京都道　白金台町等々力線,80,1,0.671136,"Tokyo logistics-corridor proxy for EV last-mile routing context; use as infrastructure-context evidence, not as observed delivery routes.","National Land Numerical Information N12 identifies designated freight-road corridors. It does not provide parcel demand, depot schedules, travel time, or EV charging behavior."
13,2,Alternative or complementary route,4,Major local road (prefectural road),東京都道　日本橋芝浦大森線,3,4,0.693987,"Tokyo logistics-corridor proxy for EV last-mile routing context; use as infrastructure-context evidence, not as observed delivery routes.","National Land Numerical Information N12 identifies designated freight-road corridors. It does not provide parcel demand, depot schedules, travel time, or EV charging behavior."
13,2,Alternative or complementary route,4,Major local road (prefectural road),東京都道　環状6号線,81,1,9.388834,"Tokyo logistics-corridor proxy for EV last-mile routing context; use as infrastructure-context evidence, not as observed delivery routes.","National Land Numerical Information N12 identifies designated freight-road corridors. It does not provide parcel demand, depot schedules, travel time, or EV charging behavior."
13,2,Alternative or complementary route,4,Major local road (prefectural road),東京都道　環状6号線,81,2,6.674058,"Tokyo logistics-corridor proxy for EV last-mile routing context; use as infrastructure-context evidence, not as observed delivery routes.","National Land Numerical Information N12 identifies designated freight-road corridors. It does not provide parcel demand, depot schedules, travel time, or EV charging behavior."
13,2,Alternative or complementary route,4,Major local road (prefectural road),東京都道　環状3号線,82,1,0.254069,"Tokyo logistics-corridor proxy for EV last-mile routing context; use as infrastructure-context evidence, not as observed delivery routes.","National Land Numerical Information N12 identifies designated freight-road corridors. It does not provide parcel demand, depot schedules, travel time, or EV charging behavior."
13,2,Alternative or complementary route,4,Major local road (prefectural road),東京都道　環状3号線,82,2,0.326231,"Tokyo logistics-corridor proxy for EV last-mile routing context; use as infrastructure-context evidence, not as observed delivery routes.","National Land Numerical Information N12 identifies designated freight-road corridors. It does not provide parcel demand, depot schedules, travel time, or EV charging behavior."
13,2,Alternative or complementary route,4,Major local road (prefectural road),東京都道　環状3号線,82,3,2.963513,"Tokyo logistics-corridor proxy for EV last-mile routing context; use as infrastructure-context evidence, not as observed delivery routes.","National Land Numerical Information N12 identifies designated freight-road corridors. It does not provide parcel demand, depot schedules, travel time, or EV charging behavior."
13,2,Alternative or complementary route,4,Major local road (prefectural road),東京都道　環状3号線,82,4,1.791859,"Tokyo logistics-corridor proxy for EV last-mile routing context; use as infrastructure-context evidence, not as observed delivery routes.","National Land Numerical Information N12 identifies designated freight-road corridors. It does not provide parcel demand, depot schedules, travel time, or EV charging behavior."
13,2,Alternative or complementary route,6,General prefectural road,東京都道　麹町竹平線,83,1,1.179495,"Tokyo logistics-corridor proxy for EV last-mile routing context; use as infrastructure-context evidence, not as observed delivery routes.","National Land Numerical Information N12 identifies designated freight-road corridors. It does not provide parcel demand, depot schedules, travel time, or EV charging behavior."
13,2,Alternative or complementary route,6,General prefectural road,東京都道　麹町竹平線,83,2,0.298031,"Tokyo logistics-corridor proxy for EV last-mile routing context; use as infrastructure-context evidence, not as observed delivery routes.","National Land Numerical Information N12 identifies designated freight-road corridors. It does not provide parcel demand, depot schedules, travel time, or EV charging behavior."
13,2,Alternative or complementary route,6,General prefectural road,東京都道　大手町湯島線,84,1,0.787262,"Tokyo logistics-corridor proxy for EV last-mile routing context; use as infrastructure-context evidence, not as observed delivery routes.","National Land Numerical Information N12 identifies designated freight-road corridors. It does not provide parcel demand, depot schedules, travel time, or EV charging behavior."
13,2,Alternative or complementary route,6,General prefectural road,東京都道　外濠環状線,85,1,0.827906,"Tokyo logistics-corridor proxy for EV last-mile routing context; use as infrastructure-context evidence, not as observed delivery routes.","National Land Numerical Information N12 identifies designated freight-road corridors. It does not provide parcel demand, depot schedules, travel time, or EV charging behavior."
13,2,Alternative or complementary route,6,General prefectural road,東京都道　外濠環状線,85,2,0.554177,"Tokyo logistics-corridor proxy for EV last-mile routing context; use as infrastructure-context evidence, not as observed delivery routes.","National Land Numerical Information N12 identifies designated freight-road corridors. It does not provide parcel demand, depot schedules, travel time, or EV charging behavior."
13,2,Alternative or complementary route,6,General prefectural road,東京都道　外濠環状線,85,3,1.460844,"Tokyo logistics-corridor proxy for EV last-mile routing context; use as infrastructure-context evidence, not as observed delivery routes.","National Land Numerical Information N12 identifies designated freight-road corridors. It does not provide parcel demand, depot schedules, travel time, or EV charging behavior."
13,2,Alternative or complementary route,6,General prefectural road,東京都道　日比谷芝浦線,86,1,0.662705,"Tokyo logistics-corridor proxy for EV last-mile routing context; use as infrastructure-context evidence, not as observed delivery routes.","National Land Numerical Information N12 identifies designated freight-road corridors. It does not provide parcel demand, depot schedules, travel time, or EV charging behavior."
13,2,Alternative or complementary route,6,General prefectural road,東京都道　高輪麻布線,87,1,0.465113,"Tokyo logistics-corridor proxy for EV last-mile routing context; use as infrastructure-context evidence, not as observed delivery routes.","National Land Numerical Information N12 identifies designated freight-road corridors. It does not provide parcel demand, depot schedules, travel time, or EV charging behavior."
13,2,Alternative or complementary route,6,General prefectural road,東京都道　古川橋二子玉川線,88,1,0.304446,"Tokyo logistics-corridor proxy for EV last-mile routing context; use as infrastructure-context evidence, not as observed delivery routes.","National Land Numerical Information N12 identifies designated freight-road corridors. It does not provide parcel demand, depot schedules, travel time, or EV charging behavior."
13,2,Alternative or complementary route,6,General prefectural road,東京都道　古川橋二子玉川線,88,2,1.776744,"Tokyo logistics-corridor proxy for EV last-mile routing context; use as infrastructure-context evidence, not as observed delivery routes.","National Land Numerical Information N12 identifies designated freight-road corridors. It does not provide parcel demand, depot schedules, travel time, or EV charging behavior."
13,2,Alternative or complementary route,6,General prefectural road,東京都道　北品川四谷線,89,1,0.334824,"Tokyo logistics-corridor proxy for EV last-mile routing context; use as infrastructure-context evidence, not as observed delivery routes.","National Land Numerical Information N12 identifies designated freight-road corridors. It does not provide parcel demand, depot schedules, travel time, or EV charging behavior."
13,2,Alternative or complementary route,6,General prefectural road,東京都道　鮫洲大山線,90,1,0.847453,"Tokyo logistics-corridor proxy for EV last-mile routing context; use as infrastructure-context evidence, not as observed delivery routes.","National Land Numerical Information N12 identifies designated freight-road corridors. It does not provide parcel demand, depot schedules, travel time, or EV charging behavior."
13,2,Alternative or complementary route,6,General prefectural road,東京都道　鮫洲大山線,90,2,0.634436,"Tokyo logistics-corridor proxy for EV last-mile routing context; use as infrastructure-context evidence, not as observed delivery routes.","National Land Numerical Information N12 identifies designated freight-road corridors. It does not provide parcel demand, depot schedules, travel time, or EV charging behavior."
13,2,Alternative or complementary route,6,General prefectural road,東京都道　鮫洲大山線,90,3,0.62151,"Tokyo logistics-corridor proxy for EV last-mile routing context; use as infrastructure-context evidence, not as observed delivery routes.","National Land Numerical Information N12 identifies designated freight-road corridors. It does not provide parcel demand, depot schedules, travel time, or EV charging behavior."
13,2,Alternative or complementary route,6,General prefectural road,東京都道　鮫洲大山線,90,4,0.259464,"Tokyo logistics-corridor proxy for EV last-mile routing context; use as infrastructure-context evidence, not as observed delivery routes.","National Land Numerical Information N12 identifies designated freight-road corridors. It does not provide parcel demand, depot schedules, travel time, or EV charging behavior."
13,2,Alternative or complementary route,6,General prefectural road,東京都道　東品川下丸子線,91,1,2.127521,"Tokyo logistics-corridor proxy for EV last-mile routing context; use as infrastructure-context evidence, not as observed delivery routes.","National Land Numerical Information N12 identifies designated freight-road corridors. It does not provide parcel demand, depot schedules, travel time, or EV charging behavior."
13,2,Alternative or complementary route,6,General prefectural road,東京都道　東品川下丸子線,91,2,0.447922,"Tokyo logistics-corridor proxy for EV last-mile routing context; use as infrastructure-context evidence, not as observed delivery routes.","National Land Numerical Information N12 identifies designated freight-road corridors. It does not provide parcel demand, depot schedules, travel time, or EV charging behavior."
13,2,Alternative or complementary route,6,General prefectural road,東京都道　上馬奥沢線,92,1,0.866448,"Tokyo logistics-corridor proxy for EV last-mile routing context; use as infrastructure-context evidence, not as observed delivery routes.","National Land Numerical Information N12 identifies designated freight-road corridors. It does not provide parcel demand, depot schedules, travel time, or EV charging behavior."
13,2,Alternative or complementary route,6,General prefectural road,東京都道　神楽坂高円寺線,93,1,0.583008,"Tokyo logistics-corridor proxy for EV last-mile routing context; use as infrastructure-context evidence, not as observed delivery routes.","National Land Numerical Information N12 identifies designated freight-road corridors. It does not provide parcel demand, depot schedules, travel time, or EV charging behavior."
13,2,Alternative or complementary route,6,General prefectural road,東京都道　神楽坂高円寺線,93,2,0.797681,"Tokyo logistics-corridor proxy for EV last-mile routing context; use as infrastructure-context evidence, not as observed delivery routes.","National Land Numerical Information N12 identifies designated freight-road corridors. It does not provide parcel demand, depot schedules, travel time, or EV charging behavior."
13,2,Alternative or complementary route,6,General prefectural road,東京都道　音羽池袋線,94,1,0.702252,"Tokyo logistics-corridor proxy for EV last-mile routing context; use as infrastructure-context evidence, not as observed delivery routes.","National Land Numerical Information N12 identifies designated freight-road corridors. It does not provide parcel demand, depot schedules, travel time, or EV charging behavior."
13,2,Alternative or complementary route,6,General prefectural road,東京都道　秋葉原雑司ヶ谷線,95,1,0.915766,"Tokyo logistics-corridor proxy for EV last-mile routing context; use as infrastructure-context evidence, not as observed delivery routes.","National Land Numerical Information N12 identifies designated freight-road corridors. It does not provide parcel demand, depot schedules, travel time, or EV charging behavior."
13,2,Alternative or complementary route,6,General prefectural road,東京都道　南田中町旭町線,96,1,1.03031,"Tokyo logistics-corridor proxy for EV last-mile routing context; use as infrastructure-context evidence, not as observed delivery routes.","National Land Numerical Information N12 identifies designated freight-road corridors. It does not provide parcel demand, depot schedules, travel time, or EV charging behavior."
13,2,Alternative or complementary route,6,General prefectural road,東京都道　赤羽西台線,97,1,0.188303,"Tokyo logistics-corridor proxy for EV last-mile routing context; use as infrastructure-context evidence, not as observed delivery routes.","National Land Numerical Information N12 identifies designated freight-road corridors. It does not provide parcel demand, depot schedules, travel time, or EV charging behavior."
13,2,Alternative or complementary route,6,General prefectural road,東京都道　本郷赤羽線,98,1,0.72926,"Tokyo logistics-corridor proxy for EV last-mile routing context; use as infrastructure-context evidence, not as observed delivery routes.","National Land Numerical Information N12 identifies designated freight-road corridors. It does not provide parcel demand, depot schedules, travel time, or EV charging behavior."
13,2,Alternative or complementary route,6,General prefectural road,東京都道　本郷赤羽線,98,2,0.273677,"Tokyo logistics-corridor proxy for EV last-mile routing context; use as infrastructure-context evidence, not as observed delivery routes.","National Land Numerical Information N12 identifies designated freight-road corridors. It does not provide parcel demand, depot schedules, travel time, or EV charging behavior."
13,2,Alternative or complementary route,6,General prefectural road,東京都道　本郷赤羽線,98,3,2.021031,"Tokyo logistics-corridor proxy for EV last-mile routing context; use as infrastructure-context evidence, not as observed delivery routes.","National Land Numerical Information N12 identifies designated freight-road corridors. It does not provide parcel demand, depot schedules, travel time, or EV charging behavior."
13,2,Alternative or complementary route,6,General prefectural road,東京都道　本郷赤羽線,98,4,0.997855,"Tokyo logistics-corridor proxy for EV last-mile routing context; use as infrastructure-context evidence, not as observed delivery routes.","National Land Numerical Information N12 identifies designated freight-road corridors. It does not provide parcel demand, depot schedules, travel time, or EV charging behavior."
13,2,Alternative or complementary route,6,General prefectural road,東京都道　白山小台線,99,1,0.485237,"Tokyo logistics-corridor proxy for EV last-mile routing context; use as infrastructure-context evidence, not as observed delivery routes.","National Land Numerical Information N12 identifies designated freight-road corridors. It does not provide parcel demand, depot schedules, travel time, or EV charging behavior."
13,2,Alternative or complementary route,6,General prefectural road,東京都道　白山小台線,99,2,0.236507,"Tokyo logistics-corridor proxy for EV last-mile routing context; use as infrastructure-context evidence, not as observed delivery routes.","National Land Numerical Information N12 identifies designated freight-road corridors. It does not provide parcel demand, depot schedules, travel time, or EV charging behavior."
13,2,Alternative or complementary route,6,General prefectural road,東京都道　上野月島線,100,1,0.125801,"Tokyo logistics-corridor proxy for EV last-mile routing context; use as infrastructure-context evidence, not as observed delivery routes.","National Land Numerical Information N12 identifies designated freight-road corridors. It does not provide parcel demand, depot schedules, travel time, or EV charging behavior."
13,2,Alternative or complementary route,6,General prefectural road,東京都道　深川吾嬬町線,101,1,0.196197,"Tokyo logistics-corridor proxy for EV last-mile routing context; use as infrastructure-context evidence, not as observed delivery routes.","National Land Numerical Information N12 identifies designated freight-road corridors. It does not provide parcel demand, depot schedules, travel time, or EV charging behavior."
13,2,Alternative or complementary route,6,General prefectural road,東京都道　深川吾嬬町線,101,2,0.332358,"Tokyo logistics-corridor proxy for EV last-mile routing context; use as infrastructure-context evidence, not as observed delivery routes.","National Land Numerical Information N12 identifies designated freight-road corridors. It does not provide parcel demand, depot schedules, travel time, or EV charging behavior."
13,2,Alternative or complementary route,6,General prefectural road,東京都道　千住新宿町線,102,1,0.503387,"Tokyo logistics-corridor proxy for EV last-mile routing context; use as infrastructure-context evidence, not as observed delivery routes.","National Land Numerical Information N12 identifies designated freight-road corridors. It does not provide parcel demand, depot schedules, travel time, or EV charging behavior."
13,2,Alternative or complementary route,6,General prefectural road,東京都道　新富晴海線,103,1,0.37127,"Tokyo logistics-corridor proxy for EV last-mile routing context; use as infrastructure-context evidence, not as observed delivery routes.","National Land Numerical Information N12 identifies designated freight-road corridors. It does not provide parcel demand, depot schedules, travel time, or EV charging behavior."
13,2,Alternative or complementary route,6,General prefectural road,東京都道　南砂町吾嬬町線,104,1,0.813518,"Tokyo logistics-corridor proxy for EV last-mile routing context; use as infrastructure-context evidence, not as observed delivery routes.","National Land Numerical Information N12 identifies designated freight-road corridors. It does not provide parcel demand, depot schedules, travel time, or EV charging behavior."
13,2,Alternative or complementary route,4,Major local road (prefectural road),東京都道　豊洲有明線,105,1,0.175962,"Tokyo logistics-corridor proxy for EV last-mile routing context; use as infrastructure-context evidence, not as observed delivery routes.","National Land Numerical Information N12 identifies designated freight-road corridors. It does not provide parcel demand, depot schedules, travel time, or EV charging behavior."
13,2,Alternative or complementary route,6,General prefectural road,東京都道新宿副都心2号線,106,1,0.209665,"Tokyo logistics-corridor proxy for EV last-mile routing context; use as infrastructure-context evidence, not as observed delivery routes.","National Land Numerical Information N12 identifies designated freight-road corridors. It does not provide parcel demand, depot schedules, travel time, or EV charging behavior."
13,2,Alternative or complementary route,6,General prefectural road,東京都道新宿副都心11号線,107,1,0.255356,"Tokyo logistics-corridor proxy for EV last-mile routing context; use as infrastructure-context evidence, not as observed delivery routes.","National Land Numerical Information N12 identifies designated freight-road corridors. It does not provide parcel demand, depot schedules, travel time, or EV charging behavior."
13,2,Alternative or complementary route,7,Municipal or special-ward road,特別区道千第101号,108,1,0.22639,"Tokyo logistics-corridor proxy for EV last-mile routing context; use as infrastructure-context evidence, not as observed delivery routes.","National Land Numerical Information N12 identifies designated freight-road corridors. It does not provide parcel demand, depot schedules, travel time, or EV charging behavior."
13,2,Alternative or complementary route,7,Municipal or special-ward road,特別区道中京第412号線,109,1,0.258705,"Tokyo logistics-corridor proxy for EV last-mile routing context; use as infrastructure-context evidence, not as observed delivery routes.","National Land Numerical Information N12 identifies designated freight-road corridors. It does not provide parcel demand, depot schedules, travel time, or EV charging behavior."
13,2,Alternative or complementary route,7,Municipal or special-ward road,港区第1022号線,110,1,0.106712,"Tokyo logistics-corridor proxy for EV last-mile routing context; use as infrastructure-context evidence, not as observed delivery routes.","National Land Numerical Information N12 identifies designated freight-road corridors. It does not provide parcel demand, depot schedules, travel time, or EV charging behavior."
13,2,Alternative or complementary route,7,Municipal or special-ward road,特別区道21-110,111,1,0.132361,"Tokyo logistics-corridor proxy for EV last-mile routing context; use as infrastructure-context evidence, not as observed delivery routes.","National Land Numerical Information N12 identifies designated freight-road corridors. It does not provide parcel demand, depot schedules, travel time, or EV charging behavior."
13,2,Alternative or complementary route,7,Municipal or special-ward road,特別区道22-270,112,1,0.396417,"Tokyo logistics-corridor proxy for EV last-mile routing context; use as infrastructure-context evidence, not as observed delivery routes.","National Land Numerical Information N12 identifies designated freight-road corridors. It does not provide parcel demand, depot schedules, travel time, or EV charging behavior."
13,2,Alternative or complementary route,7,Municipal or special-ward road,特別区道21-400,113,1,0.192015,"Tokyo logistics-corridor proxy for EV last-mile routing context; use as infrastructure-context evidence, not as observed delivery routes.","National Land Numerical Information N12 identifies designated freight-road corridors. It does not provide parcel demand, depot schedules, travel time, or EV charging behavior."
13,2,Alternative or complementary route,7,Municipal or special-ward road,特別区道21-692,114,1,0.984666,"Tokyo logistics-corridor proxy for EV last-mile routing context; use as infrastructure-context evidence, not as observed delivery routes.","National Land Numerical Information N12 identifies designated freight-road corridors. It does not provide parcel demand, depot schedules, travel time, or EV charging behavior."
13,2,Alternative or complementary route,7,Municipal or special-ward road,特別区道22-1070,115,1,0.312007,"Tokyo logistics-corridor proxy for EV last-mile routing context; use as infrastructure-context evidence, not as observed delivery routes.","National Land Numerical Information N12 identifies designated freight-road corridors. It does not provide parcel demand, depot schedules, travel time, or EV charging behavior."
13,2,Alternative or complementary route,7,Municipal or special-ward road,特別区道31-880,116,1,0.569835,"Tokyo logistics-corridor proxy for EV last-mile routing context; use as infrastructure-context evidence, not as observed delivery routes.","National Land Numerical Information N12 identifies designated freight-road corridors. It does not provide parcel demand, depot schedules, travel time, or EV charging behavior."
13,2,Alternative or complementary route,7,Municipal or special-ward road,特別区道31-1380,117,1,0.757028,"Tokyo logistics-corridor proxy for EV last-mile routing context; use as infrastructure-context evidence, not as observed delivery routes.","National Land Numerical Information N12 identifies designated freight-road corridors. It does not provide parcel demand, depot schedules, travel time, or EV charging behavior."
13,2,Alternative or complementary route,7,Municipal or special-ward road,特別区道文第870号,118,1,0.270986,"Tokyo logistics-corridor proxy for EV last-mile routing context; use as infrastructure-context evidence, not as observed delivery routes.","National Land Numerical Information N12 identifies designated freight-road corridors. It does not provide parcel demand, depot schedules, travel time, or EV charging behavior."
13,2,Alternative or complementary route,7,Municipal or special-ward road,特別区道台第17号線,119,1,0.197414,"Tokyo logistics-corridor proxy for EV last-mile routing context; use as infrastructure-context evidence, not as observed delivery routes.","National Land Numerical Information N12 identifies designated freight-road corridors. It does not provide parcel demand, depot schedules, travel time, or EV charging behavior."
13,2,Alternative or complementary route,7,Municipal or special-ward road,特別区道下第127号線,120,1,0.109327,"Tokyo logistics-corridor proxy for EV last-mile routing context; use as infrastructure-context evidence, not as observed delivery routes.","National Land Numerical Information N12 identifies designated freight-road corridors. It does not provide parcel demand, depot schedules, travel time, or EV charging behavior."
13,2,Alternative or complementary route,7,Municipal or special-ward road,特別区道千・台第3号,121,1,0.3289,"Tokyo logistics-corridor proxy for EV last-mile routing context; use as infrastructure-context evidence, not as observed delivery routes.","National Land Numerical Information N12 identifies designated freight-road corridors. It does not provide parcel demand, depot schedules, travel time, or EV charging behavior."
13,2,Alternative or complementary route,7,Municipal or special-ward road,特別区道城18号,122,1,0.081397,"Tokyo logistics-corridor proxy for EV last-mile routing context; use as infrastructure-context evidence, not as observed delivery routes.","National Land Numerical Information N12 identifies designated freight-road corridors. It does not provide parcel demand, depot schedules, travel time, or EV charging behavior."
13,2,Alternative or complementary route,7,Municipal or special-ward road,特別区道江172号,123,1,0.13244,"Tokyo logistics-corridor proxy for EV last-mile routing context; use as infrastructure-context evidence, not as observed delivery routes.","National Land Numerical Information N12 identifies designated freight-road corridors. It does not provide parcel demand, depot schedules, travel time, or EV charging behavior."
13,2,Alternative or complementary route,7,Municipal or special-ward road,特別区道1級幹線4号線の一部,124,1,0.204312,"Tokyo logistics-corridor proxy for EV last-mile routing context; use as infrastructure-context evidence, not as observed delivery routes.","National Land Numerical Information N12 identifies designated freight-road corridors. It does not provide parcel demand, depot schedules, travel time, or EV charging behavior."
13,2,Alternative or complementary route,7,Municipal or special-ward road,大田区道主要第15号線,125,1,0.248021,"Tokyo logistics-corridor proxy for EV last-mile routing context; use as infrastructure-context evidence, not as observed delivery routes.","National Land Numerical Information N12 identifies designated freight-road corridors. It does not provide parcel demand, depot schedules, travel time, or EV charging behavior."
13,2,Alternative or complementary route,7,Municipal or special-ward road,大田区道主要第27号線,126,1,0.249061,"Tokyo logistics-corridor proxy for EV last-mile routing context; use as infrastructure-context evidence, not as observed delivery routes.","National Land Numerical Information N12 identifies designated freight-road corridors. It does not provide parcel demand, depot schedules, travel time, or EV charging behavior."
13,2,Alternative or complementary route,7,Municipal or special-ward road,大田区道主要第32号線,127,1,0.800229,"Tokyo logistics-corridor proxy for EV last-mile routing context; use as infrastructure-context evidence, not as observed delivery routes.","National Land Numerical Information N12 identifies designated freight-road corridors. It does not provide parcel demand, depot schedules, travel time, or EV charging behavior."
13,2,Alternative or complementary route,7,Municipal or special-ward road,大田区道主要第33号線,128,1,0.98975,"Tokyo logistics-corridor proxy for EV last-mile routing context; use as infrastructure-context evidence, not as observed delivery routes.","National Land Numerical Information N12 identifies designated freight-road corridors. It does not provide parcel demand, depot schedules, travel time, or EV charging behavior."
13,2,Alternative or complementary route,7,Municipal or special-ward road,大田区道主要第82号線,129,1,1.073263,"Tokyo logistics-corridor proxy for EV last-mile routing context; use as infrastructure-context evidence, not as observed delivery routes.","National Land Numerical Information N12 identifies designated freight-road corridors. It does not provide parcel demand, depot schedules, travel time, or EV charging behavior."
13,2,Alternative or complementary route,7,Municipal or special-ward road,大田区道6-245号線,130,1,0.17816,"Tokyo logistics-corridor proxy for EV last-mile routing context; use as infrastructure-context evidence, not as observed delivery routes.","National Land Numerical Information N12 identifies designated freight-road corridors. It does not provide parcel demand, depot schedules, travel time, or EV charging behavior."
13,2,Alternative or complementary route,7,Municipal or special-ward road,世田谷区21B003,131,1,0.487409,"Tokyo logistics-corridor proxy for EV last-mile routing context; use as infrastructure-context evidence, not as observed delivery routes.","National Land Numerical Information N12 identifies designated freight-road corridors. It does not provide parcel demand, depot schedules, travel time, or EV charging behavior."
13,2,Alternative or complementary route,7,Municipal or special-ward road,世田谷区22A006,132,1,0.58918,"Tokyo logistics-corridor proxy for EV last-mile routing context; use as infrastructure-context evidence, not as observed delivery routes.","National Land Numerical Information N12 identifies designated freight-road corridors. It does not provide parcel demand, depot schedules, travel time, or EV charging behavior."
13,2,Alternative or complementary route,7,Municipal or special-ward road,世田谷区31B008,133,1,0.80865,"Tokyo logistics-corridor proxy for EV last-mile routing context; use as infrastructure-context evidence, not as observed delivery routes.","National Land Numerical Information N12 identifies designated freight-road corridors. It does not provide parcel demand, depot schedules, travel time, or EV charging behavior."
13,2,Alternative or complementary route,7,Municipal or special-ward road,世田谷区42A003,134,1,0.974329,"Tokyo logistics-corridor proxy for EV last-mile routing context; use as infrastructure-context evidence, not as observed delivery routes.","National Land Numerical Information N12 identifies designated freight-road corridors. It does not provide parcel demand, depot schedules, travel time, or EV charging behavior."
13,2,Alternative or complementary route,7,Municipal or special-ward road,世田谷区42C191,135,1,0.289745,"Tokyo logistics-corridor proxy for EV last-mile routing context; use as infrastructure-context evidence, not as observed delivery routes.","National Land Numerical Information N12 identifies designated freight-road corridors. It does not provide parcel demand, depot schedules, travel time, or EV charging behavior."
13,2,Alternative or complementary route,7,Municipal or special-ward road,世田谷区42C196,136,1,0.246946,"Tokyo logistics-corridor proxy for EV last-mile routing context; use as infrastructure-context evidence, not as observed delivery routes.","National Land Numerical Information N12 identifies designated freight-road corridors. It does not provide parcel demand, depot schedules, travel time, or EV charging behavior."
13,2,Alternative or complementary route,7,Municipal or special-ward road,世田谷区42C197,137,1,0.214664,"Tokyo logistics-corridor proxy for EV last-mile routing context; use as infrastructure-context evidence, not as observed delivery routes.","National Land Numerical Information N12 identifies designated freight-road corridors. It does not provide parcel demand, depot schedules, travel time, or EV charging behavior."
13,2,Alternative or complementary route,7,Municipal or special-ward road,渋谷区第877号路線,138,1,0.714597,"Tokyo logistics-corridor proxy for EV last-mile routing context; use as infrastructure-context evidence, not as observed delivery routes.","National Land Numerical Information N12 identifies designated freight-road corridors. It does not provide parcel demand, depot schedules, travel time, or EV charging behavior."
13,2,Alternative or complementary route,7,Municipal or special-ward road,渋谷区第957号路線,139,1,0.378991,"Tokyo logistics-corridor proxy for EV last-mile routing context; use as infrastructure-context evidence, not as observed delivery routes.","National Land Numerical Information N12 identifies designated freight-road corridors. It does not provide parcel demand, depot schedules, travel time, or EV charging behavior."
13,2,Alternative or complementary route,7,Municipal or special-ward road,中野区22-60号,140,1,0.346967,"Tokyo logistics-corridor proxy for EV last-mile routing context; use as infrastructure-context evidence, not as observed delivery routes.","National Land Numerical Information N12 identifies designated freight-road corridors. It does not provide parcel demand, depot schedules, travel time, or EV charging behavior."
13,2,Alternative or complementary route,7,Municipal or special-ward road,特別区道第2103-1号路線,141,1,0.503823,"Tokyo logistics-corridor proxy for EV last-mile routing context; use as infrastructure-context evidence, not as observed delivery routes.","National Land Numerical Information N12 identifies designated freight-road corridors. It does not provide parcel demand, depot schedules, travel time, or EV charging behavior."
13,2,Alternative or complementary route,7,Municipal or special-ward road,特別区道31-1420号線,142,1,0.114892,"Tokyo logistics-corridor proxy for EV last-mile routing context; use as infrastructure-context evidence, not as observed delivery routes.","National Land Numerical Information N12 identifies designated freight-road corridors. It does not provide parcel demand, depot schedules, travel time, or EV charging behavior."
13,2,Alternative or complementary route,7,Municipal or special-ward road,特別区道北1922号,143,1,0.394202,"Tokyo logistics-corridor proxy for EV last-mile routing context; use as infrastructure-context evidence, not as observed delivery routes.","National Land Numerical Information N12 identifies designated freight-road corridors. It does not provide parcel demand, depot schedules, travel time, or EV charging behavior."
13,2,Alternative or complementary route,7,Municipal or special-ward road,荒川区荒104号線,144,1,0.899325,"Tokyo logistics-corridor proxy for EV last-mile routing context; use as infrastructure-context evidence, not as observed delivery routes.","National Land Numerical Information N12 identifies designated freight-road corridors. It does not provide parcel demand, depot schedules, travel time, or EV charging behavior."
13,2,Alternative or complementary route,7,Municipal or special-ward road,特別区道第1921号線,145,1,0.207312,"Tokyo logistics-corridor proxy for EV last-mile routing context; use as infrastructure-context evidence, not as observed delivery routes.","National Land Numerical Information N12 identifies designated freight-road corridors. It does not provide parcel demand, depot schedules, travel time, or EV charging behavior."
13,2,Alternative or complementary route,7,Municipal or special-ward road,特別区道第2103号線,146,1,0.158919,"Tokyo logistics-corridor proxy for EV last-mile routing context; use as infrastructure-context evidence, not as observed delivery routes.","National Land Numerical Information N12 identifies designated freight-road corridors. It does not provide parcel demand, depot schedules, travel time, or EV charging behavior."
13,2,Alternative or complementary route,7,Municipal or special-ward road,練馬区主要区道39号線,147,1,1.728533,"Tokyo logistics-corridor proxy for EV last-mile routing context; use as infrastructure-context evidence, not as observed delivery routes.","National Land Numerical Information N12 identifies designated freight-road corridors. It does not provide parcel demand, depot schedules, travel time, or EV charging behavior."
13,2,Alternative or complementary route,7,Municipal or special-ward road,練馬区主要区道63号線,148,1,0.798658,"Tokyo logistics-corridor proxy for EV last-mile routing context; use as infrastructure-context evidence, not as observed delivery routes.","National Land Numerical Information N12 identifies designated freight-road corridors. It does not provide parcel demand, depot schedules, travel time, or EV charging behavior."
13,2,Alternative or complementary route,7,Municipal or special-ward road,練馬区主要区道85号線,149,1,0.106475,"Tokyo logistics-corridor proxy for EV last-mile routing context; use as infrastructure-context evidence, not as observed delivery routes.","National Land Numerical Information N12 identifies designated freight-road corridors. It does not provide parcel demand, depot schedules, travel time, or EV charging behavior."
13,2,Alternative or complementary route,7,Municipal or special-ward road,練馬区主要区道89号線,150,1,0.986231,"Tokyo logistics-corridor proxy for EV last-mile routing context; use as infrastructure-context evidence, not as observed delivery routes.","National Land Numerical Information N12 identifies designated freight-road corridors. It does not provide parcel demand, depot schedules, travel time, or EV charging behavior."
13,2,Alternative or complementary route,7,Municipal or special-ward road,練馬区32-412号線,151,1,0.192804,"Tokyo logistics-corridor proxy for EV last-mile routing context; use as infrastructure-context evidence, not as observed delivery routes.","National Land Numerical Information N12 identifies designated freight-road corridors. It does not provide parcel demand, depot schedules, travel time, or EV charging behavior."
13,2,Alternative or complementary route,7,Municipal or special-ward road,足立区足立5,152,1,0.212888,"Tokyo logistics-corridor proxy for EV last-mile routing context; use as infrastructure-context evidence, not as observed delivery routes.","National Land Numerical Information N12 identifies designated freight-road corridors. It does not provide parcel demand, depot schedules, travel time, or EV charging behavior."
13,2,Alternative or complementary route,7,Municipal or special-ward road,足立区足立6,153,1,0.360663,"Tokyo logistics-corridor proxy for EV last-mile routing context; use as infrastructure-context evidence, not as observed delivery routes.","National Land Numerical Information N12 identifies designated freight-road corridors. It does not provide parcel demand, depot schedules, travel time, or EV charging behavior."
13,2,Alternative or complementary route,7,Municipal or special-ward road,足立区鹿浜105,154,1,0.193418,"Tokyo logistics-corridor proxy for EV last-mile routing context; use as infrastructure-context evidence, not as observed delivery routes.","National Land Numerical Information N12 identifies designated freight-road corridors. It does not provide parcel demand, depot schedules, travel time, or EV charging behavior."
13,2,Alternative or complementary route,7,Municipal or special-ward road,足立区鹿浜108,155,1,0.090556,"Tokyo logistics-corridor proxy for EV last-mile routing context; use as infrastructure-context evidence, not as observed delivery routes.","National Land Numerical Information N12 identifies designated freight-road corridors. It does not provide parcel demand, depot schedules, travel time, or EV charging behavior."
13,2,Alternative or complementary route,7,Municipal or special-ward road,足立区舎人420,156,1,0.615,"Tokyo logistics-corridor proxy for EV last-mile routing context; use as infrastructure-context evidence, not as observed delivery routes.","National Land Numerical Information N12 identifies designated freight-road corridors. It does not provide parcel demand, depot schedules, travel time, or EV charging behavior."
13,2,Alternative or complementary route,7,Municipal or special-ward road,葛飾区葛56号,157,1,0.2271,"Tokyo logistics-corridor proxy for EV last-mile routing context; use as infrastructure-context evidence, not as observed delivery routes.","National Land Numerical Information N12 identifies designated freight-road corridors. It does not provide parcel demand, depot schedules, travel time, or EV charging behavior."
13,2,Alternative or complementary route,7,Municipal or special-ward road,葛飾区区道326号線,158,1,0.155738,"Tokyo logistics-corridor proxy for EV last-mile routing context; use as infrastructure-context evidence, not as observed delivery routes.","National Land Numerical Information N12 identifies designated freight-road corridors. It does not provide parcel demand, depot schedules, travel time, or EV charging behavior."
13,2,Alternative or complementary route,7,Municipal or special-ward road,葛飾区葛789号線,159,1,0.415755,"Tokyo logistics-corridor proxy for EV last-mile routing context; use as infrastructure-context evidence, not as observed delivery routes.","National Land Numerical Information N12 identifies designated freight-road corridors. It does not provide parcel demand, depot schedules, travel time, or EV charging behavior."
13,2,Alternative or complementary route,7,Municipal or special-ward road,江戸川区幹線区道A0250線,160,1,1.660641,"Tokyo logistics-corridor proxy for EV last-mile routing context; use as infrastructure-context evidence, not as observed delivery routes.","National Land Numerical Information N12 identifies designated freight-road corridors. It does not provide parcel demand, depot schedules, travel time, or EV charging behavior."
13,2,Alternative or complementary route,7,Municipal or special-ward road,八王子市幹線1級5号線,161,1,0.326388,"Tokyo logistics-corridor proxy for EV last-mile routing context; use as infrastructure-context evidence, not as observed delivery routes.","National Land Numerical Information N12 identifies designated freight-road corridors. It does not provide parcel demand, depot schedules, travel time, or EV charging behavior."
13,2,Alternative or complementary route,7,Municipal or special-ward road,八王子市幹線1級18号線,162,1,0.784159,"Tokyo logistics-corridor proxy for EV last-mile routing context; use as infrastructure-context evidence, not as observed delivery routes.","National Land Numerical Information N12 identifies designated freight-road corridors. It does not provide parcel demand, depot schedules, travel time, or EV charging behavior."
13,2,Alternative or complementary route,7,Municipal or special-ward road,八王子市幹線1級21号線,163,1,0.163401,"Tokyo logistics-corridor proxy for EV last-mile routing context; use as infrastructure-context evidence, not as observed delivery routes.","National Land Numerical Information N12 identifies designated freight-road corridors. It does not provide parcel demand, depot schedules, travel time, or EV charging behavior."
13,2,Alternative or complementary route,7,Municipal or special-ward road,八王子市道八王子1305号線,164,1,0.746029,"Tokyo logistics-corridor proxy for EV last-mile routing context; use as infrastructure-context evidence, not as observed delivery routes.","National Land Numerical Information N12 identifies designated freight-road corridors. It does not provide parcel demand, depot schedules, travel time, or EV charging behavior."
13,2,Alternative or complementary route,7,Municipal or special-ward road,武蔵野市道第17号,165,1,0.587658,"Tokyo logistics-corridor proxy for EV last-mile routing context; use as infrastructure-context evidence, not as observed delivery routes.","National Land Numerical Information N12 identifies designated freight-road corridors. It does not provide parcel demand, depot schedules, travel time, or EV charging behavior."
13,2,Alternative or complementary route,7,Municipal or special-ward road,青梅市道幹11号線,166,1,0.50675,"Tokyo logistics-corridor proxy for EV last-mile routing context; use as infrastructure-context evidence, not as observed delivery routes.","National Land Numerical Information N12 identifies designated freight-road corridors. It does not provide parcel demand, depot schedules, travel time, or EV charging behavior."
13,2,Alternative or complementary route,7,Municipal or special-ward road,青梅市道幹12号線,167,1,0.178722,"Tokyo logistics-corridor proxy for EV last-mile routing context; use as infrastructure-context evidence, not as observed delivery routes.","National Land Numerical Information N12 identifies designated freight-road corridors. It does not provide parcel demand, depot schedules, travel time, or EV charging behavior."
13,2,Alternative or complementary route,7,Municipal or special-ward road,府中市道3-94号,168,1,0.056221,"Tokyo logistics-corridor proxy for EV last-mile routing context; use as infrastructure-context evidence, not as observed delivery routes.","National Land Numerical Information N12 identifies designated freight-road corridors. It does not provide parcel demand, depot schedules, travel time, or EV charging behavior."
13,2,Alternative or complementary route,7,Municipal or special-ward road,府中市道平和通り,169,1,0.273099,"Tokyo logistics-corridor proxy for EV last-mile routing context; use as infrastructure-context evidence, not as observed delivery routes.","National Land Numerical Information N12 identifies designated freight-road corridors. It does not provide parcel demand, depot schedules, travel time, or EV charging behavior."
13,2,Alternative or complementary route,7,Municipal or special-ward road,昭島市道17号,170,1,0.11127,"Tokyo logistics-corridor proxy for EV last-mile routing context; use as infrastructure-context evidence, not as observed delivery routes.","National Land Numerical Information N12 identifies designated freight-road corridors. It does not provide parcel demand, depot schedules, travel time, or EV charging behavior."
13,2,Alternative or complementary route,7,Municipal or special-ward road,昭島市道27号,171,1,0.993033,"Tokyo logistics-corridor proxy for EV last-mile routing context; use as infrastructure-context evidence, not as observed delivery routes.","National Land Numerical Information N12 identifies designated freight-road corridors. It does not provide parcel demand, depot schedules, travel time, or EV charging behavior."
13,2,Alternative or complementary route,7,Municipal or special-ward road,昭島市道29号,172,1,0.207132,"Tokyo logistics-corridor proxy for EV last-mile routing context; use as infrastructure-context evidence, not as observed delivery routes.","National Land Numerical Information N12 identifies designated freight-road corridors. It does not provide parcel demand, depot schedules, travel time, or EV charging behavior."
13,2,Alternative or complementary route,7,Municipal or special-ward road,昭島市道西352号,173,1,0.172989,"Tokyo logistics-corridor proxy for EV last-mile routing context; use as infrastructure-context evidence, not as observed delivery routes.","National Land Numerical Information N12 identifies designated freight-road corridors. It does not provide parcel demand, depot schedules, travel time, or EV charging behavior."
13,2,Alternative or complementary route,7,Municipal or special-ward road,町田市道町田437号線,174,1,0.135014,"Tokyo logistics-corridor proxy for EV last-mile routing context; use as infrastructure-context evidence, not as observed delivery routes.","National Land Numerical Information N12 identifies designated freight-road corridors. It does not provide parcel demand, depot schedules, travel time, or EV charging behavior."
13,2,Alternative or complementary route,7,Municipal or special-ward road,小平市道第D-9号線,175,1,0.351061,"Tokyo logistics-corridor proxy for EV last-mile routing context; use as infrastructure-context evidence, not as observed delivery routes.","National Land Numerical Information N12 identifies designated freight-road corridors. It does not provide parcel demand, depot schedules, travel time, or EV charging behavior."
13,2,Alternative or complementary route,7,Municipal or special-ward road,小平市道第D-18号線,176,1,0.573498,"Tokyo logistics-corridor proxy for EV last-mile routing context; use as infrastructure-context evidence, not as observed delivery routes.","National Land Numerical Information N12 identifies designated freight-road corridors. It does not provide parcel demand, depot schedules, travel time, or EV charging behavior."
13,2,Alternative or complementary route,7,Municipal or special-ward road,小平市道第D-145号線,177,1,0.234879,"Tokyo logistics-corridor proxy for EV last-mile routing context; use as infrastructure-context evidence, not as observed delivery routes.","National Land Numerical Information N12 identifies designated freight-road corridors. It does not provide parcel demand, depot schedules, travel time, or EV charging behavior."
13,2,Alternative or complementary route,7,Municipal or special-ward road,日野市道幹1-9号,178,1,0.379253,"Tokyo logistics-corridor proxy for EV last-mile routing context; use as infrastructure-context evidence, not as observed delivery routes.","National Land Numerical Information N12 identifies designated freight-road corridors. It does not provide parcel demand, depot schedules, travel time, or EV charging behavior."
13,2,Alternative or complementary route,7,Municipal or special-ward road,国立市道富士見台第6号線,179,1,0.596954,"Tokyo logistics-corridor proxy for EV last-mile routing context; use as infrastructure-context evidence, not as observed delivery routes.","National Land Numerical Information N12 identifies designated freight-road corridors. It does not provide parcel demand, depot schedules, travel time, or EV charging behavior."
13,2,Alternative or complementary route,7,Municipal or special-ward road,国立市道南第52号線,180,1,0.306847,"Tokyo logistics-corridor proxy for EV last-mile routing context; use as infrastructure-context evidence, not as observed delivery routes.","National Land Numerical Information N12 identifies designated freight-road corridors. It does not provide parcel demand, depot schedules, travel time, or EV charging behavior."
13,2,Alternative or complementary route,7,Municipal or special-ward road,国立市道南第61号線,181,1,0.054918,"Tokyo logistics-corridor proxy for EV last-mile routing context; use as infrastructure-context evidence, not as observed delivery routes.","National Land Numerical Information N12 identifies designated freight-road corridors. It does not provide parcel demand, depot schedules, travel time, or EV charging behavior."
13,2,Alternative or complementary route,7,Municipal or special-ward road,東大和市道518号,182,1,0.168517,"Tokyo logistics-corridor proxy for EV last-mile routing context; use as infrastructure-context evidence, not as observed delivery routes.","National Land Numerical Information N12 identifies designated freight-road corridors. It does not provide parcel demand, depot schedules, travel time, or EV charging behavior."
13,2,Alternative or complementary route,7,Municipal or special-ward road,清瀬市道0106号線,183,1,0.672448,"Tokyo logistics-corridor proxy for EV last-mile routing context; use as infrastructure-context evidence, not as observed delivery routes.","National Land Numerical Information N12 identifies designated freight-road corridors. It does not provide parcel demand, depot schedules, travel time, or EV charging behavior."
13,2,Alternative or complementary route,7,Municipal or special-ward road,清瀬市道0117号線,184,1,0.402772,"Tokyo logistics-corridor proxy for EV last-mile routing context; use as infrastructure-context evidence, not as observed delivery routes.","National Land Numerical Information N12 identifies designated freight-road corridors. It does not provide parcel demand, depot schedules, travel time, or EV charging behavior."
13,2,Alternative or complementary route,7,Municipal or special-ward road,多摩市道4-4号幹線,185,1,0.103722,"Tokyo logistics-corridor proxy for EV last-mile routing context; use as infrastructure-context evidence, not as observed delivery routes.","National Land Numerical Information N12 identifies designated freight-road corridors. It does not provide parcel demand, depot schedules, travel time, or EV charging behavior."
13,2,Alternative or complementary route,7,Municipal or special-ward road,羽村市道第101号線,186,1,1.323992,"Tokyo logistics-corridor proxy for EV last-mile routing context; use as infrastructure-context evidence, not as observed delivery routes.","National Land Numerical Information N12 identifies designated freight-road corridors. It does not provide parcel demand, depot schedules, travel time, or EV charging behavior."
13,2,Alternative or complementary route,7,Municipal or special-ward road,西東京市道220号,187,1,0.292493,"Tokyo logistics-corridor proxy for EV last-mile routing context; use as infrastructure-context evidence, not as observed delivery routes.","National Land Numerical Information N12 identifies designated freight-road corridors. It does not provide parcel demand, depot schedules, travel time, or EV charging behavior."
13,2,Alternative or complementary route,7,Municipal or special-ward road,瑞穂町道3号,188,1,0.644511,"Tokyo logistics-corridor proxy for EV last-mile routing context; use as infrastructure-context evidence, not as observed delivery routes.","National Land Numerical Information N12 identifies designated freight-road corridors. It does not provide parcel demand, depot schedules, travel time, or EV charging behavior."
13,2,Alternative or complementary route,7,Municipal or special-ward road,日の出町道三吉野工業団地2号線,189,1,0.582487,"Tokyo logistics-corridor proxy for EV last-mile routing context; use as infrastructure-context evidence, not as observed delivery routes.","National Land Numerical Information N12 identifies designated freight-road corridors. It does not provide parcel demand, depot schedules, travel time, or EV charging behavior."
13,2,Alternative or complementary route,5,Major local road (designated-city road),調布市主要市道34号線,190,1,0.277548,"Tokyo logistics-corridor proxy for EV last-mile routing context; use as infrastructure-context evidence, not as observed delivery routes.","National Land Numerical Information N12 identifies designated freight-road corridors. It does not provide parcel demand, depot schedules, travel time, or EV charging behavior."
13,1,Primary highway freight network road,3,General national highway,一般国道4号,191,1,8.799184,"Tokyo logistics-corridor proxy for EV last-mile routing context; use as infrastructure-context evidence, not as observed delivery routes.","National Land Numerical Information N12 identifies designated freight-road corridors. It does not provide parcel demand, depot schedules, travel time, or EV charging behavior."
13,1,Primary highway freight network road,3,General national highway,一般国道6号,192,1,2.649846,"Tokyo logistics-corridor proxy for EV last-mile routing context; use as infrastructure-context evidence, not as observed delivery routes.","National Land Numerical Information N12 identifies designated freight-road corridors. It does not provide parcel demand, depot schedules, travel time, or EV charging behavior."
13,1,Primary highway freight network road,3,General national highway,一般国道14号,13,4,2.936574,"Tokyo logistics-corridor proxy for EV last-mile routing context; use as infrastructure-context evidence, not as observed delivery routes.","National Land Numerical Information N12 identifies designated freight-road corridors. It does not provide parcel demand, depot schedules, travel time, or EV charging behavior."
13,1,Primary highway freight network road,3,General national highway,一般国道15号,193,1,1.551361,"Tokyo logistics-corridor proxy for EV last-mile routing context; use as infrastructure-context evidence, not as observed delivery routes.","National Land Numerical Information N12 identifies designated freight-road corridors. It does not provide parcel demand, depot schedules, travel time, or EV charging behavior."
13,1,Primary highway freight network road,3,General national highway,一般国道16号,194,1,1.799759,"Tokyo logistics-corridor proxy for EV last-mile routing context; use as infrastructure-context evidence, not as observed delivery routes.","National Land Numerical Information N12 identifies designated freight-road corridors. It does not provide parcel demand, depot schedules, travel time, or EV charging behavior."
13,1,Primary highway freight network road,3,General national highway,一般国道16号,194,2,18.543821,"Tokyo logistics-corridor proxy for EV last-mile routing context; use as infrastructure-context evidence, not as observed delivery routes.","National Land Numerical Information N12 identifies designated freight-road corridors. It does not provide parcel demand, depot schedules, travel time, or EV charging behavior."
13,1,Primary highway freight network road,3,General national highway,一般国道17号,195,1,4.903255,"Tokyo logistics-corridor proxy for EV last-mile routing context; use as infrastructure-context evidence, not as observed delivery routes.","National Land Numerical Information N12 identifies designated freight-road corridors. It does not provide parcel demand, depot schedules, travel time, or EV charging behavior."
13,1,Primary highway freight network road,3,General national highway,一般国道17号,195,2,3.648,"Tokyo logistics-corridor proxy for EV last-mile routing context; use as infrastructure-context evidence, not as observed delivery routes.","National Land Numerical Information N12 identifies designated freight-road corridors. It does not provide parcel demand, depot schedules, travel time, or EV charging behavior."
13,1,Primary highway freight network road,3,General national highway,一般国道20号,196,1,12.442158,"Tokyo logistics-corridor proxy for EV last-mile routing context; use as infrastructure-context evidence, not as observed delivery routes.","National Land Numerical Information N12 identifies designated freight-road corridors. It does not provide parcel demand, depot schedules, travel time, or EV charging behavior."
13,1,Primary highway freight network road,3,General national highway,一般国道20号,196,2,39.886101,"Tokyo logistics-corridor proxy for EV last-mile routing context; use as infrastructure-context evidence, not as observed delivery routes.","National Land Numerical Information N12 identifies designated freight-road corridors. It does not provide parcel demand, depot schedules, travel time, or EV charging behavior."
13,1,Primary highway freight network road,2,Urban expressway,都道首都高速品川目黒線（首都高速道路）,197,1,9.156097,"Tokyo logistics-corridor proxy for EV last-mile routing context; use as infrastructure-context evidence, not as observed delivery routes.","National Land Numerical Information N12 identifies designated freight-road corridors. It does not provide parcel demand, depot schedules, travel time, or EV charging behavior."
13,1,Primary highway freight network road,2,Urban expressway,都道首都高速目黒板橋線（首都高速道路）,198,1,10.814272,"Tokyo logistics-corridor proxy for EV last-mile routing context; use as infrastructure-context evidence, not as observed delivery routes.","National Land Numerical Information N12 identifies designated freight-road corridors. It does not provide parcel demand, depot schedules, travel time, or EV charging behavior."
13,1,Primary highway freight network road,2,Urban expressway,都道首都高速板橋足立線（首都高速道路）,199,1,5.96124,"Tokyo logistics-corridor proxy for EV last-mile routing context; use as infrastructure-context evidence, not as observed delivery routes.","National Land Numerical Information N12 identifies designated freight-road corridors. It does not provide parcel demand, depot schedules, travel time, or EV charging behavior."
13,1,Primary highway freight network road,2,Urban expressway,都道高速葛飾川口線（首都高速道路）,200,1,5.908286,"Tokyo logistics-corridor proxy for EV last-mile routing context; use as infrastructure-context evidence, not as observed delivery routes.","National Land Numerical Information N12 identifies designated freight-road corridors. It does not provide parcel demand, depot schedules, travel time, or EV charging behavior."
13,1,Primary highway freight network road,2,Urban expressway,都道首都高速葛飾江戸川線（首都高速道路）,201,1,0.550177,"Tokyo logistics-corridor proxy for EV last-mile routing context; use as infrastructure-context evidence, not as observed delivery routes.","National Land Numerical Information N12 identifies designated freight-road corridors. It does not provide parcel demand, depot schedules, travel time, or EV charging behavior."
13,1,Primary highway freight network road,2,Urban expressway,都道・埼玉県道254号高速板橋戸田線（首都高速道路）,202,1,1.598474,"Tokyo logistics-corridor proxy for EV last-mile routing context; use as infrastructure-context evidence, not as observed delivery routes.","National Land Numerical Information N12 identifies designated freight-road corridors. It does not provide parcel demand, depot schedules, travel time, or EV charging behavior."
13,1,Primary highway freight network road,2,Urban expressway,都道・埼玉県道243号高速足立三郷線（首都高速道路）,203,1,1.824111,"Tokyo logistics-corridor proxy for EV last-mile routing context; use as infrastructure-context evidence, not as observed delivery routes.","National Land Numerical Information N12 identifies designated freight-road corridors. It does not provide parcel demand, depot schedules, travel time, or EV charging behavior."
13,1,Primary highway freight network road,2,Urban expressway,都道首都高速7号線（首都高速道路）,204,1,3.665194,"Tokyo logistics-corridor proxy for EV last-mile routing context; use as infrastructure-context evidence, not as observed delivery routes.","National Land Numerical Information N12 identifies designated freight-road corridors. It does not provide parcel demand, depot schedules, travel time, or EV charging behavior."
13,1,Primary highway freight network road,2,Urban expressway,都道・埼玉県道242号高速葛飾川口線（首都高速道路）,205,1,1.977876,"Tokyo logistics-corridor proxy for EV last-mile routing context; use as infrastructure-context evidence, not as observed delivery routes.","National Land Numerical Information N12 identifies designated freight-road corridors. It does not provide parcel demand, depot schedules, travel time, or EV charging behavior."
13,1,Primary highway freight network road,9,Unknown,-,206,1,0.230299,"Tokyo logistics-corridor proxy for EV last-mile routing context; use as infrastructure-context evidence, not as observed delivery routes.","National Land Numerical Information N12 identifies designated freight-road corridors. It does not provide parcel demand, depot schedules, travel time, or EV charging behavior."
13,1,Primary highway freight network road,9,Unknown,-,207,1,0.194212,"Tokyo logistics-corridor proxy for EV last-mile routing context; use as infrastructure-context evidence, not as observed delivery routes.","National Land Numerical Information N12 identifies designated freight-road corridors. It does not provide parcel demand, depot schedules, travel time, or EV charging behavior."
13,1,Primary highway freight network road,1,National expressway,東北縦貫自動車道弘前線,208,1,1.500544,"Tokyo logistics-corridor proxy for EV last-mile routing context; use as infrastructure-context evidence, not as observed delivery routes.","National Land Numerical Information N12 identifies designated freight-road corridors. It does not provide parcel demand, depot schedules, travel time, or EV charging behavior."
13,1,Primary highway freight network road,9,Unknown,-,209,1,0.353723,"Tokyo logistics-corridor proxy for EV last-mile routing context; use as infrastructure-context evidence, not as observed delivery routes.","National Land Numerical Information N12 identifies designated freight-road corridors. It does not provide parcel demand, depot schedules, travel time, or EV charging behavior."
13,2,Alternative or complementary route,9,Unknown,-,210,1,0.117596,"Tokyo logistics-corridor proxy for EV last-mile routing context; use as infrastructure-context evidence, not as observed delivery routes.","National Land Numerical Information N12 identifies designated freight-road corridors. It does not provide parcel demand, depot schedules, travel time, or EV charging behavior."
13,2,Alternative or complementary route,9,Unknown,-,211,1,0.276001,"Tokyo logistics-corridor proxy for EV last-mile routing context; use as infrastructure-context evidence, not as observed delivery routes.","National Land Numerical Information N12 identifies designated freight-road corridors. It does not provide parcel demand, depot schedules, travel time, or EV charging behavior."
13,2,Alternative or complementary route,7,Municipal or special-ward road,特別区道墨45号路線,212,1,0.134729,"Tokyo logistics-corridor proxy for EV last-mile routing context; use as infrastructure-context evidence, not as observed delivery routes.","National Land Numerical Information N12 identifies designated freight-road corridors. It does not provide parcel demand, depot schedules, travel time, or EV charging behavior."
13,2,Alternative or complementary route,7,Municipal or special-ward road,特別区道江553号,213,1,0.194277,"Tokyo logistics-corridor proxy for EV last-mile routing context; use as infrastructure-context evidence, not as observed delivery routes.","National Land Numerical Information N12 identifies designated freight-road corridors. It does not provide parcel demand, depot schedules, travel time, or EV charging behavior."
13,2,Alternative or complementary route,9,Unknown,-,214,1,0.183094,"Tokyo logistics-corridor proxy for EV last-mile routing context; use as infrastructure-context evidence, not as observed delivery routes.","National Land Numerical Information N12 identifies designated freight-road corridors. It does not provide parcel demand, depot schedules, travel time, or EV charging behavior."
13,2,Alternative or complementary route,9,Unknown,-,215,1,0.406397,"Tokyo logistics-corridor proxy for EV last-mile routing context; use as infrastructure-context evidence, not as observed delivery routes.","National Land Numerical Information N12 identifies designated freight-road corridors. It does not provide parcel demand, depot schedules, travel time, or EV charging behavior."
13,2,Alternative or complementary route,9,Unknown,-,216,1,0.260112,"Tokyo logistics-corridor proxy for EV last-mile routing context; use as infrastructure-context evidence, not as observed delivery routes.","National Land Numerical Information N12 identifies designated freight-road corridors. It does not provide parcel demand, depot schedules, travel time, or EV charging behavior."
13,2,Alternative or complementary route,9,Unknown,-,217,1,0.254271,"Tokyo logistics-corridor proxy for EV last-mile routing context; use as infrastructure-context evidence, not as observed delivery routes.","National Land Numerical Information N12 identifies designated freight-road corridors. It does not provide parcel demand, depot schedules, travel time, or EV charging behavior."
13,2,Alternative or complementary route,9,Unknown,-,218,1,0.849596,"Tokyo logistics-corridor proxy for EV last-mile routing context; use as infrastructure-context evidence, not as observed delivery routes.","National Land Numerical Information N12 identifies designated freight-road corridors. It does not provide parcel demand, depot schedules, travel time, or EV charging behavior."
13,2,Alternative or complementary route,9,Unknown,-,219,1,0.47634,"Tokyo logistics-corridor proxy for EV last-mile routing context; use as infrastructure-context evidence, not as observed delivery routes.","National Land Numerical Information N12 identifies designated freight-road corridors. It does not provide parcel demand, depot schedules, travel time, or EV charging behavior."
13,2,Alternative or complementary route,7,Municipal or special-ward road,港区第1025号線,220,1,0.224558,"Tokyo logistics-corridor proxy for EV last-mile routing context; use as infrastructure-context evidence, not as observed delivery routes.","National Land Numerical Information N12 identifies designated freight-road corridors. It does not provide parcel demand, depot schedules, travel time, or EV charging behavior."
13,2,Alternative or complementary route,9,Unknown,-,221,1,1.257272,"Tokyo logistics-corridor proxy for EV last-mile routing context; use as infrastructure-context evidence, not as observed delivery routes.","National Land Numerical Information N12 identifies designated freight-road corridors. It does not provide parcel demand, depot schedules, travel time, or EV charging behavior."
13,2,Alternative or complementary route,7,Municipal or special-ward road,特別区道1‐54号,222,1,0.21963,"Tokyo logistics-corridor proxy for EV last-mile routing context; use as infrastructure-context evidence, not as observed delivery routes.","National Land Numerical Information N12 identifies designated freight-road corridors. It does not provide parcel demand, depot schedules, travel time, or EV charging behavior."
13,2,Alternative or complementary route,9,Unknown,-,223,1,0.281926,"Tokyo logistics-corridor proxy for EV last-mile routing context; use as infrastructure-context evidence, not as observed delivery routes.","National Land Numerical Information N12 identifies designated freight-road corridors. It does not provide parcel demand, depot schedules, travel time, or EV charging behavior."
13,2,Alternative or complementary route,9,Unknown,-,224,1,0.199697,"Tokyo logistics-corridor proxy for EV last-mile routing context; use as infrastructure-context evidence, not as observed delivery routes.","National Land Numerical Information N12 identifies designated freight-road corridors. It does not provide parcel demand, depot schedules, travel time, or EV charging behavior."
13,2,Alternative or complementary route,9,Unknown,-,225,1,0.061176,"Tokyo logistics-corridor proxy for EV last-mile routing context; use as infrastructure-context evidence, not as observed delivery routes.","National Land Numerical Information N12 identifies designated freight-road corridors. It does not provide parcel demand, depot schedules, travel time, or EV charging behavior."
13,2,Alternative or complementary route,9,Unknown,-,226,1,0.243734,"Tokyo logistics-corridor proxy for EV last-mile routing context; use as infrastructure-context evidence, not as observed delivery routes.","National Land Numerical Information N12 identifies designated freight-road corridors. It does not provide parcel demand, depot schedules, travel time, or EV charging behavior."
13,2,Alternative or complementary route,9,Unknown,-,227,1,0.155138,"Tokyo logistics-corridor proxy for EV last-mile routing context; use as infrastructure-context evidence, not as observed delivery routes.","National Land Numerical Information N12 identifies designated freight-road corridors. It does not provide parcel demand, depot schedules, travel time, or EV charging behavior."
13,2,Alternative or complementary route,9,Unknown,-,228,1,0.316649,"Tokyo logistics-corridor proxy for EV last-mile routing context; use as infrastructure-context evidence, not as observed delivery routes.","National Land Numerical Information N12 identifies designated freight-road corridors. It does not provide parcel demand, depot schedules, travel time, or EV charging behavior."
13,2,Alternative or complementary route,9,Unknown,-,229,1,0.277372,"Tokyo logistics-corridor proxy for EV last-mile routing context; use as infrastructure-context evidence, not as observed delivery routes.","National Land Numerical Information N12 identifies designated freight-road corridors. It does not provide parcel demand, depot schedules, travel time, or EV charging behavior."
13,2,Alternative or complementary route,9,Unknown,-,230,1,0.103649,"Tokyo logistics-corridor proxy for EV last-mile routing context; use as infrastructure-context evidence, not as observed delivery routes.","National Land Numerical Information N12 identifies designated freight-road corridors. It does not provide parcel demand, depot schedules, travel time, or EV charging behavior."
13,2,Alternative or complementary route,9,Unknown,-,231,1,0.12548,"Tokyo logistics-corridor proxy for EV last-mile routing context; use as infrastructure-context evidence, not as observed delivery routes.","National Land Numerical Information N12 identifies designated freight-road corridors. It does not provide parcel demand, depot schedules, travel time, or EV charging behavior."
13,2,Alternative or complementary route,7,Municipal or special-ward road,瑞穂町道13号,232,1,0.81627,"Tokyo logistics-corridor proxy for EV last-mile routing context; use as infrastructure-context evidence, not as observed delivery routes.","National Land Numerical Information N12 identifies designated freight-road corridors. It does not provide parcel demand, depot schedules, travel time, or EV charging behavior."
13,2,Alternative or complementary route,9,Unknown,-,233,1,0.13759,"Tokyo logistics-corridor proxy for EV last-mile routing context; use as infrastructure-context evidence, not as observed delivery routes.","National Land Numerical Information N12 identifies designated freight-road corridors. It does not provide parcel demand, depot schedules, travel time, or EV charging behavior."
13,2,Alternative or complementary route,9,Unknown,-,234,1,0.069961,"Tokyo logistics-corridor proxy for EV last-mile routing context; use as infrastructure-context evidence, not as observed delivery routes.","National Land Numerical Information N12 identifies designated freight-road corridors. It does not provide parcel demand, depot schedules, travel time, or EV charging behavior."
13,2,Alternative or complementary route,7,Municipal or special-ward road,多摩市道4‐20号線,235,1,0.089859,"Tokyo logistics-corridor proxy for EV last-mile routing context; use as infrastructure-context evidence, not as observed delivery routes.","National Land Numerical Information N12 identifies designated freight-road corridors. It does not provide parcel demand, depot schedules, travel time, or EV charging behavior."
13,2,Alternative or complementary route,6,General prefectural road,東京都道　府中町田線,34,2,1.584702,"Tokyo logistics-corridor proxy for EV last-mile routing context; use as infrastructure-context evidence, not as observed delivery routes.","National Land Numerical Information N12 identifies designated freight-road corridors. It does not provide parcel demand, depot schedules, travel time, or EV charging behavior."
13,2,Alternative or complementary route,7,Municipal or special-ward road,多摩市道6‐134号線,236,1,0.175167,"Tokyo logistics-corridor proxy for EV last-mile routing context; use as infrastructure-context evidence, not as observed delivery routes.","National Land Numerical Information N12 identifies designated freight-road corridors. It does not provide parcel demand, depot schedules, travel time, or EV charging behavior."
13,2,Alternative or complementary route,7,Municipal or special-ward road,町田市道町田392号線,237,1,0.246737,"Tokyo logistics-corridor proxy for EV last-mile routing context; use as infrastructure-context evidence, not as observed delivery routes.","National Land Numerical Information N12 identifies designated freight-road corridors. It does not provide parcel demand, depot schedules, travel time, or EV charging behavior."
13,2,Alternative or complementary route,9,Unknown,-,238,1,0.59019,"Tokyo logistics-corridor proxy for EV last-mile routing context; use as infrastructure-context evidence, not as observed delivery routes.","National Land Numerical Information N12 identifies designated freight-road corridors. It does not provide parcel demand, depot schedules, travel time, or EV charging behavior."
13,2,Alternative or complementary route,9,Unknown,-,239,1,0.460024,"Tokyo logistics-corridor proxy for EV last-mile routing context; use as infrastructure-context evidence, not as observed delivery routes.","National Land Numerical Information N12 identifies designated freight-road corridors. It does not provide parcel demand, depot schedules, travel time, or EV charging behavior."
13,2,Alternative or complementary route,9,Unknown,-,240,1,0.16317,"Tokyo logistics-corridor proxy for EV last-mile routing context; use as infrastructure-context evidence, not as observed delivery routes.","National Land Numerical Information N12 identifies designated freight-road corridors. It does not provide parcel demand, depot schedules, travel time, or EV charging behavior."
13,2,Alternative or complementary route,9,Unknown,-,241,1,0.796155,"Tokyo logistics-corridor proxy for EV last-mile routing context; use as infrastructure-context evidence, not as observed delivery routes.","National Land Numerical Information N12 identifies designated freight-road corridors. It does not provide parcel demand, depot schedules, travel time, or EV charging behavior."
13,2,Alternative or complementary route,9,Unknown,-,242,1,0.822067,"Tokyo logistics-corridor proxy for EV last-mile routing context; use as infrastructure-context evidence, not as observed delivery routes.","National Land Numerical Information N12 identifies designated freight-road corridors. It does not provide parcel demand, depot schedules, travel time, or EV charging behavior."
13,2,Alternative or complementary route,9,Unknown,-,243,1,0.606666,"Tokyo logistics-corridor proxy for EV last-mile routing context; use as infrastructure-context evidence, not as observed delivery routes.","National Land Numerical Information N12 identifies designated freight-road corridors. It does not provide parcel demand, depot schedules, travel time, or EV charging behavior."
13,2,Alternative or complementary route,9,Unknown,-,244,1,0.415661,"Tokyo logistics-corridor proxy for EV last-mile routing context; use as infrastructure-context evidence, not as observed delivery routes.","National Land Numerical Information N12 identifies designated freight-road corridors. It does not provide parcel demand, depot schedules, travel time, or EV charging behavior."
13,2,Alternative or complementary route,9,Unknown,-,245,1,0.149302,"Tokyo logistics-corridor proxy for EV last-mile routing context; use as infrastructure-context evidence, not as observed delivery routes.","National Land Numerical Information N12 identifies designated freight-road corridors. It does not provide parcel demand, depot schedules, travel time, or EV charging behavior."
13,2,Alternative or complementary route,7,Municipal or special-ward road,町田市道南1601号線,246,1,0.87218,"Tokyo logistics-corridor proxy for EV last-mile routing context; use as infrastructure-context evidence, not as observed delivery routes.","National Land Numerical Information N12 identifies designated freight-road corridors. It does not provide parcel demand, depot schedules, travel time, or EV charging behavior."
13,2,Alternative or complementary route,9,Unknown,-,247,1,0.323875,"Tokyo logistics-corridor proxy for EV last-mile routing context; use as infrastructure-context evidence, not as observed delivery routes.","National Land Numerical Information N12 identifies designated freight-road corridors. It does not provide parcel demand, depot schedules, travel time, or EV charging behavior."
13,2,Alternative or complementary route,9,Unknown,-,248,1,0.59218,"Tokyo logistics-corridor proxy for EV last-mile routing context; use as infrastructure-context evidence, not as observed delivery routes.","National Land Numerical Information N12 identifies designated freight-road corridors. It does not provide parcel demand, depot schedules, travel time, or EV charging behavior."
13,2,Alternative or complementary route,9,Unknown,-,249,1,0.280776,"Tokyo logistics-corridor proxy for EV last-mile routing context; use as infrastructure-context evidence, not as observed delivery routes.","National Land Numerical Information N12 identifies designated freight-road corridors. It does not provide parcel demand, depot schedules, travel time, or EV charging behavior."
13,2,Alternative or complementary route,7,Municipal or special-ward road,特別区道中京第666号線,250,1,0.217449,"Tokyo logistics-corridor proxy for EV last-mile routing context; use as infrastructure-context evidence, not as observed delivery routes.","National Land Numerical Information N12 identifies designated freight-road corridors. It does not provide parcel demand, depot schedules, travel time, or EV charging behavior."
13,2,Alternative or complementary route,9,Unknown,-,251,1,0.731622,"Tokyo logistics-corridor proxy for EV last-mile routing context; use as infrastructure-context evidence, not as observed delivery routes.","National Land Numerical Information N12 identifies designated freight-road corridors. It does not provide parcel demand, depot schedules, travel time, or EV charging behavior."
13,2,Alternative or complementary route,7,Municipal or special-ward road,立川市道中128号,252,1,0.217077,"Tokyo logistics-corridor proxy for EV last-mile routing context; use as infrastructure-context evidence, not as observed delivery routes.","National Land Numerical Information N12 identifies designated freight-road corridors. It does not provide parcel demand, depot schedules, travel time, or EV charging behavior."
13,2,Alternative or complementary route,7,Municipal or special-ward road,府中市道三屋通り,253,1,0.118064,"Tokyo logistics-corridor proxy for EV last-mile routing context; use as infrastructure-context evidence, not as observed delivery routes.","National Land Numerical Information N12 identifies designated freight-road corridors. It does not provide parcel demand, depot schedules, travel time, or EV charging behavior."
13,2,Alternative or complementary route,9,Unknown,-,254,1,0.615172,"Tokyo logistics-corridor proxy for EV last-mile routing context; use as infrastructure-context evidence, not as observed delivery routes.","National Land Numerical Information N12 identifies designated freight-road corridors. It does not provide parcel demand, depot schedules, travel time, or EV charging behavior."
13,2,Alternative or complementary route,9,Unknown,-,255,1,0.181809,"Tokyo logistics-corridor proxy for EV last-mile routing context; use as infrastructure-context evidence, not as observed delivery routes.","National Land Numerical Information N12 identifies designated freight-road corridors. It does not provide parcel demand, depot schedules, travel time, or EV charging behavior."
13,2,Alternative or complementary route,9,Unknown,-,256,1,0.456982,"Tokyo logistics-corridor proxy for EV last-mile routing context; use as infrastructure-context evidence, not as observed delivery routes.","National Land Numerical Information N12 identifies designated freight-road corridors. It does not provide parcel demand, depot schedules, travel time, or EV charging behavior."
13,2,Alternative or complementary route,9,Unknown,-,257,1,0.66631,"Tokyo logistics-corridor proxy for EV last-mile routing context; use as infrastructure-context evidence, not as observed delivery routes.","National Land Numerical Information N12 identifies designated freight-road corridors. It does not provide parcel demand, depot schedules, travel time, or EV charging behavior."
13,2,Alternative or complementary route,7,Municipal or special-ward road,特別区道墨5号路線,258,1,0.33288,"Tokyo logistics-corridor proxy for EV last-mile routing context; use as infrastructure-context evidence, not as observed delivery routes.","National Land Numerical Information N12 identifies designated freight-road corridors. It does not provide parcel demand, depot schedules, travel time, or EV charging behavior."
13,2,Alternative or complementary route,9,Unknown,-,259,1,0.282361,"Tokyo logistics-corridor proxy for EV last-mile routing context; use as infrastructure-context evidence, not as observed delivery routes.","National Land Numerical Information N12 identifies designated freight-road corridors. It does not provide parcel demand, depot schedules, travel time, or EV charging behavior."
13,2,Alternative or complementary route,9,Unknown,-,260,1,0.281524,"Tokyo logistics-corridor proxy for EV last-mile routing context; use as infrastructure-context evidence, not as observed delivery routes.","National Land Numerical Information N12 identifies designated freight-road corridors. It does not provide parcel demand, depot schedules, travel time, or EV charging behavior."
13,2,Alternative or complementary route,6,General prefectural road,東京都道　調布田無線,29,4,0.307163,"Tokyo logistics-corridor proxy for EV last-mile routing context; use as infrastructure-context evidence, not as observed delivery routes.","National Land Numerical Information N12 identifies designated freight-road corridors. It does not provide parcel demand, depot schedules, travel time, or EV charging behavior."
13,2,Alternative or complementary route,9,Unknown,-,261,1,0.128263,"Tokyo logistics-corridor proxy for EV last-mile routing context; use as infrastructure-context evidence, not as observed delivery routes.","National Land Numerical Information N12 identifies designated freight-road corridors. It does not provide parcel demand, depot schedules, travel time, or EV charging behavior."
13,2,Alternative or complementary route,7,Municipal or special-ward road,八王子市道加住64号線,262,1,0.064367,"Tokyo logistics-corridor proxy for EV last-mile routing context; use as infrastructure-context evidence, not as observed delivery routes.","National Land Numerical Information N12 identifies designated freight-road corridors. It does not provide parcel demand, depot schedules, travel time, or EV charging behavior."
13,2,Alternative or complementary route,9,Unknown,-,263,1,0.075171,"Tokyo logistics-corridor proxy for EV last-mile routing context; use as infrastructure-context evidence, not as observed delivery routes.","National Land Numerical Information N12 identifies designated freight-road corridors. It does not provide parcel demand, depot schedules, travel time, or EV charging behavior."
13,2,Alternative or complementary route,9,Unknown,-,264,1,0.041572,"Tokyo logistics-corridor proxy for EV last-mile routing context; use as infrastructure-context evidence, not as observed delivery routes.","National Land Numerical Information N12 identifies designated freight-road corridors. It does not provide parcel demand, depot schedules, travel time, or EV charging behavior."
13,2,Alternative or complementary route,9,Unknown,-,265,1,0.424872,"Tokyo logistics-corridor proxy for EV last-mile routing context; use as infrastructure-context evidence, not as observed delivery routes.","National Land Numerical Information N12 identifies designated freight-road corridors. It does not provide parcel demand, depot schedules, travel time, or EV charging behavior."
13,2,Alternative or complementary route,9,Unknown,-,266,1,0.649676,"Tokyo logistics-corridor proxy for EV last-mile routing context; use as infrastructure-context evidence, not as observed delivery routes.","National Land Numerical Information N12 identifies designated freight-road corridors. It does not provide parcel demand, depot schedules, travel time, or EV charging behavior."
13,2,Alternative or complementary route,9,Unknown,-,267,1,0.071251,"Tokyo logistics-corridor proxy for EV last-mile routing context; use as infrastructure-context evidence, not as observed delivery routes.","National Land Numerical Information N12 identifies designated freight-road corridors. It does not provide parcel demand, depot schedules, travel time, or EV charging behavior."
13,2,Alternative or complementary route,6,General prefectural road,東京都道　王子千住夢の島線,7,3,5.980946,"Tokyo logistics-corridor proxy for EV last-mile routing context; use as infrastructure-context evidence, not as observed delivery routes.","National Land Numerical Information N12 identifies designated freight-road corridors. It does not provide parcel demand, depot schedules, travel time, or EV charging behavior."
13,2,Alternative or complementary route,6,General prefectural road,東京都道　王子千住夢の島線,7,4,0.943999,"Tokyo logistics-corridor proxy for EV last-mile routing context; use as infrastructure-context evidence, not as observed delivery routes.","National Land Numerical Information N12 identifies designated freight-road corridors. It does not provide parcel demand, depot schedules, travel time, or EV charging behavior."
13,2,Alternative or complementary route,9,Unknown,-,268,1,0.407278,"Tokyo logistics-corridor proxy for EV last-mile routing context; use as infrastructure-context evidence, not as observed delivery routes.","National Land Numerical Information N12 identifies designated freight-road corridors. It does not provide parcel demand, depot schedules, travel time, or EV charging behavior."
13,2,Alternative or complementary route,3,General national highway,一般国道15号,193,2,0.448566,"Tokyo logistics-corridor proxy for EV last-mile routing context; use as infrastructure-context evidence, not as observed delivery routes.","National Land Numerical Information N12 identifies designated freight-road corridors. It does not provide parcel demand, depot schedules, travel time, or EV charging behavior."
13,2,Alternative or complementary route,3,General national highway,一般国道15号,193,3,0.419046,"Tokyo logistics-corridor proxy for EV last-mile routing context; use as infrastructure-context evidence, not as observed delivery routes.","National Land Numerical Information N12 identifies designated freight-road corridors. It does not provide parcel demand, depot schedules, travel time, or EV charging behavior."
13,2,Alternative or complementary route,3,General national highway,一般国道15号,193,4,10.028796,"Tokyo logistics-corridor proxy for EV last-mile routing context; use as infrastructure-context evidence, not as observed delivery routes.","National Land Numerical Information N12 identifies designated freight-road corridors. It does not provide parcel demand, depot schedules, travel time, or EV charging behavior."
13,2,Alternative or complementary route,3,General national highway,一般国道17号,195,3,9.232886,"Tokyo logistics-corridor proxy for EV last-mile routing context; use as infrastructure-context evidence, not as observed delivery routes.","National Land Numerical Information N12 identifies designated freight-road corridors. It does not provide parcel demand, depot schedules, travel time, or EV charging behavior."
13,2,Alternative or complementary route,3,General national highway,一般国道20号,196,3,2.211343,"Tokyo logistics-corridor proxy for EV last-mile routing context; use as infrastructure-context evidence, not as observed delivery routes.","National Land Numerical Information N12 identifies designated freight-road corridors. It does not provide parcel demand, depot schedules, travel time, or EV charging behavior."
13,2,Alternative or complementary route,3,General national highway,一般国道246号,10,4,1.390154,"Tokyo logistics-corridor proxy for EV last-mile routing context; use as infrastructure-context evidence, not as observed delivery routes.","National Land Numerical Information N12 identifies designated freight-road corridors. It does not provide parcel demand, depot schedules, travel time, or EV charging behavior."
13,2,Alternative or complementary route,3,General national highway,一般国道4号,191,2,3.705437,"Tokyo logistics-corridor proxy for EV last-mile routing context; use as infrastructure-context evidence, not as observed delivery routes.","National Land Numerical Information N12 identifies designated freight-road corridors. It does not provide parcel demand, depot schedules, travel time, or EV charging behavior."
13,2,Alternative or complementary route,3,General national highway,一般国道6号,192,2,6.682024,"Tokyo logistics-corridor proxy for EV last-mile routing context; use as infrastructure-context evidence, not as observed delivery routes.","National Land Numerical Information N12 identifies designated freight-road corridors. It does not provide parcel demand, depot schedules, travel time, or EV charging behavior."
13,2,Alternative or complementary route,7,Municipal or special-ward road,国立市道富士見台第1号線,269,1,0.315759,"Tokyo logistics-corridor proxy for EV last-mile routing context; use as infrastructure-context evidence, not as observed delivery routes.","National Land Numerical Information N12 identifies designated freight-road corridors. It does not provide parcel demand, depot schedules, travel time, or EV charging behavior."
13,2,Alternative or complementary route,7,Municipal or special-ward road,渋谷区第862号路線,270,1,0.448788,"Tokyo logistics-corridor proxy for EV last-mile routing context; use as infrastructure-context evidence, not as observed delivery routes.","National Land Numerical Information N12 identifies designated freight-road corridors. It does not provide parcel demand, depot schedules, travel time, or EV charging behavior."
13,2,Alternative or complementary route,6,General prefectural road,東京都道　東京丸子横浜線,271,1,4.39614,"Tokyo logistics-corridor proxy for EV last-mile routing context; use as infrastructure-context evidence, not as observed delivery routes.","National Land Numerical Information N12 identifies designated freight-road corridors. It does not provide parcel demand, depot schedules, travel time, or EV charging behavior."
13,2,Alternative or complementary route,9,Unknown,-,272,1,0.089944,"Tokyo logistics-corridor proxy for EV last-mile routing context; use as infrastructure-context evidence, not as observed delivery routes.","National Land Numerical Information N12 identifies designated freight-road corridors. It does not provide parcel demand, depot schedules, travel time, or EV charging behavior."
13,2,Alternative or complementary route,9,Unknown,-,273,1,0.274925,"Tokyo logistics-corridor proxy for EV last-mile routing context; use as infrastructure-context evidence, not as observed delivery routes.","National Land Numerical Information N12 identifies designated freight-road corridors. It does not provide parcel demand, depot schedules, travel time, or EV charging behavior."
13,2,Alternative or complementary route,7,Municipal or special-ward road,福生市道幹線2‐5号線,274,1,0.605641,"Tokyo logistics-corridor proxy for EV last-mile routing context; use as infrastructure-context evidence, not as observed delivery routes.","National Land Numerical Information N12 identifies designated freight-road corridors. It does not provide parcel demand, depot schedules, travel time, or EV charging behavior."
13,2,Alternative or complementary route,7,Municipal or special-ward road,世田谷区44C106,275,1,0.17683,"Tokyo logistics-corridor proxy for EV last-mile routing context; use as infrastructure-context evidence, not as observed delivery routes.","National Land Numerical Information N12 identifies designated freight-road corridors. It does not provide parcel demand, depot schedules, travel time, or EV charging behavior."
13,1,Primary highway freight network road,4,Major local road (prefectural road),東京都道　環状7号線,276,1,56.039962,"Tokyo logistics-corridor proxy for EV last-mile routing context; use as infrastructure-context evidence, not as observed delivery routes.","National Land Numerical Information N12 identifies designated freight-road corridors. It does not provide parcel demand, depot schedules, travel time, or EV charging behavior."
13,1,Primary highway freight network road,1,National expressway,中央自動車道富士吉田線,277,1,0.336358,"Tokyo logistics-corridor proxy for EV last-mile routing context; use as infrastructure-context evidence, not as observed delivery routes.","National Land Numerical Information N12 identifies designated freight-road corridors. It does not provide parcel demand, depot schedules, travel time, or EV charging behavior."
13,1,Primary highway freight network road,1,National expressway,中央自動車道富士吉田線,277,2,0.445856,"Tokyo logistics-corridor proxy for EV last-mile routing context; use as infrastructure-context evidence, not as observed delivery routes.","National Land Numerical Information N12 identifies designated freight-road corridors. It does not provide parcel demand, depot schedules, travel time, or EV charging behavior."
13,1,Primary highway freight network road,1,National expressway,中央自動車道富士吉田線,277,3,39.780437,"Tokyo logistics-corridor proxy for EV last-mile routing context; use as infrastructure-context evidence, not as observed delivery routes.","National Land Numerical Information N12 identifies designated freight-road corridors. It does not provide parcel demand, depot schedules, travel time, or EV charging behavior."
13,1,Primary highway freight network road,1,National expressway,中央自動車道富士吉田線,277,4,0.781971,"Tokyo logistics-corridor proxy for EV last-mile routing context; use as infrastructure-context evidence, not as observed delivery routes.","National Land Numerical Information N12 identifies designated freight-road corridors. It does not provide parcel demand, depot schedules, travel time, or EV charging behavior."
13,1,Primary highway freight network road,1,National expressway,第1東海自動車道,19,2,3.209697,"Tokyo logistics-corridor proxy for EV last-mile routing context; use as infrastructure-context evidence, not as observed delivery routes.","National Land Numerical Information N12 identifies designated freight-road corridors. It does not provide parcel demand, depot schedules, travel time, or EV charging behavior."
13,1,Primary highway freight network road,3,General national highway,一般国道468号,20,2,0.670873,"Tokyo logistics-corridor proxy for EV last-mile routing context; use as infrastructure-context evidence, not as observed delivery routes.","National Land Numerical Information N12 identifies designated freight-road corridors. It does not provide parcel demand, depot schedules, travel time, or EV charging behavior."
13,1,Primary highway freight network road,3,General national highway,一般国道468号,20,3,0.415495,"Tokyo logistics-corridor proxy for EV last-mile routing context; use as infrastructure-context evidence, not as observed delivery routes.","National Land Numerical Information N12 identifies designated freight-road corridors. It does not provide parcel demand, depot schedules, travel time, or EV charging behavior."
13,1,Primary highway freight network road,3,General national highway,一般国道16号,194,3,9.987689,"Tokyo logistics-corridor proxy for EV last-mile routing context; use as infrastructure-context evidence, not as observed delivery routes.","National Land Numerical Information N12 identifies designated freight-road corridors. It does not provide parcel demand, depot schedules, travel time, or EV charging behavior."
13,1,Primary highway freight network road,2,Urban expressway,都道首都高速5号線（首都高速道路）,278,1,8.620692,"Tokyo logistics-corridor proxy for EV last-mile routing context; use as infrastructure-context evidence, not as observed delivery routes.","National Land Numerical Information N12 identifies designated freight-road corridors. It does not provide parcel demand, depot schedules, travel time, or EV charging behavior."
13,1,Primary highway freight network road,2,Urban expressway,都道首都高速6号線（首都高速道路）,279,1,3.805198,"Tokyo logistics-corridor proxy for EV last-mile routing context; use as infrastructure-context evidence, not as observed delivery routes.","National Land Numerical Information N12 identifies designated freight-road corridors. It does not provide parcel demand, depot schedules, travel time, or EV charging behavior."
13,1,Primary highway freight network road,2,Urban expressway,都道首都高速6号線（首都高速道路）,279,2,0.494562,"Tokyo logistics-corridor proxy for EV last-mile routing context; use as infrastructure-context evidence, not as observed delivery routes.","National Land Numerical Information N12 identifies designated freight-road corridors. It does not provide parcel demand, depot schedules, travel time, or EV charging behavior."
13,1,Primary highway freight network road,2,Urban expressway,都道首都高速葛飾江戸川線（首都高速道路）,201,2,12.103915,"Tokyo logistics-corridor proxy for EV last-mile routing context; use as infrastructure-context evidence, not as observed delivery routes.","National Land Numerical Information N12 identifies designated freight-road corridors. It does not provide parcel demand, depot schedules, travel time, or EV charging behavior."
13,1,Primary highway freight network road,2,Urban expressway,都道首都高速3号線（首都高速道路）,280,1,0.060784,"Tokyo logistics-corridor proxy for EV last-mile routing context; use as infrastructure-context evidence, not as observed delivery routes.","National Land Numerical Information N12 identifies designated freight-road corridors. It does not provide parcel demand, depot schedules, travel time, or EV charging behavior."
13,1,Primary highway freight network road,2,Urban expressway,都道首都高速3号線（首都高速道路）,280,2,6.896019,"Tokyo logistics-corridor proxy for EV last-mile routing context; use as infrastructure-context evidence, not as observed delivery routes.","National Land Numerical Information N12 identifies designated freight-road corridors. It does not provide parcel demand, depot schedules, travel time, or EV charging behavior."
13,1,Primary highway freight network road,2,Urban expressway,都道首都高速4号線（首都高速道路）,281,1,0.098612,"Tokyo logistics-corridor proxy for EV last-mile routing context; use as infrastructure-context evidence, not as observed delivery routes.","National Land Numerical Information N12 identifies designated freight-road corridors. It does not provide parcel demand, depot schedules, travel time, or EV charging behavior."
13,1,Primary highway freight network road,2,Urban expressway,都道首都高速4号線（首都高速道路）,281,2,7.382733,"Tokyo logistics-corridor proxy for EV last-mile routing context; use as infrastructure-context evidence, not as observed delivery routes.","National Land Numerical Information N12 identifies designated freight-road corridors. It does not provide parcel demand, depot schedules, travel time, or EV charging behavior."
13,1,Primary highway freight network road,2,Urban expressway,都道首都高速4号線（首都高速道路）,281,3,0.007189,"Tokyo logistics-corridor proxy for EV last-mile routing context; use as infrastructure-context evidence, not as observed delivery routes.","National Land Numerical Information N12 identifies designated freight-road corridors. It does not provide parcel demand, depot schedules, travel time, or EV charging behavior."
13,1,Primary highway freight network road,2,Urban expressway,都道・埼玉県道242号高速葛飾川口線（首都高速道路）,205,2,3.080142,"Tokyo logistics-corridor proxy for EV last-mile routing context; use as infrastructure-context evidence, not as observed delivery routes.","National Land Numerical Information N12 identifies designated freight-road corridors. It does not provide parcel demand, depot schedules, travel time, or EV charging behavior."
13,1,Primary highway freight network road,2,Urban expressway,都道・千葉県道294号高速湾岸線（首都高速道路）,282,1,0.409622,"Tokyo logistics-corridor proxy for EV last-mile routing context; use as infrastructure-context evidence, not as observed delivery routes.","National Land Numerical Information N12 identifies designated freight-road corridors. It does not provide parcel demand, depot schedules, travel time, or EV charging behavior."
13,1,Primary highway freight network road,2,Urban expressway,都道・千葉県道294号高速湾岸線（首都高速道路）,282,2,0.187502,"Tokyo logistics-corridor proxy for EV last-mile routing context; use as infrastructure-context evidence, not as observed delivery routes.","National Land Numerical Information N12 identifies designated freight-road corridors. It does not provide parcel demand, depot schedules, travel time, or EV charging behavior."
13,1,Primary highway freight network road,2,Urban expressway,都道・千葉県道294号高速湾岸線（首都高速道路）,282,3,0.236389,"Tokyo logistics-corridor proxy for EV last-mile routing context; use as infrastructure-context evidence, not as observed delivery routes.","National Land Numerical Information N12 identifies designated freight-road corridors. It does not provide parcel demand, depot schedules, travel time, or EV charging behavior."
13,1,Primary highway freight network road,2,Urban expressway,都道・千葉県道294号高速湾岸線（首都高速道路）,282,4,0.068641,"Tokyo logistics-corridor proxy for EV last-mile routing context; use as infrastructure-context evidence, not as observed delivery routes.","National Land Numerical Information N12 identifies designated freight-road corridors. It does not provide parcel demand, depot schedules, travel time, or EV charging behavior."
13,1,Primary highway freight network road,2,Urban expressway,都道・千葉県道294号高速湾岸線（首都高速道路）,282,5,0.054997,"Tokyo logistics-corridor proxy for EV last-mile routing context; use as infrastructure-context evidence, not as observed delivery routes.","National Land Numerical Information N12 identifies designated freight-road corridors. It does not provide parcel demand, depot schedules, travel time, or EV charging behavior."
13,1,Primary highway freight network road,2,Urban expressway,都道・千葉県道294号高速湾岸線（首都高速道路）,282,6,0.110939,"Tokyo logistics-corridor proxy for EV last-mile routing context; use as infrastructure-context evidence, not as observed delivery routes.","National Land Numerical Information N12 identifies designated freight-road corridors. It does not provide parcel demand, depot schedules, travel time, or EV charging behavior."
13,1,Primary highway freight network road,2,Urban expressway,都道・千葉県道294号高速湾岸線（首都高速道路）,282,7,0.318699,"Tokyo logistics-corridor proxy for EV last-mile routing context; use as infrastructure-context evidence, not as observed delivery routes.","National Land Numerical Information N12 identifies designated freight-road corridors. It does not provide parcel demand, depot schedules, travel time, or EV charging behavior."
13,1,Primary highway freight network road,2,Urban expressway,都道・千葉県道294号高速湾岸線（首都高速道路）,282,8,23.167404,"Tokyo logistics-corridor proxy for EV last-mile routing context; use as infrastructure-context evidence, not as observed delivery routes.","National Land Numerical Information N12 identifies designated freight-road corridors. It does not provide parcel demand, depot schedules, travel time, or EV charging behavior."
13,1,Primary highway freight network road,2,Urban expressway,都道・千葉県道294号高速湾岸線（首都高速道路）,282,9,0.220931,"Tokyo logistics-corridor proxy for EV last-mile routing context; use as infrastructure-context evidence, not as observed delivery routes.","National Land Numerical Information N12 identifies designated freight-road corridors. It does not provide parcel demand, depot schedules, travel time, or EV charging behavior."
13,2,Alternative or complementary route,4,Major local road (prefectural road),東京都道　杉並あきる野線,24,8,0.364211,"Tokyo logistics-corridor proxy for EV last-mile routing context; use as infrastructure-context evidence, not as observed delivery routes.","National Land Numerical Information N12 identifies designated freight-road corridors. It does not provide parcel demand, depot schedules, travel time, or EV charging behavior."
13,2,Alternative or complementary route,7,Municipal or special-ward road,武蔵野市道第114号,283,1,0.794111,"Tokyo logistics-corridor proxy for EV last-mile routing context; use as infrastructure-context evidence, not as observed delivery routes.","National Land Numerical Information N12 identifies designated freight-road corridors. It does not provide parcel demand, depot schedules, travel time, or EV charging behavior."
13,2,Alternative or complementary route,7,Municipal or special-ward road,町田市道南94号線,284,1,0.173094,"Tokyo logistics-corridor proxy for EV last-mile routing context; use as infrastructure-context evidence, not as observed delivery routes.","National Land Numerical Information N12 identifies designated freight-road corridors. It does not provide parcel demand, depot schedules, travel time, or EV charging behavior."
13,2,Alternative or complementary route,7,Municipal or special-ward road,町田市道南775号線,285,1,0.058138,"Tokyo logistics-corridor proxy for EV last-mile routing context; use as infrastructure-context evidence, not as observed delivery routes.","National Land Numerical Information N12 identifies designated freight-road corridors. It does not provide parcel demand, depot schedules, travel time, or EV charging behavior."
13,2,Alternative or complementary route,7,Municipal or special-ward road,瑞穂町道14号,286,1,0.288504,"Tokyo logistics-corridor proxy for EV last-mile routing context; use as infrastructure-context evidence, not as observed delivery routes.","National Land Numerical Information N12 identifies designated freight-road corridors. It does not provide parcel demand, depot schedules, travel time, or EV charging behavior."
13,1,Primary highway freight network road,3,General national highway,一般国道14号,13,5,1.78784,"Tokyo logistics-corridor proxy for EV last-mile routing context; use as infrastructure-context evidence, not as observed delivery routes.","National Land Numerical Information N12 identifies designated freight-road corridors. It does not provide parcel demand, depot schedules, travel time, or EV charging behavior."
13,2,Alternative or complementary route,7,Municipal or special-ward road,国立市道富士見台第3号線,287,1,0.153792,"Tokyo logistics-corridor proxy for EV last-mile routing context; use as infrastructure-context evidence, not as observed delivery routes.","National Land Numerical Information N12 identifies designated freight-road corridors. It does not provide parcel demand, depot schedules, travel time, or EV charging behavior."
13,1,Primary highway freight network road,1,National expressway,東関東自動車道水戸線,288,1,0.904998,"Tokyo logistics-corridor proxy for EV last-mile routing context; use as infrastructure-context evidence, not as observed delivery routes.","National Land Numerical Information N12 identifies designated freight-road corridors. It does not provide parcel demand, depot schedules, travel time, or EV charging behavior."
13,1,Primary highway freight network road,3,General national highway,一般国道466号,289,1,2.387587,"Tokyo logistics-corridor proxy for EV last-mile routing context; use as infrastructure-context evidence, not as observed delivery routes.","National Land Numerical Information N12 identifies designated freight-road corridors. It does not provide parcel demand, depot schedules, travel time, or EV charging behavior."
13,1,Primary highway freight network road,6,General prefectural road,東京都道　言問橋南千住線,290,1,0.118859,"Tokyo logistics-corridor proxy for EV last-mile routing context; use as infrastructure-context evidence, not as observed delivery routes.","National Land Numerical Information N12 identifies designated freight-road corridors. It does not provide parcel demand, depot schedules, travel time, or EV charging behavior."
13,2,Alternative or complementary route,6,General prefectural road,東京都道　江戸川堤防線,291,1,0.520468,"Tokyo logistics-corridor proxy for EV last-mile routing context; use as infrastructure-context evidence, not as observed delivery routes.","National Land Numerical Information N12 identifies designated freight-road corridors. It does not provide parcel demand, depot schedules, travel time, or EV charging behavior."
