origin_code,origin_name_ja,destination_code,destination_name_ja,commodity_code,commodity_ja,weight_origin_to_destination_tons_per_day,weight_destination_to_origin_tons_per_day,trucks_origin_to_destination_per_day,trucks_destination_to_origin_per_day,commodity_en,tokyo_direction,tokyo_counterpart_region_code,tokyo_counterpart_region_name_ja,tokyo_outbound_weight_tons_per_day,tokyo_inbound_weight_tons_per_day,tokyo_outbound_trucks_per_day,tokyo_inbound_trucks_per_day
1,北海道,13,東京都,1,農水産品・食料工業品,1261.02259,1071.525956,13.5325641,30.48,"Agricultural, marine, and food products",Tokyo inbound,1,北海道,1071.525956,1261.02259,30.48,13.5325641
2,青森県,13,東京都,1,農水産品・食料工業品,194.440253,248.9391283,114.0169198,15.75,"Agricultural, marine, and food products",Tokyo inbound,2,青森県,248.9391283,194.440253,15.75,114.0169198
3,岩手県,13,東京都,1,農水産品・食料工業品,262.2411362,345.9897345,7.387745098,15.75,"Agricultural, marine, and food products",Tokyo inbound,3,岩手県,345.9897345,262.2411362,15.75,7.387745098
4,宮城県,13,東京都,1,農水産品・食料工業品,202.7134442,825.26533,14.83494506,88.19204934,"Agricultural, marine, and food products",Tokyo inbound,4,宮城県,825.26533,202.7134442,88.19204934,14.83494506
5,秋田県,13,東京都,1,農水産品・食料工業品,149.5203384,72.91643829,44.2,0.0,"Agricultural, marine, and food products",Tokyo inbound,5,秋田県,72.91643829,149.5203384,0.0,44.2
6,山形県,13,東京都,1,農水産品・食料工業品,261.2819102,590.1482352,14.19333333,255.2423077,"Agricultural, marine, and food products",Tokyo inbound,6,山形県,590.1482352,261.2819102,255.2423077,14.19333333
7,福島県,13,東京都,1,農水産品・食料工業品,133.8689476,556.62374,3.912280702,24.86561866,"Agricultural, marine, and food products",Tokyo inbound,7,福島県,556.62374,133.8689476,24.86561866,3.912280702
8,茨城県,13,東京都,1,農水産品・食料工業品,7176.448145,3014.297523,965.7855397,134.2842707,"Agricultural, marine, and food products",Tokyo inbound,8,茨城県,3014.297523,7176.448145,134.2842707,965.7855397
9,栃木県,13,東京都,1,農水産品・食料工業品,857.6043764,1116.177155,118.6329304,32.93775594,"Agricultural, marine, and food products",Tokyo inbound,9,栃木県,1116.177155,857.6043764,32.93775594,118.6329304
10,群馬県,13,東京都,1,農水産品・食料工業品,2171.066747,2288.316849,54.13367931,31.10084034,"Agricultural, marine, and food products",Tokyo inbound,10,群馬県,2288.316849,2171.066747,31.10084034,54.13367931
11,埼玉県,13,東京都,1,農水産品・食料工業品,20364.8443,10872.11068,8954.382215,1829.616474,"Agricultural, marine, and food products",Tokyo inbound,11,埼玉県,10872.11068,20364.8443,1829.616474,8954.382215
12,千葉県,13,東京都,1,農水産品・食料工業品,27494.09863,7010.258257,2600.040458,1183.02263,"Agricultural, marine, and food products",Tokyo inbound,12,千葉県,7010.258257,27494.09863,1183.02263,2600.040458
13,東京都,1,北海道,1,農水産品・食料工業品,1071.525956,1261.02259,30.48,13.5325641,"Agricultural, marine, and food products",Tokyo outbound,1,北海道,1071.525956,1261.02259,30.48,13.5325641
13,東京都,2,青森県,1,農水産品・食料工業品,248.9391283,194.440253,15.75,114.0169198,"Agricultural, marine, and food products",Tokyo outbound,2,青森県,248.9391283,194.440253,15.75,114.0169198
13,東京都,3,岩手県,1,農水産品・食料工業品,345.9897345,262.2411362,15.75,7.387745098,"Agricultural, marine, and food products",Tokyo outbound,3,岩手県,345.9897345,262.2411362,15.75,7.387745098
13,東京都,4,宮城県,1,農水産品・食料工業品,825.26533,202.7134442,88.19204934,14.83494506,"Agricultural, marine, and food products",Tokyo outbound,4,宮城県,825.26533,202.7134442,88.19204934,14.83494506
13,東京都,5,秋田県,1,農水産品・食料工業品,72.91643829,149.5203384,0.0,44.2,"Agricultural, marine, and food products",Tokyo outbound,5,秋田県,72.91643829,149.5203384,0.0,44.2
13,東京都,6,山形県,1,農水産品・食料工業品,590.1482352,261.2819102,255.2423077,14.19333333,"Agricultural, marine, and food products",Tokyo outbound,6,山形県,590.1482352,261.2819102,255.2423077,14.19333333
13,東京都,7,福島県,1,農水産品・食料工業品,556.62374,133.8689476,24.86561866,3.912280702,"Agricultural, marine, and food products",Tokyo outbound,7,福島県,556.62374,133.8689476,24.86561866,3.912280702
13,東京都,8,茨城県,1,農水産品・食料工業品,3014.297523,7176.448145,134.2842707,965.7855397,"Agricultural, marine, and food products",Tokyo outbound,8,茨城県,3014.297523,7176.448145,134.2842707,965.7855397
13,東京都,9,栃木県,1,農水産品・食料工業品,1116.177155,857.6043764,32.93775594,118.6329304,"Agricultural, marine, and food products",Tokyo outbound,9,栃木県,1116.177155,857.6043764,32.93775594,118.6329304
13,東京都,10,群馬県,1,農水産品・食料工業品,2288.316849,2171.066747,31.10084034,54.13367931,"Agricultural, marine, and food products",Tokyo outbound,10,群馬県,2288.316849,2171.066747,31.10084034,54.13367931
13,東京都,11,埼玉県,1,農水産品・食料工業品,10872.11068,20364.8443,1829.616474,8954.382215,"Agricultural, marine, and food products",Tokyo outbound,11,埼玉県,10872.11068,20364.8443,1829.616474,8954.382215
13,東京都,12,千葉県,1,農水産品・食料工業品,7010.258257,27494.09863,1183.02263,2600.040458,"Agricultural, marine, and food products",Tokyo outbound,12,千葉県,7010.258257,27494.09863,1183.02263,2600.040458
13,東京都,13,東京都,1,農水産品・食料工業品,61881.28284,61881.28284,8793.516079,8793.516079,"Agricultural, marine, and food products",Tokyo outbound,13,東京都,61881.28284,61881.28284,8793.516079,8793.516079
13,東京都,14,神奈川県,1,農水産品・食料工業品,9594.596904,29053.73094,1102.930791,3131.916764,"Agricultural, marine, and food products",Tokyo outbound,14,神奈川県,9594.596904,29053.73094,1102.930791,3131.916764
13,東京都,15,新潟県,1,農水産品・食料工業品,367.8769359,317.5579976,4.0,15.6575641,"Agricultural, marine, and food products",Tokyo outbound,15,新潟県,367.8769359,317.5579976,4.0,15.6575641
13,東京都,16,富山県,1,農水産品・食料工業品,10.81267029,78.7503425,3.529411765,0.0,"Agricultural, marine, and food products",Tokyo outbound,16,富山県,10.81267029,78.7503425,3.529411765,0.0
13,東京都,17,石川県,1,農水産品・食料工業品,243.6331184,33.08416734,47.7943038,6.23,"Agricultural, marine, and food products",Tokyo outbound,17,石川県,243.6331184,33.08416734,47.7943038,6.23
13,東京都,18,福井県,1,農水産品・食料工業品,38.207125,2.323333333,0.0,1.733333333,"Agricultural, marine, and food products",Tokyo outbound,18,福井県,38.207125,2.323333333,0.0,1.733333333
13,東京都,19,山梨県,1,農水産品・食料工業品,733.2275536,445.9692048,24.98076923,28.06227106,"Agricultural, marine, and food products",Tokyo outbound,19,山梨県,733.2275536,445.9692048,24.98076923,28.06227106
13,東京都,20,長野県,1,農水産品・食料工業品,1147.9047,369.8167784,51.96153846,6.461538462,"Agricultural, marine, and food products",Tokyo outbound,20,長野県,1147.9047,369.8167784,51.96153846,6.461538462
13,東京都,21,岐阜県,1,農水産品・食料工業品,121.5010589,1768.721137,0.0,0.0,"Agricultural, marine, and food products",Tokyo outbound,21,岐阜県,121.5010589,1768.721137,0.0,0.0
13,東京都,22,静岡県,1,農水産品・食料工業品,815.1171113,1212.699748,12.46,10.93966818,"Agricultural, marine, and food products",Tokyo outbound,22,静岡県,815.1171113,1212.699748,12.46,10.93966818
13,東京都,23,愛知県,1,農水産品・食料工業品,875.5047643,424.7735778,40.99050909,12.46,"Agricultural, marine, and food products",Tokyo outbound,23,愛知県,875.5047643,424.7735778,40.99050909,12.46
13,東京都,24,三重県,1,農水産品・食料工業品,9.504232572,27.45005893,0.0,0.0,"Agricultural, marine, and food products",Tokyo outbound,24,三重県,9.504232572,27.45005893,0.0,0.0
13,東京都,25,滋賀県,1,農水産品・食料工業品,58.54954591,59.43809524,0.0,0.0,"Agricultural, marine, and food products",Tokyo outbound,25,滋賀県,58.54954591,59.43809524,0.0,0.0
13,東京都,26,京都府,1,農水産品・食料工業品,103.3510898,86.9824679,3.529411765,10.11229947,"Agricultural, marine, and food products",Tokyo outbound,26,京都府,103.3510898,86.9824679,3.529411765,10.11229947
13,東京都,27,大阪府,1,農水産品・食料工業品,1187.616063,546.2129623,155.6965495,50.63745098,"Agricultural, marine, and food products",Tokyo outbound,27,大阪府,1187.616063,546.2129623,155.6965495,50.63745098
13,東京都,28,兵庫県,1,農水産品・食料工業品,537.4908231,518.4969117,14.625,17.59969697,"Agricultural, marine, and food products",Tokyo outbound,28,兵庫県,537.4908231,518.4969117,14.625,17.59969697
13,東京都,29,奈良県,1,農水産品・食料工業品,42.6296828,92.42284382,0.0,12.4,"Agricultural, marine, and food products",Tokyo outbound,29,奈良県,42.6296828,92.42284382,0.0,12.4
13,東京都,30,和歌山県,1,農水産品・食料工業品,4.910060174,287.3293846,0.0,0.0,"Agricultural, marine, and food products",Tokyo outbound,30,和歌山県,4.910060174,287.3293846,0.0,0.0
13,東京都,31,鳥取県,1,農水産品・食料工業品,3.077420123,6.246100866,0.0,0.0,"Agricultural, marine, and food products",Tokyo outbound,31,鳥取県,3.077420123,6.246100866,0.0,0.0
13,東京都,32,島根県,1,農水産品・食料工業品,1.561829611,0.378857143,0.0,0.0,"Agricultural, marine, and food products",Tokyo outbound,32,島根県,1.561829611,0.378857143,0.0,0.0
13,東京都,33,岡山県,1,農水産品・食料工業品,33.90989844,1879.859615,0.0,12.46,"Agricultural, marine, and food products",Tokyo outbound,33,岡山県,33.90989844,1879.859615,0.0,12.46
13,東京都,34,広島県,1,農水産品・食料工業品,86.32902112,25.52083942,0.0,7.963333333,"Agricultural, marine, and food products",Tokyo outbound,34,広島県,86.32902112,25.52083942,0.0,7.963333333
13,東京都,35,山口県,1,農水産品・食料工業品,24.08275703,95.03752747,0.0,0.0,"Agricultural, marine, and food products",Tokyo outbound,35,山口県,24.08275703,95.03752747,0.0,0.0
13,東京都,36,徳島県,1,農水産品・食料工業品,58.06989123,240.8093894,0.0,0.0,"Agricultural, marine, and food products",Tokyo outbound,36,徳島県,58.06989123,240.8093894,0.0,0.0
13,東京都,37,香川県,1,農水産品・食料工業品,10.3546955,28.00963394,0.0,6.23,"Agricultural, marine, and food products",Tokyo outbound,37,香川県,10.3546955,28.00963394,0.0,6.23
13,東京都,38,愛媛県,1,農水産品・食料工業品,1.747165323,12.9370201,0.0,0.0,"Agricultural, marine, and food products",Tokyo outbound,38,愛媛県,1.747165323,12.9370201,0.0,0.0
13,東京都,39,高知県,1,農水産品・食料工業品,11.39671685,9.797459783,0.0,0.0,"Agricultural, marine, and food products",Tokyo outbound,39,高知県,11.39671685,9.797459783,0.0,0.0
13,東京都,40,福岡県,1,農水産品・食料工業品,194.1009523,303.8054071,0.0,2.125,"Agricultural, marine, and food products",Tokyo outbound,40,福岡県,194.1009523,303.8054071,0.0,2.125
13,東京都,41,佐賀県,1,農水産品・食料工業品,116.5557727,115.6731795,6.23,18.69,"Agricultural, marine, and food products",Tokyo outbound,41,佐賀県,116.5557727,115.6731795,6.23,18.69
13,東京都,42,長崎県,1,農水産品・食料工業品,5.221332772,95.90299184,6.23,1.733333333,"Agricultural, marine, and food products",Tokyo outbound,42,長崎県,5.221332772,95.90299184,6.23,1.733333333
13,東京都,43,熊本県,1,農水産品・食料工業品,15.92628664,63.45686393,0.0,4.818181818,"Agricultural, marine, and food products",Tokyo outbound,43,熊本県,15.92628664,63.45686393,0.0,4.818181818
13,東京都,44,大分県,1,農水産品・食料工業品,3.613370968,193.4272727,0.0,19.27272727,"Agricultural, marine, and food products",Tokyo outbound,44,大分県,3.613370968,193.4272727,0.0,19.27272727
13,東京都,45,宮崎県,1,農水産品・食料工業品,5.235153846,381.4541126,0.0,44.77545455,"Agricultural, marine, and food products",Tokyo outbound,45,宮崎県,5.235153846,381.4541126,0.0,44.77545455
13,東京都,46,鹿児島県,1,農水産品・食料工業品,16.23678893,553.5782131,0.0,17.27818182,"Agricultural, marine, and food products",Tokyo outbound,46,鹿児島県,16.23678893,553.5782131,0.0,17.27818182
13,東京都,47,沖縄県,1,農水産品・食料工業品,282.9545858,31.86353214,6.23,6.23,"Agricultural, marine, and food products",Tokyo outbound,47,沖縄県,282.9545858,31.86353214,6.23,6.23
13,東京都,90,全国,1,農水産品・食料工業品,1325.995138,2603.54259,32.38884462,211.375,"Agricultural, marine, and food products",Tokyo outbound,90,全国,1325.995138,2603.54259,32.38884462,211.375
13,東京都,92,東北,1,農水産品・食料工業品,81.43113597,1450.61235,0.0,96.79245283,"Agricultural, marine, and food products",Tokyo outbound,92,東北,81.43113597,1450.61235,0.0,96.79245283
13,東京都,93,海外,1,農水産品・食料工業品,518.6291811,7798.313927,6.933333333,8.335483871,"Agricultural, marine, and food products",Tokyo outbound,93,海外,518.6291811,7798.313927,6.933333333,8.335483871
13,東京都,94,不特定,1,農水産品・食料工業品,7383.260925,433.3333333,86.66666667,52.0,"Agricultural, marine, and food products",Tokyo outbound,94,不特定,7383.260925,433.3333333,86.66666667,52.0
13,東京都,99,全て不明,1,農水産品・食料工業品,2241.91921,324.5680579,420.1415094,0.0,"Agricultural, marine, and food products",Tokyo outbound,99,全て不明,2241.91921,324.5680579,420.1415094,0.0
14,神奈川県,13,東京都,1,農水産品・食料工業品,29053.73094,9594.596904,3131.916764,1102.930791,"Agricultural, marine, and food products",Tokyo inbound,14,神奈川県,9594.596904,29053.73094,1102.930791,3131.916764
15,新潟県,13,東京都,1,農水産品・食料工業品,317.5579976,367.8769359,15.6575641,4.0,"Agricultural, marine, and food products",Tokyo inbound,15,新潟県,367.8769359,317.5579976,4.0,15.6575641
16,富山県,13,東京都,1,農水産品・食料工業品,78.7503425,10.81267029,0.0,3.529411765,"Agricultural, marine, and food products",Tokyo inbound,16,富山県,10.81267029,78.7503425,3.529411765,0.0
17,石川県,13,東京都,1,農水産品・食料工業品,33.08416734,243.6331184,6.23,47.7943038,"Agricultural, marine, and food products",Tokyo inbound,17,石川県,243.6331184,33.08416734,47.7943038,6.23
18,福井県,13,東京都,1,農水産品・食料工業品,2.323333333,38.207125,1.733333333,0.0,"Agricultural, marine, and food products",Tokyo inbound,18,福井県,38.207125,2.323333333,0.0,1.733333333
19,山梨県,13,東京都,1,農水産品・食料工業品,445.9692048,733.2275536,28.06227106,24.98076923,"Agricultural, marine, and food products",Tokyo inbound,19,山梨県,733.2275536,445.9692048,24.98076923,28.06227106
20,長野県,13,東京都,1,農水産品・食料工業品,369.8167784,1147.9047,6.461538462,51.96153846,"Agricultural, marine, and food products",Tokyo inbound,20,長野県,1147.9047,369.8167784,51.96153846,6.461538462
21,岐阜県,13,東京都,1,農水産品・食料工業品,1768.721137,121.5010589,0.0,0.0,"Agricultural, marine, and food products",Tokyo inbound,21,岐阜県,121.5010589,1768.721137,0.0,0.0
22,静岡県,13,東京都,1,農水産品・食料工業品,1212.699748,815.1171113,10.93966818,12.46,"Agricultural, marine, and food products",Tokyo inbound,22,静岡県,815.1171113,1212.699748,12.46,10.93966818
23,愛知県,13,東京都,1,農水産品・食料工業品,424.7735778,875.5047643,12.46,40.99050909,"Agricultural, marine, and food products",Tokyo inbound,23,愛知県,875.5047643,424.7735778,40.99050909,12.46
24,三重県,13,東京都,1,農水産品・食料工業品,27.45005893,9.504232572,0.0,0.0,"Agricultural, marine, and food products",Tokyo inbound,24,三重県,9.504232572,27.45005893,0.0,0.0
25,滋賀県,13,東京都,1,農水産品・食料工業品,59.43809524,58.54954591,0.0,0.0,"Agricultural, marine, and food products",Tokyo inbound,25,滋賀県,58.54954591,59.43809524,0.0,0.0
26,京都府,13,東京都,1,農水産品・食料工業品,86.9824679,103.3510898,10.11229947,3.529411765,"Agricultural, marine, and food products",Tokyo inbound,26,京都府,103.3510898,86.9824679,3.529411765,10.11229947
27,大阪府,13,東京都,1,農水産品・食料工業品,546.2129623,1187.616063,50.63745098,155.6965495,"Agricultural, marine, and food products",Tokyo inbound,27,大阪府,1187.616063,546.2129623,155.6965495,50.63745098
28,兵庫県,13,東京都,1,農水産品・食料工業品,518.4969117,537.4908231,17.59969697,14.625,"Agricultural, marine, and food products",Tokyo inbound,28,兵庫県,537.4908231,518.4969117,14.625,17.59969697
29,奈良県,13,東京都,1,農水産品・食料工業品,92.42284382,42.6296828,12.4,0.0,"Agricultural, marine, and food products",Tokyo inbound,29,奈良県,42.6296828,92.42284382,0.0,12.4
30,和歌山県,13,東京都,1,農水産品・食料工業品,287.3293846,4.910060174,0.0,0.0,"Agricultural, marine, and food products",Tokyo inbound,30,和歌山県,4.910060174,287.3293846,0.0,0.0
31,鳥取県,13,東京都,1,農水産品・食料工業品,6.246100866,3.077420123,0.0,0.0,"Agricultural, marine, and food products",Tokyo inbound,31,鳥取県,3.077420123,6.246100866,0.0,0.0
32,島根県,13,東京都,1,農水産品・食料工業品,0.378857143,1.561829611,0.0,0.0,"Agricultural, marine, and food products",Tokyo inbound,32,島根県,1.561829611,0.378857143,0.0,0.0
33,岡山県,13,東京都,1,農水産品・食料工業品,1879.859615,33.90989844,12.46,0.0,"Agricultural, marine, and food products",Tokyo inbound,33,岡山県,33.90989844,1879.859615,0.0,12.46
34,広島県,13,東京都,1,農水産品・食料工業品,25.52083942,86.32902112,7.963333333,0.0,"Agricultural, marine, and food products",Tokyo inbound,34,広島県,86.32902112,25.52083942,0.0,7.963333333
35,山口県,13,東京都,1,農水産品・食料工業品,95.03752747,24.08275703,0.0,0.0,"Agricultural, marine, and food products",Tokyo inbound,35,山口県,24.08275703,95.03752747,0.0,0.0
36,徳島県,13,東京都,1,農水産品・食料工業品,240.8093894,58.06989123,0.0,0.0,"Agricultural, marine, and food products",Tokyo inbound,36,徳島県,58.06989123,240.8093894,0.0,0.0
37,香川県,13,東京都,1,農水産品・食料工業品,28.00963394,10.3546955,6.23,0.0,"Agricultural, marine, and food products",Tokyo inbound,37,香川県,10.3546955,28.00963394,0.0,6.23
38,愛媛県,13,東京都,1,農水産品・食料工業品,12.9370201,1.747165323,0.0,0.0,"Agricultural, marine, and food products",Tokyo inbound,38,愛媛県,1.747165323,12.9370201,0.0,0.0
39,高知県,13,東京都,1,農水産品・食料工業品,9.797459783,11.39671685,0.0,0.0,"Agricultural, marine, and food products",Tokyo inbound,39,高知県,11.39671685,9.797459783,0.0,0.0
40,福岡県,13,東京都,1,農水産品・食料工業品,303.8054071,194.1009523,2.125,0.0,"Agricultural, marine, and food products",Tokyo inbound,40,福岡県,194.1009523,303.8054071,0.0,2.125
41,佐賀県,13,東京都,1,農水産品・食料工業品,115.6731795,116.5557727,18.69,6.23,"Agricultural, marine, and food products",Tokyo inbound,41,佐賀県,116.5557727,115.6731795,6.23,18.69
42,長崎県,13,東京都,1,農水産品・食料工業品,95.90299184,5.221332772,1.733333333,6.23,"Agricultural, marine, and food products",Tokyo inbound,42,長崎県,5.221332772,95.90299184,6.23,1.733333333
43,熊本県,13,東京都,1,農水産品・食料工業品,63.45686393,15.92628664,4.818181818,0.0,"Agricultural, marine, and food products",Tokyo inbound,43,熊本県,15.92628664,63.45686393,0.0,4.818181818
44,大分県,13,東京都,1,農水産品・食料工業品,193.4272727,3.613370968,19.27272727,0.0,"Agricultural, marine, and food products",Tokyo inbound,44,大分県,3.613370968,193.4272727,0.0,19.27272727
45,宮崎県,13,東京都,1,農水産品・食料工業品,381.4541126,5.235153846,44.77545455,0.0,"Agricultural, marine, and food products",Tokyo inbound,45,宮崎県,5.235153846,381.4541126,0.0,44.77545455
46,鹿児島県,13,東京都,1,農水産品・食料工業品,553.5782131,16.23678893,17.27818182,0.0,"Agricultural, marine, and food products",Tokyo inbound,46,鹿児島県,16.23678893,553.5782131,0.0,17.27818182
47,沖縄県,13,東京都,1,農水産品・食料工業品,31.86353214,282.9545858,6.23,6.23,"Agricultural, marine, and food products",Tokyo inbound,47,沖縄県,282.9545858,31.86353214,6.23,6.23
90,全国,13,東京都,1,農水産品・食料工業品,2603.54259,1325.995138,211.375,32.38884462,"Agricultural, marine, and food products",Tokyo inbound,90,全国,1325.995138,2603.54259,32.38884462,211.375
92,東北,13,東京都,1,農水産品・食料工業品,1450.61235,81.43113597,96.79245283,0.0,"Agricultural, marine, and food products",Tokyo inbound,92,東北,81.43113597,1450.61235,0.0,96.79245283
93,海外,13,東京都,1,農水産品・食料工業品,7798.313927,518.6291811,8.335483871,6.933333333,"Agricultural, marine, and food products",Tokyo inbound,93,海外,518.6291811,7798.313927,6.933333333,8.335483871
94,不特定,13,東京都,1,農水産品・食料工業品,433.3333333,7383.260925,52.0,86.66666667,"Agricultural, marine, and food products",Tokyo inbound,94,不特定,7383.260925,433.3333333,86.66666667,52.0
99,全て不明,13,東京都,1,農水産品・食料工業品,324.5680579,2241.91921,0.0,420.1415094,"Agricultural, marine, and food products",Tokyo inbound,99,全て不明,2241.91921,324.5680579,420.1415094,0.0
1,北海道,13,東京都,2,出版・印刷物,0.340100155,1.541600396,0.0,0.0,,Tokyo inbound,1,北海道,1.541600396,0.340100155,0.0,0.0
2,青森県,13,東京都,2,出版・印刷物,62.5,0.894179105,0.0,0.0,,Tokyo inbound,2,青森県,0.894179105,62.5,0.0,0.0
3,岩手県,13,東京都,2,出版・印刷物,0.0,46.13837351,0.0,12.58252427,,Tokyo inbound,3,岩手県,46.13837351,0.0,12.58252427,0.0
4,宮城県,13,東京都,2,出版・印刷物,0.259706628,33.83841277,0.0,4.194174757,,Tokyo inbound,4,宮城県,33.83841277,0.259706628,4.194174757,0.0
5,秋田県,13,東京都,2,出版・印刷物,5.5,0.032845771,0.0,0.0,,Tokyo inbound,5,秋田県,0.032845771,5.5,0.0,0.0
6,山形県,13,東京都,2,出版・印刷物,0.141441299,47.55434741,0.0,5.5,,Tokyo inbound,6,山形県,47.55434741,0.141441299,5.5,0.0
7,福島県,13,東京都,2,出版・印刷物,278.7956224,0.728435628,12.46,12.46,,Tokyo inbound,7,福島県,0.728435628,278.7956224,12.46,12.46
8,茨城県,13,東京都,2,出版・印刷物,608.6501848,18.51934367,88.84911381,12.0,,Tokyo inbound,8,茨城県,18.51934367,608.6501848,12.0,88.84911381
9,栃木県,13,東京都,2,出版・印刷物,9.716255639,14.24489966,0.0,6.894422311,,Tokyo inbound,9,栃木県,14.24489966,9.716255639,6.894422311,0.0
10,群馬県,13,東京都,2,出版・印刷物,0.015652174,38.69843502,6.23,6.23,,Tokyo inbound,10,群馬県,38.69843502,0.015652174,6.23,6.23
11,埼玉県,13,東京都,2,出版・印刷物,4113.94915,4328.548975,2161.852863,625.2085445,,Tokyo inbound,11,埼玉県,4328.548975,4113.94915,625.2085445,2161.852863
12,千葉県,13,東京都,2,出版・印刷物,248.3741414,318.6327226,347.004606,388.4097522,,Tokyo inbound,12,千葉県,318.6327226,248.3741414,388.4097522,347.004606
13,東京都,1,北海道,2,出版・印刷物,1.541600396,0.340100155,0.0,0.0,,Tokyo outbound,1,北海道,1.541600396,0.340100155,0.0,0.0
13,東京都,2,青森県,2,出版・印刷物,0.894179105,62.5,0.0,0.0,,Tokyo outbound,2,青森県,0.894179105,62.5,0.0,0.0
13,東京都,3,岩手県,2,出版・印刷物,46.13837351,0.0,12.58252427,0.0,,Tokyo outbound,3,岩手県,46.13837351,0.0,12.58252427,0.0
13,東京都,4,宮城県,2,出版・印刷物,33.83841277,0.259706628,4.194174757,0.0,,Tokyo outbound,4,宮城県,33.83841277,0.259706628,4.194174757,0.0
13,東京都,5,秋田県,2,出版・印刷物,0.032845771,5.5,0.0,0.0,,Tokyo outbound,5,秋田県,0.032845771,5.5,0.0,0.0
13,東京都,6,山形県,2,出版・印刷物,47.55434741,0.141441299,5.5,0.0,,Tokyo outbound,6,山形県,47.55434741,0.141441299,5.5,0.0
13,東京都,7,福島県,2,出版・印刷物,0.728435628,278.7956224,12.46,12.46,,Tokyo outbound,7,福島県,0.728435628,278.7956224,12.46,12.46
13,東京都,8,茨城県,2,出版・印刷物,18.51934367,608.6501848,12.0,88.84911381,,Tokyo outbound,8,茨城県,18.51934367,608.6501848,12.0,88.84911381
13,東京都,9,栃木県,2,出版・印刷物,14.24489966,9.716255639,6.894422311,0.0,,Tokyo outbound,9,栃木県,14.24489966,9.716255639,6.894422311,0.0
13,東京都,10,群馬県,2,出版・印刷物,38.69843502,0.015652174,6.23,6.23,,Tokyo outbound,10,群馬県,38.69843502,0.015652174,6.23,6.23
13,東京都,11,埼玉県,2,出版・印刷物,4328.548975,4113.94915,625.2085445,2161.852863,,Tokyo outbound,11,埼玉県,4328.548975,4113.94915,625.2085445,2161.852863
13,東京都,12,千葉県,2,出版・印刷物,318.6327226,248.3741414,388.4097522,347.004606,,Tokyo outbound,12,千葉県,318.6327226,248.3741414,388.4097522,347.004606
13,東京都,13,東京都,2,出版・印刷物,5553.128588,5553.128588,2323.951873,2323.951873,,Tokyo outbound,13,東京都,5553.128588,5553.128588,2323.951873,2323.951873
13,東京都,14,神奈川県,2,出版・印刷物,235.0723334,577.9687942,93.66314752,257.6164409,,Tokyo outbound,14,神奈川県,235.0723334,577.9687942,93.66314752,257.6164409
13,東京都,15,新潟県,2,出版・印刷物,109.3532381,0.64,11.0,0.0,,Tokyo outbound,15,新潟県,109.3532381,0.64,11.0,0.0
13,東京都,16,富山県,2,出版・印刷物,0.0,18.66666667,0.0,0.0,,Tokyo outbound,16,富山県,0.0,18.66666667,0.0,0.0
13,東京都,17,石川県,2,出版・印刷物,0.093073527,0.006894422,0.0,0.0,,Tokyo outbound,17,石川県,0.093073527,0.006894422,0.0,0.0
13,東京都,18,福井県,2,出版・印刷物,0.09216715,0.09216715,0.0,0.0,,Tokyo outbound,18,福井県,0.09216715,0.09216715,0.0,0.0
13,東京都,19,山梨県,2,出版・印刷物,1.358956947,0.132142857,4.653846154,0.0,,Tokyo outbound,19,山梨県,1.358956947,0.132142857,4.653846154,0.0
13,東京都,20,長野県,2,出版・印刷物,32.68799264,0.255636364,13.38834952,0.0,,Tokyo outbound,20,長野県,32.68799264,0.255636364,13.38834952,0.0
13,東京都,21,岐阜県,2,出版・印刷物,0.385883153,0.0,0.0,0.0,,Tokyo outbound,21,岐阜県,0.385883153,0.0,0.0,0.0
13,東京都,22,静岡県,2,出版・印刷物,173.0115707,0.0,4.194174757,0.0,,Tokyo outbound,22,静岡県,173.0115707,0.0,4.194174757,0.0
13,東京都,23,愛知県,2,出版・印刷物,356.5599611,8.638894422,4.194174757,0.0,,Tokyo outbound,23,愛知県,356.5599611,8.638894422,4.194174757,0.0
13,東京都,24,三重県,2,出版・印刷物,0.68848022,0.0,0.0,0.0,,Tokyo outbound,24,三重県,0.68848022,0.0,0.0,0.0
13,東京都,25,滋賀県,2,出版・印刷物,0.037411688,0.024363636,0.0,0.0,,Tokyo outbound,25,滋賀県,0.037411688,0.024363636,0.0,0.0
13,東京都,26,京都府,2,出版・印刷物,20.16712582,1.67266682,2.75,0.0,,Tokyo outbound,26,京都府,20.16712582,1.67266682,2.75,0.0
13,東京都,27,大阪府,2,出版・印刷物,227.7593323,96.82432002,32.63754045,0.0,,Tokyo outbound,27,大阪府,227.7593323,96.82432002,32.63754045,0.0
13,東京都,28,兵庫県,2,出版・印刷物,1.295397073,33.83395666,0.0,0.0,,Tokyo outbound,28,兵庫県,1.295397073,33.83395666,0.0,0.0
13,東京都,29,奈良県,2,出版・印刷物,0.045095238,0.0,0.0,0.0,,Tokyo outbound,29,奈良県,0.045095238,0.0,0.0,0.0
13,東京都,30,和歌山県,2,出版・印刷物,1.010285714,0.0,0.0,0.0,,Tokyo outbound,30,和歌山県,1.010285714,0.0,0.0,0.0
13,東京都,32,島根県,2,出版・印刷物,0.006894422,0.034472112,0.0,0.0,,Tokyo outbound,32,島根県,0.006894422,0.034472112,0.0,0.0
13,東京都,33,岡山県,2,出版・印刷物,0.879635714,0.0,0.0,0.0,,Tokyo outbound,33,岡山県,0.879635714,0.0,0.0,0.0
13,東京都,34,広島県,2,出版・印刷物,0.64475,0.051304348,0.0,0.0,,Tokyo outbound,34,広島県,0.64475,0.051304348,0.0,0.0
13,東京都,35,山口県,2,出版・印刷物,0.487272727,0.0,0.0,0.0,,Tokyo outbound,35,山口県,0.487272727,0.0,0.0,0.0
13,東京都,36,徳島県,2,出版・印刷物,29.13922308,12.46153846,0.0,0.0,,Tokyo outbound,36,徳島県,29.13922308,12.46153846,0.0,0.0
13,東京都,37,香川県,2,出版・印刷物,22.03544388,0.324788446,4.194174757,0.0,,Tokyo outbound,37,香川県,22.03544388,0.324788446,4.194174757,0.0
13,東京都,38,愛媛県,2,出版・印刷物,41.54446154,18.69230769,0.0,0.0,,Tokyo outbound,38,愛媛県,41.54446154,18.69230769,0.0,0.0
13,東京都,40,福岡県,2,出版・印刷物,1.263625675,0.701561089,0.0,0.0,,Tokyo outbound,40,福岡県,1.263625675,0.701561089,0.0,0.0
13,東京都,41,佐賀県,2,出版・印刷物,30.55692308,0.0,4.0,0.0,,Tokyo outbound,41,佐賀県,30.55692308,0.0,4.0,0.0
13,東京都,42,長崎県,2,出版・印刷物,30.2481039,0.0,0.0,0.0,,Tokyo outbound,42,長崎県,30.2481039,0.0,0.0,0.0
13,東京都,43,熊本県,2,出版・印刷物,71.13657143,0.0,10.0,0.0,,Tokyo outbound,43,熊本県,71.13657143,0.0,10.0,0.0
13,東京都,44,大分県,2,出版・印刷物,50.20871429,0.0,8.0,0.0,,Tokyo outbound,44,大分県,50.20871429,0.0,8.0,0.0
13,東京都,45,宮崎県,2,出版・印刷物,50.0,0.0,8.0,0.0,,Tokyo outbound,45,宮崎県,50.0,0.0,8.0,0.0
13,東京都,46,鹿児島県,2,出版・印刷物,90.034,0.0,14.0,0.0,,Tokyo outbound,46,鹿児島県,90.034,0.0,14.0,0.0
13,東京都,47,沖縄県,2,出版・印刷物,0.004,0.0,0.0,0.0,,Tokyo outbound,47,沖縄県,0.004,0.0,0.0,0.0
13,東京都,90,全国,2,出版・印刷物,242.8919142,114.8587364,16.61538462,31.15384615,,Tokyo outbound,90,全国,242.8919142,114.8587364,16.61538462,31.15384615
13,東京都,92,東北,2,出版・印刷物,68.00272478,186.9230769,169.462038,51.92307692,,Tokyo outbound,92,東北,68.00272478,186.9230769,169.462038,51.92307692
13,東京都,93,海外,2,出版・印刷物,0.048497076,95.04849708,0.0,8.0,,Tokyo outbound,93,海外,0.048497076,95.04849708,0.0,8.0
13,東京都,94,不特定,2,出版・印刷物,1.878139535,1.878139535,0.0,0.0,,Tokyo outbound,94,不特定,1.878139535,1.878139535,0.0,0.0
13,東京都,99,全て不明,2,出版・印刷物,27.57768924,0.0,0.0,0.0,,Tokyo outbound,99,全て不明,27.57768924,0.0,0.0,0.0
14,神奈川県,13,東京都,2,出版・印刷物,577.9687942,235.0723334,257.6164409,93.66314752,,Tokyo inbound,14,神奈川県,235.0723334,577.9687942,93.66314752,257.6164409
15,新潟県,13,東京都,2,出版・印刷物,0.64,109.3532381,0.0,11.0,,Tokyo inbound,15,新潟県,109.3532381,0.64,11.0,0.0
16,富山県,13,東京都,2,出版・印刷物,18.66666667,0.0,0.0,0.0,,Tokyo inbound,16,富山県,0.0,18.66666667,0.0,0.0
17,石川県,13,東京都,2,出版・印刷物,0.006894422,0.093073527,0.0,0.0,,Tokyo inbound,17,石川県,0.093073527,0.006894422,0.0,0.0
18,福井県,13,東京都,2,出版・印刷物,0.09216715,0.09216715,0.0,0.0,,Tokyo inbound,18,福井県,0.09216715,0.09216715,0.0,0.0
19,山梨県,13,東京都,2,出版・印刷物,0.132142857,1.358956947,0.0,4.653846154,,Tokyo inbound,19,山梨県,1.358956947,0.132142857,4.653846154,0.0
20,長野県,13,東京都,2,出版・印刷物,0.255636364,32.68799264,0.0,13.38834952,,Tokyo inbound,20,長野県,32.68799264,0.255636364,13.38834952,0.0
21,岐阜県,13,東京都,2,出版・印刷物,0.0,0.385883153,0.0,0.0,,Tokyo inbound,21,岐阜県,0.385883153,0.0,0.0,0.0
22,静岡県,13,東京都,2,出版・印刷物,0.0,173.0115707,0.0,4.194174757,,Tokyo inbound,22,静岡県,173.0115707,0.0,4.194174757,0.0
23,愛知県,13,東京都,2,出版・印刷物,8.638894422,356.5599611,0.0,4.194174757,,Tokyo inbound,23,愛知県,356.5599611,8.638894422,4.194174757,0.0
24,三重県,13,東京都,2,出版・印刷物,0.0,0.68848022,0.0,0.0,,Tokyo inbound,24,三重県,0.68848022,0.0,0.0,0.0
25,滋賀県,13,東京都,2,出版・印刷物,0.024363636,0.037411688,0.0,0.0,,Tokyo inbound,25,滋賀県,0.037411688,0.024363636,0.0,0.0
26,京都府,13,東京都,2,出版・印刷物,1.67266682,20.16712582,0.0,2.75,,Tokyo inbound,26,京都府,20.16712582,1.67266682,2.75,0.0
27,大阪府,13,東京都,2,出版・印刷物,96.82432002,227.7593323,0.0,32.63754045,,Tokyo inbound,27,大阪府,227.7593323,96.82432002,32.63754045,0.0
28,兵庫県,13,東京都,2,出版・印刷物,33.83395666,1.295397073,0.0,0.0,,Tokyo inbound,28,兵庫県,1.295397073,33.83395666,0.0,0.0
29,奈良県,13,東京都,2,出版・印刷物,0.0,0.045095238,0.0,0.0,,Tokyo inbound,29,奈良県,0.045095238,0.0,0.0,0.0
30,和歌山県,13,東京都,2,出版・印刷物,0.0,1.010285714,0.0,0.0,,Tokyo inbound,30,和歌山県,1.010285714,0.0,0.0,0.0
32,島根県,13,東京都,2,出版・印刷物,0.034472112,0.006894422,0.0,0.0,,Tokyo inbound,32,島根県,0.006894422,0.034472112,0.0,0.0
33,岡山県,13,東京都,2,出版・印刷物,0.0,0.879635714,0.0,0.0,,Tokyo inbound,33,岡山県,0.879635714,0.0,0.0,0.0
34,広島県,13,東京都,2,出版・印刷物,0.051304348,0.64475,0.0,0.0,,Tokyo inbound,34,広島県,0.64475,0.051304348,0.0,0.0
35,山口県,13,東京都,2,出版・印刷物,0.0,0.487272727,0.0,0.0,,Tokyo inbound,35,山口県,0.487272727,0.0,0.0,0.0
36,徳島県,13,東京都,2,出版・印刷物,12.46153846,29.13922308,0.0,0.0,,Tokyo inbound,36,徳島県,29.13922308,12.46153846,0.0,0.0
37,香川県,13,東京都,2,出版・印刷物,0.324788446,22.03544388,0.0,4.194174757,,Tokyo inbound,37,香川県,22.03544388,0.324788446,4.194174757,0.0
38,愛媛県,13,東京都,2,出版・印刷物,18.69230769,41.54446154,0.0,0.0,,Tokyo inbound,38,愛媛県,41.54446154,18.69230769,0.0,0.0
40,福岡県,13,東京都,2,出版・印刷物,0.701561089,1.263625675,0.0,0.0,,Tokyo inbound,40,福岡県,1.263625675,0.701561089,0.0,0.0
41,佐賀県,13,東京都,2,出版・印刷物,0.0,30.55692308,0.0,4.0,,Tokyo inbound,41,佐賀県,30.55692308,0.0,4.0,0.0
42,長崎県,13,東京都,2,出版・印刷物,0.0,30.2481039,0.0,0.0,,Tokyo inbound,42,長崎県,30.2481039,0.0,0.0,0.0
43,熊本県,13,東京都,2,出版・印刷物,0.0,71.13657143,0.0,10.0,,Tokyo inbound,43,熊本県,71.13657143,0.0,10.0,0.0
44,大分県,13,東京都,2,出版・印刷物,0.0,50.20871429,0.0,8.0,,Tokyo inbound,44,大分県,50.20871429,0.0,8.0,0.0
45,宮崎県,13,東京都,2,出版・印刷物,0.0,50.0,0.0,8.0,,Tokyo inbound,45,宮崎県,50.0,0.0,8.0,0.0
46,鹿児島県,13,東京都,2,出版・印刷物,0.0,90.034,0.0,14.0,,Tokyo inbound,46,鹿児島県,90.034,0.0,14.0,0.0
47,沖縄県,13,東京都,2,出版・印刷物,0.0,0.004,0.0,0.0,,Tokyo inbound,47,沖縄県,0.004,0.0,0.0,0.0
90,全国,13,東京都,2,出版・印刷物,114.8587364,242.8919142,31.15384615,16.61538462,,Tokyo inbound,90,全国,242.8919142,114.8587364,16.61538462,31.15384615
92,東北,13,東京都,2,出版・印刷物,186.9230769,68.00272478,51.92307692,169.462038,,Tokyo inbound,92,東北,68.00272478,186.9230769,169.462038,51.92307692
93,海外,13,東京都,2,出版・印刷物,95.04849708,0.048497076,8.0,0.0,,Tokyo inbound,93,海外,0.048497076,95.04849708,0.0,8.0
94,不特定,13,東京都,2,出版・印刷物,1.878139535,1.878139535,0.0,0.0,,Tokyo inbound,94,不特定,1.878139535,1.878139535,0.0,0.0
99,全て不明,13,東京都,2,出版・印刷物,0.0,27.57768924,0.0,0.0,,Tokyo inbound,99,全て不明,27.57768924,0.0,0.0,0.0
1,北海道,13,東京都,3,日用品,141.5945587,55.29061404,6.857142857,176.0453471,,Tokyo inbound,1,北海道,55.29061404,141.5945587,176.0453471,6.857142857
2,青森県,13,東京都,3,日用品,0.17199075,0.723762438,0.0,17.95156517,,Tokyo inbound,2,青森県,0.723762438,0.17199075,17.95156517,0.0
3,岩手県,13,東京都,3,日用品,1.089637363,0.630408663,0.0,14.74285714,,Tokyo inbound,3,岩手県,0.630408663,1.089637363,14.74285714,0.0
4,宮城県,13,東京都,3,日用品,40.4228125,496.6019491,84.73459507,39.07455891,,Tokyo inbound,4,宮城県,496.6019491,40.4228125,39.07455891,84.73459507
5,秋田県,13,東京都,3,日用品,15.03839519,27.42079072,0.0,7.371428571,,Tokyo inbound,5,秋田県,27.42079072,15.03839519,7.371428571,0.0
6,山形県,13,東京都,3,日用品,21.07878616,133.6289031,0.0,37.90989011,,Tokyo inbound,6,山形県,133.6289031,21.07878616,37.90989011,0.0
7,福島県,13,東京都,3,日用品,2.309686968,51.63514148,0.0,19.99285714,,Tokyo inbound,7,福島県,51.63514148,2.309686968,19.99285714,0.0
8,茨城県,13,東京都,3,日用品,861.8250374,262.0283287,218.3424021,47.03698923,,Tokyo inbound,8,茨城県,262.0283287,861.8250374,47.03698923,218.3424021
9,栃木県,13,東京都,3,日用品,163.4823562,418.4135439,0.0,41.84751952,,Tokyo inbound,9,栃木県,418.4135439,163.4823562,41.84751952,0.0
10,群馬県,13,東京都,3,日用品,0.159648886,426.8422624,0.0,28.90691244,,Tokyo inbound,10,群馬県,426.8422624,0.159648886,28.90691244,0.0
11,埼玉県,13,東京都,3,日用品,3014.67344,1274.86815,3047.138197,288.5436826,,Tokyo inbound,11,埼玉県,1274.86815,3014.67344,288.5436826,3047.138197
12,千葉県,13,東京都,3,日用品,2234.912805,1739.685228,753.3119384,353.1201463,,Tokyo inbound,12,千葉県,1739.685228,2234.912805,353.1201463,753.3119384
13,東京都,1,北海道,3,日用品,55.29061404,141.5945587,176.0453471,6.857142857,,Tokyo outbound,1,北海道,55.29061404,141.5945587,176.0453471,6.857142857
13,東京都,2,青森県,3,日用品,0.723762438,0.17199075,17.95156517,0.0,,Tokyo outbound,2,青森県,0.723762438,0.17199075,17.95156517,0.0
13,東京都,3,岩手県,3,日用品,0.630408663,1.089637363,14.74285714,0.0,,Tokyo outbound,3,岩手県,0.630408663,1.089637363,14.74285714,0.0
13,東京都,4,宮城県,3,日用品,496.6019491,40.4228125,39.07455891,84.73459507,,Tokyo outbound,4,宮城県,496.6019491,40.4228125,39.07455891,84.73459507
13,東京都,5,秋田県,3,日用品,27.42079072,15.03839519,7.371428571,0.0,,Tokyo outbound,5,秋田県,27.42079072,15.03839519,7.371428571,0.0
13,東京都,6,山形県,3,日用品,133.6289031,21.07878616,37.90989011,0.0,,Tokyo outbound,6,山形県,133.6289031,21.07878616,37.90989011,0.0
13,東京都,7,福島県,3,日用品,51.63514148,2.309686968,19.99285714,0.0,,Tokyo outbound,7,福島県,51.63514148,2.309686968,19.99285714,0.0
13,東京都,8,茨城県,3,日用品,262.0283287,861.8250374,47.03698923,218.3424021,,Tokyo outbound,8,茨城県,262.0283287,861.8250374,47.03698923,218.3424021
13,東京都,9,栃木県,3,日用品,418.4135439,163.4823562,41.84751952,0.0,,Tokyo outbound,9,栃木県,418.4135439,163.4823562,41.84751952,0.0
13,東京都,10,群馬県,3,日用品,426.8422624,0.159648886,28.90691244,0.0,,Tokyo outbound,10,群馬県,426.8422624,0.159648886,28.90691244,0.0
13,東京都,11,埼玉県,3,日用品,1274.86815,3014.67344,288.5436826,3047.138197,,Tokyo outbound,11,埼玉県,1274.86815,3014.67344,288.5436826,3047.138197
13,東京都,12,千葉県,3,日用品,1739.685228,2234.912805,353.1201463,753.3119384,,Tokyo outbound,12,千葉県,1739.685228,2234.912805,353.1201463,753.3119384
13,東京都,13,東京都,3,日用品,27041.51483,27041.51483,4809.413023,4809.413023,,Tokyo outbound,13,東京都,27041.51483,27041.51483,4809.413023,4809.413023
13,東京都,14,神奈川県,3,日用品,1682.530422,4643.562583,502.231994,656.8676648,,Tokyo outbound,14,神奈川県,1682.530422,4643.562583,502.231994,656.8676648
13,東京都,15,新潟県,3,日用品,45.17079958,47.22081597,23.87532468,0.0,,Tokyo outbound,15,新潟県,45.17079958,47.22081597,23.87532468,0.0
13,東京都,16,富山県,3,日用品,0.776475177,0.003923077,11.04025974,0.0,,Tokyo outbound,16,富山県,0.776475177,0.003923077,11.04025974,0.0
13,東京都,17,石川県,3,日用品,1.047067929,107.9807213,7.371428571,7.230769231,,Tokyo outbound,17,石川県,1.047067929,107.9807213,7.371428571,7.230769231
13,東京都,18,福井県,3,日用品,2.01162315,9.589432833,3.685714286,0.0,,Tokyo outbound,18,福井県,2.01162315,9.589432833,3.685714286,0.0
13,東京都,19,山梨県,3,日用品,131.592314,0.634891851,5.569230769,0.0,,Tokyo outbound,19,山梨県,131.592314,0.634891851,5.569230769,0.0
13,東京都,20,長野県,3,日用品,69.94391056,27.52265614,4.272727273,0.0,,Tokyo outbound,20,長野県,69.94391056,27.52265614,4.272727273,0.0
13,東京都,21,岐阜県,3,日用品,62.84611197,126.1314807,7.371428571,0.0,,Tokyo outbound,21,岐阜県,62.84611197,126.1314807,7.371428571,0.0
13,東京都,22,静岡県,3,日用品,110.9363393,154.0740091,54.51374645,4.272727273,,Tokyo outbound,22,静岡県,110.9363393,154.0740091,54.51374645,4.272727273
13,東京都,23,愛知県,3,日用品,243.0544049,259.2111104,74.90735265,32.49350649,,Tokyo outbound,23,愛知県,243.0544049,259.2111104,74.90735265,32.49350649
13,東京都,24,三重県,3,日用品,0.626328516,81.45709841,3.685714286,0.0,,Tokyo outbound,24,三重県,0.626328516,81.45709841,3.685714286,0.0
13,東京都,25,滋賀県,3,日用品,0.160221519,127.6067283,0.0,6.3,,Tokyo outbound,25,滋賀県,0.160221519,127.6067283,0.0,6.3
13,東京都,26,京都府,3,日用品,72.83683625,187.2282779,35.00519481,55.35421888,,Tokyo outbound,26,京都府,72.83683625,187.2282779,35.00519481,55.35421888
13,東京都,27,大阪府,3,日用品,359.1514035,687.9788673,39.98241758,28.41428571,,Tokyo outbound,27,大阪府,359.1514035,687.9788673,39.98241758,28.41428571
13,東京都,28,兵庫県,3,日用品,107.7939977,95.83109078,31.13256113,6.857142857,,Tokyo outbound,28,兵庫県,107.7939977,95.83109078,31.13256113,6.857142857
13,東京都,29,奈良県,3,日用品,0.678478414,40.50298681,7.371428571,0.0,,Tokyo outbound,29,奈良県,0.678478414,40.50298681,7.371428571,0.0
13,東京都,30,和歌山県,3,日用品,0.193423002,176.2688245,3.685714286,0.0,,Tokyo outbound,30,和歌山県,0.193423002,176.2688245,3.685714286,0.0
13,東京都,31,鳥取県,3,日用品,0.944725926,0.0,7.371428571,0.0,,Tokyo outbound,31,鳥取県,0.944725926,0.0,7.371428571,0.0
13,東京都,32,島根県,3,日用品,0.357514286,0.019561404,3.685714286,0.0,,Tokyo outbound,32,島根県,0.357514286,0.019561404,3.685714286,0.0
13,東京都,33,岡山県,3,日用品,3.259191978,147.7487298,7.371428571,0.0,,Tokyo outbound,33,岡山県,3.259191978,147.7487298,7.371428571,0.0
13,東京都,34,広島県,3,日用品,2.829395506,12.45675222,22.11428571,0.0,,Tokyo outbound,34,広島県,2.829395506,12.45675222,22.11428571,0.0
13,東京都,35,山口県,3,日用品,2.775719212,0.04024467,11.05714286,0.0,,Tokyo outbound,35,山口県,2.775719212,0.04024467,11.05714286,0.0
13,東京都,36,徳島県,3,日用品,0.120544223,0.482609562,3.685714286,0.0,,Tokyo outbound,36,徳島県,0.120544223,0.482609562,3.685714286,0.0
13,東京都,37,香川県,3,日用品,0.129,0.0,3.685714286,0.0,,Tokyo outbound,37,香川県,0.129,0.0,3.685714286,0.0
13,東京都,38,愛媛県,3,日用品,3.264207239,0.0,11.05714286,0.0,,Tokyo outbound,38,愛媛県,3.264207239,0.0,11.05714286,0.0
13,東京都,39,高知県,3,日用品,0.048497076,0.019561404,0.0,0.0,,Tokyo outbound,39,高知県,0.048497076,0.019561404,0.0,0.0
13,東京都,40,福岡県,3,日用品,43.72840368,215.997739,43.71428571,6.857142857,,Tokyo outbound,40,福岡県,43.72840368,215.997739,43.71428571,6.857142857
13,東京都,41,佐賀県,3,日用品,4.94392153,0.367727273,16.86785714,0.0,,Tokyo outbound,41,佐賀県,4.94392153,0.367727273,16.86785714,0.0
13,東京都,42,長崎県,3,日用品,1.008782418,3.462981965,14.74285714,0.0,,Tokyo outbound,42,長崎県,1.008782418,3.462981965,14.74285714,0.0
13,東京都,43,熊本県,3,日用品,0.865277574,0.022923077,14.74285714,0.0,,Tokyo outbound,43,熊本県,0.865277574,0.022923077,14.74285714,0.0
13,東京都,44,大分県,3,日用品,0.905366138,0.136829268,7.371428571,0.0,,Tokyo outbound,44,大分県,0.905366138,0.136829268,7.371428571,0.0
13,東京都,45,宮崎県,3,日用品,0.35009507,0.611212755,3.685714286,0.0,,Tokyo outbound,45,宮崎県,0.35009507,0.611212755,3.685714286,0.0
13,東京都,46,鹿児島県,3,日用品,0.71538729,0.003923077,7.371428571,0.0,,Tokyo outbound,46,鹿児島県,0.71538729,0.003923077,7.371428571,0.0
13,東京都,47,沖縄県,3,日用品,7.880185659,6.857142857,21.6,6.857142857,,Tokyo outbound,47,沖縄県,7.880185659,6.857142857,21.6,6.857142857
13,東京都,90,全国,3,日用品,7937.772345,84.71064059,17.74165006,48.7,,Tokyo outbound,90,全国,7937.772345,84.71064059,17.74165006,48.7
13,東京都,91,東日本,3,日用品,0.03,0.0,0.0,0.0,,Tokyo outbound,91,東日本,0.03,0.0,0.0,0.0
13,東京都,92,東北,3,日用品,13.45621622,3.06,18.32432432,0.0,,Tokyo outbound,92,東北,13.45621622,3.06,18.32432432,0.0
13,東京都,93,海外,3,日用品,124.8459706,1779.137835,0.0,0.0,,Tokyo outbound,93,海外,124.8459706,1779.137835,0.0,0.0
13,東京都,94,不特定,3,日用品,0.85,0.05,17.0,0.0,,Tokyo outbound,94,不特定,0.85,0.05,17.0,0.0
13,東京都,99,全て不明,3,日用品,69.90909091,37.52857143,9.818181818,0.0,,Tokyo outbound,99,全て不明,69.90909091,37.52857143,9.818181818,0.0
14,神奈川県,13,東京都,3,日用品,4643.562583,1682.530422,656.8676648,502.231994,,Tokyo inbound,14,神奈川県,1682.530422,4643.562583,502.231994,656.8676648
15,新潟県,13,東京都,3,日用品,47.22081597,45.17079958,0.0,23.87532468,,Tokyo inbound,15,新潟県,45.17079958,47.22081597,23.87532468,0.0
16,富山県,13,東京都,3,日用品,0.003923077,0.776475177,0.0,11.04025974,,Tokyo inbound,16,富山県,0.776475177,0.003923077,11.04025974,0.0
17,石川県,13,東京都,3,日用品,107.9807213,1.047067929,7.230769231,7.371428571,,Tokyo inbound,17,石川県,1.047067929,107.9807213,7.371428571,7.230769231
18,福井県,13,東京都,3,日用品,9.589432833,2.01162315,0.0,3.685714286,,Tokyo inbound,18,福井県,2.01162315,9.589432833,3.685714286,0.0
19,山梨県,13,東京都,3,日用品,0.634891851,131.592314,0.0,5.569230769,,Tokyo inbound,19,山梨県,131.592314,0.634891851,5.569230769,0.0
20,長野県,13,東京都,3,日用品,27.52265614,69.94391056,0.0,4.272727273,,Tokyo inbound,20,長野県,69.94391056,27.52265614,4.272727273,0.0
21,岐阜県,13,東京都,3,日用品,126.1314807,62.84611197,0.0,7.371428571,,Tokyo inbound,21,岐阜県,62.84611197,126.1314807,7.371428571,0.0
22,静岡県,13,東京都,3,日用品,154.0740091,110.9363393,4.272727273,54.51374645,,Tokyo inbound,22,静岡県,110.9363393,154.0740091,54.51374645,4.272727273
23,愛知県,13,東京都,3,日用品,259.2111104,243.0544049,32.49350649,74.90735265,,Tokyo inbound,23,愛知県,243.0544049,259.2111104,74.90735265,32.49350649
24,三重県,13,東京都,3,日用品,81.45709841,0.626328516,0.0,3.685714286,,Tokyo inbound,24,三重県,0.626328516,81.45709841,3.685714286,0.0
25,滋賀県,13,東京都,3,日用品,127.6067283,0.160221519,6.3,0.0,,Tokyo inbound,25,滋賀県,0.160221519,127.6067283,0.0,6.3
26,京都府,13,東京都,3,日用品,187.2282779,72.83683625,55.35421888,35.00519481,,Tokyo inbound,26,京都府,72.83683625,187.2282779,35.00519481,55.35421888
27,大阪府,13,東京都,3,日用品,687.9788673,359.1514035,28.41428571,39.98241758,,Tokyo inbound,27,大阪府,359.1514035,687.9788673,39.98241758,28.41428571
28,兵庫県,13,東京都,3,日用品,95.83109078,107.7939977,6.857142857,31.13256113,,Tokyo inbound,28,兵庫県,107.7939977,95.83109078,31.13256113,6.857142857
29,奈良県,13,東京都,3,日用品,40.50298681,0.678478414,0.0,7.371428571,,Tokyo inbound,29,奈良県,0.678478414,40.50298681,7.371428571,0.0
30,和歌山県,13,東京都,3,日用品,176.2688245,0.193423002,0.0,3.685714286,,Tokyo inbound,30,和歌山県,0.193423002,176.2688245,3.685714286,0.0
31,鳥取県,13,東京都,3,日用品,0.0,0.944725926,0.0,7.371428571,,Tokyo inbound,31,鳥取県,0.944725926,0.0,7.371428571,0.0
32,島根県,13,東京都,3,日用品,0.019561404,0.357514286,0.0,3.685714286,,Tokyo inbound,32,島根県,0.357514286,0.019561404,3.685714286,0.0
33,岡山県,13,東京都,3,日用品,147.7487298,3.259191978,0.0,7.371428571,,Tokyo inbound,33,岡山県,3.259191978,147.7487298,7.371428571,0.0
34,広島県,13,東京都,3,日用品,12.45675222,2.829395506,0.0,22.11428571,,Tokyo inbound,34,広島県,2.829395506,12.45675222,22.11428571,0.0
35,山口県,13,東京都,3,日用品,0.04024467,2.775719212,0.0,11.05714286,,Tokyo inbound,35,山口県,2.775719212,0.04024467,11.05714286,0.0
36,徳島県,13,東京都,3,日用品,0.482609562,0.120544223,0.0,3.685714286,,Tokyo inbound,36,徳島県,0.120544223,0.482609562,3.685714286,0.0
37,香川県,13,東京都,3,日用品,0.0,0.129,0.0,3.685714286,,Tokyo inbound,37,香川県,0.129,0.0,3.685714286,0.0
38,愛媛県,13,東京都,3,日用品,0.0,3.264207239,0.0,11.05714286,,Tokyo inbound,38,愛媛県,3.264207239,0.0,11.05714286,0.0
39,高知県,13,東京都,3,日用品,0.019561404,0.048497076,0.0,0.0,,Tokyo inbound,39,高知県,0.048497076,0.019561404,0.0,0.0
40,福岡県,13,東京都,3,日用品,215.997739,43.72840368,6.857142857,43.71428571,,Tokyo inbound,40,福岡県,43.72840368,215.997739,43.71428571,6.857142857
41,佐賀県,13,東京都,3,日用品,0.367727273,4.94392153,0.0,16.86785714,,Tokyo inbound,41,佐賀県,4.94392153,0.367727273,16.86785714,0.0
42,長崎県,13,東京都,3,日用品,3.462981965,1.008782418,0.0,14.74285714,,Tokyo inbound,42,長崎県,1.008782418,3.462981965,14.74285714,0.0
43,熊本県,13,東京都,3,日用品,0.022923077,0.865277574,0.0,14.74285714,,Tokyo inbound,43,熊本県,0.865277574,0.022923077,14.74285714,0.0
44,大分県,13,東京都,3,日用品,0.136829268,0.905366138,0.0,7.371428571,,Tokyo inbound,44,大分県,0.905366138,0.136829268,7.371428571,0.0
45,宮崎県,13,東京都,3,日用品,0.611212755,0.35009507,0.0,3.685714286,,Tokyo inbound,45,宮崎県,0.35009507,0.611212755,3.685714286,0.0
46,鹿児島県,13,東京都,3,日用品,0.003923077,0.71538729,0.0,7.371428571,,Tokyo inbound,46,鹿児島県,0.71538729,0.003923077,7.371428571,0.0
47,沖縄県,13,東京都,3,日用品,6.857142857,7.880185659,6.857142857,21.6,,Tokyo inbound,47,沖縄県,7.880185659,6.857142857,21.6,6.857142857
90,全国,13,東京都,3,日用品,84.71064059,7937.772345,48.7,17.74165006,,Tokyo inbound,90,全国,7937.772345,84.71064059,17.74165006,48.7
91,東日本,13,東京都,3,日用品,0.0,0.03,0.0,0.0,,Tokyo inbound,91,東日本,0.03,0.0,0.0,0.0
92,東北,13,東京都,3,日用品,3.06,13.45621622,0.0,18.32432432,,Tokyo inbound,92,東北,13.45621622,3.06,18.32432432,0.0
93,海外,13,東京都,3,日用品,1779.137835,124.8459706,0.0,0.0,,Tokyo inbound,93,海外,124.8459706,1779.137835,0.0,0.0
94,不特定,13,東京都,3,日用品,0.05,0.85,0.0,17.0,,Tokyo inbound,94,不特定,0.85,0.05,17.0,0.0
99,全て不明,13,東京都,3,日用品,37.52857143,69.90909091,0.0,9.818181818,,Tokyo inbound,99,全て不明,69.90909091,37.52857143,9.818181818,0.0
1,北海道,13,東京都,4,軽雑工業品,285.5261453,13.51420618,65.75870647,0.0,,Tokyo inbound,1,北海道,13.51420618,285.5261453,0.0,65.75870647
2,青森県,13,東京都,4,軽雑工業品,304.0833333,1.920678022,0.0,0.0,,Tokyo inbound,2,青森県,1.920678022,304.0833333,0.0,0.0
3,岩手県,13,東京都,4,軽雑工業品,46.79754861,2.090224955,0.0,0.0,,Tokyo inbound,3,岩手県,2.090224955,46.79754861,0.0,0.0
4,宮城県,13,東京都,4,軽雑工業品,4.097042741,176.3935915,4.923076923,35.47798742,,Tokyo inbound,4,宮城県,176.3935915,4.097042741,35.47798742,4.923076923
5,秋田県,13,東京都,4,軽雑工業品,45.03446265,42.88051761,0.0,21.01515152,,Tokyo inbound,5,秋田県,42.88051761,45.03446265,21.01515152,0.0
6,山形県,13,東京都,4,軽雑工業品,2.316455599,22.93881679,12.21621622,21.48894349,,Tokyo inbound,6,山形県,22.93881679,2.316455599,21.48894349,12.21621622
7,福島県,13,東京都,4,軽雑工業品,2205.552194,7.099087773,4.833333333,0.0,,Tokyo inbound,7,福島県,7.099087773,2205.552194,0.0,4.833333333
8,茨城県,13,東京都,4,軽雑工業品,6356.68751,963.7372259,1442.874663,105.5760046,,Tokyo inbound,8,茨城県,963.7372259,6356.68751,105.5760046,1442.874663
9,栃木県,13,東京都,4,軽雑工業品,1017.731415,558.5105102,23.53333333,48.76737564,,Tokyo inbound,9,栃木県,558.5105102,1017.731415,48.76737564,23.53333333
10,群馬県,13,東京都,4,軽雑工業品,72.82983584,297.7618671,0.0,54.03336838,,Tokyo inbound,10,群馬県,297.7618671,72.82983584,54.03336838,0.0
11,埼玉県,13,東京都,4,軽雑工業品,4096.083667,6523.874244,2542.07446,762.3318666,,Tokyo inbound,11,埼玉県,6523.874244,4096.083667,762.3318666,2542.07446
12,千葉県,13,東京都,4,軽雑工業品,1488.369418,1831.982657,448.734941,296.0490109,,Tokyo inbound,12,千葉県,1831.982657,1488.369418,296.0490109,448.734941
13,東京都,1,北海道,4,軽雑工業品,13.51420618,285.5261453,0.0,65.75870647,,Tokyo outbound,1,北海道,13.51420618,285.5261453,0.0,65.75870647
13,東京都,2,青森県,4,軽雑工業品,1.920678022,304.0833333,0.0,0.0,,Tokyo outbound,2,青森県,1.920678022,304.0833333,0.0,0.0
13,東京都,3,岩手県,4,軽雑工業品,2.090224955,46.79754861,0.0,0.0,,Tokyo outbound,3,岩手県,2.090224955,46.79754861,0.0,0.0
13,東京都,4,宮城県,4,軽雑工業品,176.3935915,4.097042741,35.47798742,4.923076923,,Tokyo outbound,4,宮城県,176.3935915,4.097042741,35.47798742,4.923076923
13,東京都,5,秋田県,4,軽雑工業品,42.88051761,45.03446265,21.01515152,0.0,,Tokyo outbound,5,秋田県,42.88051761,45.03446265,21.01515152,0.0
13,東京都,6,山形県,4,軽雑工業品,22.93881679,2.316455599,21.48894349,12.21621622,,Tokyo outbound,6,山形県,22.93881679,2.316455599,21.48894349,12.21621622
13,東京都,7,福島県,4,軽雑工業品,7.099087773,2205.552194,0.0,4.833333333,,Tokyo outbound,7,福島県,7.099087773,2205.552194,0.0,4.833333333
13,東京都,8,茨城県,4,軽雑工業品,963.7372259,6356.68751,105.5760046,1442.874663,,Tokyo outbound,8,茨城県,963.7372259,6356.68751,105.5760046,1442.874663
13,東京都,9,栃木県,4,軽雑工業品,558.5105102,1017.731415,48.76737564,23.53333333,,Tokyo outbound,9,栃木県,558.5105102,1017.731415,48.76737564,23.53333333
13,東京都,10,群馬県,4,軽雑工業品,297.7618671,72.82983584,54.03336838,0.0,,Tokyo outbound,10,群馬県,297.7618671,72.82983584,54.03336838,0.0
13,東京都,11,埼玉県,4,軽雑工業品,6523.874244,4096.083667,762.3318666,2542.07446,,Tokyo outbound,11,埼玉県,6523.874244,4096.083667,762.3318666,2542.07446
13,東京都,12,千葉県,4,軽雑工業品,1831.982657,1488.369418,296.0490109,448.734941,,Tokyo outbound,12,千葉県,1831.982657,1488.369418,296.0490109,448.734941
13,東京都,13,東京都,4,軽雑工業品,11006.03738,11006.03738,2011.63607,2011.63607,,Tokyo outbound,13,東京都,11006.03738,11006.03738,2011.63607,2011.63607
13,東京都,14,神奈川県,4,軽雑工業品,2135.538441,1963.3952,345.472243,532.8683355,,Tokyo outbound,14,神奈川県,2135.538441,1963.3952,345.472243,532.8683355
13,東京都,15,新潟県,4,軽雑工業品,137.4105356,232.2952398,38.00610961,0.0,,Tokyo outbound,15,新潟県,137.4105356,232.2952398,38.00610961,0.0
13,東京都,16,富山県,4,軽雑工業品,0.76325291,433.0063863,0.0,0.0,,Tokyo outbound,16,富山県,0.76325291,433.0063863,0.0,0.0
13,東京都,17,石川県,4,軽雑工業品,9.705415205,6.416528139,0.0,0.0,,Tokyo outbound,17,石川県,9.705415205,6.416528139,0.0,0.0
13,東京都,18,福井県,4,軽雑工業品,6.334839327,12.97726347,6.090909091,4.833333333,,Tokyo outbound,18,福井県,6.334839327,12.97726347,6.090909091,4.833333333
13,東京都,19,山梨県,4,軽雑工業品,55.63579499,145.305465,19.11666667,15.13181818,,Tokyo outbound,19,山梨県,55.63579499,145.305465,19.11666667,15.13181818
13,東京都,20,長野県,4,軽雑工業品,81.09243958,27.60222316,13.2013923,24.16666667,,Tokyo outbound,20,長野県,81.09243958,27.60222316,13.2013923,24.16666667
13,東京都,21,岐阜県,4,軽雑工業品,7.881918462,125.1157198,6.452830189,6.957142857,,Tokyo outbound,21,岐阜県,7.881918462,125.1157198,6.452830189,6.957142857
13,東京都,22,静岡県,4,軽雑工業品,548.1383823,353.7401838,70.06109034,6.23,,Tokyo outbound,22,静岡県,548.1383823,353.7401838,70.06109034,6.23
13,東京都,23,愛知県,4,軽雑工業品,415.0796429,1267.099582,51.62264151,80.26111111,,Tokyo outbound,23,愛知県,415.0796429,1267.099582,51.62264151,80.26111111
13,東京都,24,三重県,4,軽雑工業品,0.196506849,160.2301016,0.0,0.0,,Tokyo outbound,24,三重県,0.196506849,160.2301016,0.0,0.0
13,東京都,25,滋賀県,4,軽雑工業品,0.1320625,37.75192035,0.0,0.0,,Tokyo outbound,25,滋賀県,0.1320625,37.75192035,0.0,0.0
13,東京都,26,京都府,4,軽雑工業品,1.170873075,0.473677291,6.894422311,0.0,,Tokyo outbound,26,京都府,1.170873075,0.473677291,6.894422311,0.0
13,東京都,27,大阪府,4,軽雑工業品,77.15595571,120.3199718,25.44939966,13.04924242,,Tokyo outbound,27,大阪府,77.15595571,120.3199718,25.44939966,13.04924242
13,東京都,28,兵庫県,4,軽雑工業品,1982.17532,97.33724116,25.31085518,2.125,,Tokyo outbound,28,兵庫県,1982.17532,97.33724116,25.31085518,2.125
13,東京都,29,奈良県,4,軽雑工業品,0.006361702,0.024,0.0,0.0,,Tokyo outbound,29,奈良県,0.006361702,0.024,0.0,0.0
13,東京都,30,和歌山県,4,軽雑工業品,0.0,46.42832842,0.0,0.0,,Tokyo outbound,30,和歌山県,0.0,46.42832842,0.0,0.0
13,東京都,31,鳥取県,4,軽雑工業品,0.137888446,477.4357454,0.0,4.686567164,,Tokyo outbound,31,鳥取県,0.137888446,477.4357454,0.0,4.686567164
13,東京都,32,島根県,4,軽雑工業品,0.0,4.868397602,0.0,0.0,,Tokyo outbound,32,島根県,0.0,4.868397602,0.0,0.0
13,東京都,33,岡山県,4,軽雑工業品,8.421785807,3.460703925,0.0,0.0,,Tokyo outbound,33,岡山県,8.421785807,3.460703925,0.0,0.0
13,東京都,34,広島県,4,軽雑工業品,19.31279005,177.2894045,11.14761905,14.05970149,,Tokyo outbound,34,広島県,19.31279005,177.2894045,11.14761905,14.05970149
13,東京都,35,山口県,4,軽雑工業品,1.367585373,656.8477662,0.0,23.43283582,,Tokyo outbound,35,山口県,1.367585373,656.8477662,0.0,23.43283582
13,東京都,36,徳島県,4,軽雑工業品,1.366276464,2318.876167,0.0,180.0,,Tokyo outbound,36,徳島県,1.366276464,2318.876167,0.0,180.0
13,東京都,37,香川県,4,軽雑工業品,9.26618447,0.0,6.452830189,0.0,,Tokyo outbound,37,香川県,9.26618447,0.0,6.452830189,0.0
13,東京都,38,愛媛県,4,軽雑工業品,5.597193094,769.9127541,4.833333333,0.0,,Tokyo outbound,38,愛媛県,5.597193094,769.9127541,4.833333333,0.0
13,東京都,40,福岡県,4,軽雑工業品,5.293624217,750.1660625,0.0,9.666666667,,Tokyo outbound,40,福岡県,5.293624217,750.1660625,0.0,9.666666667
13,東京都,41,佐賀県,4,軽雑工業品,0.1229,0.0,0.0,0.0,,Tokyo outbound,41,佐賀県,0.1229,0.0,0.0,0.0
13,東京都,43,熊本県,4,軽雑工業品,75.77142857,273.9959304,6.314285714,14.05970149,,Tokyo outbound,43,熊本県,75.77142857,273.9959304,6.314285714,14.05970149
13,東京都,44,大分県,4,軽雑工業品,0.420977273,0.0,0.0,0.0,,Tokyo outbound,44,大分県,0.420977273,0.0,0.0,0.0
13,東京都,45,宮崎県,4,軽雑工業品,0.0,209.6502189,0.0,4.686567164,,Tokyo outbound,45,宮崎県,0.0,209.6502189,0.0,4.686567164
13,東京都,46,鹿児島県,4,軽雑工業品,0.0,15.51333333,0.0,0.0,,Tokyo outbound,46,鹿児島県,0.0,15.51333333,0.0,0.0
13,東京都,90,全国,4,軽雑工業品,78.71765708,10.81251342,24.92,20.78508385,,Tokyo outbound,90,全国,78.71765708,10.81251342,24.92,20.78508385
13,東京都,91,東日本,4,軽雑工業品,0.0,106.9090909,0.0,0.0,,Tokyo outbound,91,東日本,0.0,106.9090909,0.0,0.0
13,東京都,92,東北,4,軽雑工業品,0.0,70.28571429,0.0,0.0,,Tokyo outbound,92,東北,0.0,70.28571429,0.0,0.0
13,東京都,93,海外,4,軽雑工業品,4011.866257,640.3440673,11.22580645,7.870967742,,Tokyo outbound,93,海外,4011.866257,640.3440673,11.22580645,7.870967742
13,東京都,94,不特定,4,軽雑工業品,0.0,107.3886986,0.0,25.5,,Tokyo outbound,94,不特定,0.0,107.3886986,0.0,25.5
13,東京都,99,全て不明,4,軽雑工業品,246.8092346,132.6055092,7.5,0.0,,Tokyo outbound,99,全て不明,246.8092346,132.6055092,7.5,0.0
14,神奈川県,13,東京都,4,軽雑工業品,1963.3952,2135.538441,532.8683355,345.472243,,Tokyo inbound,14,神奈川県,2135.538441,1963.3952,345.472243,532.8683355
15,新潟県,13,東京都,4,軽雑工業品,232.2952398,137.4105356,0.0,38.00610961,,Tokyo inbound,15,新潟県,137.4105356,232.2952398,38.00610961,0.0
16,富山県,13,東京都,4,軽雑工業品,433.0063863,0.76325291,0.0,0.0,,Tokyo inbound,16,富山県,0.76325291,433.0063863,0.0,0.0
17,石川県,13,東京都,4,軽雑工業品,6.416528139,9.705415205,0.0,0.0,,Tokyo inbound,17,石川県,9.705415205,6.416528139,0.0,0.0
18,福井県,13,東京都,4,軽雑工業品,12.97726347,6.334839327,4.833333333,6.090909091,,Tokyo inbound,18,福井県,6.334839327,12.97726347,6.090909091,4.833333333
19,山梨県,13,東京都,4,軽雑工業品,145.305465,55.63579499,15.13181818,19.11666667,,Tokyo inbound,19,山梨県,55.63579499,145.305465,19.11666667,15.13181818
20,長野県,13,東京都,4,軽雑工業品,27.60222316,81.09243958,24.16666667,13.2013923,,Tokyo inbound,20,長野県,81.09243958,27.60222316,13.2013923,24.16666667
21,岐阜県,13,東京都,4,軽雑工業品,125.1157198,7.881918462,6.957142857,6.452830189,,Tokyo inbound,21,岐阜県,7.881918462,125.1157198,6.452830189,6.957142857
22,静岡県,13,東京都,4,軽雑工業品,353.7401838,548.1383823,6.23,70.06109034,,Tokyo inbound,22,静岡県,548.1383823,353.7401838,70.06109034,6.23
23,愛知県,13,東京都,4,軽雑工業品,1267.099582,415.0796429,80.26111111,51.62264151,,Tokyo inbound,23,愛知県,415.0796429,1267.099582,51.62264151,80.26111111
24,三重県,13,東京都,4,軽雑工業品,160.2301016,0.196506849,0.0,0.0,,Tokyo inbound,24,三重県,0.196506849,160.2301016,0.0,0.0
25,滋賀県,13,東京都,4,軽雑工業品,37.75192035,0.1320625,0.0,0.0,,Tokyo inbound,25,滋賀県,0.1320625,37.75192035,0.0,0.0
26,京都府,13,東京都,4,軽雑工業品,0.473677291,1.170873075,0.0,6.894422311,,Tokyo inbound,26,京都府,1.170873075,0.473677291,6.894422311,0.0
27,大阪府,13,東京都,4,軽雑工業品,120.3199718,77.15595571,13.04924242,25.44939966,,Tokyo inbound,27,大阪府,77.15595571,120.3199718,25.44939966,13.04924242
28,兵庫県,13,東京都,4,軽雑工業品,97.33724116,1982.17532,2.125,25.31085518,,Tokyo inbound,28,兵庫県,1982.17532,97.33724116,25.31085518,2.125
29,奈良県,13,東京都,4,軽雑工業品,0.024,0.006361702,0.0,0.0,,Tokyo inbound,29,奈良県,0.006361702,0.024,0.0,0.0
30,和歌山県,13,東京都,4,軽雑工業品,46.42832842,0.0,0.0,0.0,,Tokyo inbound,30,和歌山県,0.0,46.42832842,0.0,0.0
31,鳥取県,13,東京都,4,軽雑工業品,477.4357454,0.137888446,4.686567164,0.0,,Tokyo inbound,31,鳥取県,0.137888446,477.4357454,0.0,4.686567164
32,島根県,13,東京都,4,軽雑工業品,4.868397602,0.0,0.0,0.0,,Tokyo inbound,32,島根県,0.0,4.868397602,0.0,0.0
33,岡山県,13,東京都,4,軽雑工業品,3.460703925,8.421785807,0.0,0.0,,Tokyo inbound,33,岡山県,8.421785807,3.460703925,0.0,0.0
34,広島県,13,東京都,4,軽雑工業品,177.2894045,19.31279005,14.05970149,11.14761905,,Tokyo inbound,34,広島県,19.31279005,177.2894045,11.14761905,14.05970149
35,山口県,13,東京都,4,軽雑工業品,656.8477662,1.367585373,23.43283582,0.0,,Tokyo inbound,35,山口県,1.367585373,656.8477662,0.0,23.43283582
36,徳島県,13,東京都,4,軽雑工業品,2318.876167,1.366276464,180.0,0.0,,Tokyo inbound,36,徳島県,1.366276464,2318.876167,0.0,180.0
37,香川県,13,東京都,4,軽雑工業品,0.0,9.26618447,0.0,6.452830189,,Tokyo inbound,37,香川県,9.26618447,0.0,6.452830189,0.0
38,愛媛県,13,東京都,4,軽雑工業品,769.9127541,5.597193094,0.0,4.833333333,,Tokyo inbound,38,愛媛県,5.597193094,769.9127541,4.833333333,0.0
40,福岡県,13,東京都,4,軽雑工業品,750.1660625,5.293624217,9.666666667,0.0,,Tokyo inbound,40,福岡県,5.293624217,750.1660625,0.0,9.666666667
41,佐賀県,13,東京都,4,軽雑工業品,0.0,0.1229,0.0,0.0,,Tokyo inbound,41,佐賀県,0.1229,0.0,0.0,0.0
43,熊本県,13,東京都,4,軽雑工業品,273.9959304,75.77142857,14.05970149,6.314285714,,Tokyo inbound,43,熊本県,75.77142857,273.9959304,6.314285714,14.05970149
44,大分県,13,東京都,4,軽雑工業品,0.0,0.420977273,0.0,0.0,,Tokyo inbound,44,大分県,0.420977273,0.0,0.0,0.0
45,宮崎県,13,東京都,4,軽雑工業品,209.6502189,0.0,4.686567164,0.0,,Tokyo inbound,45,宮崎県,0.0,209.6502189,0.0,4.686567164
46,鹿児島県,13,東京都,4,軽雑工業品,15.51333333,0.0,0.0,0.0,,Tokyo inbound,46,鹿児島県,0.0,15.51333333,0.0,0.0
90,全国,13,東京都,4,軽雑工業品,10.81251342,78.71765708,20.78508385,24.92,,Tokyo inbound,90,全国,78.71765708,10.81251342,24.92,20.78508385
91,東日本,13,東京都,4,軽雑工業品,106.9090909,0.0,0.0,0.0,,Tokyo inbound,91,東日本,0.0,106.9090909,0.0,0.0
92,東北,13,東京都,4,軽雑工業品,70.28571429,0.0,0.0,0.0,,Tokyo inbound,92,東北,0.0,70.28571429,0.0,0.0
93,海外,13,東京都,4,軽雑工業品,640.3440673,4011.866257,7.870967742,11.22580645,,Tokyo inbound,93,海外,4011.866257,640.3440673,11.22580645,7.870967742
94,不特定,13,東京都,4,軽雑工業品,107.3886986,0.0,25.5,0.0,,Tokyo inbound,94,不特定,0.0,107.3886986,0.0,25.5
99,全て不明,13,東京都,4,軽雑工業品,132.6055092,246.8092346,0.0,7.5,,Tokyo inbound,99,全て不明,246.8092346,132.6055092,7.5,0.0
1,北海道,13,東京都,5,林鉱産品,950.2668205,89.71687653,0.0,4.686567164,,Tokyo inbound,1,北海道,89.71687653,950.2668205,4.686567164,0.0
2,青森県,13,東京都,5,林鉱産品,2900.0,38.671875,0.0,38.671875,,Tokyo inbound,2,青森県,38.671875,2900.0,38.671875,0.0
3,岩手県,13,東京都,5,林鉱産品,0.0,6.161590909,0.0,0.0,,Tokyo inbound,3,岩手県,6.161590909,0.0,0.0,0.0
4,宮城県,13,東京都,5,林鉱産品,0.0,0.994090909,0.0,0.0,,Tokyo inbound,4,宮城県,0.994090909,0.0,0.0,0.0
6,山形県,13,東京都,5,林鉱産品,36.66666667,15.46875,0.0,0.0,,Tokyo inbound,6,山形県,15.46875,36.66666667,0.0,0.0
7,福島県,13,東京都,5,林鉱産品,232.9164681,133.3333333,3.935483871,10.0,,Tokyo inbound,7,福島県,133.3333333,232.9164681,10.0,3.935483871
8,茨城県,13,東京都,5,林鉱産品,1177.841619,176.5007865,105.4726631,67.58614865,,Tokyo inbound,8,茨城県,176.5007865,1177.841619,67.58614865,105.4726631
9,栃木県,13,東京都,5,林鉱産品,3601.533233,272.4703371,0.0,33.32589286,,Tokyo inbound,9,栃木県,272.4703371,3601.533233,33.32589286,0.0
10,群馬県,13,東京都,5,林鉱産品,1.988181818,267.0,0.0,17.8,,Tokyo inbound,10,群馬県,267.0,1.988181818,17.8,0.0
11,埼玉県,13,東京都,5,林鉱産品,14992.80676,5989.051378,1693.143526,187.4051903,,Tokyo inbound,11,埼玉県,5989.051378,14992.80676,187.4051903,1693.143526
12,千葉県,13,東京都,5,林鉱産品,2434.135781,1341.136358,156.9876812,18.32432432,,Tokyo inbound,12,千葉県,1341.136358,2434.135781,18.32432432,156.9876812
13,東京都,1,北海道,5,林鉱産品,89.71687653,950.2668205,4.686567164,0.0,,Tokyo outbound,1,北海道,89.71687653,950.2668205,4.686567164,0.0
13,東京都,2,青森県,5,林鉱産品,38.671875,2900.0,38.671875,0.0,,Tokyo outbound,2,青森県,38.671875,2900.0,38.671875,0.0
13,東京都,3,岩手県,5,林鉱産品,6.161590909,0.0,0.0,0.0,,Tokyo outbound,3,岩手県,6.161590909,0.0,0.0,0.0
13,東京都,4,宮城県,5,林鉱産品,0.994090909,0.0,0.0,0.0,,Tokyo outbound,4,宮城県,0.994090909,0.0,0.0,0.0
13,東京都,6,山形県,5,林鉱産品,15.46875,36.66666667,0.0,0.0,,Tokyo outbound,6,山形県,15.46875,36.66666667,0.0,0.0
13,東京都,7,福島県,5,林鉱産品,133.3333333,232.9164681,10.0,3.935483871,,Tokyo outbound,7,福島県,133.3333333,232.9164681,10.0,3.935483871
13,東京都,8,茨城県,5,林鉱産品,176.5007865,1177.841619,67.58614865,105.4726631,,Tokyo outbound,8,茨城県,176.5007865,1177.841619,67.58614865,105.4726631
13,東京都,9,栃木県,5,林鉱産品,272.4703371,3601.533233,33.32589286,0.0,,Tokyo outbound,9,栃木県,272.4703371,3601.533233,33.32589286,0.0
13,東京都,10,群馬県,5,林鉱産品,267.0,1.988181818,17.8,0.0,,Tokyo outbound,10,群馬県,267.0,1.988181818,17.8,0.0
13,東京都,11,埼玉県,5,林鉱産品,5989.051378,14992.80676,187.4051903,1693.143526,,Tokyo outbound,11,埼玉県,5989.051378,14992.80676,187.4051903,1693.143526
13,東京都,12,千葉県,5,林鉱産品,1341.136358,2434.135781,18.32432432,156.9876812,,Tokyo outbound,12,千葉県,1341.136358,2434.135781,18.32432432,156.9876812
13,東京都,13,東京都,5,林鉱産品,54827.48327,54827.48327,6645.286354,6645.286354,,Tokyo outbound,13,東京都,54827.48327,54827.48327,6645.286354,6645.286354
13,東京都,14,神奈川県,5,林鉱産品,10442.47911,1241.25969,201.6750184,81.09606523,,Tokyo outbound,14,神奈川県,10442.47911,1241.25969,201.6750184,81.09606523
13,東京都,15,新潟県,5,林鉱産品,0.029418182,0.198818182,0.0,0.0,,Tokyo outbound,15,新潟県,0.029418182,0.198818182,0.0,0.0
13,東京都,16,富山県,5,林鉱産品,309.375,0.0,309.375,0.0,,Tokyo outbound,16,富山県,309.375,0.0,309.375,0.0
13,東京都,17,石川県,5,林鉱産品,0.066272727,0.0,0.0,0.0,,Tokyo outbound,17,石川県,0.066272727,0.0,0.0,0.0
13,東京都,18,福井県,5,林鉱産品,0.0945,34.03069231,0.0,0.0,,Tokyo outbound,18,福井県,0.0945,34.03069231,0.0,0.0
13,東京都,19,山梨県,5,林鉱産品,347.7852268,24.64586422,0.0,0.0,,Tokyo outbound,19,山梨県,347.7852268,24.64586422,0.0,0.0
13,東京都,20,長野県,5,林鉱産品,15.5,0.0,0.0,0.0,,Tokyo outbound,20,長野県,15.5,0.0,0.0,0.0
13,東京都,21,岐阜県,5,林鉱産品,15.46875,0.0,15.46875,0.0,,Tokyo outbound,21,岐阜県,15.46875,0.0,15.46875,0.0
13,東京都,22,静岡県,5,林鉱産品,191.7681329,0.0,4.064516129,0.0,,Tokyo outbound,22,静岡県,191.7681329,0.0,4.064516129,0.0
13,東京都,23,愛知県,5,林鉱産品,2.684465909,48.70821678,7.734375,0.0,,Tokyo outbound,23,愛知県,2.684465909,48.70821678,7.734375,0.0
13,東京都,24,三重県,5,林鉱産品,0.0,466.6666667,0.0,0.0,,Tokyo outbound,24,三重県,0.0,466.6666667,0.0,0.0
13,東京都,25,滋賀県,5,林鉱産品,0.0,7.333333333,0.0,0.0,,Tokyo outbound,25,滋賀県,0.0,7.333333333,0.0,0.0
13,東京都,26,京都府,5,林鉱産品,0.121428571,0.0,0.0,0.0,,Tokyo outbound,26,京都府,0.121428571,0.0,0.0,0.0
13,東京都,27,大阪府,5,林鉱産品,37.38540879,68.25929371,0.0,0.0,,Tokyo outbound,27,大阪府,37.38540879,68.25929371,0.0,0.0
13,東京都,34,広島県,5,林鉱産品,0.393663636,0.0,0.0,0.0,,Tokyo outbound,34,広島県,0.393663636,0.0,0.0,0.0
13,東京都,35,山口県,5,林鉱産品,38.671875,0.0,38.671875,0.0,,Tokyo outbound,35,山口県,38.671875,0.0,38.671875,0.0
13,東京都,37,香川県,5,林鉱産品,0.0,1.659090909,0.0,0.0,,Tokyo outbound,37,香川県,0.0,1.659090909,0.0,0.0
13,東京都,39,高知県,5,林鉱産品,0.0,2333.333333,0.0,0.0,,Tokyo outbound,39,高知県,0.0,2333.333333,0.0,0.0
13,東京都,40,福岡県,5,林鉱産品,0.994090909,0.0,0.0,0.0,,Tokyo outbound,40,福岡県,0.994090909,0.0,0.0,0.0
13,東京都,43,熊本県,5,林鉱産品,0.331363636,0.0,0.0,0.0,,Tokyo outbound,43,熊本県,0.331363636,0.0,0.0,0.0
13,東京都,44,大分県,5,林鉱産品,0.0,2879.978,0.0,0.0,,Tokyo outbound,44,大分県,0.0,2879.978,0.0,0.0
13,東京都,45,宮崎県,5,林鉱産品,15.46875,0.0,15.46875,0.0,,Tokyo outbound,45,宮崎県,15.46875,0.0,15.46875,0.0
13,東京都,46,鹿児島県,5,林鉱産品,10.0,0.0,0.0,0.0,,Tokyo outbound,46,鹿児島県,10.0,0.0,0.0,0.0
13,東京都,47,沖縄県,5,林鉱産品,0.066272727,0.0,0.0,0.0,,Tokyo outbound,47,沖縄県,0.066272727,0.0,0.0,0.0
13,東京都,90,全国,5,林鉱産品,206.9468182,715.942,0.0,0.0,,Tokyo outbound,90,全国,206.9468182,715.942,0.0,0.0
13,東京都,93,海外,5,林鉱産品,147.7777778,3809.132617,0.0,105.5555556,,Tokyo outbound,93,海外,147.7777778,3809.132617,0.0,105.5555556
13,東京都,99,全て不明,5,林鉱産品,0.0,626.96875,0.0,0.0,,Tokyo outbound,99,全て不明,0.0,626.96875,0.0,0.0
14,神奈川県,13,東京都,5,林鉱産品,1241.25969,10442.47911,81.09606523,201.6750184,,Tokyo inbound,14,神奈川県,10442.47911,1241.25969,201.6750184,81.09606523
15,新潟県,13,東京都,5,林鉱産品,0.198818182,0.029418182,0.0,0.0,,Tokyo inbound,15,新潟県,0.029418182,0.198818182,0.0,0.0
16,富山県,13,東京都,5,林鉱産品,0.0,309.375,0.0,309.375,,Tokyo inbound,16,富山県,309.375,0.0,309.375,0.0
17,石川県,13,東京都,5,林鉱産品,0.0,0.066272727,0.0,0.0,,Tokyo inbound,17,石川県,0.066272727,0.0,0.0,0.0
18,福井県,13,東京都,5,林鉱産品,34.03069231,0.0945,0.0,0.0,,Tokyo inbound,18,福井県,0.0945,34.03069231,0.0,0.0
19,山梨県,13,東京都,5,林鉱産品,24.64586422,347.7852268,0.0,0.0,,Tokyo inbound,19,山梨県,347.7852268,24.64586422,0.0,0.0
20,長野県,13,東京都,5,林鉱産品,0.0,15.5,0.0,0.0,,Tokyo inbound,20,長野県,15.5,0.0,0.0,0.0
21,岐阜県,13,東京都,5,林鉱産品,0.0,15.46875,0.0,15.46875,,Tokyo inbound,21,岐阜県,15.46875,0.0,15.46875,0.0
22,静岡県,13,東京都,5,林鉱産品,0.0,191.7681329,0.0,4.064516129,,Tokyo inbound,22,静岡県,191.7681329,0.0,4.064516129,0.0
23,愛知県,13,東京都,5,林鉱産品,48.70821678,2.684465909,0.0,7.734375,,Tokyo inbound,23,愛知県,2.684465909,48.70821678,7.734375,0.0
24,三重県,13,東京都,5,林鉱産品,466.6666667,0.0,0.0,0.0,,Tokyo inbound,24,三重県,0.0,466.6666667,0.0,0.0
25,滋賀県,13,東京都,5,林鉱産品,7.333333333,0.0,0.0,0.0,,Tokyo inbound,25,滋賀県,0.0,7.333333333,0.0,0.0
26,京都府,13,東京都,5,林鉱産品,0.0,0.121428571,0.0,0.0,,Tokyo inbound,26,京都府,0.121428571,0.0,0.0,0.0
27,大阪府,13,東京都,5,林鉱産品,68.25929371,37.38540879,0.0,0.0,,Tokyo inbound,27,大阪府,37.38540879,68.25929371,0.0,0.0
34,広島県,13,東京都,5,林鉱産品,0.0,0.393663636,0.0,0.0,,Tokyo inbound,34,広島県,0.393663636,0.0,0.0,0.0
35,山口県,13,東京都,5,林鉱産品,0.0,38.671875,0.0,38.671875,,Tokyo inbound,35,山口県,38.671875,0.0,38.671875,0.0
37,香川県,13,東京都,5,林鉱産品,1.659090909,0.0,0.0,0.0,,Tokyo inbound,37,香川県,0.0,1.659090909,0.0,0.0
39,高知県,13,東京都,5,林鉱産品,2333.333333,0.0,0.0,0.0,,Tokyo inbound,39,高知県,0.0,2333.333333,0.0,0.0
40,福岡県,13,東京都,5,林鉱産品,0.0,0.994090909,0.0,0.0,,Tokyo inbound,40,福岡県,0.994090909,0.0,0.0,0.0
43,熊本県,13,東京都,5,林鉱産品,0.0,0.331363636,0.0,0.0,,Tokyo inbound,43,熊本県,0.331363636,0.0,0.0,0.0
44,大分県,13,東京都,5,林鉱産品,2879.978,0.0,0.0,0.0,,Tokyo inbound,44,大分県,0.0,2879.978,0.0,0.0
45,宮崎県,13,東京都,5,林鉱産品,0.0,15.46875,0.0,15.46875,,Tokyo inbound,45,宮崎県,15.46875,0.0,15.46875,0.0
46,鹿児島県,13,東京都,5,林鉱産品,0.0,10.0,0.0,0.0,,Tokyo inbound,46,鹿児島県,10.0,0.0,0.0,0.0
47,沖縄県,13,東京都,5,林鉱産品,0.0,0.066272727,0.0,0.0,,Tokyo inbound,47,沖縄県,0.066272727,0.0,0.0,0.0
90,全国,13,東京都,5,林鉱産品,715.942,206.9468182,0.0,0.0,,Tokyo inbound,90,全国,206.9468182,715.942,0.0,0.0
93,海外,13,東京都,5,林鉱産品,3809.132617,147.7777778,105.5555556,0.0,,Tokyo inbound,93,海外,147.7777778,3809.132617,0.0,105.5555556
99,全て不明,13,東京都,5,林鉱産品,626.96875,0.0,0.0,0.0,,Tokyo inbound,99,全て不明,0.0,626.96875,0.0,0.0
1,北海道,13,東京都,6,金属工業品,1106.885505,5.042785207,0.0,128.0,,Tokyo inbound,1,北海道,5.042785207,1106.885505,128.0,0.0
2,青森県,13,東京都,6,金属工業品,3.930136986,12.74267792,0.0,28.0,,Tokyo inbound,2,青森県,12.74267792,3.930136986,28.0,0.0
3,岩手県,13,東京都,6,金属工業品,1.393060629,52.90072902,6.179104478,24.0,,Tokyo inbound,3,岩手県,52.90072902,1.393060629,24.0,6.179104478
4,宮城県,13,東京都,6,金属工業品,0.687212699,307.1202499,0.0,72.65786479,,Tokyo inbound,4,宮城県,307.1202499,0.687212699,72.65786479,0.0
5,秋田県,13,東京都,6,金属工業品,93.69486418,61.01412465,0.0,29.13612565,,Tokyo inbound,5,秋田県,61.01412465,93.69486418,29.13612565,0.0
6,山形県,13,東京都,6,金属工業品,33.30866032,15.48293456,0.0,39.55555556,,Tokyo inbound,6,山形県,15.48293456,33.30866032,39.55555556,0.0
7,福島県,13,東京都,6,金属工業品,56.37718514,321.9919952,0.0,96.95430747,,Tokyo inbound,7,福島県,321.9919952,56.37718514,96.95430747,0.0
8,茨城県,13,東京都,6,金属工業品,5698.19687,3587.429777,1064.87279,621.9205818,,Tokyo inbound,8,茨城県,3587.429777,5698.19687,621.9205818,1064.87279
9,栃木県,13,東京都,6,金属工業品,361.200169,1585.937985,13.11949686,857.1663989,,Tokyo inbound,9,栃木県,1585.937985,361.200169,857.1663989,13.11949686
10,群馬県,13,東京都,6,金属工業品,499.1450749,3360.877973,41.3024948,1482.98505,,Tokyo inbound,10,群馬県,3360.877973,499.1450749,1482.98505,41.3024948
11,埼玉県,13,東京都,6,金属工業品,3965.981337,3464.228636,2593.456727,1958.886421,,Tokyo inbound,11,埼玉県,3464.228636,3965.981337,1958.886421,2593.456727
12,千葉県,13,東京都,6,金属工業品,10761.1529,5858.021079,997.594484,1971.277113,,Tokyo inbound,12,千葉県,5858.021079,10761.1529,1971.277113,997.594484
13,東京都,1,北海道,6,金属工業品,5.042785207,1106.885505,128.0,0.0,,Tokyo outbound,1,北海道,5.042785207,1106.885505,128.0,0.0
13,東京都,2,青森県,6,金属工業品,12.74267792,3.930136986,28.0,0.0,,Tokyo outbound,2,青森県,12.74267792,3.930136986,28.0,0.0
13,東京都,3,岩手県,6,金属工業品,52.90072902,1.393060629,24.0,6.179104478,,Tokyo outbound,3,岩手県,52.90072902,1.393060629,24.0,6.179104478
13,東京都,4,宮城県,6,金属工業品,307.1202499,0.687212699,72.65786479,0.0,,Tokyo outbound,4,宮城県,307.1202499,0.687212699,72.65786479,0.0
13,東京都,5,秋田県,6,金属工業品,61.01412465,93.69486418,29.13612565,0.0,,Tokyo outbound,5,秋田県,61.01412465,93.69486418,29.13612565,0.0
13,東京都,6,山形県,6,金属工業品,15.48293456,33.30866032,39.55555556,0.0,,Tokyo outbound,6,山形県,15.48293456,33.30866032,39.55555556,0.0
13,東京都,7,福島県,6,金属工業品,321.9919952,56.37718514,96.95430747,0.0,,Tokyo outbound,7,福島県,321.9919952,56.37718514,96.95430747,0.0
13,東京都,8,茨城県,6,金属工業品,3587.429777,5698.19687,621.9205818,1064.87279,,Tokyo outbound,8,茨城県,3587.429777,5698.19687,621.9205818,1064.87279
13,東京都,9,栃木県,6,金属工業品,1585.937985,361.200169,857.1663989,13.11949686,,Tokyo outbound,9,栃木県,1585.937985,361.200169,857.1663989,13.11949686
13,東京都,10,群馬県,6,金属工業品,3360.877973,499.1450749,1482.98505,41.3024948,,Tokyo outbound,10,群馬県,3360.877973,499.1450749,1482.98505,41.3024948
13,東京都,11,埼玉県,6,金属工業品,3464.228636,3965.981337,1958.886421,2593.456727,,Tokyo outbound,11,埼玉県,3464.228636,3965.981337,1958.886421,2593.456727
13,東京都,12,千葉県,6,金属工業品,5858.021079,10761.1529,1971.277113,997.594484,,Tokyo outbound,12,千葉県,5858.021079,10761.1529,1971.277113,997.594484
13,東京都,13,東京都,6,金属工業品,6257.16978,6257.16978,3132.604942,3132.604942,,Tokyo outbound,13,東京都,6257.16978,6257.16978,3132.604942,3132.604942
13,東京都,14,神奈川県,6,金属工業品,2629.223321,7391.645322,1962.841735,619.4396946,,Tokyo outbound,14,神奈川県,2629.223321,7391.645322,1962.841735,619.4396946
13,東京都,15,新潟県,6,金属工業品,356.8931621,231.6743425,172.9592944,16.66666667,,Tokyo outbound,15,新潟県,356.8931621,231.6743425,172.9592944,16.66666667
13,東京都,16,富山県,6,金属工業品,4.479190783,702.8120477,40.0952381,0.0,,Tokyo outbound,16,富山県,4.479190783,702.8120477,40.0952381,0.0
13,東京都,17,石川県,6,金属工業品,0.543967204,0.140869565,16.0,0.0,,Tokyo outbound,17,石川県,0.543967204,0.140869565,16.0,0.0
13,東京都,18,福井県,6,金属工業品,27.09274318,24.24997436,40.0,0.0,,Tokyo outbound,18,福井県,27.09274318,24.24997436,40.0,0.0
13,東京都,19,山梨県,6,金属工業品,153.1518187,15.27430639,78.59019515,0.0,,Tokyo outbound,19,山梨県,153.1518187,15.27430639,78.59019515,0.0
13,東京都,20,長野県,6,金属工業品,262.7295477,241.8511407,142.0904331,6.179104478,,Tokyo outbound,20,長野県,262.7295477,241.8511407,142.0904331,6.179104478
13,東京都,21,岐阜県,6,金属工業品,5.242220491,18.35934631,104.0952381,0.0,,Tokyo outbound,21,岐阜県,5.242220491,18.35934631,104.0952381,0.0
13,東京都,22,静岡県,6,金属工業品,430.0500582,158.4685755,347.5132947,6.361702128,,Tokyo outbound,22,静岡県,430.0500582,158.4685755,347.5132947,6.361702128
13,東京都,23,愛知県,6,金属工業品,322.6622077,1874.715555,204.0,26.58823529,,Tokyo outbound,23,愛知県,322.6622077,1874.715555,204.0,26.58823529
13,東京都,24,三重県,6,金属工業品,4.752869048,18.36789905,72.0,0.0,,Tokyo outbound,24,三重県,4.752869048,18.36789905,72.0,0.0
13,東京都,25,滋賀県,6,金属工業品,13.13225944,24.21010896,52.0,0.0,,Tokyo outbound,25,滋賀県,13.13225944,24.21010896,52.0,0.0
13,東京都,26,京都府,6,金属工業品,6.224923516,4.362059319,56.0,0.0,,Tokyo outbound,26,京都府,6.224923516,4.362059319,56.0,0.0
13,東京都,27,大阪府,6,金属工業品,249.1799883,1943.638071,126.2722513,4.833333333,,Tokyo outbound,27,大阪府,249.1799883,1943.638071,126.2722513,4.833333333
13,東京都,28,兵庫県,6,金属工業品,212.737768,1052.769678,84.0,5.613333333,,Tokyo outbound,28,兵庫県,212.737768,1052.769678,84.0,5.613333333
13,東京都,29,奈良県,6,金属工業品,1.94,0.141,52.0,0.0,,Tokyo outbound,29,奈良県,1.94,0.141,52.0,0.0
13,東京都,30,和歌山県,6,金属工業品,1.249,1028.39072,48.0,0.0,,Tokyo outbound,30,和歌山県,1.249,1028.39072,48.0,0.0
13,東京都,31,鳥取県,6,金属工業品,7.881856589,0.064263566,44.0,0.0,,Tokyo outbound,31,鳥取県,7.881856589,0.064263566,44.0,0.0
13,東京都,32,島根県,6,金属工業品,2.485294118,0.0,0.0,0.0,,Tokyo outbound,32,島根県,2.485294118,0.0,0.0,0.0
13,東京都,33,岡山県,6,金属工業品,3.614777618,48.991339,33.13612565,0.0,,Tokyo outbound,33,岡山県,3.614777618,48.991339,33.13612565,0.0
13,東京都,34,広島県,6,金属工業品,5.488452886,2186.564103,82.27225131,0.0,,Tokyo outbound,34,広島県,5.488452886,2186.564103,82.27225131,0.0
13,東京都,35,山口県,6,金属工業品,1.038875817,35.46833613,52.0,0.0,,Tokyo outbound,35,山口県,1.038875817,35.46833613,52.0,0.0
13,東京都,36,徳島県,6,金属工業品,0.48,0.0,12.0,0.0,,Tokyo outbound,36,徳島県,0.48,0.0,12.0,0.0
13,東京都,37,香川県,6,金属工業品,0.463777778,0.0,20.0,0.0,,Tokyo outbound,37,香川県,0.463777778,0.0,20.0,0.0
13,東京都,38,愛媛県,6,金属工業品,52.82990285,0.024494651,53.13612565,0.0,,Tokyo outbound,38,愛媛県,52.82990285,0.024494651,53.13612565,0.0
13,東京都,39,高知県,6,金属工業品,0.370888889,0.0,24.0,0.0,,Tokyo outbound,39,高知県,0.370888889,0.0,24.0,0.0
13,東京都,40,福岡県,6,金属工業品,22.04791066,4640.075267,101.1361257,186.0,,Tokyo outbound,40,福岡県,22.04791066,4640.075267,101.1361257,186.0
13,東京都,41,佐賀県,6,金属工業品,2.068546584,174.7366936,16.0,9.1375,,Tokyo outbound,41,佐賀県,2.068546584,174.7366936,16.0,9.1375
13,東京都,42,長崎県,6,金属工業品,0.502724107,0.0,41.13612565,0.0,,Tokyo outbound,42,長崎県,0.502724107,0.0,41.13612565,0.0
13,東京都,43,熊本県,6,金属工業品,7.827415413,0.0,36.0,0.0,,Tokyo outbound,43,熊本県,7.827415413,0.0,36.0,0.0
13,東京都,44,大分県,6,金属工業品,0.4705,908.3126553,36.0,5.375,,Tokyo outbound,44,大分県,0.4705,908.3126553,36.0,5.375
13,東京都,45,宮崎県,6,金属工業品,0.303019324,0.00626087,24.0,0.0,,Tokyo outbound,45,宮崎県,0.303019324,0.00626087,24.0,0.0
13,東京都,46,鹿児島県,6,金属工業品,0.567246377,0.0,24.0,0.0,,Tokyo outbound,46,鹿児島県,0.567246377,0.0,24.0,0.0
13,東京都,47,沖縄県,6,金属工業品,0.392,0.0,28.0,0.0,,Tokyo outbound,47,沖縄県,0.392,0.0,28.0,0.0
13,東京都,90,全国,6,金属工業品,145.9715713,203.4732868,55.65714286,40.63311688,,Tokyo outbound,90,全国,145.9715713,203.4732868,55.65714286,40.63311688
13,東京都,92,東北,6,金属工業品,81.6785436,45.31475906,26.50909091,26.50909091,,Tokyo outbound,92,東北,81.6785436,45.31475906,26.50909091,26.50909091
13,東京都,93,海外,6,金属工業品,74.06194297,178.6893812,0.0,0.0,,Tokyo outbound,93,海外,74.06194297,178.6893812,0.0,0.0
13,東京都,94,不特定,6,金属工業品,4.923076923,0.259006559,0.0,0.0,,Tokyo outbound,94,不特定,4.923076923,0.259006559,0.0,0.0
13,東京都,99,全て不明,6,金属工業品,71.2,68.32379515,0.0,0.0,,Tokyo outbound,99,全て不明,71.2,68.32379515,0.0,0.0
14,神奈川県,13,東京都,6,金属工業品,7391.645322,2629.223321,619.4396946,1962.841735,,Tokyo inbound,14,神奈川県,2629.223321,7391.645322,1962.841735,619.4396946
15,新潟県,13,東京都,6,金属工業品,231.6743425,356.8931621,16.66666667,172.9592944,,Tokyo inbound,15,新潟県,356.8931621,231.6743425,172.9592944,16.66666667
16,富山県,13,東京都,6,金属工業品,702.8120477,4.479190783,0.0,40.0952381,,Tokyo inbound,16,富山県,4.479190783,702.8120477,40.0952381,0.0
17,石川県,13,東京都,6,金属工業品,0.140869565,0.543967204,0.0,16.0,,Tokyo inbound,17,石川県,0.543967204,0.140869565,16.0,0.0
18,福井県,13,東京都,6,金属工業品,24.24997436,27.09274318,0.0,40.0,,Tokyo inbound,18,福井県,27.09274318,24.24997436,40.0,0.0
19,山梨県,13,東京都,6,金属工業品,15.27430639,153.1518187,0.0,78.59019515,,Tokyo inbound,19,山梨県,153.1518187,15.27430639,78.59019515,0.0
20,長野県,13,東京都,6,金属工業品,241.8511407,262.7295477,6.179104478,142.0904331,,Tokyo inbound,20,長野県,262.7295477,241.8511407,142.0904331,6.179104478
21,岐阜県,13,東京都,6,金属工業品,18.35934631,5.242220491,0.0,104.0952381,,Tokyo inbound,21,岐阜県,5.242220491,18.35934631,104.0952381,0.0
22,静岡県,13,東京都,6,金属工業品,158.4685755,430.0500582,6.361702128,347.5132947,,Tokyo inbound,22,静岡県,430.0500582,158.4685755,347.5132947,6.361702128
23,愛知県,13,東京都,6,金属工業品,1874.715555,322.6622077,26.58823529,204.0,,Tokyo inbound,23,愛知県,322.6622077,1874.715555,204.0,26.58823529
24,三重県,13,東京都,6,金属工業品,18.36789905,4.752869048,0.0,72.0,,Tokyo inbound,24,三重県,4.752869048,18.36789905,72.0,0.0
25,滋賀県,13,東京都,6,金属工業品,24.21010896,13.13225944,0.0,52.0,,Tokyo inbound,25,滋賀県,13.13225944,24.21010896,52.0,0.0
26,京都府,13,東京都,6,金属工業品,4.362059319,6.224923516,0.0,56.0,,Tokyo inbound,26,京都府,6.224923516,4.362059319,56.0,0.0
27,大阪府,13,東京都,6,金属工業品,1943.638071,249.1799883,4.833333333,126.2722513,,Tokyo inbound,27,大阪府,249.1799883,1943.638071,126.2722513,4.833333333
28,兵庫県,13,東京都,6,金属工業品,1052.769678,212.737768,5.613333333,84.0,,Tokyo inbound,28,兵庫県,212.737768,1052.769678,84.0,5.613333333
29,奈良県,13,東京都,6,金属工業品,0.141,1.94,0.0,52.0,,Tokyo inbound,29,奈良県,1.94,0.141,52.0,0.0
30,和歌山県,13,東京都,6,金属工業品,1028.39072,1.249,0.0,48.0,,Tokyo inbound,30,和歌山県,1.249,1028.39072,48.0,0.0
31,鳥取県,13,東京都,6,金属工業品,0.064263566,7.881856589,0.0,44.0,,Tokyo inbound,31,鳥取県,7.881856589,0.064263566,44.0,0.0
32,島根県,13,東京都,6,金属工業品,0.0,2.485294118,0.0,0.0,,Tokyo inbound,32,島根県,2.485294118,0.0,0.0,0.0
33,岡山県,13,東京都,6,金属工業品,48.991339,3.614777618,0.0,33.13612565,,Tokyo inbound,33,岡山県,3.614777618,48.991339,33.13612565,0.0
34,広島県,13,東京都,6,金属工業品,2186.564103,5.488452886,0.0,82.27225131,,Tokyo inbound,34,広島県,5.488452886,2186.564103,82.27225131,0.0
35,山口県,13,東京都,6,金属工業品,35.46833613,1.038875817,0.0,52.0,,Tokyo inbound,35,山口県,1.038875817,35.46833613,52.0,0.0
36,徳島県,13,東京都,6,金属工業品,0.0,0.48,0.0,12.0,,Tokyo inbound,36,徳島県,0.48,0.0,12.0,0.0
37,香川県,13,東京都,6,金属工業品,0.0,0.463777778,0.0,20.0,,Tokyo inbound,37,香川県,0.463777778,0.0,20.0,0.0
38,愛媛県,13,東京都,6,金属工業品,0.024494651,52.82990285,0.0,53.13612565,,Tokyo inbound,38,愛媛県,52.82990285,0.024494651,53.13612565,0.0
39,高知県,13,東京都,6,金属工業品,0.0,0.370888889,0.0,24.0,,Tokyo inbound,39,高知県,0.370888889,0.0,24.0,0.0
40,福岡県,13,東京都,6,金属工業品,4640.075267,22.04791066,186.0,101.1361257,,Tokyo inbound,40,福岡県,22.04791066,4640.075267,101.1361257,186.0
41,佐賀県,13,東京都,6,金属工業品,174.7366936,2.068546584,9.1375,16.0,,Tokyo inbound,41,佐賀県,2.068546584,174.7366936,16.0,9.1375
42,長崎県,13,東京都,6,金属工業品,0.0,0.502724107,0.0,41.13612565,,Tokyo inbound,42,長崎県,0.502724107,0.0,41.13612565,0.0
43,熊本県,13,東京都,6,金属工業品,0.0,7.827415413,0.0,36.0,,Tokyo inbound,43,熊本県,7.827415413,0.0,36.0,0.0
44,大分県,13,東京都,6,金属工業品,908.3126553,0.4705,5.375,36.0,,Tokyo inbound,44,大分県,0.4705,908.3126553,36.0,5.375
45,宮崎県,13,東京都,6,金属工業品,0.00626087,0.303019324,0.0,24.0,,Tokyo inbound,45,宮崎県,0.303019324,0.00626087,24.0,0.0
46,鹿児島県,13,東京都,6,金属工業品,0.0,0.567246377,0.0,24.0,,Tokyo inbound,46,鹿児島県,0.567246377,0.0,24.0,0.0
47,沖縄県,13,東京都,6,金属工業品,0.0,0.392,0.0,28.0,,Tokyo inbound,47,沖縄県,0.392,0.0,28.0,0.0
90,全国,13,東京都,6,金属工業品,203.4732868,145.9715713,40.63311688,55.65714286,,Tokyo inbound,90,全国,145.9715713,203.4732868,55.65714286,40.63311688
92,東北,13,東京都,6,金属工業品,45.31475906,81.6785436,26.50909091,26.50909091,,Tokyo inbound,92,東北,81.6785436,45.31475906,26.50909091,26.50909091
93,海外,13,東京都,6,金属工業品,178.6893812,74.06194297,0.0,0.0,,Tokyo inbound,93,海外,74.06194297,178.6893812,0.0,0.0
94,不特定,13,東京都,6,金属工業品,0.259006559,4.923076923,0.0,0.0,,Tokyo inbound,94,不特定,4.923076923,0.259006559,0.0,0.0
99,全て不明,13,東京都,6,金属工業品,68.32379515,71.2,0.0,0.0,,Tokyo inbound,99,全て不明,71.2,68.32379515,0.0,0.0
1,北海道,13,東京都,7,機械工業品,4.04684538,209.2996184,0.0,304.5836125,,Tokyo inbound,1,北海道,209.2996184,4.04684538,304.5836125,0.0
2,青森県,13,東京都,7,機械工業品,128.8751845,102.5793917,3.466666667,157.062254,,Tokyo inbound,2,青森県,102.5793917,128.8751845,157.062254,3.466666667
3,岩手県,13,東京都,7,機械工業品,1.435481012,63.47552616,0.0,84.74430531,,Tokyo inbound,3,岩手県,63.47552616,1.435481012,84.74430531,0.0
4,宮城県,13,東京都,7,機械工業品,110.8027538,161.9341842,14.52631579,223.2066487,,Tokyo inbound,4,宮城県,161.9341842,110.8027538,223.2066487,14.52631579
5,秋田県,13,東京都,7,機械工業品,0.265636469,2.458966195,0.0,34.49230769,,Tokyo inbound,5,秋田県,2.458966195,0.265636469,34.49230769,0.0
6,山形県,13,東京都,7,機械工業品,265.8717923,54.14263662,27.1125641,89.48381751,,Tokyo inbound,6,山形県,54.14263662,265.8717923,89.48381751,27.1125641
7,福島県,13,東京都,7,機械工業品,395.0822138,96.04266255,16.25964912,152.0015571,,Tokyo inbound,7,福島県,96.04266255,395.0822138,152.0015571,16.25964912
8,茨城県,13,東京都,7,機械工業品,8512.793644,1633.494902,576.6069161,276.5094808,,Tokyo inbound,8,茨城県,1633.494902,8512.793644,276.5094808,576.6069161
9,栃木県,13,東京都,7,機械工業品,699.8885634,690.0163546,69.90510823,151.1169938,,Tokyo inbound,9,栃木県,690.0163546,699.8885634,151.1169938,69.90510823
10,群馬県,13,東京都,7,機械工業品,308.1531306,667.8304976,11.62635659,144.2050386,,Tokyo inbound,10,群馬県,667.8304976,308.1531306,144.2050386,11.62635659
11,埼玉県,13,東京都,7,機械工業品,4343.723252,4114.575747,2190.629796,1472.669828,,Tokyo inbound,11,埼玉県,4114.575747,4343.723252,1472.669828,2190.629796
12,千葉県,13,東京都,7,機械工業品,6239.153434,2542.207041,576.0716974,918.763183,,Tokyo inbound,12,千葉県,2542.207041,6239.153434,918.763183,576.0716974
13,東京都,1,北海道,7,機械工業品,209.2996184,4.04684538,304.5836125,0.0,,Tokyo outbound,1,北海道,209.2996184,4.04684538,304.5836125,0.0
13,東京都,2,青森県,7,機械工業品,102.5793917,128.8751845,157.062254,3.466666667,,Tokyo outbound,2,青森県,102.5793917,128.8751845,157.062254,3.466666667
13,東京都,3,岩手県,7,機械工業品,63.47552616,1.435481012,84.74430531,0.0,,Tokyo outbound,3,岩手県,63.47552616,1.435481012,84.74430531,0.0
13,東京都,4,宮城県,7,機械工業品,161.9341842,110.8027538,223.2066487,14.52631579,,Tokyo outbound,4,宮城県,161.9341842,110.8027538,223.2066487,14.52631579
13,東京都,5,秋田県,7,機械工業品,2.458966195,0.265636469,34.49230769,0.0,,Tokyo outbound,5,秋田県,2.458966195,0.265636469,34.49230769,0.0
13,東京都,6,山形県,7,機械工業品,54.14263662,265.8717923,89.48381751,27.1125641,,Tokyo outbound,6,山形県,54.14263662,265.8717923,89.48381751,27.1125641
13,東京都,7,福島県,7,機械工業品,96.04266255,395.0822138,152.0015571,16.25964912,,Tokyo outbound,7,福島県,96.04266255,395.0822138,152.0015571,16.25964912
13,東京都,8,茨城県,7,機械工業品,1633.494902,8512.793644,276.5094808,576.6069161,,Tokyo outbound,8,茨城県,1633.494902,8512.793644,276.5094808,576.6069161
13,東京都,9,栃木県,7,機械工業品,690.0163546,699.8885634,151.1169938,69.90510823,,Tokyo outbound,9,栃木県,690.0163546,699.8885634,151.1169938,69.90510823
13,東京都,10,群馬県,7,機械工業品,667.8304976,308.1531306,144.2050386,11.62635659,,Tokyo outbound,10,群馬県,667.8304976,308.1531306,144.2050386,11.62635659
13,東京都,11,埼玉県,7,機械工業品,4114.575747,4343.723252,1472.669828,2190.629796,,Tokyo outbound,11,埼玉県,4114.575747,4343.723252,1472.669828,2190.629796
13,東京都,12,千葉県,7,機械工業品,2542.207041,6239.153434,918.763183,576.0716974,,Tokyo outbound,12,千葉県,2542.207041,6239.153434,918.763183,576.0716974
13,東京都,13,東京都,7,機械工業品,13755.97794,13755.97794,4145.533529,4145.533529,,Tokyo outbound,13,東京都,13755.97794,13755.97794,4145.533529,4145.533529
13,東京都,14,神奈川県,7,機械工業品,6111.953444,4937.740584,1239.794598,1218.357918,,Tokyo outbound,14,神奈川県,6111.953444,4937.740584,1239.794598,1218.357918
13,東京都,15,新潟県,7,機械工業品,56.57601919,69.99225273,168.5746918,0.0,,Tokyo outbound,15,新潟県,56.57601919,69.99225273,168.5746918,0.0
13,東京都,16,富山県,7,機械工業品,223.2456205,7.54817222,142.5666625,4.653846154,,Tokyo outbound,16,富山県,223.2456205,7.54817222,142.5666625,4.653846154
13,東京都,17,石川県,7,機械工業品,439.8127377,23.70143768,49.01390238,0.0,,Tokyo outbound,17,石川県,439.8127377,23.70143768,49.01390238,0.0
13,東京都,18,福井県,7,機械工業品,13.26960059,23.0,40.91866428,0.0,,Tokyo outbound,18,福井県,13.26960059,23.0,40.91866428,0.0
13,東京都,19,山梨県,7,機械工業品,416.1550352,256.4824773,90.78995943,21.6952381,,Tokyo outbound,19,山梨県,416.1550352,256.4824773,90.78995943,21.6952381
13,東京都,20,長野県,7,機械工業品,285.8223223,105.8702068,167.4320074,39.46289593,,Tokyo outbound,20,長野県,285.8223223,105.8702068,167.4320074,39.46289593
13,東京都,21,岐阜県,7,機械工業品,83.85508412,29.96945859,88.29847197,0.0,,Tokyo outbound,21,岐阜県,83.85508412,29.96945859,88.29847197,0.0
13,東京都,22,静岡県,7,機械工業品,211.5981783,394.0455211,295.2585016,30.62635659,,Tokyo outbound,22,静岡県,211.5981783,394.0455211,295.2585016,30.62635659
13,東京都,23,愛知県,7,機械工業品,640.890114,672.4266706,509.0356897,29.0671224,,Tokyo outbound,23,愛知県,640.890114,672.4266706,509.0356897,29.0671224
13,東京都,24,三重県,7,機械工業品,140.010442,322.728463,79.83038653,41.89339019,,Tokyo outbound,24,三重県,140.010442,322.728463,79.83038653,41.89339019
13,東京都,25,滋賀県,7,機械工業品,56.044997,39.73953044,59.86439463,17.99298246,,Tokyo outbound,25,滋賀県,56.044997,39.73953044,59.86439463,17.99298246
13,東京都,26,京都府,7,機械工業品,290.9676549,13.2821446,116.904451,14.52631579,,Tokyo outbound,26,京都府,290.9676549,13.2821446,116.904451,14.52631579
13,東京都,27,大阪府,7,機械工業品,2041.389855,1848.142738,470.6256272,21.91917293,,Tokyo outbound,27,大阪府,2041.389855,1848.142738,470.6256272,21.91917293
13,東京都,28,兵庫県,7,機械工業品,234.3079121,58.9466783,256.5354977,0.0,,Tokyo outbound,28,兵庫県,234.3079121,58.9466783,256.5354977,0.0
13,東京都,29,奈良県,7,機械工業品,2.231487673,421.158027,73.65128205,0.0,,Tokyo outbound,29,奈良県,2.231487673,421.158027,73.65128205,0.0
13,東京都,30,和歌山県,7,機械工業品,10.9071098,3.207523608,49.58533095,6.426356589,,Tokyo outbound,30,和歌山県,10.9071098,3.207523608,49.58533095,6.426356589
13,東京都,31,鳥取県,7,機械工業品,22.22674375,91.375,113.0902564,0.0,,Tokyo outbound,31,鳥取県,22.22674375,91.375,113.0902564,0.0
13,東京都,32,島根県,7,機械工業品,3.082807689,1.459769231,40.91866428,0.0,,Tokyo outbound,32,島根県,3.082807689,1.459769231,40.91866428,0.0
13,東京都,33,岡山県,7,機械工業品,55.98085453,100.5817046,157.0010484,6.426356589,,Tokyo outbound,33,岡山県,55.98085453,100.5817046,157.0010484,6.426356589
13,東京都,34,広島県,7,機械工業品,71.77943043,24.478614,171.4932369,0.0,,Tokyo outbound,34,広島県,71.77943043,24.478614,171.4932369,0.0
13,東京都,35,山口県,7,機械工業品,8.75807903,0.0,55.09776876,0.0,,Tokyo outbound,35,山口県,8.75807903,0.0,55.09776876,0.0
13,東京都,36,徳島県,7,機械工業品,44.13334177,0.093913044,54.53199762,0.0,,Tokyo outbound,36,徳島県,44.13334177,0.093913044,54.53199762,0.0
13,東京都,37,香川県,7,機械工業品,9.05585804,152.6169855,40.91866428,0.0,,Tokyo outbound,37,香川県,9.05585804,152.6169855,40.91866428,0.0
13,東京都,38,愛媛県,7,機械工業品,9.761176097,1.219147981,81.59007645,6.426356589,,Tokyo outbound,38,愛媛県,9.761176097,1.219147981,81.59007645,6.426356589
13,東京都,39,高知県,7,機械工業品,2.448939128,0.383333333,107.4769231,0.0,,Tokyo outbound,39,高知県,2.448939128,0.383333333,107.4769231,0.0
13,東京都,40,福岡県,7,機械工業品,309.0958832,6.348299329,291.9954964,6.361702128,,Tokyo outbound,40,福岡県,309.0958832,6.348299329,291.9954964,6.361702128
13,東京都,41,佐賀県,7,機械工業品,16.2362791,0.008,88.07763864,0.0,,Tokyo outbound,41,佐賀県,16.2362791,0.008,88.07763864,0.0
13,東京都,42,長崎県,7,機械工業品,48.1083509,3.110357143,68.98461539,0.0,,Tokyo outbound,42,長崎県,48.1083509,3.110357143,68.98461539,0.0
13,東京都,43,熊本県,7,機械工業品,15.18055039,46.29440974,19.03181766,0.0,,Tokyo outbound,43,熊本県,15.18055039,46.29440974,19.03181766,0.0
13,東京都,44,大分県,7,機械工業品,36.9875138,60.00920858,70.71794872,0.0,,Tokyo outbound,44,大分県,36.9875138,60.00920858,70.71794872,0.0
13,東京都,45,宮崎県,7,機械工業品,5.687533638,0.2901375,44.91866428,0.0,,Tokyo outbound,45,宮崎県,5.687533638,0.2901375,44.91866428,0.0
13,東京都,46,鹿児島県,7,機械工業品,3.998299215,0.128527132,51.09776876,0.0,,Tokyo outbound,46,鹿児島県,3.998299215,0.128527132,51.09776876,0.0
13,東京都,47,沖縄県,7,機械工業品,9.495721224,2.313333333,73.65128205,0.0,,Tokyo outbound,47,沖縄県,9.495721224,2.313333333,73.65128205,0.0
13,東京都,90,全国,7,機械工業品,185.0354354,5169.883798,24.30249769,22.65765766,,Tokyo outbound,90,全国,185.0354354,5169.883798,24.30249769,22.65765766
13,東京都,91,東日本,7,機械工業品,0.0,39.26643357,0.0,193.8461539,,Tokyo outbound,91,東日本,0.0,39.26643357,0.0,193.8461539
13,東京都,92,東北,7,機械工業品,24.70230396,64.41621682,131.9818182,23.8,,Tokyo outbound,92,東北,24.70230396,64.41621682,131.9818182,23.8
13,東京都,93,海外,7,機械工業品,2769.828737,1826.682417,204.2220583,43.57228261,,Tokyo outbound,93,海外,2769.828737,1826.682417,204.2220583,43.57228261
13,東京都,94,不特定,7,機械工業品,6.032100273,5.089707602,0.0,0.0,,Tokyo outbound,94,不特定,6.032100273,5.089707602,0.0,0.0
13,東京都,99,全て不明,7,機械工業品,43.2,78.49405594,0.0,0.0,,Tokyo outbound,99,全て不明,43.2,78.49405594,0.0,0.0
14,神奈川県,13,東京都,7,機械工業品,4937.740584,6111.953444,1218.357918,1239.794598,,Tokyo inbound,14,神奈川県,6111.953444,4937.740584,1239.794598,1218.357918
15,新潟県,13,東京都,7,機械工業品,69.99225273,56.57601919,0.0,168.5746918,,Tokyo inbound,15,新潟県,56.57601919,69.99225273,168.5746918,0.0
16,富山県,13,東京都,7,機械工業品,7.54817222,223.2456205,4.653846154,142.5666625,,Tokyo inbound,16,富山県,223.2456205,7.54817222,142.5666625,4.653846154
17,石川県,13,東京都,7,機械工業品,23.70143768,439.8127377,0.0,49.01390238,,Tokyo inbound,17,石川県,439.8127377,23.70143768,49.01390238,0.0
18,福井県,13,東京都,7,機械工業品,23.0,13.26960059,0.0,40.91866428,,Tokyo inbound,18,福井県,13.26960059,23.0,40.91866428,0.0
19,山梨県,13,東京都,7,機械工業品,256.4824773,416.1550352,21.6952381,90.78995943,,Tokyo inbound,19,山梨県,416.1550352,256.4824773,90.78995943,21.6952381
20,長野県,13,東京都,7,機械工業品,105.8702068,285.8223223,39.46289593,167.4320074,,Tokyo inbound,20,長野県,285.8223223,105.8702068,167.4320074,39.46289593
21,岐阜県,13,東京都,7,機械工業品,29.96945859,83.85508412,0.0,88.29847197,,Tokyo inbound,21,岐阜県,83.85508412,29.96945859,88.29847197,0.0
22,静岡県,13,東京都,7,機械工業品,394.0455211,211.5981783,30.62635659,295.2585016,,Tokyo inbound,22,静岡県,211.5981783,394.0455211,295.2585016,30.62635659
23,愛知県,13,東京都,7,機械工業品,672.4266706,640.890114,29.0671224,509.0356897,,Tokyo inbound,23,愛知県,640.890114,672.4266706,509.0356897,29.0671224
24,三重県,13,東京都,7,機械工業品,322.728463,140.010442,41.89339019,79.83038653,,Tokyo inbound,24,三重県,140.010442,322.728463,79.83038653,41.89339019
25,滋賀県,13,東京都,7,機械工業品,39.73953044,56.044997,17.99298246,59.86439463,,Tokyo inbound,25,滋賀県,56.044997,39.73953044,59.86439463,17.99298246
26,京都府,13,東京都,7,機械工業品,13.2821446,290.9676549,14.52631579,116.904451,,Tokyo inbound,26,京都府,290.9676549,13.2821446,116.904451,14.52631579
27,大阪府,13,東京都,7,機械工業品,1848.142738,2041.389855,21.91917293,470.6256272,,Tokyo inbound,27,大阪府,2041.389855,1848.142738,470.6256272,21.91917293
28,兵庫県,13,東京都,7,機械工業品,58.9466783,234.3079121,0.0,256.5354977,,Tokyo inbound,28,兵庫県,234.3079121,58.9466783,256.5354977,0.0
29,奈良県,13,東京都,7,機械工業品,421.158027,2.231487673,0.0,73.65128205,,Tokyo inbound,29,奈良県,2.231487673,421.158027,73.65128205,0.0
30,和歌山県,13,東京都,7,機械工業品,3.207523608,10.9071098,6.426356589,49.58533095,,Tokyo inbound,30,和歌山県,10.9071098,3.207523608,49.58533095,6.426356589
31,鳥取県,13,東京都,7,機械工業品,91.375,22.22674375,0.0,113.0902564,,Tokyo inbound,31,鳥取県,22.22674375,91.375,113.0902564,0.0
32,島根県,13,東京都,7,機械工業品,1.459769231,3.082807689,0.0,40.91866428,,Tokyo inbound,32,島根県,3.082807689,1.459769231,40.91866428,0.0
33,岡山県,13,東京都,7,機械工業品,100.5817046,55.98085453,6.426356589,157.0010484,,Tokyo inbound,33,岡山県,55.98085453,100.5817046,157.0010484,6.426356589
34,広島県,13,東京都,7,機械工業品,24.478614,71.77943043,0.0,171.4932369,,Tokyo inbound,34,広島県,71.77943043,24.478614,171.4932369,0.0
35,山口県,13,東京都,7,機械工業品,0.0,8.75807903,0.0,55.09776876,,Tokyo inbound,35,山口県,8.75807903,0.0,55.09776876,0.0
36,徳島県,13,東京都,7,機械工業品,0.093913044,44.13334177,0.0,54.53199762,,Tokyo inbound,36,徳島県,44.13334177,0.093913044,54.53199762,0.0
37,香川県,13,東京都,7,機械工業品,152.6169855,9.05585804,0.0,40.91866428,,Tokyo inbound,37,香川県,9.05585804,152.6169855,40.91866428,0.0
38,愛媛県,13,東京都,7,機械工業品,1.219147981,9.761176097,6.426356589,81.59007645,,Tokyo inbound,38,愛媛県,9.761176097,1.219147981,81.59007645,6.426356589
39,高知県,13,東京都,7,機械工業品,0.383333333,2.448939128,0.0,107.4769231,,Tokyo inbound,39,高知県,2.448939128,0.383333333,107.4769231,0.0
40,福岡県,13,東京都,7,機械工業品,6.348299329,309.0958832,6.361702128,291.9954964,,Tokyo inbound,40,福岡県,309.0958832,6.348299329,291.9954964,6.361702128
41,佐賀県,13,東京都,7,機械工業品,0.008,16.2362791,0.0,88.07763864,,Tokyo inbound,41,佐賀県,16.2362791,0.008,88.07763864,0.0
42,長崎県,13,東京都,7,機械工業品,3.110357143,48.1083509,0.0,68.98461539,,Tokyo inbound,42,長崎県,48.1083509,3.110357143,68.98461539,0.0
43,熊本県,13,東京都,7,機械工業品,46.29440974,15.18055039,0.0,19.03181766,,Tokyo inbound,43,熊本県,15.18055039,46.29440974,19.03181766,0.0
44,大分県,13,東京都,7,機械工業品,60.00920858,36.9875138,0.0,70.71794872,,Tokyo inbound,44,大分県,36.9875138,60.00920858,70.71794872,0.0
45,宮崎県,13,東京都,7,機械工業品,0.2901375,5.687533638,0.0,44.91866428,,Tokyo inbound,45,宮崎県,5.687533638,0.2901375,44.91866428,0.0
46,鹿児島県,13,東京都,7,機械工業品,0.128527132,3.998299215,0.0,51.09776876,,Tokyo inbound,46,鹿児島県,3.998299215,0.128527132,51.09776876,0.0
47,沖縄県,13,東京都,7,機械工業品,2.313333333,9.495721224,0.0,73.65128205,,Tokyo inbound,47,沖縄県,9.495721224,2.313333333,73.65128205,0.0
90,全国,13,東京都,7,機械工業品,5169.883798,185.0354354,22.65765766,24.30249769,,Tokyo inbound,90,全国,185.0354354,5169.883798,24.30249769,22.65765766
91,東日本,13,東京都,7,機械工業品,39.26643357,0.0,193.8461539,0.0,,Tokyo inbound,91,東日本,0.0,39.26643357,0.0,193.8461539
92,東北,13,東京都,7,機械工業品,64.41621682,24.70230396,23.8,131.9818182,,Tokyo inbound,92,東北,24.70230396,64.41621682,131.9818182,23.8
93,海外,13,東京都,7,機械工業品,1826.682417,2769.828737,43.57228261,204.2220583,,Tokyo inbound,93,海外,2769.828737,1826.682417,204.2220583,43.57228261
94,不特定,13,東京都,7,機械工業品,5.089707602,6.032100273,0.0,0.0,,Tokyo inbound,94,不特定,6.032100273,5.089707602,0.0,0.0
99,全て不明,13,東京都,7,機械工業品,78.49405594,43.2,0.0,0.0,,Tokyo inbound,99,全て不明,43.2,78.49405594,0.0,0.0
1,北海道,13,東京都,8,窯業・化学工業品,11146.39411,34.83174029,1.0,0.0,,Tokyo inbound,1,北海道,34.83174029,11146.39411,0.0,1.0
2,青森県,13,東京都,8,窯業・化学工業品,0.031808511,2.523454066,0.0,0.0,,Tokyo inbound,2,青森県,2.523454066,0.031808511,0.0,0.0
3,岩手県,13,東京都,8,窯業・化学工業品,11136.39411,19.06057596,0.0,14.70909091,,Tokyo inbound,3,岩手県,19.06057596,11136.39411,14.70909091,0.0
4,宮城県,13,東京都,8,窯業・化学工業品,4.475099754,9.624801614,0.0,6.426356589,,Tokyo inbound,4,宮城県,9.624801614,4.475099754,6.426356589,0.0
5,秋田県,13,東京都,8,窯業・化学工業品,2.614723961,23.683624,5.934210526,0.0,,Tokyo inbound,5,秋田県,23.683624,2.614723961,0.0,5.934210526
6,山形県,13,東京都,8,窯業・化学工業品,45.72965803,275.9324633,0.0,63.24776786,,Tokyo inbound,6,山形県,275.9324633,45.72965803,63.24776786,0.0
7,福島県,13,東京都,8,窯業・化学工業品,360.5980363,725.6204273,23.14656965,47.63034188,,Tokyo inbound,7,福島県,725.6204273,360.5980363,47.63034188,23.14656965
8,茨城県,13,東京都,8,窯業・化学工業品,7966.507364,1314.609258,426.5800438,87.87342073,,Tokyo inbound,8,茨城県,1314.609258,7966.507364,87.87342073,426.5800438
9,栃木県,13,東京都,8,窯業・化学工業品,371.4896592,1609.198829,5.769230769,116.9174042,,Tokyo inbound,9,栃木県,1609.198829,371.4896592,116.9174042,5.769230769
10,群馬県,13,東京都,8,窯業・化学工業品,1058.395793,777.2023429,25.8,43.74966528,,Tokyo inbound,10,群馬県,777.2023429,1058.395793,43.74966528,25.8
11,埼玉県,13,東京都,8,窯業・化学工業品,16272.9607,8863.289991,3521.028881,532.1775562,,Tokyo inbound,11,埼玉県,8863.289991,16272.9607,532.1775562,3521.028881
12,千葉県,13,東京都,8,窯業・化学工業品,21378.72318,11812.2315,767.5032558,419.6413891,,Tokyo inbound,12,千葉県,11812.2315,21378.72318,419.6413891,767.5032558
13,東京都,1,北海道,8,窯業・化学工業品,34.83174029,11146.39411,0.0,1.0,,Tokyo outbound,1,北海道,34.83174029,11146.39411,0.0,1.0
13,東京都,2,青森県,8,窯業・化学工業品,2.523454066,0.031808511,0.0,0.0,,Tokyo outbound,2,青森県,2.523454066,0.031808511,0.0,0.0
13,東京都,3,岩手県,8,窯業・化学工業品,19.06057596,11136.39411,14.70909091,0.0,,Tokyo outbound,3,岩手県,19.06057596,11136.39411,14.70909091,0.0
13,東京都,4,宮城県,8,窯業・化学工業品,9.624801614,4.475099754,6.426356589,0.0,,Tokyo outbound,4,宮城県,9.624801614,4.475099754,6.426356589,0.0
13,東京都,5,秋田県,8,窯業・化学工業品,23.683624,2.614723961,0.0,5.934210526,,Tokyo outbound,5,秋田県,23.683624,2.614723961,0.0,5.934210526
13,東京都,6,山形県,8,窯業・化学工業品,275.9324633,45.72965803,63.24776786,0.0,,Tokyo outbound,6,山形県,275.9324633,45.72965803,63.24776786,0.0
13,東京都,7,福島県,8,窯業・化学工業品,725.6204273,360.5980363,47.63034188,23.14656965,,Tokyo outbound,7,福島県,725.6204273,360.5980363,47.63034188,23.14656965
13,東京都,8,茨城県,8,窯業・化学工業品,1314.609258,7966.507364,87.87342073,426.5800438,,Tokyo outbound,8,茨城県,1314.609258,7966.507364,87.87342073,426.5800438
13,東京都,9,栃木県,8,窯業・化学工業品,1609.198829,371.4896592,116.9174042,5.769230769,,Tokyo outbound,9,栃木県,1609.198829,371.4896592,116.9174042,5.769230769
13,東京都,10,群馬県,8,窯業・化学工業品,777.2023429,1058.395793,43.74966528,25.8,,Tokyo outbound,10,群馬県,777.2023429,1058.395793,43.74966528,25.8
13,東京都,11,埼玉県,8,窯業・化学工業品,8863.289991,16272.9607,532.1775562,3521.028881,,Tokyo outbound,11,埼玉県,8863.289991,16272.9607,532.1775562,3521.028881
13,東京都,12,千葉県,8,窯業・化学工業品,11812.2315,21378.72318,419.6413891,767.5032558,,Tokyo outbound,12,千葉県,11812.2315,21378.72318,419.6413891,767.5032558
13,東京都,13,東京都,8,窯業・化学工業品,131196.6562,131196.6562,5428.582352,5428.582352,,Tokyo outbound,13,東京都,131196.6562,131196.6562,5428.582352,5428.582352
13,東京都,14,神奈川県,8,窯業・化学工業品,28082.22948,39379.40459,508.3363147,1456.123372,,Tokyo outbound,14,神奈川県,28082.22948,39379.40459,508.3363147,1456.123372
13,東京都,15,新潟県,8,窯業・化学工業品,103.8446142,230.7075967,7.230769231,0.0,,Tokyo outbound,15,新潟県,103.8446142,230.7075967,7.230769231,0.0
13,東京都,16,富山県,8,窯業・化学工業品,62.73872621,64.15948488,0.0,0.0,,Tokyo outbound,16,富山県,62.73872621,64.15948488,0.0,0.0
13,東京都,17,石川県,8,窯業・化学工業品,0.520623012,0.03683109,6.426356589,0.0,,Tokyo outbound,17,石川県,0.520623012,0.03683109,6.426356589,0.0
13,東京都,18,福井県,8,窯業・化学工業品,2.998409611,1.278080092,0.0,21.39130435,,Tokyo outbound,18,福井県,2.998409611,1.278080092,0.0,21.39130435
13,東京都,19,山梨県,8,窯業・化学工業品,249.3961523,37.12988645,5.769230769,0.0,,Tokyo outbound,19,山梨県,249.3961523,37.12988645,5.769230769,0.0
13,東京都,20,長野県,8,窯業・化学工業品,45.84829123,58.66660571,12.85271318,0.0,,Tokyo outbound,20,長野県,45.84829123,58.66660571,12.85271318,0.0
13,東京都,21,岐阜県,8,窯業・化学工業品,75.18813239,3471.865539,8.202586207,0.0,,Tokyo outbound,21,岐阜県,75.18813239,3471.865539,8.202586207,0.0
13,東京都,22,静岡県,8,窯業・化学工業品,447.1054041,244.7436117,5.375,34.27159601,,Tokyo outbound,22,静岡県,447.1054041,244.7436117,5.375,34.27159601
13,東京都,23,愛知県,8,窯業・化学工業品,660.354593,212.3999096,5.375,18.47177419,,Tokyo outbound,23,愛知県,660.354593,212.3999096,5.375,18.47177419
13,東京都,24,三重県,8,窯業・化学工業品,141.1528539,107.8839202,13.78947368,0.0,,Tokyo outbound,24,三重県,141.1528539,107.8839202,13.78947368,0.0
13,東京都,25,滋賀県,8,窯業・化学工業品,134.9833144,27.67101756,0.0,5.934210526,,Tokyo outbound,25,滋賀県,134.9833144,27.67101756,0.0,5.934210526
13,東京都,26,京都府,8,窯業・化学工業品,25.38894526,5.10190836,0.0,6.179104478,,Tokyo outbound,26,京都府,25.38894526,5.10190836,0.0,6.179104478
13,東京都,27,大阪府,8,窯業・化学工業品,154.6787317,180.6772291,25.43002114,0.0,,Tokyo outbound,27,大阪府,154.6787317,180.6772291,25.43002114,0.0
13,東京都,28,兵庫県,8,窯業・化学工業品,126.3166711,115.9223068,19.16447368,5.375,,Tokyo outbound,28,兵庫県,126.3166711,115.9223068,19.16447368,5.375
13,東京都,29,奈良県,8,窯業・化学工業品,23.89491429,0.0,0.0,0.0,,Tokyo outbound,29,奈良県,23.89491429,0.0,0.0,0.0
13,東京都,30,和歌山県,8,窯業・化学工業品,27.24493846,6.392802871,0.0,0.0,,Tokyo outbound,30,和歌山県,27.24493846,6.392802871,0.0,0.0
13,東京都,31,鳥取県,8,窯業・化学工業品,0.030469388,0.0,0.0,0.0,,Tokyo outbound,31,鳥取県,0.030469388,0.0,0.0,0.0
13,東京都,32,島根県,8,窯業・化学工業品,0.034492308,5.375,0.0,0.0,,Tokyo outbound,32,島根県,0.034492308,5.375,0.0,0.0
13,東京都,33,岡山県,8,窯業・化学工業品,6.811559843,82.11047118,13.78947368,0.0,,Tokyo outbound,33,岡山県,6.811559843,82.11047118,13.78947368,0.0
13,東京都,34,広島県,8,窯業・化学工業品,27.75551738,53.64022643,7.375,0.0,,Tokyo outbound,34,広島県,27.75551738,53.64022643,7.375,0.0
13,東京都,35,山口県,8,窯業・化学工業品,0.42028718,10208.82789,0.0,0.0,,Tokyo outbound,35,山口県,0.42028718,10208.82789,0.0,0.0
13,東京都,36,徳島県,8,窯業・化学工業品,1160.175592,165.6923077,60.0,0.0,,Tokyo outbound,36,徳島県,1160.175592,165.6923077,60.0,0.0
13,東京都,37,香川県,8,窯業・化学工業品,1.635367274,0.742380952,0.0,0.0,,Tokyo outbound,37,香川県,1.635367274,0.742380952,0.0,0.0
13,東京都,38,愛媛県,8,窯業・化学工業品,7.32229765,8.451870576,0.0,0.0,,Tokyo outbound,38,愛媛県,7.32229765,8.451870576,0.0,0.0
13,東京都,39,高知県,8,窯業・化学工業品,0.162819028,64.20284843,0.0,0.0,,Tokyo outbound,39,高知県,0.162819028,64.20284843,0.0,0.0
13,東京都,40,福岡県,8,窯業・化学工業品,4653.649255,48.09164144,242.0,0.0,,Tokyo outbound,40,福岡県,4653.649255,48.09164144,242.0,0.0
13,東京都,41,佐賀県,8,窯業・化学工業品,0.075245485,236.2766866,0.0,5.194444444,,Tokyo outbound,41,佐賀県,0.075245485,236.2766866,0.0,5.194444444
13,東京都,42,長崎県,8,窯業・化学工業品,0.310430769,0.0,0.0,0.0,,Tokyo outbound,42,長崎県,0.310430769,0.0,0.0,0.0
13,東京都,43,熊本県,8,窯業・化学工業品,26.6044974,0.343294872,0.0,0.0,,Tokyo outbound,43,熊本県,26.6044974,0.343294872,0.0,0.0
13,東京都,44,大分県,8,窯業・化学工業品,49.40517879,34.78571429,5.375,0.0,,Tokyo outbound,44,大分県,49.40517879,34.78571429,5.375,0.0
13,東京都,45,宮崎県,8,窯業・化学工業品,7.842499721,0.726807107,0.0,0.0,,Tokyo outbound,45,宮崎県,7.842499721,0.726807107,0.0,0.0
13,東京都,46,鹿児島県,8,窯業・化学工業品,0.216754328,0.00626087,0.0,0.0,,Tokyo outbound,46,鹿児島県,0.216754328,0.00626087,0.0,0.0
13,東京都,47,沖縄県,8,窯業・化学工業品,0.220461539,0.030469388,0.0,0.0,,Tokyo outbound,47,沖縄県,0.220461539,0.030469388,0.0,0.0
13,東京都,90,全国,8,窯業・化学工業品,133.0281353,48.03110033,0.0,32.0443038,,Tokyo outbound,90,全国,133.0281353,48.03110033,0.0,32.0443038
13,東京都,92,東北,8,窯業・化学工業品,7.89122807,16.96805556,0.0,0.0,,Tokyo outbound,92,東北,7.89122807,16.96805556,0.0,0.0
13,東京都,93,海外,8,窯業・化学工業品,1074.869116,518.3148669,0.0,0.0,,Tokyo outbound,93,海外,1074.869116,518.3148669,0.0,0.0
13,東京都,94,不特定,8,窯業・化学工業品,0.636170213,43.23350355,0.0,0.0,,Tokyo outbound,94,不特定,0.636170213,43.23350355,0.0,0.0
13,東京都,99,全て不明,8,窯業・化学工業品,0.0,196.498835,0.0,39.03075489,,Tokyo outbound,99,全て不明,0.0,196.498835,0.0,39.03075489
14,神奈川県,13,東京都,8,窯業・化学工業品,39379.40459,28082.22948,1456.123372,508.3363147,,Tokyo inbound,14,神奈川県,28082.22948,39379.40459,508.3363147,1456.123372
15,新潟県,13,東京都,8,窯業・化学工業品,230.7075967,103.8446142,0.0,7.230769231,,Tokyo inbound,15,新潟県,103.8446142,230.7075967,7.230769231,0.0
16,富山県,13,東京都,8,窯業・化学工業品,64.15948488,62.73872621,0.0,0.0,,Tokyo inbound,16,富山県,62.73872621,64.15948488,0.0,0.0
17,石川県,13,東京都,8,窯業・化学工業品,0.03683109,0.520623012,0.0,6.426356589,,Tokyo inbound,17,石川県,0.520623012,0.03683109,6.426356589,0.0
18,福井県,13,東京都,8,窯業・化学工業品,1.278080092,2.998409611,21.39130435,0.0,,Tokyo inbound,18,福井県,2.998409611,1.278080092,0.0,21.39130435
19,山梨県,13,東京都,8,窯業・化学工業品,37.12988645,249.3961523,0.0,5.769230769,,Tokyo inbound,19,山梨県,249.3961523,37.12988645,5.769230769,0.0
20,長野県,13,東京都,8,窯業・化学工業品,58.66660571,45.84829123,0.0,12.85271318,,Tokyo inbound,20,長野県,45.84829123,58.66660571,12.85271318,0.0
21,岐阜県,13,東京都,8,窯業・化学工業品,3471.865539,75.18813239,0.0,8.202586207,,Tokyo inbound,21,岐阜県,75.18813239,3471.865539,8.202586207,0.0
22,静岡県,13,東京都,8,窯業・化学工業品,244.7436117,447.1054041,34.27159601,5.375,,Tokyo inbound,22,静岡県,447.1054041,244.7436117,5.375,34.27159601
23,愛知県,13,東京都,8,窯業・化学工業品,212.3999096,660.354593,18.47177419,5.375,,Tokyo inbound,23,愛知県,660.354593,212.3999096,5.375,18.47177419
24,三重県,13,東京都,8,窯業・化学工業品,107.8839202,141.1528539,0.0,13.78947368,,Tokyo inbound,24,三重県,141.1528539,107.8839202,13.78947368,0.0
25,滋賀県,13,東京都,8,窯業・化学工業品,27.67101756,134.9833144,5.934210526,0.0,,Tokyo inbound,25,滋賀県,134.9833144,27.67101756,0.0,5.934210526
26,京都府,13,東京都,8,窯業・化学工業品,5.10190836,25.38894526,6.179104478,0.0,,Tokyo inbound,26,京都府,25.38894526,5.10190836,0.0,6.179104478
27,大阪府,13,東京都,8,窯業・化学工業品,180.6772291,154.6787317,0.0,25.43002114,,Tokyo inbound,27,大阪府,154.6787317,180.6772291,25.43002114,0.0
28,兵庫県,13,東京都,8,窯業・化学工業品,115.9223068,126.3166711,5.375,19.16447368,,Tokyo inbound,28,兵庫県,126.3166711,115.9223068,19.16447368,5.375
29,奈良県,13,東京都,8,窯業・化学工業品,0.0,23.89491429,0.0,0.0,,Tokyo inbound,29,奈良県,23.89491429,0.0,0.0,0.0
30,和歌山県,13,東京都,8,窯業・化学工業品,6.392802871,27.24493846,0.0,0.0,,Tokyo inbound,30,和歌山県,27.24493846,6.392802871,0.0,0.0
31,鳥取県,13,東京都,8,窯業・化学工業品,0.0,0.030469388,0.0,0.0,,Tokyo inbound,31,鳥取県,0.030469388,0.0,0.0,0.0
32,島根県,13,東京都,8,窯業・化学工業品,5.375,0.034492308,0.0,0.0,,Tokyo inbound,32,島根県,0.034492308,5.375,0.0,0.0
33,岡山県,13,東京都,8,窯業・化学工業品,82.11047118,6.811559843,0.0,13.78947368,,Tokyo inbound,33,岡山県,6.811559843,82.11047118,13.78947368,0.0
34,広島県,13,東京都,8,窯業・化学工業品,53.64022643,27.75551738,0.0,7.375,,Tokyo inbound,34,広島県,27.75551738,53.64022643,7.375,0.0
35,山口県,13,東京都,8,窯業・化学工業品,10208.82789,0.42028718,0.0,0.0,,Tokyo inbound,35,山口県,0.42028718,10208.82789,0.0,0.0
36,徳島県,13,東京都,8,窯業・化学工業品,165.6923077,1160.175592,0.0,60.0,,Tokyo inbound,36,徳島県,1160.175592,165.6923077,60.0,0.0
37,香川県,13,東京都,8,窯業・化学工業品,0.742380952,1.635367274,0.0,0.0,,Tokyo inbound,37,香川県,1.635367274,0.742380952,0.0,0.0
38,愛媛県,13,東京都,8,窯業・化学工業品,8.451870576,7.32229765,0.0,0.0,,Tokyo inbound,38,愛媛県,7.32229765,8.451870576,0.0,0.0
39,高知県,13,東京都,8,窯業・化学工業品,64.20284843,0.162819028,0.0,0.0,,Tokyo inbound,39,高知県,0.162819028,64.20284843,0.0,0.0
40,福岡県,13,東京都,8,窯業・化学工業品,48.09164144,4653.649255,0.0,242.0,,Tokyo inbound,40,福岡県,4653.649255,48.09164144,242.0,0.0
41,佐賀県,13,東京都,8,窯業・化学工業品,236.2766866,0.075245485,5.194444444,0.0,,Tokyo inbound,41,佐賀県,0.075245485,236.2766866,0.0,5.194444444
42,長崎県,13,東京都,8,窯業・化学工業品,0.0,0.310430769,0.0,0.0,,Tokyo inbound,42,長崎県,0.310430769,0.0,0.0,0.0
43,熊本県,13,東京都,8,窯業・化学工業品,0.343294872,26.6044974,0.0,0.0,,Tokyo inbound,43,熊本県,26.6044974,0.343294872,0.0,0.0
44,大分県,13,東京都,8,窯業・化学工業品,34.78571429,49.40517879,0.0,5.375,,Tokyo inbound,44,大分県,49.40517879,34.78571429,5.375,0.0
45,宮崎県,13,東京都,8,窯業・化学工業品,0.726807107,7.842499721,0.0,0.0,,Tokyo inbound,45,宮崎県,7.842499721,0.726807107,0.0,0.0
46,鹿児島県,13,東京都,8,窯業・化学工業品,0.00626087,0.216754328,0.0,0.0,,Tokyo inbound,46,鹿児島県,0.216754328,0.00626087,0.0,0.0
47,沖縄県,13,東京都,8,窯業・化学工業品,0.030469388,0.220461539,0.0,0.0,,Tokyo inbound,47,沖縄県,0.220461539,0.030469388,0.0,0.0
90,全国,13,東京都,8,窯業・化学工業品,48.03110033,133.0281353,32.0443038,0.0,,Tokyo inbound,90,全国,133.0281353,48.03110033,0.0,32.0443038
92,東北,13,東京都,8,窯業・化学工業品,16.96805556,7.89122807,0.0,0.0,,Tokyo inbound,92,東北,7.89122807,16.96805556,0.0,0.0
93,海外,13,東京都,8,窯業・化学工業品,518.3148669,1074.869116,0.0,0.0,,Tokyo inbound,93,海外,1074.869116,518.3148669,0.0,0.0
94,不特定,13,東京都,8,窯業・化学工業品,43.23350355,0.636170213,0.0,0.0,,Tokyo inbound,94,不特定,0.636170213,43.23350355,0.0,0.0
99,全て不明,13,東京都,8,窯業・化学工業品,196.498835,0.0,39.03075489,0.0,,Tokyo inbound,99,全て不明,0.0,196.498835,0.0,39.03075489
1,北海道,13,東京都,9,特殊品,1.518230769,1465.922778,0.0,18.74626866,Special cargo,Tokyo inbound,1,北海道,1465.922778,1.518230769,18.74626866,0.0
4,宮城県,13,東京都,9,特殊品,40.698,299.801754,0.0,0.0,Special cargo,Tokyo inbound,4,宮城県,299.801754,40.698,0.0,0.0
5,秋田県,13,東京都,9,特殊品,0.0,40.0,0.0,0.0,Special cargo,Tokyo inbound,5,秋田県,40.0,0.0,0.0,0.0
6,山形県,13,東京都,9,特殊品,9.064038462,0.0,8.734375,0.0,Special cargo,Tokyo inbound,6,山形県,0.0,9.064038462,0.0,8.734375
7,福島県,13,東京都,9,特殊品,105.03,0.0,7.0,0.0,Special cargo,Tokyo inbound,7,福島県,0.0,105.03,0.0,7.0
8,茨城県,13,東京都,9,特殊品,226.5547829,667.755622,33.14468865,245.9052894,Special cargo,Tokyo inbound,8,茨城県,667.755622,226.5547829,245.9052894,33.14468865
9,栃木県,13,東京都,9,特殊品,211.7471026,526.3289474,0.0,27.23684211,Special cargo,Tokyo inbound,9,栃木県,526.3289474,211.7471026,27.23684211,0.0
10,群馬県,13,東京都,9,特殊品,0.48497076,180.0,0.0,15.0,Special cargo,Tokyo inbound,10,群馬県,180.0,0.48497076,15.0,0.0
11,埼玉県,13,東京都,9,特殊品,600.0820606,13369.90097,224.3484342,1364.869081,Special cargo,Tokyo inbound,11,埼玉県,13369.90097,600.0820606,1364.869081,224.3484342
12,千葉県,13,東京都,9,特殊品,770.9684322,14864.60936,26.92983272,26.44001286,Special cargo,Tokyo inbound,12,千葉県,14864.60936,770.9684322,26.44001286,26.92983272
13,東京都,1,北海道,9,特殊品,1465.922778,1.518230769,18.74626866,0.0,Special cargo,Tokyo outbound,1,北海道,1465.922778,1.518230769,18.74626866,0.0
13,東京都,4,宮城県,9,特殊品,299.801754,40.698,0.0,0.0,Special cargo,Tokyo outbound,4,宮城県,299.801754,40.698,0.0,0.0
13,東京都,5,秋田県,9,特殊品,40.0,0.0,0.0,0.0,Special cargo,Tokyo outbound,5,秋田県,40.0,0.0,0.0,0.0
13,東京都,6,山形県,9,特殊品,0.0,9.064038462,0.0,8.734375,Special cargo,Tokyo outbound,6,山形県,0.0,9.064038462,0.0,8.734375
13,東京都,7,福島県,9,特殊品,0.0,105.03,0.0,7.0,Special cargo,Tokyo outbound,7,福島県,0.0,105.03,0.0,7.0
13,東京都,8,茨城県,9,特殊品,667.755622,226.5547829,245.9052894,33.14468865,Special cargo,Tokyo outbound,8,茨城県,667.755622,226.5547829,245.9052894,33.14468865
13,東京都,9,栃木県,9,特殊品,526.3289474,211.7471026,27.23684211,0.0,Special cargo,Tokyo outbound,9,栃木県,526.3289474,211.7471026,27.23684211,0.0
13,東京都,10,群馬県,9,特殊品,180.0,0.48497076,15.0,0.0,Special cargo,Tokyo outbound,10,群馬県,180.0,0.48497076,15.0,0.0
13,東京都,11,埼玉県,9,特殊品,13369.90097,600.0820606,1364.869081,224.3484342,Special cargo,Tokyo outbound,11,埼玉県,13369.90097,600.0820606,1364.869081,224.3484342
13,東京都,12,千葉県,9,特殊品,14864.60936,770.9684322,26.44001286,26.92983272,Special cargo,Tokyo outbound,12,千葉県,14864.60936,770.9684322,26.44001286,26.92983272
13,東京都,13,東京都,9,特殊品,19277.91719,19277.91719,532.0953232,532.0953232,Special cargo,Tokyo outbound,13,東京都,19277.91719,19277.91719,532.0953232,532.0953232
13,東京都,14,神奈川県,9,特殊品,832.8348001,8752.488544,87.02764834,37.72907585,Special cargo,Tokyo outbound,14,神奈川県,832.8348001,8752.488544,87.02764834,37.72907585
13,東京都,15,新潟県,9,特殊品,406.1020408,4.468384615,0.0,0.0,Special cargo,Tokyo outbound,15,新潟県,406.1020408,4.468384615,0.0,0.0
13,東京都,19,山梨県,9,特殊品,10.35692308,179.0992308,0.0,1.0,Special cargo,Tokyo outbound,19,山梨県,10.35692308,179.0992308,0.0,1.0
13,東京都,20,長野県,9,特殊品,662.3820968,3.334615385,0.0,0.0,Special cargo,Tokyo outbound,20,長野県,662.3820968,3.334615385,0.0,0.0
13,東京都,21,岐阜県,9,特殊品,15.52631579,22.76953846,0.0,0.0,Special cargo,Tokyo outbound,21,岐阜県,15.52631579,22.76953846,0.0,0.0
13,東京都,22,静岡県,9,特殊品,667.8362567,0.0,13.63636364,0.0,Special cargo,Tokyo outbound,22,静岡県,667.8362567,0.0,13.63636364,0.0
13,東京都,23,愛知県,9,特殊品,159.7718971,0.0,26.58823529,0.0,Special cargo,Tokyo outbound,23,愛知県,159.7718971,0.0,26.58823529,0.0
13,東京都,24,三重県,9,特殊品,160.0,0.096994152,10.66666667,0.0,Special cargo,Tokyo outbound,24,三重県,160.0,0.096994152,10.66666667,0.0
13,東京都,26,京都府,9,特殊品,0.24248538,0.0,0.0,0.0,Special cargo,Tokyo outbound,26,京都府,0.24248538,0.0,0.0,0.0
13,東京都,27,大阪府,9,特殊品,5.828721587,6.774071075,0.0,0.0,Special cargo,Tokyo outbound,27,大阪府,5.828721587,6.774071075,0.0,0.0
13,東京都,28,兵庫県,9,特殊品,3.826428571,8.348571429,0.0,0.0,Special cargo,Tokyo outbound,28,兵庫県,3.826428571,8.348571429,0.0,0.0
13,東京都,29,奈良県,9,特殊品,0.0,0.044127273,0.0,0.0,Special cargo,Tokyo outbound,29,奈良県,0.0,0.044127273,0.0,0.0
13,東京都,33,岡山県,9,特殊品,17.03509967,0.0,0.0,0.0,Special cargo,Tokyo outbound,33,岡山県,17.03509967,0.0,0.0,0.0
13,東京都,34,広島県,9,特殊品,0.0,1.039615385,0.0,0.0,Special cargo,Tokyo outbound,34,広島県,0.0,1.039615385,0.0,0.0
13,東京都,40,福岡県,9,特殊品,0.096994152,0.0,0.0,0.0,Special cargo,Tokyo outbound,40,福岡県,0.096994152,0.0,0.0,0.0
13,東京都,47,沖縄県,9,特殊品,0.048497076,0.0,0.0,0.0,Special cargo,Tokyo outbound,47,沖縄県,0.048497076,0.0,0.0,0.0
13,東京都,92,東北,9,特殊品,0.015178571,0.277471698,12.14285714,0.0,Special cargo,Tokyo outbound,92,東北,0.015178571,0.277471698,12.14285714,0.0
13,東京都,93,海外,9,特殊品,132.7272727,0.969941521,26.54545455,0.0,Special cargo,Tokyo outbound,93,海外,132.7272727,0.969941521,26.54545455,0.0
13,東京都,94,不特定,9,特殊品,0.0,0.266666667,0.0,0.0,Special cargo,Tokyo outbound,94,不特定,0.0,0.266666667,0.0,0.0
13,東京都,99,全て不明,9,特殊品,0.0,7.921666667,0.0,0.0,Special cargo,Tokyo outbound,99,全て不明,0.0,7.921666667,0.0,0.0
14,神奈川県,13,東京都,9,特殊品,8752.488544,832.8348001,37.72907585,87.02764834,Special cargo,Tokyo inbound,14,神奈川県,832.8348001,8752.488544,87.02764834,37.72907585
15,新潟県,13,東京都,9,特殊品,4.468384615,406.1020408,0.0,0.0,Special cargo,Tokyo inbound,15,新潟県,406.1020408,4.468384615,0.0,0.0
19,山梨県,13,東京都,9,特殊品,179.0992308,10.35692308,1.0,0.0,Special cargo,Tokyo inbound,19,山梨県,10.35692308,179.0992308,0.0,1.0
20,長野県,13,東京都,9,特殊品,3.334615385,662.3820968,0.0,0.0,Special cargo,Tokyo inbound,20,長野県,662.3820968,3.334615385,0.0,0.0
21,岐阜県,13,東京都,9,特殊品,22.76953846,15.52631579,0.0,0.0,Special cargo,Tokyo inbound,21,岐阜県,15.52631579,22.76953846,0.0,0.0
22,静岡県,13,東京都,9,特殊品,0.0,667.8362567,0.0,13.63636364,Special cargo,Tokyo inbound,22,静岡県,667.8362567,0.0,13.63636364,0.0
23,愛知県,13,東京都,9,特殊品,0.0,159.7718971,0.0,26.58823529,Special cargo,Tokyo inbound,23,愛知県,159.7718971,0.0,26.58823529,0.0
24,三重県,13,東京都,9,特殊品,0.096994152,160.0,0.0,10.66666667,Special cargo,Tokyo inbound,24,三重県,160.0,0.096994152,10.66666667,0.0
26,京都府,13,東京都,9,特殊品,0.0,0.24248538,0.0,0.0,Special cargo,Tokyo inbound,26,京都府,0.24248538,0.0,0.0,0.0
27,大阪府,13,東京都,9,特殊品,6.774071075,5.828721587,0.0,0.0,Special cargo,Tokyo inbound,27,大阪府,5.828721587,6.774071075,0.0,0.0
28,兵庫県,13,東京都,9,特殊品,8.348571429,3.826428571,0.0,0.0,Special cargo,Tokyo inbound,28,兵庫県,3.826428571,8.348571429,0.0,0.0
29,奈良県,13,東京都,9,特殊品,0.044127273,0.0,0.0,0.0,Special cargo,Tokyo inbound,29,奈良県,0.0,0.044127273,0.0,0.0
33,岡山県,13,東京都,9,特殊品,0.0,17.03509967,0.0,0.0,Special cargo,Tokyo inbound,33,岡山県,17.03509967,0.0,0.0,0.0
34,広島県,13,東京都,9,特殊品,1.039615385,0.0,0.0,0.0,Special cargo,Tokyo inbound,34,広島県,0.0,1.039615385,0.0,0.0
40,福岡県,13,東京都,9,特殊品,0.0,0.096994152,0.0,0.0,Special cargo,Tokyo inbound,40,福岡県,0.096994152,0.0,0.0,0.0
47,沖縄県,13,東京都,9,特殊品,0.0,0.048497076,0.0,0.0,Special cargo,Tokyo inbound,47,沖縄県,0.048497076,0.0,0.0,0.0
92,東北,13,東京都,9,特殊品,0.277471698,0.015178571,0.0,12.14285714,Special cargo,Tokyo inbound,92,東北,0.015178571,0.277471698,12.14285714,0.0
93,海外,13,東京都,9,特殊品,0.969941521,132.7272727,0.0,26.54545455,Special cargo,Tokyo inbound,93,海外,132.7272727,0.969941521,26.54545455,0.0
94,不特定,13,東京都,9,特殊品,0.266666667,0.0,0.0,0.0,Special cargo,Tokyo inbound,94,不特定,0.0,0.266666667,0.0,0.0
99,全て不明,13,東京都,9,特殊品,7.921666667,0.0,0.0,0.0,Special cargo,Tokyo inbound,99,全て不明,0.0,7.921666667,0.0,0.0
1,北海道,13,東京都,10,混載,117.4968168,493.1626498,6.452830189,0.0,,Tokyo inbound,1,北海道,493.1626498,117.4968168,0.0,6.452830189
2,青森県,13,東京都,10,混載,38.21025,107.9145727,0.0,0.0,,Tokyo inbound,2,青森県,107.9145727,38.21025,0.0,0.0
3,岩手県,13,東京都,10,混載,33.74177273,147.0382618,0.0,4.153846154,,Tokyo inbound,3,岩手県,147.0382618,33.74177273,4.153846154,0.0
4,宮城県,13,東京都,10,混載,131.0926491,297.3459646,111.7241379,111.7241379,,Tokyo inbound,4,宮城県,297.3459646,131.0926491,111.7241379,111.7241379
5,秋田県,13,東京都,10,混載,34.82238636,84.76631364,0.0,0.0,,Tokyo inbound,5,秋田県,84.76631364,34.82238636,0.0,0.0
6,山形県,13,東京都,10,混載,84.808,146.4120116,0.0,4.153846154,,Tokyo inbound,6,山形県,146.4120116,84.808,4.153846154,0.0
7,福島県,13,東京都,10,混載,108.8896465,206.5027158,0.0,0.0,,Tokyo inbound,7,福島県,206.5027158,108.8896465,0.0,0.0
8,茨城県,13,東京都,10,混載,545.631343,522.954112,78.10901391,20.3,,Tokyo inbound,8,茨城県,522.954112,545.631343,20.3,78.10901391
9,栃木県,13,東京都,10,混載,168.48305,270.6083972,0.0,0.0,,Tokyo inbound,9,栃木県,270.6083972,168.48305,0.0,0.0
10,群馬県,13,東京都,10,混載,134.2086786,243.8772162,0.0,20.94984326,,Tokyo inbound,10,群馬県,243.8772162,134.2086786,20.94984326,0.0
11,埼玉県,13,東京都,10,混載,9819.162744,7010.67345,1297.060221,1016.535405,,Tokyo inbound,11,埼玉県,7010.67345,9819.162744,1016.535405,1297.060221
12,千葉県,13,東京都,10,混載,5299.127143,3082.494722,542.540544,374.1533714,,Tokyo inbound,12,千葉県,3082.494722,5299.127143,374.1533714,542.540544
13,東京都,1,北海道,10,混載,493.1626498,117.4968168,0.0,6.452830189,,Tokyo outbound,1,北海道,493.1626498,117.4968168,0.0,6.452830189
13,東京都,2,青森県,10,混載,107.9145727,38.21025,0.0,0.0,,Tokyo outbound,2,青森県,107.9145727,38.21025,0.0,0.0
13,東京都,3,岩手県,10,混載,147.0382618,33.74177273,4.153846154,0.0,,Tokyo outbound,3,岩手県,147.0382618,33.74177273,4.153846154,0.0
13,東京都,4,宮城県,10,混載,297.3459646,131.0926491,111.7241379,111.7241379,,Tokyo outbound,4,宮城県,297.3459646,131.0926491,111.7241379,111.7241379
13,東京都,5,秋田県,10,混載,84.76631364,34.82238636,0.0,0.0,,Tokyo outbound,5,秋田県,84.76631364,34.82238636,0.0,0.0
13,東京都,6,山形県,10,混載,146.4120116,84.808,4.153846154,0.0,,Tokyo outbound,6,山形県,146.4120116,84.808,4.153846154,0.0
13,東京都,7,福島県,10,混載,206.5027158,108.8896465,0.0,0.0,,Tokyo outbound,7,福島県,206.5027158,108.8896465,0.0,0.0
13,東京都,8,茨城県,10,混載,522.954112,545.631343,20.3,78.10901391,,Tokyo outbound,8,茨城県,522.954112,545.631343,20.3,78.10901391
13,東京都,9,栃木県,10,混載,270.6083972,168.48305,0.0,0.0,,Tokyo outbound,9,栃木県,270.6083972,168.48305,0.0,0.0
13,東京都,10,群馬県,10,混載,243.8772162,134.2086786,20.94984326,0.0,,Tokyo outbound,10,群馬県,243.8772162,134.2086786,20.94984326,0.0
13,東京都,11,埼玉県,10,混載,7010.67345,9819.162744,1016.535405,1297.060221,,Tokyo outbound,11,埼玉県,7010.67345,9819.162744,1016.535405,1297.060221
13,東京都,12,千葉県,10,混載,3082.494722,5299.127143,374.1533714,542.540544,,Tokyo outbound,12,千葉県,3082.494722,5299.127143,374.1533714,542.540544
13,東京都,13,東京都,10,混載,67682.33254,67682.33254,4787.690526,4787.690526,,Tokyo outbound,13,東京都,67682.33254,67682.33254,4787.690526,4787.690526
13,東京都,14,神奈川県,10,混載,2923.253606,1778.094513,253.0469081,205.2170753,,Tokyo outbound,14,神奈川県,2923.253606,1778.094513,253.0469081,205.2170753
13,東京都,15,新潟県,10,混載,265.9567057,181.8591048,14.25874126,4.153846154,,Tokyo outbound,15,新潟県,265.9567057,181.8591048,14.25874126,4.153846154
13,東京都,16,富山県,10,混載,96.45905909,47.7785,0.0,0.0,,Tokyo outbound,16,富山県,96.45905909,47.7785,0.0,0.0
13,東京都,17,石川県,10,混載,111.0133609,64.18746519,0.0,0.0,,Tokyo outbound,17,石川県,111.0133609,64.18746519,0.0,0.0
13,東京都,18,福井県,10,混載,74.58460105,49.49884091,0.0,0.0,,Tokyo outbound,18,福井県,74.58460105,49.49884091,0.0,0.0
13,東京都,19,山梨県,10,混載,124.0234426,98.74938737,0.0,0.0,,Tokyo outbound,19,山梨県,124.0234426,98.74938737,0.0,0.0
13,東京都,20,長野県,10,混載,364.4062065,153.985292,15.07435897,4.153846154,,Tokyo outbound,20,長野県,364.4062065,153.985292,15.07435897,4.153846154
13,東京都,21,岐阜県,10,混載,163.1987938,119.2322619,0.0,12.18181818,,Tokyo outbound,21,岐阜県,163.1987938,119.2322619,0.0,12.18181818
13,東京都,22,静岡県,10,混載,512.4244305,213.0992321,133.301061,0.0,,Tokyo outbound,22,静岡県,512.4244305,213.0992321,133.301061,0.0
13,東京都,23,愛知県,10,混載,962.8284777,378.1913337,246.1982759,124.7241379,,Tokyo outbound,23,愛知県,962.8284777,378.1913337,246.1982759,124.7241379
13,東京都,24,三重県,10,混載,150.3326682,74.02211364,0.0,0.0,,Tokyo outbound,24,三重県,150.3326682,74.02211364,0.0,0.0
13,東京都,25,滋賀県,10,混載,118.8468182,51.14295426,0.0,0.0,,Tokyo outbound,25,滋賀県,118.8468182,51.14295426,0.0,0.0
13,東京都,26,京都府,10,混載,392.0876796,154.2302356,106.6153846,0.0,,Tokyo outbound,26,京都府,392.0876796,154.2302356,106.6153846,0.0
13,東京都,27,大阪府,10,混載,1246.063588,858.932155,15.61351351,8.846846847,,Tokyo outbound,27,大阪府,1246.063588,858.932155,15.61351351,8.846846847
13,東京都,28,兵庫県,10,混載,704.9476294,391.7027207,13.53333333,21.52594774,,Tokyo outbound,28,兵庫県,704.9476294,391.7027207,13.53333333,21.52594774
13,東京都,29,奈良県,10,混載,109.7900344,48.23165909,0.0,0.0,,Tokyo outbound,29,奈良県,109.7900344,48.23165909,0.0,0.0
13,東京都,30,和歌山県,10,混載,62.01229546,49.56922727,0.0,0.0,,Tokyo outbound,30,和歌山県,62.01229546,49.56922727,0.0,0.0
13,東京都,32,島根県,10,混載,24.5325,0.0,0.0,0.0,,Tokyo outbound,32,島根県,24.5325,0.0,0.0,0.0
13,東京都,33,岡山県,10,混載,263.073393,89.64818788,0.0,0.0,,Tokyo outbound,33,岡山県,263.073393,89.64818788,0.0,0.0
13,東京都,34,広島県,10,混載,181.9270356,72.39349708,0.0,0.0,,Tokyo outbound,34,広島県,181.9270356,72.39349708,0.0,0.0
13,東京都,35,山口県,10,混載,85.06002378,25.99763636,0.0,0.0,,Tokyo outbound,35,山口県,85.06002378,25.99763636,0.0,0.0
13,東京都,36,徳島県,10,混載,46.91811364,36.80360839,0.0,6.230769231,,Tokyo outbound,36,徳島県,46.91811364,36.80360839,0.0,6.230769231
13,東京都,37,香川県,10,混載,90.10967727,37.65438312,0.0,4.821428571,,Tokyo outbound,37,香川県,90.10967727,37.65438312,0.0,4.821428571
13,東京都,38,愛媛県,10,混載,72.6135,23.04709091,0.0,0.0,,Tokyo outbound,38,愛媛県,72.6135,23.04709091,0.0,0.0
13,東京都,39,高知県,10,混載,44.20715909,19.81370455,0.0,0.0,,Tokyo outbound,39,高知県,44.20715909,19.81370455,0.0,0.0
13,東京都,40,福岡県,10,混載,503.9608776,96.64522143,0.0,7.452830189,,Tokyo outbound,40,福岡県,503.9608776,96.64522143,0.0,7.452830189
13,東京都,41,佐賀県,10,混載,47.68519857,13.09115909,0.0,0.0,,Tokyo outbound,41,佐賀県,47.68519857,13.09115909,0.0,0.0
13,東京都,42,長崎県,10,混載,81.87420455,18.93097727,0.0,0.0,,Tokyo outbound,42,長崎県,81.87420455,18.93097727,0.0,0.0
13,東京都,43,熊本県,10,混載,120.3744524,26.04288636,0.0,0.0,,Tokyo outbound,43,熊本県,120.3744524,26.04288636,0.0,0.0
13,東京都,44,大分県,10,混載,65.16202273,14.37404546,0.0,0.0,,Tokyo outbound,44,大分県,65.16202273,14.37404546,0.0,0.0
13,東京都,45,宮崎県,10,混載,59.18943301,14.02754546,0.0,0.0,,Tokyo outbound,45,宮崎県,59.18943301,14.02754546,0.0,0.0
13,東京都,46,鹿児島県,10,混載,107.22345,24.841,0.0,12.18181818,,Tokyo outbound,46,鹿児島県,107.22345,24.841,0.0,12.18181818
13,東京都,47,沖縄県,10,混載,104.6726558,20.22220455,0.0,0.0,,Tokyo outbound,47,沖縄県,104.6726558,20.22220455,0.0,0.0
13,東京都,90,全国,10,混載,86.89240184,0.0,6.452830189,0.0,,Tokyo outbound,90,全国,86.89240184,0.0,6.452830189,0.0
13,東京都,92,東北,10,混載,345.6,435.2903226,412.0,412.0,,Tokyo outbound,92,東北,345.6,435.2903226,412.0,412.0
13,東京都,93,海外,10,混載,169.3333333,9694.778852,44.0,72.0,,Tokyo outbound,93,海外,169.3333333,9694.778852,44.0,72.0
13,東京都,94,不特定,10,混載,309.1567742,0.0,30.3,0.0,,Tokyo outbound,94,不特定,309.1567742,0.0,30.3,0.0
13,東京都,99,全て不明,10,混載,0.0,0.005712042,0.0,0.0,,Tokyo outbound,99,全て不明,0.0,0.005712042,0.0,0.0
14,神奈川県,13,東京都,10,混載,1778.094513,2923.253606,205.2170753,253.0469081,,Tokyo inbound,14,神奈川県,2923.253606,1778.094513,253.0469081,205.2170753
15,新潟県,13,東京都,10,混載,181.8591048,265.9567057,4.153846154,14.25874126,,Tokyo inbound,15,新潟県,265.9567057,181.8591048,14.25874126,4.153846154
16,富山県,13,東京都,10,混載,47.7785,96.45905909,0.0,0.0,,Tokyo inbound,16,富山県,96.45905909,47.7785,0.0,0.0
17,石川県,13,東京都,10,混載,64.18746519,111.0133609,0.0,0.0,,Tokyo inbound,17,石川県,111.0133609,64.18746519,0.0,0.0
18,福井県,13,東京都,10,混載,49.49884091,74.58460105,0.0,0.0,,Tokyo inbound,18,福井県,74.58460105,49.49884091,0.0,0.0
19,山梨県,13,東京都,10,混載,98.74938737,124.0234426,0.0,0.0,,Tokyo inbound,19,山梨県,124.0234426,98.74938737,0.0,0.0
20,長野県,13,東京都,10,混載,153.985292,364.4062065,4.153846154,15.07435897,,Tokyo inbound,20,長野県,364.4062065,153.985292,15.07435897,4.153846154
21,岐阜県,13,東京都,10,混載,119.2322619,163.1987938,12.18181818,0.0,,Tokyo inbound,21,岐阜県,163.1987938,119.2322619,0.0,12.18181818
22,静岡県,13,東京都,10,混載,213.0992321,512.4244305,0.0,133.301061,,Tokyo inbound,22,静岡県,512.4244305,213.0992321,133.301061,0.0
23,愛知県,13,東京都,10,混載,378.1913337,962.8284777,124.7241379,246.1982759,,Tokyo inbound,23,愛知県,962.8284777,378.1913337,246.1982759,124.7241379
24,三重県,13,東京都,10,混載,74.02211364,150.3326682,0.0,0.0,,Tokyo inbound,24,三重県,150.3326682,74.02211364,0.0,0.0
25,滋賀県,13,東京都,10,混載,51.14295426,118.8468182,0.0,0.0,,Tokyo inbound,25,滋賀県,118.8468182,51.14295426,0.0,0.0
26,京都府,13,東京都,10,混載,154.2302356,392.0876796,0.0,106.6153846,,Tokyo inbound,26,京都府,392.0876796,154.2302356,106.6153846,0.0
27,大阪府,13,東京都,10,混載,858.932155,1246.063588,8.846846847,15.61351351,,Tokyo inbound,27,大阪府,1246.063588,858.932155,15.61351351,8.846846847
28,兵庫県,13,東京都,10,混載,391.7027207,704.9476294,21.52594774,13.53333333,,Tokyo inbound,28,兵庫県,704.9476294,391.7027207,13.53333333,21.52594774
29,奈良県,13,東京都,10,混載,48.23165909,109.7900344,0.0,0.0,,Tokyo inbound,29,奈良県,109.7900344,48.23165909,0.0,0.0
30,和歌山県,13,東京都,10,混載,49.56922727,62.01229546,0.0,0.0,,Tokyo inbound,30,和歌山県,62.01229546,49.56922727,0.0,0.0
32,島根県,13,東京都,10,混載,0.0,24.5325,0.0,0.0,,Tokyo inbound,32,島根県,24.5325,0.0,0.0,0.0
33,岡山県,13,東京都,10,混載,89.64818788,263.073393,0.0,0.0,,Tokyo inbound,33,岡山県,263.073393,89.64818788,0.0,0.0
34,広島県,13,東京都,10,混載,72.39349708,181.9270356,0.0,0.0,,Tokyo inbound,34,広島県,181.9270356,72.39349708,0.0,0.0
35,山口県,13,東京都,10,混載,25.99763636,85.06002378,0.0,0.0,,Tokyo inbound,35,山口県,85.06002378,25.99763636,0.0,0.0
36,徳島県,13,東京都,10,混載,36.80360839,46.91811364,6.230769231,0.0,,Tokyo inbound,36,徳島県,46.91811364,36.80360839,0.0,6.230769231
37,香川県,13,東京都,10,混載,37.65438312,90.10967727,4.821428571,0.0,,Tokyo inbound,37,香川県,90.10967727,37.65438312,0.0,4.821428571
38,愛媛県,13,東京都,10,混載,23.04709091,72.6135,0.0,0.0,,Tokyo inbound,38,愛媛県,72.6135,23.04709091,0.0,0.0
39,高知県,13,東京都,10,混載,19.81370455,44.20715909,0.0,0.0,,Tokyo inbound,39,高知県,44.20715909,19.81370455,0.0,0.0
40,福岡県,13,東京都,10,混載,96.64522143,503.9608776,7.452830189,0.0,,Tokyo inbound,40,福岡県,503.9608776,96.64522143,0.0,7.452830189
41,佐賀県,13,東京都,10,混載,13.09115909,47.68519857,0.0,0.0,,Tokyo inbound,41,佐賀県,47.68519857,13.09115909,0.0,0.0
42,長崎県,13,東京都,10,混載,18.93097727,81.87420455,0.0,0.0,,Tokyo inbound,42,長崎県,81.87420455,18.93097727,0.0,0.0
43,熊本県,13,東京都,10,混載,26.04288636,120.3744524,0.0,0.0,,Tokyo inbound,43,熊本県,120.3744524,26.04288636,0.0,0.0
44,大分県,13,東京都,10,混載,14.37404546,65.16202273,0.0,0.0,,Tokyo inbound,44,大分県,65.16202273,14.37404546,0.0,0.0
45,宮崎県,13,東京都,10,混載,14.02754546,59.18943301,0.0,0.0,,Tokyo inbound,45,宮崎県,59.18943301,14.02754546,0.0,0.0
46,鹿児島県,13,東京都,10,混載,24.841,107.22345,12.18181818,0.0,,Tokyo inbound,46,鹿児島県,107.22345,24.841,0.0,12.18181818
47,沖縄県,13,東京都,10,混載,20.22220455,104.6726558,0.0,0.0,,Tokyo inbound,47,沖縄県,104.6726558,20.22220455,0.0,0.0
90,全国,13,東京都,10,混載,0.0,86.89240184,0.0,6.452830189,,Tokyo inbound,90,全国,86.89240184,0.0,6.452830189,0.0
92,東北,13,東京都,10,混載,435.2903226,345.6,412.0,412.0,,Tokyo inbound,92,東北,345.6,435.2903226,412.0,412.0
93,海外,13,東京都,10,混載,9694.778852,169.3333333,72.0,44.0,,Tokyo inbound,93,海外,169.3333333,9694.778852,44.0,72.0
94,不特定,13,東京都,10,混載,0.0,309.1567742,0.0,30.3,,Tokyo inbound,94,不特定,309.1567742,0.0,30.3,0.0
99,全て不明,13,東京都,10,混載,0.005712042,0.0,0.0,0.0,,Tokyo inbound,99,全て不明,0.0,0.005712042,0.0,0.0
1,北海道,13,東京都,90,不明,1.288363636,24.42489815,0.0,2.125,,Tokyo inbound,1,北海道,24.42489815,1.288363636,2.125,0.0
2,青森県,13,東京都,90,不明,0.0,1.284522244,0.0,0.0,,Tokyo inbound,2,青森県,1.284522244,0.0,0.0,0.0
3,岩手県,13,東京都,90,不明,0.053626374,0.061277778,0.0,0.0,,Tokyo inbound,3,岩手県,0.061277778,0.053626374,0.0,0.0
4,宮城県,13,東京都,90,不明,0.3655,0.930317021,0.0,6.894422311,,Tokyo inbound,4,宮城県,0.930317021,0.3655,6.894422311,0.0
5,秋田県,13,東京都,90,不明,0.0,5.050885714,0.0,0.0,,Tokyo inbound,5,秋田県,5.050885714,0.0,0.0,0.0
6,山形県,13,東京都,90,不明,0.085272727,90.77653002,0.0,0.0,,Tokyo inbound,6,山形県,90.77653002,0.085272727,0.0,0.0
7,福島県,13,東京都,90,不明,25.0,518.9946382,0.0,0.0,,Tokyo inbound,7,福島県,518.9946382,25.0,0.0,0.0
8,茨城県,13,東京都,90,不明,1753.102321,974.2937098,330.0491584,89.24518339,,Tokyo inbound,8,茨城県,974.2937098,1753.102321,89.24518339,330.0491584
9,栃木県,13,東京都,90,不明,1.564831129,1700.67788,0.0,10.46153846,,Tokyo inbound,9,栃木県,1700.67788,1.564831129,10.46153846,0.0
10,群馬県,13,東京都,90,不明,179.7852713,1973.211134,0.0,16.87812912,,Tokyo inbound,10,群馬県,1973.211134,179.7852713,16.87812912,0.0
11,埼玉県,13,東京都,90,不明,1488.608122,2661.317982,1066.576255,126.9605852,,Tokyo inbound,11,埼玉県,2661.317982,1488.608122,126.9605852,1066.576255
12,千葉県,13,東京都,90,不明,3036.899759,5277.846411,363.631324,366.2662597,,Tokyo inbound,12,千葉県,5277.846411,3036.899759,366.2662597,363.631324
13,東京都,1,北海道,90,不明,24.42489815,1.288363636,2.125,0.0,,Tokyo outbound,1,北海道,24.42489815,1.288363636,2.125,0.0
13,東京都,2,青森県,90,不明,1.284522244,0.0,0.0,0.0,,Tokyo outbound,2,青森県,1.284522244,0.0,0.0,0.0
13,東京都,3,岩手県,90,不明,0.061277778,0.053626374,0.0,0.0,,Tokyo outbound,3,岩手県,0.061277778,0.053626374,0.0,0.0
13,東京都,4,宮城県,90,不明,0.930317021,0.3655,6.894422311,0.0,,Tokyo outbound,4,宮城県,0.930317021,0.3655,6.894422311,0.0
13,東京都,5,秋田県,90,不明,5.050885714,0.0,0.0,0.0,,Tokyo outbound,5,秋田県,5.050885714,0.0,0.0,0.0
13,東京都,6,山形県,90,不明,90.77653002,0.085272727,0.0,0.0,,Tokyo outbound,6,山形県,90.77653002,0.085272727,0.0,0.0
13,東京都,7,福島県,90,不明,518.9946382,25.0,0.0,0.0,,Tokyo outbound,7,福島県,518.9946382,25.0,0.0,0.0
13,東京都,8,茨城県,90,不明,974.2937098,1753.102321,89.24518339,330.0491584,,Tokyo outbound,8,茨城県,974.2937098,1753.102321,89.24518339,330.0491584
13,東京都,9,栃木県,90,不明,1700.67788,1.564831129,10.46153846,0.0,,Tokyo outbound,9,栃木県,1700.67788,1.564831129,10.46153846,0.0
13,東京都,10,群馬県,90,不明,1973.211134,179.7852713,16.87812912,0.0,,Tokyo outbound,10,群馬県,1973.211134,179.7852713,16.87812912,0.0
13,東京都,11,埼玉県,90,不明,2661.317982,1488.608122,126.9605852,1066.576255,,Tokyo outbound,11,埼玉県,2661.317982,1488.608122,126.9605852,1066.576255
13,東京都,12,千葉県,90,不明,5277.846411,3036.899759,366.2662597,363.631324,,Tokyo outbound,12,千葉県,5277.846411,3036.899759,366.2662597,363.631324
13,東京都,13,東京都,90,不明,36960.38201,36960.38201,1739.801162,1739.801162,,Tokyo outbound,13,東京都,36960.38201,36960.38201,1739.801162,1739.801162
13,東京都,14,神奈川県,90,不明,1914.621123,2898.924361,345.8186398,489.8263769,,Tokyo outbound,14,神奈川県,1914.621123,2898.924361,345.8186398,489.8263769
13,東京都,15,新潟県,90,不明,0.333685428,5.799587912,0.0,0.0,,Tokyo outbound,15,新潟県,0.333685428,5.799587912,0.0,0.0
13,東京都,16,富山県,90,不明,0.018666667,1.565217391,0.0,0.0,,Tokyo outbound,16,富山県,0.018666667,1.565217391,0.0,0.0
13,東京都,17,石川県,90,不明,17.02366667,0.0,0.0,0.0,,Tokyo outbound,17,石川県,17.02366667,0.0,0.0,0.0
13,東京都,19,山梨県,90,不明,108.9744859,122.3846334,35.67948718,4.0,,Tokyo outbound,19,山梨県,108.9744859,122.3846334,35.67948718,4.0
13,東京都,20,長野県,90,不明,41.67824066,87.18226211,20.41025641,0.0,,Tokyo outbound,20,長野県,41.67824066,87.18226211,20.41025641,0.0
13,東京都,21,岐阜県,90,不明,22.08530238,0.456963351,0.0,0.0,,Tokyo outbound,21,岐阜県,22.08530238,0.456963351,0.0,0.0
13,東京都,22,静岡県,90,不明,283.5368187,7.199907157,0.0,4.0,,Tokyo outbound,22,静岡県,283.5368187,7.199907157,0.0,4.0
13,東京都,23,愛知県,90,不明,9.376987785,15.38951968,6.894422311,0.0,,Tokyo outbound,23,愛知県,9.376987785,15.38951968,6.894422311,0.0
13,東京都,25,滋賀県,90,不明,17.01718182,0.073545455,0.0,0.0,,Tokyo outbound,25,滋賀県,17.01718182,0.073545455,0.0,0.0
13,東京都,26,京都府,90,不明,0.086649557,0.054858778,6.894422311,0.0,,Tokyo outbound,26,京都府,0.086649557,0.054858778,6.894422311,0.0
13,東京都,27,大阪府,90,不明,56.94371509,18.73259625,13.35596077,0.0,,Tokyo outbound,27,大阪府,56.94371509,18.73259625,13.35596077,0.0
13,東京都,28,兵庫県,90,不明,24.71098648,19.88476818,2.125,0.0,,Tokyo outbound,28,兵庫県,24.71098648,19.88476818,2.125,0.0
13,東京都,29,奈良県,90,不明,1.470909091,0.0,0.0,0.0,,Tokyo outbound,29,奈良県,1.470909091,0.0,0.0,0.0
13,東京都,30,和歌山県,90,不明,0.147090909,0.0,0.0,0.0,,Tokyo outbound,30,和歌山県,0.147090909,0.0,0.0,0.0
13,東京都,31,鳥取県,90,不明,0.0,6.48,0.0,0.0,,Tokyo outbound,31,鳥取県,0.0,6.48,0.0,0.0
13,東京都,33,岡山県,90,不明,0.0,0.25765327,0.0,0.0,,Tokyo outbound,33,岡山県,0.0,0.25765327,0.0,0.0
13,東京都,34,広島県,90,不明,0.125685185,32.97120419,0.0,0.0,,Tokyo outbound,34,広島県,0.125685185,32.97120419,0.0,0.0
13,東京都,35,山口県,90,不明,0.024363636,0.0,0.0,0.0,,Tokyo outbound,35,山口県,0.024363636,0.0,0.0,0.0
13,東京都,38,愛媛県,90,不明,0.0623,0.0,0.0,0.0,,Tokyo outbound,38,愛媛県,0.0623,0.0,0.0,0.0
13,東京都,40,福岡県,90,不明,0.292789971,48.49707602,0.0,0.0,,Tokyo outbound,40,福岡県,0.292789971,48.49707602,0.0,0.0
13,東京都,42,長崎県,90,不明,0.118611688,0.0,0.0,0.0,,Tokyo outbound,42,長崎県,0.118611688,0.0,0.0,0.0
13,東京都,43,熊本県,90,不明,17.05972078,0.0,0.0,0.0,,Tokyo outbound,43,熊本県,17.05972078,0.0,0.0,0.0
13,東京都,44,大分県,90,不明,0.134681818,0.0,0.0,0.0,,Tokyo outbound,44,大分県,0.134681818,0.0,0.0,0.0
13,東京都,46,鹿児島県,90,不明,0.0,0.285602094,0.0,0.0,,Tokyo outbound,46,鹿児島県,0.0,0.285602094,0.0,0.0
13,東京都,47,沖縄県,90,不明,0.016125,0.0,0.0,0.0,,Tokyo outbound,47,沖縄県,0.016125,0.0,0.0,0.0
13,東京都,90,全国,90,不明,786.1557918,825.3066667,273.7888446,369.92,,Tokyo outbound,90,全国,786.1557918,825.3066667,273.7888446,369.92
13,東京都,91,東日本,90,不明,0.0,3.045454546,0.0,0.0,,Tokyo outbound,91,東日本,0.0,3.045454546,0.0,0.0
13,東京都,92,東北,90,不明,156.6301938,3.014138022,591.3374913,11.42408377,,Tokyo outbound,92,東北,156.6301938,3.014138022,591.3374913,11.42408377
13,東京都,93,海外,90,不明,2574.766965,1598.727234,0.0,5.333333333,,Tokyo outbound,93,海外,2574.766965,1598.727234,0.0,5.333333333
13,東京都,94,不特定,90,不明,1066.601314,0.0,42.75675676,0.0,,Tokyo outbound,94,不特定,1066.601314,0.0,42.75675676,0.0
13,東京都,99,全て不明,90,不明,276.9435294,11.53488101,0.0,0.0,,Tokyo outbound,99,全て不明,276.9435294,11.53488101,0.0,0.0
14,神奈川県,13,東京都,90,不明,2898.924361,1914.621123,489.8263769,345.8186398,,Tokyo inbound,14,神奈川県,1914.621123,2898.924361,345.8186398,489.8263769
15,新潟県,13,東京都,90,不明,5.799587912,0.333685428,0.0,0.0,,Tokyo inbound,15,新潟県,0.333685428,5.799587912,0.0,0.0
16,富山県,13,東京都,90,不明,1.565217391,0.018666667,0.0,0.0,,Tokyo inbound,16,富山県,0.018666667,1.565217391,0.0,0.0
17,石川県,13,東京都,90,不明,0.0,17.02366667,0.0,0.0,,Tokyo inbound,17,石川県,17.02366667,0.0,0.0,0.0
19,山梨県,13,東京都,90,不明,122.3846334,108.9744859,4.0,35.67948718,,Tokyo inbound,19,山梨県,108.9744859,122.3846334,35.67948718,4.0
20,長野県,13,東京都,90,不明,87.18226211,41.67824066,0.0,20.41025641,,Tokyo inbound,20,長野県,41.67824066,87.18226211,20.41025641,0.0
21,岐阜県,13,東京都,90,不明,0.456963351,22.08530238,0.0,0.0,,Tokyo inbound,21,岐阜県,22.08530238,0.456963351,0.0,0.0
22,静岡県,13,東京都,90,不明,7.199907157,283.5368187,4.0,0.0,,Tokyo inbound,22,静岡県,283.5368187,7.199907157,0.0,4.0
23,愛知県,13,東京都,90,不明,15.38951968,9.376987785,0.0,6.894422311,,Tokyo inbound,23,愛知県,9.376987785,15.38951968,6.894422311,0.0
25,滋賀県,13,東京都,90,不明,0.073545455,17.01718182,0.0,0.0,,Tokyo inbound,25,滋賀県,17.01718182,0.073545455,0.0,0.0
26,京都府,13,東京都,90,不明,0.054858778,0.086649557,0.0,6.894422311,,Tokyo inbound,26,京都府,0.086649557,0.054858778,6.894422311,0.0
27,大阪府,13,東京都,90,不明,18.73259625,56.94371509,0.0,13.35596077,,Tokyo inbound,27,大阪府,56.94371509,18.73259625,13.35596077,0.0
28,兵庫県,13,東京都,90,不明,19.88476818,24.71098648,0.0,2.125,,Tokyo inbound,28,兵庫県,24.71098648,19.88476818,2.125,0.0
29,奈良県,13,東京都,90,不明,0.0,1.470909091,0.0,0.0,,Tokyo inbound,29,奈良県,1.470909091,0.0,0.0,0.0
30,和歌山県,13,東京都,90,不明,0.0,0.147090909,0.0,0.0,,Tokyo inbound,30,和歌山県,0.147090909,0.0,0.0,0.0
31,鳥取県,13,東京都,90,不明,6.48,0.0,0.0,0.0,,Tokyo inbound,31,鳥取県,0.0,6.48,0.0,0.0
33,岡山県,13,東京都,90,不明,0.25765327,0.0,0.0,0.0,,Tokyo inbound,33,岡山県,0.0,0.25765327,0.0,0.0
34,広島県,13,東京都,90,不明,32.97120419,0.125685185,0.0,0.0,,Tokyo inbound,34,広島県,0.125685185,32.97120419,0.0,0.0
35,山口県,13,東京都,90,不明,0.0,0.024363636,0.0,0.0,,Tokyo inbound,35,山口県,0.024363636,0.0,0.0,0.0
38,愛媛県,13,東京都,90,不明,0.0,0.0623,0.0,0.0,,Tokyo inbound,38,愛媛県,0.0623,0.0,0.0,0.0
40,福岡県,13,東京都,90,不明,48.49707602,0.292789971,0.0,0.0,,Tokyo inbound,40,福岡県,0.292789971,48.49707602,0.0,0.0
42,長崎県,13,東京都,90,不明,0.0,0.118611688,0.0,0.0,,Tokyo inbound,42,長崎県,0.118611688,0.0,0.0,0.0
43,熊本県,13,東京都,90,不明,0.0,17.05972078,0.0,0.0,,Tokyo inbound,43,熊本県,17.05972078,0.0,0.0,0.0
44,大分県,13,東京都,90,不明,0.0,0.134681818,0.0,0.0,,Tokyo inbound,44,大分県,0.134681818,0.0,0.0,0.0
46,鹿児島県,13,東京都,90,不明,0.285602094,0.0,0.0,0.0,,Tokyo inbound,46,鹿児島県,0.0,0.285602094,0.0,0.0
47,沖縄県,13,東京都,90,不明,0.0,0.016125,0.0,0.0,,Tokyo inbound,47,沖縄県,0.016125,0.0,0.0,0.0
90,全国,13,東京都,90,不明,825.3066667,786.1557918,369.92,273.7888446,,Tokyo inbound,90,全国,786.1557918,825.3066667,273.7888446,369.92
91,東日本,13,東京都,90,不明,3.045454546,0.0,0.0,0.0,,Tokyo inbound,91,東日本,0.0,3.045454546,0.0,0.0
92,東北,13,東京都,90,不明,3.014138022,156.6301938,11.42408377,591.3374913,,Tokyo inbound,92,東北,156.6301938,3.014138022,591.3374913,11.42408377
93,海外,13,東京都,90,不明,1598.727234,2574.766965,5.333333333,0.0,,Tokyo inbound,93,海外,2574.766965,1598.727234,0.0,5.333333333
94,不特定,13,東京都,90,不明,0.0,1066.601314,0.0,42.75675676,,Tokyo inbound,94,不特定,1066.601314,0.0,42.75675676,0.0
99,全て不明,13,東京都,90,不明,11.53488101,276.9435294,0.0,0.0,,Tokyo inbound,99,全て不明,276.9435294,11.53488101,0.0,0.0
1,北海道,13,東京都,99,品目計,15016.38008,3464.273723,93.60124362,664.6667954,,Tokyo inbound,1,北海道,3464.273723,15016.38008,664.6667954,93.60124362
2,青森県,13,東京都,99,品目計,3632.242957,518.1942415,117.4835865,257.4356942,,Tokyo inbound,2,青森県,518.1942415,3632.242957,257.4356942,117.4835865
3,岩手県,13,東京都,99,品目計,11483.14637,683.5467033,13.56684958,170.6826238,,Tokyo inbound,3,岩手県,683.5467033,11483.14637,170.6826238,13.56684958
4,宮城県,13,東京都,99,品目計,535.6142214,2609.850646,230.7430708,587.8482007,,Tokyo inbound,4,宮城県,2609.850646,535.6142214,587.8482007,230.7430708
5,秋田県,13,東京都,99,品目計,346.4908072,360.2245066,50.13421053,92.01501343,,Tokyo inbound,5,秋田県,360.2245066,346.4908072,92.01501343,50.13421053
6,山形県,13,東京都,99,品目計,760.3526818,1392.485629,62.25648865,516.5821284,,Tokyo inbound,6,山形県,1392.485629,760.3526818,516.5821284,62.25648865
7,福島県,13,東京都,99,品目計,3904.420001,2618.572177,71.54731668,363.9046822,,Tokyo inbound,7,福島県,2618.572177,3904.420001,363.9046822,71.54731668
8,茨城県,13,東京都,99,品目計,40884.23882,13135.62059,5330.686993,1708.237369,,Tokyo inbound,8,茨城県,13135.62059,40884.23882,1708.237369,5330.686993
9,栃木県,13,東京都,99,品目計,7464.441011,8762.58484,230.9600996,1326.672144,,Tokyo inbound,9,栃木県,8762.58484,7464.441011,1326.672144,230.9600996
10,群馬県,13,東京都,99,品目計,4426.232984,10521.61858,139.0925307,1861.838847,,Tokyo inbound,10,群馬県,10521.61858,4426.232984,1861.838847,139.0925307
11,埼玉県,13,東京都,99,品目計,83072.87553,68472.4402,29291.69157,10165.20463,,Tokyo inbound,11,埼玉県,68472.4402,83072.87553,10165.20463,29291.69157
12,千葉県,13,東京都,99,品目計,81385.91562,55679.10533,7580.350763,6315.467192,,Tokyo inbound,12,千葉県,55679.10533,81385.91562,6315.467192,7580.350763
13,東京都,1,北海道,99,品目計,3464.273723,15016.38008,664.6667954,93.60124362,,Tokyo outbound,1,北海道,3464.273723,15016.38008,664.6667954,93.60124362
13,東京都,2,青森県,99,品目計,518.1942415,3632.242957,257.4356942,117.4835865,,Tokyo outbound,2,青森県,518.1942415,3632.242957,257.4356942,117.4835865
13,東京都,3,岩手県,99,品目計,683.5467033,11483.14637,170.6826238,13.56684958,,Tokyo outbound,3,岩手県,683.5467033,11483.14637,170.6826238,13.56684958
13,東京都,4,宮城県,99,品目計,2609.850646,535.6142214,587.8482007,230.7430708,,Tokyo outbound,4,宮城県,2609.850646,535.6142214,587.8482007,230.7430708
13,東京都,5,秋田県,99,品目計,360.2245066,346.4908072,92.01501343,50.13421053,,Tokyo outbound,5,秋田県,360.2245066,346.4908072,92.01501343,50.13421053
13,東京都,6,山形県,99,品目計,1392.485629,760.3526818,516.5821284,62.25648865,,Tokyo outbound,6,山形県,1392.485629,760.3526818,516.5821284,62.25648865
13,東京都,7,福島県,99,品目計,2618.572177,3904.420001,363.9046822,71.54731668,,Tokyo outbound,7,福島県,2618.572177,3904.420001,363.9046822,71.54731668
13,東京都,8,茨城県,99,品目計,13135.62059,40884.23882,1708.237369,5330.686993,,Tokyo outbound,8,茨城県,13135.62059,40884.23882,1708.237369,5330.686993
13,東京都,9,栃木県,99,品目計,8762.58484,7464.441011,1326.672144,230.9600996,,Tokyo outbound,9,栃木県,8762.58484,7464.441011,1326.672144,230.9600996
13,東京都,10,群馬県,99,品目計,10521.61858,4426.232984,1861.838847,139.0925307,,Tokyo outbound,10,群馬県,10521.61858,4426.232984,1861.838847,139.0925307
13,東京都,11,埼玉県,99,品目計,68472.4402,83072.87553,10165.20463,29291.69157,,Tokyo outbound,11,埼玉県,68472.4402,83072.87553,10165.20463,29291.69157
13,東京都,12,千葉県,99,品目計,55679.10533,81385.91562,6315.467192,7580.350763,,Tokyo outbound,12,千葉県,55679.10533,81385.91562,6315.467192,7580.350763
13,東京都,13,東京都,99,品目計,435439.8826,435439.8826,44350.11123,44350.11123,,Tokyo outbound,13,東京都,435439.8826,435439.8826,44350.11123,44350.11123
13,東京都,14,神奈川県,99,品目計,66584.33298,102618.2151,6642.839038,8687.058783,,Tokyo outbound,14,神奈川県,66584.33298,102618.2151,6642.839038,8687.058783
13,東京都,15,新潟県,99,品目計,1849.547155,1322.414141,439.9049311,36.47807692,,Tokyo outbound,15,新潟県,1849.547155,1322.414141,439.9049311,36.47807692
13,東京都,16,富山県,99,品目計,708.6686616,1354.290741,506.6065721,4.653846154,,Tokyo outbound,16,富山県,708.6686616,1354.290741,506.6065721,4.653846154
13,東京都,17,石川県,99,品目計,823.4593033,235.5549148,126.6059913,13.46076923,,Tokyo outbound,17,石川県,823.4593033,235.5549148,126.6059913,13.46076923
13,東京都,18,福井県,99,品目計,164.6856091,157.0397845,90.69528766,27.95797101,,Tokyo outbound,18,福井県,164.6856091,157.0397845,90.69528766,27.95797101
13,東京都,19,山梨県,99,品目計,2331.657704,1325.80749,265.1493854,69.88932734,,Tokyo outbound,19,山梨県,2331.657704,1325.80749,265.1493854,69.88932734
13,東京都,20,長野県,99,品目計,3009.995748,1076.087417,440.6837767,80.42405169,,Tokyo outbound,20,長野県,3009.995748,1076.087417,440.6837767,80.42405169
13,東京都,21,岐阜県,99,品目計,573.1795714,5682.621446,229.889305,19.13896104,,Tokyo outbound,21,岐阜県,573.1795714,5682.621446,229.889305,19.13896104
13,東京都,22,静岡県,99,品目計,4391.522683,2738.070789,940.3777486,96.70205018,,Tokyo outbound,22,静岡県,4391.522683,2738.070789,940.3777486,96.70205018
13,東京都,23,愛知県,99,品目計,4648.767517,5161.55437,1177.540676,324.0658874,,Tokyo outbound,23,愛知県,4648.767517,5161.55437,1177.540676,324.0658874
13,東京都,24,三重県,99,品目計,607.2643813,1258.903316,179.9722412,41.89339019,,Tokyo outbound,24,三重県,607.2643813,1258.903316,179.9722412,41.89339019
13,東京都,25,滋賀県,99,品目計,398.9038124,374.9915976,111.8643946,30.22719298,,Tokyo outbound,25,滋賀県,398.9038124,374.9915976,111.8643946,30.22719298
13,東京都,26,京都府,99,品目計,912.6456918,453.3882966,334.5932868,86.17193861,,Tokyo outbound,26,京都府,912.6456918,453.3882966,334.5932868,86.17193861
13,東京都,27,大阪府,99,品目計,5643.152764,6376.492276,905.0632812,127.7003322,,Tokyo outbound,27,大阪府,5643.152764,6376.492276,905.0632812,127.7003322
13,東京都,28,兵庫県,99,品目計,3935.602933,2393.073924,446.426721,59.0961209,,Tokyo outbound,28,兵庫県,3935.602933,2393.073924,446.426721,59.0961209
13,東京都,29,奈良県,99,品目計,182.6869636,602.524644,133.0227106,12.4,,Tokyo outbound,29,奈良県,182.6869636,602.524644,133.0227106,12.4
13,東京都,30,和歌山県,99,品目計,107.6742035,1597.586811,101.2710452,6.426356589,,Tokyo outbound,30,和歌山県,107.6742035,1597.586811,101.2710452,6.426356589
13,東京都,31,鳥取県,99,品目計,34.29910423,581.6011098,164.461685,4.686567164,,Tokyo outbound,31,鳥取県,34.29910423,581.6011098,164.461685,4.686567164
13,東京都,32,島根県,99,品目計,32.06133243,12.13605749,44.60437857,0.0,,Tokyo outbound,32,島根県,32.06133243,12.13605749,44.60437857,0.0
13,東京都,33,岡山県,99,品目計,392.9861966,2352.658405,211.2980763,18.88635659,,Tokyo outbound,33,岡山県,392.9861966,2352.658405,211.2980763,18.88635659
13,東京都,34,広島県,99,品目計,396.5857417,2586.40556,294.4023929,22.02303483,,Tokyo outbound,34,広島県,396.5857417,2586.40556,294.4023929,22.02303483
13,東京都,35,山口県,99,品目計,162.6868388,11022.2194,156.8267866,23.43283582,,Tokyo outbound,35,山口県,162.6868388,11022.2194,156.8267866,23.43283582
13,東京都,36,徳島県,99,品目計,1340.402982,2775.219533,130.2177119,186.2307692,,Tokyo outbound,36,徳島県,1340.402982,2775.219533,130.2177119,186.2307692
13,東京都,37,香川県,99,品目計,143.0500042,221.0072629,75.25138351,11.05142857,,Tokyo outbound,37,香川県,143.0500042,221.0072629,75.25138351,11.05142857
13,東京都,38,愛媛県,99,品目計,194.7422038,834.284686,150.6166783,6.426356589,,Tokyo outbound,38,愛媛県,194.7422038,834.284686,150.6166783,6.426356589
13,東京都,39,高知県,99,品目計,58.63502006,2427.550241,131.4769231,0.0,,Tokyo outbound,39,高知県,58.63502006,2427.550241,131.4769231,0.0
13,東京都,40,福岡県,99,品目計,5734.524408,6110.328275,678.8459078,218.4633418,,Tokyo outbound,40,福岡県,5734.524408,6110.328275,678.8459078,218.4633418
13,東京都,41,佐賀県,99,品目計,218.244787,540.153446,131.1754958,33.02194444,,Tokyo outbound,41,佐賀県,218.244787,540.153446,131.1754958,33.02194444
13,東京都,42,長崎県,99,品目計,167.3925411,121.4073082,131.0935982,1.733333333,,Tokyo outbound,42,長崎県,167.3925411,121.4073082,131.0935982,1.733333333
13,東京都,43,熊本県,99,品目計,351.0775642,410.1563083,86.08896051,18.87788331,,Tokyo outbound,43,熊本県,351.0775642,410.1563083,86.08896051,18.87788331
13,東京都,44,大分県,99,品目計,207.3083258,4091.023726,127.4643773,24.64772727,,Tokyo outbound,44,大分県,207.3083258,4091.023726,127.4643773,24.64772727
13,東京都,45,宮崎県,99,品目計,144.0764846,606.7662952,96.07312857,49.46202171,,Tokyo outbound,45,宮崎県,144.0764846,606.7662952,96.07312857,49.46202171
13,東京都,46,鹿児島県,99,品目計,228.9919261,594.3568596,96.46919733,29.46,,Tokyo outbound,46,鹿児島県,228.9919261,594.3568596,96.46919733,29.46
13,東京都,47,沖縄県,99,品目計,405.7505049,61.28668227,129.4812821,13.08714286,,Tokyo outbound,47,沖縄県,405.7505049,61.28668227,129.4812821,13.08714286
13,東京都,90,全国,99,品目計,11129.40721,9776.561332,451.8671947,777.2690083,,Tokyo outbound,90,全国,11129.40721,9776.561332,451.8671947,777.2690083
13,東京都,91,東日本,99,品目計,0.03,149.220979,0.0,193.8461539,,Tokyo outbound,91,東日本,0.03,149.220979,0.0,193.8461539
13,東京都,92,東北,99,品目計,779.407525,2276.162105,1361.75762,622.4487044,,Tokyo outbound,92,東北,779.407525,2276.162105,1361.75762,622.4487044
13,東京都,93,海外,99,品目計,11598.75505,27940.13964,292.9266526,250.6676231,,Tokyo outbound,93,海外,11598.75505,27940.13964,292.9266526,250.6676231
13,東京都,94,不特定,99,品目計,8773.338501,591.4990559,176.7234234,77.5,,Tokyo outbound,94,不特定,8773.338501,591.4990559,176.7234234,77.5
13,東京都,99,全て不明,99,品目計,2977.558754,1484.449834,437.4596913,39.03075489,,Tokyo outbound,99,全て不明,2977.558754,1484.449834,437.4596913,39.03075489
14,神奈川県,13,東京都,99,品目計,102618.2151,66584.33298,8687.058783,6642.839038,,Tokyo inbound,14,神奈川県,66584.33298,102618.2151,6642.839038,8687.058783
15,新潟県,13,東京都,99,品目計,1322.414141,1849.547155,36.47807692,439.9049311,,Tokyo inbound,15,新潟県,1849.547155,1322.414141,439.9049311,36.47807692
16,富山県,13,東京都,99,品目計,1354.290741,708.6686616,4.653846154,506.6065721,,Tokyo inbound,16,富山県,708.6686616,1354.290741,506.6065721,4.653846154
17,石川県,13,東京都,99,品目計,235.5549148,823.4593033,13.46076923,126.6059913,,Tokyo inbound,17,石川県,823.4593033,235.5549148,126.6059913,13.46076923
18,福井県,13,東京都,99,品目計,157.0397845,164.6856091,27.95797101,90.69528766,,Tokyo inbound,18,福井県,164.6856091,157.0397845,90.69528766,27.95797101
19,山梨県,13,東京都,99,品目計,1325.80749,2331.657704,69.88932734,265.1493854,,Tokyo inbound,19,山梨県,2331.657704,1325.80749,265.1493854,69.88932734
20,長野県,13,東京都,99,品目計,1076.087417,3009.995748,80.42405169,440.6837767,,Tokyo inbound,20,長野県,3009.995748,1076.087417,440.6837767,80.42405169
21,岐阜県,13,東京都,99,品目計,5682.621446,573.1795714,19.13896104,229.889305,,Tokyo inbound,21,岐阜県,573.1795714,5682.621446,229.889305,19.13896104
22,静岡県,13,東京都,99,品目計,2738.070789,4391.522683,96.70205018,940.3777486,,Tokyo inbound,22,静岡県,4391.522683,2738.070789,940.3777486,96.70205018
23,愛知県,13,東京都,99,品目計,5161.55437,4648.767517,324.0658874,1177.540676,,Tokyo inbound,23,愛知県,4648.767517,5161.55437,1177.540676,324.0658874
24,三重県,13,東京都,99,品目計,1258.903316,607.2643813,41.89339019,179.9722412,,Tokyo inbound,24,三重県,607.2643813,1258.903316,179.9722412,41.89339019
25,滋賀県,13,東京都,99,品目計,374.9915976,398.9038124,30.22719298,111.8643946,,Tokyo inbound,25,滋賀県,398.9038124,374.9915976,111.8643946,30.22719298
26,京都府,13,東京都,99,品目計,453.3882966,912.6456918,86.17193861,334.5932868,,Tokyo inbound,26,京都府,912.6456918,453.3882966,334.5932868,86.17193861
27,大阪府,13,東京都,99,品目計,6376.492276,5643.152764,127.7003322,905.0632812,,Tokyo inbound,27,大阪府,5643.152764,6376.492276,905.0632812,127.7003322
28,兵庫県,13,東京都,99,品目計,2393.073924,3935.602933,59.0961209,446.426721,,Tokyo inbound,28,兵庫県,3935.602933,2393.073924,446.426721,59.0961209
29,奈良県,13,東京都,99,品目計,602.524644,182.6869636,12.4,133.0227106,,Tokyo inbound,29,奈良県,182.6869636,602.524644,133.0227106,12.4
30,和歌山県,13,東京都,99,品目計,1597.586811,107.6742035,6.426356589,101.2710452,,Tokyo inbound,30,和歌山県,107.6742035,1597.586811,101.2710452,6.426356589
31,鳥取県,13,東京都,99,品目計,581.6011098,34.29910423,4.686567164,164.461685,,Tokyo inbound,31,鳥取県,34.29910423,581.6011098,164.461685,4.686567164
32,島根県,13,東京都,99,品目計,12.13605749,32.06133243,0.0,44.60437857,,Tokyo inbound,32,島根県,32.06133243,12.13605749,44.60437857,0.0
33,岡山県,13,東京都,99,品目計,2352.658405,392.9861966,18.88635659,211.2980763,,Tokyo inbound,33,岡山県,392.9861966,2352.658405,211.2980763,18.88635659
34,広島県,13,東京都,99,品目計,2586.40556,396.5857417,22.02303483,294.4023929,,Tokyo inbound,34,広島県,396.5857417,2586.40556,294.4023929,22.02303483
35,山口県,13,東京都,99,品目計,11022.2194,162.6868388,23.43283582,156.8267866,,Tokyo inbound,35,山口県,162.6868388,11022.2194,156.8267866,23.43283582
36,徳島県,13,東京都,99,品目計,2775.219533,1340.402982,186.2307692,130.2177119,,Tokyo inbound,36,徳島県,1340.402982,2775.219533,130.2177119,186.2307692
37,香川県,13,東京都,99,品目計,221.0072629,143.0500042,11.05142857,75.25138351,,Tokyo inbound,37,香川県,143.0500042,221.0072629,75.25138351,11.05142857
38,愛媛県,13,東京都,99,品目計,834.284686,194.7422038,6.426356589,150.6166783,,Tokyo inbound,38,愛媛県,194.7422038,834.284686,150.6166783,6.426356589
39,高知県,13,東京都,99,品目計,2427.550241,58.63502006,0.0,131.4769231,,Tokyo inbound,39,高知県,58.63502006,2427.550241,131.4769231,0.0
40,福岡県,13,東京都,99,品目計,6110.328275,5734.524408,218.4633418,678.8459078,,Tokyo inbound,40,福岡県,5734.524408,6110.328275,678.8459078,218.4633418
41,佐賀県,13,東京都,99,品目計,540.153446,218.244787,33.02194444,131.1754958,,Tokyo inbound,41,佐賀県,218.244787,540.153446,131.1754958,33.02194444
42,長崎県,13,東京都,99,品目計,121.4073082,167.3925411,1.733333333,131.0935982,,Tokyo inbound,42,長崎県,167.3925411,121.4073082,131.0935982,1.733333333
43,熊本県,13,東京都,99,品目計,410.1563083,351.0775642,18.87788331,86.08896051,,Tokyo inbound,43,熊本県,351.0775642,410.1563083,86.08896051,18.87788331
44,大分県,13,東京都,99,品目計,4091.023726,207.3083258,24.64772727,127.4643773,,Tokyo inbound,44,大分県,207.3083258,4091.023726,127.4643773,24.64772727
45,宮崎県,13,東京都,99,品目計,606.7662952,144.0764846,49.46202171,96.07312857,,Tokyo inbound,45,宮崎県,144.0764846,606.7662952,96.07312857,49.46202171
46,鹿児島県,13,東京都,99,品目計,594.3568596,228.9919261,29.46,96.46919733,,Tokyo inbound,46,鹿児島県,228.9919261,594.3568596,96.46919733,29.46
47,沖縄県,13,東京都,99,品目計,61.28668227,405.7505049,13.08714286,129.4812821,,Tokyo inbound,47,沖縄県,405.7505049,61.28668227,129.4812821,13.08714286
90,全国,13,東京都,99,品目計,9776.561332,11129.40721,777.2690083,451.8671947,,Tokyo inbound,90,全国,11129.40721,9776.561332,451.8671947,777.2690083
91,東日本,13,東京都,99,品目計,149.220979,0.03,193.8461539,0.0,,Tokyo inbound,91,東日本,0.03,149.220979,0.0,193.8461539
92,東北,13,東京都,99,品目計,2276.162105,779.407525,622.4487044,1361.75762,,Tokyo inbound,92,東北,779.407525,2276.162105,1361.75762,622.4487044
93,海外,13,東京都,99,品目計,27940.13964,11598.75505,250.6676231,292.9266526,,Tokyo inbound,93,海外,11598.75505,27940.13964,292.9266526,250.6676231
94,不特定,13,東京都,99,品目計,591.4990559,8773.338501,77.5,176.7234234,,Tokyo inbound,94,不特定,8773.338501,591.4990559,176.7234234,77.5
99,全て不明,13,東京都,99,品目計,1484.449834,2977.558754,39.03075489,437.4596913,,Tokyo inbound,99,全て不明,2977.558754,1484.449834,437.4596913,39.03075489
