hub_id,facility_name,facility_major_type_code,facility_major_type,facility_subtype_code,prefecture_code,address_or_municipality,source_attribute_p31_006,source_attribute_p31_007,area_m2_or_source_area_field,remarks_or_related_name,longitude,latitude,depot_candidate_relevance,mainland_tokyo_proxy,use_note
P31_13_0001,岡田港,1,port_or_ferry_terminal,14,13,大島町,1,0,0.0,岡田港,139.391082,34.790731,medium,False,Candidate logistics/depot proxy from MLIT P31; not observed operator depot or delivery-route data.
P31_13_0002,沖港,1,port_or_ferry_terminal,14,13,小笠原村,1,0,0.0,沖港,142.159688,26.63864,medium,False,Candidate logistics/depot proxy from MLIT P31; not observed operator depot or delivery-route data.
P31_13_0003,元町港,1,port_or_ferry_terminal,14,13,大島町,1,0,0.0,元町港,139.350688,34.751831,medium,False,Candidate logistics/depot proxy from MLIT P31; not observed operator depot or delivery-route data.
P31_13_0004,御蔵島港,1,port_or_ferry_terminal,14,13,御蔵島村,1,0,0.0,御蔵島港,139.587919,33.896711,medium,False,Candidate logistics/depot proxy from MLIT P31; not observed operator depot or delivery-route data.
P31_13_0005,三池港,1,port_or_ferry_terminal,14,13,三宅村,1,0,0.0,三池港,139.56535,34.079869,medium,False,Candidate logistics/depot proxy from MLIT P31; not observed operator depot or delivery-route data.
P31_13_0006,式根島港,1,port_or_ferry_terminal,14,13,新島村,1,0,0.0,式根島港,139.219342,34.320564,medium,False,Candidate logistics/depot proxy from MLIT P31; not observed operator depot or delivery-route data.
P31_13_0007,新島港,1,port_or_ferry_terminal,14,13,新島村,1,0,0.0,新島港,139.243389,34.368706,medium,False,Candidate logistics/depot proxy from MLIT P31; not observed operator depot or delivery-route data.
P31_13_0008,神津島港,1,port_or_ferry_terminal,14,13,神津島村,1,0,0.0,神津島港,139.130652,34.209304,medium,False,Candidate logistics/depot proxy from MLIT P31; not observed operator depot or delivery-route data.
P31_13_0009,神湊港,1,port_or_ferry_terminal,14,13,八丈町,1,0,0.0,神湊港,139.818703,33.122842,medium,False,Candidate logistics/depot proxy from MLIT P31; not observed operator depot or delivery-route data.
P31_13_0010,青ヶ島港,1,port_or_ferry_terminal,14,13,青ヶ島村,1,0,0.0,青ヶ島港,139.759782,32.446374,medium,False,Candidate logistics/depot proxy from MLIT P31; not observed operator depot or delivery-route data.
P31_13_0011,大久保港,1,port_or_ferry_terminal,14,13,三宅村,1,0,0.0,大久保港,139.508042,34.121557,medium,False,Candidate logistics/depot proxy from MLIT P31; not observed operator depot or delivery-route data.
P31_13_0012,竹芝ふ頭,1,port_or_ferry_terminal,11,13,港区海岸1丁目,1,0,0.0,東京港,139.763124,35.653994,medium,True,Candidate logistics/depot proxy from MLIT P31; not observed operator depot or delivery-route data.
P31_13_0013,日の出ふ頭,1,port_or_ferry_terminal,11,13,港区海岸2丁目,1,0,0.0,東京港,139.75982,35.649129,medium,True,Candidate logistics/depot proxy from MLIT P31; not observed operator depot or delivery-route data.
P31_13_0014,芝浦ふ頭,1,port_or_ferry_terminal,11,13,港区海岸3丁目,1,0,0.0,東京港,139.759434,35.641387,medium,True,Candidate logistics/depot proxy from MLIT P31; not observed operator depot or delivery-route data.
P31_13_0015,品川ふ頭（内貿）,1,port_or_ferry_terminal,11,13,港区港南5丁目,1,0,0.0,東京港,139.758468,35.629982,medium,True,Candidate logistics/depot proxy from MLIT P31; not observed operator depot or delivery-route data.
P31_13_0016,品川埠頭,1,port_or_ferry_terminal,11,13,港区港南5丁目5-30,2,0,97000.0,東京港,139.758854,35.621889,medium,True,Candidate logistics/depot proxy from MLIT P31; not observed operator depot or delivery-route data.
P31_13_0017,大井埠頭,1,port_or_ferry_terminal,11,13,品川区八潮2丁目4-9,2,0,948000.0,東京港,139.766128,35.602839,medium,True,Candidate logistics/depot proxy from MLIT P31; not observed operator depot or delivery-route data.
P31_13_0018,大井水産物ふ頭,1,port_or_ferry_terminal,11,13,大田区東海5丁目,1,0,0.0,東京港,139.773124,35.592929,medium,True,Candidate logistics/depot proxy from MLIT P31; not observed operator depot or delivery-route data.
P31_13_0019,大井食品ふ頭,1,port_or_ferry_terminal,11,13,大田区東海6丁目,1,0,0.0,東京港,139.774154,35.589299,medium,True,Candidate logistics/depot proxy from MLIT P31; not observed operator depot or delivery-route data.
P31_13_0020,大井建材ふ頭,1,port_or_ferry_terminal,11,13,大田区城南島1丁目,1,0,0.0,東京港,139.770547,35.577714,medium,True,Candidate logistics/depot proxy from MLIT P31; not observed operator depot or delivery-route data.
P31_13_0021,外貿雑貨(中防)埠頭,1,port_or_ferry_terminal,11,13,江東区青海2丁目地先,2,0,69000.0,東京港,139.792997,35.597171,medium,True,Candidate logistics/depot proxy from MLIT P31; not observed operator depot or delivery-route data.
P31_13_0022,青海埠頭,1,port_or_ferry_terminal,11,13,江東区青海3丁目4-7,2,0,480000.0,東京港,139.782547,35.608808,medium,True,Candidate logistics/depot proxy from MLIT P31; not observed operator depot or delivery-route data.
P31_13_0023,お台場ライナーふ頭,1,port_or_ferry_terminal,11,13,江東区青海4丁目2-36,2,0,162000.0,東京港,139.786967,35.615681,medium,True,Candidate logistics/depot proxy from MLIT P31; not observed operator depot or delivery-route data.
P31_13_0024,10号地ふ頭,1,port_or_ferry_terminal,11,13,江東区有明4丁目,1,0,0.0,東京港,139.787997,35.625728,medium,True,Candidate logistics/depot proxy from MLIT P31; not observed operator depot or delivery-route data.
P31_13_0025,フェリーふ頭,1,port_or_ferry_terminal,11,13,江東区有明4丁目,1,0,0.0,東京港,139.796666,35.617739,medium,True,Candidate logistics/depot proxy from MLIT P31; not observed operator depot or delivery-route data.
P31_13_0026,10号地その1多目的ふ頭,1,port_or_ferry_terminal,11,13,江東区有明3丁目,1,0,0.0,東京港,139.797023,35.62427,medium,True,Candidate logistics/depot proxy from MLIT P31; not observed operator depot or delivery-route data.
P31_13_0027,15号地木材ふ頭,1,port_or_ferry_terminal,11,13,江東区若洲1丁目,1,0,0.0,東京港,139.82896,35.625676,medium,True,Candidate logistics/depot proxy from MLIT P31; not observed operator depot or delivery-route data.
P31_13_0028,若洲内貿ふ頭,1,port_or_ferry_terminal,11,13,江東区若洲1丁目,1,0,0.0,東京港,139.827265,35.629844,medium,True,Candidate logistics/depot proxy from MLIT P31; not observed operator depot or delivery-route data.
P31_13_0029,若洲建材ふ頭,1,port_or_ferry_terminal,11,13,江東区若洲1丁目,1,0,0.0,東京港,139.832264,35.630734,medium,True,Candidate logistics/depot proxy from MLIT P31; not observed operator depot or delivery-route data.
P31_13_0030,辰巳ふ頭,1,port_or_ferry_terminal,11,13,江東区辰巳3丁目,1,0,0.0,東京港,139.815055,35.641651,medium,True,Candidate logistics/depot proxy from MLIT P31; not observed operator depot or delivery-route data.
P31_13_0031,豊洲ふ頭,1,port_or_ferry_terminal,11,13,江東区豊洲5丁目,1,0,0.0,東京港,139.796215,35.649899,medium,True,Candidate logistics/depot proxy from MLIT P31; not observed operator depot or delivery-route data.
P31_13_0032,晴海ふ頭,1,port_or_ferry_terminal,11,13,中央区晴海5丁目,1,0,0.0,東京港,139.777848,35.650038,medium,True,Candidate logistics/depot proxy from MLIT P31; not observed operator depot or delivery-route data.
P31_13_0033,晴海ふ頭(客船),1,port_or_ferry_terminal,11,13,中央区晴海5丁目,1,0,0.0,東京港,139.774157,35.647597,medium,True,Candidate logistics/depot proxy from MLIT P31; not observed operator depot or delivery-route data.
P31_13_0034,朝潮ふ頭,1,port_or_ferry_terminal,11,13,中央区晴海5丁目,1,0,0.0,東京港,139.771582,35.650404,medium,True,Candidate logistics/depot proxy from MLIT P31; not observed operator depot or delivery-route data.
P31_13_0035,月島ふ頭,1,port_or_ferry_terminal,11,13,中央区豊海町,1,0,0.0,東京港,139.767484,35.65356,medium,True,Candidate logistics/depot proxy from MLIT P31; not observed operator depot or delivery-route data.
P31_13_0036,二見港,1,port_or_ferry_terminal,14,13,小笠原村,1,0,0.0,二見港,142.196801,27.095307,medium,False,Candidate logistics/depot proxy from MLIT P31; not observed operator depot or delivery-route data.
P31_13_0037,波浮港,1,port_or_ferry_terminal,14,13,大島町,1,0,0.0,波浮港,139.440006,34.68285,medium,False,Candidate logistics/depot proxy from MLIT P31; not observed operator depot or delivery-route data.
P31_13_0038,八重根港,1,port_or_ferry_terminal,14,13,八丈町,1,0,0.0,八重根港,139.77539,33.09972,medium,False,Candidate logistics/depot proxy from MLIT P31; not observed operator depot or delivery-route data.
P31_13_0039,利島港,1,port_or_ferry_terminal,14,13,利島村,1,0,0.0,利島港,139.280504,34.532757,medium,False,Candidate logistics/depot proxy from MLIT P31; not observed operator depot or delivery-route data.
P31_13_0040,御蔵島,2,airport_or_air_cargo_related_facility,26,13,東京都御蔵島村,1,0,0.0,,139.595139,33.897964,medium,False,Candidate logistics/depot proxy from MLIT P31; not observed operator depot or delivery-route data.
P31_13_0041,青ヶ島,2,airport_or_air_cargo_related_facility,26,13,東京都青ヶ島村,1,0,0.0,,139.760323,32.467898,medium,False,Candidate logistics/depot proxy from MLIT P31; not observed operator depot or delivery-route data.
P31_13_0042,利島,2,airport_or_air_cargo_related_facility,26,13,東京都利島村,1,0,0.0,,139.273435,34.5307,medium,False,Candidate logistics/depot proxy from MLIT P31; not observed operator depot or delivery-route data.
P31_13_0043,東京国際空港,2,airport_or_air_cargo_related_facility,21,13,東京都大田区,1,0,0.0,,139.776198,35.551215,medium,True,Candidate logistics/depot proxy from MLIT P31; not observed operator depot or delivery-route data.
P31_13_0044,大島空港,2,airport_or_air_cargo_related_facility,23,13,東京都大島支庁管内大島町,1,0,0.0,,139.362385,34.782726,medium,False,Candidate logistics/depot proxy from MLIT P31; not observed operator depot or delivery-route data.
P31_13_0045,新島空港,2,airport_or_air_cargo_related_facility,23,13,東京都大島支庁管内新島村,1,0,0.0,,139.268003,34.369591,medium,False,Candidate logistics/depot proxy from MLIT P31; not observed operator depot or delivery-route data.
P31_13_0046,神津島空港,2,airport_or_air_cargo_related_facility,23,13,東京都大島支庁管内神津島村,1,0,0.0,,139.131855,34.189967,medium,False,Candidate logistics/depot proxy from MLIT P31; not observed operator depot or delivery-route data.
P31_13_0047,三宅島空港,2,airport_or_air_cargo_related_facility,23,13,東京都三宅支庁管内三宅村,1,0,0.0,,139.559306,34.072114,medium,False,Candidate logistics/depot proxy from MLIT P31; not observed operator depot or delivery-route data.
P31_13_0048,八丈島空港,2,airport_or_air_cargo_related_facility,23,13,東京都八丈支庁館内八丈町,1,0,0.0,,139.784463,33.114908,medium,False,Candidate logistics/depot proxy from MLIT P31; not observed operator depot or delivery-route data.
P31_13_0049,調布飛行場,2,airport_or_air_cargo_related_facility,24,13,東京都調布市,1,0,0.0,,139.529157,35.671424,medium,True,Candidate logistics/depot proxy from MLIT P31; not observed operator depot or delivery-route data.
P31_13_0050,越中島貨物,3,rail_freight_station_or_related_facility,31,13,江東区北砂2-15-23,2,1958,0.0,車扱、一般貨物の取扱いなし,139.815916,35.663404,high,True,Candidate logistics/depot proxy from MLIT P31; not observed operator depot or delivery-route data.
P31_13_0051,新小岩信号場,3,rail_freight_station_or_related_facility,32,13,葛飾区新小岩4-30-2,2,1926,0.0,車扱、一般貨物の取扱いなし,139.864478,35.721149,high,True,Candidate logistics/depot proxy from MLIT P31; not observed operator depot or delivery-route data.
P31_13_0052,田端信号場,3,rail_freight_station_or_related_facility,32,13,北区東田端1-16,2,1896,0.0,車扱、一般貨物の取扱いなし,139.757279,35.742548,high,True,Candidate logistics/depot proxy from MLIT P31; not observed operator depot or delivery-route data.
P31_13_0053,北王子,3,rail_freight_station_or_related_facility,31,13,北区王子5-1-1,2,1927,0.0,コンテナ扱、一般貨物の取扱いなし,139.732398,35.763843,high,True,Candidate logistics/depot proxy from MLIT P31; not observed operator depot or delivery-route data.
P31_13_0054,隅田川,3,rail_freight_station_or_related_facility,31,13,荒川区南千住4-1-1,2,1897,224760.0,車扱・コンテナ扱,139.803584,35.733073,high,True,Candidate logistics/depot proxy from MLIT P31; not observed operator depot or delivery-route data.
P31_13_0055,綾瀬,3,rail_freight_station_or_related_facility,32,13,足立区綾瀬3-1-1,2,1943,0.0,車扱、一般貨物の取扱いなし,139.824951,35.76218,high,True,Candidate logistics/depot proxy from MLIT P31; not observed operator depot or delivery-route data.
P31_13_0056,金町,3,rail_freight_station_or_related_facility,32,13,葛飾区金町6-4-1,2,1897,0.0,車扱、一般貨物の取扱いなし,139.870627,35.769453,high,True,Candidate logistics/depot proxy from MLIT P31; not observed operator depot or delivery-route data.
P31_13_0057,品川,3,rail_freight_station_or_related_facility,32,13,港区高輪3-26-27,2,1872,0.0,車扱、一般貨物の取扱いなし,139.738742,35.628529,high,True,Candidate logistics/depot proxy from MLIT P31; not observed operator depot or delivery-route data.
P31_13_0058,東京貨物ターミナル,3,rail_freight_station_or_related_facility,31,13,品川区八潮3-3-22,2,1973,764485.0,車扱・コンテナ扱,139.759159,35.590622,high,True,Candidate logistics/depot proxy from MLIT P31; not observed operator depot or delivery-route data.
P31_13_0059,武蔵境,3,rail_freight_station_or_related_facility,32,13,武蔵野市境1-1-2,2,1889,0.0,車扱、一般貨物の取扱いなし,139.543676,35.702129,high,True,Candidate logistics/depot proxy from MLIT P31; not observed operator depot or delivery-route data.
P31_13_0060,中野,3,rail_freight_station_or_related_facility,32,13,中野区中野5-31-1,2,1889,0.0,車扱、一般貨物の取扱いなし,139.665566,35.705833,high,True,Candidate logistics/depot proxy from MLIT P31; not observed operator depot or delivery-route data.
P31_13_0061,八王子オフレールステーション,3,rail_freight_station_or_related_facility,33,13,八王子市旭町1-1,2,1998,139261.0,車扱・コンテナ扱,139.349362,35.654551,high,True,Candidate logistics/depot proxy from MLIT P31; not observed operator depot or delivery-route data.
P31_13_0062,拝島,3,rail_freight_station_or_related_facility,31,13,昭島市松原町4-14-4,2,1894,0.0,車扱、一般貨物の取扱いなし,139.343333,35.721314,high,True,Candidate logistics/depot proxy from MLIT P31; not observed operator depot or delivery-route data.
P31_13_0063,(株)青葉,4,bonded_area_or_warehouse,42,13,江東区新木場1-7-19、1-7-18,2,0,0.0,,139.832422,35.645735,high,True,Candidate logistics/depot proxy from MLIT P31; not observed operator depot or delivery-route data.
P31_13_0064,(株)朝田商会　東京油槽所,4,bonded_area_or_warehouse,42,13,江東区若洲2-8-14,2,0,0.0,,139.832693,35.620503,high,True,Candidate logistics/depot proxy from MLIT P31; not observed operator depot or delivery-route data.
P31_13_0065,東海運(株)　青海流通センター,4,bonded_area_or_warehouse,42,13,江東区青海4-4-14,2,0,0.0,,139.783473,35.616824,high,True,Candidate logistics/depot proxy from MLIT P31; not observed operator depot or delivery-route data.
P31_13_0066,東海運(株)　お台場流通センター,4,bonded_area_or_warehouse,42,13,江東区青海4-2-62,2,0,0.0,,139.781903,35.621946,high,True,Candidate logistics/depot proxy from MLIT P31; not observed operator depot or delivery-route data.
P31_13_0067,東海運(株)　お台場流通センター,4,bonded_area_or_warehouse,42,13,江東区青海4-1-7,2,0,0.0,,139.781186,35.621025,high,True,Candidate logistics/depot proxy from MLIT P31; not observed operator depot or delivery-route data.
P31_13_0068,イイノエンタープライズ(株)有明倉庫,4,bonded_area_or_warehouse,42,13,江東区有明4-2-7,2,0,0.0,,139.78819,35.625822,high,True,Candidate logistics/depot proxy from MLIT P31; not observed operator depot or delivery-route data.
P31_13_0069,(株)石井鐵工所,4,bonded_area_or_warehouse,42,13,大田区東糀谷6-5-1,2,0,0.0,,139.748606,35.559249,high,True,Candidate logistics/depot proxy from MLIT P31; not observed operator depot or delivery-route data.
P31_13_0070,伊勢湾海運(株)　東京支店青海第2バンプール,4,bonded_area_or_warehouse,42,13,江東区青海3-1-16,2,0,0.0,,139.783117,35.613279,high,True,Candidate logistics/depot proxy from MLIT P31; not observed operator depot or delivery-route data.
P31_13_0071,伊勢湾海運(株)　ワールド流通センター,4,bonded_area_or_warehouse,42,13,江東区青海3-2-17,2,0,0.0,,139.785214,35.610869,high,True,Candidate logistics/depot proxy from MLIT P31; not observed operator depot or delivery-route data.
P31_13_0072,伊藤忠ロジスティクス(株)板橋事業所,4,bonded_area_or_warehouse,42,13,板橋区舟渡4-2-25,2,0,0.0,,139.679151,35.793696,high,True,Candidate logistics/depot proxy from MLIT P31; not observed operator depot or delivery-route data.
P31_13_0073,(株)OCS　新木場,4,bonded_area_or_warehouse,42,13,江東区新木場1-12-10,2,0,0.0,,139.836047,35.641215,high,True,Candidate logistics/depot proxy from MLIT P31; not observed operator depot or delivery-route data.
P31_13_0074,カトーレック(株)　美術品,4,bonded_area_or_warehouse,42,13,江東区枝川2-8-7,2,0,0.0,,139.80793,35.658504,high,True,Candidate logistics/depot proxy from MLIT P31; not observed operator depot or delivery-route data.
P31_13_0075,(株)上組　　東京コンテナターミナル,4,bonded_area_or_warehouse,42,13,江東区青海3丁目地先中央防波堤内側埋立地,2,0,0.0,,139.793481,35.599924,high,True,Candidate logistics/depot proxy from MLIT P31; not observed operator depot or delivery-route data.
P31_13_0076,(株)上組　東京多目的物流センター,4,bonded_area_or_warehouse,42,13,江東区青海3丁目地先中央防波堤内側埋立地,2,0,0.0,,139.794448,35.599867,high,True,Candidate logistics/depot proxy from MLIT P31; not observed operator depot or delivery-route data.
P31_13_0077,(株)上組　ワールド流通センター,4,bonded_area_or_warehouse,42,13,江東区青海3-2-17,2,0,0.0,,139.785341,35.611052,high,True,Candidate logistics/depot proxy from MLIT P31; not observed operator depot or delivery-route data.
P31_13_0078,川崎陸送(株)　葛西,4,bonded_area_or_warehouse,42,13,江戸川区臨海町3-5-1,2,0,0.0,,139.86814,35.647716,high,True,Candidate logistics/depot proxy from MLIT P31; not observed operator depot or delivery-route data.
P31_13_0079,共栄商事(株)　葛西,4,bonded_area_or_warehouse,42,13,江戸川区臨海町3-5-1,2,0,0.0,,139.866257,35.648445,high,True,Candidate logistics/depot proxy from MLIT P31; not observed operator depot or delivery-route data.
P31_13_0080,(株)極洋　葛西物流,4,bonded_area_or_warehouse,42,13,江戸川区臨海町3-3-2,2,0,0.0,,139.863993,35.651768,high,True,Candidate logistics/depot proxy from MLIT P31; not observed operator depot or delivery-route data.
P31_13_0081,楠原輸送(株)　ワールド流通センター,4,bonded_area_or_warehouse,42,13,江東区青海3-2-17,2,0,0.0,,139.785397,35.611197,high,True,Candidate logistics/depot proxy from MLIT P31; not observed operator depot or delivery-route data.
P31_13_0082,栗林運輸(株)　お台場,4,bonded_area_or_warehouse,42,13,江東区青海4-2-47,2,0,0.0,,139.785501,35.617509,high,True,Candidate logistics/depot proxy from MLIT P31; not observed operator depot or delivery-route data.
P31_13_0083,栗林運輸(株)　お台場,4,bonded_area_or_warehouse,42,13,江東区青海4-2-36,2,0,0.0,,139.786833,35.615915,high,True,Candidate logistics/depot proxy from MLIT P31; not observed operator depot or delivery-route data.
P31_13_0084,栗林運輸(株)　お台場,4,bonded_area_or_warehouse,42,13,江東区青海4-3-15,2,0,0.0,,139.784811,35.616537,high,True,Candidate logistics/depot proxy from MLIT P31; not observed operator depot or delivery-route data.
P31_13_0085,栗林運輸(株)　お台場,4,bonded_area_or_warehouse,42,13,江東区青海4-3-19,2,0,0.0,,139.785974,35.615332,high,True,Candidate logistics/depot proxy from MLIT P31; not observed operator depot or delivery-route data.
P31_13_0086,栗林運輸(株)　お台場,4,bonded_area_or_warehouse,42,13,江東区青海4-4-23,2,0,0.0,,139.78514,35.614964,high,True,Candidate logistics/depot proxy from MLIT P31; not observed operator depot or delivery-route data.
P31_13_0087,京神倉庫(株)　葛西支店,4,bonded_area_or_warehouse,42,13,江戸川区臨海町3-5-1,2,0,0.0,,139.866917,35.647552,high,True,Candidate logistics/depot proxy from MLIT P31; not observed operator depot or delivery-route data.
P31_13_0088,ケイヒン(株)　お台場埠頭,4,bonded_area_or_warehouse,42,13,江東区青海4-2-36,2,0,0.0,,139.786597,35.616161,high,True,Candidate logistics/depot proxy from MLIT P31; not observed operator depot or delivery-route data.
P31_13_0089,ケイヒン(株)　新お台場流通センター,4,bonded_area_or_warehouse,42,13,江東区青海4-4-19,2,0,0.0,,139.784867,35.615344,high,True,Candidate logistics/depot proxy from MLIT P31; not observed operator depot or delivery-route data.
P31_13_0090,ケイヒン(株)　ワールド流通センター,4,bonded_area_or_warehouse,42,13,江東区青海3-2-17,2,0,0.0,,139.78573,35.610566,high,True,Candidate logistics/depot proxy from MLIT P31; not observed operator depot or delivery-route data.
P31_13_0091,互興運輸(株)　ワールド流通センター,4,bonded_area_or_warehouse,42,13,江東区青海3-2-17,2,0,0.0,,139.785694,35.610828,high,True,Candidate logistics/depot proxy from MLIT P31; not observed operator depot or delivery-route data.
P31_13_0092,相模運輸倉庫(株)　お台場,4,bonded_area_or_warehouse,42,13,江東区青海4-2-48,2,0,0.0,,139.78417,35.619101,high,True,Candidate logistics/depot proxy from MLIT P31; not observed operator depot or delivery-route data.
P31_13_0093,山九(株)　お台場輸出入センター,4,bonded_area_or_warehouse,42,13,江東区青海4-2-48,2,0,0.0,,139.784119,35.619093,high,True,Candidate logistics/depot proxy from MLIT P31; not observed operator depot or delivery-route data.
P31_13_0094,山九(株)　お台場輸出入センター,4,bonded_area_or_warehouse,42,13,江東区青海4-3-2,2,0,0.0,,139.782938,35.619093,high,True,Candidate logistics/depot proxy from MLIT P31; not observed operator depot or delivery-route data.
P31_13_0095,山九(株)　お台場輸出入センター,4,bonded_area_or_warehouse,42,13,江東区青海4-4-11,2,0,0.0,,139.783183,35.617301,high,True,Candidate logistics/depot proxy from MLIT P31; not observed operator depot or delivery-route data.
P31_13_0096,山九(株)　ワールド流通センター,4,bonded_area_or_warehouse,42,13,江東区青海3-2-17,2,0,0.0,,139.785563,35.610877,high,True,Candidate logistics/depot proxy from MLIT P31; not observed operator depot or delivery-route data.
P31_13_0097,(株)三協　お台場,4,bonded_area_or_warehouse,42,13,江東区青海4-2-47,2,0,0.0,,139.785522,35.6175,high,True,Candidate logistics/depot proxy from MLIT P31; not observed operator depot or delivery-route data.
P31_13_0098,(株)三協　お台場,4,bonded_area_or_warehouse,42,13,江東区青海4-2-35,2,0,0.0,,139.78784,35.614666,high,True,Candidate logistics/depot proxy from MLIT P31; not observed operator depot or delivery-route data.
P31_13_0099,(株)三協　お台場,4,bonded_area_or_warehouse,42,13,江東区青海4-6-7,2,0,0.0,,139.787303,35.61354,high,True,Candidate logistics/depot proxy from MLIT P31; not observed operator depot or delivery-route data.
P31_13_0100,澁澤倉庫(株)　ワールド流通センター,4,bonded_area_or_warehouse,42,13,江東区青海3-2-17,2,0,0.0,,139.785683,35.610714,high,True,Candidate logistics/depot proxy from MLIT P31; not observed operator depot or delivery-route data.
P31_13_0101,新日鐵住金(株)　東京製造所,4,bonded_area_or_warehouse,42,13,板橋区舟渡4-3-1,2,0,0.0,,139.675997,35.792575,high,True,Candidate logistics/depot proxy from MLIT P31; not observed operator depot or delivery-route data.
P31_13_0102,鈴江コーポレーション(株)お台場埠頭,4,bonded_area_or_warehouse,42,13,江東区青海4-2-47,2,0,0.0,,139.785436,35.617526,high,True,Candidate logistics/depot proxy from MLIT P31; not observed operator depot or delivery-route data.
P31_13_0103,鈴江コーポレーション(株)お台場埠頭,4,bonded_area_or_warehouse,42,13,江東区青海4-3-12,2,0,0.0,,139.784485,35.617078,high,True,Candidate logistics/depot proxy from MLIT P31; not observed operator depot or delivery-route data.
P31_13_0104,鈴江コーポレーション(株)お台場流通センター,4,bonded_area_or_warehouse,42,13,江東区青海4-5-12,2,0,0.0,,139.786817,35.612893,high,True,Candidate logistics/depot proxy from MLIT P31; not observed operator depot or delivery-route data.
P31_13_0105,鈴江コーポレーション(株)東京支店晴海,4,bonded_area_or_warehouse,42,13,中央区晴海4-4-3,2,0,0.0,,139.78146,35.652402,high,True,Candidate logistics/depot proxy from MLIT P31; not observed operator depot or delivery-route data.
P31_13_0106,鈴江コーポレーション(株)東京支店晴海,4,bonded_area_or_warehouse,42,13,中央区晴海4-5-16,2,0,0.0,,139.781241,35.65282,high,True,Candidate logistics/depot proxy from MLIT P31; not observed operator depot or delivery-route data.
P31_13_0107,鈴与(株)　葛西センター,4,bonded_area_or_warehouse,42,13,江戸川区臨海町3-5-1,2,0,0.0,,139.867802,35.647165,high,True,Candidate logistics/depot proxy from MLIT P31; not observed operator depot or delivery-route data.
P31_13_0108,(株)住友倉庫　東京支店お台場営業所,4,bonded_area_or_warehouse,42,13,江東区青海4-2-17,2,0,0.0,,139.790179,35.611738,high,True,Candidate logistics/depot proxy from MLIT P31; not observed operator depot or delivery-route data.
P31_13_0109,(株)住友倉庫　東京支店お台場営業所,4,bonded_area_or_warehouse,42,13,江東区青海4-6-16,2,0,0.0,,139.788931,35.611496,high,True,Candidate logistics/depot proxy from MLIT P31; not observed operator depot or delivery-route data.
P31_13_0110,(株)住友倉庫　東京支店お台場第2倉庫,4,bonded_area_or_warehouse,42,13,江東区青海4-5-15,2,0,0.0,,139.787732,35.611626,high,True,Candidate logistics/depot proxy from MLIT P31; not observed operator depot or delivery-route data.
P31_13_0111,(株)住友倉庫　東京支店ワールド流通センター,4,bonded_area_or_warehouse,42,13,江東区青海3-2-17,2,0,0.0,,139.785597,35.610697,high,True,Candidate logistics/depot proxy from MLIT P31; not observed operator depot or delivery-route data.
P31_13_0112,センチュリー(株),4,bonded_area_or_warehouse,42,13,文京区千駄木1-23-6,2,0,0.0,,139.760897,35.724982,high,True,Candidate logistics/depot proxy from MLIT P31; not observed operator depot or delivery-route data.
P31_13_0113,大嘉倉庫(株),4,bonded_area_or_warehouse,42,13,中央区勝どき5-9-8,2,0,0.0,,139.770579,35.656504,high,True,Candidate logistics/depot proxy from MLIT P31; not observed operator depot or delivery-route data.
P31_13_0114,大東倉庫(株)　葛西営業所,4,bonded_area_or_warehouse,42,13,江戸川区臨海町3-5-1,2,0,0.0,,139.86571,35.648016,high,True,Candidate logistics/depot proxy from MLIT P31; not observed operator depot or delivery-route data.
P31_13_0115,(株)ダイトーコーポレーション　お台場青果埠頭倉庫,4,bonded_area_or_warehouse,42,13,江東区青海4-2-61,2,0,0.0,,139.78301,35.62067,high,True,Candidate logistics/depot proxy from MLIT P31; not observed operator depot or delivery-route data.
P31_13_0116,(株)ダイワコーポレーション　葛西営業所,4,bonded_area_or_warehouse,42,13,江戸川区臨海町3-5-1,2,0,0.0,,139.865777,35.64799,high,True,Candidate logistics/depot proxy from MLIT P31; not observed operator depot or delivery-route data.
P31_13_0117,月島倉庫(株),4,bonded_area_or_warehouse,42,13,中央区勝どき4-14-22,2,0,0.0,,139.776316,35.655858,high,True,Candidate logistics/depot proxy from MLIT P31; not observed operator depot or delivery-route data.
P31_13_0118,(株)辻野　豊海物流センター,4,bonded_area_or_warehouse,42,13,中央区豊海町10-15,2,0,0.0,,139.767869,35.6532,high,True,Candidate logistics/depot proxy from MLIT P31; not observed operator depot or delivery-route data.
P31_13_0119,ディー・エイチ・エル・ジャパン(株)　東京ディストリビューションセンター,4,bonded_area_or_warehouse,42,13,江東区新木場1-10-9,2,0,0.0,,139.836652,35.644855,high,True,Candidate logistics/depot proxy from MLIT P31; not observed operator depot or delivery-route data.
P31_13_0120,ティエヌティ通関サービス(株)　東京ロジスティクスセンター,4,bonded_area_or_warehouse,42,13,江東区新木場1-12ー10,2,0,0.0,,139.835961,35.641218,high,True,Candidate logistics/depot proxy from MLIT P31; not observed operator depot or delivery-route data.
P31_13_0121,東海海運(株)　有明セントラルステーション,4,bonded_area_or_warehouse,42,13,江東区青海4-3-7,2,0,0.0,,139.783541,35.618304,high,True,Candidate logistics/depot proxy from MLIT P31; not observed operator depot or delivery-route data.
P31_13_0122,東海海運(株)　有明セントラルステーション,4,bonded_area_or_warehouse,42,13,江東区青海4-3-9,2,0,0.0,,139.784235,35.617505,high,True,Candidate logistics/depot proxy from MLIT P31; not observed operator depot or delivery-route data.
P31_13_0123,東海海運(株)　有明セントラルステーション,4,bonded_area_or_warehouse,42,13,江東区青海4-4-18,2,0,0.0,,139.784406,35.61589,high,True,Candidate logistics/depot proxy from MLIT P31; not observed operator depot or delivery-route data.
P31_13_0124,東京国際埠頭(株)　お台場本館,4,bonded_area_or_warehouse,42,13,江東区青海4-2-62,2,0,0.0,,139.781848,35.62204,high,True,Candidate logistics/depot proxy from MLIT P31; not observed operator depot or delivery-route data.
P31_13_0125,東京国際埠頭(株)　お台場本館,4,bonded_area_or_warehouse,42,13,江東区青海4-1-4,2,0,0.0,,139.781144,35.621468,high,True,Candidate logistics/depot proxy from MLIT P31; not observed operator depot or delivery-route data.
P31_13_0126,東京国際埠頭(株)　お台場本館,4,bonded_area_or_warehouse,42,13,江東区青海4-4-6,2,0,0.0,,139.782584,35.618051,high,True,Candidate logistics/depot proxy from MLIT P31; not observed operator depot or delivery-route data.
P31_13_0127,東京国際埠頭(株)　ワールド流通センター,4,bonded_area_or_warehouse,42,13,江東区青海3-2-17,2,0,0.0,,139.785587,35.610874,high,True,Candidate logistics/depot proxy from MLIT P31; not observed operator depot or delivery-route data.
P31_13_0128,東京食料センター(株),4,bonded_area_or_warehouse,42,13,江東区辰巳1-5-10,2,0,0.0,,139.807726,35.653168,high,True,Candidate logistics/depot proxy from MLIT P31; not observed operator depot or delivery-route data.
P31_13_0129,東京水産冷蔵(株)　豊海工場,4,bonded_area_or_warehouse,42,13,中央区豊海町11-1,2,0,0.0,,139.769214,35.653219,high,True,Candidate logistics/depot proxy from MLIT P31; not observed operator depot or delivery-route data.
P31_13_0130,東京製粉(株),4,bonded_area_or_warehouse,42,13,江東区扇橋2-10-3,2,0,0.0,,139.815154,35.683976,high,True,Candidate logistics/depot proxy from MLIT P31; not observed operator depot or delivery-route data.
P31_13_0131,東京豊海冷蔵(株)　豊海物流センター,4,bonded_area_or_warehouse,42,13,中央区豊海町13-9,2,0,0.0,,139.769085,35.651604,high,True,Candidate logistics/depot proxy from MLIT P31; not observed operator depot or delivery-route data.
P31_13_0132,東京木材埠頭(株)　15号地木材専門埠頭,4,bonded_area_or_warehouse,42,13,江東区若洲1-5-8,2,0,0.0,,139.829637,35.624852,high,True,Candidate logistics/depot proxy from MLIT P31; not observed operator depot or delivery-route data.
P31_13_0133,東都冷蔵(株),4,bonded_area_or_warehouse,42,13,足立区千住橋戸町96,2,0,0.0,,139.800921,35.739682,high,True,Candidate logistics/depot proxy from MLIT P31; not observed operator depot or delivery-route data.
P31_13_0134,東洋運輸倉庫(株)　若洲,4,bonded_area_or_warehouse,42,13,江東区若洲2-2-3,2,0,0.0,,139.832607,35.628225,high,True,Candidate logistics/depot proxy from MLIT P31; not observed operator depot or delivery-route data.
P31_13_0135,東洋埠頭(株)　東京支店,4,bonded_area_or_warehouse,42,13,中央区晴海4-9-3,2,0,0.0,,139.780247,35.651519,high,True,Candidate logistics/depot proxy from MLIT P31; not observed operator depot or delivery-route data.
P31_13_0136,東洋埠頭(株)　東京支店足立営業所,4,bonded_area_or_warehouse,42,13,足立区入谷六丁目2番11号,2,0,0.0,,139.765533,35.80104,high,True,Candidate logistics/depot proxy from MLIT P31; not observed operator depot or delivery-route data.
P31_13_0137,東洋埠頭(株)　豊洲営業所,4,bonded_area_or_warehouse,42,13,江東区青海3丁目地先,2,0,0.0,,139.794347,35.597233,high,True,Candidate logistics/depot proxy from MLIT P31; not observed operator depot or delivery-route data.
P31_13_0138,(株)巴商会ガスターミナル,4,bonded_area_or_warehouse,42,13,大田区大森南4-11-15,2,0,0.0,,139.748998,35.56669,high,True,Candidate logistics/depot proxy from MLIT P31; not observed operator depot or delivery-route data.
P31_13_0139,豊海東市冷蔵(株),4,bonded_area_or_warehouse,42,13,中央区豊海町12-6,2,0,0.0,,139.770312,35.652204,high,True,Candidate logistics/depot proxy from MLIT P31; not observed operator depot or delivery-route data.
P31_13_0140,豊海東都水産冷蔵(株),4,bonded_area_or_warehouse,42,13,中央区豊海町13-5,2,0,0.0,,139.769349,35.651837,high,True,Candidate logistics/depot proxy from MLIT P31; not observed operator depot or delivery-route data.
P31_13_0141,豊海東都水産冷蔵(株),4,bonded_area_or_warehouse,42,13,中央区豊海町11-9,2,0,0.0,,139.76945,35.652738,high,True,Candidate logistics/depot proxy from MLIT P31; not observed operator depot or delivery-route data.
P31_13_0142,豊海東都水産冷蔵(株),4,bonded_area_or_warehouse,42,13,中央区豊海町3-13,2,0,0.0,,139.770915,35.653081,high,True,Candidate logistics/depot proxy from MLIT P31; not observed operator depot or delivery-route data.
P31_13_0143,豊通物流(株)　東京物流センター,4,bonded_area_or_warehouse,42,13,江東区辰巳2-4-20,2,0,0.0,,139.812657,35.653561,high,True,Candidate logistics/depot proxy from MLIT P31; not observed operator depot or delivery-route data.
P31_13_0144,(株)日新　冷蔵倉庫営業所,4,bonded_area_or_warehouse,42,13,江東区辰巳2-3-15,2,0,0.0,,139.814543,35.653198,high,True,Candidate logistics/depot proxy from MLIT P31; not observed operator depot or delivery-route data.
P31_13_0145,(株)日新　ワールド流通センター,4,bonded_area_or_warehouse,42,13,江東区青海3-2-17,2,0,0.0,,139.785526,35.611197,high,True,Candidate logistics/depot proxy from MLIT P31; not observed operator depot or delivery-route data.
P31_13_0146,日通商事(株)　東京LSセンター,4,bonded_area_or_warehouse,42,13,江東区深川2-2-25,2,0,0.0,,139.798455,35.674198,high,True,Candidate logistics/depot proxy from MLIT P31; not observed operator depot or delivery-route data.
P31_13_0147,NSMコイルセンター(株),4,bonded_area_or_warehouse,42,13,江東区有明3-14-12,2,0,0.0,,139.79818,35.628923,high,True,Candidate logistics/depot proxy from MLIT P31; not observed operator depot or delivery-route data.
P31_13_0148,日鉄住金物流(株)　東京物流センター,4,bonded_area_or_warehouse,42,13,江東区有明3-14-7,2,0,0.0,,139.797826,35.628094,high,True,Candidate logistics/depot proxy from MLIT P31; not observed operator depot or delivery-route data.
P31_13_0149,日鉄住金物流(株)東京物流センター有明事業所,4,bonded_area_or_warehouse,42,13,江東区有明3-15-12,2,0,0.0,,139.797946,35.624137,high,True,Candidate logistics/depot proxy from MLIT P31; not observed operator depot or delivery-route data.
P31_13_0150,(株)日本シネアーツ社,4,bonded_area_or_warehouse,42,13,新宿区市谷本村町2-5,2,0,0.0,,139.732205,35.690444,high,True,Candidate logistics/depot proxy from MLIT P31; not observed operator depot or delivery-route data.
P31_13_0151,日本紙運輸倉庫(株)　ワールド流通センター,4,bonded_area_or_warehouse,42,13,江東区青海3-2-17,2,0,0.0,,139.785676,35.610636,high,True,Candidate logistics/depot proxy from MLIT P31; not observed operator depot or delivery-route data.
P31_13_0152,日本通運(株)　大井国際輸送支店お台場国際貨物センター,4,bonded_area_or_warehouse,42,13,江東区青海4-6-14,2,0,0.0,,139.788367,35.61241,high,True,Candidate logistics/depot proxy from MLIT P31; not observed operator depot or delivery-route data.
P31_13_0153,日本通運(株)　大井国際輸送支店お台場国際貨物センター,4,bonded_area_or_warehouse,42,13,江東区青海4-5-15,2,0,0.0,,139.788081,35.611197,high,True,Candidate logistics/depot proxy from MLIT P31; not observed operator depot or delivery-route data.
P31_13_0154,日本通運(株)　大井国際輸送支店お台場国際貨物センター第二,4,bonded_area_or_warehouse,42,13,江東区青海4-2-22,2,0,0.0,,139.789068,35.613208,high,True,Candidate logistics/depot proxy from MLIT P31; not observed operator depot or delivery-route data.
P31_13_0155,日本通運(株)　大井国際輸送支店ワールド流通センター,4,bonded_area_or_warehouse,42,13,江東区青海3-2-17,2,0,0.0,,139.785562,35.611101,high,True,Candidate logistics/depot proxy from MLIT P31; not observed operator depot or delivery-route data.
P31_13_0156,日本ロジステック(株)　辰巳センター,4,bonded_area_or_warehouse,42,13,江東区辰巳3-14-17,2,0,0.0,,139.817596,35.644667,high,True,Candidate logistics/depot proxy from MLIT P31; not observed operator depot or delivery-route data.
P31_13_0157,日本ロジステック(株)　若洲センター,4,bonded_area_or_warehouse,42,13,江東区若洲2-5-11,2,0,0.0,,139.832814,35.626154,high,True,Candidate logistics/depot proxy from MLIT P31; not observed operator depot or delivery-route data.
P31_13_0158,濃飛倉庫運輸(株)　葛西,4,bonded_area_or_warehouse,42,13,江戸川区臨海町3-5-1,2,0,0.0,,139.866903,35.647543,high,True,Candidate logistics/depot proxy from MLIT P31; not observed operator depot or delivery-route data.
P31_13_0159,フェデラルエクスプレスコーポレーション　新砂,4,bonded_area_or_warehouse,42,13,江東区新砂3-4-11,2,0,0.0,,139.834895,35.66379,high,True,Candidate logistics/depot proxy from MLIT P31; not observed operator depot or delivery-route data.
P31_13_0160,福井ダイヤモンド貿易,4,bonded_area_or_warehouse,42,13,渋谷区松濤1-28-8福井ビル内,2,0,0.0,,139.694151,35.659454,high,True,Candidate logistics/depot proxy from MLIT P31; not observed operator depot or delivery-route data.
P31_13_0161,富士港運(株)　お台場営業所,4,bonded_area_or_warehouse,42,13,江東区青海4-2-62,2,0,0.0,,139.781885,35.621968,high,True,Candidate logistics/depot proxy from MLIT P31; not observed operator depot or delivery-route data.
P31_13_0162,富士倉庫運輸(株)　塩浜営業所,4,bonded_area_or_warehouse,42,13,江東区塩浜2-5-6,2,0,0.0,,139.804281,35.661515,high,True,Candidate logistics/depot proxy from MLIT P31; not observed operator depot or delivery-route data.
P31_13_0163,(株)ホウスイ　豊海第一冷蔵庫,4,bonded_area_or_warehouse,42,13,中央区豊海町12-1,2,0,0.0,,139.769756,35.652345,high,True,Candidate logistics/depot proxy from MLIT P31; not observed operator depot or delivery-route data.
P31_13_0164,(株)ホウスイ　豊海第二冷蔵庫,4,bonded_area_or_warehouse,42,13,中央区豊海町9,2,0,0.0,,139.767991,35.654263,high,True,Candidate logistics/depot proxy from MLIT P31; not observed operator depot or delivery-route data.
P31_13_0165,(株)ホウスイ　豊海第三冷蔵庫,4,bonded_area_or_warehouse,42,13,中央区豊海町8-15,2,0,0.0,,139.767699,35.654818,high,True,Candidate logistics/depot proxy from MLIT P31; not observed operator depot or delivery-route data.
P31_13_0166,(株)ホウスイ　豊海第三冷蔵庫,4,bonded_area_or_warehouse,42,13,中央区豊海町8-19,2,0,0.0,,139.767951,35.655139,high,True,Candidate logistics/depot proxy from MLIT P31; not observed operator depot or delivery-route data.
P31_13_0167,(株)北冷　勝どき工場,4,bonded_area_or_warehouse,42,13,中央区勝どき5-11-14,2,0,0.0,,139.771081,35.655625,high,True,Candidate logistics/depot proxy from MLIT P31; not observed operator depot or delivery-route data.
P31_13_0168,(株)丸運　東雲,4,bonded_area_or_warehouse,42,13,江東区東雲2-5-25,2,0,0.0,,139.799641,35.6404,high,True,Candidate logistics/depot proxy from MLIT P31; not observed operator depot or delivery-route data.
P31_13_0169,丸全昭和運輸(株)　ワールド流通センター,4,bonded_area_or_warehouse,42,13,江東区青海3-2-17,2,0,0.0,,139.785533,35.610802,high,True,Candidate logistics/depot proxy from MLIT P31; not observed operator depot or delivery-route data.
P31_13_0170,(株)マルハニチロ物流　豊海,4,bonded_area_or_warehouse,42,13,中央区豊海町15-14,2,0,0.0,,139.768473,35.651236,high,True,Candidate logistics/depot proxy from MLIT P31; not observed operator depot or delivery-route data.
P31_13_0171,(株)マルハニチロ物流　豊海,4,bonded_area_or_warehouse,42,13,中央区豊海町14-17,2,0,0.0,,139.768162,35.652009,high,True,Candidate logistics/depot proxy from MLIT P31; not observed operator depot or delivery-route data.
P31_13_0172,(株)マルハニチロ物流　豊海,4,bonded_area_or_warehouse,42,13,中央区豊海町14-25,2,0,0.0,,139.768077,35.652399,high,True,Candidate logistics/depot proxy from MLIT P31; not observed operator depot or delivery-route data.
P31_13_0173,三井倉庫(株)　辰巳,4,bonded_area_or_warehouse,42,13,江東区辰巳3-9-2,2,0,0.0,,139.813334,35.642955,high,True,Candidate logistics/depot proxy from MLIT P31; not observed operator depot or delivery-route data.
P31_13_0174,三井倉庫(株)　東京港,4,bonded_area_or_warehouse,42,13,江東区青海4-2-17,2,0,0.0,,139.790157,35.611761,high,True,Candidate logistics/depot proxy from MLIT P31; not observed operator depot or delivery-route data.
P31_13_0175,三井倉庫(株)　東京港,4,bonded_area_or_warehouse,42,13,江東区青海4-6-21,2,0,0.0,,139.78946,35.610819,high,True,Candidate logistics/depot proxy from MLIT P31; not observed operator depot or delivery-route data.
P31_13_0176,三井倉庫(株)　東京港,4,bonded_area_or_warehouse,42,13,江東区青海4-5-15,2,0,0.0,,139.788049,35.611212,high,True,Candidate logistics/depot proxy from MLIT P31; not observed operator depot or delivery-route data.
P31_13_0177,三井倉庫(株)　ワールド流通センター,4,bonded_area_or_warehouse,42,13,江東区青海3-2-17,2,0,0.0,,139.785596,35.610758,high,True,Candidate logistics/depot proxy from MLIT P31; not observed operator depot or delivery-route data.
P31_13_0178,三菱倉庫(株)　お台場,4,bonded_area_or_warehouse,42,13,江東区青海4-2-35、4-6-1,2,0,0.0,,139.786815,35.614343,high,True,Candidate logistics/depot proxy from MLIT P31; not observed operator depot or delivery-route data.
P31_13_0179,三菱倉庫(株)　お台場,4,bonded_area_or_warehouse,42,13,江東区青海4-5-1,2,0,0.0,,139.786069,35.613702,high,True,Candidate logistics/depot proxy from MLIT P31; not observed operator depot or delivery-route data.
P31_13_0180,三菱倉庫(株)　佐賀町,4,bonded_area_or_warehouse,42,13,江東区佐賀1-16-1,2,0,0.0,,139.79134,35.677087,high,True,Candidate logistics/depot proxy from MLIT P31; not observed operator depot or delivery-route data.
P31_13_0181,三菱倉庫(株)　ワールド流通センター,4,bonded_area_or_warehouse,42,13,江東区青海3-2-17,2,0,0.0,,139.785544,35.610758,high,True,Candidate logistics/depot proxy from MLIT P31; not observed operator depot or delivery-route data.
P31_13_0182,望月海運(株)　お台場,4,bonded_area_or_warehouse,42,13,江東区青海4-2-22,2,0,0.0,,139.789084,35.613035,high,True,Candidate logistics/depot proxy from MLIT P31; not observed operator depot or delivery-route data.
P31_13_0183,望月海運(株)　お台場,4,bonded_area_or_warehouse,42,13,江東区青海4-6-11,2,0,0.0,,139.787775,35.613035,high,True,Candidate logistics/depot proxy from MLIT P31; not observed operator depot or delivery-route data.
P31_13_0184,安田倉庫(株)　板橋営業所,4,bonded_area_or_warehouse,42,13,板橋区高島平6-1-7,2,0,0.0,,139.648831,35.793641,high,True,Candidate logistics/depot proxy from MLIT P31; not observed operator depot or delivery-route data.
P31_13_0185,ヤマトパッキングサービス(株)　東京,4,bonded_area_or_warehouse,42,13,江東区海辺8-4,2,0,0.0,,139.820074,35.681026,high,True,Candidate logistics/depot proxy from MLIT P31; not observed operator depot or delivery-route data.
P31_13_0186,ヤマトロジスティクス(株)美術品,4,bonded_area_or_warehouse,42,13,江東区東雲2-2-3,2,0,0.0,,139.80126,35.64309,high,True,Candidate logistics/depot proxy from MLIT P31; not observed operator depot or delivery-route data.
P31_13_0187,ユーピーエス・ジャパン(株)　新木場,4,bonded_area_or_warehouse,42,13,江東区新木場1-12-10,2,0,0.0,,139.836162,35.641202,high,True,Candidate logistics/depot proxy from MLIT P31; not observed operator depot or delivery-route data.
P31_13_0188,横浜倉庫(株)　墨田営業所,4,bonded_area_or_warehouse,42,13,墨田区堤通1-2-8、1-9-15、1-9-16,2,0,0.0,,139.810791,35.722569,high,True,Candidate logistics/depot proxy from MLIT P31; not observed operator depot or delivery-route data.
P31_13_0189,和田製糖(株)　江戸川工場,4,bonded_area_or_warehouse,42,13,江戸川区中央3-531、532,2,0,0.0,,139.872946,35.712554,high,True,Candidate logistics/depot proxy from MLIT P31; not observed operator depot or delivery-route data.
P31_13_0190,ANAエアポートハンドリング(株)　東京国際空港,4,bonded_area_or_warehouse,42,13,大田区羽田空港2-6-5,2,0,0.0,,139.768312,35.544457,high,True,Candidate logistics/depot proxy from MLIT P31; not observed operator depot or delivery-route data.
P31_13_0191,インターナショナル・カーゴ・サービス(株)　羽田,4,bonded_area_or_warehouse,42,13,大田区羽田空港3-6-7,2,0,0.0,,139.7952,35.539228,high,True,Candidate logistics/depot proxy from MLIT P31; not observed operator depot or delivery-route data.
P31_13_0192,インターナショナル・カーゴ・サービス(株)　羽田,4,bonded_area_or_warehouse,42,13,大田区羽田空港3-5-4,2,0,0.0,,139.792485,35.536609,high,True,Candidate logistics/depot proxy from MLIT P31; not observed operator depot or delivery-route data.
P31_13_0193,インターナショナル・カーゴ・サービス(株)　羽田,4,bonded_area_or_warehouse,42,13,大田区羽田空港3-5-5,2,0,0.0,,139.793569,35.537517,high,True,Candidate logistics/depot proxy from MLIT P31; not observed operator depot or delivery-route data.
P31_13_0194,コスモ企業(株)　羽田,4,bonded_area_or_warehouse,42,13,大田区羽田空港1-8-8,2,0,0.0,,139.754242,35.556879,high,True,Candidate logistics/depot proxy from MLIT P31; not observed operator depot or delivery-route data.
P31_13_0195,三愛石油(株),4,bonded_area_or_warehouse,42,13,大田区羽田空港3-7-1、他,2,0,0.0,,139.797762,35.53461,high,True,Candidate logistics/depot proxy from MLIT P31; not observed operator depot or delivery-route data.
P31_13_0196,全日本空輸(株)　ANA東京空港手荷物,4,bonded_area_or_warehouse,42,13,大田区羽田空港2-6-5,2,0,0.0,,139.768281,35.544309,high,True,Candidate logistics/depot proxy from MLIT P31; not observed operator depot or delivery-route data.
P31_13_0197,全日本空輸(株)東京国際空港国際貨物,4,bonded_area_or_warehouse,42,13,大田区羽田空港2-6-3,2,0,0.0,,139.774705,35.541715,high,True,Candidate logistics/depot proxy from MLIT P31; not observed operator depot or delivery-route data.
P31_13_0198,(株)ティエフケー　羽田支店,4,bonded_area_or_warehouse,42,13,大田区羽田空港3-2-8,2,0,0.0,,139.780158,35.559506,high,True,Candidate logistics/depot proxy from MLIT P31; not observed operator depot or delivery-route data.
P31_13_0199,デルタ航空会社　機用品羽田,4,bonded_area_or_warehouse,42,13,大田区羽田空港2-6-5,2,0,0.0,,139.768447,35.544663,high,True,Candidate logistics/depot proxy from MLIT P31; not observed operator depot or delivery-route data.
P31_13_0200,東京国際エアカーゴターミナル(株)　東京国際空港,4,bonded_area_or_warehouse,42,13,大田区羽田空港2-6-3,2,0,0.0,,139.774705,35.541715,high,True,Candidate logistics/depot proxy from MLIT P31; not observed operator depot or delivery-route data.
P31_13_0201,東京国際空港ターミナル(株),4,bonded_area_or_warehouse,42,13,大田区羽田空港2-6-5東京国際空港旅客ターミナルビル,2,0,0.0,,139.768273,35.544388,high,True,Candidate logistics/depot proxy from MLIT P31; not observed operator depot or delivery-route data.
P31_13_0202,日本空港テクノ(株)　東京国際空港国際線旅客ターミナル,4,bonded_area_or_warehouse,42,13,大田区羽田空港2-6-5東京国際空港旅客ターミナルビル,2,0,0.0,,139.768281,35.544357,high,True,Candidate logistics/depot proxy from MLIT P31; not observed operator depot or delivery-route data.
P31_13_0203,日本航空(株)　羽田,4,bonded_area_or_warehouse,42,13,大田区羽田空港3-1-1、3-2-1,2,0,0.0,,139.782796,35.558651,high,True,Candidate logistics/depot proxy from MLIT P31; not observed operator depot or delivery-route data.
P31_13_0204,日本通運(株)　東京航空支店羽田空港,4,bonded_area_or_warehouse,42,13,大田区羽田空港2-6-3,2,0,0.0,,139.774705,35.541715,high,True,Candidate logistics/depot proxy from MLIT P31; not observed operator depot or delivery-route data.
P31_13_0205,ハワイアン・エアーラインズ・インク　羽田,4,bonded_area_or_warehouse,42,13,大田区羽田空港二丁目6番5号　東京国際空港旅客ターミナルビル,2,0,0.0,,139.768367,35.544569,high,True,Candidate logistics/depot proxy from MLIT P31; not observed operator depot or delivery-route data.
P31_13_0206,郵船ロジスティクス(株)羽田ロジスティクスセンター,4,bonded_area_or_warehouse,42,13,大田区羽田空港2-6-3,2,0,0.0,,139.774705,35.541715,high,True,Candidate logistics/depot proxy from MLIT P31; not observed operator depot or delivery-route data.
P31_13_0207,アミ・インペックス(株),4,bonded_area_or_warehouse,42,13,台東区台東4-5-7,2,0,0.0,,139.778087,35.705872,high,True,Candidate logistics/depot proxy from MLIT P31; not observed operator depot or delivery-route data.
P31_13_0208,五十嵐冷蔵(株),4,bonded_area_or_warehouse,42,13,港区芝浦2-10-5,2,0,0.0,,139.752959,35.642516,high,True,Candidate logistics/depot proxy from MLIT P31; not observed operator depot or delivery-route data.
P31_13_0209,(株)内原　東京,4,bonded_area_or_warehouse,42,13,港区六本木7-2-7,2,0,0.0,,139.727326,35.666621,high,True,Candidate logistics/depot proxy from MLIT P31; not observed operator depot or delivery-route data.
P31_13_0210,英和貿易(株),4,bonded_area_or_warehouse,42,13,台東区上野5-56-1、3、4,2,0,0.0,,139.774531,35.703648,high,True,Candidate logistics/depot proxy from MLIT P31; not observed operator depot or delivery-route data.
P31_13_0211,(株)エージーティ・ジェム・ラボラトリー,4,bonded_area_or_warehouse,42,13,台東区上野5-15-14,2,0,0.0,,139.77559,35.705652,high,True,Candidate logistics/depot proxy from MLIT P31; not observed operator depot or delivery-route data.
P31_13_0212,JTC,4,bonded_area_or_warehouse,42,13,千代田区神田佐久間町4-4-1,2,0,0.0,,139.779053,35.697266,high,True,Candidate logistics/depot proxy from MLIT P31; not observed operator depot or delivery-route data.
P31_13_0213,ジャパンフォアオーダー(株),4,bonded_area_or_warehouse,42,13,中央区銀座7-12-4,2,0,0.0,,139.764223,35.668367,high,True,Candidate logistics/depot proxy from MLIT P31; not observed operator depot or delivery-route data.
P31_13_0214,タカセ(株)　東京営業所,4,bonded_area_or_warehouse,42,13,品川区東品川4-13-34,2,0,0.0,,139.750442,35.611395,high,True,Candidate logistics/depot proxy from MLIT P31; not observed operator depot or delivery-route data.
P31_13_0215,(株)中央宝石研究所,4,bonded_area_or_warehouse,42,13,台東区上野5-15-14ミヤギビル,2,0,0.0,,139.775673,35.705495,high,True,Candidate logistics/depot proxy from MLIT P31; not observed operator depot or delivery-route data.
P31_13_0216,DGL,4,bonded_area_or_warehouse,42,13,台東区上野5-18-7,2,0,0.0,,139.774823,35.705587,high,True,Candidate logistics/depot proxy from MLIT P31; not observed operator depot or delivery-route data.
P31_13_0217,(株)テラダロジコム　品川埠頭,4,bonded_area_or_warehouse,42,13,港区港南5-4-17,2,0,0.0,,139.757053,35.626671,high,True,Candidate logistics/depot proxy from MLIT P31; not observed operator depot or delivery-route data.
P31_13_0218,東運ウェアハウス(株),4,bonded_area_or_warehouse,42,13,港区海岸3-5-10,2,0,0.0,,139.751968,35.637281,high,True,Candidate logistics/depot proxy from MLIT P31; not observed operator depot or delivery-route data.
P31_13_0219,東京定温冷蔵(株)　品川埠頭工場,4,bonded_area_or_warehouse,42,13,港区港南5-1-41、5-1-38,2,0,0.0,,139.753797,35.625709,high,True,Candidate logistics/depot proxy from MLIT P31; not observed operator depot or delivery-route data.
P31_13_0220,東京部分肉センター(株),4,bonded_area_or_warehouse,42,13,港区港南5-1-30,2,0,0.0,,139.753985,35.627004,high,True,Candidate logistics/depot proxy from MLIT P31; not observed operator depot or delivery-route data.
P31_13_0221,(株)東北新社,4,bonded_area_or_warehouse,42,13,港区赤阪4-8-10,2,0,0.0,,139.733235,35.675659,high,True,Candidate logistics/depot proxy from MLIT P31; not observed operator depot or delivery-route data.
P31_13_0222,日塩(株)　芝浦,4,bonded_area_or_warehouse,42,13,港区海岸3-19-8,2,0,0.0,,139.756469,35.64222,high,True,Candidate logistics/depot proxy from MLIT P31; not observed operator depot or delivery-route data.
P31_13_0223,日本通運(株)　関東美術品支店,4,bonded_area_or_warehouse,42,13,中央区新川1-1-5,2,0,0.0,,139.782711,35.679337,high,True,Candidate logistics/depot proxy from MLIT P31; not observed operator depot or delivery-route data.
P31_13_0224,日本通運(株)　東京海外引越支店,4,bonded_area_or_warehouse,42,13,品川区東品川5-7-28,2,0,0.0,,139.757375,35.623357,high,True,Candidate logistics/depot proxy from MLIT P31; not observed operator depot or delivery-route data.
P31_13_0225,富士倉庫運輸(株)　芝浦,4,bonded_area_or_warehouse,42,13,港区海岸3-31-1,2,0,0.0,,139.758255,35.639912,high,True,Candidate logistics/depot proxy from MLIT P31; not observed operator depot or delivery-route data.
P31_13_0226,ブリンクスジャパン(株),4,bonded_area_or_warehouse,42,13,台東区東上野2-14-1,2,0,0.0,,139.777478,35.709024,high,True,Candidate logistics/depot proxy from MLIT P31; not observed operator depot or delivery-route data.
P31_13_0227,(株)ほほえみブレインズ,4,bonded_area_or_warehouse,42,13,中央区銀座1-20-17,2,0,0.0,,139.77048,35.672977,high,True,Candidate logistics/depot proxy from MLIT P31; not observed operator depot or delivery-route data.
P31_13_0228,松岡冷蔵(株)　品川冷蔵庫,4,bonded_area_or_warehouse,42,13,港区港南5-3-23,2,0,0.0,,139.757217,35.624717,high,True,Candidate logistics/depot proxy from MLIT P31; not observed operator depot or delivery-route data.
P31_13_0229,マルカ・アミットジャパン(株),4,bonded_area_or_warehouse,42,13,台東区上野五丁目15番14号,2,0,0.0,,139.775628,35.705569,high,True,Candidate logistics/depot proxy from MLIT P31; not observed operator depot or delivery-route data.
P31_13_0230,三井倉庫(株)　大手町トランクルーム,4,bonded_area_or_warehouse,42,13,千代田区大手町1-1-3,2,0,0.0,,139.762718,35.68598,high,True,Candidate logistics/depot proxy from MLIT P31; not observed operator depot or delivery-route data.
P31_13_0231,三菱倉庫(株)　芝浦,4,bonded_area_or_warehouse,42,13,港区海岸3-19-22,2,0,0.0,,139.756477,35.641468,high,True,Candidate logistics/depot proxy from MLIT P31; not observed operator depot or delivery-route data.
P31_13_0232,安田倉庫(株)　芝浦営業所1号,4,bonded_area_or_warehouse,42,13,港区海岸3-3-8,2,0,0.0,,139.754298,35.64178,high,True,Candidate logistics/depot proxy from MLIT P31; not observed operator depot or delivery-route data.
P31_13_0233,安田倉庫(株)　安田芝浦ビル,4,bonded_area_or_warehouse,42,13,港区海岸3-1-12,2,0,0.0,,139.755213,35.643657,high,True,Candidate logistics/depot proxy from MLIT P31; not observed operator depot or delivery-route data.
P31_13_0234,横浜倉庫(株)　品川埠頭営業所,4,bonded_area_or_warehouse,42,13,港区港南5-4-12,2,0,0.0,,139.757112,35.627113,high,True,Candidate logistics/depot proxy from MLIT P31; not observed operator depot or delivery-route data.
P31_13_0235,ROSYBLUE,4,bonded_area_or_warehouse,42,13,台東区東上野1-21-27,2,0,0.0,,139.778642,35.707906,high,True,Candidate logistics/depot proxy from MLIT P31; not observed operator depot or delivery-route data.
P31_13_0236,(株)ロジスティクス・ネットワーク　品川物流センター,4,bonded_area_or_warehouse,42,13,港区港南5-3-34,2,0,0.0,,139.756342,35.625688,high,True,Candidate logistics/depot proxy from MLIT P31; not observed operator depot or delivery-route data.
P31_13_0237,日本郵便(株)　東京国際郵便局,4,bonded_area_or_warehouse,42,13,江東区新砂3-2458-17,2,0,0.0,,139.838275,35.664117,high,True,Candidate logistics/depot proxy from MLIT P31; not observed operator depot or delivery-route data.
P31_13_0238,I．E．C．　大井海貨2号,4,bonded_area_or_warehouse,42,13,大田区東海5-1-2,2,0,0.0,,139.769756,35.592199,high,True,Candidate logistics/depot proxy from MLIT P31; not observed operator depot or delivery-route data.
P31_13_0239,アサヒロジ(株)　平和島,4,bonded_area_or_warehouse,42,13,大田区平和島5-6-1,2,0,0.0,,139.744876,35.577252,high,True,Candidate logistics/depot proxy from MLIT P31; not observed operator depot or delivery-route data.
P31_13_0240,東海運(株)　大井流通センター,4,bonded_area_or_warehouse,42,13,大田区東海4-8-15,2,0,0.0,,139.764137,35.587735,high,True,Candidate logistics/depot proxy from MLIT P31; not observed operator depot or delivery-route data.
P31_13_0241,アルフア冷蔵(株)　平和島冷蔵庫,4,bonded_area_or_warehouse,42,13,大田区平和島6-2-1,2,0,0.0,,139.749377,35.58203,high,True,Candidate logistics/depot proxy from MLIT P31; not observed operator depot or delivery-route data.
P31_13_0242,(株)アルプス物流　東京港センター,4,bonded_area_or_warehouse,42,13,大田区東海4-9-12,2,0,0.0,,139.764703,35.58658,high,True,Candidate logistics/depot proxy from MLIT P31; not observed operator depot or delivery-route data.
P31_13_0243,五十嵐冷蔵(株)　大井物流センター,4,bonded_area_or_warehouse,42,13,大田区東海5-3-4,2,0,0.0,,139.772422,35.592528,high,True,Candidate logistics/depot proxy from MLIT P31; not observed operator depot or delivery-route data.
P31_13_0244,五十嵐冷蔵(株)　京浜第一物流センター,4,bonded_area_or_warehouse,42,13,大田区平和島6-2-2、6-4-27、6-3-1,2,0,0.0,,139.750578,35.581323,high,True,Candidate logistics/depot proxy from MLIT P31; not observed operator depot or delivery-route data.
P31_13_0245,五十嵐冷蔵(株)　京浜第二物流センター,4,bonded_area_or_warehouse,42,13,大田区平和島6-4-15、6-4-10,2,0,0.0,,139.750941,35.578324,high,True,Candidate logistics/depot proxy from MLIT P31; not observed operator depot or delivery-route data.
P31_13_0246,五十嵐冷蔵(株)　城南島物流センター,4,bonded_area_or_warehouse,42,13,大田区城南島5-1-1,2,0,0.0,,139.779391,35.584514,high,True,Candidate logistics/depot proxy from MLIT P31; not observed operator depot or delivery-route data.
P31_13_0247,伊藤忠ロジスティクス(株)　大井埠頭出張所,4,bonded_area_or_warehouse,42,13,大田区東海4-8-19,2,0,0.0,,139.763501,35.58802,high,True,Candidate logistics/depot proxy from MLIT P31; not observed operator depot or delivery-route data.
P31_13_0248,インターナショナルエクスプレス(株)　大井物流センター,4,bonded_area_or_warehouse,42,13,大田区東海4-9-12,2,0,0.0,,139.764714,35.586585,high,True,Candidate logistics/depot proxy from MLIT P31; not observed operator depot or delivery-route data.
P31_13_0249,(株)宇徳　宇徳大井物流センター,4,bonded_area_or_warehouse,42,13,大田区東海5-4-1,2,0,0.0,,139.772047,35.59113,high,True,Candidate logistics/depot proxy from MLIT P31; not observed operator depot or delivery-route data.
P31_13_0250,(株)宇徳　東京フレートセンター,4,bonded_area_or_warehouse,42,13,品川区八潮2-8-1,2,0,0.0,,139.763051,35.600534,high,True,Candidate logistics/depot proxy from MLIT P31; not observed operator depot or delivery-route data.
P31_13_0251,NECロジスティクス(株)　大井,4,bonded_area_or_warehouse,42,13,品川区八潮3-2-28,2,0,0.0,,139.759693,35.600129,high,True,Candidate logistics/depot proxy from MLIT P31; not observed operator depot or delivery-route data.
P31_13_0252,(株)大森廻漕店　大井,4,bonded_area_or_warehouse,42,13,大田区東海5-5-18,2,0,0.0,,139.770654,35.589371,high,True,Candidate logistics/depot proxy from MLIT P31; not observed operator depot or delivery-route data.
P31_13_0253,オペラ＆ロイヤルブラザース(株),4,bonded_area_or_warehouse,42,13,大田区平和島1-2-20,2,0,0.0,,139.74191,35.584896,high,True,Candidate logistics/depot proxy from MLIT P31; not observed operator depot or delivery-route data.
P31_13_0254,兼松新東亜食品(株)　城南島冷蔵庫,4,bonded_area_or_warehouse,42,13,大田区城南島5-1-1,2,0,0.0,,139.779825,35.58487,high,True,Candidate logistics/depot proxy from MLIT P31; not observed operator depot or delivery-route data.
P31_13_0255,兼松新東亜食品(株)　平和島冷蔵庫,4,bonded_area_or_warehouse,42,13,大田区平和島6-2-1、6-2-2,2,0,0.0,,139.749425,35.582021,high,True,Candidate logistics/depot proxy from MLIT P31; not observed operator depot or delivery-route data.
P31_13_0256,蒲田製氷冷蔵(株)　城南島工場,4,bonded_area_or_warehouse,42,13,大田区城南島5-1-1,2,0,0.0,,139.7792,35.584333,high,True,Candidate logistics/depot proxy from MLIT P31; not observed operator depot or delivery-route data.
P31_13_0257,(株)上組　大井物流センター,4,bonded_area_or_warehouse,42,13,大田区東海4-8-8,2,0,0.0,,139.765064,35.587844,high,True,Candidate logistics/depot proxy from MLIT P31; not observed operator depot or delivery-route data.
P31_13_0258,川西倉庫(株)　京浜支店大井営業所,4,bonded_area_or_warehouse,42,13,大田区東海4-7-18,2,0,0.0,,139.763228,35.588726,high,True,Candidate logistics/depot proxy from MLIT P31; not observed operator depot or delivery-route data.
P31_13_0259,共栄商事(株)　平和島,4,bonded_area_or_warehouse,42,13,大田区平和島3-5-1,2,0,0.0,,139.746915,35.58422,high,True,Candidate logistics/depot proxy from MLIT P31; not observed operator depot or delivery-route data.
P31_13_0260,協同組合東京海貨センター,4,bonded_area_or_warehouse,42,13,大田区東海4-3-1,2,0,0.0,,139.76713,35.590933,high,True,Candidate logistics/depot proxy from MLIT P31; not observed operator depot or delivery-route data.
P31_13_0261,(株)協冷　平和島冷蔵庫,4,bonded_area_or_warehouse,42,13,大田区平和島6-2-2,2,0,0.0,,139.749854,35.581149,high,True,Candidate logistics/depot proxy from MLIT P31; not observed operator depot or delivery-route data.
P31_13_0262,キョクヨー秋津冷蔵(株)　東京事業所,4,bonded_area_or_warehouse,42,13,大田区東海5-3-1,2,0,0.0,,139.772808,35.594271,high,True,Candidate logistics/depot proxy from MLIT P31; not observed operator depot or delivery-route data.
P31_13_0263,キョクヨー秋津冷蔵(株)　東京事業所,4,bonded_area_or_warehouse,42,13,大田区東海5-3-5,2,0,0.0,,139.771965,35.593364,high,True,Candidate logistics/depot proxy from MLIT P31; not observed operator depot or delivery-route data.
P31_13_0264,(株)エクシング　京浜島,4,bonded_area_or_warehouse,42,13,大田区京浜島3-2-10,2,0,0.0,,139.760755,35.572819,high,True,Candidate logistics/depot proxy from MLIT P31; not observed operator depot or delivery-route data.
P31_13_0265,ケイヒン(株)　大井8号流通センター,4,bonded_area_or_warehouse,42,13,品川区八潮2-6-4,2,0,0.0,,139.766671,35.594698,high,True,Candidate logistics/depot proxy from MLIT P31; not observed operator depot or delivery-route data.
P31_13_0266,ケイヒン(株)　大井輸出入センター,4,bonded_area_or_warehouse,42,13,大田区東海4-9-8,2,0,0.0,,139.765238,35.586454,high,True,Candidate logistics/depot proxy from MLIT P31; not observed operator depot or delivery-route data.
P31_13_0267,(株)コイケ,4,bonded_area_or_warehouse,42,13,大田区東海4-2-8,2,0,0.0,,139.764697,35.59192,high,True,Candidate logistics/depot proxy from MLIT P31; not observed operator depot or delivery-route data.
P31_13_0268,鴻池運輸(株)　大井物流センター,4,bonded_area_or_warehouse,42,13,大田区東海4-7-7,2,0,0.0,,139.765233,35.589141,high,True,Candidate logistics/depot proxy from MLIT P31; not observed operator depot or delivery-route data.
P31_13_0269,コクサイエアロマリン(株)　大井,4,bonded_area_or_warehouse,42,13,大田区東海4-2-10,2,0,0.0,,139.764498,35.590951,high,True,Candidate logistics/depot proxy from MLIT P31; not observed operator depot or delivery-route data.
P31_13_0270,(株)国際エキスプレス大井,4,bonded_area_or_warehouse,42,13,大田区東海5-1-1,2,0,0.0,,139.768656,35.592609,high,True,Candidate logistics/depot proxy from MLIT P31; not observed operator depot or delivery-route data.
P31_13_0271,SGHグローバル・ジャパン(株)　東京ロジスティクスセンター,4,bonded_area_or_warehouse,42,13,大田区東海1-3-6,2,0,0.0,,139.753656,35.586323,high,True,Candidate logistics/depot proxy from MLIT P31; not observed operator depot or delivery-route data.
P31_13_0272,櫻井倉庫(株)　平和島営業所,4,bonded_area_or_warehouse,42,13,大田区平和島3-4-1,2,0,0.0,,139.7478,35.582649,high,True,Candidate logistics/depot proxy from MLIT P31; not observed operator depot or delivery-route data.
P31_13_0273,山九(株)　大井海貨4号,4,bonded_area_or_warehouse,42,13,大田区東海5-5-9,2,0,0.0,,139.770045,35.589974,high,True,Candidate logistics/depot proxy from MLIT P31; not observed operator depot or delivery-route data.
P31_13_0274,山九(株)　大井物流センター,4,bonded_area_or_warehouse,42,13,大田区東海4-7-4,2,0,0.0,,139.764528,35.58915,high,True,Candidate logistics/depot proxy from MLIT P31; not observed operator depot or delivery-route data.
P31_13_0275,(株)三協　大井海貨4号,4,bonded_area_or_warehouse,42,13,大田区東海5-5-9,2,0,0.0,,139.770946,35.590293,high,True,Candidate logistics/depot proxy from MLIT P31; not observed operator depot or delivery-route data.
P31_13_0276,(株)三協　大井冷蔵倉庫,4,bonded_area_or_warehouse,42,13,大田区東海5-3-5,2,0,0.0,,139.771601,35.593682,high,True,Candidate logistics/depot proxy from MLIT P31; not observed operator depot or delivery-route data.
P31_13_0277,三幸物流(株)　大井事業所,4,bonded_area_or_warehouse,42,13,大田区東海5-4-1,2,0,0.0,,139.771789,35.591431,high,True,Candidate logistics/depot proxy from MLIT P31; not observed operator depot or delivery-route data.
P31_13_0278,三信倉庫(株)　城南島流通センター,4,bonded_area_or_warehouse,42,13,大田区城南島7-2-2,2,0,0.0,,139.770716,35.579809,high,True,Candidate logistics/depot proxy from MLIT P31; not observed operator depot or delivery-route data.
P31_13_0279,(株)ジェイアール貨物・インターナショナル　東京貨物ターミナルICD事業所,4,bonded_area_or_warehouse,42,13,品川区八潮3-3-22,2,0,0.0,,139.757768,35.587295,high,True,Candidate logistics/depot proxy from MLIT P31; not observed operator depot or delivery-route data.
P31_13_0280,芝海(株)　大井海貨4号,4,bonded_area_or_warehouse,42,13,大田区東海5-5-9,2,0,0.0,,139.770667,35.590271,high,True,Candidate logistics/depot proxy from MLIT P31; not observed operator depot or delivery-route data.
P31_13_0281,芝海(株)　大井出張所ST大井物流センター,4,bonded_area_or_warehouse,42,13,大田区東海4-7-20,2,0,0.0,,139.763195,35.589054,high,True,Candidate logistics/depot proxy from MLIT P31; not observed operator depot or delivery-route data.
P31_13_0282,澁澤倉庫(株)　大井埠頭,4,bonded_area_or_warehouse,42,13,大田区東海4-8-18,2,0,0.0,,139.763515,35.58752,high,True,Candidate logistics/depot proxy from MLIT P31; not observed operator depot or delivery-route data.
P31_13_0283,(株)ジャパンエキスプレス　MOL大井物流センター,4,bonded_area_or_warehouse,42,13,品川区八潮2-9,2,0,0.0,,139.763958,35.599354,high,True,Candidate logistics/depot proxy from MLIT P31; not observed operator depot or delivery-route data.
P31_13_0284,(株)新開トランスポートシステムズ,4,bonded_area_or_warehouse,42,13,大田区東海4-2-26,2,0,0.0,,139.763581,35.591597,high,True,Candidate logistics/depot proxy from MLIT P31; not observed operator depot or delivery-route data.
P31_13_0285,神興運輸(株)　平和島営業所,4,bonded_area_or_warehouse,42,13,大田区平和島3-6-1,2,0,0.0,,139.749423,35.58346,high,True,Candidate logistics/depot proxy from MLIT P31; not observed operator depot or delivery-route data.
P31_13_0286,新興海陸運輸(株)　大井,4,bonded_area_or_warehouse,42,13,品川区八潮2-16-1,2,0,0.0,,139.758915,35.608229,high,True,Candidate logistics/depot proxy from MLIT P31; not observed operator depot or delivery-route data.
P31_13_0287,新興海陸運輸(株)　海貨一号,4,bonded_area_or_warehouse,42,13,大田区東海5-1-1,2,0,0.0,,139.768095,35.592325,high,True,Candidate logistics/depot proxy from MLIT P31; not observed operator depot or delivery-route data.
P31_13_0288,新興海陸運輸(株)　海貨四号,4,bonded_area_or_warehouse,42,13,大田区東海5-5-9,2,0,0.0,,139.770276,35.590024,high,True,Candidate logistics/depot proxy from MLIT P31; not observed operator depot or delivery-route data.
P31_13_0289,(株)シンコー,4,bonded_area_or_warehouse,42,13,大田区東海4-2-5,2,0,0.0,,139.764343,35.592046,high,True,Candidate logistics/depot proxy from MLIT P31; not observed operator depot or delivery-route data.
P31_13_0290,鈴江コーポレーション(株)　大井臨海倉庫,4,bonded_area_or_warehouse,42,13,大田区東海4-7-13,2,0,0.0,,139.764225,35.588836,high,True,Candidate logistics/depot proxy from MLIT P31; not observed operator depot or delivery-route data.
P31_13_0291,鈴与(株)　大井センター,4,bonded_area_or_warehouse,42,13,大田区東海4-9-3,2,0,0.0,,139.763924,35.586755,high,True,Candidate logistics/depot proxy from MLIT P31; not observed operator depot or delivery-route data.
P31_13_0292,鈴与(株)　平和島センター,4,bonded_area_or_warehouse,42,13,大田区平和島3-6-1,2,0,0.0,,139.748732,35.584696,high,True,Candidate logistics/depot proxy from MLIT P31; not observed operator depot or delivery-route data.
P31_13_0293,鈴与シンワ物流(株)　大井ジャパン,4,bonded_area_or_warehouse,42,13,品川区八潮2-6-4,2,0,0.0,,139.766745,35.594664,high,True,Candidate logistics/depot proxy from MLIT P31; not observed operator depot or delivery-route data.
P31_13_0294,隅田冷凍工業(株)　京浜島事業所,4,bonded_area_or_warehouse,42,13,大田区京浜島3-3-3,2,0,0.0,,139.763286,35.573365,high,True,Candidate logistics/depot proxy from MLIT P31; not observed operator depot or delivery-route data.
P31_13_0295,(株)住友倉庫　東京支店大井倉庫,4,bonded_area_or_warehouse,42,13,大田区東海4-5-18,2,0,0.0,,139.76658,35.588888,high,True,Candidate logistics/depot proxy from MLIT P31; not observed operator depot or delivery-route data.
P31_13_0296,西武運輸(株),4,bonded_area_or_warehouse,42,13,大田区平和島2-1-1京浜トラックターミナル内配送センター12号棟,2,0,0.0,,139.748305,35.586864,high,True,Candidate logistics/depot proxy from MLIT P31; not observed operator depot or delivery-route data.
P31_13_0297,センコー(株)　京浜PDセンター,4,bonded_area_or_warehouse,42,13,大田区平和島2-1-1,2,0,0.0,,139.744772,35.587265,high,True,Candidate logistics/depot proxy from MLIT P31; not observed operator depot or delivery-route data.
P31_13_0298,第一港運(株)　大井,4,bonded_area_or_warehouse,42,13,大田区東海5-1-1,2,0,0.0,,139.769252,35.592899,high,True,Candidate logistics/depot proxy from MLIT P31; not observed operator depot or delivery-route data.
P31_13_0299,第一冷蔵(株)　団地工場,4,bonded_area_or_warehouse,42,13,大田区平和島6-3-1,2,0,0.0,,139.750652,35.579142,high,True,Candidate logistics/depot proxy from MLIT P31; not observed operator depot or delivery-route data.
P31_13_0300,第一冷蔵(株)　平和島冷凍物流センター,4,bonded_area_or_warehouse,42,13,大田区平和島6-5-24,2,0,0.0,,139.750584,35.577222,high,True,Candidate logistics/depot proxy from MLIT P31; not observed operator depot or delivery-route data.
P31_13_0301,(株)泰運商会　泰運大井海貨2号,4,bonded_area_or_warehouse,42,13,大田区東海5-1-2,2,0,0.0,,139.768616,35.591647,high,True,Candidate logistics/depot proxy from MLIT P31; not observed operator depot or delivery-route data.
P31_13_0302,大同冷蔵(株)　城南島工場,4,bonded_area_or_warehouse,42,13,大田区城南島2-6-8,2,0,0.0,,139.774332,35.580165,high,True,Candidate logistics/depot proxy from MLIT P31; not observed operator depot or delivery-route data.
P31_13_0303,(株)ダイトーコーポレーション　大井物流センター,4,bonded_area_or_warehouse,42,13,大田区東海4-10-8,2,0,0.0,,139.765238,35.585415,high,True,Candidate logistics/depot proxy from MLIT P31; not observed operator depot or delivery-route data.
P31_13_0304,(株)ダイワコーポレーション　東京城南営業所,4,bonded_area_or_warehouse,42,13,大田区城南島2-9-15,2,0,0.0,,139.77858,35.58049,high,True,Candidate logistics/depot proxy from MLIT P31; not observed operator depot or delivery-route data.
P31_13_0305,(株)ダイワコーポレーション　平和島営業所,4,bonded_area_or_warehouse,42,13,大田区平和島3-6-1,2,0,0.0,,139.748743,35.584735,high,True,Candidate logistics/depot proxy from MLIT P31; not observed operator depot or delivery-route data.
P31_13_0306,タカセ(株)　東京港営業所,4,bonded_area_or_warehouse,42,13,大田区東海4-9-17,2,0,0.0,,139.76323,35.586691,high,True,Candidate logistics/depot proxy from MLIT P31; not observed operator depot or delivery-route data.
P31_13_0307,月島倉庫(株)　大井営業所,4,bonded_area_or_warehouse,42,13,大田区東海5-4-1,2,0,0.0,,139.771764,35.591468,high,True,Candidate logistics/depot proxy from MLIT P31; not observed operator depot or delivery-route data.
P31_13_0308,帝蚕倉庫(株)　東京営業所大井,4,bonded_area_or_warehouse,42,13,品川区八潮2-2-6,2,0,0.0,,139.757745,35.610331,high,True,Candidate logistics/depot proxy from MLIT P31; not observed operator depot or delivery-route data.
P31_13_0309,(株)テトラ城南　城南島工場,4,bonded_area_or_warehouse,42,13,大田区城南島5-1-1,2,0,0.0,,139.779642,35.584674,high,True,Candidate logistics/depot proxy from MLIT P31; not observed operator depot or delivery-route data.
P31_13_0310,(株)テラダロジコム　平和島,4,bonded_area_or_warehouse,42,13,大田区平和島3-6-1,2,0,0.0,,139.748721,35.584735,high,True,Candidate logistics/depot proxy from MLIT P31; not observed operator depot or delivery-route data.
P31_13_0311,TSネットワーク(株)　大井,4,bonded_area_or_warehouse,42,13,品川区八潮2-6-4,2,0,0.0,,139.766886,35.594759,high,True,Candidate logistics/depot proxy from MLIT P31; not observed operator depot or delivery-route data.
P31_13_0312,TSネットワーク(株)　大井,4,bonded_area_or_warehouse,42,13,品川区八潮2-6-12,2,0,0.0,,139.767712,35.595126,high,True,Candidate logistics/depot proxy from MLIT P31; not observed operator depot or delivery-route data.
P31_13_0313,東京港港湾運送事業協同組合　大井その2,4,bonded_area_or_warehouse,42,13,大田区東海5-12,2,0,0.0,,139.769257,35.592003,high,True,Candidate logistics/depot proxy from MLIT P31; not observed operator depot or delivery-route data.
P31_13_0314,東京港港湾運送事業協同組合　都営大井食品上屋(第2号),4,bonded_area_or_warehouse,42,13,大田区東海6-3-2,2,0,0.0,,139.774616,35.589102,high,True,Candidate logistics/depot proxy from MLIT P31; not observed operator depot or delivery-route data.
P31_13_0315,東京港港湾運送事業協同組合　城南島,4,bonded_area_or_warehouse,42,13,大田区城南島6丁目地先,2,0,0.0,,139.775801,35.582684,high,True,Candidate logistics/depot proxy from MLIT P31; not observed operator depot or delivery-route data.
P31_13_0316,東京水産ターミナル(株),4,bonded_area_or_warehouse,42,13,大田区東海5-3-1～3,2,0,0.0,,139.771918,35.593547,high,True,Candidate logistics/depot proxy from MLIT P31; not observed operator depot or delivery-route data.
P31_13_0317,東京水産冷蔵(株)　団地工場,4,bonded_area_or_warehouse,42,13,大田区平和島6-2-3,2,0,0.0,,139.749994,35.580704,high,True,Candidate logistics/depot proxy from MLIT P31; not observed operator depot or delivery-route data.
P31_13_0318,東京水産冷蔵(株)　城南島物流センター,4,bonded_area_or_warehouse,42,13,大田区城南島2-6-8,2,0,0.0,,139.774297,35.580152,high,True,Candidate logistics/depot proxy from MLIT P31; not observed operator depot or delivery-route data.
P31_13_0319,東京青果冷蔵(株)　城南倉庫,4,bonded_area_or_warehouse,42,13,大田区城南島5-1-1,2,0,0.0,,139.780146,35.585201,high,True,Candidate logistics/depot proxy from MLIT P31; not observed operator depot or delivery-route data.
P31_13_0320,東京定温冷蔵(株)　大井埠頭工場,4,bonded_area_or_warehouse,42,13,大田区東海5-3-4,2,0,0.0,,139.773398,35.591244,high,True,Candidate logistics/depot proxy from MLIT P31; not observed operator depot or delivery-route data.
P31_13_0321,東京定温冷蔵(株)　平和島団地工場,4,bonded_area_or_warehouse,42,13,大田区平和島6-2-2,2,0,0.0,,139.749827,35.581109,high,True,Candidate logistics/depot proxy from MLIT P31; not observed operator depot or delivery-route data.
P31_13_0322,東京豊海冷蔵(株)　平和島物流センター,4,bonded_area_or_warehouse,42,13,大田区平和島6-4-26,2,0,0.0,,139.750804,35.580882,high,True,Candidate logistics/depot proxy from MLIT P31; not observed operator depot or delivery-route data.
P31_13_0323,東京豊海冷蔵(株)　平和島物流センター,4,bonded_area_or_warehouse,42,13,大田区平和島6-4-28,2,0,0.0,,139.750149,35.582313,high,True,Candidate logistics/depot proxy from MLIT P31; not observed operator depot or delivery-route data.
P31_13_0324,東神倉庫(株),4,bonded_area_or_warehouse,42,13,品川区勝島1-5-21,2,0,0.0,,139.745809,35.596683,high,True,Candidate logistics/depot proxy from MLIT P31; not observed operator depot or delivery-route data.
P31_13_0325,東新物流(株),4,bonded_area_or_warehouse,42,13,大田区東海4-2-1,2,0,0.0,,139.762938,35.592035,high,True,Candidate logistics/depot proxy from MLIT P31; not observed operator depot or delivery-route data.
P31_13_0326,東京冷凍(株)　京浜島冷蔵物流センター,4,bonded_area_or_warehouse,42,13,大田区京浜島1-3-7、1-3-9,2,0,0.0,,139.761447,35.567252,high,True,Candidate logistics/depot proxy from MLIT P31; not observed operator depot or delivery-route data.
P31_13_0327,東洋水産(株)　大井埠頭冷蔵庫,4,bonded_area_or_warehouse,42,13,大田区東海4-1-12,2,0,0.0,,139.765572,35.593481,high,True,Candidate logistics/depot proxy from MLIT P31; not observed operator depot or delivery-route data.
P31_13_0328,東洋水産(株)　城南島冷蔵庫,4,bonded_area_or_warehouse,42,13,大田区城南島6-1-3,2,0,0.0,,139.778184,35.585513,high,True,Candidate logistics/depot proxy from MLIT P31; not observed operator depot or delivery-route data.
P31_13_0329,東洋水産(株)　平和島冷蔵庫,4,bonded_area_or_warehouse,42,13,大田区平和島6-4-24,2,0,0.0,,139.751396,35.579499,high,True,Candidate logistics/depot proxy from MLIT P31; not observed operator depot or delivery-route data.
P31_13_0330,東洋埠頭(株)　大井事業所,4,bonded_area_or_warehouse,42,13,大田区東海6-1-5,2,0,0.0,,139.770421,35.586995,high,True,Candidate logistics/depot proxy from MLIT P31; not observed operator depot or delivery-route data.
P31_13_0331,都南運送(株)　城南島営業所,4,bonded_area_or_warehouse,42,13,大田区城南島2-9-14,2,0,0.0,,139.777974,35.579879,high,True,Candidate logistics/depot proxy from MLIT P31; not observed operator depot or delivery-route data.
P31_13_0332,トレーディア(株)　大井海貨2号,4,bonded_area_or_warehouse,42,13,大田区東海5-1-2,2,0,0.0,,139.769011,35.591846,high,True,Candidate logistics/depot proxy from MLIT P31; not observed operator depot or delivery-route data.
P31_13_0333,トレーディア(株)　城南島倉庫,4,bonded_area_or_warehouse,42,13,大田区城南島7-2-2,2,0,0.0,,139.770738,35.57984,high,True,Candidate logistics/depot proxy from MLIT P31; not observed operator depot or delivery-route data.
P31_13_0334,内外日東(株)　大井物流センター,4,bonded_area_or_warehouse,42,13,大田区東海4-5-2,2,0,0.0,,139.767018,35.58908,high,True,Candidate logistics/depot proxy from MLIT P31; not observed operator depot or delivery-route data.
P31_13_0335,長島梱包(株),4,bonded_area_or_warehouse,42,13,大田区東海4-2-4,2,0,0.0,,139.76377,35.592022,high,True,Candidate logistics/depot proxy from MLIT P31; not observed operator depot or delivery-route data.
P31_13_0336,(株)ナカムラロジスティクス　C．C．C．大井,4,bonded_area_or_warehouse,42,13,大田区東海5-3-3,2,0,0.0,,139.773878,35.592292,high,True,Candidate logistics/depot proxy from MLIT P31; not observed operator depot or delivery-route data.
P31_13_0337,(株)ニチレイ・ロジスティクス関東　大井物流センター,4,bonded_area_or_warehouse,42,13,大田区東海5-2-7,2,0,0.0,,139.770834,35.592618,high,True,Candidate logistics/depot proxy from MLIT P31; not observed operator depot or delivery-route data.
P31_13_0338,(株)ニチレイ・ロジスティクス関東　大井物流センター,4,bonded_area_or_warehouse,42,13,大田区東海5-3-5,2,0,0.0,,139.772272,35.59298,high,True,Candidate logistics/depot proxy from MLIT P31; not observed operator depot or delivery-route data.
P31_13_0339,(株)ニチレイ・ロジスティクス関東　京浜埠頭物流センター,4,bonded_area_or_warehouse,42,13,大田区平和島6-2-3、6-4-25、6-4-27,2,0,0.0,,139.751227,35.579936,high,True,Candidate logistics/depot proxy from MLIT P31; not observed operator depot or delivery-route data.
P31_13_0340,(株)ニチレイ・ロジスティクス関東　東京物流センター,4,bonded_area_or_warehouse,42,13,大田区平和島5-2-28,2,0,0.0,,139.743087,35.579872,high,True,Candidate logistics/depot proxy from MLIT P31; not observed operator depot or delivery-route data.
P31_13_0341,(株)日新　大井事業所,4,bonded_area_or_warehouse,42,13,大田区平和島3-2-9、3-2-30,2,0,0.0,,139.745718,35.58436,high,True,Candidate logistics/depot proxy from MLIT P31; not observed operator depot or delivery-route data.
P31_13_0342,(株)日新　大井倉庫,4,bonded_area_or_warehouse,42,13,大田区東海4-2-15,2,0,0.0,,139.764488,35.590035,high,True,Candidate logistics/depot proxy from MLIT P31; not observed operator depot or delivery-route data.
P31_13_0343,(株)日新　平和島倉庫,4,bonded_area_or_warehouse,42,13,大田区平和島3-5-1,2,0,0.0,,139.749222,35.583504,high,True,Candidate logistics/depot proxy from MLIT P31; not observed operator depot or delivery-route data.
P31_13_0344,日東富士製粉(株)　東京工場,4,bonded_area_or_warehouse,42,13,大田区東海6-2-1,2,0,0.0,,139.773168,35.589944,high,True,Candidate logistics/depot proxy from MLIT P31; not observed operator depot or delivery-route data.
P31_13_0345,トナミ国際物流(株)　大井,4,bonded_area_or_warehouse,42,13,大田区東海5-5-9,2,0,0.0,,139.770513,35.590112,high,True,Candidate logistics/depot proxy from MLIT P31; not observed operator depot or delivery-route data.
P31_13_0346,日本国際輸送(株)　城南島倉庫,4,bonded_area_or_warehouse,42,13,大田区城南島2-8-5,2,0,0.0,,139.776271,35.579637,high,True,Candidate logistics/depot proxy from MLIT P31; not observed operator depot or delivery-route data.
P31_13_0347,日水物流(株)　大井物流センター,4,bonded_area_or_warehouse,42,13,大田区東海5-3-1,2,0,0.0,,139.772422,35.594578,high,True,Candidate logistics/depot proxy from MLIT P31; not observed operator depot or delivery-route data.
P31_13_0348,日水物流(株)　大井物流センター,4,bonded_area_or_warehouse,42,13,大田区東海5-3-5,2,0,0.0,,139.77151,35.593891,high,True,Candidate logistics/depot proxy from MLIT P31; not observed operator depot or delivery-route data.
P31_13_0349,日水物流(株)　東京物流センター,4,bonded_area_or_warehouse,42,13,大田区東海6-1-2,2,0,0.0,,139.769568,35.586174,high,True,Candidate logistics/depot proxy from MLIT P31; not observed operator depot or delivery-route data.
P31_13_0350,日水物流(株)　平和島物流センター,4,bonded_area_or_warehouse,42,13,大田区平和島6-3-1,2,0,0.0,,139.750667,35.579122,high,True,Candidate logistics/depot proxy from MLIT P31; not observed operator depot or delivery-route data.
P31_13_0351,日本通運(株)　大井国際輸送支店,4,bonded_area_or_warehouse,42,13,大田区東海4-2-22,2,0,0.0,,139.763249,35.590166,high,True,Candidate logistics/depot proxy from MLIT P31; not observed operator depot or delivery-route data.
P31_13_0352,日本通運(株)　大井国際輸送支店第二,4,bonded_area_or_warehouse,42,13,品川区八潮2-6-2,2,0,0.0,,139.7676,35.594031,high,True,Candidate logistics/depot proxy from MLIT P31; not observed operator depot or delivery-route data.
P31_13_0353,日本通運(株)　東京食品ターミナル事業所,4,bonded_area_or_warehouse,42,13,大田区東海6-3-1,2,0,0.0,,139.775196,35.591361,high,True,Candidate logistics/depot proxy from MLIT P31; not observed operator depot or delivery-route data.
P31_13_0354,日本通運(株)　東京食品ターミナル事業所,4,bonded_area_or_warehouse,42,13,大田区東海6-3-2,2,0,0.0,,139.774954,35.589451,high,True,Candidate logistics/depot proxy from MLIT P31; not observed operator depot or delivery-route data.
P31_13_0355,日本通運(株)　平和島,4,bonded_area_or_warehouse,42,13,大田区平和島2-1-1,2,0,0.0,,139.741696,35.587997,high,True,Candidate logistics/depot proxy from MLIT P31; not observed operator depot or delivery-route data.
P31_13_0356,日本埠頭倉庫(株)　平和島事業所,4,bonded_area_or_warehouse,42,13,大田区平和島6-4-8,2,0,0.0,,139.751335,35.577959,high,True,Candidate logistics/depot proxy from MLIT P31; not observed operator depot or delivery-route data.
P31_13_0357,濃飛倉庫運輸(株)　京浜,4,bonded_area_or_warehouse,42,13,大田区平和島3-5-1,2,0,0.0,,139.747405,35.583761,high,True,Candidate logistics/depot proxy from MLIT P31; not observed operator depot or delivery-route data.
P31_13_0358,(株)ペガサスカーゴサービス　大井海貨2号,4,bonded_area_or_warehouse,42,13,大田区東海5-1-2,2,0,0.0,,139.769263,35.591985,high,True,Candidate logistics/depot proxy from MLIT P31; not observed operator depot or delivery-route data.
P31_13_0359,(株)ペガサスカーゴサービス　大井青果センター,4,bonded_area_or_warehouse,42,13,大田区東海6-3-1,2,0,0.0,,139.775496,35.590892,high,True,Candidate logistics/depot proxy from MLIT P31; not observed operator depot or delivery-route data.
P31_13_0360,早川海陸輸送(株)　大井,4,bonded_area_or_warehouse,42,13,大田区東海4-9-7,2,0,0.0,,139.765237,35.586875,high,True,Candidate logistics/depot proxy from MLIT P31; not observed operator depot or delivery-route data.
P31_13_0361,日立物流バンテックフォワーディング(株)　東京海貨センター,4,bonded_area_or_warehouse,42,13,大田区平和島5-3-2,2,0,0.0,,139.743905,35.57854,high,True,Candidate logistics/depot proxy from MLIT P31; not observed operator depot or delivery-route data.
P31_13_0362,富士港運(株)　大井海貨2号,4,bonded_area_or_warehouse,42,13,大田区東海5-1-2,2,0,0.0,,139.768804,35.591769,high,True,Candidate logistics/depot proxy from MLIT P31; not observed operator depot or delivery-route data.
P31_13_0363,(株)富士ロジテック　大井,4,bonded_area_or_warehouse,42,13,大田区東海4-9-13,2,0,0.0,,139.763936,35.586414,high,True,Candidate logistics/depot proxy from MLIT P31; not observed operator depot or delivery-route data.
P31_13_0364,(株)二葉　大井ふ頭定温物流センター,4,bonded_area_or_warehouse,42,13,大田区東海4-6-1,2,0,0.0,,139.763238,35.585293,high,True,Candidate logistics/depot proxy from MLIT P31; not observed operator depot or delivery-route data.
P31_13_0365,(株)二葉　大井冷凍物流センター,4,bonded_area_or_warehouse,42,13,大田区東海5-3-5,2,0,0.0,,139.772514,35.594171,high,True,Candidate logistics/depot proxy from MLIT P31; not observed operator depot or delivery-route data.
P31_13_0366,(株)二葉　平和島冷凍物流センター,4,bonded_area_or_warehouse,42,13,大田区平和島6-4-1,2,0,0.0,,139.751351,35.577466,high,True,Candidate logistics/depot proxy from MLIT P31; not observed operator depot or delivery-route data.
P31_13_0367,(株)ブルーウイング　品川営業所,4,bonded_area_or_warehouse,42,13,品川区八潮3-2-22,2,0,0.0,,139.75943,35.60115,high,True,Candidate logistics/depot proxy from MLIT P31; not observed operator depot or delivery-route data.
P31_13_0368,(株)ベストシッピング　KBS東京CFSセンター,4,bonded_area_or_warehouse,42,13,大田区東海1-3-6,2,0,0.0,,139.753829,35.586358,high,True,Candidate logistics/depot proxy from MLIT P31; not observed operator depot or delivery-route data.
P31_13_0369,(株)ベニレイ・ロジスティクス　城南島事業所,4,bonded_area_or_warehouse,42,13,大田区城南島5-1-1,2,0,0.0,,139.780044,35.585039,high,True,Candidate logistics/depot proxy from MLIT P31; not observed operator depot or delivery-route data.
P31_13_0370,(株)ベニレイ・ロジスティクス　平和島事業所,4,bonded_area_or_warehouse,42,13,大田区平和島6-2-1、6-4-28,2,0,0.0,,139.750224,35.582244,high,True,Candidate logistics/depot proxy from MLIT P31; not observed operator depot or delivery-route data.
P31_13_0371,(株)ホウスイ　大井冷蔵庫,4,bonded_area_or_warehouse,42,13,大田区東海5-3-4,2,0,0.0,,139.773245,35.591466,high,True,Candidate logistics/depot proxy from MLIT P31; not observed operator depot or delivery-route data.
P31_13_0372,(株)北冷　平和島工場,4,bonded_area_or_warehouse,42,13,大田区平和島6-4-27,2,0,0.0,,139.750632,35.58131,high,True,Candidate logistics/depot proxy from MLIT P31; not observed operator depot or delivery-route data.
P31_13_0373,松岡冷蔵(株)　団地冷蔵庫,4,bonded_area_or_warehouse,42,13,大田区平和島6-4-24,2,0,0.0,,139.751367,35.579504,high,True,Candidate logistics/depot proxy from MLIT P31; not observed operator depot or delivery-route data.
P31_13_0374,丸運(株)　京浜羽田物流センター,4,bonded_area_or_warehouse,42,13,大田区京浜島2-6-1,2,0,0.0,,139.769472,35.571044,high,True,Candidate logistics/depot proxy from MLIT P31; not observed operator depot or delivery-route data.
P31_13_0375,丸全昭和運輸(株)　大井海貨上屋営業所,4,bonded_area_or_warehouse,42,13,大田区東海5-5-18,2,0,0.0,,139.771142,35.589616,high,True,Candidate logistics/depot proxy from MLIT P31; not observed operator depot or delivery-route data.
P31_13_0376,丸全昭和運輸(株)　大井流通センター,4,bonded_area_or_warehouse,42,13,大田区東海4-5-12,2,0,0.0,,139.766538,35.587981,high,True,Candidate logistics/depot proxy from MLIT P31; not observed operator depot or delivery-route data.
P31_13_0377,(株)マルハニチロ物流　大井第一,4,bonded_area_or_warehouse,42,13,大田区東海5-3-3、5-3-4,2,0,0.0,,139.772857,35.59195,high,True,Candidate logistics/depot proxy from MLIT P31; not observed operator depot or delivery-route data.
P31_13_0378,(株)マルハニチロ物流　大井第二,4,bonded_area_or_warehouse,42,13,大田区東海5-3-2,2,0,0.0,,139.773088,35.59342,high,True,Candidate logistics/depot proxy from MLIT P31; not observed operator depot or delivery-route data.
P31_13_0379,(株)マルハニチロ物流　城南島,4,bonded_area_or_warehouse,42,13,大田区城南島6-1-4,2,0,0.0,,139.777771,35.585101,high,True,Candidate logistics/depot proxy from MLIT P31; not observed operator depot or delivery-route data.
P31_13_0380,(株)マルハニチロ物流　平和島第一,4,bonded_area_or_warehouse,42,13,大田区平和島6-3-1,2,0,0.0,,139.750675,35.579194,high,True,Candidate logistics/depot proxy from MLIT P31; not observed operator depot or delivery-route data.
P31_13_0381,(株)マルハニチロ物流　平和島第二,4,bonded_area_or_warehouse,42,13,大田区平和島6-4-26,2,0,0.0,,139.750755,35.580874,high,True,Candidate logistics/depot proxy from MLIT P31; not observed operator depot or delivery-route data.
P31_13_0382,まるま運輸(株)　大井,4,bonded_area_or_warehouse,42,13,大田区東海5-1-1,2,0,0.0,,139.768873,35.592655,high,True,Candidate logistics/depot proxy from MLIT P31; not observed operator depot or delivery-route data.
P31_13_0383,三井倉庫(株)　大井,4,bonded_area_or_warehouse,42,13,大田区東海4-3-8,2,0,0.0,,139.766441,35.590738,high,True,Candidate logistics/depot proxy from MLIT P31; not observed operator depot or delivery-route data.
P31_13_0384,三菱倉庫(株)　大井,4,bonded_area_or_warehouse,42,13,大田区東海4-3-10,2,0,0.0,,139.766012,35.591636,high,True,Candidate logistics/depot proxy from MLIT P31; not observed operator depot or delivery-route data.
P31_13_0385,三菱倉庫(株)　大井CY,4,bonded_area_or_warehouse,42,13,品川区八潮2-6,2,0,0.0,,139.768272,35.593501,high,True,Candidate logistics/depot proxy from MLIT P31; not observed operator depot or delivery-route data.
P31_13_0386,三菱倉庫(株)　大井冷蔵,4,bonded_area_or_warehouse,42,13,品川区八潮2-7-10,2,0,0.0,,139.765819,35.59599,high,True,Candidate logistics/depot proxy from MLIT P31; not observed operator depot or delivery-route data.
P31_13_0387,(株)明正　大井,4,bonded_area_or_warehouse,42,13,大田区東海4-7-11,2,0,0.0,,139.765239,35.588892,high,True,Candidate logistics/depot proxy from MLIT P31; not observed operator depot or delivery-route data.
P31_13_0388,(株)明正　大井海貨5号,4,bonded_area_or_warehouse,42,13,大田区東海5-4-1,2,0,0.0,,139.77165,35.591689,high,True,Candidate logistics/depot proxy from MLIT P31; not observed operator depot or delivery-route data.
P31_13_0389,安田倉庫(株)　大井営業所,4,bonded_area_or_warehouse,42,13,大田区東海4-5-8,2,0,0.0,,139.767187,35.588081,high,True,Candidate logistics/depot proxy from MLIT P31; not observed operator depot or delivery-route data.
P31_13_0390,安田倉庫(株)　大井埠頭営業所,4,bonded_area_or_warehouse,42,13,大田区東海5-4-1,2,0,0.0,,139.771526,35.591815,high,True,Candidate logistics/depot proxy from MLIT P31; not observed operator depot or delivery-route data.
P31_13_0391,安田倉庫(株)　平和島営業所,4,bonded_area_or_warehouse,42,13,大田区平和島3-6-1,2,0,0.0,,139.748706,35.584774,high,True,Candidate logistics/depot proxy from MLIT P31; not observed operator depot or delivery-route data.
P31_13_0392,(株)ヤマタネ　物流本部関東支店大井埠頭営業所,4,bonded_area_or_warehouse,42,13,大田区東海4-3-18,2,0,0.0,,139.76576,35.592439,high,True,Candidate logistics/depot proxy from MLIT P31; not observed operator depot or delivery-route data.
P31_13_0393,(株)ヤマタネ　物流本部関東支店平和島営業所,4,bonded_area_or_warehouse,42,13,大田区平和島3-5-1,2,0,0.0,,139.747151,35.584307,high,True,Candidate logistics/depot proxy from MLIT P31; not observed operator depot or delivery-route data.
P31_13_0394,山手冷蔵(株)　京浜ロジスティックセンター,4,bonded_area_or_warehouse,42,13,大田区京浜島1-2-3,2,0,0.0,,139.758008,35.571079,high,True,Candidate logistics/depot proxy from MLIT P31; not observed operator depot or delivery-route data.
P31_13_0395,山手冷蔵(株)　城南ロジスティックセンター,4,bonded_area_or_warehouse,42,13,大田区城南島5-1-1,2,0,0.0,,139.779699,35.584809,high,True,Candidate logistics/depot proxy from MLIT P31; not observed operator depot or delivery-route data.
P31_13_0396,山手冷蔵(株)　東京ロジスティックセンター,4,bonded_area_or_warehouse,42,13,大田区平和島5-5-5,2,0,0.0,,139.746035,35.577977,high,True,Candidate logistics/depot proxy from MLIT P31; not observed operator depot or delivery-route data.
P31_13_0397,山手冷蔵(株)　平和島ロジスティックセンター,4,bonded_area_or_warehouse,42,13,大田区平和島6-2-3、6-4-26,2,0,0.0,,139.749994,35.580699,high,True,Candidate logistics/depot proxy from MLIT P31; not observed operator depot or delivery-route data.
P31_13_0398,ヤマトグローバルロジスティクスジャパン(株)　京浜島,4,bonded_area_or_warehouse,42,13,大田区京浜島1-2-2,2,0,0.0,,139.757949,35.572117,high,True,Candidate logistics/depot proxy from MLIT P31; not observed operator depot or delivery-route data.
P31_13_0399,ヤマトロジスティクス(株)　京浜島,4,bonded_area_or_warehouse,42,13,大田区京浜島1-3-2,2,0,0.0,,139.759746,35.568465,high,True,Candidate logistics/depot proxy from MLIT P31; not observed operator depot or delivery-route data.
P31_13_0400,(株)ユニエツクス　大井第一,4,bonded_area_or_warehouse,42,13,品川区八潮2-7-8,2,0,0.0,,139.764569,35.598221,high,True,Candidate logistics/depot proxy from MLIT P31; not observed operator depot or delivery-route data.
P31_13_0401,(株)ユニエツクス　大井物流センター,4,bonded_area_or_warehouse,42,13,大田区東海4-4-12,2,0,0.0,,139.768029,35.589669,high,True,Candidate logistics/depot proxy from MLIT P31; not observed operator depot or delivery-route data.
P31_13_0402,(株)ユニエツクス　大井冷蔵倉庫,4,bonded_area_or_warehouse,42,13,大田区東海5-3-3,2,0,0.0,,139.774221,35.592469,high,True,Candidate logistics/depot proxy from MLIT P31; not observed operator depot or delivery-route data.
P31_13_0403,横浜共立倉庫(株)　城南島センター,4,bonded_area_or_warehouse,42,13,大田区城南島2-6-1,2,0,0.0,,139.774525,35.580621,high,True,Candidate logistics/depot proxy from MLIT P31; not observed operator depot or delivery-route data.
P31_13_0404,横浜冷凍(株)　東京第二物流センター,4,bonded_area_or_warehouse,42,13,品川区八潮2-2-6,2,0,0.0,,139.758378,35.609567,high,True,Candidate logistics/depot proxy from MLIT P31; not observed operator depot or delivery-route data.
P31_13_0405,横浜冷凍(株)　東京物流センター,4,bonded_area_or_warehouse,42,13,大田区東海6-1-1,2,0,0.0,,139.768748,35.585415,high,True,Candidate logistics/depot proxy from MLIT P31; not observed operator depot or delivery-route data.
P31_13_0406,ロジテムインターナショナル(株)　平和島,4,bonded_area_or_warehouse,42,13,大田区平和島5-5-21,2,0,0.0,,139.746815,35.576893,high,True,Candidate logistics/depot proxy from MLIT P31; not observed operator depot or delivery-route data.
P31_13_0407,(株)ロジ・レックス　平和島,4,bonded_area_or_warehouse,42,13,大田区平和島5-3-1,2,0,0.0,,139.743535,35.57898,high,True,Candidate logistics/depot proxy from MLIT P31; not observed operator depot or delivery-route data.
P31_13_0408,(株)東京現像所,4,bonded_area_or_warehouse,42,13,調布市富士見町2-13,2,0,0.0,,139.542696,35.658456,high,True,Candidate logistics/depot proxy from MLIT P31; not observed operator depot or delivery-route data.
P31_13_0409,(株)ドルフィンインターナショナル,4,bonded_area_or_warehouse,42,13,八王子市片倉町2236,2,0,0.0,,139.338975,35.634728,high,True,Candidate logistics/depot proxy from MLIT P31; not observed operator depot or delivery-route data.
P31_13_0410,日水物流(株)　八王子物流センター,4,bonded_area_or_warehouse,42,13,八王子市北野町559-6,2,0,0.0,,139.355816,35.64782,high,True,Candidate logistics/depot proxy from MLIT P31; not observed operator depot or delivery-route data.
P31_13_0411,日通商事(株)　狭山LSセンター立川サブセンター,4,bonded_area_or_warehouse,42,13,立川市高松町1-100,2,0,0.0,,139.415347,35.708133,high,True,Candidate logistics/depot proxy from MLIT P31; not observed operator depot or delivery-route data.
P31_13_0412,日本通運(株)　八王子,4,bonded_area_or_warehouse,42,13,八王子市石川町2969-18,2,0,0.0,,139.369179,35.674668,high,True,Candidate logistics/depot proxy from MLIT P31; not observed operator depot or delivery-route data.
P31_13_0413,日立物流バンテックフォワーディング(株)　多摩ロジスティクスセンター,4,bonded_area_or_warehouse,42,13,国立市泉2-10-16,2,0,0.0,,139.429716,35.673472,high,True,Candidate logistics/depot proxy from MLIT P31; not observed operator depot or delivery-route data.
P31_13_0414,(株)ヒューテックノオリン　東京支店,4,bonded_area_or_warehouse,42,13,八王子市石川町2969-18,2,0,0.0,,139.369179,35.674668,high,True,Candidate logistics/depot proxy from MLIT P31; not observed operator depot or delivery-route data.
P31_13_0415,(株)ヒューテックノオリン　東京第二支店,4,bonded_area_or_warehouse,42,13,立川市泉町935-1,2,0,0.0,,139.412717,35.716518,high,True,Candidate logistics/depot proxy from MLIT P31; not observed operator depot or delivery-route data.
P31_13_0416,細谷火工(株),4,bonded_area_or_warehouse,42,13,あきる野市菅生1847,2,0,0.0,,139.275004,35.757331,high,True,Candidate logistics/depot proxy from MLIT P31; not observed operator depot or delivery-route data.
P31_13_0417,(株)マブチ　多摩工場,4,bonded_area_or_warehouse,42,13,西多摩郡瑞穂町長岡3-3-11,2,0,0.0,,139.326215,35.775207,high,True,Candidate logistics/depot proxy from MLIT P31; not observed operator depot or delivery-route data.
P31_13_0418,(株)ロジスティクス・ネットワーク　東村山物流センター,4,bonded_area_or_warehouse,42,13,東村山市久米川町1-52-10,2,0,0.0,,139.478407,35.771767,high,True,Candidate logistics/depot proxy from MLIT P31; not observed operator depot or delivery-route data.
P31_13_0419,東京主管支店,5,truck_terminal_or_parcel_operator_terminal,52,13,江東区有明1-6-26,2,0,0.0,,139.781956,35.63424,high,True,Candidate logistics/depot proxy from MLIT P31; not observed operator depot or delivery-route data.
P31_13_0420,南東京主管支店,5,truck_terminal_or_parcel_operator_terminal,52,13,品川区八潮3-3-8,2,0,0.0,,139.759685,35.585989,high,True,Candidate logistics/depot proxy from MLIT P31; not observed operator depot or delivery-route data.
P31_13_0421,西東京主管支店,5,truck_terminal_or_parcel_operator_terminal,52,13,昭島市拝島町4-10-5,2,0,0.0,,139.345398,35.700998,high,True,Candidate logistics/depot proxy from MLIT P31; not observed operator depot or delivery-route data.
P31_13_0422,新東京主管支店,5,truck_terminal_or_parcel_operator_terminal,52,13,品川区八潮3-2-35,2,0,0.0,,139.761146,35.593761,high,True,Candidate logistics/depot proxy from MLIT P31; not observed operator depot or delivery-route data.
P31_13_0423,東東京主管支店,5,truck_terminal_or_parcel_operator_terminal,52,13,江東区枝川3-7-19,2,0,0.0,,139.809477,35.658232,high,True,Candidate logistics/depot proxy from MLIT P31; not observed operator depot or delivery-route data.
P31_13_0424,京浜トラックターミナル,5,truck_terminal_or_parcel_operator_terminal,51,13,大田区平和島2-1-1,2,0,242068.0,,139.745306,35.586971,high,True,Candidate logistics/depot proxy from MLIT P31; not observed operator depot or delivery-route data.
P31_13_0425,板橋トラックターミナル,5,truck_terminal_or_parcel_operator_terminal,51,13,板橋区高島平6-1-1,2,0,115828.0,,139.646484,35.793672,high,True,Candidate logistics/depot proxy from MLIT P31; not observed operator depot or delivery-route data.
P31_13_0426,足立トラックターミナル,5,truck_terminal_or_parcel_operator_terminal,51,13,足立区入谷6-1-1,2,0,113328.0,,139.766915,35.799352,high,True,Candidate logistics/depot proxy from MLIT P31; not observed operator depot or delivery-route data.
P31_13_0427,葛西トラックターミナル,5,truck_terminal_or_parcel_operator_terminal,51,13,江戸川区臨海町4-3-1,2,0,184976.0,,139.865029,35.645609,high,True,Candidate logistics/depot proxy from MLIT P31; not observed operator depot or delivery-route data.
P31_13_0428,東京店,5,truck_terminal_or_parcel_operator_terminal,52,13,江東区東雲2-13-32,2,0,0.0,,139.802667,35.637067,high,True,Candidate logistics/depot proxy from MLIT P31; not observed operator depot or delivery-route data.
P31_13_0429,城南店・目黒店,5,truck_terminal_or_parcel_operator_terminal,52,13,品川区八潮3-2-38,2,0,0.0,,139.761457,35.593809,high,True,Candidate logistics/depot proxy from MLIT P31; not observed operator depot or delivery-route data.
P31_13_0430,江東店,5,truck_terminal_or_parcel_operator_terminal,52,13,江東区新木場2-15-25,2,0,0.0,,139.822354,35.637994,high,True,Candidate logistics/depot proxy from MLIT P31; not observed operator depot or delivery-route data.
P31_13_0431,台東店,5,truck_terminal_or_parcel_operator_terminal,52,13,江東区新砂3-5-15,2,0,0.0,,139.837824,35.663269,high,True,Candidate logistics/depot proxy from MLIT P31; not observed operator depot or delivery-route data.
P31_13_0432,渋谷店,5,truck_terminal_or_parcel_operator_terminal,52,13,品川区勝島1-1-1,2,0,0.0,,139.744163,35.601458,high,True,Candidate logistics/depot proxy from MLIT P31; not observed operator depot or delivery-route data.
P31_13_0433,品川店,5,truck_terminal_or_parcel_operator_terminal,52,13,大田区東糀谷6-5-2,2,0,0.0,,139.747645,35.559439,high,True,Candidate logistics/depot proxy from MLIT P31; not observed operator depot or delivery-route data.
P31_13_0434,城西店・関東航空店,5,truck_terminal_or_parcel_operator_terminal,52,13,江東区新砂1-12-14,2,0,0.0,,139.822343,35.660578,high,True,Candidate logistics/depot proxy from MLIT P31; not observed operator depot or delivery-route data.
P31_13_0435,城北店(豊島区)・城北店(板橋区),5,truck_terminal_or_parcel_operator_terminal,52,13,板橋区新河岸1-11-11,2,0,0.0,,139.669736,35.794973,high,True,Candidate logistics/depot proxy from MLIT P31; not observed operator depot or delivery-route data.
P31_13_0436,赤羽店,5,truck_terminal_or_parcel_operator_terminal,52,13,板橋区舟渡4-12-28,2,0,0.0,,139.678894,35.794346,high,True,Candidate logistics/depot proxy from MLIT P31; not observed operator depot or delivery-route data.
P31_13_0437,羽田店,5,truck_terminal_or_parcel_operator_terminal,52,13,大田区昭和島1-6-7,2,0,0.0,,139.747999,35.573108,high,True,Candidate logistics/depot proxy from MLIT P31; not observed operator depot or delivery-route data.
P31_13_0438,荒川店,5,truck_terminal_or_parcel_operator_terminal,52,13,墨田区東墨田3-4-45,2,0,0.0,,139.835307,35.718887,high,True,Candidate logistics/depot proxy from MLIT P31; not observed operator depot or delivery-route data.
P31_13_0439,中野店,5,truck_terminal_or_parcel_operator_terminal,52,13,練馬区石神井町2-36-19,2,0,0.0,,139.606051,35.75001,high,True,Candidate logistics/depot proxy from MLIT P31; not observed operator depot or delivery-route data.
P31_13_0440,杉並店,5,truck_terminal_or_parcel_operator_terminal,52,13,杉並区上高井戸2-2-40,2,0,0.0,,139.613799,35.676843,high,True,Candidate logistics/depot proxy from MLIT P31; not observed operator depot or delivery-route data.
P31_13_0441,世田谷用賀店,5,truck_terminal_or_parcel_operator_terminal,52,13,世田谷区用賀1-15-23,2,0,0.0,,139.637882,35.623623,high,True,Candidate logistics/depot proxy from MLIT P31; not observed operator depot or delivery-route data.
P31_13_0442,墨田店,5,truck_terminal_or_parcel_operator_terminal,52,13,江東区新木場1-17-4,2,0,0.0,,139.829382,35.644179,high,True,Candidate logistics/depot proxy from MLIT P31; not observed operator depot or delivery-route data.
P31_13_0443,千代田店,5,truck_terminal_or_parcel_operator_terminal,52,13,江東区新砂2-2-11,2,0,0.0,,139.827169,35.667072,high,True,Candidate logistics/depot proxy from MLIT P31; not observed operator depot or delivery-route data.
P31_13_0444,文京店,5,truck_terminal_or_parcel_operator_terminal,52,13,江東区新砂2-1-19,2,0,0.0,,139.826127,35.66872,high,True,Candidate logistics/depot proxy from MLIT P31; not observed operator depot or delivery-route data.
P31_13_0445,三多摩店,5,truck_terminal_or_parcel_operator_terminal,52,13,昭島市拝島町4-8-1,2,0,0.0,,139.346177,35.701822,high,True,Candidate logistics/depot proxy from MLIT P31; not observed operator depot or delivery-route data.
P31_13_0446,武蔵村山店,5,truck_terminal_or_parcel_operator_terminal,52,13,武蔵村山市伊奈平2-62-1,2,0,0.0,,139.376108,35.742038,high,True,Candidate logistics/depot proxy from MLIT P31; not observed operator depot or delivery-route data.
P31_13_0447,三鷹店,5,truck_terminal_or_parcel_operator_terminal,52,13,三鷹市野崎1-14-5,2,0,0.0,,139.551884,35.681204,high,True,Candidate logistics/depot proxy from MLIT P31; not observed operator depot or delivery-route data.
P31_13_0448,武蔵野店,5,truck_terminal_or_parcel_operator_terminal,52,13,三鷹市北野3-2-3,2,0,0.0,,139.583515,35.678607,high,True,Candidate logistics/depot proxy from MLIT P31; not observed operator depot or delivery-route data.
P31_13_0449,八王子店,5,truck_terminal_or_parcel_operator_terminal,52,13,八王子市兵衛2-21-1,2,0,0.0,,139.333039,35.624315,high,True,Candidate logistics/depot proxy from MLIT P31; not observed operator depot or delivery-route data.
P31_13_0450,福生店,5,truck_terminal_or_parcel_operator_terminal,52,13,福生市福生2217-1,2,0,0.0,,139.337277,35.742565,high,True,Candidate logistics/depot proxy from MLIT P31; not observed operator depot or delivery-route data.
P31_13_0451,府中店,5,truck_terminal_or_parcel_operator_terminal,52,13,国立市谷保3158-3,2,0,0.0,,139.428394,35.675214,high,True,Candidate logistics/depot proxy from MLIT P31; not observed operator depot or delivery-route data.
P31_13_0452,稲城店,5,truck_terminal_or_parcel_operator_terminal,52,13,稲城市百村2130-1,2,0,0.0,,139.492274,35.637747,high,True,Candidate logistics/depot proxy from MLIT P31; not observed operator depot or delivery-route data.
P31_13_0453,京浜ターミナル,5,truck_terminal_or_parcel_operator_terminal,52,13,大田区平和島2-1-1京浜トラックターミナル15号棟,2,0,0.0,,139.74315,35.587303,high,True,Candidate logistics/depot proxy from MLIT P31; not observed operator depot or delivery-route data.
P31_13_0454,足立ターミナル,5,truck_terminal_or_parcel_operator_terminal,52,13,足立区入谷6-1-1足立トラックターミナル7・8号棟,2,0,0.0,,139.766861,35.797716,high,True,Candidate logistics/depot proxy from MLIT P31; not observed operator depot or delivery-route data.
P31_13_0455,多摩ターミナル,5,truck_terminal_or_parcel_operator_terminal,52,13,八王子市滝山町1-214,2,0,0.0,,139.345234,35.692613,high,True,Candidate logistics/depot proxy from MLIT P31; not observed operator depot or delivery-route data.
P31_13_0456,東京ターミナル,5,truck_terminal_or_parcel_operator_terminal,52,13,江東区新砂2-4-17,2,0,0.0,,139.825807,35.659352,high,True,Candidate logistics/depot proxy from MLIT P31; not observed operator depot or delivery-route data.
P31_13_0457,東京空港貨物支店,5,truck_terminal_or_parcel_operator_terminal,52,13,大田区羽田空港3-2-7空港貨物上屋E-6棟,2,0,0.0,,139.781316,35.558283,high,True,Candidate logistics/depot proxy from MLIT P31; not observed operator depot or delivery-route data.
P31_13_0458,東京支店,5,truck_terminal_or_parcel_operator_terminal,52,13,江東区越中島3-6-15,2,0,0.0,,139.798225,35.664969,high,True,Candidate logistics/depot proxy from MLIT P31; not observed operator depot or delivery-route data.
P31_13_0459,東京北支店,5,truck_terminal_or_parcel_operator_terminal,52,13,北区浮間4-23-1,2,0,0.0,,139.691684,35.786512,high,True,Candidate logistics/depot proxy from MLIT P31; not observed operator depot or delivery-route data.
P31_13_0460,羽田営業所,5,truck_terminal_or_parcel_operator_terminal,52,13,大田区本羽田1-18-3,2,0,0.0,,139.72637,35.547194,high,True,Candidate logistics/depot proxy from MLIT P31; not observed operator depot or delivery-route data.
P31_13_0461,品川支店,5,truck_terminal_or_parcel_operator_terminal,52,13,品川区八潮3-3-9,2,0,0.0,,139.760686,35.585957,high,True,Candidate logistics/depot proxy from MLIT P31; not observed operator depot or delivery-route data.
P31_13_0462,深川支店、;東京千代田店,5,truck_terminal_or_parcel_operator_terminal,52,13,江東区新砂1-13-6,2,0,0.0,,139.821574,35.656081,high,True,Candidate logistics/depot proxy from MLIT P31; not observed operator depot or delivery-route data.
P31_13_0463,八王子支店,5,truck_terminal_or_parcel_operator_terminal,52,13,八王子市石川町2970-5,2,0,0.0,,139.37206,35.673582,high,True,Candidate logistics/depot proxy from MLIT P31; not observed operator depot or delivery-route data.
P31_13_0464,東久留米営業所,5,truck_terminal_or_parcel_operator_terminal,52,13,東久留米市前沢5-31-4,2,0,0.0,,139.508686,35.739666,high,True,Candidate logistics/depot proxy from MLIT P31; not observed operator depot or delivery-route data.
P31_13_0465,川口支店、東京中野店、東京新宿店,5,truck_terminal_or_parcel_operator_terminal,52,13,板橋区高島平6-1-1板橋トラックターミナル5号棟,2,0,0.0,,139.64514,35.793091,high,True,Candidate logistics/depot proxy from MLIT P31; not observed operator depot or delivery-route data.
P31_13_0466,東京江東店,5,truck_terminal_or_parcel_operator_terminal,52,13,江戸川区臨海町4-3-1トラックターミナル5棟,2,0,0.0,,139.864996,35.645561,high,True,Candidate logistics/depot proxy from MLIT P31; not observed operator depot or delivery-route data.
P31_13_0467,東京文京店,5,truck_terminal_or_parcel_operator_terminal,52,13,江東区辰巳3-12-20,2,0,0.0,,139.817677,35.643173,high,True,Candidate logistics/depot proxy from MLIT P31; not observed operator depot or delivery-route data.
P31_13_0468,東京港店,5,truck_terminal_or_parcel_operator_terminal,52,13,大田区平和島2-1京浜トラックターミナル9号棟,2,0,0.0,,139.745859,35.586325,high,True,Candidate logistics/depot proxy from MLIT P31; not observed operator depot or delivery-route data.
P31_13_0469,東京台東店,5,truck_terminal_or_parcel_operator_terminal,52,13,足立区入谷6-1-1,2,0,0.0,,139.766547,35.800094,high,True,Candidate logistics/depot proxy from MLIT P31; not observed operator depot or delivery-route data.
P31_13_0470,東京支店,5,truck_terminal_or_parcel_operator_terminal,52,13,江東区潮見2-8-13,2,0,0.0,,139.819238,35.660363,high,True,Candidate logistics/depot proxy from MLIT P31; not observed operator depot or delivery-route data.
P31_13_0471,深川支店,5,truck_terminal_or_parcel_operator_terminal,52,13,江東区新砂1-3-7,2,0,0.0,,139.821413,35.666107,high,True,Candidate logistics/depot proxy from MLIT P31; not observed operator depot or delivery-route data.
P31_13_0472,錦糸町支店,5,truck_terminal_or_parcel_operator_terminal,52,13,江東区毛利1-4-1,2,0,0.0,,139.811803,35.691614,high,True,Candidate logistics/depot proxy from MLIT P31; not observed operator depot or delivery-route data.
P31_13_0473,浅草支店,5,truck_terminal_or_parcel_operator_terminal,52,13,台東区今戸2-26-10,2,0,0.0,,139.807379,35.72157,high,True,Candidate logistics/depot proxy from MLIT P31; not observed operator depot or delivery-route data.
P31_13_0474,板橋支店,5,truck_terminal_or_parcel_operator_terminal,52,13,板橋区富士見町4-8,2,0,0.0,,139.701599,35.762108,high,True,Candidate logistics/depot proxy from MLIT P31; not observed operator depot or delivery-route data.
P31_13_0475,足立東支店,5,truck_terminal_or_parcel_operator_terminal,52,13,足立区入谷6-1-1（足立トラックターミナル内）,2,0,0.0,,139.766902,35.800788,high,True,Candidate logistics/depot proxy from MLIT P31; not observed operator depot or delivery-route data.
P31_13_0476,足立支店,5,truck_terminal_or_parcel_operator_terminal,52,13,足立区入谷7-19-27,2,0,0.0,,139.760567,35.799174,high,True,Candidate logistics/depot proxy from MLIT P31; not observed operator depot or delivery-route data.
P31_13_0477,世田谷支店,5,truck_terminal_or_parcel_operator_terminal,52,13,世田谷区八幡山2-6-1,2,0,0.0,,139.617865,35.66004,high,True,Candidate logistics/depot proxy from MLIT P31; not observed operator depot or delivery-route data.
P31_13_0478,京浜ターミナル支店,5,truck_terminal_or_parcel_operator_terminal,52,13,大田区平和島2-1-1（京浜トラックターミナル内）,2,0,0.0,,139.743976,35.585805,high,True,Candidate logistics/depot proxy from MLIT P31; not observed operator depot or delivery-route data.
P31_13_0479,大森支店,5,truck_terminal_or_parcel_operator_terminal,52,13,大田区平和島5-5-31,2,0,0.0,,139.746402,35.576794,high,True,Candidate logistics/depot proxy from MLIT P31; not observed operator depot or delivery-route data.
P31_13_0480,八王子支店,5,truck_terminal_or_parcel_operator_terminal,52,13,八王子市石川町2968-9,2,0,0.0,,139.366829,35.671219,high,True,Candidate logistics/depot proxy from MLIT P31; not observed operator depot or delivery-route data.
P31_13_0481,大井営業所,5,truck_terminal_or_parcel_operator_terminal,52,13,大田区東海4-9-13,2,0,0.0,,139.763941,35.586412,high,True,Candidate logistics/depot proxy from MLIT P31; not observed operator depot or delivery-route data.
P31_13_0482,世田谷営業所,5,truck_terminal_or_parcel_operator_terminal,52,13,世田谷区玉川台2-38-15,2,0,0.0,,139.627851,35.626611,high,True,Candidate logistics/depot proxy from MLIT P31; not observed operator depot or delivery-route data.
P31_13_0483,江東航空営業所,5,truck_terminal_or_parcel_operator_terminal,52,13,江東区森下4-19-19,2,0,0.0,,139.80428,35.68683,high,True,Candidate logistics/depot proxy from MLIT P31; not observed operator depot or delivery-route data.
P31_13_0484,池袋航空営業所,5,truck_terminal_or_parcel_operator_terminal,52,13,板橋区板橋2-10-7,2,0,0.0,,139.711432,35.74727,high,True,Candidate logistics/depot proxy from MLIT P31; not observed operator depot or delivery-route data.
P31_13_0485,芝浦営業所,5,truck_terminal_or_parcel_operator_terminal,52,13,港区海岸33-12-4,2,0,0.0,,139.755691,35.640226,high,True,Candidate logistics/depot proxy from MLIT P31; not observed operator depot or delivery-route data.
P31_13_0486,渋谷営業所,5,truck_terminal_or_parcel_operator_terminal,52,13,目黒区青葉台3-5-46,2,0,0.0,,139.691788,35.653114,high,True,Candidate logistics/depot proxy from MLIT P31; not observed operator depot or delivery-route data.
P31_13_0487,府中支店,5,truck_terminal_or_parcel_operator_terminal,52,13,府中市是政4-23,2,0,0.0,,139.492692,35.656869,high,True,Candidate logistics/depot proxy from MLIT P31; not observed operator depot or delivery-route data.
P31_13_0488,八王子北支店,5,truck_terminal_or_parcel_operator_terminal,52,13,八王子市滝山町1-208-3,2,0,0.0,,139.3438,35.693012,high,True,Candidate logistics/depot proxy from MLIT P31; not observed operator depot or delivery-route data.
P31_13_0489,三鷹営業所,5,truck_terminal_or_parcel_operator_terminal,52,13,三鷹市下連雀2-25-13,2,0,0.0,,139.565858,35.696638,high,True,Candidate logistics/depot proxy from MLIT P31; not observed operator depot or delivery-route data.
P31_13_0490,東京都中央卸売市場築地市場,7,wholesale_market,71,13,中央区築地5-2-1,1,0,230836.0,,139.77005,35.661673,medium,True,Candidate logistics/depot proxy from MLIT P31; not observed operator depot or delivery-route data.
P31_13_0491,東京都中央卸売市場食肉市場,7,wholesale_market,71,13,港区港南二丁目7番19号,1,0,64108.0,,139.743638,35.626679,medium,True,Candidate logistics/depot proxy from MLIT P31; not observed operator depot or delivery-route data.
P31_13_0492,東京都中央卸売市場大田市場,7,wholesale_market,71,13,大田区東海三丁目2番1号,1,0,386426.0,,139.760452,35.580841,medium,True,Candidate logistics/depot proxy from MLIT P31; not observed operator depot or delivery-route data.
P31_13_0493,東京都中央卸売市場豊島市場,7,wholesale_market,71,13,豊島区巣鴨五丁目1番5号,1,0,23334.0,,139.73529,35.737722,medium,True,Candidate logistics/depot proxy from MLIT P31; not observed operator depot or delivery-route data.
P31_13_0494,東京都中央卸売市場淀橋市場,7,wholesale_market,71,13,新宿区北新宿四丁目2番1号,1,0,23583.0,,139.693585,35.705582,medium,True,Candidate logistics/depot proxy from MLIT P31; not observed operator depot or delivery-route data.
P31_13_0495,東京都中央卸売市場足立市場,7,wholesale_market,71,13,足立区千住橋戸町50番地,1,0,42675.0,,139.799932,35.740463,medium,True,Candidate logistics/depot proxy from MLIT P31; not observed operator depot or delivery-route data.
P31_13_0496,東京都中央卸売市場板橋市場,7,wholesale_market,71,13,板橋区高島平六丁目1番5号,1,0,61232.0,,139.651682,35.79321,medium,True,Candidate logistics/depot proxy from MLIT P31; not observed operator depot or delivery-route data.
P31_13_0497,東京都中央卸売市場世田谷市場,7,wholesale_market,71,13,世田谷区大蔵一丁目4番1号,1,0,41482.0,,139.621083,35.6332,medium,True,Candidate logistics/depot proxy from MLIT P31; not observed operator depot or delivery-route data.
P31_13_0498,東京都中央卸売市場北足立市場,7,wholesale_market,71,13,足立区入谷六丁目3番1号,1,0,61076.0,,139.764418,35.798054,medium,True,Candidate logistics/depot proxy from MLIT P31; not observed operator depot or delivery-route data.
P31_13_0499,東京都中央卸売市場多摩ニュータウン市場,7,wholesale_market,71,13,多摩市永山七丁目4番地,1,0,57153.0,,139.445078,35.610477,medium,True,Candidate logistics/depot proxy from MLIT P31; not observed operator depot or delivery-route data.
P31_13_0500,東京都中央卸売市場葛西市場,7,wholesale_market,71,13,江戸川区臨海町三丁目4番1号,1,0,74515.0,,139.863504,35.649162,medium,True,Candidate logistics/depot proxy from MLIT P31; not observed operator depot or delivery-route data.
